{
"type": "FeatureCollection",
"name": "Region_Región de Arica y Parinacota",
"crs": { "type": "name", "properties": { "name": "urn:ogc:def:crs:EPSG::3857" } },
"xy_coordinate_resolution": 1e-15,
"features": [
{ "type": "Feature", "properties": { "objectid": 178, "st_area_sh": 14439.656335, "st_length_": 467.99671740100001, "Nombre": "Laguna Vilacolllo", "Tipo": "Laguna", "objectid_2": 165, "shape_leng": 400296.66085400002, "dis_elec": 1, "cir_sena": 1, "cod_comuna": 15201, "codregion": 15, "st_area_sh_2": 6578680604.9099989, "st_length__2": 435298.60089200002, "Region": "Región de Arica y Parinacota", "Comuna": "Putre", "Provincia": "Parinacota" }, "geometry": { "type": "MultiPolygon", "coordinates": [ [ [ [ -7697777.732999999076128, -2042903.936999998986721 ], [ -7697863.147199999541044, -2042888.125900000333786 ], [ -7697839.098099999129772, -2042820.816300000995398 ], [ -7697771.469399999827147, -2042759.098200000822544 ], [ -7697700.050599999725819, -2042806.908599998801947 ], [ -7697732.487199999392033, -2042882.14809999987483 ], [ -7697777.732999999076128, -2042903.936999998986721 ] ] ] ] } },
{ "type": "Feature", "properties": { "objectid": 179, "st_area_sh": 15565.978750300001, "st_length_": 489.29586542300001, "Nombre": null, "Tipo": "Laguna", "objectid_2": 165, "shape_leng": 400296.66085400002, "dis_elec": 1, "cir_sena": 1, "cod_comuna": 15201, "codregion": 15, "st_area_sh_2": 6578680604.9099989, "st_length__2": 435298.60089200002, "Region": "Región de Arica y Parinacota", "Comuna": "Putre", "Provincia": "Parinacota" }, "geometry": { "type": "MultiPolygon", "coordinates": [ [ [ [ -7704457.608999999240041, -2044301.823100000619888 ], [ -7704509.683399999514222, -2044249.245799999684095 ], [ -7704535.199300000444055, -2044169.183600001037121 ], [ -7704464.290699999779463, -2044135.267499998211861 ], [ -7704397.989800000563264, -2044135.343299999833107 ], [ -7704389.800300000235438, -2044189.589800000190735 ], [ -7704410.887700000777841, -2044233.749200001358986 ], [ -7704457.608999999240041, -2044301.823100000619888 ] ] ] ] } },
{ "type": "Feature", "properties": { "objectid": 180, "st_area_sh": 70708.679137700005, "st_length_": 1030.9791682, "Nombre": null, "Tipo": "Laguna", "objectid_2": 165, "shape_leng": 400296.66085400002, "dis_elec": 1, "cir_sena": 1, "cod_comuna": 15201, "codregion": 15, "st_area_sh_2": 6578680604.9099989, "st_length__2": 435298.60089200002, "Region": "Región de Arica y Parinacota", "Comuna": "Putre", "Provincia": "Parinacota" }, "geometry": { "type": "MultiPolygon", "coordinates": [ [ [ [ -7688644.468599999323487, -2045173.86769999936223 ], [ -7688683.2467, -2045141.044799998402596 ], [ -7688720.445599999278784, -2045105.179699998348951 ], [ -7688725.876967979595065, -2045099.287453671684489 ], [ -7688730.761661430820823, -2045092.934651549905539 ], [ -7688735.060814408585429, -2045086.171840848168358 ], [ -7688738.740219926461577, -2045079.052831089822575 ], [ -7688741.770602132193744, -2045071.634265959030017 ], [ -7688744.127849242649972, -2045063.97517260722816 ], [ -7688745.793205396272242, -2045056.136491991579533 ], [ -7688746.753419887274504, -2045048.180593988159671 ], [ -7688747.000852594152093, -2045040.170781133463606 ], [ -7688746.533534775488079, -2045032.170784947928041 ], [ -7688745.355184729211032, -2045024.244258843827993 ], [ -7688743.475178210064769, -2045016.454271655296907 ], [ -7688740.908473828807473, -2045008.862805819837376 ], [ -7688737.675494031049311, -2045001.530264204367995 ], [ -7688733.801962604746222, -2044994.514989498304203 ], [ -7688729.31870000064373, -2044987.8728 ], [ -7688722.202694870531559, -2044976.113489677896723 ], [ -7688714.495694589801133, -2044964.732757937861606 ], [ -7688706.217794792726636, -2044953.760279493173584 ], [ -7688697.390579706989229, -2044943.224664556328207 ], [ -7688688.037065873853862, -2044933.153384238714352 ], [ -7688678.181642132811248, -2044923.572698921896517 ], [ -7688667.850006028078496, -2044914.507589784450829 ], [ -7688657.069096808321774, -2044905.981693664100021 ], [ -7688645.867025176994503, -2044898.017241427209228 ], [ -7688634.273, -2044890.635000001639128 ], [ -7688630.809143201448023, -2044887.497807709267363 ], [ -7688626.889207806438208, -2044884.953326249262318 ], [ -7688622.613580536097288, -2044883.06671795877628 ], [ -7688618.091757122427225, -2044881.88629751605913 ], [ -7688613.439538205973804, -2044881.442294638371095 ], [ -7688608.776063760742545, -2044881.746079919394106 ], [ -7688604.220762006007135, -2044882.789873637026176 ], [ -7688599.890290938317776, -2044884.546944986330345 ], [ -7688595.895550799556077, -2044886.972296636085957 ], [ -7688592.338844006881118, -2044890.003817078191787 ], [ -7688589.311255258508027, -2044893.563871259102598 ], [ -7688586.89031891990453, -2044897.56128875608556 ], [ -7688585.138033426366746, -2044901.893698588013649 ], [ -7688584.099273547530174, -2044906.450150860706344 ], [ -7688583.800641174428165, -2044911.113958114990965 ], [ -7688584.24978406727314, -2044915.765683608129621 ], [ -7688585.435200000181794, -2044920.286200001835823 ], [ -7688563.809556262567639, -2044934.4675505051855 ], [ -7688541.760455111972988, -2044947.981110642896965 ], [ -7688519.308510862290859, -2044960.814246213529259 ], [ -7688496.474714458920062, -2044972.954959163442254 ], [ -7688473.280413848347962, -2044984.391898804111406 ], [ -7688449.747294024564326, -2044995.114372424082831 ], [ -7688425.897356753237545, -2045005.112355286022648 ], [ -7688401.752900000661612, -2045014.376499999314547 ], [ -7688397.201557719148695, -2045015.429415200836957 ], [ -7688392.87081927806139, -2045017.1810006366577 ], [ -7688388.867211281321943, -2045019.588171172654256 ], [ -7688385.289213644340634, -2045022.591715728398412 ], [ -7688382.224837210960686, -2045026.117753739701584 ], [ -7688379.749458873644471, -2045030.079552456736565 ], [ -7688377.923967475071549, -2045034.379660378443077 ], [ -7688376.793266072869301, -2045038.912304344587028 ], [ -7688376.385167425498366, -2045043.565991321345791 ], [ -7688376.709709857590497, -2045048.226250884355977 ], [ -7688377.758910342119634, -2045052.77845093794167 ], [ -7688379.506960863247514, -2045057.110617411788553 ], [ -7688381.910863239318132, -2045061.116188575979322 ], [ -7688384.911486778408289, -2045064.696636224165559 ], [ -7688388.435022766701877, -2045067.763889249414206 ], [ -7688392.394799999892712, -2045070.242499999701977 ], [ -7688435.841299999505281, -2045131.081199999898672 ], [ -7688482.3629, -2045148.923900000751019 ], [ -7688525.041600000113249, -2045175.499200001358986 ], [ -7688529.8769068159163, -2045179.156728428555652 ], [ -7688534.968133474700153, -2045182.448706148425117 ], [ -7688540.287699999287724, -2045185.357299998402596 ], [ -7688547.024088748730719, -2045188.354875492164865 ], [ -7688554.009838303551078, -2045190.713624181924388 ], [ -7688561.184518267400563, -2045192.413141654338688 ], [ -7688568.486063896678388, -2045193.438726192805916 ], [ -7688575.851312993094325, -2045193.781505952589214 ], [ -7688583.216552291065454, -2045193.438515709480271 ], [ -7688590.518068607896566, -2045192.412722508888692 ], [ -7688597.692700000479817, -2045190.712999999523163 ], [ -7688602.747189993970096, -2045189.079669237136841 ], [ -7688607.682499999180436, -2045187.11540000140667 ], [ -7688644.468599999323487, -2045173.86769999936223 ] ] ] ] } },
{ "type": "Feature", "properties": { "objectid": 181, "st_area_sh": 1014017.94432, "st_length_": 5184.2909056099998, "Nombre": "Laguna Casiri-Hembra", "Tipo": "Laguna", "objectid_2": 165, "shape_leng": 400296.66085400002, "dis_elec": 1, "cir_sena": 1, "cod_comuna": 15201, "codregion": 15, "st_area_sh_2": 6578680604.9099989, "st_length__2": 435298.60089200002, "Region": "Región de Arica y Parinacota", "Comuna": "Putre", "Provincia": "Parinacota" }, "geometry": { "type": "MultiPolygon", "coordinates": [ [ [ [ -7692833.994899999350309, -2045214.453699998557568 ], [ -7692799.0647, -2045180.871500000357628 ], [ -7692758.747500000521541, -2045154.436200000345707 ], [ -7692713.732799999415874, -2045134.088799998164177 ], [ -7692665.664799999445677, -2045120.093199998140335 ], [ -7692610.595799999311566, -2045107.688999999314547 ], [ -7692552.400299999862909, -2045088.9364 ], [ -7692505.080700000748038, -2045060.916999999433756 ], [ -7692467.059599999338388, -2045024.293400000780821 ], [ -7692426.70380000025034, -2044986.083700001239777 ], [ -7692380.17259999923408, -2044956.476300001144409 ], [ -7692330.524700000882149, -2044937.718499999493361 ], [ -7692277.79109999909997, -2044926.899500001221895 ], [ -7692220.391799999400973, -2044919.919599998742342 ], [ -7692163.781300000846386, -2044912.806699998676777 ], [ -7692107.92710000090301, -2044905.825599998235703 ], [ -7692051.318900000303984, -2044902.813400000333786 ], [ -7691995.471000000834465, -2044907.473499998450279 ], [ -7691938.117000000551343, -2044923.90819999948144 ], [ -7691881.49379999935627, -2044955.158900000154972 ], [ -7691831.1228, -2044998.841699998825788 ], [ -7691788.47829999960959, -2045045.695300001651049 ], [ -7691775.06110000051558, -2045062.025800000876188 ], [ -7691766.522871077060699, -2045084.471059182658792 ], [ -7691757.388411037623882, -2045106.680351217277348 ], [ -7691747.664232616312802, -2045128.637841213261709 ], [ -7691737.357269005849957, -2045150.327873809495941 ], [ -7691726.474868916906416, -2045171.734984338516369 ], [ -7691715.024791337549686, -2045192.843909851275384 ], [ -7691703.0152000002563, -2045213.639600001275539 ], [ -7691695.365158943459392, -2045214.040642238920555 ], [ -7691687.768979183398187, -2045215.031609484460205 ], [ -7691680.272083601914346, -2045216.606576050166041 ], [ -7691672.919301394373178, -2045218.756124106701463 ], [ -7691665.754599999636412, -2045221.467399999499321 ], [ -7691657.810561917722225, -2045225.246888691559434 ], [ -7691650.213229140266776, -2045229.682292898884043 ], [ -7691643.016635454259813, -2045234.742067117709666 ], [ -7691636.271964510902762, -2045240.390225196024403 ], [ -7691630.027185791172087, -2045246.586596276378259 ], [ -7691624.326713442802429, -2045253.287110496778041 ], [ -7691619.211090392433107, -2045260.444112426834181 ], [ -7691614.716700000688434, -2045268.006700001657009 ], [ -7691612.563200000673532, -2045331.435199998319149 ], [ -7691613.061365919187665, -2045353.655707580503076 ], [ -7691614.332356031052768, -2045375.845428413012996 ], [ -7691616.374631240032613, -2045397.977491996483877 ], [ -7691619.185718464665115, -2045420.025097651174292 ], [ -7691622.762213638052344, -2045441.961546970997006 ], [ -7691627.099785827100277, -2045463.760276154149324 ], [ -7691632.193182474933565, -2045485.394888170063496 ], [ -7691638.036235766485333, -2045506.839184724725783 ], [ -7691644.621870093978941, -2045528.06719798524864 ], [ -7691651.942110626958311, -2045549.053222025977448 ], [ -7691659.988092965446413, -2045569.771843956317753 ], [ -7691668.750073880888522, -2045590.197974694427103 ], [ -7691678.217443107627332, -2045610.306879349285737 ], [ -7691688.378736197017133, -2045630.074207172030583 ], [ -7691699.221648395061493, -2045649.476021044421941 ], [ -7691710.733049549162388, -2045668.488826465560123 ], [ -7691722.899000000208616, -2045687.089600000530481 ], [ -7691758.586100000888109, -2045723.716899998486042 ], [ -7691779.685399999842048, -2045739.029399998486042 ], [ -7691789.819601606577635, -2045750.022517647361383 ], [ -7691800.497473493218422, -2045760.488353965803981 ], [ -7691811.691617579199374, -2045770.400054931174964 ], [ -7691823.373311097733676, -2045779.732188363093883 ], [ -7691835.512580289505422, -2045788.46080917911604 ], [ -7691848.078277314081788, -2045796.563520833849907 ], [ -7691861.03816016856581, -2045804.019532786216587 ], [ -7691874.358975423499942, -2045810.809713845839724 ], [ -7691888.006543536670506, -2045816.916641260730103 ], [ -7691901.9458465622738, -2045822.324645421234891 ], [ -7691916.141118000261486, -2045827.019850068259984 ], [ -7691930.555934564210474, -2045830.990207895636559 ], [ -7691945.15330964513123, -2045834.225531463976949 ], [ -7691959.895788212306798, -2045836.717519338941202 ], [ -7691974.745542914606631, -2045838.459777392679825 ], [ -7691989.664471147581935, -2045839.447835209546611 ], [ -7692004.614292812533677, -2045839.679157557431608 ], [ -7692019.556648544967175, -2045839.153150891885161 ], [ -7692034.453198136761785, -2045837.871164880460128 ], [ -7692049.265718909911811, -2045835.836488937959075 ], [ -7692063.956203796900809, -2045833.054343787720427 ], [ -7692078.486958857625723, -2045829.531868064543232 ], [ -7692092.820699999108911, -2045825.278099998831749 ], [ -7692108.760645175352693, -2045822.31360254692845 ], [ -7692124.827161823399365, -2045820.13710533012636 ], [ -7692140.981318912468851, -2045818.753882253542542 ], [ -7692157.183973048813641, -2045818.167285026516765 ], [ -7692173.395863322541118, -2045818.378735042409971 ], [ -7692189.577706445008516, -2045819.387719933176413 ], [ -7692205.690291934646666, -2045821.191794811747968 ], [ -7692221.694577131420374, -2045823.786588195478544 ], [ -7692237.551781795918941, -2045827.165812599239871 ], [ -7692253.223482084460557, -2045831.321279770927504 ], [ -7692268.671703651547432, -2045836.242920531891286 ], [ -7692283.859013664536178, -2045841.918809176189825 ], [ -7692298.748611513525248, -2045848.335192367900163 ], [ -7692313.304417975246906, -2045855.4765224668663 ], [ -7692327.491162645630538, -2045863.32549520325847 ], [ -7692341.274469397030771, -2045871.863091605948284 ], [ -7692354.620939681306481, -2045881.068624089704826 ], [ -7692367.498233453370631, -2045890.919786582700908 ], [ -7692379.875147538259625, -2045901.392708576284349 ], [ -7692391.721691238693893, -2045912.46201296732761 ], [ -7692403.009159007109702, -2045924.100877548102289 ], [ -7692413.710200000554323, -2045936.281100001186132 ], [ -7692462.80519999936223, -2045948.432300001382828 ], [ -7692467.783359243534505, -2045956.867106877733022 ], [ -7692472.063322817906737, -2045965.676757738925517 ], [ -7692475.617072284221649, -2045974.803580911830068 ], [ -7692478.421343307010829, -2045984.187828379217535 ], [ -7692480.457777949050069, -2045993.768066917313263 ], [ -7692481.713044855743647, -2046003.481580261606723 ], [ -7692482.178926521912217, -2046013.264779675519094 ], [ -7692481.852373090572655, -2046023.053620227612555 ], [ -7692480.735522318631411, -2046032.784020057413727 ], [ -7692478.835685578174889, -2046042.392279882216826 ], [ -7692476.165300000458956, -2046051.815499998629093 ], [ -7692471.633272180333734, -2046060.482132479781285 ], [ -7692466.413538660854101, -2046068.752814236329868 ], [ -7692460.540463869459927, -2046076.573094743769616 ], [ -7692454.052713541314006, -2046083.891488720662892 ], [ -7692446.993000165559351, -2046090.659815085818991 ], [ -7692439.407801785506308, -2046096.833514160476625 ], [ -7692431.34705600515008, -2046102.371941030258313 ], [ -7692422.863831222988665, -2046107.23863313253969 ], [ -7692414.013977252878249, -2046111.401550311362371 ], [ -7692404.855757634155452, -2046114.833285753615201 ], [ -7692395.449466050602496, -2046117.511246425798163 ], [ -7692385.857029380276799, -2046119.417801814386621 ], [ -7692376.14159999974072, -2046120.540399998426437 ], [ -7692302.499199999496341, -2046174.426699999719858 ], [ -7692362.245999999344349, -2046199.398200001567602 ], [ -7692390.511800000444055, -2046191.726399999111891 ], [ -7692394.655023304745555, -2046185.844264470273629 ], [ -7692399.40566031076014, -2046180.44081503758207 ], [ -7692404.708823119290173, -2046175.57848206278868 ], [ -7692410.503240060061216, -2046171.313443957362324 ], [ -7692416.721963613294065, -2046167.694978107931092 ], [ -7692423.293143904767931, -2046164.764891537372023 ], [ -7692430.140858846716583, -2046162.55703787272796 ], [ -7692437.185991326346993, -2046161.096926208585501 ], [ -7692444.347143309190869, -2046160.401426379568875 ], [ -7692451.541576293297112, -2046160.478574050124735 ], [ -7692458.686167256906629, -2046161.327477871673182 ], [ -7692465.698369041085243, -2046162.938329780939966 ], [ -7692472.49716408457607, -2046165.292518321191892 ], [ -7692479.004000485874712, -2046168.362843674374744 ], [ -7692485.143699574284256, -2046172.113831922644749 ], [ -7692490.845324507914484, -2046176.502144906669855 ], [ -7692496.04299986641854, -2046181.4770809460897 ], [ -7692500.676672760397196, -2046186.981160636758432 ], [ -7692504.692806671373546, -2046192.950790955452248 ], [ -7692508.045, -2046199.31700000166893 ], [ -7692510.010201340541244, -2046204.888521777931601 ], [ -7692512.646228854544461, -2046210.17579235532321 ], [ -7692515.912994709797204, -2046215.098404676653445 ], [ -7692519.760819013230503, -2046219.581497285747901 ], [ -7692524.131185329519212, -2046223.556892797583714 ], [ -7692528.957630576565862, -2046226.964134715031832 ], [ -7692534.166755777783692, -2046229.751406833296642 ], [ -7692539.679342282004654, -2046231.876321242423728 ], [ -7692545.41155650280416, -2046233.306562948506325 ], [ -7692551.276224827393889, -2046234.020381310023367 ], [ -7692557.184159325435758, -2046234.00692081428133 ], [ -7692563.045514087192714, -2046233.266386163653806 ], [ -7692568.771151574328542, -2046231.810039164032787 ], [ -7692574.273998189717531, -2046229.660027457168326 ], [ -7692579.470368467271328, -2046226.849047708325088 ], [ -7692584.281237731687725, -2046223.419848365243524 ], [ -7692588.633443878032267, -2046219.424579554237425 ], [ -7692592.460799999535084, -2046214.9239999987185 ], [ -7692594.617987061850727, -2046214.440888702869415 ], [ -7692596.825218180194497, -2046214.318482285132632 ], [ -7692599.022596674971282, -2046214.5601024357602 ], [ -7692601.150493228808045, -2046215.159192412625998 ], [ -7692603.151164027862251, -2046216.099494968540967 ], [ -7692604.970317728817463, -2046217.355493517359719 ], [ -7692606.558588740415871, -2046218.893104566261172 ], [ -7692607.872876835055649, -2046220.670602625235915 ], [ -7692608.877516740933061, -2046222.639752493705601 ], [ -7692609.545245976187289, -2046224.747118197847158 ], [ -7692609.857944660820067, -2046226.935513061005622 ], [ -7692609.807127225212753, -2046229.145551552064717 ], [ -7692609.394172679632902, -2046231.317260806681588 ], [ -7692608.630287193693221, -2046233.391708084614947 ], [ -7692607.5362, -2046235.312600001692772 ], [ -7692612.166404770687222, -2046238.953530678758398 ], [ -7692616.285461925901473, -2046243.164058029651642 ], [ -7692619.823834924027324, -2046247.87310134479776 ], [ -7692622.721790140494704, -2046253.001164135057479 ], [ -7692624.930405267514288, -2046258.461676165927202 ], [ -7692626.41239520534873, -2046264.1624549056869 ], [ -7692627.142741498537362, -2046270.007261720951647 ], [ -7692627.109114685095847, -2046275.897426545154303 ], [ -7692626.312082442454994, -2046281.733513592043892 ], [ -7692624.765100000426173, -2046287.416999999433756 ], [ -7692618.133658335544169, -2046289.914229715475813 ], [ -7692611.773720952682197, -2046293.038869101554155 ], [ -7692605.744483938440681, -2046296.761835099896416 ], [ -7692600.102065334096551, -2046301.048475637566298 ], [ -7692594.898982810787857, -2046305.858892154414207 ], [ -7692590.183664852753282, -2046311.148310965625569 ], [ -7692586.0, -2046316.867499999701977 ], [ -7692585.999900000169873, -2046380.299100000411272 ], [ -7692613.996999999508262, -2046400.688000001013279 ], [ -7692612.371657382696867, -2046391.627467099577188 ], [ -7692611.491768014617264, -2046382.464455052046105 ], [ -7692611.363211350515485, -2046373.26019146037288 ], [ -7692611.986846410669386, -2046364.076179570518434 ], [ -7692613.358506042510271, -2046354.973787306109443 ], [ -7692615.469024761579931, -2046346.01383720478043 ], [ -7692618.304300000891089, -2046337.25620000064373 ], [ -7692624.606852271594107, -2046336.834817949216813 ], [ -7692630.814493285492063, -2046335.666519612306729 ], [ -7692636.839025384746492, -2046333.767904077656567 ], [ -7692642.594852508045733, -2046331.165946720167994 ], [ -7692648.000196332111955, -2046327.897615937748924 ], [ -7692652.978258172981441, -2046324.009347908198833 ], [ -7692657.458310133777559, -2046319.556386826792732 ], [ -7692661.376700000837445, -2046314.602000001817942 ], [ -7692663.562815594486892, -2046307.67163874884136 ], [ -7692665.059197370894253, -2046300.560390612110496 ], [ -7692665.851437949575484, -2046293.336723721120507 ], [ -7692665.931909522973001, -2046286.070188590092584 ], [ -7692665.299837299622595, -2046278.830748474225402 ], [ -7692663.961306961253285, -2046271.688105754787102 ], [ -7692661.929206074215472, -2046264.711030832724646 ], [ -7692659.223099999129772, -2046257.966699998825788 ], [ -7692654.837009796872735, -2046244.093799798516557 ], [ -7692651.214533519931138, -2046230.002213200321421 ], [ -7692648.366467490792274, -2046215.733938352670521 ], [ -7692646.301300000399351, -2046201.331500001251698 ], [ -7692646.666251077316701, -2046193.217196487123147 ], [ -7692646.278031130321324, -2046185.103972955141217 ], [ -7692645.139978155493736, -2046177.06158859282732 ], [ -7692643.261877370066941, -2046169.159193497151136 ], [ -7692640.659877075813711, -2046161.464734109118581 ], [ -7692637.356349813751876, -2046154.044368994422257 ], [ -7692633.379699999466538, -2046146.961899999529123 ], [ -7692628.84190945327282, -2046136.691443559248 ], [ -7692623.715377876535058, -2046126.70182432141155 ], [ -7692618.017406758852303, -2046117.02675617299974 ], [ -7692611.767226139083505, -2046107.69889142550528 ], [ -7692604.985929701477289, -2046098.749710615957156 ], [ -7692597.696403590962291, -2046090.209416264435276 ], [ -7692589.923249172046781, -2046082.106830942444503 ], [ -7692581.692700000479817, -2046074.469300001859665 ], [ -7692589.278354840353131, -2046040.116790506755933 ], [ -7692597.597773517481983, -2046005.93456792156212 ], [ -7692606.647141909226775, -2045971.938303425675258 ], [ -7692616.422311244532466, -2045938.143582944059744 ], [ -7692626.918800000101328, -2045904.565900001674891 ], [ -7692623.622023660689592, -2045892.771314322249964 ], [ -7692621.076619344763458, -2045880.792086365167052 ], [ -7692619.292747094295919, -2045868.676031504990533 ], [ -7692618.277527279220521, -2045856.471511264331639 ], [ -7692618.035012172535062, -2045844.227240277221426 ], [ -7692618.566169778816402, -2045831.992091844324023 ], [ -7692619.868879971094429, -2045819.81490285275504 ], [ -7692621.937942950055003, -2045807.744278843514621 ], [ -7692624.765100000426173, -2045795.828400000929832 ], [ -7692629.464499442838132, -2045782.041023929137737 ], [ -7692633.532218229025602, -2045768.054253110662103 ], [ -7692636.959844345226884, -2045753.897012091707438 ], [ -7692639.740289484150708, -2045739.598577950615436 ], [ -7692641.867803703062236, -2045725.188519751420245 ], [ -7692643.337987318634987, -2045710.69663739646785 ], [ -7692644.14780000038445, -2045696.152899999171495 ], [ -7692651.673079739324749, -2045683.810098784510046 ], [ -7692659.806393216364086, -2045671.859208070673048 ], [ -7692668.527373581193388, -2045660.330154404509813 ], [ -7692677.814182394184172, -2045649.251808 ], [ -7692687.643564305268228, -2045638.651910443091765 ], [ -7692697.990905294194818, -2045628.557005222421139 ], [ -7692708.83029430732131, -2045618.992371262051165 ], [ -7692720.134588138200343, -2045609.981959619792178 ], [ -7692731.875479399226606, -2045601.54833350982517 ], [ -7692744.023567409254611, -2045593.712611802620813 ], [ -7692756.548431813716888, -2045586.494416139787063 ], [ -7692769.418708762153983, -2045579.911821799818426 ], [ -7692782.60216944757849, -2045573.981312434189022 ], [ -7692796.065800810232759, -2045568.717738791368902 ], [ -7692809.775888209231198, -2045564.134281527949497 ], [ -7692823.698099844157696, -2045560.24241820233874 ], [ -7692837.797572731971741, -2045557.051894534612074 ], [ -7692852.039000000804663, -2045554.570700000971556 ], [ -7692860.922911961562932, -2045552.069706716341898 ], [ -7692869.944991883821785, -2045550.125244574155658 ], [ -7692879.070411688648164, -2045548.744819812709466 ], [ -7692888.263944373466074, -2045547.933761307271197 ], [ -7692897.4901, -2045547.6952 ], [ -7692907.592180071398616, -2045548.095332011580467 ], [ -7692917.643713917583227, -2045549.181055155815557 ], [ -7692927.598227055743337, -2045550.94734946032986 ], [ -7692937.409693593159318, -2045553.386048250133172 ], [ -7692947.032749027945101, -2045556.485875906422734 ], [ -7692956.422900000587106, -2045560.232500001788139 ], [ -7692961.99357733130455, -2045552.396712120622396 ], [ -7692966.979014453478158, -2045544.176162605406716 ], [ -7692971.352753065526485, -2045535.614478881470859 ], [ -7692975.09158122073859, -2045526.757098813774064 ], [ -7692978.175656517967582, -2045517.651029563043267 ], [ -7692980.588611404411495, -2045508.344598111929372 ], [ -7692982.317640044726431, -2045498.887194789946079 ], [ -7692983.353566280566156, -2045489.32901115110144 ], [ -7692983.690892328508198, -2045479.720773603301495 ], [ -7692983.327827960252762, -2045470.113474196055904 ], [ -7692982.26630000025034, -2045460.5581 ], [ -7692975.937791199423373, -2045440.810452913865447 ], [ -7692968.908299433998764, -2045421.301331083057448 ], [ -7692961.186787248589098, -2045402.055608476279303 ], [ -7692952.783099506981671, -2045383.097823230549693 ], [ -7692943.707950840704143, -2045364.452146365074441 ], [ -7692933.972911990247667, -2045346.142350962851197 ], [ -7692923.590395049192011, -2045328.191781861940399 ], [ -7692912.573637640103698, -2045310.623325888765976 ], [ -7692900.936686038039625, -2045293.459382679546252 ], [ -7692888.694377259351313, -2045276.721836119424552 ], [ -7692875.862320147454739, -2045260.432026441441849 ], [ -7692862.456875466741621, -2045244.61072301841341 ], [ -7692848.495135049335659, -2045229.278097880771384 ], [ -7692833.994899999350309, -2045214.453699998557568 ] ] ] ] } },
{ "type": "Feature", "properties": { "objectid": 182, "st_area_sh": 35850.725522100001, "st_length_": 767.93366690400001, "Nombre": "Laguna Casiri-Hembra", "Tipo": "Laguna", "objectid_2": 165, "shape_leng": 400296.66085400002, "dis_elec": 1, "cir_sena": 1, "cod_comuna": 15201, "codregion": 15, "st_area_sh_2": 6578680604.9099989, "st_length__2": 435298.60089200002, "Region": "Región de Arica y Parinacota", "Comuna": "Putre", "Provincia": "Parinacota" }, "geometry": { "type": "MultiPolygon", "coordinates": [ [ [ [ -7694233.353000000119209, -2045602.13289999961853 ], [ -7694224.526499999687076, -2045620.218100000172853 ], [ -7694221.45616012159735, -2045625.878154079662636 ], [ -7694218.883300000801682, -2045631.780999999493361 ], [ -7694216.495758130215108, -2045639.045175541890785 ], [ -7694214.841454643756151, -2045646.510554464999586 ], [ -7694213.936746833845973, -2045654.103321172297001 ], [ -7694213.790580200962722, -2045661.748400492360815 ], [ -7694214.404400000348687, -2045669.370200000703335 ], [ -7694215.039474410004914, -2045673.403823720058426 ], [ -7694215.888000000268221, -2045677.397999998182058 ], [ -7694218.003549783490598, -2045686.912521427031606 ], [ -7694220.49233817961067, -2045696.336299927439541 ], [ -7694223.35050000064075, -2045705.654699999839067 ], [ -7694229.049520512111485, -2045714.992532929871231 ], [ -7694235.278061336837709, -2045723.985821416834369 ], [ -7694242.015350813046098, -2045732.604573596268892 ], [ -7694249.238920643925667, -2045740.820046651177108 ], [ -7694256.924680828116834, -2045748.604842666070908 ], [ -7694265.04700000025332, -2045755.93299999833107 ], [ -7694271.522647925652564, -2045756.361292619490996 ], [ -7694278.005703839473426, -2045756.065595724154264 ], [ -7694284.415476254187524, -2045755.04958970984444 ], [ -7694290.672185808420181, -2045753.325920316157863 ], [ -7694296.697958241216838, -2045750.916041228687391 ], [ -7694302.417793653905392, -2045747.84994705603458 ], [ -7694307.760500000789762, -2045744.165800001472235 ], [ -7694360.643799999728799, -2045650.027899999171495 ], [ -7694363.788418533280492, -2045641.048402166459709 ], [ -7694367.635041109286249, -2045632.346476988634095 ], [ -7694372.159451846033335, -2045623.976906239055097 ], [ -7694377.333167935721576, -2045615.9923793990165 ], [ -7694383.123618963174522, -2045608.44316195929423 ], [ -7694389.494351937435567, -2045601.376778980018571 ], [ -7694396.405260787345469, -2045594.837715903529897 ], [ -7694403.812838835641742, -2045588.867138502188027 ], [ -7694411.670452693477273, -2045583.502633724594489 ], [ -7694419.928635833784938, -2045578.777973073301837 ], [ -7694428.535399999469519, -2045574.722899999469519 ], [ -7694436.052890396676958, -2045567.166531080845743 ], [ -7694443.019899999722838, -2045559.099800001829863 ], [ -7694443.658247232437134, -2045554.51173357735388 ], [ -7694443.574828145094216, -2045549.880223892629147 ], [ -7694442.771675296127796, -2045545.318120626965538 ], [ -7694441.268358015455306, -2045540.936582328751683 ], [ -7694439.10150558501482, -2045536.842367965960875 ], [ -7694436.323914743028581, -2045533.135235675610602 ], [ -7694433.003263256512582, -2045529.90551209426485 ], [ -7694429.220460912212729, -2045527.231891491450369 ], [ -7694425.06767809484154, -2045525.179518334101886 ], [ -7694420.646099999547005, -2045523.79839999973774 ], [ -7694403.911634044721723, -2045514.106444757897407 ], [ -7694387.475775042548776, -2045503.916308051673695 ], [ -7694371.353349204175174, -2045493.237182044191286 ], [ -7694355.558900000527501, -2045482.078699998557568 ], [ -7694349.976419945247471, -2045479.905372911831364 ], [ -7694344.180363272316754, -2045478.391054171603173 ], [ -7694338.248238115571439, -2045477.555994100403041 ], [ -7694332.259372191503644, -2045477.411359591642395 ], [ -7694326.293851986527443, -2045477.959084779489785 ], [ -7694320.431451795622706, -2045479.191845174180344 ], [ -7694314.750566932372749, -2045481.093155609676614 ], [ -7694309.327165388502181, -2045483.637590692844242 ], [ -7694304.233771942555904, -2045486.791124805342406 ], [ -7694299.538498317822814, -2045490.511587113840505 ], [ -7694295.304132357239723, -2045494.749225502135232 ], [ -7694291.587298385798931, -2045499.447371883783489 ], [ -7694288.437699999660254, -2045504.543200001120567 ], [ -7694279.586084543727338, -2045515.50609446503222 ], [ -7694271.262153721414506, -2045526.8748378821183 ], [ -7694263.484487879090011, -2045538.624053398380056 ], [ -7694256.270448009483516, -2045550.727514885831624 ], [ -7694249.636137004941702, -2045563.158205482177436 ], [ -7694243.596363707445562, -2045575.888377897674218 ], [ -7694238.164609857834876, -2045588.889616351574659 ], [ -7694233.353000000119209, -2045602.13289999961853 ] ] ] ] } },
{ "type": "Feature", "properties": { "objectid": 183, "st_area_sh": 432941.35208500002, "st_length_": 2734.25555287, "Nombre": "Laguna Casari Macho", "Tipo": "Laguna", "objectid_2": 165, "shape_leng": 400296.66085400002, "dis_elec": 1, "cir_sena": 1, "cod_comuna": 15201, "codregion": 15, "st_area_sh_2": 6578680604.9099989, "st_length__2": 435298.60089200002, "Region": "Región de Arica y Parinacota", "Comuna": "Putre", "Provincia": "Parinacota" }, "geometry": { "type": "MultiPolygon", "coordinates": [ [ [ [ -7689826.30629999935627, -2045934.369300000369549 ], [ -7689843.385633498430252, -2045909.262064336333424 ], [ -7689861.100600000470877, -2045884.599199999123812 ], [ -7689979.543199999257922, -2045890.608600001782179 ], [ -7689990.205588176846504, -2045888.366114992415532 ], [ -7690000.725299999117851, -2045885.5287000015378 ], [ -7690011.270837008021772, -2045882.028586393222213 ], [ -7690021.603969027288258, -2045877.94379401858896 ], [ -7690031.69230832438916, -2045873.287126078503206 ], [ -7690041.504234434105456, -2045868.073178236139938 ], [ -7690051.008993268013, -2045862.318292870186269 ], [ -7690060.176793512888253, -2045856.04050785000436 ], [ -7690068.978900000452995, -2045849.259500000625849 ], [ -7690070.204810509458184, -2045846.248209362616763 ], [ -7690070.935249676927924, -2045843.08005745569244 ], [ -7690071.151553731411695, -2045839.835995119763538 ], [ -7690070.848195793107152, -2045836.598912815563381 ], [ -7690070.032927094958723, -2045833.451522653689608 ], [ -7690068.726578923873603, -2045830.474244981305674 ], [ -7690066.962530355900526, -2045827.743153526913375 ], [ -7690064.785855369642377, -2045825.328031607205048 ], [ -7690062.252171143889427, -2045823.290589061798528 ], [ -7690059.426216955296695, -2045821.682885479414836 ], [ -7690056.380200000479817, -2045820.546 ], [ -7690049.624473073519766, -2045815.53664330788888 ], [ -7690042.500098320655525, -2045811.067103604553267 ], [ -7690035.050114344805479, -2045807.164381538517773 ], [ -7690027.319526762701571, -2045803.852053592680022 ], [ -7690019.355036331340671, -2045801.150129658868536 ], [ -7690011.204756820574403, -2045799.07493215543218 ], [ -7690002.917924360372126, -2045797.638997424859554 ], [ -7689994.544600000604987, -2045796.850999999791384 ], [ -7689986.468375812284648, -2045796.720433835405856 ], [ -7689978.405230088159442, -2045797.198058896232396 ], [ -7689970.400898532010615, -2045798.281166001688689 ], [ -7689962.500783241353929, -2045799.963611561339349 ], [ -7689954.749695179983974, -2045802.235852422425523 ], [ -7689947.191600000485778, -2045805.08500000089407 ], [ -7689936.626260183751583, -2045803.382461064029485 ], [ -7689926.201538655906916, -2045800.963737155776471 ], [ -7689915.965924295596778, -2045797.84007857227698 ], [ -7689905.96702637989074, -2045794.026014498434961 ], [ -7689896.251353139989078, -2045789.539285425795242 ], [ -7689886.864095431752503, -2045784.400760637363419 ], [ -7689877.848916541785002, -2045778.634341136552393 ], [ -7689869.24774909298867, -2045772.266848475672305 ], [ -7689861.100600000470877, -2045765.3279 ], [ -7689747.056500000879169, -2045644.938499998301268 ], [ -7689741.921021300368011, -2045630.543724802788347 ], [ -7689736.129366694949567, -2045616.400195138994604 ], [ -7689729.693777196109295, -2045602.537804211722687 ], [ -7689722.627854811958969, -2045588.98585102125071 ], [ -7689714.946533795446157, -2045575.77297843946144 ], [ -7689706.666049082763493, -2045562.927112670848146 ], [ -7689697.803901978768408, -2045550.475404228549451 ], [ -7689688.378823167644441, -2045538.444170550676063 ], [ -7689678.410733121447265, -2045526.858840376604348 ], [ -7689667.920700000599027, -2045515.743900001049042 ], [ -7689646.786292843520641, -2045508.233045612927526 ], [ -7689625.429364908486605, -2045501.380474660778418 ], [ -7689603.870414578355849, -2045495.192764244507998 ], [ -7689582.130134142003953, -2045489.675853329943493 ], [ -7689560.229389924556017, -2045484.83503704983741 ], [ -7689538.189202268607914, -2045480.674961620941758 ], [ -7689516.030725350603461, -2045477.199619884835556 ], [ -7689493.775226883590221, -2045474.412347475532442 ], [ -7689471.444067700766027, -2045472.315819617593661 ], [ -7689449.058681255206466, -2045470.912048559403047 ], [ -7689426.640553046017885, -2045470.202381640905514 ], [ -7689404.211200000718236, -2045470.1875 ], [ -7689354.572300000116229, -2045470.207600001245737 ], [ -7689308.027799999341369, -2045481.206999998539686 ], [ -7689252.991900000721216, -2045549.890000000596046 ], [ -7689234.403599999845028, -2045595.936099998652935 ], [ -7689203.385700000450015, -2045633.388099998235703 ], [ -7689164.639799999073148, -2045664.625300001353025 ], [ -7689139.85219999961555, -2045747.320099998265505 ], [ -7689150.721100000664592, -2045799.572900000959635 ], [ -7689160.045399999246001, -2045853.413899999111891 ], [ -7689165.490299999713898, -2045905.669100001454353 ], [ -7689165.510500000789762, -2045957.265099998563528 ], [ -7689161.651200000196695, -2046007.936599999666214 ], [ -7689160.914599999785423, -2046057.945599999278784 ], [ -7689173.327199999243021, -2046106.229499999433756 ], [ -7689201.287799999117851, -2046149.876800000667572 ], [ -7689236.1831, -2046188.891100000590086 ], [ -7689273.443800000473857, -2046223.273899998515844 ], [ -7689314.547399999573827, -2046249.055700000375509 ], [ -7689363.40430000051856, -2046261.472100000828505 ], [ -7689420.012000000104308, -2046255.230900000780821 ], [ -7689475.856899999082088, -2046232.584800001233816 ], [ -7689526.276100000366569, -2046206.765599999576807 ], [ -7689571.993599999696016, -2046179.493000000715256 ], [ -7689609.981499999761581, -2046142.698100000619888 ], [ -7689640.242000000551343, -2046102.202100001275539 ], [ -7689671.22719999961555, -2046064.748599998652935 ], [ -7689709.216700000688434, -2046032.716299999505281 ], [ -7689753.4211, -2046005.311999998986721 ], [ -7689794.500600000843406, -2045973.410700000822544 ], [ -7689826.30629999935627, -2045934.369300000369549 ] ] ] ] } },
{ "type": "Feature", "properties": { "objectid": 184, "st_area_sh": 27306.021871100002, "st_length_": 646.42544435599996, "Nombre": null, "Tipo": "Laguna", "objectid_2": 165, "shape_leng": 400296.66085400002, "dis_elec": 1, "cir_sena": 1, "cod_comuna": 15201, "codregion": 15, "st_area_sh_2": 6578680604.9099989, "st_length__2": 435298.60089200002, "Region": "Región de Arica y Parinacota", "Comuna": "Putre", "Provincia": "Parinacota" }, "geometry": { "type": "MultiPolygon", "coordinates": [ [ [ [ -7706116.807600000873208, -2046405.166700001806021 ], [ -7706094.145600000396371, -2046368.6798 ], [ -7706014.453199999406934, -2046337.819400001317263 ], [ -7705964.683299999684095, -2046339.600000001490116 ], [ -7705914.913499999791384, -2046341.512800000607967 ], [ -7705866.9638, -2046353.478100001811981 ], [ -7705861.613399999216199, -2046387.750100001692772 ], [ -7705858.873099999502301, -2046405.349300000816584 ], [ -7705924.104000000283122, -2046466.260200001299381 ], [ -7706009.214600000530481, -2046491.69029999896884 ], [ -7706050.800899999216199, -2046464.2533 ], [ -7706116.807600000873208, -2046405.166700001806021 ] ] ] ] } },
{ "type": "Feature", "properties": { "objectid": 185, "st_area_sh": 37522.371586100002, "st_length_": 822.1537717, "Nombre": "Laguna Cotapampa", "Tipo": "Laguna", "objectid_2": 165, "shape_leng": 400296.66085400002, "dis_elec": 1, "cir_sena": 1, "cod_comuna": 15201, "codregion": 15, "st_area_sh_2": 6578680604.9099989, "st_length__2": 435298.60089200002, "Region": "Región de Arica y Parinacota", "Comuna": "Putre", "Provincia": "Parinacota" }, "geometry": { "type": "MultiPolygon", "coordinates": [ [ [ [ -7705273.498299999162555, -2052144.278999999165535 ], [ -7705320.794399999082088, -2052124.239900000393391 ], [ -7705366.53969999961555, -2052099.570900000631809 ], [ -7705415.350199999287724, -2052081.118000000715256 ], [ -7705461.10249999910593, -2052062.668600000441074 ], [ -7705468.637000000104308, -2051982.861400000751019 ], [ -7705435.01380000077188, -2051941.348499998450279 ], [ -7705402.936499999836087, -2051899.9662000015378 ], [ -7705376.940700000151992, -2051856.988600000739098 ], [ -7705312.916200000792742, -2051912.380699999630451 ], [ -7705300.77419999986887, -2051961.491300001740456 ], [ -7705268.815500000491738, -2052049.00279999896884 ], [ -7705213.979000000283122, -2052116.691399998962879 ], [ -7705273.498299999162555, -2052144.278999999165535 ] ] ] ] } },
{ "type": "Feature", "properties": { "objectid": 186, "st_area_sh": 56709.737948299997, "st_length_": 1126.4476083, "Nombre": "Laguna Cotapampa", "Tipo": "Laguna", "objectid_2": 165, "shape_leng": 400296.66085400002, "dis_elec": 1, "cir_sena": 1, "cod_comuna": 15201, "codregion": 15, "st_area_sh_2": 6578680604.9099989, "st_length__2": 435298.60089200002, "Region": "Región de Arica y Parinacota", "Comuna": "Putre", "Provincia": "Parinacota" }, "geometry": { "type": "MultiPolygon", "coordinates": [ [ [ [ -7704156.7668999992311, -2052323.568799998611212 ], [ -7704204.009500000625849, -2052283.681699998676777 ], [ -7704226.846599999815226, -2052239.058299999684095 ], [ -7704258.859999999403954, -2052196.012499999254942 ], [ -7704293.902300000190735, -2052156.1393 ], [ -7704341.1283, -2052073.110800001770258 ], [ -7704341.07120000012219, -2052022.558699999004602 ], [ -7704341.010500000789762, -2051968.830699998885393 ], [ -7704350.091499999165535, -2051915.092399999499321 ], [ -7704369.8629, -2051864.38569999858737 ], [ -7704293.592499999329448, -2051881.27930000051856 ], [ -7704258.5456000007689, -2051916.65260000154376 ], [ -7704221.953199999406934, -2051952.02760000154376 ], [ -7704180.786399999633431, -2051984.364100001752377 ], [ -7704142.677500000223517, -2052016.564800001680851 ], [ -7704121.430500000715256, -2052101.018899999558926 ], [ -7704159.670199999585748, -2052185.405999999493361 ], [ -7704156.667099999263883, -2052234.50620000064373 ], [ -7704156.7668999992311, -2052323.568799998611212 ] ] ] ] } },
{ "type": "Feature", "properties": { "objectid": 187, "st_area_sh": 91211.674997900001, "st_length_": 1244.0520532, "Nombre": "Laguna Cotapampa", "Tipo": "Laguna", "objectid_2": 165, "shape_leng": 400296.66085400002, "dis_elec": 1, "cir_sena": 1, "cod_comuna": 15201, "codregion": 15, "st_area_sh_2": 6578680604.9099989, "st_length__2": 435298.60089200002, "Region": "Región de Arica y Parinacota", "Comuna": "Putre", "Provincia": "Parinacota" }, "geometry": { "type": "MultiPolygon", "coordinates": [ [ [ [ -7704872.472699999809265, -2052365.754099998623133 ], [ -7704939.550200000405312, -2052331.92960000038147 ], [ -7704983.735500000417233, -2052265.841499999165535 ], [ -7705017.220799999311566, -2052189.046999998390675 ], [ -7705033.934599999338388, -2052139.930599998682737 ], [ -7705044.564600000157952, -2052090.82149999961257 ], [ -7705013.1941, -2052006.428399998694658 ], [ -7704986.376499999314547, -2051991.373799998313189 ], [ -7704973.082800000905991, -2051983.8462999984622 ], [ -7704958.222699999809265, -2051986.642700001597404 ], [ -7704942.21169999986887, -2051989.572900000959635 ], [ -7704905.615000000223517, -2052020.317499998956919 ], [ -7704875.145199999213219, -2052060.318500000983477 ], [ -7704832.455900000408292, -2052083.39469999819994 ], [ -7704779.052799999713898, -2052083.456999998539686 ], [ -7704730.9715, -2052078.88120000064373 ], [ -7704665.393100000917912, -2052100.395700000226498 ], [ -7704623.515900000929832, -2052172.567299999296665 ], [ -7704666.32179999910295, -2052250.86089999973774 ], [ -7704712.110300000756979, -2052263.1151 ], [ -7704762.499099999666214, -2052272.187699999660254 ], [ -7704809.81110000051558, -2052293.703499998897314 ], [ -7704872.472699999809265, -2052365.754099998623133 ] ] ] ] } },
{ "type": "Feature", "properties": { "objectid": 188, "st_area_sh": 49474.639765599997, "st_length_": 1243.6283243600001, "Nombre": null, "Tipo": "Laguna", "objectid_2": 165, "shape_leng": 400296.66085400002, "dis_elec": 1, "cir_sena": 1, "cod_comuna": 15201, "codregion": 15, "st_area_sh_2": 6578680604.9099989, "st_length__2": 435298.60089200002, "Region": "Región de Arica y Parinacota", "Comuna": "Putre", "Provincia": "Parinacota" }, "geometry": { "type": "MultiPolygon", "coordinates": [ [ [ [ -7705749.323699999600649, -2053184.5559 ], [ -7705769.100199999287724, -2053139.932500001043081 ], [ -7705776.6706000007689, -2053090.824400000274181 ], [ -7705772.040699999779463, -2053041.731199998408556 ], [ -7705753.666600000113249, -2052994.110599998384714 ], [ -7705727.665100000798702, -2052948.087400000542402 ], [ -7705701.663599999621511, -2052902.0641999989748 ], [ -7705671.098799999803305, -2052862.266699999570847 ], [ -7705627.126700000837445, -2052830.5581 ], [ -7705600.867499999701977, -2052843.823800001293421 ], [ -7705558.179199999198318, -2052868.490499999374151 ], [ -7705512.417999999597669, -2052880.853199999779463 ], [ -7705428.539100000634789, -2052917.7445 ], [ -7705410.274900000542402, -2052962.365299999713898 ], [ -7705469.851500000804663, -2053008.348700001835823 ], [ -7705515.609400000423193, -2052992.942200001329184 ], [ -7705555.234099999070168, -2052963.647100001573563 ], [ -7705639.171299999579787, -2052948.194400001317263 ], [ -7705668.188999999314547, -2052986.53830000013113 ], [ -7705677.422700000926852, -2053035.758200000971556 ], [ -7705672.877399999648333, -2053084.862500000745058 ], [ -7705669.910599999129772, -2053133.964999999850988 ], [ -7705683.678899999707937, -2053180.003499999642372 ], [ -7705749.323699999600649, -2053184.5559 ] ] ] ] } },
{ "type": "Feature", "properties": { "objectid": 189, "st_area_sh": 98537.629592199999, "st_length_": 2491.05440804, "Nombre": null, "Tipo": "Laguna", "objectid_2": 165, "shape_leng": 400296.66085400002, "dis_elec": 1, "cir_sena": 1, "cod_comuna": 15201, "codregion": 15, "st_area_sh_2": 6578680604.9099989, "st_length__2": 435298.60089200002, "Region": "Región de Arica y Parinacota", "Comuna": "Putre", "Provincia": "Parinacota" }, "geometry": { "type": "MultiPolygon", "coordinates": [ [ [ [ -7706117.531999999657273, -2053581.666799999773502 ], [ -7706164.849500000476837, -2053577.10869999974966 ], [ -7706210.60249999910593, -2053557.068199999630451 ], [ -7706263.9869, -2053538.606199998408556 ], [ -7706237.99100000038743, -2053498.670299999415874 ], [ -7706192.189500000327826, -2053478.742899999022484 ], [ -7706131.1458, -2053472.73030000180006 ], [ -7706070.102099999785423, -2053466.585200000554323 ], [ -7706015.160399999469519, -2053448.256799999624491 ], [ -7705966.287799999117851, -2053417.612799998372793 ], [ -7705920.4737, -2053386.964999999850988 ], [ -7705870.059399999678135, -2053359.366700001060963 ], [ -7705813.566999999806285, -2053336.407699998468161 ], [ -7705757.124299999326468, -2053327.3445999994874 ], [ -7705706.7544, -2053336.537300001829863 ], [ -7705665.579700000584126, -2053362.6587999984622 ], [ -7705625.956199999898672, -2053393.410399999469519 ], [ -7705578.652000000700355, -2053408.951699998229742 ], [ -7705529.8366, -2053398.158300001174212 ], [ -7705506.853399999439716, -2053318.382599998265505 ], [ -7705514.426400000229478, -2053270.730000000447035 ], [ -7705467.011399999260902, -2053192.572200000286102 ], [ -7705433.395400000736117, -2053158.865200001746416 ], [ -7705376.96000000089407, -2053183.416000001132488 ], [ -7705309.905999999493361, -2053238.81529999896884 ], [ -7705264.192500000819564, -2053292.600999999791384 ], [ -7705342.028699999675155, -2053316.991799999028444 ], [ -7705407.62470000050962, -2053307.781800001859665 ], [ -7705442.850099999457598, -2053395.218699999153614 ], [ -7705476.441099999472499, -2053435.14640000090003 ], [ -7705514.665100000798702, -2053471.892200000584126 ], [ -7705557.4167, -2053499.500799998641014 ], [ -7705639.79590000025928, -2053471.741500001400709 ], [ -7705676.35950000025332, -2053439.537599999457598 ], [ -7705720.597999999299645, -2053417.912000000476837 ], [ -7705769.418600000441074, -2053405.544799998402596 ], [ -7705859.449300000444055, -2053423.963500000536442 ], [ -7705899.179500000551343, -2053454.618900001049042 ], [ -7705938.880599999800324, -2053488.318199999630451 ], [ -7705978.611099999397993, -2053518.973499998450279 ], [ -7706021.361400000751019, -2053544.993000000715256 ], [ -7706068.712400000542402, -2053567.962900001555681 ], [ -7706117.531999999657273, -2053581.666799999773502 ] ] ] ] } },
{ "type": "Feature", "properties": { "objectid": 190, "st_area_sh": 8463.9461852999993, "st_length_": 387.66474235499999, "Nombre": null, "Tipo": "Laguna", "objectid_2": 165, "shape_leng": 400296.66085400002, "dis_elec": 1, "cir_sena": 1, "cod_comuna": 15201, "codregion": 15, "st_area_sh_2": 6578680604.9099989, "st_length__2": 435298.60089200002, "Region": "Región de Arica y Parinacota", "Comuna": "Putre", "Provincia": "Parinacota" }, "geometry": { "type": "MultiPolygon", "coordinates": [ [ [ [ -7729557.186599999666214, -2053149.178300000727177 ], [ -7729573.011700000613928, -2053222.192400000989437 ], [ -7729617.1711, -2053289.845600001513958 ], [ -7729674.747099999338388, -2053231.610599998384714 ], [ -7729630.643200000748038, -2053173.618500001728535 ], [ -7729557.186599999666214, -2053149.178300000727177 ] ] ] ] } },
{ "type": "Feature", "properties": { "objectid": 191, "st_area_sh": 30543.067956499999, "st_length_": 726.35823067299998, "Nombre": null, "Tipo": "Laguna", "objectid_2": 165, "shape_leng": 400296.66085400002, "dis_elec": 1, "cir_sena": 1, "cod_comuna": 15201, "codregion": 15, "st_area_sh_2": 6578680604.9099989, "st_length__2": 435298.60089200002, "Region": "Región de Arica y Parinacota", "Comuna": "Putre", "Provincia": "Parinacota" }, "geometry": { "type": "MultiPolygon", "coordinates": [ [ [ [ -7704620.062100000679493, -2053365.734299998730421 ], [ -7704563.92989999987185, -2053440.852600000798702 ], [ -7704481.561499999836087, -2053479.327399998903275 ], [ -7704461.781899999827147, -2053523.818 ], [ -7704496.958499999716878, -2053600.537599999457598 ], [ -7704544.2851, -2053603.526999998837709 ], [ -7704588.49239999987185, -2053582.035999998450279 ], [ -7704620.5142, -2053545.074700001627207 ], [ -7704655.566700000315905, -2053512.874299999326468 ], [ -7704716.536000000312924, -2053454.439599998295307 ], [ -7704648.621099999174476, -2053391.74040000140667 ], [ -7704620.062100000679493, -2053365.734299998730421 ] ] ] ] } },
{ "type": "Feature", "properties": { "objectid": 192, "st_area_sh": 36798.6071152, "st_length_": 893.71126210600005, "Nombre": null, "Tipo": "Laguna", "objectid_2": 165, "shape_leng": 400296.66085400002, "dis_elec": 1, "cir_sena": 1, "cod_comuna": 15201, "codregion": 15, "st_area_sh_2": 6578680604.9099989, "st_length__2": 435298.60089200002, "Region": "Región de Arica y Parinacota", "Comuna": "Putre", "Provincia": "Parinacota" }, "geometry": { "type": "MultiPolygon", "coordinates": [ [ [ [ -7707083.590700000524521, -2053657.214699998497963 ], [ -7707162.89640000090003, -2053618.732999999076128 ], [ -7707123.154200000688434, -2053554.331900000572205 ], [ -7707074.302899999544024, -2053542.086399998515844 ], [ -7707027.721899999305606, -2053530.631900001317263 ], [ -7706964.379899999126792, -2053501.596799999475479 ], [ -7706893.380400000140071, -2053476.409200001507998 ], [ -7706843.77309999987483, -2053464.164099998772144 ], [ -7706831.582000000402331, -2053471.855500001460314 ], [ -7706788.859099999070168, -2053494.9375 ], [ -7706795.058399999514222, -2053560.9695999994874 ], [ -7706842.40059999935329, -2053576.261700000613928 ], [ -7706894.275299999862909, -2053586.915899999439716 ], [ -7706946.188799999654293, -2053602.201999999582767 ], [ -7706993.50789999961853, -2053625.169799998402596 ], [ -7707036.288899999111891, -2053648.143300000578165 ], [ -7707083.590700000524521, -2053657.214699998497963 ] ] ] ] } },
{ "type": "Feature", "properties": { "objectid": 193, "st_area_sh": 280058.75573400001, "st_length_": 2994.2831497400002, "Nombre": "Lagunas de Cotacotani", "Tipo": "Laguna", "objectid_2": 165, "shape_leng": 400296.66085400002, "dis_elec": 1, "cir_sena": 1, "cod_comuna": 15201, "codregion": 15, "st_area_sh_2": 6578680604.9099989, "st_length__2": 435298.60089200002, "Region": "Región de Arica y Parinacota", "Comuna": "Putre", "Provincia": "Parinacota" }, "geometry": { "type": "MultiPolygon", "coordinates": [ [ [ [ -7703573.625900000333786, -2054714.178300000727177 ], [ -7703487.99970000050962, -2054737.75789999961853 ], [ -7703404.052899999544024, -2054722.497400000691414 ], [ -7703343.056199999526143, -2054762.534800000488758 ], [ -7703344.623999999836087, -2054813.224199999123812 ], [ -7703356.880300000309944, -2054863.901999998837709 ], [ -7703367.625499999150634, -2054916.037500001490116 ], [ -7703381.426100000739098, -2054965.125700000673532 ], [ -7703402.820499999448657, -2055011.161400001496077 ], [ -7703427.308299999684095, -2055058.7820999994874 ], [ -7703450.252100000157952, -2055107.860500000417233 ], [ -7703467.078700000420213, -2055156.945700000971556 ], [ -7703476.313200000673532, -2055210.671799998730421 ], [ -7703482.461100000888109, -2055269.033900000154972 ], [ -7703487.091299999505281, -2055322.765299998223782 ], [ -7703490.203400000929832, -2055371.866099998354912 ], [ -7703493.3191, -2055424.1435999982059 ], [ -7703497.955800000578165, -2055483.963899999856949 ], [ -7703508.715299999341369, -2055548.542500000447035 ], [ -7703528.611099999397993, -2055606.758000001311302 ], [ -7703560.723600000143051, -2055648.282900001853704 ], [ -7703638.602299999445677, -2055704.978399999439716 ], [ -7703655.459300000220537, -2055751.020500000566244 ], [ -7703669.231599999591708, -2055803.154699999839067 ], [ -7703690.667400000616908, -2055855.412900000810623 ], [ -7703718.182600000873208, -2055902.899399999529123 ], [ -7703800.645199999213219, -2055939.735800001770258 ], [ -7703846.410900000482798, -2055924.330800000578165 ], [ -7703879.9539, -2055890.409000001847744 ], [ -7703899.73369999974966, -2055842.869600001722574 ], [ -7703913.421900000423193, -2055789.116399999707937 ], [ -7703920.992599999532104, -2055735.370099999010563 ], [ -7703920.936300000175834, -2055684.67680000141263 ], [ -7703878.093100000172853, -2055606.36879999935627 ], [ -7703827.727700000628829, -2055595.704199999570847 ], [ -7703748.32010000012815, -2055554.364999998360872 ], [ -7703739.1228, -2055505.270599998533726 ], [ -7703739.065199999138713, -2055452.989599999040365 ], [ -7703734.436200000345707, -2055400.846099998801947 ], [ -7703722.143899999558926, -2055348.579 ], [ -7703708.371799999848008, -2055296.445900000631809 ], [ -7703696.112800000235438, -2055244.3114 ], [ -7703686.880999999120831, -2055193.6294 ], [ -7703682.255599999800324, -2055144.530799999833107 ], [ -7703673.058499999344349, -2055095.304999999701977 ], [ -7703648.571699999272823, -2055049.272700000554323 ], [ -7703611.8903, -2055009.474800001829863 ], [ -7703579.813300000503659, -2054969.53940000012517 ], [ -7703566.015699999406934, -2054923.49549999833107 ], [ -7703569.020600000396371, -2054874.388999998569489 ], [ -7703573.059100000187755, -2054848.210999999195337 ], [ -7703576.596999999135733, -2054825.27760000154376 ], [ -7703578.0855, -2054772.996500000357628 ], [ -7703573.625900000333786, -2054714.178300000727177 ] ] ] ] } },
{ "type": "Feature", "properties": { "objectid": 194, "st_area_sh": 67394.133445, "st_length_": 1301.36260281, "Nombre": "Laguna de Cotacotani", "Tipo": "Laguna", "objectid_2": 165, "shape_leng": 400296.66085400002, "dis_elec": 1, "cir_sena": 1, "cod_comuna": 15201, "codregion": 15, "st_area_sh_2": 6578680604.9099989, "st_length__2": 435298.60089200002, "Region": "Región de Arica y Parinacota", "Comuna": "Putre", "Provincia": "Parinacota" }, "geometry": { "type": "MultiPolygon", "coordinates": [ [ [ [ -7704215.212500000372529, -2055463.173900000751019 ], [ -7704257.937300000339746, -2055435.594900000840425 ], [ -7704260.871400000527501, -2055354.192200001329184 ], [ -7704260.812400000169873, -2055301.91160000115633 ], [ -7704265.3581000007689, -2055249.758099999278784 ], [ -7704263.755200000479817, -2055199.067800000309944 ], [ -7704256.069700000807643, -2055149.972699999809265 ], [ -7704223.956599999219179, -2055079.331799998879433 ], [ -7704170.476800000295043, -2055017.980200000107288 ], [ -7704150.559000000357628, -2054970.487700000405312 ], [ -7704146.420700000599027, -2054946.271600000560284 ], [ -7704031.51549999974668, -2054952.0929000005126 ], [ -7704045.331499999389052, -2055013.622000001370907 ], [ -7704080.461100000888109, -2055047.332600001245737 ], [ -7704123.260600000619888, -2055116.373199999332428 ], [ -7704132.527699999511242, -2055197.761199999600649 ], [ -7704121.895600000396371, -2055248.333099998533726 ], [ -7704105.144600000232458, -2055297.58839999884367 ], [ -7704100.676100000739098, -2055389.713500000536442 ], [ -7704143.459100000560284, -2055443.401900000870228 ], [ -7704215.212500000372529, -2055463.173900000751019 ] ] ] ] } },
{ "type": "Feature", "properties": { "objectid": 195, "st_area_sh": 47668.786244499999, "st_length_": 931.659395281, "Nombre": "Lagunas  de Cotacotani", "Tipo": "Laguna", "objectid_2": 165, "shape_leng": 400296.66085400002, "dis_elec": 1, "cir_sena": 1, "cod_comuna": 15201, "codregion": 15, "st_area_sh_2": 6578680604.9099989, "st_length__2": 435298.60089200002, "Region": "Región de Arica y Parinacota", "Comuna": "Putre", "Provincia": "Parinacota" }, "geometry": { "type": "MultiPolygon", "coordinates": [ [ [ [ -7705630.785700000822544, -2054988.34180000051856 ], [ -7705595.805800000205636, -2054999.5016999989748 ], [ -7705543.957299999892712, -2055013.329 ], [ -7705490.561200000345707, -2055025.702199999243021 ], [ -7705440.196399999782443, -2055042.704 ], [ -7705389.933000000193715, -2055117.941599998623133 ], [ -7705419.037000000476837, -2055199.305100001394749 ], [ -7705432.80599999986589, -2055245.348299998790026 ], [ -7705472.595599999651313, -2055323.522999998182058 ], [ -7705519.8278, -2055271.317899998277426 ], [ -7705524.373800000175834, -2055222.208500001579523 ], [ -7705563.975299999117851, -2055169.8805 ], [ -7705632.595599999651313, -2055126.914700001478195 ], [ -7705658.487700000405312, -2055079.2357 ], [ -7705659.941800000146031, -2055030.130399998277426 ], [ -7705630.785700000822544, -2054988.34180000051856 ] ] ] ] } },
{ "type": "Feature", "properties": { "objectid": 196, "st_area_sh": 32915.354989699998, "st_length_": 843.06702809399997, "Nombre": "Lagunas de Cotacotani", "Tipo": "Laguna", "objectid_2": 165, "shape_leng": 400296.66085400002, "dis_elec": 1, "cir_sena": 1, "cod_comuna": 15201, "codregion": 15, "st_area_sh_2": 6578680604.9099989, "st_length__2": 435298.60089200002, "Region": "Región de Arica y Parinacota", "Comuna": "Putre", "Provincia": "Parinacota" }, "geometry": { "type": "MultiPolygon", "coordinates": [ [ [ [ -7707302.324100000783801, -2055263.0077 ], [ -7707348.081499999389052, -2055244.418800000101328 ], [ -7707396.9035, -2055230.590700000524521 ], [ -7707442.658900000154972, -2055210.545699998736382 ], [ -7707470.102700000628829, -2055170.67119999974966 ], [ -7707483.754100000485778, -2055121.417500000447035 ], [ -7707502.0099, -2055072.290199998766184 ], [ -7707541.602399999275804, -2055017.046999998390675 ], [ -7707492.800000000745058, -2055020.154599998146296 ], [ -7707447.039100000634789, -2055035.567099999636412 ], [ -7707407.384099999442697, -2055067.780600000172853 ], [ -7707367.7697, -2055106.214699998497963 ], [ -7707322.028100000694394, -2055136.980099998414516 ], [ -7707273.218000000342727, -2055160.072799999266863 ], [ -7707232.102399999275804, -2055233.847600001841784 ], [ -7707302.324100000783801, -2055263.0077 ] ] ] ] } },
{ "type": "Feature", "properties": { "objectid": 197, "st_area_sh": 48661.959543800003, "st_length_": 1118.72054254, "Nombre": "Laguna  de Cotacotani", "Tipo": "Laguna", "objectid_2": 165, "shape_leng": 400296.66085400002, "dis_elec": 1, "cir_sena": 1, "cod_comuna": 15201, "codregion": 15, "st_area_sh_2": 6578680604.9099989, "st_length__2": 435298.60089200002, "Region": "Región de Arica y Parinacota", "Comuna": "Putre", "Provincia": "Parinacota" }, "geometry": { "type": "MultiPolygon", "coordinates": [ [ [ [ -7705051.6404, -2055540.559799998998642 ], [ -7705094.324100000783801, -2055506.758200000971556 ], [ -7705114.104100000113249, -2055462.130399998277426 ], [ -7705132.371300000697374, -2055417.636900000274181 ], [ -7705092.617499999701977, -2055340.917100001126528 ], [ -7705048.324100000783801, -2055319.527699999511242 ], [ -7704997.958599999547005, -2055308.733899999409914 ], [ -7704907.871799999848008, -2055276.677200000733137 ], [ -7704860.559900000691414, -2055261.3794 ], [ -7704808.661399999633431, -2055261.440000001341105 ], [ -7704764.405500000342727, -2055272.212499998509884 ], [ -7704755.274800000712276, -2055282.943999998271465 ], [ -7704709.5713, -2055350.631099998950958 ], [ -7704776.72580000013113, -2055375.038899999111891 ], [ -7704825.562300000339746, -2055371.937699999660254 ], [ -7704914.136800000444055, -2055404.129000000655651 ], [ -7704961.434599999338388, -2055407.117600001394749 ], [ -7705036.270600000396371, -2055446.868900001049042 ], [ -7705051.6404, -2055540.559799998998642 ] ] ] ] } },
{ "type": "Feature", "properties": { "objectid": 198, "st_area_sh": 40642.3884855, "st_length_": 842.15688814700002, "Nombre": "Laguna  de Cotacotani", "Tipo": "Laguna", "objectid_2": 165, "shape_leng": 400296.66085400002, "dis_elec": 1, "cir_sena": 1, "cod_comuna": 15201, "codregion": 15, "st_area_sh_2": 6578680604.9099989, "st_length__2": 435298.60089200002, "Region": "Región de Arica y Parinacota", "Comuna": "Putre", "Provincia": "Parinacota" }, "geometry": { "type": "MultiPolygon", "coordinates": [ [ [ [ -7705024.825300000607967, -2056096.500500001013279 ], [ -7705070.5921, -2056082.548599999397993 ], [ -7705102.580399999395013, -2056042.670200001448393 ], [ -7705117.7820999994874, -2055991.958099998533726 ], [ -7705123.840399999171495, -2055941.256900001317263 ], [ -7705113.7972, -2055846.763900000602007 ], [ -7705101.505400000140071, -2055770.010099999606609 ], [ -7705107.329900000244379, -2055744.457899998873472 ], [ -7705041.214400000870228, -2055766.242899999022484 ], [ -7705007.676999999210238, -2055803.21059999987483 ], [ -7704975.68720000050962, -2055841.632500000298023 ], [ -7704968.160199999809265, -2055930.719399999827147 ], [ -7704977.3607, -2055979.8141999989748 ], [ -7704978.967199999839067, -2056031.962400000542402 ], [ -7705024.825300000607967, -2056096.500500001013279 ] ] ] ] } },
{ "type": "Feature", "properties": { "objectid": 199, "st_area_sh": 391127.91453000001, "st_length_": 3499.4796252800002, "Nombre": "Laguna  de Cotacotani", "Tipo": "Laguna", "objectid_2": 165, "shape_leng": 400296.66085400002, "dis_elec": 1, "cir_sena": 1, "cod_comuna": 15201, "codregion": 15, "st_area_sh_2": 6578680604.9099989, "st_length__2": 435298.60089200002, "Region": "Región de Arica y Parinacota", "Comuna": "Putre", "Provincia": "Parinacota" }, "geometry": { "type": "MultiPolygon", "coordinates": [ [ [ [ -7704645.495899999514222, -2056646.193500000983477 ], [ -7704643.279699999839067, -2056694.182100001722574 ], [ -7704668.310399999842048, -2056735.284099999815226 ], [ -7704709.2215, -2056760.37220000103116 ], [ -7704727.44400000013411, -2056806.052299998700619 ], [ -7704766.089400000870228, -2056835.712999999523163 ], [ -7704813.7829, -2056833.372299998998642 ], [ -7704861.479100000113249, -2056833.316500000655651 ], [ -7704909.167300000786781, -2056826.4054000005126 ], [ -7704956.8608, -2056824.064300000667572 ], [ -7704974.977600000798702, -2056778.341600000858307 ], [ -7704968.108200000599027, -2056730.363499999046326 ], [ -7704974.866100000217557, -2056682.36939999833703 ], [ -7705002.073000000789762, -2056641.206500001251698 ], [ -7705022.463500000536442, -2056597.766600001603365 ], [ -7705017.8651, -2056549.786200001835823 ], [ -7704979.220000000670552, -2056520.126299999654293 ], [ -7704931.537699999287724, -2056531.6074 ], [ -7704892.961500000208616, -2056561.358199998736382 ], [ -7704852.10869999974966, -2056586.541499998420477 ], [ -7704808.979299999773502, -2056607.157299999147654 ], [ -7704781.677200000733137, -2056566.058499999344349 ], [ -7704779.350700000301003, -2056518.075500000268221 ], [ -7704813.379200000315905, -2056483.760200001299381 ], [ -7704851.955399999395013, -2056454.009799998253584 ], [ -7704876.891100000590086, -2056412.850099999457598 ], [ -7704856.400100000202656, -2056369.458599999547005 ], [ -7704817.7555, -2056339.798700001090765 ], [ -7704779.110999999567866, -2056310.138700000941753 ], [ -7704749.540699999779463, -2056271.328000001609325 ], [ -7704713.159700000658631, -2056234.8103 ], [ -7704672.239199999719858, -2056200.582800000905991 ], [ -7704638.13230000063777, -2056166.347500000149012 ], [ -7704604.020199999213219, -2056127.542100001126528 ], [ -7704560.834100000560284, -2056097.887200001627207 ], [ -7704517.708000000566244, -2056120.786899998784065 ], [ -7704513.2204, -2056168.776999998837709 ], [ -7704483.739299999549985, -2056207.655900001525879 ], [ -7704433.786499999463558, -2056219.138399999588728 ], [ -7704386.081299999728799, -2056210.053199999034405 ], [ -7704342.954800000414252, -2056232.9527000002563 ], [ -7704306.652000000700355, -2056264.984200000762939 ], [ -7704270.277000000700355, -2056233.035799998790026 ], [ -7704224.83530000038445, -2056217.092599999159575 ], [ -7704188.532500000670552, -2056249.124000001698732 ], [ -7704165.869400000199676, -2056292.564899999648333 ], [ -7704138.661299999803305, -2056333.725999999791384 ], [ -7704097.808000000193715, -2056358.907499998807907 ], [ -7704077.418299999088049, -2056404.631000000983477 ], [ -7704061.571000000461936, -2056450.349399998784065 ], [ -7704068.440899999812245, -2056500.612399999052286 ], [ -7704084.39049999974668, -2056546.295000001788139 ], [ -7704070.814300000667572, -2056592.011199999600649 ], [ -7704098.092000000178814, -2056612.545699998736382 ], [ -7704148.061499999836087, -2056614.774000000208616 ], [ -7704195.767400000244379, -2056623.859999999403954 ], [ -7704241.173900000751019, -2056607.812899999320507 ], [ -7704286.580199999734759, -2056591.765700001269579 ], [ -7704329.756799999624491, -2056612.281700000166893 ], [ -7704336.627299999818206, -2056662.545000001788139 ], [ -7704313.964099999517202, -2056705.986900001764297 ], [ -7704341.2654, -2056747.08669999986887 ], [ -7704384.442199999466538, -2056767.602699998766184 ], [ -7704425.3531, -2056792.691399998962879 ], [ -7704473.051799999549985, -2056794.921599999070168 ], [ -7704500.259800000116229, -2056753.759100001305342 ], [ -7704500.2051, -2056705.772999998182058 ], [ -7704491.062899999320507, -2056655.512299999594688 ], [ -7704511.4543999992311, -2056612.072900000959635 ], [ -7704550.099099999293685, -2056641.733899999409914 ], [ -7704586.402200000360608, -2056609.701200000941753 ], [ -7704634.087400000542402, -2056600.505899999290705 ], [ -7704645.495899999514222, -2056646.193500000983477 ] ] ] ] } },
{ "type": "Feature", "properties": { "objectid": 200, "st_area_sh": 193626.32612799999, "st_length_": 2161.08686326, "Nombre": "Lagunas de Cotacotani", "Tipo": "Laguna", "objectid_2": 165, "shape_leng": 400296.66085400002, "dis_elec": 1, "cir_sena": 1, "cod_comuna": 15201, "codregion": 15, "st_area_sh_2": 6578680604.9099989, "st_length__2": 435298.60089200002, "Region": "Región de Arica y Parinacota", "Comuna": "Putre", "Provincia": "Parinacota" }, "geometry": { "type": "MultiPolygon", "coordinates": [ [ [ [ -7703478.418299999088049, -2057228.524300001561642 ], [ -7703509.713899999856949, -2057273.225600000470877 ], [ -7703556.619300000369549, -2057290.863000001758337 ], [ -7703609.3597, -2057284.908100001513958 ], [ -7703656.226199999451637, -2057267.166799999773502 ], [ -7703697.219100000336766, -2057237.63910000026226 ], [ -7703738.211799999698997, -2057208.111400000751019 ], [ -7703790.9649, -2057213.948699999600649 ], [ -7703831.957499999552965, -2057184.420800000429153 ], [ -7703855.348099999129772, -2057137.223600000143051 ], [ -7703902.201099999248981, -2057107.689100001007318 ], [ -7703954.940899999812245, -2057101.733300000429153 ], [ -7704007.680600000545382, -2057095.777399998158216 ], [ -7704048.67259999923408, -2057066.249299999326468 ], [ -7704066.188699999824166, -2057007.265900000929832 ], [ -7704101.313200000673532, -2056971.848099999129772 ], [ -7704136.4375, -2056936.43019999936223 ], [ -7704165.694399999454618, -2056895.122699998319149 ], [ -7704194.951199999079108, -2056853.815400000661612 ], [ -7704218.340700000524521, -2056806.618299998342991 ], [ -7704206.566400000825524, -2056759.461599998176098 ], [ -7704177.217000000178814, -2056718.221099998801947 ], [ -7704147.86769999936223, -2056676.980599999427795 ], [ -7704100.996200000867248, -2056688.826299998909235 ], [ -7704054.091700000688434, -2056671.190600000321865 ], [ -7704024.742799999192357, -2056629.950199998915195 ], [ -7703977.845000000670552, -2056618.21059999987483 ], [ -7703930.980200000107288, -2056635.952199999243021 ], [ -7703913.450799999758601, -2056683.141800001263618 ], [ -7703890.060799999162555, -2056730.338199999183416 ], [ -7703872.531400000676513, -2056777.528099998831749 ], [ -7703855.001800000667572, -2056824.718100000172853 ], [ -7703843.339199999347329, -2056877.797800000756979 ], [ -7703814.081700000911951, -2056919.104800000786781 ], [ -7703784.823999999091029, -2056960.411800000816584 ], [ -7703749.699100000783801, -2056995.829100001603365 ], [ -7703714.574100000783801, -2057031.246300000697374 ], [ -7703673.581599999219179, -2057060.773800000548363 ], [ -7703626.728399999439716, -2057090.307700000703335 ], [ -7703591.602900000289083, -2057125.724899999797344 ], [ -7703550.610200000926852, -2057155.252300001680851 ], [ -7703503.7566, -2057184.785999998450279 ], [ -7703478.418299999088049, -2057228.524300001561642 ] ] ] ] } },
{ "type": "Feature", "properties": { "objectid": 201, "st_area_sh": 24750.772058300001, "st_length_": 667.44149083800005, "Nombre": "Lagunas de Cotacotani", "Tipo": "Laguna", "objectid_2": 165, "shape_leng": 400296.66085400002, "dis_elec": 1, "cir_sena": 1, "cod_comuna": 15201, "codregion": 15, "st_area_sh_2": 6578680604.9099989, "st_length__2": 435298.60089200002, "Region": "Región de Arica y Parinacota", "Comuna": "Putre", "Provincia": "Parinacota" }, "geometry": { "type": "MultiPolygon", "coordinates": [ [ [ [ -7708922.804500000551343, -2057016.000599998980761 ], [ -7708966.490800000727177, -2056996.482799999415874 ], [ -7708993.848300000652671, -2056917.687300000339746 ], [ -7708924.62360000051558, -2056877.807799998670816 ], [ -7708850.412699999287724, -2056871.820599999278784 ], [ -7708833.1722, -2056867.740800000727177 ], [ -7708802.606599999591708, -2056860.634799998253584 ], [ -7708724.311799999326468, -2056875.037000000476837 ], [ -7708756.95130000077188, -2056932.307 ], [ -7708802.725299999117851, -2056948.657999999821186 ], [ -7708841.413899999111891, -2056979.181800000369549 ], [ -7708922.804500000551343, -2057016.000599998980761 ] ] ] ] } },
{ "type": "Feature", "properties": { "objectid": 202, "st_area_sh": 185853.46732900001, "st_length_": 2850.0237435600002, "Nombre": "Lagunas de Cotacotani", "Tipo": "Laguna", "objectid_2": 165, "shape_leng": 400296.66085400002, "dis_elec": 1, "cir_sena": 1, "cod_comuna": 15201, "codregion": 15, "st_area_sh_2": 6578680604.9099989, "st_length__2": 435298.60089200002, "Region": "Región de Arica y Parinacota", "Comuna": "Putre", "Provincia": "Parinacota" }, "geometry": { "type": "MultiPolygon", "coordinates": [ [ [ [ -7704644.1009, -2058074.554999999701977 ], [ -7704672.671399999409914, -2058033.883099999278784 ], [ -7704698.704, -2057988.978300001472235 ], [ -7704725.594900000840425, -2057946.719999998807907 ], [ -7704752.45160000026226, -2057903.402800001204014 ], [ -7704787.770500000566244, -2057867.88569999858737 ], [ -7704802.83390000090003, -2057809.491999998688698 ], [ -7704711.126700000837445, -2057807.878199998289347 ], [ -7704671.556500000879169, -2057779.067099999636412 ], [ -7704593.209599999710917, -2057725.018100000917912 ], [ -7704557.846000000834465, -2057692.892700001597404 ], [ -7704535.921299999579787, -2057648.044300001114607 ], [ -7704564.442900000140071, -2057565.014899998903275 ], [ -7704645.170499999076128, -2057515.811999998986721 ], [ -7704676.244799999520183, -2057479.374099999666214 ], [ -7704715.745400000363588, -2057448.088899999856949 ], [ -7704756.103000000119209, -2057418.391100000590086 ], [ -7704827.593599999323487, -2057375.155099999159575 ], [ -7704906.675000000745058, -2057382.607500001788139 ], [ -7704956.247400000691414, -2057329.204500000923872 ], [ -7705001.678600000217557, -2057307.177799999713898 ], [ -7705017.58530000038445, -2057239.518699999898672 ], [ -7704938.505699999630451, -2057261.58500000089407 ], [ -7704902.3608, -2057292.866399999707937 ], [ -7704853.5998, -2057308.278400000184774 ], [ -7704807.338199999183416, -2057323.554900001734495 ], [ -7704760.22440000064671, -2057341.347300000488758 ], [ -7704708.92339999973774, -2057350.673000000417233 ], [ -7704655.041300000622869, -2057346.499800000339746 ], [ -7704601.189099999144673, -2057339.8114 ], [ -7704550.713400000706315, -2057351.783100001513958 ], [ -7704505.319299999624491, -2057378.044599998742342 ], [ -7704459.069900000467896, -2057404.307100001722574 ], [ -7704417.8925, -2057436.520199999213219 ], [ -7704355.713899999856949, -2057512.83669999986887 ], [ -7704288.4386, -2057562.02309999987483 ], [ -7704318.774700000882149, -2057599.184500001370907 ], [ -7704339.019500000402331, -2057642.3141999989748 ], [ -7704349.176999999210238, -2057694.853900000452995 ], [ -7704370.279200000688434, -2057739.703600000590086 ], [ -7704408.174200000241399, -2057770.89979999884963 ], [ -7704453.625199999660254, -2057793.7478 ], [ -7704529.4035, -2057845.285500001162291 ], [ -7704541.239, -2057897.823699999600649 ], [ -7704544.692800000309944, -2057955.401799999177456 ], [ -7704551.46680000051856, -2058011.255399998277426 ], [ -7704570.039799999445677, -2058058.623599998652935 ], [ -7704644.1009, -2058074.554999999701977 ] ] ] ] } },
{ "type": "Feature", "properties": { "objectid": 203, "st_area_sh": 15049.597726600001, "st_length_": 487.79202616399999, "Nombre": "Lagunas de Cotacotani", "Tipo": "Laguna", "objectid_2": 165, "shape_leng": 400296.66085400002, "dis_elec": 1, "cir_sena": 1, "cod_comuna": 15201, "codregion": 15, "st_area_sh_2": 6578680604.9099989, "st_length__2": 435298.60089200002, "Region": "Región de Arica y Parinacota", "Comuna": "Putre", "Provincia": "Parinacota" }, "geometry": { "type": "MultiPolygon", "coordinates": [ [ [ [ -7709034.889499999582767, -2057506.64750000089407 ], [ -7709079.026799999177456, -2057513.887499999254942 ], [ -7709090.114, -2057443.319200001657009 ], [ -7709075.840700000524521, -2057396.347800001502037 ], [ -7709015.810599999502301, -2057370.750900000333786 ], [ -7708983.2961, -2057406.667599998414516 ], [ -7708952.860600000247359, -2057447.6114999987185 ], [ -7708928.289100000634789, -2057473.126499999314547 ], [ -7708940.725600000470877, -2057497.79619999974966 ], [ -7708992.59940000064671, -2057499.710499998182058 ], [ -7709034.889499999582767, -2057506.64750000089407 ] ] ] ] } },
{ "type": "Feature", "properties": { "objectid": 204, "st_area_sh": 28365.720363799999, "st_length_": 772.91794555700005, "Nombre": "Lagunas de Cotacotani", "Tipo": "Laguna", "objectid_2": 165, "shape_leng": 400296.66085400002, "dis_elec": 1, "cir_sena": 1, "cod_comuna": 15201, "codregion": 15, "st_area_sh_2": 6578680604.9099989, "st_length__2": 435298.60089200002, "Region": "Región de Arica y Parinacota", "Comuna": "Putre", "Provincia": "Parinacota" }, "geometry": { "type": "MultiPolygon", "coordinates": [ [ [ [ -7706736.129200000315905, -2057665.3706 ], [ -7706743.96000000089407, -2057614.5304000005126 ], [ -7706743.8947, -2057562.244100000709295 ], [ -7706743.831299999728799, -2057511.546399999409914 ], [ -7706740.610400000587106, -2057460.852899998426437 ], [ -7706737.381300000473857, -2057403.67339999973774 ], [ -7706655.498299999162555, -2057445.075899999588728 ], [ -7706576.643300000578165, -2057408.641199998557568 ], [ -7706556.216499999165535, -2057461.085099998861551 ], [ -7706581.4978, -2057503.808800000697374 ], [ -7706613.056099999696016, -2057541.891699999570847 ], [ -7706647.767899999395013, -2057576.661400001496077 ], [ -7706673.047700000926852, -2057617.796799998730421 ], [ -7706736.129200000315905, -2057665.3706 ] ] ] ] } },
{ "type": "Feature", "properties": { "objectid": 205, "st_area_sh": 14706.0582942, "st_length_": 467.98044028599998, "Nombre": "Lagunas de Cotacotani", "Tipo": "Laguna", "objectid_2": 165, "shape_leng": 400296.66085400002, "dis_elec": 1, "cir_sena": 1, "cod_comuna": 15201, "codregion": 15, "st_area_sh_2": 6578680604.9099989, "st_length__2": 435298.60089200002, "Region": "Región de Arica y Parinacota", "Comuna": "Putre", "Provincia": "Parinacota" }, "geometry": { "type": "MultiPolygon", "coordinates": [ [ [ [ -7706089.198799999430776, -2057828.862500000745058 ], [ -7706171.063999999314547, -2057824.657999999821186 ], [ -7706201.61769999936223, -2057767.700300000607967 ], [ -7706148.932399999350309, -2057694.166999999433756 ], [ -7706077.758899999782443, -2057726.288600001484156 ], [ -7706029.920499999076128, -2057797.431000001728535 ], [ -7706089.198799999430776, -2057828.862500000745058 ] ] ] ] } },
{ "type": "Feature", "properties": { "objectid": 206, "st_area_sh": 35559.974701799998, "st_length_": 784.41987165600005, "Nombre": "Lagunas de Cotacotani", "Tipo": "Laguna", "objectid_2": 165, "shape_leng": 400296.66085400002, "dis_elec": 1, "cir_sena": 1, "cod_comuna": 15201, "codregion": 15, "st_area_sh_2": 6578680604.9099989, "st_length__2": 435298.60089200002, "Region": "Región de Arica y Parinacota", "Comuna": "Putre", "Provincia": "Parinacota" }, "geometry": { "type": "MultiPolygon", "coordinates": [ [ [ [ -7707869.636, -2057989.276500001549721 ], [ -7707917.356000000610948, -2057932.822700001299381 ], [ -7707904.010199999436736, -2057838.723700001835823 ], [ -7707871.36710000038147, -2057752.857599999755621 ], [ -7707808.3728, -2057774.517200000584126 ], [ -7707781.982799999415874, -2057817.44029999896884 ], [ -7707752.533800000324845, -2057860.499899998307228 ], [ -7707712.937699999660254, -2057891.262299999594688 ], [ -7707669.223200000822544, -2057916.867400001734495 ], [ -7707671.331499999389052, -2057970.078499998897314 ], [ -7707722.189400000497699, -2057974.115299999713898 ], [ -7707777.083699999377131, -2057970.866300001740456 ], [ -7707869.636, -2057989.276500001549721 ] ] ] ] } },
{ "type": "Feature", "properties": { "objectid": 207, "st_area_sh": 178647.68604, "st_length_": 1573.00365369, "Nombre": "Laguna Cotapujo", "Tipo": "Laguna", "objectid_2": 165, "shape_leng": 400296.66085400002, "dis_elec": 1, "cir_sena": 1, "cod_comuna": 15201, "codregion": 15, "st_area_sh_2": 6578680604.9099989, "st_length__2": 435298.60089200002, "Region": "Región de Arica y Parinacota", "Comuna": "Putre", "Provincia": "Parinacota" }, "geometry": { "type": "MultiPolygon", "coordinates": [ [ [ [ -7714903.392000000923872, -2058120.771699998527765 ], [ -7714904.469799999147654, -2058156.113600000739098 ], [ -7714937.028300000354648, -2058192.462000001221895 ], [ -7714960.946100000292063, -2058235.046500001102686 ], [ -7714982.398299999535084, -2058278.429400000721216 ], [ -7715017.386600000783801, -2058311.993999999016523 ], [ -7715063.898399999365211, -2058332.169399999082088 ], [ -7715142.467700000852346, -2058343.951499998569489 ], [ -7715224.246200000867248, -2058327.267299998551607 ], [ -7715266.997199999168515, -2058301.117600001394749 ], [ -7715304.344699999317527, -2058269.682 ], [ -7715339.6491, -2058236.131799999624491 ], [ -7715372.909900000318885, -2058200.070000000298023 ], [ -7715405.312699999660254, -2058162.421100001782179 ], [ -7715435.670299999415874, -2058121.334100000560284 ], [ -7715453.683299999684095, -2058074.575899999588728 ], [ -7715452.305299999192357, -2058056.972699999809265 ], [ -7715449.918299999088049, -2058026.133900001645088 ], [ -7715425.177400000393391, -2057983.55180000141263 ], [ -7715387.296900000423193, -2057951.449400000274181 ], [ -7715342.423900000751019, -2057927.433499999344349 ], [ -7715297.5833, -2057903.152699999511242 ], [ -7715256.42200000025332, -2057875.953499998897314 ], [ -7715166.743300000205636, -2057868.161899998784065 ], [ -7715120.715500000864267, -2057881.476300001144409 ], [ -7715076.772399999201298, -2057902.332299999892712 ], [ -7715064.882200000807643, -2057932.532999999821186 ], [ -7715024.277000000700355, -2058002.890500001609325 ], [ -7714986.1074, -2058034.458999998867512 ], [ -7714943.388000000268221, -2058059.681099999696016 ], [ -7714902.314099999144673, -2058085.429900001734495 ], [ -7714903.392000000923872, -2058120.771699998527765 ] ] ] ] } },
{ "type": "Feature", "properties": { "objectid": 208, "st_area_sh": 4997290.0553700002, "st_length_": 34727.721147700002, "Nombre": "Laguna Cotacotani", "Tipo": "Laguna", "objectid_2": 165, "shape_leng": 400296.66085400002, "dis_elec": 1, "cir_sena": 1, "cod_comuna": 15201, "codregion": 15, "st_area_sh_2": 6578680604.9099989, "st_length__2": 435298.60089200002, "Region": "Región de Arica y Parinacota", "Comuna": "Putre", "Provincia": "Parinacota" }, "geometry": { "type": "MultiPolygon", "coordinates": [ [ [ [ -7706190.477399999275804, -2061353.043499998748302 ], [ -7706232.9419, -2061320.157000001519918 ], [ -7706264.464099999517202, -2061270.999699998646975 ], [ -7706282.788799999281764, -2061217.754599999636412 ], [ -7706298.812999999150634, -2061166.36600000038743 ], [ -7706326.887399999424815, -2061122.906100001186132 ], [ -7706368.799799999222159, -2061096.242899999022484 ], [ -7706418.450200000777841, -2061075.395300000905991 ], [ -7706465.5208, -2061043.562199998646975 ], [ -7706490.436000000685453, -2060999.709100000560284 ], [ -7706487.512299999594688, -2060949.933400001376867 ], [ -7706469.653799999505281, -2060900.83839999884367 ], [ -7706442.032700000330806, -2060858.110599998384714 ], [ -7706406.9496, -2060820.025800000876188 ], [ -7706377.58500000089407, -2060777.300200000405312 ], [ -7706362.588999999687076, -2060728.201999999582767 ], [ -7706359.07149999961257, -2060676.839000001549721 ], [ -7706369.371400000527501, -2060625.855999998748302 ], [ -7706389.411100000143051, -2060576.714400000870228 ], [ -7706399.120200000703335, -2060527.05629999935627 ], [ -7706385.53830000013113, -2060477.427400000393391 ], [ -7706391.495100000873208, -2060399.310699999332428 ], [ -7706438.537900000810623, -2060372.77419999986887 ], [ -7706485.034700000658631, -2060330.484299998730421 ], [ -7706507.9265, -2060273.793600000441074 ], [ -7706494.6426, -2060225.886 ], [ -7706411.933199999853969, -2060220.164500001817942 ], [ -7706378.092399999499321, -2060254.892200000584126 ], [ -7706337.331800000742078, -2060280.361400000751019 ], [ -7706286.250199999660254, -2060286.250100001692772 ], [ -7706238.530099999159575, -2060270.158100001513958 ], [ -7706202.8918999992311, -2060234.325199998915195 ], [ -7706178.13150000013411, -2060189.344300001859665 ], [ -7706172.907999999821186, -2060141.294300001114607 ], [ -7706240.053300000727177, -2060090.374699998646975 ], [ -7706290.002499999478459, -2060073.631999999284744 ], [ -7706337.043800000101328, -2060046.301899999380112 ], [ -7706384.719399999827147, -2060026.649300001561642 ], [ -7706432.929700000211596, -2060013.879999998956919 ], [ -7706486.286800000816584, -2059960.064599998295307 ], [ -7706411.571000000461936, -2059926.664599999785423 ], [ -7706374.19679999910295, -2059896.659800000488758 ], [ -7706346.315400000661612, -2059855.125700000673532 ], [ -7706308.572300000116229, -2059765.548300001770258 ], [ -7706280.323200000450015, -2059692.242600001394749 ], [ -7706288.321599999442697, -2059642.456399999558926 ], [ -7706297.439200000837445, -2059593.330800000578165 ], [ -7706314.057800000533462, -2059544.857999999076128 ], [ -7706335.249199999496341, -2059496.776599999517202 ], [ -7706346.670099999755621, -2059448.310400001704693 ], [ -7706337.991699999198318, -2059399.736999999731779 ], [ -7706315.532400000840425, -2059352.901799999177456 ], [ -7706301.0976, -2059304.468100000172853 ], [ -7706309.654999999329448, -2059254.682100001722574 ], [ -7706346.6524, -2059220.084600001573563 ], [ -7706407.533299999311566, -2059213.654399998486042 ], [ -7706465.282500000670552, -2059228.541299998760223 ], [ -7706504.959000000730157, -2059259.071600001305342 ], [ -7706528.534099999815226, -2059303.522100001573563 ], [ -7706528.5965, -2059353.826999999582767 ], [ -7706515.467199999839067, -2059403.619100000709295 ], [ -7706512.66609999909997, -2059452.736400000751019 ], [ -7706512.134800000116229, -2059501.850900001823902 ], [ -7706501.27280000038445, -2059549.787099998444319 ], [ -7706494.45920000039041, -2059599.439300000667572 ], [ -7706511.161800000816584, -2059645.752599999308586 ], [ -7706549.1327, -2059679.72749999910593 ], [ -7706580.8125, -2059760.044799998402596 ], [ -7706564.787399999797344, -2059809.17960000038147 ], [ -7706581.541799999773502, -2059896.929699998348951 ], [ -7706616.622899999842048, -2059934.482900001108646 ], [ -7706660.320900000631809, -2059970.304299999028444 ], [ -7706713.208100000396371, -2059988.63910000026226 ], [ -7706764.280200000852346, -2059975.865499999374151 ], [ -7706809.046599999070168, -2059945.227699998766184 ], [ -7706856.124199999496341, -2059921.470899999141693 ], [ -7706906.6447, -2059915.052099999040365 ], [ -7706957.214099999517202, -2059921.342199999839067 ], [ -7707008.907199999317527, -2059931.7346 ], [ -7707062.341499999165535, -2059940.271200001239777 ], [ -7707114.617900000885129, -2059943.646200001239777 ], [ -7707163.985500000417233, -2059936.036800000816584 ], [ -7707211.064999999478459, -2059914.132599998265505 ], [ -7707253.527000000700355, -2059882.83500000089407 ], [ -7707290.261299999430776, -2059848.632199998944998 ], [ -7707324.658399999141693, -2059813.373399998992682 ], [ -7707359.087400000542402, -2059777.4527000002563 ], [ -7707393.484400000423193, -2059742.193900000303984 ], [ -7707426.755200000479817, -2059701.111699998378754 ], [ -7707452.545399999246001, -2059649.713300000876188 ], [ -7707457.644600000232458, -2059598.871399998664856 ], [ -7707390.395899999886751, -2059565.465900000184774 ], [ -7707346.215199999511242, -2059589.749200001358986 ], [ -7707314.6513, -2059627.916499998420477 ], [ -7707302.673499999567866, -2059676.516699999570847 ], [ -7707292.37470000050962, -2059726.1739999987185 ], [ -7707261.994000000879169, -2059763.8103 ], [ -7707217.221300000324845, -2059788.6239 ], [ -7707170.139399999752641, -2059808.409800000488758 ], [ -7707120.781400000676513, -2059823.432700000703335 ], [ -7707065.656600000336766, -2059830.519799999892712 ], [ -7707008.779400000348687, -2059830.592599999159575 ], [ -7706957.651000000536442, -2059824.303399998694658 ], [ -7706913.35950000025332, -2059761.344900000840425 ], [ -7706978.745799999684095, -2059700.629599999636412 ], [ -7707025.839400000870228, -2059690.111099999397993 ], [ -7707072.333599999547005, -2059673.900800000876188 ], [ -7707111.92820000089705, -2059638.503600001335144 ], [ -7707133.115800000727177, -2059588.832600001245737 ], [ -7707131.339199999347329, -2059536.808400001376867 ], [ -7707076.667500000447035, -2059459.43470000103116 ], [ -7707028.406999999657273, -2059457.245999999344349 ], [ -7706985.377499999478459, -2059481.526999998837709 ], [ -7706948.084799999371171, -2059516.258900001645088 ], [ -7706909.642799999564886, -2059552.713100001215935 ], [ -7706883.282999999821186, -2059596.697799999266863 ], [ -7706881.634800000116229, -2059646.343699999153614 ], [ -7706889.16469999961555, -2059696.110399998724461 ], [ -7706883.469699999317527, -2059745.232099998742342 ], [ -7706859.972799999639392, -2059790.272599998861551 ], [ -7706782.455900000408292, -2059805.462900001555681 ], [ -7706751.3871, -2059767.243099998682737 ], [ -7706734.679700000211596, -2059717.620200000703335 ], [ -7706727.145999999716878, -2059664.543800000101328 ], [ -7706723.627000000327826, -2059612.521600000560284 ], [ -7706726.457499999552965, -2059561.020899999886751 ], [ -7706740.174499999731779, -2059507.918099999427795 ], [ -7706764.2195999994874, -2059454.1404 ], [ -7706798.0417, -2059406.04280000180006 ], [ -7706839.344100000336766, -2059368.526299998164177 ], [ -7706887.564999999478459, -2059339.473400000482798 ], [ -7706942.090199999511242, -2059327.357299998402596 ], [ -7706995.519200000911951, -2059332.981499999761581 ], [ -7707068.428999999538064, -2059291.982299998402596 ], [ -7707109.073200000450015, -2059202.837799999862909 ], [ -7707179.181399999186397, -2059235.71059999987483 ], [ -7707185.559000000357628, -2059284.286200001835823 ], [ -7707185.626599999144673, -2059337.371100001037121 ], [ -7707197.210400000214577, -2059392.824099998921156 ], [ -7707267.058900000527501, -2059453.497400000691414 ], [ -7707314.119300000369549, -2059417.561000000685453 ], [ -7707337.308399999514222, -2059364.445900000631809 ], [ -7707353.334899999201298, -2059318.091600000858307 ], [ -7707385.426200000569224, -2059281.115600001066923 ], [ -7707431.947699999436736, -2059261.462900001555681 ], [ -7707485.3333, -2059259.010600000619888 ], [ -7707556.062000000849366, -2059313.194699998944998 ], [ -7707560.734400000423193, -2059365.214499998837709 ], [ -7707602.675100000575185, -2059390.047499999403954 ], [ -7707658.298000000417233, -2059311.339999999850988 ], [ -7707730.08809999935329, -2059321.174400001764297 ], [ -7707768.615199999883771, -2059351.703899998217821 ], [ -7707853.680600000545382, -2059400.705400001257658 ], [ -7707906.61009999923408, -2059476.887600000947714 ], [ -7707948.5866, -2059503.440900001674891 ], [ -7707991.189799999818206, -2059581.357900001108646 ], [ -7707970.558199999853969, -2059627.057500001043081 ], [ -7707932.718299999833107, -2059669.867499999701977 ], [ -7707916.736500000581145, -2059749.583700001239777 ], [ -7707963.270199999213219, -2059763.951900001615286 ], [ -7708055.78830000013113, -2059800.2347999997437 ], [ -7708098.21169999986887, -2059740.737799998372793 ], [ -7708107.355699999257922, -2059689.8902000002563 ], [ -7708133.115499999374151, -2059641.800599999725819 ], [ -7708170.397900000214577, -2059600.712099999189377 ], [ -7708217.692199999466538, -2059518.70380000025034 ], [ -7708211.312100000679493, -2059470.127999998629093 ], [ -7708183.953199999406934, -2059427.93470000103116 ], [ -7708147.716600000858307, -2059388.798000000417233 ], [ -7708116.668199999257922, -2059342.505800001323223 ], [ -7708082.141000000759959, -2059302.175500001758337 ], [ -7708037.302799999713898, -2059275.626499999314547 ], [ -7708000.515799999237061, -2059242.712499998509884 ], [ -7707983.216600000858307, -2059195.343199998140335 ], [ -7707963.059599999338388, -2059150.890099998563528 ], [ -7707880.921800000593066, -2059151.660599999129772 ], [ -7707848.2434, -2059191.550299998372793 ], [ -7707783.348200000822544, -2059196.798700001090765 ], [ -7707741.899599999189377, -2059120.072599999606609 ], [ -7707710.8278, -2059080.13459999859333 ], [ -7707693.5296, -2059032.7654 ], [ -7707692.313300000503659, -2058982.595199998468161 ], [ -7707645.149700000882149, -2058912.098999999463558 ], [ -7707591.12639999948442, -2058904.094500001519918 ], [ -7707533.415999999269843, -2058893.711899999529123 ], [ -7707477.102399999275804, -2058869.559999998658895 ], [ -7707431.962600000202656, -2058837.318300001323223 ], [ -7707398.590900000184774, -2058798.574799999594688 ], [ -7707360.0929000005126, -2058763.941700000315905 ], [ -7707312.97069999948144, -2058750.235399998724461 ], [ -7707266.471400000154972, -2058760.620900001376867 ], [ -7707225.158600000664592, -2058788.473600000143051 ], [ -7707188.426000000908971, -2058822.541999999433756 ], [ -7707154.590299999341369, -2058858.460099998861551 ], [ -7707124.771199999377131, -2058897.152899999171495 ], [ -7707098.410399999469519, -2058939.415600001811981 ], [ -7707069.1897, -2058983.403000000864267 ], [ -7707029.596899999305606, -2059019.196100000292063 ], [ -7706985.9836, -2059049.302000001072884 ], [ -7706953.864099999889731, -2059090.380699999630451 ], [ -7706934.385700000450015, -2059138.989100001752377 ], [ -7706914.937899999320507, -2059185.744100000709295 ], [ -7706888.579199999570847, -2059230.257599998265505 ], [ -7706851.848899999633431, -2059267.370999999344349 ], [ -7706799.608300000429153, -2059291.133499998599291 ], [ -7706739.323000000789762, -2059300.476599998772144 ], [ -7706682.476500000804663, -2059297.636 ], [ -7706632.747400000691414, -2059277.973900001496077 ], [ -7706589.645300000905991, -2059244.00620000064373 ], [ -7706572.021199999377131, -2059170.689399998635054 ], [ -7706601.8344, -2059126.039799999445677 ], [ -7706628.779999999329448, -2059076.892799999564886 ], [ -7706647.661299999803305, -2059023.784800000488758 ], [ -7706663.67989999987185, -2058970.018500000238419 ], [ -7706683.153000000864267, -2058916.77760000154376 ], [ -7706708.353399999439716, -2058866.574200000613928 ], [ -7706741.029100000858307, -2058823.112799998372793 ], [ -7706780.028599999845028, -2058786.129900000989437 ], [ -7706823.637399999424815, -2058752.583000000566244 ], [ -7706871.263499999418855, -2058722.472800001502037 ], [ -7706924.101299999281764, -2058703.872699998319149 ], [ -7706978.622300000861287, -2058689.903599999845028 ], [ -7706983.153899999335408, -2058631.519400000572205 ], [ -7706942.322300000116229, -2058597.550599999725819 ], [ -7706899.224099999293685, -2058565.835099998861551 ], [ -7706850.387700000777841, -2058548.555799998342991 ], [ -7706800.4079, -2058537.631999999284744 ], [ -7706769.304400000721216, -2058470.027100000530481 ], [ -7706741.098999999463558, -2058431.409000001847744 ], [ -7706711.884800000116229, -2058480.557399999350309 ], [ -7706670.590500000864267, -2058523.36710000038147 ], [ -7706625.275000000372529, -2058559.8277000002563 ], [ -7706583.975199999287724, -2058598.533700000494719 ], [ -7706540.92989999987185, -2058635.653299998492002 ], [ -7706496.168099999427795, -2058668.009500000625849 ], [ -7706458.3169, -2058702.739700000733137 ], [ -7706422.183900000527501, -2058743.822000000625849 ], [ -7706375.7105, -2058775.650699999183416 ], [ -7706298.691600000485778, -2058738.151200000196695 ], [ -7706285.130599999800324, -2058677.539099998772144 ], [ -7706285.5932, -2058598.906500000506639 ], [ -7706294.9901, -2058536.545400001108646 ], [ -7706308.715900000184774, -2058490.329 ], [ -7706315.5625, -2058440.5471 ], [ -7706318.359099999070168, -2058387.460999999195337 ], [ -7706320.033500000834465, -2058331.331700000911951 ], [ -7706307.896999999880791, -2058278.7939000017941 ], [ -7706229.156899999827147, -2058230.971999999135733 ], [ -7706180.349300000816584, -2058236.195099998265505 ], [ -7706130.37639999948442, -2058229.902800001204014 ], [ -7706083.247500000521541, -2058209.178199999034405 ], [ -7706039.567700000479817, -2058184.345499999821186 ], [ -7705999.892000000923872, -2058152.094999998807907 ], [ -7705980.333000000566244, -2058108.170899998396635 ], [ -7705981.125900000333786, -2058056.808899998664856 ], [ -7705969.5888, -2058009.433400001376867 ], [ -7705935.9265, -2057971.880699999630451 ], [ -7705854.364299999549985, -2057955.169100001454353 ], [ -7705817.6667, -2057991.616399999707937 ], [ -7705799.3399, -2058041.940600000321865 ], [ -7705835.623999999836087, -2058126.218400001525879 ], [ -7705881.016000000759959, -2058152.770100001245737 ], [ -7705925.299599999561906, -2058187.397999998182058 ], [ -7705930.574300000444055, -2058278.730000000447035 ], [ -7705896.141699999570847, -2058311.7335 ], [ -7705861.150399999693036, -2058345.267200000584126 ], [ -7705822.139699999243021, -2058373.643100000917912 ], [ -7705773.343399999663234, -2058388.660999998450279 ], [ -7705723.955800000578165, -2058404.341400001198053 ], [ -7705688.962600000202656, -2058436.683499999344349 ], [ -7705663.750700000673532, -2058478.942099999636412 ], [ -7705625.893500000238419, -2058509.566799998283386 ], [ -7705573.644400000572205, -2058525.912300001829863 ], [ -7705515.636800000444055, -2058540.411200001835823 ], [ -7705455.940899999812245, -2058546.175200000405312 ], [ -7705401.919399999082088, -2058538.165100000798702 ], [ -7705318.700099999085069, -2058568.3141999989748 ], [ -7705250.9847, -2058607.710900001227856 ], [ -7705241.683199999853969, -2058530.281599998474121 ], [ -7705268.640900000929832, -2058489.212799999862909 ], [ -7705298.459499999880791, -2058447.611099999397993 ], [ -7705333.444399999454618, -2058407.724199999123812 ], [ -7705370.7324, -2058368.364 ], [ -7705399.953099999576807, -2058322.129999998956919 ], [ -7705428.0559, -2058276.426899999380112 ], [ -7705469.370100000873208, -2058248.578600000590086 ], [ -7705518.181399999186397, -2058246.269499998539686 ], [ -7705563.0077, -2058267.527800001204014 ], [ -7705606.102099999785423, -2058298.186799999326468 ], [ -7705685.3465, -2058273.733800001442432 ], [ -7705684.135800000280142, -2058224.094799999147654 ], [ -7705660.527300000190735, -2058176.733399998396635 ], [ -7705636.920399999246001, -2058130.563400000333786 ], [ -7705602.991900000721216, -2058090.098000001162291 ], [ -7705556.999500000849366, -2058056.133499998599291 ], [ -7705521.92, -2058015.66950000077486 ], [ -7705501.766799999400973, -2057968.966099999845028 ], [ -7705479.870899999514222, -2057922.794300001114607 ], [ -7705400.042999999597669, -2057898.004099998623133 ], [ -7705354.122899999842048, -2057924.665899999439716 ], [ -7705312.228000000119209, -2057961.647999998182058 ], [ -7705278.992000000551343, -2058005.635499998927116 ], [ -7705255.498299999162555, -2058054.774000000208616 ], [ -7705237.174100000411272, -2058108.539599999785423 ], [ -7705217.137499999254942, -2058160.586399998515844 ], [ -7705183.299200000241399, -2058196.36769999936223 ], [ -7705131.904400000348687, -2058211.519400000572205 ], [ -7705077.348999999463558, -2058224.291900001466274 ], [ -7705032.875, -2058250.819400001317263 ], [ -7704994.459599999710917, -2058282.767000000923872 ], [ -7704949.684699999168515, -2058305.3235 ], [ -7704902.609099999070168, -2058329.603500001132488 ], [ -7704860.711799999698997, -2058366.0559 ], [ -7704817.127499999478459, -2058394.4353 ], [ -7704767.731000000610948, -2058403.09739999845624 ], [ -7704714.905799999833107, -2058405.012299999594688 ], [ -7704662.640100000426173, -2058407.3235 ], [ -7704612.676899999380112, -2058409.631900001317263 ], [ -7704565.005999999120831, -2058402.803599998354912 ], [ -7704521.325500000268221, -2058376.246599998325109 ], [ -7704478.192700000479817, -2058339.363600000739098 ], [ -7704431.648199999704957, -2058310.559399999678135 ], [ -7704383.380000000819564, -2058298.965900000184774 ], [ -7704334.012000000104308, -2058303.655699998140335 ], [ -7704289.8277000002563, -2058325.680500000715256 ], [ -7704262.866399999707937, -2058365.026799999177456 ], [ -7704249.1393, -2058414.153900001198053 ], [ -7704227.097799999639392, -2058470.174100000411272 ], [ -7704193.842000000178814, -2058528.589999999850988 ], [ -7704168.342399999499321, -2058581.172600001096725 ], [ -7704151.161800000816584, -2058630.965999998152256 ], [ -7704136.285599999129772, -2058682.345300000160933 ], [ -7704132.3322, -2058735.565699998289347 ], [ -7704149.035299999639392, -2058787.571199998259544 ], [ -7704184.703400000929832, -2058826.185100000351667 ], [ -7704231.827199999243021, -2058842.943500000983477 ], [ -7704282.940600000321865, -2058838.781300000846386 ], [ -7704329.430500000715256, -2058818.474199999123812 ], [ -7704372.45920000039041, -2058791.949200000613928 ], [ -7704413.773399999365211, -2058761.85190000012517 ], [ -7704449.355799999088049, -2058724.745099999010563 ], [ -7704484.903999999165535, -2058686.579300001263618 ], [ -7704527.959100000560284, -2058654.75899999961257 ], [ -7704575.035900000482798, -2058630.479499999433756 ], [ -7704623.2456, -2058618.906800001859665 ], [ -7704685.909399999305606, -2058676.550500001758337 ], [ -7704676.787699999287724, -2058725.143699999898672 ], [ -7704651.575200000777841, -2058768.9901 ], [ -7704615.996500000357628, -2058809.009700000286102 ], [ -7704571.227900000289083, -2058838.4496 ], [ -7704529.9079, -2058863.38459999859333 ], [ -7704534.004200000315905, -2058936.188200000673532 ], [ -7704616.176599999889731, -2058966.143100000917912 ], [ -7704600.771800000220537, -2059043.603100001811981 ], [ -7704560.014799999073148, -2059071.979600001126528 ], [ -7704518.407299999147654, -2059104.857999999076128 ], [ -7704486.3224, -2059151.7577 ], [ -7704476.875600000843406, -2059204.323699999600649 ], [ -7704484.991699999198318, -2059254.089600000530481 ], [ -7704490.211400000378489, -2059302.535199999809265 ], [ -7704521.88990000076592, -2059389.208599999547005 ], [ -7704557.60080000013113, -2059463.6985 ], [ -7704492.16579999960959, -2059516.3301 ], [ -7704448.488399999216199, -2059494.404899999499321 ], [ -7704409.398800000548363, -2059456.9857 ], [ -7704335.888599999248981, -2059466.866399999707937 ], [ -7704323.901699999347329, -2059513.611200001090765 ], [ -7704355.556199999526143, -2059579.5016999989748 ], [ -7704434.239299999549985, -2059576.498799998313189 ], [ -7704469.3608, -2059653.373100001364946 ], [ -7704401.659900000318885, -2059710.111400000751019 ], [ -7704436.1393, -2059742.903000000864267 ], [ -7704484.956199999898672, -2059742.317200001329184 ], [ -7704532.935000000521541, -2059756.691599998623133 ], [ -7704578.681900000199676, -2059832.892200000584126 ], [ -7704574.777000000700355, -2059927.684500001370907 ], [ -7704593.776200000196695, -2059972.144099999219179 ], [ -7704570.908600000664592, -2060054.249899998307228 ], [ -7704542.240199999883771, -2060098.235399998724461 ], [ -7704519.8925, -2060146.185199998319149 ], [ -7704487.765100000426173, -2060186.070799998939037 ], [ -7704438.970899999141693, -2060207.573800001293421 ], [ -7704351.153599999845028, -2060251.495000001043081 ], [ -7704337.982699999585748, -2060298.904899999499321 ], [ -7704349.5175, -2060346.28660000115633 ], [ -7704426.254799999296665, -2060394.255300000309944 ], [ -7704511.034399999305606, -2060426.460299998521805 ], [ -7704532.895899999886751, -2060470.917599998414516 ], [ -7704544.4364, -2060522.933200001716614 ], [ -7704566.891699999570847, -2060568.581500001251698 ], [ -7704606.5713, -2060602.030099999159575 ], [ -7704651.9679000005126, -2060629.1173 ], [ -7704693.94649999961257, -2060659.120999999344349 ], [ -7704731.8849, -2060694.292500000447035 ], [ -7704769.856599999591708, -2060729.596400000154972 ], [ -7704811.24070000089705, -2060757.217700000852346 ], [ -7704859.490599999204278, -2060776.225400000810623 ], [ -7704915.237299999222159, -2060791.782000001519918 ], [ -7704971.533099999651313, -2060798.600099999457598 ], [ -7705020.9145, -2060800.395300000905991 ], [ -7705066.888599999248981, -2060814.1096 ], [ -7705115.7331000007689, -2060834.837099999189377 ], [ -7705165.154999999329448, -2060842.986699998378754 ], [ -7705212.807299999520183, -2060829.028999999165535 ], [ -7705260.45160000026226, -2060808.186799999326468 ], [ -7705309.26410000026226, -2060801.773699998855591 ], [ -7705358.687899999320507, -2060811.511500000953674 ], [ -7705405.79109999909997, -2060833.961500000208616 ], [ -7705450.631300000473857, -2060862.239399999380112 ], [ -7705498.3235, -2060881.77589999884367 ], [ -7705548.895600000396371, -2060888.731699999421835 ], [ -7705616.1119, -2060893.813700001686811 ], [ -7705655.127599999308586, -2060865.43470000103116 ], [ -7705692.426300000399351, -2060831.894400000572205 ], [ -7705780.24860000051558, -2060792.467500001192093 ], [ -7705829.079800000414252, -2060801.675299998372793 ], [ -7705880.20890000090003, -2060806.776000000536442 ], [ -7705915.763599999248981, -2060746.097500000149012 ], [ -7705885.846599999815226, -2060708.005699999630451 ], [ -7705855.872500000521541, -2060622.518399998545647 ], [ -7705917.808199999853969, -2060559.954700000584126 ], [ -7705968.930500000715256, -2060559.892000000923872 ], [ -7706020.655600000172853, -2060568.566100001335144 ], [ -7706066.636800000444055, -2060588.103100001811981 ], [ -7706104.578199999406934, -2060623.934000000357628 ], [ -7706141.965900000184774, -2060664.266699999570847 ], [ -7706183.919600000604987, -2060698.901000000536442 ], [ -7706219.590900000184774, -2060734.204999998211861 ], [ -7706244.352, -2060779.187100000679493 ], [ -7706273.690500000491738, -2060827.738099999725819 ], [ -7706313.945499999448657, -2060871.642000000923872 ], [ -7706333.587600000202656, -2060953.567899998277426 ], [ -7706267.6118, -2061021.302400000393391 ], [ -7706261.355000000447035, -2061069.898200001567602 ], [ -7706255.101700000464916, -2061121.274300001561642 ], [ -7706228.73340000025928, -2061161.157400000840425 ], [ -7706186.255200000479817, -2061182.657800000160933 ], [ -7706109.921900000423193, -2061228.957499999552965 ], [ -7706099.057499999180436, -2061276.367899999022484 ], [ -7706112.309000000357628, -2061324.940200001001358 ], [ -7706190.477399999275804, -2061353.043499998748302 ] ], [ [ -7705594.314300000667572, -2060649.735199999064207 ], [ -7705547.364399999380112, -2060602.613000001758337 ], [ -7705506.297399999573827, -2060573.175700001418591 ], [ -7705494.517899999395013, -2060526.011199999600649 ], [ -7705447.610500000417233, -2060514.272999998182058 ], [ -7705400.69620000012219, -2060496.63740000128746 ], [ -7705388.916899999603629, -2060449.472899999469519 ], [ -7705412.307600000873208, -2060402.266399998217821 ], [ -7705470.874900000169873, -2060360.914900001138449 ], [ -7705523.629599999636412, -2060360.851399999111891 ], [ -7705576.4054000005126, -2060378.479499999433756 ], [ -7705599.90819999948144, -2060425.62950000166893 ], [ -7705611.687999999150634, -2060472.793800000101328 ], [ -7705635.191099999472499, -2060519.943999998271465 ], [ -7705682.098600000143051, -2060531.681800000369549 ], [ -7705711.350400000810623, -2060484.467599999159575 ], [ -7705758.222400000318885, -2060466.718699999153614 ], [ -7705799.2895, -2060496.155299998819828 ], [ -7705811.069700000807643, -2060543.319499999284744 ], [ -7705781.81110000051558, -2060584.636599998921156 ], [ -7705764.282700000330806, -2060631.836800001561642 ], [ -7705770.2083, -2060684.905999999493361 ], [ -7705746.818099999800324, -2060732.113600000739098 ], [ -7705711.690199999138713, -2060767.540699999779463 ], [ -7705664.824500000104308, -2060791.187199998646975 ], [ -7705623.827500000596046, -2060820.72410000115633 ], [ -7705582.759999999776483, -2060791.28660000115633 ], [ -7705570.980100000277162, -2060744.121599998325109 ], [ -7705582.647299999371171, -2060696.928300000727177 ], [ -7705594.314300000667572, -2060649.735199999064207 ] ], [ [ -7704796.644300000742078, -2060237.872099999338388 ], [ -7704814.174499999731779, -2060190.673500001430511 ], [ -7704831.704600000753999, -2060143.475099999457598 ], [ -7704872.701400000602007, -2060113.940999999642372 ], [ -7704919.580299999564886, -2060102.091400001198053 ], [ -7704966.452099999412894, -2060084.3445999994874 ], [ -7705013.323899999260902, -2060066.597699999809265 ], [ -7705060.24379999935627, -2060090.131099998950958 ], [ -7705048.575899999588728, -2060137.322700001299381 ], [ -7705054.499299999326468, -2060190.390799999237061 ], [ -7705101.419700000435114, -2060213.9243 ], [ -7705119.059599999338388, -2060261.081399999558926 ], [ -7705154.2708, -2060296.4232 ], [ -7705166.0494, -2060343.587400000542402 ], [ -7705148.519899999722838, -2060390.78660000115633 ], [ -7705136.85190000012517, -2060437.978999998420477 ], [ -7705125.183900000527501, -2060485.171300001442432 ], [ -7705142.824200000613928, -2060532.329100001603365 ], [ -7705148.755100000649691, -2060591.295499999076128 ], [ -7705154.678999999538064, -2060644.364700000733137 ], [ -7705166.457800000905991, -2060691.529800001531839 ], [ -7705154.78969999961555, -2060738.722800001502037 ], [ -7705102.034099999815226, -2060738.785399999469519 ], [ -7705055.112600000575185, -2060715.251400001347065 ], [ -7705008.191299999132752, -2060691.717300001531839 ], [ -7704967.124800000339746, -2060662.2787000015378 ], [ -7704931.9134, -2060626.936000000685453 ], [ -7704890.847300000488758, -2060597.497499998658895 ], [ -7704855.656600000336766, -2060579.846700001507998 ], [ -7704826.300300000235438, -2060538.599599998444319 ], [ -7704814.522399999201298, -2060491.434799998998642 ], [ -7704802.7445, -2060444.269900001585484 ], [ -7704796.82149999961257, -2060391.201099999248981 ], [ -7704790.898499999195337, -2060338.132399998605251 ], [ -7704784.975600000470877, -2060285.063799999654293 ], [ -7704796.644300000742078, -2060237.872099999338388 ] ], [ [ -7704936.6371, -2059647.99040000140667 ], [ -7704901.509600000455976, -2059683.414299998432398 ], [ -7704866.361400000751019, -2059701.146899998188019 ], [ -7704819.456299999728799, -2059689.407699998468161 ], [ -7704772.551100000739098, -2059677.668299999088049 ], [ -7704743.291500000283122, -2059718.982200000435114 ], [ -7704696.372899999842048, -2059695.4485 ], [ -7704678.72749999910593, -2059642.395100001245737 ], [ -7704666.950500000268221, -2059595.232200000435114 ], [ -7704661.028100000694394, -2059542.165500000119209 ], [ -7704672.696599999442697, -2059494.975499998778105 ], [ -7704696.087899999693036, -2059447.771999999880791 ], [ -7704690.165500000119209, -2059394.70549999922514 ], [ -7704690.104499999433756, -2059341.632599998265505 ], [ -7704701.772900000214577, -2059294.442899998277426 ], [ -7704719.302500000223517, -2059247.2467 ], [ -7704736.832000000402331, -2059200.050500001758337 ], [ -7704760.216099999845028, -2059146.950599998235703 ], [ -7704789.474899999797344, -2059105.637800000607967 ], [ -7704818.7335, -2059064.324999999254942 ], [ -7704865.596200000494719, -2059040.682500001043081 ], [ -7704912.4726, -2059028.833700001239777 ], [ -7704965.223799999803305, -2059028.771600000560284 ], [ -7705012.127699999138713, -2059040.510099999606609 ], [ -7705059.031400000676513, -2059052.248599998652935 ], [ -7705105.949100000783801, -2059075.780799999833107 ], [ -7705152.859899999573827, -2059093.416000001132488 ], [ -7705194.369300000369549, -2059122.524900000542402 ], [ -7705246.716600000858307, -2059158.170699998736382 ], [ -7705264.356000000610948, -2059205.325300000607967 ], [ -7705258.557199999690056, -2059258.404899999499321 ], [ -7705246.890100000426173, -2059305.594799999147654 ], [ -7705235.222999999299645, -2059352.784600000828505 ], [ -7705223.555800000205636, -2059399.974700000137091 ], [ -7705194.297499999403954, -2059441.288699999451637 ], [ -7705153.302400000393391, -2059470.822500001639128 ], [ -7705106.432199999690056, -2059488.569200001657009 ], [ -7705053.693399999290705, -2059500.425700001418591 ], [ -7705006.823000000789762, -2059518.172200001776218 ], [ -7704971.695900000631809, -2059553.596000000834465 ], [ -7704960.027899999171495, -2059600.786299999803305 ], [ -7704936.6371, -2059647.99040000140667 ] ], [ [ -7705516.153300000354648, -2059004.527800001204014 ], [ -7705504.4869, -2059051.717199999839067 ], [ -7705487.001299999654293, -2059134.295200001448393 ], [ -7705463.612299999222159, -2059181.499000001698732 ], [ -7705410.88150000013411, -2059199.253100000321865 ], [ -7705381.526200000196695, -2059158.009700000286102 ], [ -7705352.171, -2059116.766199998557568 ], [ -7705322.815899999812245, -2059075.522700000554323 ], [ -7705287.606499999761581, -2059040.183200001716614 ], [ -7705275.828400000929832, -2058993.022100001573563 ], [ -7705299.217800000682473, -2058945.818900000303984 ], [ -7705328.475199999287724, -2058904.505800001323223 ], [ -7705357.718499999493361, -2058851.399000000208616 ], [ -7705381.1074, -2058804.196199998259544 ], [ -7705410.364499999210238, -2058762.883200000971556 ], [ -7705445.47550000064075, -2058715.666400000452995 ], [ -7705474.732300000265241, -2058674.35359999909997 ], [ -7705498.120799999684095, -2058627.15089999884367 ], [ -7705544.988800000399351, -2058609.404100000858307 ], [ -7705597.739, -2058609.340399999171495 ], [ -7705644.642200000584126, -2058621.077199999243021 ], [ -7705691.545299999415874, -2058632.813999999314547 ], [ -7705703.324200000613928, -2058679.97410000115633 ], [ -7705703.387800000607967, -2058733.045499999076128 ], [ -7705709.312599999830127, -2058786.1097999997437 ], [ -7705709.376299999654293, -2058839.181499999016523 ], [ -7705680.119799999520183, -2058880.494899999350309 ], [ -7705633.2653, -2058910.036100000143051 ], [ -7705592.271999999880791, -2058939.570099998265505 ], [ -7705557.1469, -2058974.99379999935627 ], [ -7705516.153300000354648, -2059004.527800001204014 ] ], [ [ -7704964.990599999204278, -2058828.277800001204014 ], [ -7704965.052400000393391, -2058881.349399998784065 ], [ -7704941.662399999797344, -2058928.552000001072884 ], [ -7704883.043299999088049, -2058922.723999999463558 ], [ -7704830.292300000786781, -2058922.785799998790026 ], [ -7704783.416200000792742, -2058934.634500000625849 ], [ -7704730.67200000025332, -2058940.592799998819828 ], [ -7704754.062400000169873, -2058893.390500001609325 ], [ -7704777.4528, -2058846.188200000673532 ], [ -7704789.120799999684095, -2058798.999800000339746 ], [ -7704794.920700000599027, -2058745.921399999409914 ], [ -7704765.567299999296665, -2058704.67790000140667 ], [ -7704771.36710000038147, -2058651.599700000137091 ], [ -7704765.44480000063777, -2058598.535500001162291 ], [ -7704765.383600000292063, -2058545.464499998837709 ], [ -7704800.509400000795722, -2058510.04280000180006 ], [ -7704847.41190000064671, -2058521.781399998813868 ], [ -7704894.32120000012219, -2058539.416799999773502 ], [ -7704923.5789, -2058498.105000000447035 ], [ -7704976.315099999308586, -2058486.249499998986721 ], [ -7705023.231300000101328, -2058509.781199999153614 ], [ -7705046.723999999463558, -2058551.030999999493361 ], [ -7705023.3344, -2058598.232799999415874 ], [ -7704970.584300000220537, -2058598.295000001788139 ], [ -7704941.32660000026226, -2058639.60700000077486 ], [ -7704970.680299999192357, -2058680.850099999457598 ], [ -7704982.457599999383092, -2058728.010800000280142 ], [ -7704988.3805, -2058781.075399998575449 ], [ -7704964.990599999204278, -2058828.277800001204014 ] ], [ [ -7706137.085100000724196, -2058708.927299998700619 ], [ -7706090.224600000306964, -2058732.5724 ], [ -7706025.68019999936223, -2058673.683600001037121 ], [ -7705996.324400000274181, -2058632.442099999636412 ], [ -7705943.574100000783801, -2058632.506799999624491 ], [ -7705902.503499999642372, -2058597.176300000399351 ], [ -7705925.890900000929832, -2058549.973400000482798 ], [ -7705960.993300000205636, -2058496.859400000423193 ], [ -7705978.519300000742078, -2058449.664000000804663 ], [ -7706007.774599999189377, -2058408.35080000013113 ], [ -7706054.6776, -2058420.08669999986887 ], [ -7706078.179300000891089, -2058467.231600001454353 ], [ -7706066.514499999582767, -2058514.420099999755621 ], [ -7706054.849700000137091, -2058561.608600001782179 ], [ -7706107.592499999329448, -2058555.646800000220537 ], [ -7706154.495799999684095, -2058567.382500000298023 ], [ -7706178.005100000649691, -2058620.424499999731779 ], [ -7706166.340399999171495, -2058667.613400001078844 ], [ -7706137.085100000724196, -2058708.927299998700619 ] ] ] ] } },
{ "type": "Feature", "properties": { "objectid": 209, "st_area_sh": 10413.472793000001, "st_length_": 392.095488493, "Nombre": "Lagunas de Cotacotani", "Tipo": "Laguna", "objectid_2": 165, "shape_leng": 400296.66085400002, "dis_elec": 1, "cir_sena": 1, "cod_comuna": 15201, "codregion": 15, "st_area_sh_2": 6578680604.9099989, "st_length__2": 435298.60089200002, "Region": "Región de Arica y Parinacota", "Comuna": "Putre", "Provincia": "Parinacota" }, "geometry": { "type": "MultiPolygon", "coordinates": [ [ [ [ -7706383.030500000342727, -2058042.147900000214577 ], [ -7706433.549900000914931, -2057985.16440000012517 ], [ -7706388.877599999308586, -2057928.96169999986887 ], [ -7706356.906300000846386, -2057902.791799999773502 ], [ -7706317.663499999791384, -2057928.3885000012815 ], [ -7706314.438300000503659, -2058007.419100001454353 ], [ -7706383.030500000342727, -2058042.147900000214577 ] ] ] ] } },
{ "type": "Feature", "properties": { "objectid": 210, "st_area_sh": 12145.7268654, "st_length_": 430.42738317300001, "Nombre": null, "Tipo": "Laguna", "objectid_2": 165, "shape_leng": 400296.66085400002, "dis_elec": 1, "cir_sena": 1, "cod_comuna": 15201, "codregion": 15, "st_area_sh_2": 6578680604.9099989, "st_length__2": 435298.60089200002, "Region": "Región de Arica y Parinacota", "Comuna": "Putre", "Provincia": "Parinacota" }, "geometry": { "type": "MultiPolygon", "coordinates": [ [ [ [ -7718476.518200000748038, -2058668.492400001734495 ], [ -7718553.656400000676513, -2058615.399700000882149 ], [ -7718531.287000000476837, -2058542.369600001722574 ], [ -7718483.288899999111891, -2058539.01630000025034 ], [ -7718452.612800000235438, -2058546.618200000375509 ], [ -7718414.461100000888109, -2058658.0165 ], [ -7718476.518200000748038, -2058668.492400001734495 ] ] ] ] } },
{ "type": "Feature", "properties": { "objectid": 211, "st_area_sh": 22025.421919100001, "st_length_": 571.65982103399995, "Nombre": null, "Tipo": "Laguna", "objectid_2": 165, "shape_leng": 400296.66085400002, "dis_elec": 1, "cir_sena": 1, "cod_comuna": 15201, "codregion": 15, "st_area_sh_2": 6578680604.9099989, "st_length__2": 435298.60089200002, "Region": "Región de Arica y Parinacota", "Comuna": "Putre", "Provincia": "Parinacota" }, "geometry": { "type": "MultiPolygon", "coordinates": [ [ [ [ -7718755.499600000679493, -2058905.8581000007689 ], [ -7718802.286399999633431, -2058893.989599999040365 ], [ -7718872.44620000012219, -2058856.131499998271465 ], [ -7718831.321699999272823, -2058780.885299999266863 ], [ -7718787.987700000405312, -2058756.211399998515844 ], [ -7718739.466399999335408, -2058718.971200000494719 ], [ -7718722.391100000590086, -2058735.152899999171495 ], [ -7718695.557299999520183, -2058775.312800001353025 ], [ -7718684.019300000742078, -2058869.4543999992311 ], [ -7718755.499600000679493, -2058905.8581000007689 ] ] ] ] } },
{ "type": "Feature", "properties": { "objectid": 212, "st_area_sh": 44251.296104100002, "st_length_": 792.95202603099995, "Nombre": null, "Tipo": "Laguna", "objectid_2": 165, "shape_leng": 400296.66085400002, "dis_elec": 1, "cir_sena": 1, "cod_comuna": 15201, "codregion": 15, "st_area_sh_2": 6578680604.9099989, "st_length__2": 435298.60089200002, "Region": "Región de Arica y Parinacota", "Comuna": "Putre", "Provincia": "Parinacota" }, "geometry": { "type": "MultiPolygon", "coordinates": [ [ [ [ -7719119.7686, -2059064.16499999910593 ], [ -7719165.382400000467896, -2059040.515999998897314 ], [ -7719212.152000000700355, -2059019.247699998319149 ], [ -7719272.892699999734759, -2058957.842300001531839 ], [ -7719264.607899999246001, -2058907.289500001817942 ], [ -7719229.910499999299645, -2058821.9712999984622 ], [ -7719170.199100000783801, -2058799.71169999986887 ], [ -7719114.589500000700355, -2058789.755300000309944 ], [ -7719083.0526, -2058829.924600001424551 ], [ -7719059.716700000688434, -2058875.770899999886751 ], [ -7719055.139399999752641, -2058926.480200000107288 ], [ -7719058.752499999478459, -2058977.041799999773502 ], [ -7719061.229800000786781, -2059053.684300001710653 ], [ -7719119.7686, -2059064.16499999910593 ] ] ] ] } },
{ "type": "Feature", "properties": { "objectid": 213, "st_area_sh": 13441.000682800001, "st_length_": 441.032069831, "Nombre": null, "Tipo": "Laguna", "objectid_2": 165, "shape_leng": 400296.66085400002, "dis_elec": 1, "cir_sena": 1, "cod_comuna": 15201, "codregion": 15, "st_area_sh_2": 6578680604.9099989, "st_length__2": 435298.60089200002, "Region": "Región de Arica y Parinacota", "Comuna": "Putre", "Provincia": "Parinacota" }, "geometry": { "type": "MultiPolygon", "coordinates": [ [ [ [ -7721014.356100000441074, -2058941.517700001597404 ], [ -7721059.9836, -2058926.204500000923872 ], [ -7721065.698899999260902, -2058854.312199998646975 ], [ -7721028.16609999909997, -2058820.232799999415874 ], [ -7720987.155999999493361, -2058790.925799999386072 ], [ -7720960.3333, -2058834.530600000172853 ], [ -7720933.472799999639392, -2058875.752599999308586 ], [ -7720965.205399999395013, -2058938.172499999403954 ], [ -7721014.356100000441074, -2058941.517700001597404 ] ] ] ] } },
{ "type": "Feature", "properties": { "objectid": 214, "st_area_sh": 19165.278342000001, "st_length_": 535.68857855800002, "Nombre": null, "Tipo": "Laguna", "objectid_2": 165, "shape_leng": 400296.66085400002, "dis_elec": 1, "cir_sena": 1, "cod_comuna": 15201, "codregion": 15, "st_area_sh_2": 6578680604.9099989, "st_length__2": 435298.60089200002, "Region": "Región de Arica y Parinacota", "Comuna": "Putre", "Provincia": "Parinacota" }, "geometry": { "type": "MultiPolygon", "coordinates": [ [ [ [ -7719440.258899999782443, -2058957.526700001209974 ], [ -7719516.24210000038147, -2058920.846599999815226 ], [ -7719559.422700000926852, -2058845.44200000166893 ], [ -7719533.56980000063777, -2058793.731499999761581 ], [ -7719455.165699999779463, -2058802.087200000882149 ], [ -7719404.822499999776483, -2058793.975000001490116 ], [ -7719393.83809999935329, -2058832.999800000339746 ], [ -7719397.987400000914931, -2058885.857700001448393 ], [ -7719440.258899999782443, -2058957.526700001209974 ] ] ] ] } },
{ "type": "Feature", "properties": { "objectid": 215, "st_area_sh": 7844.9112555800002, "st_length_": 377.482629927, "Nombre": null, "Tipo": "Laguna", "objectid_2": 165, "shape_leng": 400296.66085400002, "dis_elec": 1, "cir_sena": 1, "cod_comuna": 15201, "codregion": 15, "st_area_sh_2": 6578680604.9099989, "st_length__2": 435298.60089200002, "Region": "Región de Arica y Parinacota", "Comuna": "Putre", "Provincia": "Parinacota" }, "geometry": { "type": "MultiPolygon", "coordinates": [ [ [ [ -7718398.678899999707937, -2058987.797499999403954 ], [ -7718397.38990000076592, -2058930.082899998873472 ], [ -7718365.745100000873208, -2058893.604800000786781 ], [ -7718351.615800000727177, -2058847.695700000971556 ], [ -7718311.880100000649691, -2058884.304900001734495 ], [ -7718307.341299999505281, -2058957.253400001674891 ], [ -7718398.678899999707937, -2058987.797499999403954 ] ] ] ] } },
{ "type": "Feature", "properties": { "objectid": 216, "st_area_sh": 17180.217495299999, "st_length_": 498.80564903200002, "Nombre": null, "Tipo": "Laguna", "objectid_2": 165, "shape_leng": 400296.66085400002, "dis_elec": 1, "cir_sena": 1, "cod_comuna": 15201, "codregion": 15, "st_area_sh_2": 6578680604.9099989, "st_length__2": 435298.60089200002, "Region": "Región de Arica y Parinacota", "Comuna": "Putre", "Provincia": "Parinacota" }, "geometry": { "type": "MultiPolygon", "coordinates": [ [ [ [ -7718246.982300000265241, -2059249.392400000244379 ], [ -7718322.997600000351667, -2059210.465700000524521 ], [ -7718328.760900000110269, -2059159.753699999302626 ], [ -7718316.960899999365211, -2059110.397900000214577 ], [ -7718239.656300000846386, -2059072.811599999666214 ], [ -7718197.601399999111891, -2059082.419799998402596 ], [ -7718196.55210000090301, -2059175.352000001817942 ], [ -7718246.982300000265241, -2059249.392400000244379 ] ] ] ] } },
{ "type": "Feature", "properties": { "objectid": 217, "st_area_sh": 21001.4400322, "st_length_": 554.98963355700005, "Nombre": "Lagunas de Cotacotani", "Tipo": "Laguna", "objectid_2": 165, "shape_leng": 400296.66085400002, "dis_elec": 1, "cir_sena": 1, "cod_comuna": 15201, "codregion": 15, "st_area_sh_2": 6578680604.9099989, "st_length__2": 435298.60089200002, "Region": "Región de Arica y Parinacota", "Comuna": "Putre", "Provincia": "Parinacota" }, "geometry": { "type": "MultiPolygon", "coordinates": [ [ [ [ -7703694.761700000613928, -2059144.977600000798702 ], [ -7703630.965399999171495, -2059163.184799998998642 ], [ -7703586.745699999853969, -2059185.209100000560284 ], [ -7703548.323300000280142, -2059214.375500001013279 ], [ -7703554.921900000423193, -2059292.473099999129772 ], [ -7703593.41499999910593, -2059327.511500000953674 ], [ -7703671.041400000452995, -2059321.600400000810623 ], [ -7703689.149700000882149, -2059276.305799998342991 ], [ -7703703.6042, -2059228.897199999541044 ], [ -7703694.761700000613928, -2059144.977600000798702 ] ] ] ] } },
{ "type": "Feature", "properties": { "objectid": 218, "st_area_sh": 2669.2794111200001, "st_length_": 242.902268943, "Nombre": null, "Tipo": "Laguna", "objectid_2": 165, "shape_leng": 400296.66085400002, "dis_elec": 1, "cir_sena": 1, "cod_comuna": 15201, "codregion": 15, "st_area_sh_2": 6578680604.9099989, "st_length__2": 435298.60089200002, "Region": "Región de Arica y Parinacota", "Comuna": "Putre", "Provincia": "Parinacota" }, "geometry": { "type": "MultiPolygon", "coordinates": [ [ [ [ -7718077.36710000038147, -2059299.212499998509884 ], [ -7718128.7807, -2059243.7837999984622 ], [ -7718069.69510000012815, -2059203.64809999987483 ], [ -7718077.36710000038147, -2059299.212499998509884 ] ] ] ] } },
{ "type": "Feature", "properties": { "objectid": 219, "st_area_sh": 18553.342217199999, "st_length_": 512.51224193999997, "Nombre": null, "Tipo": "Laguna", "objectid_2": 165, "shape_leng": 400296.66085400002, "dis_elec": 1, "cir_sena": 1, "cod_comuna": 15201, "codregion": 15, "st_area_sh_2": 6578680604.9099989, "st_length__2": 435298.60089200002, "Region": "Región de Arica y Parinacota", "Comuna": "Putre", "Provincia": "Parinacota" }, "geometry": { "type": "MultiPolygon", "coordinates": [ [ [ [ -7718703.722300000488758, -2059389.9331 ], [ -7718764.487199999392033, -2059340.309900000691414 ], [ -7718756.203700000420213, -2059289.756000000983477 ], [ -7718728.029400000348687, -2059245.063799999654293 ], [ -7718689.354699999094009, -2059214.42339999973774 ], [ -7718677.66579999960959, -2059226.22690000012517 ], [ -7718630.895300000905991, -2059247.494199998676777 ], [ -7718594.672499999403954, -2059280.523899998515844 ], [ -7718620.512700000777841, -2059344.151099998503923 ], [ -7718703.722300000488758, -2059389.9331 ] ] ] ] } },
{ "type": "Feature", "properties": { "objectid": 220, "st_area_sh": 10971.7813284, "st_length_": 423.85701308400002, "Nombre": null, "Tipo": "Laguna", "objectid_2": 165, "shape_leng": 400296.66085400002, "dis_elec": 1, "cir_sena": 1, "cod_comuna": 15201, "codregion": 15, "st_area_sh_2": 6578680604.9099989, "st_length__2": 435298.60089200002, "Region": "Región de Arica y Parinacota", "Comuna": "Putre", "Provincia": "Parinacota" }, "geometry": { "type": "MultiPolygon", "coordinates": [ [ [ [ -7719878.8037, -2059391.162300001829863 ], [ -7719967.7028, -2059365.17790000140667 ], [ -7719936.00620000064373, -2059320.494100000709295 ], [ -7719887.9835, -2059305.229800000786781 ], [ -7719841.131999999284744, -2059282.94709999859333 ], [ -7719802.5801, -2059318.3662 ], [ -7719829.614800000563264, -2059385.431600000709295 ], [ -7719878.8037, -2059391.162300001829863 ] ] ] ] } },
{ "type": "Feature", "properties": { "objectid": 221, "st_area_sh": 13330.0489382, "st_length_": 488.354386358, "Nombre": null, "Tipo": "Laguna", "objectid_2": 165, "shape_leng": 400296.66085400002, "dis_elec": 1, "cir_sena": 1, "cod_comuna": 15201, "codregion": 15, "st_area_sh_2": 6578680604.9099989, "st_length__2": 435298.60089200002, "Region": "Región de Arica y Parinacota", "Comuna": "Putre", "Provincia": "Parinacota" }, "geometry": { "type": "MultiPolygon", "coordinates": [ [ [ [ -7711240.751800000667572, -2059478.650800000876188 ], [ -7711283.329, -2059508.24100000038743 ], [ -7711368.467199999839067, -2059511.423700001090765 ], [ -7711346.557299999520183, -2059443.411899998784065 ], [ -7711301.741499999538064, -2059412.6338 ], [ -7711258.058900000527501, -2059391.914900001138449 ], [ -7711184.967199999839067, -2059393.082499999552965 ], [ -7711206.85249999910593, -2059444.678899999707937 ], [ -7711240.751800000667572, -2059478.650800000876188 ] ] ] ] } },
{ "type": "Feature", "properties": { "objectid": 222, "st_area_sh": 9922.1858993500009, "st_length_": 405.82894540699999, "Nombre": null, "Tipo": "Laguna", "objectid_2": 165, "shape_leng": 400296.66085400002, "dis_elec": 1, "cir_sena": 1, "cod_comuna": 15201, "codregion": 15, "st_area_sh_2": 6578680604.9099989, "st_length__2": 435298.60089200002, "Region": "Región de Arica y Parinacota", "Comuna": "Putre", "Provincia": "Parinacota" }, "geometry": { "type": "MultiPolygon", "coordinates": [ [ [ [ -7719385.2632, -2059594.6435999982059 ], [ -7719454.284199999645352, -2059580.480700001120567 ], [ -7719442.412900000810623, -2059494.454999998211861 ], [ -7719394.344000000506639, -2059436.827599998563528 ], [ -7719354.670499999076128, -2059506.402699999511242 ], [ -7719385.2632, -2059594.6435999982059 ] ] ] ] } },
{ "type": "Feature", "properties": { "objectid": 223, "st_area_sh": 6273.9198953100004, "st_length_": 322.17374806100003, "Nombre": null, "Tipo": "Laguna", "objectid_2": 165, "shape_leng": 400296.66085400002, "dis_elec": 1, "cir_sena": 1, "cod_comuna": 15201, "codregion": 15, "st_area_sh_2": 6578680604.9099989, "st_length__2": 435298.60089200002, "Region": "Región de Arica y Parinacota", "Comuna": "Putre", "Provincia": "Parinacota" }, "geometry": { "type": "MultiPolygon", "coordinates": [ [ [ [ -7719004.849099999293685, -2059570.735100001096725 ], [ -7719060.914200000464916, -2059523.502300001680851 ], [ -7719056.153799999505281, -2059475.19200000166893 ], [ -7718994.057099999859929, -2059444.728000000119209 ], [ -7718981.281999999657273, -2059491.879599999636412 ], [ -7719004.849099999293685, -2059570.735100001096725 ] ] ] ] } },
{ "type": "Feature", "properties": { "objectid": 224, "st_area_sh": 13240.324526, "st_length_": 492.67407327400002, "Nombre": null, "Tipo": "Laguna", "objectid_2": 165, "shape_leng": 400296.66085400002, "dis_elec": 1, "cir_sena": 1, "cod_comuna": 15201, "codregion": 15, "st_area_sh_2": 6578680604.9099989, "st_length__2": 435298.60089200002, "Region": "Región de Arica y Parinacota", "Comuna": "Putre", "Provincia": "Parinacota" }, "geometry": { "type": "MultiPolygon", "coordinates": [ [ [ [ -7720237.611700000241399, -2059747.374699998646975 ], [ -7720284.383600000292063, -2059727.162200000137091 ], [ -7720325.284700000658631, -2059698.885600000619888 ], [ -7720357.939400000497699, -2059624.555799998342991 ], [ -7720328.565899999812245, -2059574.042700000107288 ], [ -7720297.058599999174476, -2059611.832499999552965 ], [ -7720258.46030000038445, -2059640.104499999433756 ], [ -7720191.871799999848008, -2059704.967999998480082 ], [ -7720237.611700000241399, -2059747.374699998646975 ] ] ] ] } },
{ "type": "Feature", "properties": { "objectid": 225, "st_area_sh": 6051.6768630799997, "st_length_": 313.983615611, "Nombre": null, "Tipo": "Laguna", "objectid_2": 165, "shape_leng": 400296.66085400002, "dis_elec": 1, "cir_sena": 1, "cod_comuna": 15201, "codregion": 15, "st_area_sh_2": 6578680604.9099989, "st_length__2": 435298.60089200002, "Region": "Región de Arica y Parinacota", "Comuna": "Putre", "Provincia": "Parinacota" }, "geometry": { "type": "MultiPolygon", "coordinates": [ [ [ [ -7718670.3585, -2059709.035300001502037 ], [ -7718742.867799999192357, -2059677.129000000655651 ], [ -7718700.605799999088049, -2059610.089499998837709 ], [ -7718652.602700000628829, -2059605.412599999457598 ], [ -7718647.985500000417233, -2059634.942499998956919 ], [ -7718670.3585, -2059709.035300001502037 ] ] ] ] } },
{ "type": "Feature", "properties": { "objectid": 226, "st_area_sh": 15373.6893308, "st_length_": 529.75411723299999, "Nombre": null, "Tipo": "Laguna", "objectid_2": 165, "shape_leng": 400296.66085400002, "dis_elec": 1, "cir_sena": 1, "cod_comuna": 15201, "codregion": 15, "st_area_sh_2": 6578680604.9099989, "st_length__2": 435298.60089200002, "Region": "Región de Arica y Parinacota", "Comuna": "Putre", "Provincia": "Parinacota" }, "geometry": { "type": "MultiPolygon", "coordinates": [ [ [ [ -7719178.518999999389052, -2059827.100099999457598 ], [ -7719202.076099999248981, -2059899.999299999326468 ], [ -7719255.825999999418855, -2059845.753199998289347 ], [ -7719262.74070000089705, -2059796.228799998760223 ], [ -7719252.126700000837445, -2059749.252700001001358 ], [ -7719219.286000000312924, -2059708.010899998247623 ], [ -7719177.077199999243021, -2059670.493500001728535 ], [ -7719151.383300000801682, -2059704.69649999961257 ], [ -7719159.718299999833107, -2059782.389699999243021 ], [ -7719178.518999999389052, -2059827.100099999457598 ] ] ] ] } },
{ "type": "Feature", "properties": { "objectid": 227, "st_area_sh": 25684.6137624, "st_length_": 707.48131414099998, "Nombre": "Lagunas de Cotacotani", "Tipo": "Laguna", "objectid_2": 165, "shape_leng": 400296.66085400002, "dis_elec": 1, "cir_sena": 1, "cod_comuna": 15201, "codregion": 15, "st_area_sh_2": 6578680604.9099989, "st_length__2": 435298.60089200002, "Region": "Región de Arica y Parinacota", "Comuna": "Putre", "Provincia": "Parinacota" }, "geometry": { "type": "MultiPolygon", "coordinates": [ [ [ [ -7708720.649900000542402, -2059751.68129999935627 ], [ -7708727.368300000205636, -2059830.705600000917912 ], [ -7708763.115499999374151, -2059895.790100000798702 ], [ -7708718.9748, -2059973.560400001704693 ], [ -7708765.901200000196695, -2060010.034800000488758 ], [ -7708806.790899999439716, -2059985.35530000180006 ], [ -7708843.48200000077486, -2059941.584100000560284 ], [ -7708858.107300000265241, -2059862.431600000709295 ], [ -7708826.317900000140071, -2059780.7939000017941 ], [ -7708769.468000000342727, -2059727.785599999129772 ], [ -7708720.649900000542402, -2059751.68129999935627 ] ] ] ] } },
{ "type": "Feature", "properties": { "objectid": 228, "st_area_sh": 46908.329438100001, "st_length_": 838.88495150999995, "Nombre": "Lagunas de Cotacotani", "Tipo": "Laguna", "objectid_2": 165, "shape_leng": 400296.66085400002, "dis_elec": 1, "cir_sena": 1, "cod_comuna": 15201, "codregion": 15, "st_area_sh_2": 6578680604.9099989, "st_length__2": 435298.60089200002, "Region": "Región de Arica y Parinacota", "Comuna": "Putre", "Provincia": "Parinacota" }, "geometry": { "type": "MultiPolygon", "coordinates": [ [ [ [ -7704004.191999999806285, -2060046.161100000143051 ], [ -7704036.785900000482798, -2060011.041900001466274 ], [ -7704065.753900000825524, -2059969.439899999648333 ], [ -7704102.000199999660254, -2059935.11089999973774 ], [ -7704141.145099999383092, -2059904.353000000119209 ], [ -7704162.8739, -2059861.303100001066923 ], [ -7704120.709599999710917, -2059780.9934 ], [ -7704095.2664, -2059738.659299999475479 ], [ -7704080.039799999445677, -2059742.383299998939037 ], [ -7704029.975299999117851, -2059745.35249999910593 ], [ -7703960.360999999567866, -2059798.64979999884963 ], [ -7703943.013699999079108, -2059847.651700001209974 ], [ -7703928.563999999314547, -2059899.430599998682737 ], [ -7703917.009500000625849, -2059951.338700000196695 ], [ -7703948.277300000190735, -2060025.042399998754263 ], [ -7704004.191999999806285, -2060046.161100000143051 ] ] ] ] } },
{ "type": "Feature", "properties": { "objectid": 229, "st_area_sh": 11684.756943099999, "st_length_": 459.83043313600001, "Nombre": "Lagunas de Cotacotani", "Tipo": "Laguna", "objectid_2": 165, "shape_leng": 400296.66085400002, "dis_elec": 1, "cir_sena": 1, "cod_comuna": 15201, "codregion": 15, "st_area_sh_2": 6578680604.9099989, "st_length__2": 435298.60089200002, "Region": "Región de Arica y Parinacota", "Comuna": "Putre", "Provincia": "Parinacota" }, "geometry": { "type": "MultiPolygon", "coordinates": [ [ [ [ -7710136.384700000286102, -2059869.113600000739098 ], [ -7710201.470899999141693, -2059899.203699998557568 ], [ -7710214.4934, -2059826.6382 ], [ -7710144.531500000506639, -2059762.532200001180172 ], [ -7710081.201999999582767, -2059735.7489 ], [ -7710080.184699999168515, -2059784.070500001311302 ], [ -7710103.175000000745058, -2059827.856800001114607 ], [ -7710136.384700000286102, -2059869.113600000739098 ] ] ] ] } },
{ "type": "Feature", "properties": { "objectid": 230, "st_area_sh": 58426.808065800004, "st_length_": 1015.03592968, "Nombre": "Laguna  de Cotacotani", "Tipo": "Laguna", "objectid_2": 165, "shape_leng": 400296.66085400002, "dis_elec": 1, "cir_sena": 1, "cod_comuna": 15201, "codregion": 15, "st_area_sh_2": 6578680604.9099989, "st_length__2": 435298.60089200002, "Region": "Región de Arica y Parinacota", "Comuna": "Putre", "Provincia": "Parinacota" }, "geometry": { "type": "MultiPolygon", "coordinates": [ [ [ [ -7702954.646999999880791, -2060154.818599998950958 ], [ -7702962.490800000727177, -2060106.621300000697374 ], [ -7702931.462799999862909, -2060069.454199999570847 ], [ -7702904.050100000575185, -2060029.3706 ], [ -7702877.294199999421835, -2059987.962600000202656 ], [ -7702843.931900000199676, -2059951.857099998742342 ], [ -7702799.726099999621511, -2059927.280799999833107 ], [ -7702750.888499999418855, -2059908.799100000411272 ], [ -7702705.337600000202656, -2059887.533700000494719 ], [ -7702662.775800000876188, -2059861.763900000602007 ], [ -7702643.9825, -2059884.024599999189377 ], [ -7702615.387199999764562, -2059969.973200000822544 ], [ -7702631.915200000628829, -2060014.702100001275539 ], [ -7702657.026399999856949, -2060056.509500000625849 ], [ -7702681.809900000691414, -2060099.641100000590086 ], [ -7702711.557499999180436, -2060139.457800000905991 ], [ -7702791.039200000464916, -2060142.682500001043081 ], [ -7702867.862999999895692, -2060121.285799998790026 ], [ -7702954.646999999880791, -2060154.818599998950958 ] ] ] ] } },
{ "type": "Feature", "properties": { "objectid": 231, "st_area_sh": 6716.4034344399997, "st_length_": 327.31830882700001, "Nombre": null, "Tipo": "Laguna", "objectid_2": 165, "shape_leng": 400296.66085400002, "dis_elec": 1, "cir_sena": 1, "cod_comuna": 15201, "codregion": 15, "st_area_sh_2": 6578680604.9099989, "st_length__2": 435298.60089200002, "Region": "Región de Arica y Parinacota", "Comuna": "Putre", "Provincia": "Parinacota" }, "geometry": { "type": "MultiPolygon", "coordinates": [ [ [ [ -7719677.548100000247359, -2060054.519799999892712 ], [ -7719734.828199999406934, -2060006.222600001841784 ], [ -7719669.168999999761581, -2059954.4529 ], [ -7719647.114299999549985, -2059946.816500000655651 ], [ -7719615.444199999794364, -2060004.066799998283386 ], [ -7719677.548100000247359, -2060054.519799999892712 ] ] ] ] } },
{ "type": "Feature", "properties": { "objectid": 232, "st_area_sh": 21133.272827600002, "st_length_": 574.42294607300005, "Nombre": "Lagunas de Cotacotani", "Tipo": "Laguna", "objectid_2": 165, "shape_leng": 400296.66085400002, "dis_elec": 1, "cir_sena": 1, "cod_comuna": 15201, "codregion": 15, "st_area_sh_2": 6578680604.9099989, "st_length__2": 435298.60089200002, "Region": "Región de Arica y Parinacota", "Comuna": "Putre", "Provincia": "Parinacota" }, "geometry": { "type": "MultiPolygon", "coordinates": [ [ [ [ -7708040.656500000506639, -2060151.07660000026226 ], [ -7708067.642300000414252, -2060109.206500001251698 ], [ -7708080.806600000709295, -2060063.383400000631809 ], [ -7708086.006999999284744, -2060015.585099998861551 ], [ -7708054.202099999412894, -2059919.91270000115037 ], [ -7707978.3542, -2059953.242199998348951 ], [ -7707962.560000000521541, -2060000.392400000244379 ], [ -7707961.310200000181794, -2060050.833099998533726 ], [ -7707975.878599999472499, -2060097.413699999451637 ], [ -7707993.7676, -2060142.533700000494719 ], [ -7708040.656500000506639, -2060151.07660000026226 ] ] ] ] } },
{ "type": "Feature", "properties": { "objectid": 233, "st_area_sh": 14393.345800200001, "st_length_": 462.25708180399999, "Nombre": null, "Tipo": "Laguna", "objectid_2": 165, "shape_leng": 400296.66085400002, "dis_elec": 1, "cir_sena": 1, "cod_comuna": 15201, "codregion": 15, "st_area_sh_2": 6578680604.9099989, "st_length__2": 435298.60089200002, "Region": "Región de Arica y Parinacota", "Comuna": "Putre", "Provincia": "Parinacota" }, "geometry": { "type": "MultiPolygon", "coordinates": [ [ [ [ -7719373.187000000849366, -2060333.636599998921156 ], [ -7719422.285900000482798, -2060307.596099998801947 ], [ -7719469.561000000685453, -2060238.665699999779463 ], [ -7719442.5395, -2060178.613600000739098 ], [ -7719394.519600000232458, -2060165.730500001460314 ], [ -7719376.383199999108911, -2060160.072200000286102 ], [ -7719345.443099999800324, -2060203.553100001066923 ], [ -7719344.352900000289083, -2060254.1266999989748 ], [ -7719373.187000000849366, -2060333.636599998921156 ] ] ] ] } },
{ "type": "Feature", "properties": { "objectid": 234, "st_area_sh": 6581.5866197799996, "st_length_": 327.02070674599997, "Nombre": null, "Tipo": "Laguna", "objectid_2": 165, "shape_leng": 400296.66085400002, "dis_elec": 1, "cir_sena": 1, "cod_comuna": 15201, "codregion": 15, "st_area_sh_2": 6578680604.9099989, "st_length__2": 435298.60089200002, "Region": "Región de Arica y Parinacota", "Comuna": "Putre", "Provincia": "Parinacota" }, "geometry": { "type": "MultiPolygon", "coordinates": [ [ [ [ -7719948.406600000336766, -2060310.698699999600649 ], [ -7719961.134800000116229, -2060222.372699998319149 ], [ -7719889.667899999767542, -2060196.561900001019239 ], [ -7719882.694499999284744, -2060214.314899999648333 ], [ -7719891.043500000610948, -2060297.834699999541044 ], [ -7719948.406600000336766, -2060310.698699999600649 ] ] ] ] } },
{ "type": "Feature", "properties": { "objectid": 235, "st_area_sh": 4688.1276564099999, "st_length_": 308.68528061400002, "Nombre": null, "Tipo": "Laguna", "objectid_2": 165, "shape_leng": 400296.66085400002, "dis_elec": 1, "cir_sena": 1, "cod_comuna": 15201, "codregion": 15, "st_area_sh_2": 6578680604.9099989, "st_length__2": 435298.60089200002, "Region": "Región de Arica y Parinacota", "Comuna": "Putre", "Provincia": "Parinacota" }, "geometry": { "type": "MultiPolygon", "coordinates": [ [ [ [ -7718778.05629999935627, -2060370.6283 ], [ -7718790.820000000298023, -2060298.85080000013113 ], [ -7718775.500099999830127, -2060250.558200001716614 ], [ -7718748.664300000295043, -2060290.588799998164177 ], [ -7718723.048800000920892, -2060368.347500000149012 ], [ -7718778.05629999935627, -2060370.6283 ] ] ] ] } },
{ "type": "Feature", "properties": { "objectid": 236, "st_area_sh": 20743.7507014, "st_length_": 611.84449244699999, "Nombre": null, "Tipo": "Laguna", "objectid_2": 165, "shape_leng": 400296.66085400002, "dis_elec": 1, "cir_sena": 1, "cod_comuna": 15201, "codregion": 15, "st_area_sh_2": 6578680604.9099989, "st_length__2": 435298.60089200002, "Region": "Región de Arica y Parinacota", "Comuna": "Putre", "Provincia": "Parinacota" }, "geometry": { "type": "MultiPolygon", "coordinates": [ [ [ [ -7716804.414899999275804, -2060520.224199999123812 ], [ -7716794.347699999809265, -2060444.11879999935627 ], [ -7716762.010800000280142, -2060406.71000000089407 ], [ -7716739.600099999457598, -2060364.252999998629093 ], [ -7716735.761, -2060313.026000000536442 ], [ -7716712.204700000584126, -2060330.674800001084805 ], [ -7716667.572200000286102, -2060354.450500000268221 ], [ -7716631.641799999400973, -2060388.272300001233816 ], [ -7716635.497400000691414, -2060468.095300000160933 ], [ -7716680.199500000104308, -2060484.300599999725819 ], [ -7716726.151599999517202, -2060500.503600001335144 ], [ -7716804.414899999275804, -2060520.224199999123812 ] ] ] ] } },
{ "type": "Feature", "properties": { "objectid": 237, "st_area_sh": 58021.204365700003, "st_length_": 1114.2884044699999, "Nombre": "Lagunas de Cotacotani", "Tipo": "Laguna", "objectid_2": 165, "shape_leng": 400296.66085400002, "dis_elec": 1, "cir_sena": 1, "cod_comuna": 15201, "codregion": 15, "st_area_sh_2": 6578680604.9099989, "st_length__2": 435298.60089200002, "Region": "Región de Arica y Parinacota", "Comuna": "Putre", "Provincia": "Parinacota" }, "geometry": { "type": "MultiPolygon", "coordinates": [ [ [ [ -7707157.10359999909997, -2060707.601799998432398 ], [ -7707209.375099999830127, -2060705.548599999397993 ], [ -7707258.67339999973774, -2060693.834699999541044 ], [ -7707302.197100000455976, -2060668.359499998390675 ], [ -7707329.22069999948144, -2060628.47520000115037 ], [ -7707337.876199999824166, -2060579.744600001722574 ], [ -7707336.8586, -2060530.100000001490116 ], [ -7707325.18610000051558, -2060483.381799999624491 ], [ -7707299.964099999517202, -2060439.726100001484156 ], [ -7707286.291200000792742, -2060346.277699999511242 ], [ -7707239.892200000584126, -2060360.900299999862909 ], [ -7707201.211100000888109, -2060391.134700000286102 ], [ -7707148.113299999386072, -2060467.193999998271465 ], [ -7707198.489499999210238, -2060527.366099998354912 ], [ -7707153.11119999922812, -2060594.678300000727177 ], [ -7707104.735200000926852, -2060607.317499998956919 ], [ -7707057.351299999281764, -2060623.927000001072884 ], [ -7707054.538899999111891, -2060689.198800001293421 ], [ -7707102.916600000113249, -2060703.699700001627207 ], [ -7707157.10359999909997, -2060707.601799998432398 ] ] ] ] } },
{ "type": "Feature", "properties": { "objectid": 238, "st_area_sh": 9216.2823310500007, "st_length_": 383.76022976000002, "Nombre": null, "Tipo": "Laguna", "objectid_2": 165, "shape_leng": 400296.66085400002, "dis_elec": 1, "cir_sena": 1, "cod_comuna": 15201, "codregion": 15, "st_area_sh_2": 6578680604.9099989, "st_length__2": 435298.60089200002, "Region": "Región de Arica y Parinacota", "Comuna": "Putre", "Provincia": "Parinacota" }, "geometry": { "type": "MultiPolygon", "coordinates": [ [ [ [ -7718811.150800000876188, -2060531.947299998253584 ], [ -7718896.549000000581145, -2060512.856699999421835 ], [ -7718938.5921, -2060459.82319999858737 ], [ -7718883.506400000303984, -2060415.178899999707937 ], [ -7718843.755699999630451, -2060444.775400001555681 ], [ -7718804.002499999478459, -2060473.047899998724461 ], [ -7718811.150800000876188, -2060531.947299998253584 ] ] ] ] } },
{ "type": "Feature", "properties": { "objectid": 239, "st_area_sh": 10957.445942099999, "st_length_": 405.64680631499999, "Nombre": null, "Tipo": "Laguna", "objectid_2": 165, "shape_leng": 400296.66085400002, "dis_elec": 1, "cir_sena": 1, "cod_comuna": 15201, "codregion": 15, "st_area_sh_2": 6578680604.9099989, "st_length__2": 435298.60089200002, "Region": "Región de Arica y Parinacota", "Comuna": "Putre", "Provincia": "Parinacota" }, "geometry": { "type": "MultiPolygon", "coordinates": [ [ [ [ -7716525.252000000327826, -2060596.969799999147654 ], [ -7716599.657299999147654, -2060554.3429000005126 ], [ -7716563.505699999630451, -2060479.474399998784065 ], [ -7716516.316600000485778, -2060470.819299999624491 ], [ -7716462.979399999603629, -2060483.356899999082088 ], [ -7716469.274599999189377, -2060528.357900001108646 ], [ -7716525.252000000327826, -2060596.969799999147654 ] ] ] ] } },
{ "type": "Feature", "properties": { "objectid": 240, "st_area_sh": 2074.2579514600002, "st_length_": 215.16571548799999, "Nombre": null, "Tipo": "Laguna", "objectid_2": 165, "shape_leng": 400296.66085400002, "dis_elec": 1, "cir_sena": 1, "cod_comuna": 15201, "codregion": 15, "st_area_sh_2": 6578680604.9099989, "st_length__2": 435298.60089200002, "Region": "Región de Arica y Parinacota", "Comuna": "Putre", "Provincia": "Parinacota" }, "geometry": { "type": "MultiPolygon", "coordinates": [ [ [ [ -7716905.566999999806285, -2060874.849300000816584 ], [ -7716891.779500000178814, -2060797.4254 ], [ -7716870.505200000479817, -2060784.488699998706579 ], [ -7716863.302799999713898, -2060842.355900000780821 ], [ -7716905.566999999806285, -2060874.849300000816584 ] ] ] ] } },
{ "type": "Feature", "properties": { "objectid": 241, "st_area_sh": 13393.643609799999, "st_length_": 486.47890476800001, "Nombre": null, "Tipo": "Laguna", "objectid_2": 165, "shape_leng": 400296.66085400002, "dis_elec": 1, "cir_sena": 1, "cod_comuna": 15201, "codregion": 15, "st_area_sh_2": 6578680604.9099989, "st_length__2": 435298.60089200002, "Region": "Región de Arica y Parinacota", "Comuna": "Putre", "Provincia": "Parinacota" }, "geometry": { "type": "MultiPolygon", "coordinates": [ [ [ [ -7719845.403799999505281, -2061040.491399999707937 ], [ -7719866.4178, -2060984.184999998658895 ], [ -7719858.860600000247359, -2060936.803599998354912 ], [ -7719838.85359999909997, -2060846.948800001293421 ], [ -7719820.041600000113249, -2060832.289500001817942 ], [ -7719792.886600000783801, -2060842.005800001323223 ], [ -7719767.607699999585748, -2060922.017700001597404 ], [ -7719783.85700000077486, -2060990.697500001639128 ], [ -7719845.403799999505281, -2061040.491399999707937 ] ] ] ] } },
{ "type": "Feature", "properties": { "objectid": 242, "st_area_sh": 4499.4387981500004, "st_length_": 283.62578158899998, "Nombre": null, "Tipo": "Laguna", "objectid_2": 165, "shape_leng": 400296.66085400002, "dis_elec": 1, "cir_sena": 1, "cod_comuna": 15201, "codregion": 15, "st_area_sh_2": 6578680604.9099989, "st_length__2": 435298.60089200002, "Region": "Región de Arica y Parinacota", "Comuna": "Putre", "Provincia": "Parinacota" }, "geometry": { "type": "MultiPolygon", "coordinates": [ [ [ [ -7716664.88539999909699, -2060948.882399998605251 ], [ -7716659.787900000810623, -2060873.958099998533726 ], [ -7716612.558900000527501, -2060842.796799998730421 ], [ -7716599.044800000265241, -2060922.784400001168251 ], [ -7716664.88539999909699, -2060948.882399998605251 ] ] ] ] } },
{ "type": "Feature", "properties": { "objectid": 243, "st_area_sh": 21691.490350299999, "st_length_": 595.86989014699998, "Nombre": null, "Tipo": "Laguna", "objectid_2": 165, "shape_leng": 400296.66085400002, "dis_elec": 1, "cir_sena": 1, "cod_comuna": 15201, "codregion": 15, "st_area_sh_2": 6578680604.9099989, "st_length__2": 435298.60089200002, "Region": "Región de Arica y Parinacota", "Comuna": "Putre", "Provincia": "Parinacota" }, "geometry": { "type": "MultiPolygon", "coordinates": [ [ [ [ -7710844.098200000822544, -2061055.371199999004602 ], [ -7710877.465199999511242, -2061072.335499998182058 ], [ -7710923.269600000232458, -2061056.910700000822544 ], [ -7710978.828199999406934, -2060984.940000001341105 ], [ -7711007.130899999290705, -2060924.527699999511242 ], [ -7710963.426899999380112, -2060891.097100000828505 ], [ -7710888.19370000064373, -2060939.001200001686811 ], [ -7710824.859999999403954, -2060935.254799999296665 ], [ -7710811.024299999698997, -2060966.5912000015378 ], [ -7710808.657700000330806, -2061037.352600000798702 ], [ -7710844.098200000822544, -2061055.371199999004602 ] ] ] ] } },
{ "type": "Feature", "properties": { "objectid": 244, "st_area_sh": 71264.009464100003, "st_length_": 1262.18415701, "Nombre": null, "Tipo": "Laguna", "objectid_2": 165, "shape_leng": 400296.66085400002, "dis_elec": 1, "cir_sena": 1, "cod_comuna": 15201, "codregion": 15, "st_area_sh_2": 6578680604.9099989, "st_length__2": 435298.60089200002, "Region": "Región de Arica y Parinacota", "Comuna": "Putre", "Provincia": "Parinacota" }, "geometry": { "type": "MultiPolygon", "coordinates": [ [ [ [ -7717146.039000000804663, -2061375.129900000989437 ], [ -7717200.56220000050962, -2061325.12049999833107 ], [ -7717215.379200000315905, -2061276.373399998992682 ], [ -7717293.500900000333786, -2061232.544399999082088 ], [ -7717377.87529999949038, -2061208.6952 ], [ -7717398.918400000780821, -2061164.967999998480082 ], [ -7717390.056600000709295, -2061083.6952 ], [ -7717335.344799999147654, -2061026.335099998861551 ], [ -7717314.123099999502301, -2060950.248100001364946 ], [ -7717312.778100000694394, -2060896.499800000339746 ], [ -7717263.1535, -2060906.650100000202656 ], [ -7717181.282800000160933, -2060950.484999999403954 ], [ -7717163.996200000867248, -2060997.911800000816584 ], [ -7717160.371099999174476, -2061050.477699998766184 ], [ -7717175.322100000455976, -2061096.655799999833107 ], [ -7717185.408900000154972, -2061182.825100000947714 ], [ -7717153.2105, -2061225.248100001364946 ], [ -7717118.5384, -2061264.10080000013113 ], [ -7717098.7467, -2061309.017299998551607 ], [ -7717146.039000000804663, -2061375.129900000989437 ] ] ] ] } },
{ "type": "Feature", "properties": { "objectid": 245, "st_area_sh": 52128.801912299998, "st_length_": 956.56440605600005, "Nombre": "Lagunas de Cotacotani", "Tipo": "Laguna", "objectid_2": 165, "shape_leng": 400296.66085400002, "dis_elec": 1, "cir_sena": 1, "cod_comuna": 15201, "codregion": 15, "st_area_sh_2": 6578680604.9099989, "st_length__2": 435298.60089200002, "Region": "Región de Arica y Parinacota", "Comuna": "Putre", "Provincia": "Parinacota" }, "geometry": { "type": "MultiPolygon", "coordinates": [ [ [ [ -7707786.551999999210238, -2061128.184599999338388 ], [ -7707830.995999999344349, -2061101.912200000137091 ], [ -7707881.315999999642372, -2061091.121899999678135 ], [ -7707932.565899999812245, -2061087.082299999892712 ], [ -7708015.743000000715256, -2061045.136 ], [ -7707990.5033, -2060989.697200000286102 ], [ -7707906.26799999922514, -2060951.812300000339746 ], [ -7707884.92339999973774, -2060906.165500000119209 ], [ -7707879.067199999466538, -2060855.467300001531839 ], [ -7707802.698100000619888, -2060895.550299998372793 ], [ -7707769.846000000834465, -2060930.677400000393391 ], [ -7707731.1645, -2060960.913600001484156 ], [ -7707689.614499999210238, -2060986.254999998956919 ], [ -7707673.27140000090003, -2061067.962499998509884 ], [ -7707701.3903, -2061111.747499998658895 ], [ -7707786.551999999210238, -2061128.184599999338388 ] ] ] ] } },
{ "type": "Feature", "properties": { "objectid": 246, "st_area_sh": 38738.513027499997, "st_length_": 769.02217284400001, "Nombre": "Lagunas de Cotacotani", "Tipo": "Laguna", "objectid_2": 165, "shape_leng": 400296.66085400002, "dis_elec": 1, "cir_sena": 1, "cod_comuna": 15201, "codregion": 15, "st_area_sh_2": 6578680604.9099989, "st_length__2": 435298.60089200002, "Region": "Región de Arica y Parinacota", "Comuna": "Putre", "Provincia": "Parinacota" }, "geometry": { "type": "MultiPolygon", "coordinates": [ [ [ [ -7704950.707499999552965, -2061108.421799998730421 ], [ -7704963.3618, -2061155.141699999570847 ], [ -7704959.535299999639392, -2061202.807799998670816 ], [ -7705006.0263, -2061235.851399999111891 ], [ -7705053.4134, -2061219.246199999004602 ], [ -7705101.760299999266863, -2061207.53830000013113 ], [ -7705135.558700000867248, -2061133.490299999713898 ], [ -7705114.215399999171495, -2061083.868299998342991 ], [ -7705086.0976, -2061036.240299999713898 ], [ -7705015.391699999570847, -2060973.040399998426437 ], [ -7704949.581199999898672, -2060960.408300001174212 ], [ -7704929.159299999475479, -2060983.523200001567602 ], [ -7704919.639399999752641, -2061013.0033 ], [ -7704927.458799999207258, -2061060.6554000005126 ], [ -7704950.707499999552965, -2061108.421799998730421 ] ] ] ] } },
{ "type": "Feature", "properties": { "objectid": 247, "st_area_sh": 32886.846716599997, "st_length_": 691.49412174899999, "Nombre": "Lagunas de Cotacotani", "Tipo": "Laguna", "objectid_2": 165, "shape_leng": 400296.66085400002, "dis_elec": 1, "cir_sena": 1, "cod_comuna": 15201, "codregion": 15, "st_area_sh_2": 6578680604.9099989, "st_length__2": 435298.60089200002, "Region": "Región de Arica y Parinacota", "Comuna": "Putre", "Provincia": "Parinacota" }, "geometry": { "type": "MultiPolygon", "coordinates": [ [ [ [ -7705492.6678, -2061215.809099998325109 ], [ -7705566.194199999794364, -2061214.661299999803305 ], [ -7705595.160399999469519, -2061172.789900001138449 ], [ -7705584.436699999496341, -2061091.116399999707937 ], [ -7705542.785700000822544, -2061061.907900001853704 ], [ -7705495.356599999591708, -2061042.503400001674891 ], [ -7705444.05350000038743, -2061029.855399999767542 ], [ -7705394.688100000843406, -2061014.424800001084805 ], [ -7705383.136399999260902, -2061066.071699999272823 ], [ -7705373.523, -2061115.598200000822544 ], [ -7705403.6173, -2061192.482500001788139 ], [ -7705492.6678, -2061215.809099998325109 ] ] ] ] } },
{ "type": "Feature", "properties": { "objectid": 248, "st_area_sh": 64664.360720199998, "st_length_": 1163.91671838, "Nombre": null, "Tipo": "Laguna", "objectid_2": 165, "shape_leng": 400296.66085400002, "dis_elec": 1, "cir_sena": 1, "cod_comuna": 15201, "codregion": 15, "st_area_sh_2": 6578680604.9099989, "st_length__2": 435298.60089200002, "Region": "Región de Arica y Parinacota", "Comuna": "Putre", "Provincia": "Parinacota" }, "geometry": { "type": "MultiPolygon", "coordinates": [ [ [ [ -7718605.021500000730157, -2061577.295800000429153 ], [ -7718652.173100000247359, -2061563.571800000965595 ], [ -7718681.848600000143051, -2061492.288600001484156 ], [ -7718655.684800000861287, -2061451.162500001490116 ], [ -7718630.799499999731779, -2061407.5185999982059 ], [ -7718620.775100000202656, -2061358.816300000995398 ], [ -7718613.218100000172853, -2061310.1096 ], [ -7718590.802699999883771, -2061267.652899999171495 ], [ -7718562.176599999889731, -2061229.047200001776218 ], [ -7718542.259099999442697, -2061185.2621 ], [ -7718517.343900000676513, -2061142.942600000649691 ], [ -7718480.014799999073148, -2061094.291299998760223 ], [ -7718439.109300000593066, -2061123.09569999948144 ], [ -7718421.856300000101328, -2061205.475400000810623 ], [ -7718449.353800000622869, -2061292.9364 ], [ -7718440.724500000476837, -2061341.673000000417233 ], [ -7718470.682700000703335, -2061425.290500000119209 ], [ -7718525.412200000137091, -2061490.062600001692772 ], [ -7718557.836100000888109, -2061572.484499998390675 ], [ -7718605.021500000730157, -2061577.295800000429153 ] ] ] ] } },
{ "type": "Feature", "properties": { "objectid": 249, "st_area_sh": 14127.5432661, "st_length_": 473.939499426, "Nombre": null, "Tipo": "Laguna", "objectid_2": 165, "shape_leng": 400296.66085400002, "dis_elec": 1, "cir_sena": 1, "cod_comuna": 15201, "codregion": 15, "st_area_sh_2": 6578680604.9099989, "st_length__2": 435298.60089200002, "Region": "Región de Arica y Parinacota", "Comuna": "Putre", "Provincia": "Parinacota" }, "geometry": { "type": "MultiPolygon", "coordinates": [ [ [ [ -7719849.522299999371171, -2061235.364500001072884 ], [ -7719848.366499999538064, -2061285.2787000015378 ], [ -7719900.5406, -2061301.463199999183416 ], [ -7719938.939300000667572, -2061270.144900001585484 ], [ -7719956.195599999278784, -2061192.662300001829863 ], [ -7719924.986400000751019, -2061111.5658 ], [ -7719882.669800000265241, -2061143.905900001525879 ], [ -7719855.607799999415874, -2061182.793000001460314 ], [ -7719849.522299999371171, -2061235.364500001072884 ] ] ] ] } },
{ "type": "Feature", "properties": { "objectid": 250, "st_area_sh": 27419.764436000001, "st_length_": 764.69340964599996, "Nombre": null, "Tipo": "Laguna", "objectid_2": 165, "shape_leng": 400296.66085400002, "dis_elec": 1, "cir_sena": 1, "cod_comuna": 15201, "codregion": 15, "st_area_sh_2": 6578680604.9099989, "st_length__2": 435298.60089200002, "Region": "Región de Arica y Parinacota", "Comuna": "Putre", "Provincia": "Parinacota" }, "geometry": { "type": "MultiPolygon", "coordinates": [ [ [ [ -7718995.738299999386072, -2061337.880899999290705 ], [ -7718947.343900000676513, -2061405.605900000780821 ], [ -7719000.780999999493361, -2061446.680500000715256 ], [ -7719050.425000000745058, -2061429.111600000411272 ], [ -7719088.860600000247359, -2061399.118599999696016 ], [ -7719107.397600000724196, -2061354.070099998265505 ], [ -7719108.517699999734759, -2061301.640299998223782 ], [ -7719093.527000000700355, -2061254.271699998527765 ], [ -7719020.1853, -2061194.4353 ], [ -7718956.813699999824166, -2061153.379799999296665 ], [ -7718959.130699999630451, -2061198.134300000965595 ], [ -7718988.027799999341369, -2061256.984700001776218 ], [ -7718995.738299999386072, -2061337.880899999290705 ] ] ] ] } },
{ "type": "Feature", "properties": { "objectid": 251, "st_area_sh": 95621.632986900004, "st_length_": 1478.38913686, "Nombre": "Lagunas de Cotacotani", "Tipo": "Laguna", "objectid_2": 165, "shape_leng": 400296.66085400002, "dis_elec": 1, "cir_sena": 1, "cod_comuna": 15201, "codregion": 15, "st_area_sh_2": 6578680604.9099989, "st_length__2": 435298.60089200002, "Region": "Región de Arica y Parinacota", "Comuna": "Putre", "Provincia": "Parinacota" }, "geometry": { "type": "MultiPolygon", "coordinates": [ [ [ [ -7706637.159399999305606, -2061156.939500000327826 ], [ -7706558.7972, -2061157.964899998158216 ], [ -7706508.511700000613928, -2061170.737799998372793 ], [ -7706463.042300000786781, -2061194.096000000834465 ], [ -7706413.821699999272823, -2061270.151500001549721 ], [ -7706473.871200000867248, -2061331.374800000339746 ], [ -7706521.293700000271201, -2061344.025199998170137 ], [ -7706569.672499999403954, -2061358.527800001204014 ], [ -7706620.0351, -2061380.839099999517202 ], [ -7706666.493599999696016, -2061411.893199998885393 ], [ -7706698.489199999719858, -2061452.762800000607967 ], [ -7706705.327199999243021, -2061501.475600000470877 ], [ -7706688.938500000163913, -2061550.085499998182058 ], [ -7706684.200899999588728, -2061628.999400001019239 ], [ -7706761.582699999213219, -2061605.467399999499321 ], [ -7706848.597699999809265, -2061577.156599998474121 ], [ -7706855.273399999365211, -2061496.386799998581409 ], [ -7706829.095599999651313, -2061451.670499999076128 ], [ -7706805.8092, -2061403.905600000172853 ], [ -7706789.294099999591708, -2061351.365899998694658 ], [ -7706774.718800000846386, -2061297.897100001573563 ], [ -7706755.688200000673532, -2061247.339299999177456 ], [ -7706729.136399999260902, -2061204.484900001436472 ], [ -7706688.467199999839067, -2061172.497099999338388 ], [ -7706637.159399999305606, -2061156.939500000327826 ] ] ] ] } },
{ "type": "Feature", "properties": { "objectid": 252, "st_area_sh": 7358.0562481500001, "st_length_": 334.63246389099999, "Nombre": null, "Tipo": "Laguna", "objectid_2": 165, "shape_leng": 400296.66085400002, "dis_elec": 1, "cir_sena": 1, "cod_comuna": 15201, "codregion": 15, "st_area_sh_2": 6578680604.9099989, "st_length__2": 435298.60089200002, "Region": "Región de Arica y Parinacota", "Comuna": "Putre", "Provincia": "Parinacota" }, "geometry": { "type": "MultiPolygon", "coordinates": [ [ [ [ -7720150.131799999624491, -2061349.57209999859333 ], [ -7720182.269300000742078, -2061278.415100000798702 ], [ -7720114.42879999987781, -2061241.343400001525879 ], [ -7720091.620799999684095, -2061253.567499998956919 ], [ -7720083.097200000658631, -2061338.5801 ], [ -7720150.131799999624491, -2061349.57209999859333 ] ] ] ] } },
{ "type": "Feature", "properties": { "objectid": 253, "st_area_sh": 70107.820324500004, "st_length_": 1060.3873187199999, "Nombre": null, "Tipo": "Laguna", "objectid_2": 165, "shape_leng": 400296.66085400002, "dis_elec": 1, "cir_sena": 1, "cod_comuna": 15201, "codregion": 15, "st_area_sh_2": 6578680604.9099989, "st_length__2": 435298.60089200002, "Region": "Región de Arica y Parinacota", "Comuna": "Putre", "Provincia": "Parinacota" }, "geometry": { "type": "MultiPolygon", "coordinates": [ [ [ [ -7717965.237999999895692, -2061666.645199999213219 ], [ -7718027.274800000712276, -2061642.7010000012815 ], [ -7718058.859099999070168, -2061607.029100000858307 ], [ -7718078.644400000572205, -2061559.59569999948144 ], [ -7718082.269500000402331, -2061508.352299999445677 ], [ -7718072.244200000539422, -2061458.458000000566244 ], [ -7718044.864399999380112, -2061417.333399999886751 ], [ -7718003.847500000149012, -2061384.839299999177456 ], [ -7717969.011199999600649, -2061349.950800001621246 ], [ -7717929.182099999859929, -2061282.635099999606609 ], [ -7717874.725999999791384, -2061258.903200000524521 ], [ -7717829.858300000429153, -2061280.299899999052286 ], [ -7717812.568600000813603, -2061325.212499998509884 ], [ -7717801.472699999809265, -2061375.277300000190735 ], [ -7717791.659600000828505, -2061425.207499999552965 ], [ -7717832.745500000193715, -2061496.361200001090765 ], [ -7717902.367599999532104, -2061556.209600001573563 ], [ -7717914.857699999585748, -2061604.90819999948144 ], [ -7717965.237999999895692, -2061666.645199999213219 ] ] ] ] } },
{ "type": "Feature", "properties": { "objectid": 254, "st_area_sh": 37225.814460900001, "st_length_": 936.49385453399998, "Nombre": "Lagunas de Cotacotani", "Tipo": "Laguna", "objectid_2": 165, "shape_leng": 400296.66085400002, "dis_elec": 1, "cir_sena": 1, "cod_comuna": 15201, "codregion": 15, "st_area_sh_2": 6578680604.9099989, "st_length__2": 435298.60089200002, "Region": "Región de Arica y Parinacota", "Comuna": "Putre", "Provincia": "Parinacota" }, "geometry": { "type": "MultiPolygon", "coordinates": [ [ [ [ -7706915.875499999150634, -2061211.132100000977516 ], [ -7706894.64780000038445, -2061256.83500000089407 ], [ -7706885.995799999684095, -2061309.406399998813868 ], [ -7706890.899399999529123, -2061363.019799999892712 ], [ -7706907.408600000664592, -2061410.660900000482798 ], [ -7706925.858899999409914, -2061458.299499999731779 ], [ -7706940.433499999344349, -2061510.84180000051856 ], [ -7706954.054099999368191, -2061563.385499998927116 ], [ -7707017.02309999987483, -2061615.866099998354912 ], [ -7707075.958599999547005, -2061548.665899999439716 ], [ -7707070.073699999600649, -2061499.951900001615286 ], [ -7707042.941500000655651, -2061455.237100001424551 ], [ -7707009.9912, -2061414.369300000369549 ], [ -7706994.533299999311566, -2061385.381000000983477 ], [ -7706974.082000000402331, -2061322.930599998682737 ], [ -7706968.19510000012815, -2061272.363600000739098 ], [ -7706955.562899999320507, -2061220.746199999004602 ], [ -7706915.875499999150634, -2061211.132100000977516 ] ] ] ] } },
{ "type": "Feature", "properties": { "objectid": 255, "st_area_sh": 23832.8672659, "st_length_": 565.62786738499994, "Nombre": null, "Tipo": "Laguna", "objectid_2": 165, "shape_leng": 400296.66085400002, "dis_elec": 1, "cir_sena": 1, "cod_comuna": 15201, "codregion": 15, "st_area_sh_2": 6578680604.9099989, "st_length__2": 435298.60089200002, "Region": "Región de Arica y Parinacota", "Comuna": "Putre", "Provincia": "Parinacota" }, "geometry": { "type": "MultiPolygon", "coordinates": [ [ [ [ -7719295.002100000157952, -2061452.482999999076128 ], [ -7719345.916899999603629, -2061446.032000001519918 ], [ -7719409.0943, -2061382.231300000101328 ], [ -7719386.593299999833107, -2061294.894299998879433 ], [ -7719339.382500000298023, -2061276.183699999004602 ], [ -7719284.76490000076592, -2061272.579700000584126 ], [ -7719247.605599999427795, -2061316.339299999177456 ], [ -7719232.788599999621511, -2061362.5724 ], [ -7719234.098899999633431, -2061412.614700000733137 ], [ -7719295.002100000157952, -2061452.482999999076128 ] ] ] ] } },
{ "type": "Feature", "properties": { "objectid": 256, "st_area_sh": 8240.5915478900006, "st_length_": 367.95525205299998, "Nombre": null, "Tipo": "Laguna", "objectid_2": 165, "shape_leng": 400296.66085400002, "dis_elec": 1, "cir_sena": 1, "cod_comuna": 15201, "codregion": 15, "st_area_sh_2": 6578680604.9099989, "st_length__2": 435298.60089200002, "Region": "Región de Arica y Parinacota", "Comuna": "Putre", "Provincia": "Parinacota" }, "geometry": { "type": "MultiPolygon", "coordinates": [ [ [ [ -7719926.976299999281764, -2061502.386 ], [ -7719936.786299999803305, -2061436.170200001448393 ], [ -7719870.9002, -2061388.899500001221895 ], [ -7719815.582399999722838, -2061398.008000001311302 ], [ -7719822.542300000786781, -2061425.135400000959635 ], [ -7719868.612299999222159, -2061483.830200001597404 ], [ -7719926.976299999281764, -2061502.386 ] ] ] ] } },
{ "type": "Feature", "properties": { "objectid": 257, "st_area_sh": 197508.43356899999, "st_length_": 3034.0787127, "Nombre": "Laguna  de Cotacotani", "Tipo": "Laguna", "objectid_2": 165, "shape_leng": 400296.66085400002, "dis_elec": 1, "cir_sena": 1, "cod_comuna": 15201, "codregion": 15, "st_area_sh_2": 6578680604.9099989, "st_length__2": 435298.60089200002, "Region": "Región de Arica y Parinacota", "Comuna": "Putre", "Provincia": "Parinacota" }, "geometry": { "type": "MultiPolygon", "coordinates": [ [ [ [ -7706029.880999999120831, -2062203.09910000115633 ], [ -7706023.17, -2062257.656199999153614 ], [ -7706023.232799999415874, -2062309.292199999094009 ], [ -7706092.933199999853969, -2062351.0449 ], [ -7706141.301799999549985, -2062328.609400000423193 ], [ -7706181.895300000905991, -2062297.445000000298023 ], [ -7706225.396800000220537, -2062276.868999999016523 ], [ -7706306.637499999254942, -2062232.016699999570847 ], [ -7706302.64750000089407, -2062144.373100001364946 ], [ -7706290.974099999293685, -2062095.7971 ], [ -7706291.867200000211596, -2062046.146299999207258 ], [ -7706354.707599999383092, -2061994.432500001043081 ], [ -7706404.065199999138713, -2062001.123199999332428 ], [ -7706451.468599999323487, -2061997.224399998784065 ], [ -7706454.289000000804663, -2061936.847199998795986 ], [ -7706406.864199999719858, -2061923.269499998539686 ], [ -7706355.608300000429153, -2061924.392700001597404 ], [ -7706307.208399999886751, -2061920.481100000441074 ], [ -7706265.562000000849366, -2061897.230900000780821 ], [ -7706228.771500000730157, -2061863.118000000715256 ], [ -7706188.1042, -2061833.114100001752377 ], [ -7706153.222100000828505, -2061798.998799998313189 ], [ -7706138.656500000506639, -2061752.280600000172853 ], [ -7706125.993100000545382, -2061700.7939000017941 ], [ -7706094.032299999147654, -2061660.849700000137091 ], [ -7706015.598400000482798, -2061604.5456000007689 ], [ -7706000.045, -2061556.769799999892712 ], [ -7705996.129699999466538, -2061502.359999999403954 ], [ -7705994.124900000169873, -2061449.801600001752377 ], [ -7705960.328700000420213, -2061401.568999998271465 ], [ -7705943.7027000002563, -2061377.840700000524521 ], [ -7705894.377100000157952, -2061369.030699998140335 ], [ -7705844.041200000792742, -2061368.165600001811981 ], [ -7705789.866800000891089, -2061376.043000001460314 ], [ -7705703.814500000327826, -2061412.159099999815226 ], [ -7705710.690999999642372, -2061494.897700000554323 ], [ -7705753.290100000798702, -2061518.147399999201298 ], [ -7705846.193900000303984, -2061543.454 ], [ -7705868.520400000736117, -2061588.1765 ], [ -7705890.825999999418855, -2061642.563999999314547 ], [ -7705929.562300000339746, -2061681.5735 ], [ -7705977.9792, -2061699.917199999094009 ], [ -7706029.278200000524521, -2061707.665500000119209 ], [ -7706093.200500000268221, -2061761.074999999254942 ], [ -7706133.935599999502301, -2061846.685699999332428 ], [ -7706144.639399999752641, -2061909.958599999547005 ], [ -7706106.9419, -2061941.251200001686811 ], [ -7706067.304400000721216, -2061973.340500000864267 ], [ -7706014.204199999570847, -2062054.3015 ], [ -7706018.145500000566244, -2062102.8871 ], [ -7706028.831299999728799, -2062151.596900001168251 ], [ -7706029.880999999120831, -2062203.09910000115633 ] ] ] ] } },
{ "type": "Feature", "properties": { "objectid": 258, "st_area_sh": 6107.755667, "st_length_": 335.403138205, "Nombre": null, "Tipo": "Laguna", "objectid_2": 165, "shape_leng": 400296.66085400002, "dis_elec": 1, "cir_sena": 1, "cod_comuna": 15201, "codregion": 15, "st_area_sh_2": 6578680604.9099989, "st_length__2": 435298.60089200002, "Region": "Región de Arica y Parinacota", "Comuna": "Putre", "Provincia": "Parinacota" }, "geometry": { "type": "MultiPolygon", "coordinates": [ [ [ [ -7719266.809299999848008, -2061629.812399998307228 ], [ -7719305.123400000855327, -2061552.289200000464916 ], [ -7719305.020999999716878, -2061497.34569999948144 ], [ -7719260.384700000286102, -2061518.745299998670816 ], [ -7719219.563100000843406, -2061592.433499999344349 ], [ -7719266.809299999848008, -2061629.812399998307228 ] ] ] ] } },
{ "type": "Feature", "properties": { "objectid": 259, "st_area_sh": 4791.6550218800003, "st_length_": 285.58953108200001, "Nombre": null, "Tipo": "Laguna", "objectid_2": 165, "shape_leng": 400296.66085400002, "dis_elec": 1, "cir_sena": 1, "cod_comuna": 15201, "codregion": 15, "st_area_sh_2": 6578680604.9099989, "st_length__2": 435298.60089200002, "Region": "Región de Arica y Parinacota", "Comuna": "Putre", "Provincia": "Parinacota" }, "geometry": { "type": "MultiPolygon", "coordinates": [ [ [ [ -7719126.395400000736117, -2061557.656399998813868 ], [ -7719111.210400000214577, -2061572.444699998944998 ], [ -7719090.436300000175834, -2061592.676100000739098 ], [ -7719060.734999999403954, -2061631.523499999195337 ], [ -7719098.033800000324845, -2061662.566399998962879 ], [ -7719115.482200000435114, -2061641.760899998247623 ], [ -7719152.5252, -2061597.590599998831749 ], [ -7719149.170499999076128, -2061571.062699999660254 ], [ -7719126.395400000736117, -2061557.656399998813868 ] ] ] ] } },
{ "type": "Feature", "properties": { "objectid": 260, "st_area_sh": 4673.5310301700001, "st_length_": 281.638372285, "Nombre": null, "Tipo": "Laguna", "objectid_2": 165, "shape_leng": 400296.66085400002, "dis_elec": 1, "cir_sena": 1, "cod_comuna": 15201, "codregion": 15, "st_area_sh_2": 6578680604.9099989, "st_length__2": 435298.60089200002, "Region": "Región de Arica y Parinacota", "Comuna": "Putre", "Provincia": "Parinacota" }, "geometry": { "type": "MultiPolygon", "coordinates": [ [ [ [ -7719343.966499999165535, -2061740.879099998623133 ], [ -7719418.449200000613928, -2061740.738299999386072 ], [ -7719394.730000000447035, -2061670.745900001376867 ], [ -7719343.814999999478459, -2061659.720899999141693 ], [ -7719343.966499999165535, -2061740.879099998623133 ] ] ] ] } },
{ "type": "Feature", "properties": { "objectid": 261, "st_area_sh": 83974.542488299994, "st_length_": 1477.4428511199999, "Nombre": "Lagunas de Cotacotani", "Tipo": "Laguna", "objectid_2": 165, "shape_leng": 400296.66085400002, "dis_elec": 1, "cir_sena": 1, "cod_comuna": 15201, "codregion": 15, "st_area_sh_2": 6578680604.9099989, "st_length__2": 435298.60089200002, "Region": "Región de Arica y Parinacota", "Comuna": "Putre", "Provincia": "Parinacota" }, "geometry": { "type": "MultiPolygon", "coordinates": [ [ [ [ -7702113.85329999960959, -2062475.921 ], [ -7702154.353399999439716, -2062443.705299999564886 ], [ -7702188.330299999564886, -2062402.890299998223782 ], [ -7702222.804700000211596, -2062366.046700000762939 ], [ -7702267.788200000301003, -2062342.829599998891354 ], [ -7702316.790699999779463, -2062324.771699998527765 ], [ -7702351.259999999776483, -2062251.650400001555681 ], [ -7702332.688300000503659, -2062204.403000000864267 ], [ -7702321.6491, -2062155.559000000357628 ], [ -7702309.066400000825524, -2062109.364700000733137 ], [ -7702271.472799999639392, -2062024.27140000090003 ], [ -7702262.853900000452995, -2061929.61540000140667 ], [ -7702244.073699999600649, -2061903.022999998182058 ], [ -7702212.882099999114871, -2061963.958799999207258 ], [ -7702202.436799999326468, -2062012.295200001448393 ], [ -7702186.463400000706315, -2062059.578299999237061 ], [ -7702117.9715, -2062096.853799998760223 ], [ -7702026.407500000670552, -2062092.976700000464916 ], [ -7702029.481599999591708, -2062171.4864999987185 ], [ -7702068.533800000324845, -2062203.619300000369549 ], [ -7702104.100299999117851, -2062237.344399999827147 ], [ -7702129.147299999371171, -2062279.157000001519918 ], [ -7702129.734300000593066, -2062370.248100001364946 ], [ -7702104.2785, -2062411.054200001060963 ], [ -7702113.85329999960959, -2062475.921 ] ] ] ] } },
{ "type": "Feature", "properties": { "objectid": 262, "st_area_sh": 26988.529608000001, "st_length_": 737.40789521500005, "Nombre": null, "Tipo": "Laguna", "objectid_2": 165, "shape_leng": 400296.66085400002, "dis_elec": 1, "cir_sena": 1, "cod_comuna": 15201, "codregion": 15, "st_area_sh_2": 6578680604.9099989, "st_length__2": 435298.60089200002, "Region": "Región de Arica y Parinacota", "Comuna": "Putre", "Provincia": "Parinacota" }, "geometry": { "type": "MultiPolygon", "coordinates": [ [ [ [ -7716254.798900000751019, -2062397.47690000012517 ], [ -7716300.42850000038743, -2062376.743200000375509 ], [ -7716347.605399999767542, -2062356.668800000101328 ], [ -7716391.713500000536442, -2062331.303599998354912 ], [ -7716426.6952, -2062298.407499998807907 ], [ -7716468.398199999704957, -2062213.996300000697374 ], [ -7716421.1173, -2062154.366900000721216 ], [ -7716359.503000000491738, -2062196.577100001275539 ], [ -7716329.134199999272823, -2062233.436900001019239 ], [ -7716298.734899999573827, -2062271.753100000321865 ], [ -7716265.306099999696016, -2062308.618299998342991 ], [ -7716205.2873, -2062379.953600000590086 ], [ -7716254.798900000751019, -2062397.47690000012517 ] ] ] ] } },
{ "type": "Feature", "properties": { "objectid": 263, "st_area_sh": 52309.721428600002, "st_length_": 1041.1353620499999, "Nombre": null, "Tipo": "Laguna", "objectid_2": 165, "shape_leng": 400296.66085400002, "dis_elec": 1, "cir_sena": 1, "cod_comuna": 15201, "codregion": 15, "st_area_sh_2": 6578680604.9099989, "st_length__2": 435298.60089200002, "Region": "Región de Arica y Parinacota", "Comuna": "Putre", "Provincia": "Parinacota" }, "geometry": { "type": "MultiPolygon", "coordinates": [ [ [ [ -7716645.696100000292063, -2062594.33669999986887 ], [ -7716660.800100000575185, -2062520.033100001513958 ], [ -7716650.808199999853969, -2062468.811500001698732 ], [ -7716659.0757, -2062417.425599999725819 ], [ -7716670.443800000473857, -2062370.668400000780821 ], [ -7716616.311200000345707, -2062325.614999998360872 ], [ -7716565.290200000628829, -2062329.543999999761581 ], [ -7716509.726399999111891, -2062331.892000000923872 ], [ -7716489.236700000241399, -2062374.030999999493361 ], [ -7716463.418600000441074, -2062416.973799999803305 ], [ -7716435.32880000025034, -2062459.126200001686811 ], [ -7716361.602800000458956, -2062518.305500000715256 ], [ -7716371.602, -2062593.3596 ], [ -7716431.773700000718236, -2062591.665899999439716 ], [ -7716487.987700000405312, -2062527.22069999948144 ], [ -7716573.312699999660254, -2062554.743200000375509 ], [ -7716645.696100000292063, -2062594.33669999986887 ] ] ] ] } },
{ "type": "Feature", "properties": { "objectid": 264, "st_area_sh": 80692.799992, "st_length_": 1403.38266531, "Nombre": null, "Tipo": "Laguna", "objectid_2": 165, "shape_leng": 400296.66085400002, "dis_elec": 1, "cir_sena": 1, "cod_comuna": 15201, "codregion": 15, "st_area_sh_2": 6578680604.9099989, "st_length__2": 435298.60089200002, "Region": "Región de Arica y Parinacota", "Comuna": "Putre", "Provincia": "Parinacota" }, "geometry": { "type": "MultiPolygon", "coordinates": [ [ [ [ -7715890.0142, -2063217.681000001728535 ], [ -7715954.656500000506639, -2063173.875999998301268 ], [ -7715902.760800000280142, -2063109.616399999707937 ], [ -7715885.165100000798702, -2063055.228399999439716 ], [ -7715964.337799999862909, -2063062.771600000560284 ], [ -7715992.4375, -2063006.054200001060963 ], [ -7715970.183499999344349, -2062921.089200001209974 ], [ -7715946.4529, -2062838.377900000661612 ], [ -7715908.331000000238419, -2062805.47520000115037 ], [ -7715874.02309999987483, -2062771.109400000423193 ], [ -7715849.565899999812245, -2062725.207699999213219 ], [ -7715835.241900000721216, -2062795.670499999076128 ], [ -7715815.535800000652671, -2062854.756000000983477 ], [ -7715747.736400000751019, -2062821.109299998730421 ], [ -7715730.310499999672174, -2062886.281500000506639 ], [ -7715695.419099999591708, -2062954.529100000858307 ], [ -7715699.33, -2063010.396899998188019 ], [ -7715743.517899999395013, -2063030.976399999111891 ], [ -7715780.953199999406934, -2063105.191300000995398 ], [ -7715803.166200000792742, -2063185.655499998480082 ], [ -7715890.0142, -2063217.681000001728535 ] ] ] ] } },
{ "type": "Feature", "properties": { "objectid": 265, "st_area_sh": 25272068.4564, "st_length_": 38822.455875899999, "Nombre": "Lago Chungará", "Tipo": "Lago", "objectid_2": 165, "shape_leng": 400296.66085400002, "dis_elec": 1, "cir_sena": 1, "cod_comuna": 15201, "codregion": 15, "st_area_sh_2": 6578680604.9099989, "st_length__2": 435298.60089200002, "Region": "Región de Arica y Parinacota", "Comuna": "Putre", "Provincia": "Parinacota" }, "geometry": { "type": "MultiPolygon", "coordinates": [ [ [ [ -7701485.043199999257922, -2064373.969799999147654 ], [ -7701527.855900000780821, -2064346.384500000625849 ], [ -7701564.231699999421835, -2064298.14919999986887 ], [ -7701600.985600000247359, -2064233.3618 ], [ -7701622.771199999377131, -2064171.37049999833107 ], [ -7701621.86119999922812, -2064117.082299999892712 ], [ -7701601.249399999156594, -2064069.699700001627207 ], [ -7701562.68889999948442, -2064038.621899999678135 ], [ -7701512.962400000542402, -2064028.344099998474121 ], [ -7701460.702500000596046, -2064018.06870000064373 ], [ -7701420.3969, -2063985.403599999845028 ], [ -7701407.513299999758601, -2063933.643699999898672 ], [ -7701421.149599999189377, -2063881.989700000733137 ], [ -7701451.974500000476837, -2063843.956799998879433 ], [ -7701500.7237, -2063765.520799998193979 ], [ -7701505.805800000205636, -2063714.670200001448393 ], [ -7701518.620699999853969, -2063664.606499999761581 ], [ -7701544.269899999722838, -2063617.177999999374151 ], [ -7701579.33530000038445, -2063575.830899998545647 ], [ -7701623.002499999478459, -2063549.040100000798702 ], [ -7701706.137399999424815, -2063573.053899999707937 ], [ -7701732.731899999082088, -2063615.265299998223782 ], [ -7701758.477399999275804, -2063663.568399999290705 ], [ -7701788.528699999675155, -2063707.497600000351667 ], [ -7701816.35190000012517, -2063700.072900000959635 ], [ -7701837.342599999159575, -2063694.471500001847744 ], [ -7701807.244200000539422, -2063604.066700000315905 ], [ -7701790.944299999624491, -2063558.402399998158216 ], [ -7701789.181900000199676, -2063507.426899999380112 ], [ -7701805.384999999776483, -2063457.492400001734495 ], [ -7701833.202199999243021, -2063407.413699999451637 ], [ -7701857.130100000649691, -2063350.586199998855591 ], [ -7701872.898900000378489, -2063294.561799999326468 ], [ -7701888.278999999165535, -2063244.496199999004602 ], [ -7701907.940600000321865, -2063198.795699998736382 ], [ -7701937.019899999722838, -2063160.89750000089407 ], [ -7701975.549599999561906, -2063130.669199999421835 ], [ -7702011.478199999779463, -2063098.722300000488758 ], [ -7702026.82179999910295, -2063013.437199998646975 ], [ -7702068.713700000196695, -2062925.47690000012517 ], [ -7702042.975600000470877, -2062884.061000000685453 ], [ -7701999.3103, -2062910.85190000012517 ], [ -7701961.646999999880791, -2062951.406599998474121 ], [ -7701926.582800000905991, -2062991.958700001239777 ], [ -7701889.775399999693036, -2063033.307 ], [ -7701857.281500000506639, -2063078.22580000013113 ], [ -7701835.056199999526143, -2063126.444299999624491 ], [ -7701829.084100000560284, -2063174.7787000015378 ], [ -7701812.059100000187755, -2063257.550299998372793 ], [ -7701773.532400000840425, -2063291.221000000834465 ], [ -7701735.8618, -2063325.685400001704693 ], [ -7701702.509099999442697, -2063367.957299999892712 ], [ -7701666.559499999508262, -2063412.747699998319149 ], [ -7701622.040699999779463, -2063442.98200000077486 ], [ -7701569.796800000593066, -2063447.404399998486042 ], [ -7701518.3903, -2063433.685899998992682 ], [ -7701472.113900000229478, -2063417.313999999314547 ], [ -7701380.466299999505281, -2063434.619199998676777 ], [ -7701342.808599999174476, -2063482.98589999973774 ], [ -7701327.437999999150634, -2063544.1739999987185 ], [ -7701326.637000000104308, -2063599.256900001317263 ], [ -7701317.273900000378489, -2063646.801100000739098 ], [ -7701288.192800000309944, -2063684.699299998581409 ], [ -7701244.520600000396371, -2063707.120099999010563 ], [ -7701194.81279999949038, -2063714.981699999421835 ], [ -7701148.563799999654293, -2063727.076999999582767 ], [ -7701114.394300000742078, -2063810.66160000115633 ], [ -7701121.29109999909997, -2063864.94310000166297 ], [ -7701128.190600000321865, -2063921.872999999672174 ], [ -7701124.822699999436736, -2063977.09180000051856 ], [ -7701106.872899999842048, -2064026.234299998730421 ], [ -7701074.3673, -2064062.414900001138449 ], [ -7701026.41499999910593, -2064083.118500001728535 ], [ -7700967.29759999923408, -2064092.710299998521805 ], [ -7700908.209000000730157, -2064097.932399999350309 ], [ -7700852.513399999588728, -2064107.520599998533726 ], [ -7700803.705299999564886, -2064128.224599998444319 ], [ -7700769.488800000399351, -2064165.333399999886751 ], [ -7700748.116900000721216, -2064215.273800000548363 ], [ -7700728.028999999165535, -2064266.140000000596046 ], [ -7700700.663499999791384, -2064311.054699998348951 ], [ -7700665.9868, -2064348.958700001239777 ], [ -7700628.311599999666214, -2064382.628199998289347 ], [ -7700594.948300000280142, -2064418.015000000596046 ], [ -7700601.012299999594688, -2064497.325500000268221 ], [ -7700637.043400000780821, -2064533.440000001341105 ], [ -7700677.35219999961555, -2064569.682700000703335 ], [ -7700719.34180000051856, -2064608.4397 ], [ -7700758.795299999415874, -2064644.550799999386072 ], [ -7700792.25870000012219, -2064678.9463 ], [ -7700803.4649, -2064766.8597999997437 ], [ -7700782.087600000202656, -2064811.769900001585484 ], [ -7700762.422700000926852, -2064858.267299998551607 ], [ -7700747.927899999544024, -2064909.129700001329184 ], [ -7700721.381799999624491, -2064951.396699998527765 ], [ -7700630.579, -2064965.256099998950958 ], [ -7700586.005999999120831, -2064943.847500000149012 ], [ -7700549.154899999499321, -2064911.043400000780821 ], [ -7700513.128100000321865, -2064880.092399999499321 ], [ -7700433.487400000914931, -2064901.75279999896884 ], [ -7700404.374800000339746, -2064944.816300000995398 ], [ -7700378.7179000005126, -2064988.80350000038743 ], [ -7700295.658600000664592, -2065014.704100001603365 ], [ -7700243.366900000721216, -2065007.868000000715256 ], [ -7700186.850099999457598, -2065021.825399998575449 ], [ -7700134.626700000837445, -2065052.860500000417233 ], [ -7700095.239900000393391, -2065088.253400001674891 ], [ -7700061.842299999669194, -2065124.434999998658895 ], [ -7700023.338999999687076, -2065154.66270000115037 ], [ -7699977.09180000051856, -2065172.847300000488758 ], [ -7699927.370300000533462, -2065170.245400000363588 ], [ -7699885.388399999588728, -2065139.29839999973774 ], [ -7699853.628699999302626, -2065096.159400001168251 ], [ -7699819.342599999159575, -2065060.835400000214577 ], [ -7699775.623299999162555, -2065036.775800000876188 ], [ -7699726.778200000524521, -2065020.533399999141693 ], [ -7699675.338400000706315, -2065009.325199998915195 ], [ -7699621.371099999174476, -2065005.004999998956919 ], [ -7699569.125099999830127, -2065011.9386 ], [ -7699522.024599999189377, -2065032.771200001239777 ], [ -7699480.92339999973774, -2065065.515999998897314 ], [ -7699450.096899999305606, -2065107.785599999129772 ], [ -7699427.005799999460578, -2065153.491099998354912 ], [ -7699381.203500000759959, -2065191.404500000178814 ], [ -7699307.545199999585748, -2065208.817899998277426 ], [ -7699244.558499999344349, -2065201.061900001019239 ], [ -7699197.419099999591708, -2065178.725299999117851 ], [ -7699151.985400000587106, -2065150.295899998396635 ], [ -7699109.114700000733137, -2065117.626600001007318 ], [ -7699073.972899999469519, -2065080.580699998885393 ], [ -7699049.0921, -2065037.434399999678135 ], [ -7699028.48509999923408, -2064990.046999998390675 ], [ -7699006.167300000786781, -2064942.661200001835823 ], [ -7698983.850400000810623, -2064896.202399998903275 ], [ -7698972.653599999845028, -2064847.879999998956919 ], [ -7698982.054999999701977, -2064799.671900000423193 ], [ -7699010.281099999323487, -2064755.684599999338388 ], [ -7699047.951999999582767, -2064713.410300001502037 ], [ -7699084.732999999076128, -2064669.415500000119209 ], [ -7699116.412100000306964, -2064623.70380000025034 ], [ -7699138.646099999547005, -2064576.279199998825788 ], [ -7699143.736500000581145, -2064527.94310000166297 ], [ -7699132.538100000470877, -2064478.032699998468161 ], [ -7699112.816999999806285, -2064427.203099999576807 ], [ -7699087.901799999177456, -2064381.542399998754263 ], [ -7699056.175599999725819, -2064335.887699998915195 ], [ -7699001.75, -2064294.490600001066923 ], [ -7698927.176100000739098, -2064277.342700000852346 ], [ -7698863.375800000503659, -2064276.471999999135733 ], [ -7698808.526100000366569, -2064276.520199999213219 ], [ -7698750.287200000137091, -2064276.571100000292063 ], [ -7698694.583399999886751, -2064278.341099999845028 ], [ -7698642.335899999365211, -2064281.829300001263618 ], [ -7698591.795, -2064280.151700001209974 ], [ -7698541.21680000051856, -2064273.309999998658895 ], [ -7698490.681099999696016, -2064277.723200000822544 ], [ -7698442.727, -2064300.142299998551607 ], [ -7698397.344499999657273, -2064328.650100000202656 ], [ -7698351.101199999451637, -2064351.067600000649691 ], [ -7698300.567399999126792, -2064357.996300000697374 ], [ -7698249.9869, -2064348.637899998575449 ], [ -7698205.451199999079108, -2064327.886599998921156 ], [ -7698165.153100000694394, -2064298.657299999147654 ], [ -7698125.7083, -2064266.778900001198053 ], [ -7698083.701500000432134, -2064240.066799998283386 ], [ -7698011.762900000438094, -2064265.153200000524521 ], [ -7698023.851700000464916, -2064360.8783 ], [ -7698029.031099999323487, -2064416.885099999606609 ], [ -7698017.0669, -2064472.111999999731779 ], [ -7697991.408399999141693, -2064519.537999998778105 ], [ -7697950.3092, -2064556.516199998557568 ], [ -7697896.3662, -2064579.8662 ], [ -7697843.268699999898672, -2064591.165600001811981 ], [ -7697793.55519999936223, -2064596.370999999344349 ], [ -7697742.161499999463558, -2064598.929299999028444 ], [ -7697676.611500000581145, -2064592.097600001841784 ], [ -7697605.4836, -2064563.818999998271465 ], [ -7697558.758300000801682, -2064520.6897 ], [ -7697530.456700000911951, -2064474.235100001096725 ], [ -7697504.718800000846386, -2064424.203299999237061 ], [ -7697484.114, -2064374.167399998754263 ], [ -7697467.787399999797344, -2064325.055100001394749 ], [ -7697448.040400000289083, -2064277.666999999433756 ], [ -7697414.61119999922812, -2064237.175500001758337 ], [ -7697366.613099999725819, -2064205.434999998658895 ], [ -7697314.312000000849366, -2064182.966899998486042 ], [ -7697264.61460000090301, -2064165.793000001460314 ], [ -7697214.06110000051558, -2064147.692899998277426 ], [ -7697160.057600000873208, -2064135.686299998313189 ], [ -7697111.2347999997437, -2064142.610500000417233 ], [ -7697039.326899999752641, -2064208.211800001561642 ], [ -7697005.959599999710917, -2064246.240699999034405 ], [ -7696967.423800000920892, -2064280.6985 ], [ -7696921.182399999350309, -2064307.4824 ], [ -7696871.506999999284744, -2064318.644000001251698 ], [ -7696823.527799999341369, -2064311.001400001347065 ], [ -7696779.8136, -2064286.8037 ], [ -7696740.370400000363588, -2064254.128100000321865 ], [ -7696704.347200000658631, -2064218.801600001752377 ], [ -7696670.9222, -2064181.7516999989748 ], [ -7696640.061799999326468, -2064142.184099998325109 ], [ -7696614.298800000920892, -2064099.037399999797344 ], [ -7696595.442299999296665, -2064051.648299999535084 ], [ -7696585.1053, -2064000.809999998658895 ], [ -7696589.344100000336766, -2063949.960700001567602 ], [ -7696608.1601, -2063900.821600001305342 ], [ -7696626.121899999678135, -2063853.404699999839067 ], [ -7696621.771999999880791, -2063757.807599999010563 ], [ -7696623.017200000584126, -2063707.75560000166297 ], [ -7696638.377599999308586, -2063657.825300000607967 ], [ -7696659.33390000090003, -2063611.201099999248981 ], [ -7696673.874099999666214, -2063564.714200001209974 ], [ -7696648.96680000051856, -2063477.6085 ], [ -7696607.818900000303984, -2063450.8935999982059 ], [ -7696517.877900000661612, -2063468.307900000363588 ], [ -7696469.910599999129772, -2063473.508400000631809 ], [ -7696421.07740000076592, -2063464.806499999016523 ], [ -7696372.255400000140071, -2063470.934300001710653 ], [ -7696326.011800000444055, -2063493.346200000494719 ], [ -7696284.048000000417233, -2063519.329900000244379 ], [ -7696240.3706, -2063541.739799998700619 ], [ -7696192.410000000149012, -2063556.340700000524521 ], [ -7696143.585200000554323, -2063559.025299999862909 ], [ -7696097.314600000157952, -2063545.289200000464916 ], [ -7696055.311300000175834, -2063517.77930000051856 ], [ -7696014.162200000137091, -2063488.41499999910593 ], [ -7695967.8902000002563, -2063472.162799999117851 ], [ -7695914.784900000318885, -2063470.480500001460314 ], [ -7695859.084899999201298, -2063474.758400000631809 ], [ -7695807.693800000473857, -2063477.443999998271465 ], [ -7695759.718900000676513, -2063472.315000001341105 ], [ -7695711.737800000235438, -2063458.446899998933077 ], [ -7695663.720899999141693, -2063440.473999999463558 ], [ -7695615.7357, -2063420.647300001233816 ], [ -7695568.60359999909997, -2063397.377300001680851 ], [ -7695526.59940000064671, -2063367.218400001525879 ], [ -7695493.177999999374151, -2063330.168000001460314 ], [ -7695465.74239999987185, -2063289.803300000727177 ], [ -7695440.871300000697374, -2063246.656199999153614 ], [ -7695414.255999999120831, -2063202.715999998152256 ], [ -7695378.269799999892712, -2063167.388900000602007 ], [ -7695331.9934, -2063143.323600001633167 ], [ -7695275.838899999856949, -2063108.010600000619888 ], [ -7695221.840700000524521, -2063050.319400001317263 ], [ -7695193.110300000756979, -2062991.683800000697374 ], [ -7695180.211500000208616, -2062941.776000000536442 ], [ -7695157.052899999544024, -2062899.554900001734495 ], [ -7695115.906999999657273, -2062871.116500001400709 ], [ -7695068.7774, -2062848.772799998521805 ], [ -7695026.776799999177456, -2062821.129200000315905 ], [ -7694983.067299999296665, -2062796.267299998551607 ], [ -7694920.577500000596046, -2062829.013999998569489 ], [ -7694948.902000000700355, -2062921.148299999535084 ], [ -7694966.931099999696016, -2062968.669399999082088 ], [ -7694929.268899999558926, -2063031.587799999862909 ], [ -7694856.4222, -2062978.145700000226498 ], [ -7694840.105399999767542, -2062932.477000001817942 ], [ -7694815.236700000241399, -2062890.256799999624491 ], [ -7694784.38230000063777, -2062851.4831000007689 ], [ -7694779.162100000306964, -2062769.660799998790026 ], [ -7694695.20890000090003, -2062735.160100001841784 ], [ -7694634.373500000685453, -2062732.685199998319149 ], [ -7694579.560100000351667, -2062731.795099999755621 ], [ -7694529.848600000143051, -2062734.476199999451637 ], [ -7694476.7533, -2062744.839000001549721 ], [ -7694421.95240000076592, -2062763.014499999582767 ], [ -7694373.997199999168515, -2062785.422400001436472 ], [ -7694331.176899999380112, -2062811.269299998879433 ], [ -7694288.358200000599027, -2062839.7643 ], [ -7694250.674599999561906, -2062872.492800001055002 ], [ -7694225.0055, -2062913.952199999243021 ], [ -7694211.317700000479817, -2062963.87779999896884 ], [ -7694203.653200000524521, -2063017.374600000679493 ], [ -7694195.131899999454618, -2063069.150800000876188 ], [ -7694179.731000000610948, -2063115.635299999266863 ], [ -7694152.3498, -2063156.169399999082088 ], [ -7694114.667199999094009, -2063191.546300001442432 ], [ -7694072.7039, -2063221.7621 ], [ -7694030.738800000399351, -2063249.329700000584126 ], [ -7693991.373999999836087, -2063278.616799999028444 ], [ -7693957.112099999561906, -2063313.197000000625849 ], [ -7693925.881899999454618, -2063355.454900000244379 ], [ -7693889.916899999603629, -2063402.879799999296665 ], [ -7693850.10050000064075, -2063447.659000001847744 ], [ -7693815.875399999320507, -2063489.124400001019239 ], [ -7693790.207599999383092, -2063535.616099998354912 ], [ -7693772.2434, -2063589.1206 ], [ -7693762.865900000557303, -2063641.69310000166297 ], [ -7693759.442099999636412, -2063691.613699998706579 ], [ -7693757.763900000602007, -2063744.313999999314547 ], [ -7693753.520099999383092, -2063798.604899998754263 ], [ -7693739.008600000292063, -2063849.459800001233816 ], [ -7693715.052400000393391, -2063897.672400001436472 ], [ -7693695.373400000855327, -2063946.014899998903275 ], [ -7693682.538699999451637, -2063995.147599998861551 ], [ -7693672.3048, -2064046.794700000435114 ], [ -7693669.77170000039041, -2064101.085299998521805 ], [ -7693677.504599999636412, -2064155.5022 ], [ -7693689.513699999079108, -2064208.062699999660254 ], [ -7693713.098500000312924, -2064250.287799999117851 ], [ -7693759.371200000867248, -2064267.472600001841784 ], [ -7693813.790100000798702, -2064262.27419999986887 ], [ -7693865.145300000905991, -2064198.418600000441074 ], [ -7693848.8301, -2064153.540899999439716 ], [ -7693815.409900000318885, -2064115.6919 ], [ -7693781.955199999734759, -2064075.194699998944998 ], [ -7693835.087099999189377, -2064064.833099998533726 ], [ -7693869.365000000223517, -2064106.124099999666214 ], [ -7693904.530899999663234, -2064146.620099999010563 ], [ -7693935.3871, -2064188.045800000429153 ], [ -7693959.401799999177456, -2064232.786200001835823 ], [ -7693979.995100000873208, -2064278.455699998885393 ], [ -7694004.009400000795722, -2064322.401799999177456 ], [ -7694032.334799999371171, -2064367.271999999880791 ], [ -7694062.339299999177456, -2064413.730200000107288 ], [ -7694090.63370000012219, -2064461.116500001400709 ], [ -7694112.087999999523163, -2064514.598299998790026 ], [ -7694124.135299999266863, -2064573.250599998980761 ], [ -7694128.4485, -2064629.25959999859333 ], [ -7694133.6162, -2064683.546900000423193 ], [ -7694144.771800000220537, -2064736.903499998152256 ], [ -7694157.669800000265241, -2064787.743200000375509 ], [ -7694167.112400000914931, -2064837.790800001472235 ], [ -7694170.598799999803305, -2064886.915300000458956 ], [ -7694168.919199999421835, -2064936.043400000780821 ], [ -7694167.208399999886751, -2064987.820000000298023 ], [ -7694167.242599999532104, -2065041.184500001370907 ], [ -7694164.70920000039041, -2065092.961899999529123 ], [ -7694156.1875, -2065145.537799999117851 ], [ -7694147.242599999532104, -2065204.999899998307228 ], [ -7694148.992200000211596, -2065265.382199998944998 ], [ -7694158.864800000563264, -2065318.741099998354912 ], [ -7694166.597200000658631, -2065369.585499998182058 ], [ -7694168.340800000354648, -2065420.434000000357628 ], [ -7694163.239, -2065469.565499998629093 ], [ -7694147.869100000709295, -2065516.187800001353025 ], [ -7694116.172499999403954, -2065554.080899998545647 ], [ -7694081.963600000366569, -2065625.743299998342991 ], [ -7694144.530899999663234, -2065698.932599999010563 ], [ -7694168.549900000914931, -2065747.118900001049042 ], [ -7694181.448100000619888, -2065797.166499998420477 ], [ -7694191.744599999859929, -2065843.772900000214577 ], [ -7694210.627800000831485, -2065887.5929000005126 ], [ -7694230.367900000885129, -2065933.266399998217821 ], [ -7694243.2668999992311, -2065984.241399999707937 ], [ -7694254.423100000247359, -2066036.806699998676777 ], [ -7694269.887199999764562, -2066084.999400001019239 ], [ -7694290.0548, -2066129.878400001674891 ], [ -7694314.927999999374151, -2066174.621899999678135 ], [ -7694349.63880000077188, -2066216.842999998480082 ], [ -7694385.664899999275804, -2066257.341699998825788 ], [ -7694407.971300000324845, -2066301.292599998414516 ], [ -7694421.724300000816584, -2066348.692299999296665 ], [ -7694446.597500000149012, -2066392.641600001603365 ], [ -7694492.882500000298023, -2066420.155799999833107 ], [ -7694550.275299999862909, -2066425.282299999147654 ], [ -7694607.6919, -2066416.636100001633167 ], [ -7694663.359899999573827, -2066401.104699999094009 ], [ -7694715.634400000795722, -2066379.483899999409914 ], [ -7694764.4507, -2066353.627599999308586 ], [ -7694811.552699999883771, -2066323.402300000190735 ], [ -7694851.806099999696016, -2066287.222500000149012 ], [ -7694882.611099999397993, -2066244.957400001585484 ], [ -7694911.70240000076592, -2066199.250599998980761 ], [ -7694945.9616, -2066156.05629999935627 ], [ -7694983.614700000733137, -2066119.878199998289347 ], [ -7695019.590700000524521, -2066085.422899998724461 ], [ -7695053.8542, -2066049.114700000733137 ], [ -7695089.796, -2066012.937800001353025 ], [ -7695128.336500000208616, -2065975.83219999819994 ], [ -7695165.988299999386072, -2065938.727200001478195 ], [ -7695201.104599999263883, -2065899.107799999415874 ], [ -7695235.362099999561906, -2065855.119100000709295 ], [ -7695273.010099999606609, -2065812.849599998444319 ], [ -7695315.825200000777841, -2065772.298000000417233 ], [ -7695352.649000000208616, -2065728.307500001043081 ], [ -7695375.748500000685453, -2065680.883900001645088 ], [ -7695434.797800000756979, -2065610.923000000417233 ], [ -7695479.33669999986887, -2065589.438900001347065 ], [ -7695524.731000000610948, -2065567.821800000965595 ], [ -7695566.699999999254942, -2065541.969500001519918 ], [ -7695591.486700000241399, -2065461.704300001263618 ], [ -7695629.5998, -2065428.041999999433756 ], [ -7695670.706199999898672, -2065392.788400001823902 ], [ -7695710.496099999174476, -2065357.403299998492002 ], [ -7695749.0362, -2065322.8136 ], [ -7695785.860500000417233, -2065282.26630000025034 ], [ -7695822.6502, -2065239.203000001609325 ], [ -7695862.044099999591708, -2065203.023699998855591 ], [ -7695904.866800000891089, -2065176.243599999696016 ], [ -7695951.119000000879169, -2065159.789700001478195 ], [ -7695999.9528, -2065164.123500000685453 ], [ -7696046.237600000575185, -2065192.427000001072884 ], [ -7696090.81279999949038, -2065222.58559999987483 ], [ -7696141.364800000563264, -2065236.319699998944998 ], [ -7696195.36739999987185, -2065244.092099998146296 ], [ -7696246.777599999681115, -2065261.268199998885393 ], [ -7696290.499099999666214, -2065293.148499999195337 ], [ -7696323.075400000438094, -2065337.881999999284744 ], [ -7696352.266699999570847, -2065387.914900001138449 ], [ -7696382.27930000051856, -2065436.22580000013113 ], [ -7696407.157600000500679, -2065482.686799999326468 ], [ -7696430.323699999600649, -2065527.560100000351667 ], [ -7696462.927699999883771, -2065564.480900000780821 ], [ -7696507.501800000667572, -2065591.196199998259544 ], [ -7696559.772600000724196, -2065613.667899999767542 ], [ -7696612.044099999591708, -2065636.801699999719858 ], [ -7696659.183199999853969, -2065660.998700000345707 ], [ -7696705.464199999347329, -2065681.620900001376867 ], [ -7696755.191199999302626, -2065690.189800001680851 ], [ -7696805.732100000604987, -2065687.502099998295307 ], [ -7696855.417600000277162, -2065684.9474 ], [ -7696905.959799999371171, -2065683.980900000780821 ], [ -7696959.530799999833107, -2065684.865800000727177 ], [ -7697013.502699999138713, -2065693.430799998342991 ], [ -7697061.065999999642372, -2065712.329700000584126 ], [ -7697098.800799999386072, -2065744.213700000196695 ], [ -7697121.113099999725819, -2065788.954999998211861 ], [ -7697127.141799999400973, -2065839.800799999386072 ], [ -7697128.8936, -2065891.577100001275539 ], [ -7697134.067500000819564, -2065943.350699998438358 ], [ -7697138.387199999764562, -2065996.714299999177456 ], [ -7697141.885700000450015, -2066051.932599999010563 ], [ -7697147.916500000283122, -2066105.295099999755621 ], [ -7697149.667600000277162, -2066156.145100001245737 ], [ -7697146.284600000828505, -2066206.204700000584126 ], [ -7697146.325300000607967, -2066257.983199998736382 ], [ -7697153.213999999687076, -2066313.994100000709295 ], [ -7697165.269500000402331, -2066370.7956000007689 ], [ -7697176.432800000533462, -2066422.565699998289347 ], [ -7697181.6042, -2066470.765099998563528 ], [ -7697182.499800000339746, -2066521.616700001060963 ], [ -7697160.711300000548363, -2066600.163899999111891 ], [ -7697107.678400000557303, -2066700.984299998730421 ], [ -7697055.906099999323487, -2066773.464099999517202 ], [ -7697015.6612, -2066816.667899999767542 ], [ -7696979.689999999478459, -2066854.571199998259544 ], [ -7696948.885199999436736, -2066892.602899998426437 ], [ -7696919.792700000107288, -2066932.22239999845624 ], [ -7696888.954700000584126, -2066970.1217 ], [ -7696858.150900000706315, -2067009.875100001692772 ], [ -7696834.197000000625849, -2067056.377099998295307 ], [ -7696821.368599999696016, -2067106.446199998259544 ], [ -7696816.27419999986887, -2067157.304000001400709 ], [ -7696800.876000000163913, -2067203.799600001424551 ], [ -7696763.222899999469519, -2067238.393800001591444 ], [ -7696717.8322, -2067267.69649999961257 ], [ -7696679.29079999960959, -2067303.085900001227856 ], [ -7696645.921800000593066, -2067346.152399998158216 ], [ -7696615.089299999177456, -2067392.792700000107288 ], [ -7696587.71059999987483, -2067437.576299998909235 ], [ -7696563.348200000822544, -2067510.96339999884367 ], [ -7696547.137299999594688, -2067615.2018 ], [ -7696542.489499999210238, -2067692.017700001597404 ], [ -7696560.561699999496341, -2067785.900800000876188 ], [ -7696580.310200000181794, -2067833.297699999064207 ], [ -7696598.348099999129772, -2067881.623199999332428 ], [ -7696612.0756, -2067930.746599998325109 ], [ -7696618.958699999377131, -2067980.670099999755621 ], [ -7696611.295299999415874, -2068029.8103 ], [ -7696588.195499999448657, -2068076.446100000292063 ], [ -7696556.534900000318885, -2068117.791000001132488 ], [ -7696523.983300000429153, -2068155.8257 ], [ -7696497.455900000408292, -2068196.37220000103116 ], [ -7696472.6415, -2068239.433699999004602 ], [ -7696439.266799999400973, -2068277.469099998474121 ], [ -7696441.792300000786781, -2068222.240200001746416 ], [ -7696353.545299999415874, -2068244.689300000667572 ], [ -7696305.571900000795722, -2068256.777499999850988 ], [ -7696254.995500000193715, -2068264.62950000166893 ], [ -7696206.169600000604987, -2068281.088599998503923 ], [ -7696161.627000000327826, -2068304.298799999058247 ], [ -7696118.796800000593066, -2068329.3618 ], [ -7696081.137900000438094, -2068360.513099998235703 ], [ -7696055.923100000247359, -2068442.379700001329184 ], [ -7696112.941800000146031, -2068512.133400000631809 ], [ -7696202.072599999606609, -2068525.840599998831749 ], [ -7696248.330800000578165, -2068507.793999999761581 ], [ -7696291.160399999469519, -2068481.803399998694658 ], [ -7696332.278100000694394, -2068455.151900000870228 ], [ -7696421.389499999582767, -2068443.032299999147654 ], [ -7696474.564600000157952, -2068520.469399999827147 ], [ -7696492.605599999427795, -2068572.239999998360872 ], [ -7696514.921599999070168, -2068619.636900000274181 ], [ -7696532.958100000396371, -2068665.315400000661612 ], [ -7696539.839299999177456, -2068712.724300000816584 ], [ -7696527.864099999889731, -2068761.86939999833703 ], [ -7696497.917899999767542, -2068808.5121 ], [ -7696468.824999999254942, -2068852.3728 ], [ -7696455.994100000709295, -2068901.651299998164177 ], [ -7696456.033600000664592, -2068954.231300000101328 ], [ -7696456.928899999707937, -2069006.810699999332428 ], [ -7696445.845899999141693, -2069061.121199999004602 ], [ -7696420.1831, -2069115.442899998277426 ], [ -7696393.629699999466538, -2069167.116399999707937 ], [ -7696373.129300000146031, -2069215.474399998784065 ], [ -7696346.569299999624491, -2069258.539200000464916 ], [ -7696307.200799999758601, -2069293.93189999833703 ], [ -7696263.518899999558926, -2069326.8114 ], [ -7696204.843100000172853, -2069378.509399998933077 ], [ -7696139.763399999588728, -2069449.284499999135733 ], [ -7696109.398199999704957, -2069510.497499998658895 ], [ -7696097.4221, -2069560.57149999961257 ], [ -7696071.752900000661612, -2069608.006799999624491 ], [ -7696036.6699, -2069654.521999999880791 ], [ -7695998.132999999448657, -2069703.688799999654293 ], [ -7695965.617499999701977, -2069751.129299998283386 ], [ -7695945.936499999836087, -2069796.838599998503923 ], [ -7695933.958599999547005, -2069845.191300000995398 ], [ -7695924.582699999213219, -2069896.058800000697374 ], [ -7695916.885299999266863, -2069946.92509999871254 ], [ -7695912.643100000917912, -2069996.994300000369549 ], [ -7695919.556800000369549, -2070045.201099999248981 ], [ -7695940.126299999654293, -2070089.159600000828505 ], [ -7695951.350299999117851, -2070180.542500000447035 ], [ -7695927.39130000025034, -2070227.977800000458956 ], [ -7695905.572300000116229, -2070276.338700000196695 ], [ -7695893.595300000160933, -2070326.281899999827147 ], [ -7695883.7895, -2070374.634300000965595 ], [ -7695864.109999999403954, -2070423.788699999451637 ], [ -7695909.547800000756979, -2070447.861699998378754 ], [ -7695954.988800000399351, -2070476.305700000375509 ], [ -7695998.715900000184774, -2070501.307 ], [ -7696089.562400000169873, -2070508.921900000423193 ], [ -7696134.968800000846386, -2070489.947200000286102 ], [ -7696179.517400000244379, -2070468.324000000953674 ], [ -7696224.922399999573827, -2070447.627300001680851 ], [ -7696272.892000000923872, -2070423.4847999997437 ], [ -7696320.856899999082088, -2070393.249400001019239 ], [ -7696361.971799999475479, -2070357.853399999439716 ], [ -7696392.779699999839067, -2070315.577799998223782 ], [ -7696415.88260000012815, -2070269.069600000977516 ], [ -7696432.995100000873208, -2070222.433600001037121 ], [ -7696442.405500000342727, -2070175.0088 ], [ -7696446.64780000038445, -2070126.660900000482798 ], [ -7696449.177400000393391, -2070076.725000001490116 ], [ -7696449.1371, -2070023.21510000154376 ], [ -7696446.527100000530481, -2069966.396000001579523 ], [ -7696452.034700000658631, -2069893.941799998283386 ], [ -7696475.1097, -2069811.143500000238419 ], [ -7696507.185100000351667, -2069749.000500001013279 ], [ -7696539.735500000417233, -2069705.929900001734495 ], [ -7696571.398399999365211, -2069664.449299998581409 ], [ -7696603.9517, -2069625.61710000038147 ], [ -7696642.468599999323487, -2069595.521800000220537 ], [ -7696688.729499999433756, -2069578.135400000959635 ], [ -7696739.3136, -2069576.374400001019239 ], [ -7696790.72859999909997, -2069585.0760000012815 ], [ -7696841.279899999499321, -2069583.3147 ], [ -7696888.390799999237061, -2069559.03999999910593 ], [ -7696927.790400000289083, -2069521.923900000751019 ], [ -7696957.737500000745058, -2069476.206199999898672 ], [ -7696979.121400000527501, -2069422.813299998641014 ], [ -7696996.229299999773502, -2069372.735199999064207 ], [ -7697017.621099999174476, -2069329.67339999973774 ], [ -7697045.860999999567866, -2069289.917300000786781 ], [ -7697081.838999999687076, -2069255.453000001609325 ], [ -7697126.381300000473857, -2069230.385499998927116 ], [ -7697174.355799999088049, -2069217.500100001692772 ], [ -7697223.192600000649691, -2069213.090399999171495 ], [ -7697274.601299999281764, -2069214.771000001579523 ], [ -7697326.902699999511242, -2069221.616099998354912 ], [ -7697377.459899999201298, -2069228.462499998509884 ], [ -7697427.161399999633431, -2069235.309399999678135 ], [ -7697476.866499999538064, -2069246.526900000870228 ], [ -7697527.428600000217557, -2069259.333000000566244 ], [ -7697578.87470000050962, -2069266.310600001364946 ], [ -7697628.566500000655651, -2069260.972100000828505 ], [ -7697683.345599999651313, -2069198.015599999576807 ], [ -7697710.722699999809265, -2069110.97690000012517 ], [ -7697760.824300000444055, -2069084.181800000369549 ], [ -7697815.6415, -2069068.640500001609325 ], [ -7697865.760600000619888, -2069063.433499999344349 ], [ -7697915.489099999889731, -2069063.392099998891354 ], [ -7697968.608999999240041, -2069065.069499999284744 ], [ -7698026.864199999719858, -2069068.464200001209974 ], [ -7698083.439600000157952, -2069070.138399999588728 ], [ -7698135.702299999073148, -2069070.094300001859665 ], [ -7698187.998500000685453, -2069070.844700001180172 ], [ -7698241.978399999439716, -2069077.686000000685453 ], [ -7698293.402000000700355, -2069097.5088 ], [ -7698337.988399999216199, -2069126.873399998992682 ], [ -7698384.276000000536442, -2069144.0515 ], [ -7698439.129300000146031, -2069132.746599998325109 ], [ -7698493.080700000748038, -2069105.946400001645088 ], [ -7698541.043700000271201, -2069081.005399998277426 ], [ -7698590.723799999803305, -2069062.817600000649691 ], [ -7698643.866100000217557, -2069052.440699998289347 ], [ -7698695.265699999406934, -2069043.787099998444319 ], [ -7698746.661299999803305, -2069030.762699998915195 ], [ -7698799.801999999210238, -2069018.663699999451637 ], [ -7698847.7906, -2069023.786800000816584 ], [ -7698918.968299999833107, -2069089.2837999984622 ], [ -7699008.94620000012219, -2069088.276999998837709 ], [ -7699044.026599999517202, -2069047.7179000005126 ], [ -7699070.579299999400973, -2069002.928300000727177 ], [ -7699142.062599999830127, -2068929.490800000727177 ], [ -7699259.36009999923408, -2068822.504099998623133 ], [ -7699335.112999999895692, -2068740.586500000208616 ], [ -7699370.214999999850988, -2068688.769999999552965 ], [ -7699405.285599999129772, -2068638.807700000703335 ], [ -7699441.246099999174476, -2068590.434099998325109 ], [ -7699480.63370000012219, -2068547.354899998754263 ], [ -7699522.559100000187755, -2068508.511599998921156 ], [ -7699563.6623, -2068470.463599998503923 ], [ -7699597.918600000441074, -2068430.832600001245737 ], [ -7699624.437100000679493, -2068386.838300000876188 ], [ -7699650.094200000166893, -2068336.752599999308586 ], [ -7699680.0296, -2068286.795400001108646 ], [ -7699716.850700000301003, -2068245.3081 ], [ -7699759.666799999773502, -2068209.907400000840425 ], [ -7699798.20299999974668, -2068172.921399999409914 ], [ -7699823.864900000393391, -2068128.928199999034405 ], [ -7699841.81980000063777, -2068078.055399999022484 ], [ -7699862.733799999579787, -2068024.531199999153614 ], [ -7699894.413899999111891, -2067976.162099998444319 ], [ -7699935.944900000467896, -2067939.968100000172853 ], [ -7699978.759199999272823, -2067903.772900000214577 ], [ -7700017.250900000333786, -2067855.39750000089407 ], [ -7700049.784499999135733, -2067805.4386 ], [ -7700078.86570000089705, -2067758.793800000101328 ], [ -7700107.946699999272823, -2067712.281599998474121 ], [ -7700134.460699999704957, -2067665.639400001615286 ], [ -7700157.55210000090301, -2067619.133000001311302 ], [ -7700182.387499999254942, -2067572.492499999701977 ], [ -7700211.469699999317527, -2067527.702199999243021 ], [ -7700236.271999999880791, -2067481.061999998986721 ], [ -7700246.490900000557303, -2067429.270700000226498 ], [ -7700241.309399999678135, -2067378.42119999974966 ], [ -7700224.119899999350309, -2067331.026500001549721 ], [ -7700206.963300000876188, -2067283.631799999624491 ], [ -7700203.494899999350309, -2067234.502599999308586 ], [ -7700253.972100000828505, -2067160.29280000180006 ], [ -7700301.085699999704957, -2067149.123799998313189 ], [ -7700350.768500000238419, -2067140.468400001525879 ], [ -7700398.727, -2067118.041700001806021 ], [ -7700462.525699999183416, -2067073.086300000548363 ], [ -7700535.291400000452995, -2067010.906300000846386 ], [ -7700575.089199999347329, -2066954.849700000137091 ], [ -7700593.902499999850988, -2066910.070099998265505 ], [ -7700616.995300000533462, -2066866.875599998980761 ], [ -7700639.230799999088049, -2066822.092799998819828 ], [ -7700653.727900000289083, -2066772.020500000566244 ], [ -7700657.985200000926852, -2066715.998799998313189 ], [ -7700653.619899999350309, -2066659.191100001335144 ], [ -7700645.013599999248981, -2066606.492899999022484 ], [ -7700648.389000000432134, -2066557.358800001442432 ], [ -7700674.0456000007689, -2066511.64640000090003 ], [ -7700710.862400000914931, -2066471.087799999862909 ], [ -7700748.537100000306964, -2066433.177000001072884 ], [ -7700786.179500000551343, -2066396.0608000010252 ], [ -7700826.4233, -2066360.663600001484156 ], [ -7700870.947200000286102, -2066327.910700000822544 ], [ -7700914.61769999936223, -2066297.674600001424551 ], [ -7700954.863500000908971, -2066264.925799999386072 ], [ -7700994.21309999935329, -2066224.364799998700619 ], [ -7701056.2653, -2066147.4967 ], [ -7701134.1426, -2066034.593600001186132 ], [ -7701177.328600000590086, -2065947.415500000119209 ], [ -7701191.82039999961853, -2065894.034299999475479 ], [ -7701205.490499999374151, -2065841.448600001633167 ], [ -7701221.688999999314547, -2065783.563499998301268 ], [ -7701239.628100000321865, -2065722.366300001740456 ], [ -7701256.713300000876188, -2065662.891600001603365 ], [ -7701272.948799999430776, -2065609.509300000965595 ], [ -7701286.587999999523163, -2065559.44029999896884 ], [ -7701296.837999999523163, -2065509.374800000339746 ], [ -7701301.921, -2065458.519999999552965 ], [ -7701301.869000000879169, -2065405.949000000953674 ], [ -7701300.962500000372529, -2065354.306000001728535 ], [ -7701302.620699999853969, -2065300.806600000709295 ], [ -7701320.943499999120831, -2065195.647199999541044 ], [ -7701355.04619999974966, -2065043.066700000315905 ], [ -7701375.936799999326468, -2064939.627300001680851 ], [ -7701382.762399999424815, -2064887.845300000160933 ], [ -7701389.557700000703335, -2064838.71169999986887 ], [ -7701395.495799999684095, -2064787.857700001448393 ], [ -7701398.011, -2064736.080400001257658 ], [ -7701397.1042, -2064684.438999999314547 ], [ -7701396.198300000280142, -2064633.592199999839067 ], [ -7701397.860500000417233, -2064584.464400000870228 ], [ -7701401.23450000025332, -2064536.12950000166893 ], [ -7701402.042199999094009, -2064487.929699998348951 ], [ -7701408.0165, -2064440.519299998879433 ], [ -7701437.096599999815226, -2064400.765799999237061 ], [ -7701485.043199999257922, -2064373.969799999147654 ] ] ] ] } },
{ "type": "Feature", "properties": { "objectid": 266, "st_area_sh": 5982.5659019900004, "st_length_": 323.012833672, "Nombre": null, "Tipo": "Laguna", "objectid_2": 165, "shape_leng": 400296.66085400002, "dis_elec": 1, "cir_sena": 1, "cod_comuna": 15201, "codregion": 15, "st_area_sh_2": 6578680604.9099989, "st_length__2": 435298.60089200002, "Region": "Región de Arica y Parinacota", "Comuna": "Putre", "Provincia": "Parinacota" }, "geometry": { "type": "MultiPolygon", "coordinates": [ [ [ [ -7715609.074400000274181, -2063064.174699999392033 ], [ -7715618.272299999371171, -2063016.493500001728535 ], [ -7715577.259999999776483, -2062986.507599998265505 ], [ -7715550.777499999850988, -2062968.545699998736382 ], [ -7715534.472899999469519, -2062957.451499998569489 ], [ -7715513.836400000378489, -2062972.580699998885393 ], [ -7715526.3969, -2063026.712600000202656 ], [ -7715609.074400000274181, -2063064.174699999392033 ] ] ] ] } },
{ "type": "Feature", "properties": { "objectid": 267, "st_area_sh": 9238.5843037600007, "st_length_": 384.38149750299999, "Nombre": null, "Tipo": "Laguna", "objectid_2": 165, "shape_leng": 400296.66085400002, "dis_elec": 1, "cir_sena": 1, "cod_comuna": 15201, "codregion": 15, "st_area_sh_2": 6578680604.9099989, "st_length__2": 435298.60089200002, "Region": "Región de Arica y Parinacota", "Comuna": "Putre", "Provincia": "Parinacota" }, "geometry": { "type": "MultiPolygon", "coordinates": [ [ [ [ -7716932.900800000876188, -2063131.519900001585484 ], [ -7716992.948899999260902, -2063077.127599999308586 ], [ -7716943.365299999713898, -2063019.751899998635054 ], [ -7716897.6886, -2063032.808400001376867 ], [ -7716857.520500000566244, -2063129.402300000190735 ], [ -7716932.900800000876188, -2063131.519900001585484 ] ] ] ] } },
{ "type": "Feature", "properties": { "objectid": 268, "st_area_sh": 12852.631874500001, "st_length_": 501.26175940399997, "Nombre": null, "Tipo": "Laguna", "objectid_2": 165, "shape_leng": 400296.66085400002, "dis_elec": 1, "cir_sena": 1, "cod_comuna": 15201, "codregion": 15, "st_area_sh_2": 6578680604.9099989, "st_length__2": 435298.60089200002, "Region": "Región de Arica y Parinacota", "Comuna": "Putre", "Provincia": "Parinacota" }, "geometry": { "type": "MultiPolygon", "coordinates": [ [ [ [ -7716275.292700000107288, -2063239.259399998933077 ], [ -7716338.349700000137091, -2063173.211800001561642 ], [ -7716390.010700000450015, -2063100.299100000411272 ], [ -7716325.2116, -2063052.216699998825788 ], [ -7716276.625900000333786, -2063134.25959999859333 ], [ -7716228.022900000214577, -2063206.372499998658895 ], [ -7716275.292700000107288, -2063239.259399998933077 ] ] ] ] } },
{ "type": "Feature", "properties": { "objectid": 269, "st_area_sh": 22835.752245899999, "st_length_": 619.04885517800005, "Nombre": null, "Tipo": "Laguna", "objectid_2": 165, "shape_leng": 400296.66085400002, "dis_elec": 1, "cir_sena": 1, "cod_comuna": 15201, "codregion": 15, "st_area_sh_2": 6578680604.9099989, "st_length__2": 435298.60089200002, "Region": "Región de Arica y Parinacota", "Comuna": "Putre", "Provincia": "Parinacota" }, "geometry": { "type": "MultiPolygon", "coordinates": [ [ [ [ -7716404.081599999219179, -2063323.245299998670816 ], [ -7716485.472799999639392, -2063280.998100001364946 ], [ -7716552.3881, -2063220.371599998325109 ], [ -7716554.533600000664592, -2063148.339400000870228 ], [ -7716529.314999999478459, -2063100.85020000115037 ], [ -7716491.298800000920892, -2063130.045800000429153 ], [ -7716451.009600000455976, -2063157.656399998813868 ], [ -7716413.755200000479817, -2063189.895899999886751 ], [ -7716382.60190000012517, -2063230.598700001835823 ], [ -7716361.360999999567866, -2063276.58049999922514 ], [ -7716404.081599999219179, -2063323.245299998670816 ] ] ] ] } },
{ "type": "Feature", "properties": { "objectid": 270, "st_area_sh": 4665.7028365400001, "st_length_": 284.897763355, "Nombre": null, "Tipo": "Laguna", "objectid_2": 165, "shape_leng": 400296.66085400002, "dis_elec": 1, "cir_sena": 1, "cod_comuna": 15201, "codregion": 15, "st_area_sh_2": 6578680604.9099989, "st_length__2": 435298.60089200002, "Region": "Región de Arica y Parinacota", "Comuna": "Putre", "Provincia": "Parinacota" }, "geometry": { "type": "MultiPolygon", "coordinates": [ [ [ [ -7715341.045499999076128, -2063605.509700000286102 ], [ -7715404.045800000429153, -2063581.701999999582767 ], [ -7715375.80379999987781, -2063515.413600001484156 ], [ -7715328.775299999862909, -2063508.343199998140335 ], [ -7715341.045499999076128, -2063605.509700000286102 ] ] ] ] } },
{ "type": "Feature", "properties": { "objectid": 271, "st_area_sh": 46530.737601100001, "st_length_": 802.75504901500005, "Nombre": null, "Tipo": "Laguna", "objectid_2": 165, "shape_leng": 400296.66085400002, "dis_elec": 1, "cir_sena": 1, "cod_comuna": 15201, "codregion": 15, "st_area_sh_2": 6578680604.9099989, "st_length__2": 435298.60089200002, "Region": "Región de Arica y Parinacota", "Comuna": "Putre", "Provincia": "Parinacota" }, "geometry": { "type": "MultiPolygon", "coordinates": [ [ [ [ -7730932.088899999856949, -2066643.599199999123812 ], [ -7730980.658399999141693, -2066643.479499999433756 ], [ -7731055.263699999079108, -2066592.179099999368191 ], [ -7731070.726800000295043, -2066496.662399999797344 ], [ -7731024.928600000217557, -2066418.645100001245737 ], [ -7730970.988500000908971, -2066348.196100000292063 ], [ -7730921.746999999508262, -2066382.880100000649691 ], [ -7730884.473600000143051, -2066413.694299999624491 ], [ -7730848.034099999815226, -2066489.7956000007689 ], [ -7730849.664599999785423, -2066537.861900001764297 ], [ -7730858.733899999409914, -2066586.704500000923872 ], [ -7730887.228800000622869, -2066626.49439999833703 ], [ -7730932.088899999856949, -2066643.599199999123812 ] ] ] ] } },
{ "type": "Feature", "properties": { "objectid": 272, "st_area_sh": 111872.11113200001, "st_length_": 1424.3686843200001, "Nombre": "Lago Chungara", "Tipo": "Laguna", "objectid_2": 165, "shape_leng": 400296.66085400002, "dis_elec": 1, "cir_sena": 1, "cod_comuna": 15201, "codregion": 15, "st_area_sh_2": 6578680604.9099989, "st_length__2": 435298.60089200002, "Region": "Región de Arica y Parinacota", "Comuna": "Putre", "Provincia": "Parinacota" }, "geometry": { "type": "MultiPolygon", "coordinates": [ [ [ [ -7695748.869599999859929, -2070921.661699999123812 ], [ -7695706.566800000146031, -2070964.807599999010563 ], [ -7695734.92989999987185, -2071044.128499999642372 ], [ -7695809.4912, -2071058.776900000870228 ], [ -7695889.165300000458956, -2071043.221099998801947 ], [ -7695924.293199999257922, -2071009.551199998706579 ], [ -7695954.246500000357628, -2070966.348299998790026 ], [ -7695991.938400000333786, -2070928.438000001013279 ], [ -7696067.297399999573827, -2070864.538400001823902 ], [ -7696075.82149999961257, -2070774.065000001341105 ], [ -7696055.218800000846386, -2070730.899999998509884 ], [ -7696026.028100000694394, -2070691.317699998617172 ], [ -7695989.174499999731779, -2070659.423500001430511 ], [ -7695944.596300000324845, -2070641.310199998319149 ], [ -7695894.034299999475479, -2070631.943199999630451 ], [ -7695841.7259, -2070619.928199999034405 ], [ -7695790.306199999526143, -2070607.780000001192093 ], [ -7695747.750199999660254, -2070609.400499999523163 ], [ -7695708.076400000602007, -2070682.941399998962879 ], [ -7695751.841900000348687, -2070761.322799999266863 ], [ -7695817.02250000089407, -2070822.4695999994874 ], [ -7695773.36629999987781, -2070896.676600001752377 ], [ -7695748.869599999859929, -2070921.661699999123812 ] ] ] ] } },
{ "type": "Feature", "properties": { "objectid": 273, "st_area_sh": 81824.305927599999, "st_length_": 1361.3541003400001, "Nombre": "Lagunas Chungará", "Tipo": "Laguna", "objectid_2": 165, "shape_leng": 400296.66085400002, "dis_elec": 1, "cir_sena": 1, "cod_comuna": 15201, "codregion": 15, "st_area_sh_2": 6578680604.9099989, "st_length__2": 435298.60089200002, "Region": "Región de Arica y Parinacota", "Comuna": "Putre", "Provincia": "Parinacota" }, "geometry": { "type": "MultiPolygon", "coordinates": [ [ [ [ -7696868.528599999845028, -2073510.559599999338388 ], [ -7696910.552300000563264, -2073536.358800001442432 ], [ -7696957.786499999463558, -2073616.60020000115037 ], [ -7696944.9517, -2073663.1085 ], [ -7696949.331199999898672, -2073749.478000000119209 ], [ -7697027.38880000077188, -2073801.213799998164177 ], [ -7697092.528899999335408, -2073751.8816 ], [ -7697093.346100000664592, -2073702.7331000007689 ], [ -7697111.2820999994874, -2073613.034299999475479 ], [ -7697193.6107, -2073612.968600001186132 ], [ -7697262.207000000402331, -2073606.024999998509884 ], [ -7697267.293600000441074, -2073544.685899998992682 ], [ -7697223.556399999186397, -2073517.166700001806021 ], [ -7697180.642899999395013, -2073490.441599998623133 ], [ -7697096.5757, -2073455.933400001376867 ], [ -7697008.237800000235438, -2073431.893500000238419 ], [ -7696959.351099999621511, -2073427.693 ], [ -7696913.023399999365211, -2073412.097800001502037 ], [ -7696885.5866, -2073391.321199998259544 ], [ -7696845.29619999974966, -2073435.465999998152256 ], [ -7696868.528599999845028, -2073510.559599999338388 ] ] ] ] } },
{ "type": "Feature", "properties": { "objectid": 274, "st_area_sh": 33926.350936399998, "st_length_": 812.41358388399999, "Nombre": "Lagunas Chungará", "Tipo": "Laguna", "objectid_2": 165, "shape_leng": 400296.66085400002, "dis_elec": 1, "cir_sena": 1, "cod_comuna": 15201, "codregion": 15, "st_area_sh_2": 6578680604.9099989, "st_length__2": 435298.60089200002, "Region": "Región de Arica y Parinacota", "Comuna": "Putre", "Provincia": "Parinacota" }, "geometry": { "type": "MultiPolygon", "coordinates": [ [ [ [ -7690998.724999999627471, -2073751.606600001454353 ], [ -7691039.220599999651313, -2073763.656300000846386 ], [ -7691078.221699999645352, -2073786.267900001257658 ], [ -7691099.234899999573827, -2073823.975699998438358 ], [ -7691136.737400000914931, -2073848.096599999815226 ], [ -7691178.7358, -2073866.180399999022484 ], [ -7691214.715600000694394, -2073843.531300000846386 ], [ -7691249.19400000013411, -2073817.865499999374151 ], [ -7691298.681399999186397, -2073817.840399999171495 ], [ -7691318.156099999323487, -2073777.094799999147654 ], [ -7691286.648900000378489, -2073746.936299998313189 ], [ -7691250.6469, -2073724.323699999600649 ], [ -7691213.146099999547005, -2073703.220600001513958 ], [ -7691172.649000000208616, -2073688.153599999845028 ], [ -7691136.669600000604987, -2073710.802499998360872 ], [ -7691094.675899999216199, -2073701.771200001239777 ], [ -7691058.673499999567866, -2073677.649500001221895 ], [ -7691016.688699999824166, -2073686.722600001841784 ], [ -7690998.724999999627471, -2073751.606600001454353 ] ] ] ] } },
{ "type": "Feature", "properties": { "objectid": 275, "st_area_sh": 17734.298765799998, "st_length_": 534.944741357, "Nombre": null, "Tipo": "Laguna", "objectid_2": 165, "shape_leng": 400296.66085400002, "dis_elec": 1, "cir_sena": 1, "cod_comuna": 15201, "codregion": 15, "st_area_sh_2": 6578680604.9099989, "st_length__2": 435298.60089200002, "Region": "Región de Arica y Parinacota", "Comuna": "Putre", "Provincia": "Parinacota" }, "geometry": { "type": "MultiPolygon", "coordinates": [ [ [ [ -7705022.509099999442697, -2082608.328299999237061 ], [ -7705039.046499999240041, -2082610.684999998658895 ], [ -7705079.142100000753999, -2082592.008900001645088 ], [ -7705113.054700000211596, -2082564.026099998503923 ], [ -7705100.659399999305606, -2082520.575300000607967 ], [ -7705091.350199999287724, -2082477.120900001376867 ], [ -7705045.050000000745058, -2082467.862199999392033 ], [ -7705011.144899999722838, -2082502.054099999368191 ], [ -7704971.05320000089705, -2082523.834699999541044 ], [ -7704930.954, -2082539.405799999833107 ], [ -7704915.57149999961257, -2082579.785000000149012 ], [ -7704952.628699999302626, -2082601.473799999803305 ], [ -7704995.835699999704957, -2082604.527100000530481 ], [ -7705022.509099999442697, -2082608.328299999237061 ] ] ] ] } },
{ "type": "Feature", "properties": { "objectid": 276, "st_area_sh": 52752.774551399998, "st_length_": 879.09839858099997, "Nombre": null, "Tipo": "Laguna", "objectid_2": 165, "shape_leng": 400296.66085400002, "dis_elec": 1, "cir_sena": 1, "cod_comuna": 15201, "codregion": 15, "st_area_sh_2": 6578680604.9099989, "st_length__2": 435298.60089200002, "Region": "Región de Arica y Parinacota", "Comuna": "Putre", "Provincia": "Parinacota" }, "geometry": { "type": "MultiPolygon", "coordinates": [ [ [ [ -7703098.742000000551343, -2085429.332699999213219 ], [ -7703177.4679000005126, -2085404.326900001615286 ], [ -7703209.837600000202656, -2085367.045000001788139 ], [ -7703240.6886, -2085326.583700001239777 ], [ -7703269.991399999707937, -2085286.124099999666214 ], [ -7703290.002399999648333, -2085242.626299999654293 ], [ -7703293.04590000025928, -2085194.508200000971556 ], [ -7703243.555700000375509, -2085116.8904 ], [ -7703221.892400000244379, -2085095.176699999719858 ], [ -7703202.204800000414252, -2085103.018699999898672 ], [ -7703140.096799999475479, -2085143.381400000303984 ], [ -7703104.626199999824166, -2085176.026900000870228 ], [ -7703067.607599999755621, -2085208.674199998378754 ], [ -7703044.545399999246001, -2085294.192800000309944 ], [ -7703058.498700000345707, -2085343.883000001311302 ], [ -7703098.742000000551343, -2085429.332699999213219 ] ] ] ] } },
{ "type": "Feature", "properties": { "objectid": 277, "st_area_sh": 12269.2173755, "st_length_": 424.29988446599998, "Nombre": null, "Tipo": "Laguna", "objectid_2": 165, "shape_leng": 400296.66085400002, "dis_elec": 1, "cir_sena": 1, "cod_comuna": 15201, "codregion": 15, "st_area_sh_2": 6578680604.9099989, "st_length__2": 435298.60089200002, "Region": "Región de Arica y Parinacota", "Comuna": "Putre", "Provincia": "Parinacota" }, "geometry": { "type": "MultiPolygon", "coordinates": [ [ [ [ -7705953.649599999189377, -2085910.862100001424551 ], [ -7706025.498400000855327, -2085865.970300000160933 ], [ -7705982.427899999544024, -2085795.639199998229742 ], [ -7705937.021099999547005, -2085780.717300001531839 ], [ -7705900.49349999986589, -2085807.935499999672174 ], [ -7705872.880899999290705, -2085880.210200000554323 ], [ -7705953.649599999189377, -2085910.862100001424551 ] ] ] ] } },
{ "type": "Feature", "properties": { "objectid": 278, "st_area_sh": 19370.0864597, "st_length_": 598.11309373799998, "Nombre": null, "Tipo": "Laguna", "objectid_2": 165, "shape_leng": 400296.66085400002, "dis_elec": 1, "cir_sena": 1, "cod_comuna": 15201, "codregion": 15, "st_area_sh_2": 6578680604.9099989, "st_length__2": 435298.60089200002, "Region": "Región de Arica y Parinacota", "Comuna": "Putre", "Provincia": "Parinacota" }, "geometry": { "type": "MultiPolygon", "coordinates": [ [ [ [ -7704476.059100000187755, -2093364.999099999666214 ], [ -7704542.466900000348687, -2093347.8158 ], [ -7704571.776699999347329, -2093305.879799999296665 ], [ -7704602.63880000077188, -2093266.991900000721216 ], [ -7704634.961899999529123, -2093181.427400000393391 ], [ -7704614.843000000342727, -2093136.367499999701977 ], [ -7704568.511499999091029, -2093161.350600000470877 ], [ -7704531.480799999088049, -2093194.013399999588728 ], [ -7704503.7195999994874, -2093235.947299998253584 ], [ -7704479.057600000873208, -2093279.601399999111891 ], [ -7704476.059100000187755, -2093364.999099999666214 ] ] ] ] } },
{ "type": "Feature", "properties": { "objectid": 279, "st_area_sh": 9829.9708964399997, "st_length_": 396.10542785600001, "Nombre": null, "Tipo": "Laguna", "objectid_2": 165, "shape_leng": 400296.66085400002, "dis_elec": 1, "cir_sena": 1, "cod_comuna": 15201, "codregion": 15, "st_area_sh_2": 6578680604.9099989, "st_length__2": 435298.60089200002, "Region": "Región de Arica y Parinacota", "Comuna": "Putre", "Provincia": "Parinacota" }, "geometry": { "type": "MultiPolygon", "coordinates": [ [ [ [ -7687244.775800000876188, -2094209.449499998241663 ], [ -7687223.5461, -2094288.754700001329184 ], [ -7687293.059699999168515, -2094347.0801 ], [ -7687343.857699999585748, -2094302.243099998682737 ], [ -7687296.120799999684095, -2094229.1919 ], [ -7687259.830900000408292, -2094196.847300000488758 ], [ -7687244.775800000876188, -2094209.449499998241663 ] ] ] ] } },
{ "type": "Feature", "properties": { "objectid": 280, "st_area_sh": 76292.23008540002, "st_length_": 1224.1918976100001, "Nombre": null, "Tipo": "Laguna", "objectid_2": 165, "shape_leng": 400296.66085400002, "dis_elec": 1, "cir_sena": 1, "cod_comuna": 15201, "codregion": 15, "st_area_sh_2": 6578680604.9099989, "st_length__2": 435298.60089200002, "Region": "Región de Arica y Parinacota", "Comuna": "Putre", "Provincia": "Parinacota" }, "geometry": { "type": "MultiPolygon", "coordinates": [ [ [ [ -7730918.833399999886751, -2096134.698899999260902 ], [ -7730896.4221, -2096187.137899998575449 ], [ -7730920.494999999180436, -2096233.89130000025034 ], [ -7730936.13910000026226, -2096283.583299998193979 ], [ -7730939.06980000063777, -2096336.092099998146296 ], [ -7730943.450200000777841, -2096388.464800000190735 ], [ -7731016.878799999132752, -2096430.851399999111891 ], [ -7731064.752399999648333, -2096413.7566 ], [ -7731112.6554000005126, -2096395.202799998223782 ], [ -7731160.583000000566244, -2096386.595100000500679 ], [ -7731227.688999999314547, -2096390.935699999332428 ], [ -7731208.4715, -2096362.338700000196695 ], [ -7731253.39919999986887, -2096287.032200001180172 ], [ -7731217.980000000447035, -2096223.332800000905991 ], [ -7731176.9375, -2096151.027699999511242 ], [ -7731164.0976, -2096102.787900000810623 ], [ -7731090.740199999883771, -2096088.782000001519918 ], [ -7731062.778799999505281, -2096175.449799999594688 ], [ -7730992.281999999657273, -2096185.5724 ], [ -7730918.833399999886751, -2096134.698899999260902 ] ] ] ] } },
{ "type": "Feature", "properties": { "objectid": 281, "st_area_sh": 302475.76856599998, "st_length_": 2885.0117056099998, "Nombre": null, "Tipo": "Laguna", "objectid_2": 165, "shape_leng": 400296.66085400002, "dis_elec": 1, "cir_sena": 1, "cod_comuna": 15201, "codregion": 15, "st_area_sh_2": 6578680604.9099989, "st_length__2": 435298.60089200002, "Region": "Región de Arica y Parinacota", "Comuna": "Putre", "Provincia": "Parinacota" }, "geometry": { "type": "MultiPolygon", "coordinates": [ [ [ [ -7730594.934900000691414, -2096877.368999999016523 ], [ -7730632.921599999070168, -2096846.109000001102686 ], [ -7730663.864299999549985, -2096804.920000001788139 ], [ -7730700.43019999936223, -2096772.204599998891354 ], [ -7730744.091700000688434, -2096743.715500000864267 ], [ -7730789.143899999558926, -2096718.007800001651049 ], [ -7730835.630899999290705, -2096699.457899998873472 ], [ -7730914.499600000679493, -2096662.393100000917912 ], [ -7730866.4211, -2096609.996100001037121 ], [ -7730815.650000000372529, -2096601.635099999606609 ], [ -7730764.86849999986589, -2096589.030200000852346 ], [ -7730725.315500000491738, -2096559.289500001817942 ], [ -7730651.932199999690056, -2096535.335400000214577 ], [ -7730564.573300000280142, -2096563.932399999350309 ], [ -7730505.208100000396371, -2096504.534000001847744 ], [ -7730468.321599999442697, -2096419.4847999997437 ], [ -7730428.655099999159575, -2096342.93019999936223 ], [ -7730482.05489999987185, -2096267.604600001126528 ], [ -7730529.97550000064075, -2096256.213599998503923 ], [ -7730583.23200000077486, -2096310.9847999997437 ], [ -7730610.451400000602007, -2096297.125100001692772 ], [ -7730610.256699999794364, -2096217.688499998301268 ], [ -7730565.057700000703335, -2096196.581999998539686 ], [ -7730508.6491, -2096186.775600001215935 ], [ -7730423.941800000146031, -2096140.171799998730421 ], [ -7730343.5428, -2096130.424199998378754 ], [ -7730302.716199999675155, -2096158.904599998146296 ], [ -7730263.313100000843406, -2096190.166400000452995 ], [ -7730219.641799999400973, -2096214.410000000149012 ], [ -7730167.49970000050962, -2096224.484499998390675 ], [ -7730116.781300000846386, -2096237.340300001204014 ], [ -7730078.79839999973774, -2096270.057199999690056 ], [ -7730052.116599999368191, -2096315.47749999910593 ], [ -7730056.551400000229478, -2096404.850400000810623 ], [ -7730096.1031, -2096434.592300001531839 ], [ -7730135.661699999123812, -2096467.118999999016523 ], [ -7730156.9287, -2096512.421999998390675 ], [ -7730169.740199999883771, -2096563.4485 ], [ -7730191.00760000012815, -2096608.884300000965595 ], [ -7730224.934800000861287, -2096642.751200001686811 ], [ -7730268.826199999079108, -2096722.081799998879433 ], [ -7730312.744100000709295, -2096798.627700001001358 ], [ -7730360.681399999186397, -2096806.997000001370907 ], [ -7730411.468699999153614, -2096808.330400001257658 ], [ -7730462.24379999935627, -2096818.151299998164177 ], [ -7730508.838600000366569, -2096843.499000001698732 ], [ -7730594.934900000691414, -2096877.368999999016523 ] ] ] ] } },
{ "type": "Feature", "properties": { "objectid": 282, "st_area_sh": 29719.086161300002, "st_length_": 735.18241854999997, "Nombre": null, "Tipo": "Laguna", "objectid_2": 165, "shape_leng": 400296.66085400002, "dis_elec": 1, "cir_sena": 1, "cod_comuna": 15201, "codregion": 15, "st_area_sh_2": 6578680604.9099989, "st_length__2": 435298.60089200002, "Region": "Región de Arica y Parinacota", "Comuna": "Putre", "Provincia": "Parinacota" }, "geometry": { "type": "MultiPolygon", "coordinates": [ [ [ [ -7687004.002699999138713, -2099707.100499998778105 ], [ -7687000.120999999344349, -2099733.232099998742342 ], [ -7687044.426000000908971, -2099752.319299999624491 ], [ -7687096.176400000229478, -2099758.803100001066923 ], [ -7687148.913499999791384, -2099758.256499998271465 ], [ -7687198.651900000870228, -2099759.700199998915195 ], [ -7687245.920099999755621, -2099767.776799999177456 ], [ -7687295.165500000119209, -2099773.73030000180006 ], [ -7687286.218299999833107, -2099725.716699998825788 ], [ -7687218.529999999329448, -2099661.14130000025034 ], [ -7687176.23369999974966, -2099635.156599998474121 ], [ -7687091.652699999511242, -2099621.653000000864267 ], [ -7687050.36119999922812, -2099649.254900000989437 ], [ -7687008.574999999254942, -2099676.193599998950958 ], [ -7687004.002699999138713, -2099707.100499998778105 ] ] ] ] } },
{ "type": "Feature", "properties": { "objectid": 283, "st_area_sh": 127656.926016, "st_length_": 2240.6122506800002, "Nombre": "Laguna Challavin", "Tipo": "Laguna", "objectid_2": 165, "shape_leng": 400296.66085400002, "dis_elec": 1, "cir_sena": 1, "cod_comuna": 15201, "codregion": 15, "st_area_sh_2": 6578680604.9099989, "st_length__2": 435298.60089200002, "Region": "Región de Arica y Parinacota", "Comuna": "Putre", "Provincia": "Parinacota" }, "geometry": { "type": "MultiPolygon", "coordinates": [ [ [ [ -7687529.0168999992311, -2099755.616300001740456 ], [ -7687543.160700000822544, -2099766.886300001293421 ], [ -7687576.78940000012517, -2099793.669100001454353 ], [ -7687631.502599999308586, -2099788.212699998170137 ], [ -7687718.591499999165535, -2099807.151599999517202 ], [ -7687768.348899999633431, -2099865.2324 ], [ -7687854.929999999701977, -2099843.184300001710653 ], [ -7687886.757999999448657, -2099807.094700001180172 ], [ -7687961.367200000211596, -2099765.021299999207258 ], [ -7688006.660299999639392, -2099779.463599998503923 ], [ -7688040.490299999713898, -2099814.602000001817942 ], [ -7688092.26659999974072, -2099894.169399999082088 ], [ -7688119.159399999305606, -2099978.255699999630451 ], [ -7688202.255200000479817, -2099980.215700000524521 ], [ -7688235.566299999132752, -2099944.655299998819828 ], [ -7688281.813799999654293, -2099861.073399998247623 ], [ -7688365.402599999681115, -2099860.51240000128746 ], [ -7688449.9858, -2099874.9391999989748 ], [ -7688451.445499999448657, -2099810.872299998998642 ], [ -7688415.11089999973774, -2099778.9189000017941 ], [ -7688406.70130000077188, -2099766.055700000375509 ], [ -7688387.738299999386072, -2099737.279399998486042 ], [ -7688315.073799999430776, -2099684.779899999499321 ], [ -7688262.862800000235438, -2099681.35020000115037 ], [ -7688212.103199999779463, -2099680.837900001555681 ], [ -7688160.8487, -2099678.866599999368191 ], [ -7688111.113099999725819, -2099684.853199999779463 ], [ -7688026.0219, -2099723.481899999082088 ], [ -7687940.44620000012219, -2099695.391600001603365 ], [ -7687848.421499999240041, -2099700.463599998503923 ], [ -7687799.144300000742078, -2099697.562199998646975 ], [ -7687750.397900000214577, -2099705.0066 ], [ -7687704.620999999344349, -2099722.000100001692772 ], [ -7687657.852800000458956, -2099731.5658 ], [ -7687609.598400000482798, -2099732.112300001084805 ], [ -7687529.0168999992311, -2099755.616300001740456 ] ] ] ] } },
{ "type": "Feature", "properties": { "objectid": 284, "st_area_sh": 11759.3417161, "st_length_": 495.74599778100003, "Nombre": null, "Tipo": "Laguna", "objectid_2": 165, "shape_leng": 400296.66085400002, "dis_elec": 1, "cir_sena": 1, "cod_comuna": 15201, "codregion": 15, "st_area_sh_2": 6578680604.9099989, "st_length__2": 435298.60089200002, "Region": "Región de Arica y Parinacota", "Comuna": "Putre", "Provincia": "Parinacota" }, "geometry": { "type": "MultiPolygon", "coordinates": [ [ [ [ -7685415.514000000432134, -2103151.663499999791384 ], [ -7685467.961899999529123, -2103144.620700001716614 ], [ -7685498.051699999719858, -2103105.8761 ], [ -7685529.526499999687076, -2103070.049800001084805 ], [ -7685549.816199999302626, -2102991.906500000506639 ], [ -7685468.65059999935329, -2102977.862399999052286 ], [ -7685450.474199999123812, -2103073.516699999570847 ], [ -7685415.514000000432134, -2103151.663499999791384 ] ] ] ] } },
{ "type": "Feature", "properties": { "objectid": 285, "st_area_sh": 61743.140268499999, "st_length_": 940.76386280600002, "Nombre": null, "Tipo": "Laguna", "objectid_2": 165, "shape_leng": 400296.66085400002, "dis_elec": 1, "cir_sena": 1, "cod_comuna": 15201, "codregion": 15, "st_area_sh_2": 6578680604.9099989, "st_length__2": 435298.60089200002, "Region": "Región de Arica y Parinacota", "Comuna": "Putre", "Provincia": "Parinacota" }, "geometry": { "type": "MultiPolygon", "coordinates": [ [ [ [ -7685336.562999999150634, -2103787.417199999094009 ], [ -7685396.02309999987483, -2103726.774999998509884 ], [ -7685456.898399999365211, -2103657.111099999397993 ], [ -7685456.880599999800324, -2103575.520799998193979 ], [ -7685418.358999999240041, -2103501.501200001686811 ], [ -7685365.168299999088049, -2103431.199799999594688 ], [ -7685328.121600000187755, -2103469.150299999862909 ], [ -7685285.433900000527501, -2103490.386 ], [ -7685238.5581, -2103505.785300001502037 ], [ -7685202.177300000563264, -2103576.902199998497963 ], [ -7685202.880000000819564, -2103626.917599998414516 ], [ -7685201.505699999630451, -2103676.933499999344349 ], [ -7685254.696900000795722, -2103749.358899999409914 ], [ -7685336.562999999150634, -2103787.417199999094009 ] ] ] ] } },
{ "type": "Feature", "properties": { "objectid": 286, "st_area_sh": 11702.6698674, "st_length_": 425.71391090100002, "Nombre": null, "Tipo": "Laguna", "objectid_2": 165, "shape_leng": 400296.66085400002, "dis_elec": 1, "cir_sena": 1, "cod_comuna": 15201, "codregion": 15, "st_area_sh_2": 6578680604.9099989, "st_length__2": 435298.60089200002, "Region": "Región de Arica y Parinacota", "Comuna": "Putre", "Provincia": "Parinacota" }, "geometry": { "type": "MultiPolygon", "coordinates": [ [ [ [ -7690518.665200000628829, -2113913.910500001162291 ], [ -7690603.190700000151992, -2113887.854100000113249 ], [ -7690658.12360000051558, -2113849.467399999499321 ], [ -7690614.7588, -2113799.049600001424551 ], [ -7690566.175699999555945, -2113803.320500001311302 ], [ -7690522.841, -2113816.083599999547005 ], [ -7690496.472999999299645, -2113856.579999998211861 ], [ -7690518.665200000628829, -2113913.910500001162291 ] ] ] ] } },
{ "type": "Feature", "properties": { "objectid": 287, "st_area_sh": 23901.849658899999, "st_length_": 645.80081298200002, "Nombre": null, "Tipo": "Laguna", "objectid_2": 165, "shape_leng": 400296.66085400002, "dis_elec": 1, "cir_sena": 1, "cod_comuna": 15201, "codregion": 15, "st_area_sh_2": 6578680604.9099989, "st_length__2": 435298.60089200002, "Region": "Región de Arica y Parinacota", "Comuna": "Putre", "Provincia": "Parinacota" }, "geometry": { "type": "MultiPolygon", "coordinates": [ [ [ [ -7689929.239299999549985, -2114207.528200000524521 ], [ -7689968.311200000345707, -2114174.592099998146296 ], [ -7690002.1042, -2114138.472699999809265 ], [ -7690061.244200000539422, -2114062.91950000077486 ], [ -7690027.936899999156594, -2114004.531199999153614 ], [ -7689965.064799999818206, -2113995.002700001001358 ], [ -7689959.165999999269843, -2114006.951400000602007 ], [ -7689942.886399999260902, -2114039.611600000411272 ], [ -7689911.205900000408292, -2114078.915399998426437 ], [ -7689876.357999999076128, -2114116.229600001126528 ], [ -7689851.030200000852346, -2114201.191799998283386 ], [ -7689929.239299999549985, -2114207.528200000524521 ] ] ] ] } },
{ "type": "Feature", "properties": { "objectid": 288, "st_area_sh": 16619.642941800001, "st_length_": 484.77495213399999, "Nombre": null, "Tipo": "Laguna", "objectid_2": 165, "shape_leng": 400296.66085400002, "dis_elec": 1, "cir_sena": 1, "cod_comuna": 15201, "codregion": 15, "st_area_sh_2": 6578680604.9099989, "st_length__2": 435298.60089200002, "Region": "Región de Arica y Parinacota", "Comuna": "Putre", "Provincia": "Parinacota" }, "geometry": { "type": "MultiPolygon", "coordinates": [ [ [ [ -7687390.734099999070168, -2114251.377300001680851 ], [ -7687385.291600000113249, -2114251.511799998581409 ], [ -7687386.668199999257922, -2114328.100499998778105 ], [ -7687457.993899999186397, -2114368.42960000038147 ], [ -7687505.520999999716878, -2114356.069600000977516 ], [ -7687552.203600000590086, -2114282.650800000876188 ], [ -7687485.78830000013113, -2114229.179699998348951 ], [ -7687437.466600000858307, -2114230.788199998438358 ], [ -7687390.734099999070168, -2114251.377300001680851 ] ] ] ] } },
{ "type": "Feature", "properties": { "objectid": 289, "st_area_sh": 12608.5532731, "st_length_": 468.61118248000002, "Nombre": null, "Tipo": "Laguna", "objectid_2": 165, "shape_leng": 400296.66085400002, "dis_elec": 1, "cir_sena": 1, "cod_comuna": 15201, "codregion": 15, "st_area_sh_2": 6578680604.9099989, "st_length__2": 435298.60089200002, "Region": "Región de Arica y Parinacota", "Comuna": "Putre", "Provincia": "Parinacota" }, "geometry": { "type": "MultiPolygon", "coordinates": [ [ [ [ -7690087.762199999764562, -2114279.797899998724461 ], [ -7690076.160399999469519, -2114372.320799998939037 ], [ -7690112.095200000330806, -2114404.161299999803305 ], [ -7690161.777499999850988, -2114420.06700000166893 ], [ -7690234.668199999257922, -2114407.290600001811981 ], [ -7690184.997400000691414, -2114344.528799999505281 ], [ -7690121.573899999260902, -2114285.091899998486042 ], [ -7690087.762199999764562, -2114279.797899998724461 ] ] ] ] } },
{ "type": "Feature", "properties": { "objectid": 290, "st_area_sh": 33174.934318599997, "st_length_": 709.40394763400002, "Nombre": "Laguna Paquisa", "Tipo": "Laguna", "objectid_2": 165, "shape_leng": 400296.66085400002, "dis_elec": 1, "cir_sena": 1, "cod_comuna": 15201, "codregion": 15, "st_area_sh_2": 6578680604.9099989, "st_length__2": 435298.60089200002, "Region": "Región de Arica y Parinacota", "Comuna": "Putre", "Provincia": "Parinacota" }, "geometry": { "type": "MultiPolygon", "coordinates": [ [ [ [ -7689954.568099999800324, -2115017.223499998450279 ], [ -7689996.180500000715256, -2115055.832600001245737 ], [ -7690039.5252, -2115132.272300001233816 ], [ -7690101.852, -2115095.076099999248981 ], [ -7690116.641100000590086, -2115047.282299999147654 ], [ -7690134.546800000593066, -2114962.186900001019239 ], [ -7690118.679099999368191, -2114885.735399998724461 ], [ -7690077.436000000685453, -2114861.197299998253584 ], [ -7689997.165899999439716, -2114898.5337999984622 ], [ -7689971.818800000473857, -2114941.022300001233816 ], [ -7689943.065600000321865, -2114964.397700000554323 ], [ -7689954.568099999800324, -2115017.223499998450279 ] ] ] ] } },
{ "type": "Feature", "properties": { "objectid": 291, "st_area_sh": 62198.3079851, "st_length_": 1281.9766054700001, "Nombre": null, "Tipo": "Laguna", "objectid_2": 165, "shape_leng": 400296.66085400002, "dis_elec": 1, "cir_sena": 1, "cod_comuna": 15201, "codregion": 15, "st_area_sh_2": 6578680604.9099989, "st_length__2": 435298.60089200002, "Region": "Región de Arica y Parinacota", "Comuna": "Putre", "Provincia": "Parinacota" }, "geometry": { "type": "MultiPolygon", "coordinates": [ [ [ [ -7691686.326199999079108, -2116328.162000000476837 ], [ -7691656.319599999114871, -2116351.674899999052286 ], [ -7691670.973899999633431, -2116428.396699998527765 ], [ -7691694.5351, -2116504.981300000101328 ], [ -7691694.561599999666214, -2116554.763000000268221 ], [ -7691688.089700000360608, -2116605.344900000840425 ], [ -7691693.78969999961555, -2116654.327300000935793 ], [ -7691761.103199999779463, -2116686.018800001591444 ], [ -7691838.103000000119209, -2116633.0088 ], [ -7691878.671299999579787, -2116680.246399998664856 ], [ -7691850.346000000834465, -2116763.497699998319149 ], [ -7691901.414300000295043, -2116766.788600001484156 ], [ -7691913.561899999156594, -2116720.318500000983477 ], [ -7691912.7423, -2116668.811099998652935 ], [ -7691906.216099999845028, -2116618.236099999397993 ], [ -7691889.959799999371171, -2116570.188900001347065 ], [ -7691868.06389999948442, -2116524.534400001168251 ], [ -7691848.574799999594688, -2116476.3564000017941 ], [ -7691826.645300000905991, -2116429.109099999070168 ], [ -7691799.868599999696016, -2116385.846999999135733 ], [ -7691779.557399999350309, -2116341.78489999845624 ], [ -7691715.508199999108911, -2116305.180599998682737 ], [ -7691686.326199999079108, -2116328.162000000476837 ] ] ] ] } },
{ "type": "Feature", "properties": { "objectid": 292, "st_area_sh": 272728.68520800001, "st_length_": 2083.3148873300001, "Nombre": "Laguna Paquisa", "Tipo": "Laguna", "objectid_2": 165, "shape_leng": 400296.66085400002, "dis_elec": 1, "cir_sena": 1, "cod_comuna": 15201, "codregion": 15, "st_area_sh_2": 6578680604.9099989, "st_length__2": 435298.60089200002, "Region": "Región de Arica y Parinacota", "Comuna": "Putre", "Provincia": "Parinacota" }, "geometry": { "type": "MultiPolygon", "coordinates": [ [ [ [ -7691947.014499999582767, -2116966.69029999896884 ], [ -7691955.079700000584126, -2116995.891800001263618 ], [ -7692015.125199999660254, -2117066.085799999535084 ], [ -7692058.913100000470877, -2117086.505699999630451 ], [ -7692103.525699999183416, -2117106.792399998754263 ], [ -7692147.316800000146031, -2117132.9206000007689 ], [ -7692187.051100000739098, -2117160.245900001376867 ], [ -7692248.698400000110269, -2117201.763599999248981 ], [ -7692313.612199999392033, -2117243.8103 ], [ -7692380.939300000667572, -2117294.352000001817942 ], [ -7692419.060599999502301, -2117326.855399999767542 ], [ -7692502.6081000007689, -2117357.872299998998642 ], [ -7692548.818099999800324, -2117343.109499998390675 ], [ -7692591.78800000064075, -2117316.1349 ], [ -7692629.872600000351667, -2117284.383900001645088 ], [ -7692665.513900000602007, -2117249.315400000661612 ], [ -7692701.185200000181794, -2117209.202199999243021 ], [ -7692730.32799999974668, -2117118.645799998193979 ], [ -7692720.783700000494719, -2117100.862199999392033 ], [ -7692706.781099999323487, -2117074.717799998819828 ], [ -7692669.449100000783801, -2117037.966699998825788 ], [ -7692628.096300000324845, -2117007.855599999427795 ], [ -7692585.919800000265241, -2116979.338100001215935 ], [ -7692545.358999999240041, -2116949.093800000846386 ], [ -7692505.589999999850988, -2116918.981699999421835 ], [ -7692464.239099999889731, -2116891.260099999606609 ], [ -7692422.854800000786781, -2116862.741900000721216 ], [ -7692383.11739999987185, -2116829.3108000010252 ], [ -7692298.748999999836087, -2116800.81700000166893 ], [ -7692211.18099999986589, -2116772.324700001627207 ], [ -7692168.200899999588728, -2116779.650299999862909 ], [ -7692117.134400000795722, -2116779.679000001400709 ], [ -7692066.037100000306964, -2116783.822799999266863 ], [ -7692017.38429999910295, -2116793.673500001430511 ], [ -7691946.886299999430776, -2116852.389400001615286 ], [ -7691937.18019999936223, -2116899.655000001192093 ], [ -7691942.05629999935627, -2116948.6385000012815 ], [ -7691947.014499999582767, -2116966.69029999896884 ] ] ] ] } },
{ "type": "Feature", "properties": { "objectid": 293, "st_area_sh": 10145.231398100001, "st_length_": 404.83121152699999, "Nombre": null, "Tipo": "Laguna", "objectid_2": 165, "shape_leng": 400296.66085400002, "dis_elec": 1, "cir_sena": 1, "cod_comuna": 15201, "codregion": 15, "st_area_sh_2": 6578680604.9099989, "st_length__2": 435298.60089200002, "Region": "Región de Arica y Parinacota", "Comuna": "Putre", "Provincia": "Parinacota" }, "geometry": { "type": "MultiPolygon", "coordinates": [ [ [ [ -7690026.1316, -2119250.491999998688698 ], [ -7689974.653200000524521, -2119228.8739 ], [ -7689918.195900000631809, -2119213.763700000941753 ], [ -7689869.764599999412894, -2119293.048599999397993 ], [ -7689910.065099999308586, -2119329.807700000703335 ], [ -7689955.785499999299645, -2119312.261599998921156 ], [ -7689995.133400000631809, -2119284.229400001466274 ], [ -7690026.1316, -2119250.491999998688698 ] ] ] ] } },
{ "type": "Feature", "properties": { "objectid": 294, "st_area_sh": 58564.176949799999, "st_length_": 1106.5241229000001, "Nombre": null, "Tipo": "Laguna", "objectid_2": 165, "shape_leng": 400296.66085400002, "dis_elec": 1, "cir_sena": 1, "cod_comuna": 15201, "codregion": 15, "st_area_sh_2": 6578680604.9099989, "st_length__2": 435298.60089200002, "Region": "Región de Arica y Parinacota", "Comuna": "Putre", "Provincia": "Parinacota" }, "geometry": { "type": "MultiPolygon", "coordinates": [ [ [ [ -7682792.619400000199676, -2127478.2522 ], [ -7682774.63120000064373, -2127482.371399998664856 ], [ -7682714.004100000485778, -2127548.522700000554323 ], [ -7682708.33390000090003, -2127631.27250000089407 ], [ -7682719.659099999815226, -2127679.353999998420477 ], [ -7682737.651799999177456, -2127725.442699998617172 ], [ -7682770.529699999839067, -2127762.099500000476837 ], [ -7682800.870200000703335, -2127843.253199998289347 ], [ -7682806.023600000888109, -2127893.460900001227856 ], [ -7682859.464099999517202, -2127914.575399998575449 ], [ -7682927.321399999782443, -2127858.7820999994874 ], [ -7682975.114299999549985, -2127845.362100001424551 ], [ -7682988.9715, -2127785.854899998754263 ], [ -7682922.159700000658631, -2127724.363400001078844 ], [ -7682858.417400000616908, -2127657.160000000149012 ], [ -7682823.45549999922514, -2127569.233600001782179 ], [ -7682808.565500000491738, -2127523.809300001710653 ], [ -7682792.619400000199676, -2127478.2522 ] ] ] ] } },
{ "type": "Feature", "properties": { "objectid": 295, "st_area_sh": 81915.192770599999, "st_length_": 1073.4926456200001, "Nombre": null, "Tipo": "Laguna", "objectid_2": 165, "shape_leng": 400296.66085400002, "dis_elec": 1, "cir_sena": 1, "cod_comuna": 15201, "codregion": 15, "st_area_sh_2": 6578680604.9099989, "st_length__2": 435298.60089200002, "Region": "Región de Arica y Parinacota", "Comuna": "Putre", "Provincia": "Parinacota" }, "geometry": { "type": "MultiPolygon", "coordinates": [ [ [ [ -7681397.5625, -2130723.327399998903275 ], [ -7681462.8256, -2130666.867199998348951 ], [ -7681477.184599999338388, -2130618.245999999344349 ], [ -7681503.295800000429153, -2130577.46229999884963 ], [ -7681535.909299999475479, -2130500.013799998909235 ], [ -7681460.213300000876188, -2130455.380300000309944 ], [ -7681411.917500000447035, -2130446.21510000154376 ], [ -7681364.909099999815226, -2130431.736099999397993 ], [ -7681320.541899999603629, -2130421.242199998348951 ], [ -7681273.533900000154972, -2130435.722600001841784 ], [ -7681204.342700000852346, -2130493.510000001639128 ], [ -7681176.943499999120831, -2130535.488699998706579 ], [ -7681150.831700000911951, -2130577.467399999499321 ], [ -7681142.975199999287724, -2130624.759799998253584 ], [ -7681201.736400000751019, -2130686.532000001519918 ], [ -7681251.3531, -2130697.026200000196695 ], [ -7681299.649399999529123, -2130710.177299998700619 ], [ -7681347.945699999108911, -2130721.999800000339746 ], [ -7681397.5625, -2130723.327399998903275 ] ] ] ] } },
{ "type": "Feature", "properties": { "objectid": 296, "st_area_sh": 199368.07375400001, "st_length_": 2446.3927981299998, "Nombre": null, "Tipo": "Laguna", "objectid_2": 165, "shape_leng": 400296.66085400002, "dis_elec": 1, "cir_sena": 1, "cod_comuna": 15201, "codregion": 15, "st_area_sh_2": 6578680604.9099989, "st_length__2": 435298.60089200002, "Region": "Región de Arica y Parinacota", "Comuna": "Putre", "Provincia": "Parinacota" }, "geometry": { "type": "MultiPolygon", "coordinates": [ [ [ [ -7682452.406700000166893, -2131460.05009999871254 ], [ -7682470.689999999478459, -2131378.612199999392033 ], [ -7682448.502299999818206, -2131335.305100001394749 ], [ -7682417.170399999246001, -2131295.851199999451637 ], [ -7682376.69480000063777, -2131263.040500000119209 ], [ -7682332.290999999269843, -2131236.739500001072884 ], [ -7682286.600299999117851, -2131217.081000000238419 ], [ -7682205.65059999935329, -2131169.792100001126528 ], [ -7682141.668500000610948, -2131098.85530000180006 ], [ -7682064.64780000038445, -2131046.3849 ], [ -7682063.355900000780821, -2130958.307700000703335 ], [ -7682093.3618, -2130917.655299998819828 ], [ -7682128.616900000721216, -2130882.183499999344349 ], [ -7682163.871799999848008, -2130849.368700001388788 ], [ -7682204.342800000682473, -2130821.734499998390675 ], [ -7682270.891000000759959, -2130758.761900000274181 ], [ -7682219.984300000593066, -2130716.653200000524521 ], [ -7682170.368000000715256, -2130723.29839999973774 ], [ -7682119.463999999687076, -2130725.958099998533726 ], [ -7682085.529999999329448, -2130765.282000001519918 ], [ -7682059.419700000435114, -2130806.066799998283386 ], [ -7682041.133400000631809, -2130852.032200001180172 ], [ -7682020.2719, -2130895.340900000184774 ], [ -7681988.945299999788404, -2130932.140799999237061 ], [ -7681956.298000000417233, -2130970.136300001293421 ], [ -7681932.795299999415874, -2131014.906599998474121 ], [ -7681919.75760000012815, -2131063.396299999207258 ], [ -7681913.223400000482798, -2131113.346999999135733 ], [ -7681901.472999999299645, -2131160.641199998557568 ], [ -7681877.969799999147654, -2131202.622099999338388 ], [ -7681851.8585, -2131243.407499998807907 ], [ -7681866.222300000488758, -2131322.186000000685453 ], [ -7681906.697100000455976, -2131349.816799998283386 ], [ -7681953.7083, -2131370.8048 ], [ -7682003.32740000076592, -2131387.807100001722574 ], [ -7682051.626000000163913, -2131402.285199999809265 ], [ -7682098.604000000283122, -2131415.434799998998642 ], [ -7682146.935799999162555, -2131429.91270000115037 ], [ -7682197.842599999159575, -2131443.061900001019239 ], [ -7682251.356899999082088, -2131449.568300001323223 ], [ -7682306.191600000485778, -2131452.221900001168251 ], [ -7682358.418500000610948, -2131458.728100001811981 ], [ -7682452.406700000166893, -2131460.05009999871254 ] ] ] ] } },
{ "type": "Feature", "properties": { "objectid": 297, "st_area_sh": 69261522.429700002, "st_length_": 93720.551127500003, "Nombre": "Salar de Surire", "Tipo": "Salar", "objectid_2": 165, "shape_leng": 400296.66085400002, "dis_elec": 1, "cir_sena": 1, "cod_comuna": 15201, "codregion": 15, "st_area_sh_2": 6578680604.9099989, "st_length__2": 435298.60089200002, "Region": "Región de Arica y Parinacota", "Comuna": "Putre", "Provincia": "Parinacota" }, "geometry": { "type": "MultiPolygon", "coordinates": [ [ [ [ -7682082.962500000372529, -2131540.181400001049042 ], [ -7682103.864099999889731, -2131621.617600001394749 ], [ -7682118.227600000798702, -2131672.897199999541044 ], [ -7682146.951400000602007, -2131713.548000000417233 ], [ -7682190.035499999299645, -2131739.850099999457598 ], [ -7682233.1195, -2131764.823600001633167 ], [ -7682268.347200000658631, -2131801.488499999046326 ], [ -7682299.67989999987185, -2131847.586100000888109 ], [ -7682336.261700000613928, -2131888.2364999987185 ], [ -7682383.242200000211596, -2131917.062399998307228 ], [ -7682438.0793999992311, -2131938.182100001722574 ], [ -7682496.845100000500679, -2131952.52589999884367 ], [ -7682555.577299999073148, -2131961.821199998259544 ], [ -7682611.7346, -2131972.312199998646975 ], [ -7682665.251499999314547, -2131989.313000001013279 ], [ -7682718.768799999728799, -2132011.627900000661612 ], [ -7682777.535499999299645, -2132032.613600000739098 ], [ -7682841.51799999922514, -2132049.745900001376867 ], [ -7682902.859099999070168, -2132061.5641999989748 ], [ -7682956.407800000160933, -2132061.559000000357628 ], [ -7683007.314099999144673, -2132049.730099998414516 ], [ -7683060.82799999974668, -2132032.586599998176098 ], [ -7683114.374500000849366, -2132011.590199999511242 ], [ -7683166.566999999806285, -2131989.265299998223782 ], [ -7683217.505200000479817, -2131968.269000001251698 ], [ -7683265.801999999210238, -2131947.272900000214577 ], [ -7683314.099199999123812, -2131928.800900001078844 ], [ -7683365.005000000819564, -2131916.971000000834465 ], [ -7683419.840600000694394, -2131914.44029999896884 ], [ -7683477.285299999639392, -2131920.94310000166297 ], [ -7683533.44400000013411, -2131939.402499999850988 ], [ -7683586.963500000536442, -2131972.210299998521805 ], [ -7683633.9803, -2132011.5287000015378 ], [ -7683674.46059999987483, -2132050.980700001120567 ], [ -7683711.012700000777841, -2132092.957499999552965 ], [ -7683736.473500000312924, -2132145.5641999989748 ], [ -7683748.235300000756979, -2132209.864 ], [ -7683756.728399999439716, -2132271.6402000002563 ], [ -7683771.097200000658631, -2132326.77309999987483 ], [ -7683792.002800000831485, -2132380.57660000026226 ], [ -7683819.411100000143051, -2132425.21229999884963 ], [ -7683855.962600000202656, -2132456.8268 ], [ -7683900.3706, -2132479.1402000002563 ], [ -7683947.386099999770522, -2132497.467500001192093 ], [ -7683995.689500000327826, -2132517.255899999290705 ], [ -7684042.673100000247359, -2132540.764400001615286 ], [ -7684085.762199999764562, -2132572.377700001001358 ], [ -7684130.1733, -2132611.69649999961257 ], [ -7684174.551899999380112, -2132653.80519999936223 ], [ -7684213.747300000861287, -2132695.781899999827147 ], [ -7684251.623500000685453, -2132744.401700001209974 ], [ -7684281.6436, -2132802.190099999308586 ], [ -7684292.08559999987483, -2132858.653200000524521 ], [ -7684262.089400000870228, -2132949.26799999922514 ], [ -7684219.00899999961257, -2132979.5669 ], [ -7684164.174200000241399, -2133004.420499999076128 ], [ -7684105.443299999460578, -2133029.407299999147654 ], [ -7684044.07149999961257, -2133057.051600001752377 ], [ -7683985.307399999350309, -2133082.038199998438358 ], [ -7683931.791999999433756, -2133103.038100000470877 ], [ -7683879.56389999948442, -2133122.708999998867512 ], [ -7683827.335200000554323, -2133138.526900000870228 ], [ -7683776.426699999719858, -2133151.687199998646975 ], [ -7683725.517699999734759, -2133160.861600000411272 ], [ -7683669.3581000007689, -2133163.526399999856949 ], [ -7683609.302300000563264, -2133163.534299999475479 ], [ -7683551.854599999263883, -2133162.213100001215935 ], [ -7683499.655999999493361, -2133156.905299998819828 ], [ -7683446.1031, -2133146.415899999439716 ], [ -7683380.8293999992311, -2133134.599199999123812 ], [ -7683311.627599999308586, -2133128.097100000828505 ], [ -7683220.244000000879169, -2133163.581199999898672 ], [ -7683183.699100000783801, -2133197.730500001460314 ], [ -7683143.224700000137091, -2133226.565699998289347 ], [ -7683100.14130000025034, -2133248.890900000929832 ], [ -7683053.128000000491738, -2133263.377700001001358 ], [ -7683003.506100000813603, -2133275.207299999892712 ], [ -7682956.526000000536442, -2133293.546900000423193 ], [ -7682916.055800000205636, -2133372.47069999948144 ], [ -7682923.885299999266863, -2133420.964699998497963 ], [ -7682931.714700000360608, -2133469.591600000858307 ], [ -7682936.969100000336766, -2133519.547600001096725 ], [ -7682986.566600000485778, -2133590.491700001060963 ], [ -7683038.799200000241399, -2133594.339600000530481 ], [ -7683094.959799999371171, -2133590.480700001120567 ], [ -7683164.78940000012517, -2133586.487399999052286 ], [ -7683248.352700000628829, -2133573.324799999594688 ], [ -7683310.354699999094009, -2133547.010800000280142 ], [ -7683350.8293999992311, -2133516.846099998801947 ], [ -7683390.0165, -2133488.010200001299381 ], [ -7683427.88260000012815, -2133457.712999999523163 ], [ -7683465.715600000694394, -2133427.548500001430511 ], [ -7683508.798900000751019, -2133403.893699999898672 ], [ -7683559.74070000089705, -2133386.747999999672174 ], [ -7683617.186799999326468, -2133371.062800001353025 ], [ -7683678.528999999165535, -2133356.572700001299381 ], [ -7683737.29590000025928, -2133343.411400001496077 ], [ -7683788.204900000244379, -2133330.2511 ], [ -7683837.825999999418855, -2133314.566399998962879 ], [ -7683892.663100000470877, -2133297.419399999082088 ], [ -7683951.39640000090003, -2133281.60020000115037 ], [ -7684008.841499999165535, -2133263.256799999624491 ], [ -7684062.3903, -2133242.2566 ], [ -7684115.905600000172853, -2133219.9276 ], [ -7684168.133400000631809, -2133197.598700001835823 ], [ -7684216.432600000873208, -2133179.1233000010252 ], [ -7684264.732200000435114, -2133163.437899999320507 ], [ -7684316.961300000548363, -2133151.604699999094009 ], [ -7684375.69620000012219, -2133150.266199998557568 ], [ -7684438.394200000911951, -2133156.765599999576807 ], [ -7684497.130799999460578, -2133164.594200000166893 ], [ -7684550.650800000876188, -2133172.556400001049042 ], [ -7684602.88370000012219, -2133183.043000001460314 ], [ -7684655.117200000211596, -2133196.186700001358986 ], [ -7684707.350199999287724, -2133206.673000000417233 ], [ -7684759.583000000566244, -2133215.830699998885393 ], [ -7684810.496099999174476, -2133228.974199999123812 ], [ -7684890.140799999237061, -2133282.7676 ], [ -7684909.728499999269843, -2133330.0625 ], [ -7684921.493000000715256, -2133385.197999998927116 ], [ -7684934.57799999974668, -2133439.137499999254942 ], [ -7684961.989199999719858, -2133478.459399998188019 ], [ -7685009.0066, -2133488.946100000292063 ], [ -7685061.238700000569224, -2133490.264199998229742 ], [ -7685106.936799999326468, -2133507.394099999219179 ], [ -7685147.42090000025928, -2133536.217000000178814 ], [ -7685189.192500000819564, -2133563.843800000846386 ], [ -7685234.8918999992311, -2133586.155099999159575 ], [ -7685280.592000000178814, -2133611.123700000345707 ], [ -7685318.469399999827147, -2133645.261500000953674 ], [ -7685340.666200000792742, -2133689.898899998515844 ], [ -7685345.926599999889731, -2133739.854800000786781 ], [ -7685336.791500000283122, -2133788.352400001138449 ], [ -7685319.831000000238419, -2133835.655999999493361 ], [ -7685304.157999999821186, -2133882.959499999880791 ], [ -7685292.414100000634789, -2133930.262200001627207 ], [ -7685280.67090000025928, -2133981.550999999046326 ], [ -7685268.929099999368191, -2134039.350299999117851 ], [ -7685268.315500000491738, -2134103.657999999821186 ], [ -7685274.833799999207258, -2134169.425799999386072 ], [ -7685271.57740000076592, -2134227.223900001496077 ], [ -7685261.155300000682473, -2134281.037599999457598 ], [ -7685246.803899999707937, -2134334.852299999445677 ], [ -7685229.843900000676513, -2134387.471900001168251 ], [ -7685215.492200000211596, -2134439.958200000226498 ], [ -7685205.069499999284744, -2134492.576699998229742 ], [ -7685197.222200000658631, -2134545.061799999326468 ], [ -7685190.728499999269843, -2134597.546900000423193 ], [ -7685190.739700000733137, -2134651.492199998348951 ], [ -7685197.25620000064373, -2134707.960900001227856 ], [ -7685206.413799999281764, -2134763.100499998778105 ], [ -7685236.480200000107288, -2134856.369899999350309 ], [ -7685263.894400000572205, -2134897.155799999833107 ], [ -7685278.2676, -2134944.322299998253584 ], [ -7685279.5998, -2134998.268300000578165 ], [ -7685277.002699999138713, -2135052.082499999552965 ], [ -7685269.1554000005126, -2135104.701999999582767 ], [ -7685257.412000000476837, -2135158.518399998545647 ], [ -7685243.060399999842048, -2135213.664200000464916 ], [ -7685228.70890000090003, -2135270.138900000602007 ], [ -7685210.46000000089407, -2135321.432399999350309 ], [ -7685175.202099999412894, -2135354.260000001639128 ], [ -7685090.337300000712276, -2135330.625900000333786 ], [ -7685060.281700000166893, -2135291.168200001120567 ], [ -7685019.794199999421835, -2135262.342700000852346 ], [ -7684968.87639999948442, -2135251.855799999088049 ], [ -7684919.250399999320507, -2135262.362799998372793 ], [ -7684821.318299999460578, -2135278.193900000303984 ], [ -7684763.850999999791384, -2135205.92119999974966 ], [ -7684716.862600000575185, -2135194.104200001806021 ], [ -7684668.558499999344349, -2135211.121100001037121 ], [ -7684633.3004, -2135246.605000000447035 ], [ -7684611.119699999690056, -2135292.583700001239777 ], [ -7684599.373999999836087, -2135343.875500001013279 ], [ -7684591.525000000372529, -2135397.691399998962879 ], [ -7684579.779999999329448, -2135452.837000001221895 ], [ -7684560.208799999207258, -2135506.788100000470877 ], [ -7684538.028599999845028, -2135557.949499998241663 ], [ -7684515.847500000149012, -2135605.257500000298023 ], [ -7684488.41499999910593, -2135646.055599998682737 ], [ -7684453.188400000333786, -2135678.882399998605251 ], [ -7684408.780099999159575, -2135699.884700000286102 ], [ -7684356.543500000610948, -2135706.404599998146296 ], [ -7684301.69679999910295, -2135703.88910000026226 ], [ -7684245.562599999830127, -2135702.569499999284744 ], [ -7684193.326999999582767, -2135715.732799999415874 ], [ -7684151.5614, -2135745.902699999511242 ], [ -7684111.08390000090003, -2135780.058699999004602 ], [ -7684061.458399999886751, -2135805.047499999403954 ], [ -7684004.005200000479817, -2135818.211100000888109 ], [ -7683942.620400000363588, -2135816.8915 ], [ -7683887.770999999716878, -2135797.233600001782179 ], [ -7683851.212300000712276, -2135759.102800000458956 ], [ -7683832.945000000298023, -2135707.8147 ], [ -7683831.616599999368191, -2135653.999499998986721 ], [ -7683834.218000000342727, -2135602.708599999547005 ], [ -7683771.539599999785423, -2135554.217500001192093 ], [ -7683723.233300000429153, -2135566.05009999871254 ], [ -7683674.927300000563264, -2135580.407299999147654 ], [ -7683625.298599999397993, -2135581.74269999936223 ], [ -7683578.276200000196695, -2135564.740600001066923 ], [ -7683546.935699999332428, -2135527.937800001353025 ], [ -7683580.870200000703335, -2135450.466699998825788 ], [ -7683629.209499999880791, -2135439.963199999183416 ], [ -7683676.197599999606609, -2135449.125399999320507 ], [ -7683715.362800000235438, -2135477.954199999570847 ], [ -7683800.25899999961257, -2135497.74100000038743 ], [ -7683865.5296, -2135431.958200000226498 ], [ -7683925.582599999383092, -2135364.980200000107288 ], [ -7683976.530600000172853, -2135358.461800001561642 ], [ -7684026.125700000673532, -2135357.125599998980761 ], [ -7684048.339500000700355, -2135303.174899999052286 ], [ -7684002.603900000452995, -2135277.0055 ], [ -7683942.539000000804663, -2135258.5449 ], [ -7683887.690199999138713, -2135232.3766999989748 ], [ -7683851.131799999624491, -2135188.932 ], [ -7683831.543700000271201, -2135133.792199999094009 ], [ -7683830.215399999171495, -2135079.97859999909997 ], [ -7683827.594200000166893, -2134989.359499998390675 ], [ -7683798.856100000441074, -2134905.255300000309944 ], [ -7683823.680299999192357, -2134863.131299998611212 ], [ -7683848.47069999948144, -2134815.958299998193979 ], [ -7683851.071900000795722, -2134764.66950000077486 ], [ -7683827.556800000369549, -2134722.685600001364946 ], [ -7683791.000399999320507, -2134685.885499998927116 ], [ -7683763.588700000196695, -2134638.587400000542402 ], [ -7683746.609999999403954, -2134584.777300000190735 ], [ -7683721.77419999986887, -2134538.807700000703335 ], [ -7683682.610200000926852, -2134504.665399998426437 ], [ -7683639.5176, -2134474.376899998635054 ], [ -7683596.425000000745058, -2134441.563900001347065 ], [ -7683550.724199999123812, -2134410.079799998551607 ], [ -7683502.415899999439716, -2134385.106600001454353 ], [ -7683452.788899999111891, -2134374.616099998354912 ], [ -7683403.163499999791384, -2134378.475299999117851 ], [ -7683352.25, -2134378.481300000101328 ], [ -7683297.405600000172853, -2134362.8092 ], [ -7683247.776399999856949, -2134331.324999999254942 ], [ -7683224.262499999254942, -2134284.026500001549721 ], [ -7683230.794099999591708, -2134230.081399999558926 ], [ -7683254.2972, -2134181.449200000613928 ], [ -7683286.94679999910295, -2134139.459399998188019 ], [ -7683328.710400000214577, -2134109.293800000101328 ], [ -7683379.621200000867248, -2134092.147999998182058 ], [ -7683434.461200000718236, -2134076.463100001215935 ], [ -7683474.936899999156594, -2134047.493200000375509 ], [ -7683434.451199999079108, -2133993.687300000339746 ], [ -7683377.002100000157952, -2134000.204599998891354 ], [ -7683319.55379999987781, -2134014.693799998611212 ], [ -7683268.643100000917912, -2134031.706500001251698 ], [ -7683220.341, -2134051.50899999961257 ], [ -7683166.789000000804663, -2134071.179200001060963 ], [ -7683109.340299999341369, -2134084.339099999517202 ], [ -7683054.531999999657273, -2134088.330800000578165 ], [ -7683002.298499999567866, -2134088.336100000888109 ], [ -7682950.064999999478459, -2134088.3412000015378 ], [ -7682899.152499999850988, -2134090.87049999833107 ], [ -7682849.528100000694394, -2134098.847199998795986 ], [ -7682798.616499999538064, -2134112.00560000166297 ], [ -7682759.430500000715256, -2134177.645500000566244 ], [ -7682782.942600000649691, -2134219.62950000166893 ], [ -7682820.816500000655651, -2134249.920000001788139 ], [ -7682867.8355, -2134270.9087999984622 ], [ -7682918.750399999320507, -2134287.911200001835823 ], [ -7682970.9857, -2134302.388799998909235 ], [ -7683023.22069999948144, -2134311.5515 ], [ -7683074.134700000286102, -2134318.1897 ], [ -7683121.120400000363588, -2134332.534600000828505 ], [ -7683161.6031, -2134360.166900001466274 ], [ -7683194.261800000444055, -2134398.296700000762939 ], [ -7683217.775299999862909, -2134441.609400000423193 ], [ -7683233.4309, -2134487.58049999922514 ], [ -7683243.902899999171495, -2134536.209600001573563 ], [ -7683245.857599999755621, -2134595.336500000208616 ], [ -7683244.544199999421835, -2134662.303300000727177 ], [ -7683254.35700000077486, -2134720.100999999791384 ], [ -7683277.871500000357628, -2134767.400499999523163 ], [ -7683310.497999999672174, -2134805.397999998182058 ], [ -7683348.3739, -2134835.688299998641014 ], [ -7683384.962500000372529, -2134869.832100000232458 ], [ -7683413.69400000013411, -2134914.473700001835823 ], [ -7683429.351099999621511, -2134965.760499998927116 ], [ -7683404.564799999818206, -2135057.711599998176098 ], [ -7683367.983899999409914, -2135093.19310000166297 ], [ -7683330.148499999195337, -2135131.199400000274181 ], [ -7683307.932, -2135177.176399998366833 ], [ -7683302.720799999311566, -2135228.466400001198053 ], [ -7683302.726700000464916, -2135280.9518 ], [ -7683304.053600000217557, -2135334.898899998515844 ], [ -7683306.668800000101328, -2135394.028099998831749 ], [ -7683311.89299999922514, -2135455.681800000369549 ], [ -7683323.65430000051856, -2135510.824000000953674 ], [ -7683340.632500000298023, -2135563.440999999642372 ], [ -7683357.611099999397993, -2135618.582899998873472 ], [ -7683368.051899999380112, -2135673.725699998438358 ], [ -7683364.162000000476837, -2135730.199099998921156 ], [ -7683341.978700000792742, -2135782.8213 ], [ -7683308.005699999630451, -2135824.8147 ], [ -7683268.846899999305606, -2135853.786699999123812 ], [ -7683223.148600000888109, -2135869.471500001847744 ], [ -7683172.2325, -2135881.303300000727177 ], [ -7683119.995899999514222, -2135895.792599998414516 ], [ -7683069.08, -2135910.281700000166893 ], [ -7683018.130400000140071, -2135918.126800000667572 ], [ -7682968.5329, -2135910.291900001466274 ], [ -7682921.509400000795722, -2135883.986400000751019 ], [ -7682873.197699999436736, -2135851.170000001788139 ], [ -7682824.886499999091029, -2135823.535700000822544 ], [ -7682775.255000000819564, -2135799.887800000607967 ], [ -7682726.944199999794364, -2135772.386300001293421 ], [ -7682686.458599999547005, -2135738.2401 ], [ -7682649.9024, -2135701.436000000685453 ], [ -7682610.704900000244379, -2135667.289700001478195 ], [ -7682563.715700000524521, -2135643.641199998557568 ], [ -7682510.1568, -2135635.805599998682737 ], [ -7682457.919199999421835, -2135634.480599999427795 ], [ -7682408.322699999436736, -2135625.315600000321865 ], [ -7682358.692700000479817, -2135609.5066 ], [ -7682307.775399999693036, -2135600.341499999165535 ], [ -7682256.826199999079108, -2135606.855599999427795 ], [ -7682213.736700000241399, -2135631.839099999517202 ], [ -7682175.89780000038445, -2135663.333200000226498 ], [ -7682132.807900000363588, -2135685.659000001847744 ], [ -7682040.087799999862909, -2135686.99269999936223 ], [ -7681996.9956, -2135664.671500001102686 ], [ -7681953.903200000524521, -2135635.839200001209974 ], [ -7681910.810699999332428, -2135602.887600000947714 ], [ -7681871.64780000038445, -2135570.068799998611212 ], [ -7681833.772900000214577, -2135538.578600000590086 ], [ -7681791.968800000846386, -2135509.746100001037121 ], [ -7681746.268699999898672, -2135487.291700001806021 ], [ -7681697.96030000038445, -2135468.956500001251698 ], [ -7681648.331299999728799, -2135451.94990000128746 ], [ -7681600.02309999987483, -2135436.139199998229742 ], [ -7681553.035700000822544, -2135416.474800001829863 ], [ -7681504.694599999114871, -2135394.152899999171495 ], [ -7681452.490399999544024, -2135382.328200001269579 ], [ -7681397.645199999213219, -2135390.1689000017941 ], [ -7681350.625800000503659, -2135416.478999998420477 ], [ -7681319.29079999960959, -2135455.810699999332428 ], [ -7681299.710799999535084, -2135501.786100000143051 ], [ -7681285.347699999809265, -2135549.090199999511242 ], [ -7681272.272600000724196, -2135597.723200000822544 ], [ -7681263.159499999135733, -2135648.881000000983477 ], [ -7681260.518500000238419, -2135701.500399999320507 ], [ -7681259.2314, -2135753.987100001424551 ], [ -7681255.3026, -2135807.935600001364946 ], [ -7681248.798100000247359, -2135861.751400001347065 ], [ -7681242.260600000619888, -2135914.371500000357628 ], [ -7681240.940300000831485, -2135968.1875 ], [ -7681244.870300000533462, -2136023.332400001585484 ], [ -7681246.158700000494719, -2136077.148699998855591 ], [ -7681243.550499999895692, -2136128.440499998629093 ], [ -7681246.159700000658631, -2136178.403499998152256 ], [ -7681248.801799999549985, -2136226.905000001192093 ], [ -7681203.068499999120831, -2136305.836899999529123 ], [ -7681163.9057, -2136337.3301 ], [ -7681119.525499999523163, -2136367.4945 ], [ -7681075.244200000539422, -2136391.014699999243021 ], [ -7681037.699100000783801, -2136397.791700001806021 ], [ -7680956.929099999368191, -2136443.237199999392033 ], [ -7680925.690700000151992, -2136482.304499998688698 ], [ -7680891.744599999859929, -2136517.518199998885393 ], [ -7680851.359099999070168, -2136544.094399999827147 ], [ -7680806.647900000214577, -2136565.22239999845624 ], [ -7680761.936499999836087, -2136587.41330000013113 ], [ -7680716.696699999272823, -2136609.072599999606609 ], [ -7680669.8388, -2136628.074099998921156 ], [ -7680623.541999999433756, -2136648.138599999248981 ], [ -7680577.74070000089705, -2136666.475499998778105 ], [ -7680529.264599999412894, -2136677.902300000190735 ], [ -7680479.731799999251962, -2136689.196100000292063 ], [ -7680435.019799999892712, -2136712.050799999386072 ], [ -7680396.779500000178814, -2136745.536400001496077 ], [ -7680317.062999999150634, -2136799.750500001013279 ], [ -7680226.05489999987185, -2136795.494600001722574 ], [ -7680144.160000000149012, -2136812.234499998390675 ], [ -7680062.2971, -2136845.318900000303984 ], [ -7680044.528999999165535, -2136891.8279 ], [ -7679984.19400000013411, -2136961.722500000149012 ], [ -7679985.2804000005126, -2137023.514600001275539 ], [ -7680020.282199999317527, -2137059.794399999082088 ], [ -7680009.512299999594688, -2137147.100400000810623 ], [ -7679980.978800000622869, -2137187.230799999088049 ], [ -7680007.888699999079108, -2137252.745799999684095 ], [ -7680062.834599999710917, -2137328.096099998801947 ], [ -7680148.462300000712276, -2137334.080200001597404 ], [ -7680188.850299999117851, -2137305.909699998795986 ], [ -7680222.799100000411272, -2137270.695900000631809 ], [ -7680259.950799999758601, -2137239.734499998390675 ], [ -7680346.667999999597669, -2137243.591499999165535 ], [ -7680362.284900000318885, -2137325.318199999630451 ], [ -7680356.89919999986887, -2137412.094200000166893 ], [ -7680386.519400000572205, -2137450.500100001692772 ], [ -7680438.2336, -2137442.927099999040365 ], [ -7680465.709799999371171, -2137403.459899999201298 ], [ -7680493.714299999177456, -2137364.3915 ], [ -7680472.713999999687076, -2137285.3224 ], [ -7680435.003100000321865, -2137254.889899998903275 ], [ -7680382.235400000587106, -2137182.331700000911951 ], [ -7680380.057499999180436, -2137134.093600001186132 ], [ -7680373.619799999520183, -2137082.666200000792742 ], [ -7680347.203500000759959, -2137038.148299999535084 ], [ -7680303.582100000232458, -2137014.359999999403954 ], [ -7680254.577199999243021, -2137011.035999998450279 ], [ -7680170.57010000012815, -2136981.265900000929832 ], [ -7680184.574999999254942, -2136900.073399998247623 ], [ -7680273.966600000858307, -2136875.626200001686811 ], [ -7680321.385800000280142, -2136882.139400001615286 ], [ -7680383.865199999883771, -2136828.456000000238419 ], [ -7680454.930099999532104, -2136769.989 ], [ -7680501.260199999436736, -2136754.309999998658895 ], [ -7680548.11849999986589, -2136740.225499998778105 ], [ -7680597.122899999842048, -2136728.798599999397993 ], [ -7680646.68889999948442, -2136715.24549999833107 ], [ -7680691.928999999538064, -2136692.52309999987483 ], [ -7680733.933000000193715, -2136667.010099999606609 ], [ -7680778.644600000232458, -2136648.14130000025034 ], [ -7680824.412699999287724, -2136629.139499999582767 ], [ -7680865.888000000268221, -2136603.094700001180172 ], [ -7680904.1272, -2136572.266100000590086 ], [ -7680938.601800000295043, -2136536.520799998193979 ], [ -7680969.840199999511242, -2136498.516399998217821 ], [ -7681044.6996, -2136459.581999998539686 ], [ -7681123.4222999997437, -2136450.280000001192093 ], [ -7681173.053400000557303, -2136454.266199998557568 ], [ -7681220.0756, -2136442.439300000667572 ], [ -7681254.020999999716878, -2136405.63060000166297 ], [ -7681276.210799999535084, -2136360.98200000077486 ], [ -7681301.00899999961257, -2136317.662300001829863 ], [ -7681332.3454, -2136275.538400001823902 ], [ -7681372.828700000420213, -2136249.360199999064207 ], [ -7681422.459000000730157, -2136242.715300001204014 ], [ -7681475.985999999567866, -2136240.056499999016523 ], [ -7681532.15430000051856, -2136232.215199999511242 ], [ -7681589.610600000247359, -2136223.0449 ], [ -7681648.354499999433756, -2136216.39919999986887 ], [ -7681707.131400000303984, -2136208.557300001382828 ], [ -7681763.2664, -2136195.400100000202656 ], [ -7681818.113399999216199, -2136180.914099998772144 ], [ -7681870.351800000295043, -2136167.889600001275539 ], [ -7681918.660700000822544, -2136153.403599999845028 ], [ -7681964.360600000247359, -2136134.931099999696016 ], [ -7682010.060100000351667, -2136108.751499999314547 ], [ -7682057.079900000244379, -2136077.123700000345707 ], [ -7682102.778899999335408, -2136046.957499999552965 ], [ -7682145.869000000879169, -2136015.462699998170137 ], [ -7682183.741599999368191, -2135979.981699999421835 ], [ -7682215.0757, -2135940.514699999243021 ], [ -7682245.121600000187755, -2135895.865600001066923 ], [ -7682275.134199999272823, -2135848.559000000357628 ], [ -7682343.019300000742078, -2135778.926399998366833 ], [ -7682390.039100000634789, -2135765.768300000578165 ], [ -7682439.668600000441074, -2135767.093600001186132 ], [ -7682487.978399999439716, -2135786.888999998569489 ], [ -7682533.680600000545382, -2135817.048900000751019 ], [ -7682579.382999999448657, -2135848.537500001490116 ], [ -7682625.085699999704957, -2135881.354899998754263 ], [ -7682664.283900000154972, -2135919.488000001758337 ], [ -7682698.2324, -2135962.8037 ], [ -7682736.110400000587106, -2136003.594399999827147 ], [ -7682783.101199999451637, -2136033.754000000655651 ], [ -7682842.50730000063777, -2136056.0724 ], [ -7682905.215800000354648, -2136081.048000000417233 ], [ -7682955.476099999621511, -2136110.011100001633167 ], [ -7682998.570499999448657, -2136134.855399999767542 ], [ -7683044.273, -2136151.992400001734495 ], [ -7683091.296299999579787, -2136168.996300000697374 ], [ -7683129.174499999731779, -2136200.617899999022484 ], [ -7683150.048499999567866, -2136246.592399999499321 ], [ -7683164.418099999427795, -2136297.750199999660254 ], [ -7683180.109300000593066, -2136355.552000001072884 ], [ -7683197.088700000196695, -2136416.011399999260902 ], [ -7683216.676200000569224, -2136469.82660000026226 ], [ -7683240.192600000649691, -2136517.130300000309944 ], [ -7683270.246600000187755, -2136557.921999998390675 ], [ -7683298.984999999403954, -2136643.229899998754263 ], [ -7683305.495699999853969, -2136691.864599999040365 ], [ -7683325.082900000736117, -2136737.840300001204014 ], [ -7683348.599500000476837, -2136782.486699998378754 ], [ -7683373.437100000679493, -2136825.937100000679493 ], [ -7683400.855799999088049, -2136915.232700001448393 ], [ -7683387.817700000479817, -2136962.541499998420477 ], [ -7683372.1382, -2137013.704500000923872 ], [ -7683372.144500000402331, -2137067.656300000846386 ], [ -7683396.9496, -2137113.632199998944998 ], [ -7683427.005000000819564, -2137155.620799999684095 ], [ -7683450.52280000038445, -2137202.925799999386072 ], [ -7683477.93720000050962, -2137250.230399999767542 ], [ -7683517.1402000002563, -2137290.889199998229742 ], [ -7683566.744599999859929, -2137325.035100001841784 ], [ -7683608.5559, -2137360.510899998247623 ], [ -7683635.97069999948144, -2137405.157800000160933 ], [ -7683655.560000000521541, -2137456.450399998575449 ], [ -7683663.4265, -2137510.269499998539686 ], [ -7683659.504200000315905, -2137566.881000000983477 ], [ -7683652.973300000652671, -2137624.688999999314547 ], [ -7683652.980699999257922, -2137681.167399998754263 ], [ -7683662.135099999606609, -2137733.657999999821186 ], [ -7683676.506699999794364, -2137782.294199999421835 ], [ -7683697.416799999773502, -2137829.600699998438358 ], [ -7683732.691800000146031, -2137872.918600000441074 ], [ -7683777.08049999922514, -2137908.394600000232458 ], [ -7683816.251199999824166, -2137941.213500000536442 ], [ -7683843.699500000104308, -2137980.6787 ], [ -7683852.853800000622869, -2138027.987199999392033 ], [ -7683848.930700000375509, -2138075.297600001096725 ], [ -7683840.450799999758601, -2138127.791700001806021 ], [ -7683837.848799999803305, -2138176.431200001388788 ], [ -7683843.733999999240041, -2138225.069499999284744 ], [ -7683855.497700000181794, -2138274.903200000524521 ], [ -7683871.158299999311566, -2138324.86939999833703 ], [ -7683892.069900000467896, -2138374.834800001233816 ], [ -7683916.8783, -2138423.337999999523163 ], [ -7683944.328400000929832, -2138469.315900001674891 ], [ -7683971.745400000363588, -2138514.097699999809265 ], [ -7683992.656999999657273, -2138560.076699998229742 ], [ -7684001.812400000169873, -2138611.240499999374151 ], [ -7683993.9934, -2138663.86879999935627 ], [ -7683966.55599999986589, -2138707.1974 ], [ -7683924.784299999475479, -2138741.358199998736382 ], [ -7683876.472500000149012, -2138768.875100001692772 ], [ -7683826.839500000700355, -2138795.195999998599291 ], [ -7683779.816500000655651, -2138830.686299998313189 ], [ -7683740.654799999669194, -2138876.674600001424551 ], [ -7683710.6085, -2138926.648600000888109 ], [ -7683688.421900000423193, -2138975.292599998414516 ], [ -7683667.523, -2139022.607599999755621 ], [ -7683638.796599999070168, -2139067.265599999576807 ], [ -7683602.242200000211596, -2139105.279800001531839 ], [ -7683561.757200000807643, -2139140.769400000572205 ], [ -7683523.88150000013411, -2139180.2456 ], [ -7683500.405899999663234, -2139226.232200000435114 ], [ -7683496.482100000604987, -2139277.399500001221895 ], [ -7683476.908900000154972, -2139368.173599999397993 ], [ -7683436.4222999997437, -2139397.018300000578165 ], [ -7683392.005200000479817, -2139423.338300000876188 ], [ -7683351.518500000238419, -2139453.511900000274181 ], [ -7683309.74379999935627, -2139483.818500000983477 ], [ -7683264.038499999791384, -2139511.334499999880791 ], [ -7683199.376299999654293, -2139542.972600001841784 ], [ -7683115.790300000458956, -2139580.991900000721216 ], [ -7683051.161100000143051, -2139616.483800001442432 ], [ -7683009.385700000450015, -2139647.986099999397993 ], [ -7682967.577099999412894, -2139679.621399998664856 ], [ -7682919.262000000104308, -2139709.795200001448393 ], [ -7682863.085799999535084, -2139734.786499999463558 ], [ -7682804.333000000566244, -2139754.46169999986887 ], [ -7682749.476800000295043, -2139770.2820999994874 ], [ -7682694.620100000873208, -2139779.45719999819994 ], [ -7682635.865800000727177, -2139784.778299998492002 ], [ -7682577.078600000590086, -2139791.295299999415874 ], [ -7682520.933399999514222, -2139797.811900001019239 ], [ -7682468.685399999842048, -2139803.131900001317263 ], [ -7682419.046599999070168, -2139810.97690000012517 ], [ -7682366.798599999397993, -2139818.954700000584126 ], [ -7682311.940999999642372, -2139820.287399999797344 ], [ -7682258.404200000688434, -2139816.303599998354912 ], [ -7682206.1554000005126, -2139810.990600001066923 ], [ -7682150.009500000625849, -2139805.810600001364946 ], [ -7682089.933199999853969, -2139799.168699998408556 ], [ -7682033.754100000485778, -2139790.001200001686811 ], [ -7681982.826099999248981, -2139776.846099998801947 ], [ -7681933.18610000051558, -2139761.165699999779463 ], [ -7681878.328199999406934, -2139749.339600000530481 ], [ -7681816.964199999347329, -2139744.026000000536442 ], [ -7681758.1765, -2139740.04109999909997 ], [ -7681699.421599999070168, -2139732.2018 ], [ -7681634.094399999827147, -2139724.362500000745058 ], [ -7681570.121600000187755, -2139717.719099998474121 ], [ -7681513.942700000479817, -2139702.037900000810623 ], [ -7681464.303099999204278, -2139675.723999999463558 ], [ -7681415.98450000025332, -2139648.0810999982059 ], [ -7681366.378200000151992, -2139624.42509999871254 ], [ -7681318.027100000530481, -2139607.414200000464916 ], [ -7681268.4211, -2139598.2445 ], [ -7681216.173100000247359, -2139590.270799998193979 ], [ -7681163.925100000575185, -2139571.930599998682737 ], [ -7681119.537399999797344, -2139537.77479999884963 ], [ -7681089.483300000429153, -2139490.461500000208616 ], [ -7681058.14130000025034, -2139445.80629999935627 ], [ -7681013.721000000834465, -2139416.833599999547005 ], [ -7680964.11570000089705, -2139395.83500000089407 ], [ -7680915.76549999974668, -2139376.165300000458956 ], [ -7680867.448400000110269, -2139361.678599998354912 ], [ -7680796.937300000339746, -2139386.663400001823902 ], [ -7680772.1338, -2139450.98759999871254 ], [ -7680736.86089999973774, -2139506.274500001221895 ], [ -7680790.396600000560284, -2139511.458500001579523 ], [ -7680843.932299999520183, -2139515.446199998259544 ], [ -7680897.501000000163913, -2139519.433800000697374 ], [ -7680966.724099999293685, -2139575.917899999767542 ], [ -7680975.872199999168515, -2139625.756700001657009 ], [ -7680988.917600000277162, -2139673.07039999961853 ], [ -7681027.459599999710917, -2139709.884799998253584 ], [ -7681062.7652000002563, -2139720.251299999654293 ], [ -7681090.144300000742078, -2139728.225499998778105 ], [ -7681152.168600000441074, -2139733.541499998420477 ], [ -7681204.416899999603629, -2139740.053399998694658 ], [ -7681254.05629999935627, -2139755.868500001728535 ], [ -7681304.983899999409914, -2139778.195900000631809 ], [ -7681354.623500000685453, -2139801.852200001478195 ], [ -7681402.942299999296665, -2139828.166499998420477 ], [ -7681452.582299999892712, -2139857.005800001323223 ], [ -7681499.580399999395013, -2139885.978100001811981 ], [ -7681546.611500000581145, -2139913.488400001078844 ], [ -7681597.539799999445677, -2139937.144099999219179 ], [ -7681649.789300000295043, -2139956.945500001311302 ], [ -7681702.038799999281764, -2139975.284800000488758 ], [ -7681754.2884, -2139994.953099999576807 ], [ -7681805.217199999839067, -2140017.279399998486042 ], [ -7681850.927899999544024, -2140043.5929000005126 ], [ -7681890.099500000476837, -2140073.893899999558926 ], [ -7681926.695299999788404, -2140108.0493 ], [ -7681963.258199999108911, -2140144.729899998754263 ], [ -7681999.821399999782443, -2140181.543400000780821 ], [ -7682035.096699999645352, -2140219.686000000685453 ], [ -7682067.730000000447035, -2140261.6831 ], [ -7682097.787799999117851, -2140310.325800001621246 ], [ -7682121.30629999935627, -2140362.9560999982059 ], [ -7682136.964299999177456, -2140414.125 ], [ -7682151.334100000560284, -2140462.768800001591444 ], [ -7682168.313100000843406, -2140510.083500001579523 ], [ -7682194.440700000151992, -2140550.752300001680851 ], [ -7682250.620200000703335, -2140528.420099999755621 ], [ -7682248.007799999788404, -2140477.250199999660254 ], [ -7682225.777200000360608, -2140431.265099998563528 ], [ -7682202.291799999773502, -2140386.609200000762939 ], [ -7682183.991599999368191, -2140337.965799998492002 ], [ -7682161.794199999421835, -2140289.322799999266863 ], [ -7682134.345599999651313, -2140242.009199999272823 ], [ -7682112.148499999195337, -2140193.366300001740456 ], [ -7682096.457900000736117, -2140144.723200000822544 ], [ -7682069.042899999767542, -2140102.726100001484156 ], [ -7682025.940600000321865, -2140069.900400001555681 ], [ -7681943.666899999603629, -2140010.761100001633167 ], [ -7681989.374099999666214, -2139958.261199999600649 ], [ -7682036.371099999174476, -2139947.759300000965595 ], [ -7682087.331499999389052, -2139938.453299999237061 ], [ -7682142.155899999663234, -2139929.279800001531839 ], [ -7682193.11600000038743, -2139917.448300000280142 ], [ -7682241.433700000867248, -2139904.287799999117851 ], [ -7682291.072499999776483, -2139891.127099998295307 ], [ -7682341.999399999156594, -2139880.624299999326468 ], [ -7682398.144899999722838, -2139875.437199998646975 ], [ -7682459.542199999094009, -2139876.761900000274181 ], [ -7682520.939799999818206, -2139883.26969999819994 ], [ -7682578.4070999994874, -2139887.252399999648333 ], [ -7682631.94370000064373, -2139884.59010000154376 ], [ -7682682.8706, -2139876.7445 ], [ -7682732.508899999782443, -2139862.253600001335144 ], [ -7682783.434699999168515, -2139842.579300001263618 ], [ -7682835.681500000879169, -2139822.771699998527765 ], [ -7682889.216700000688434, -2139807.083999998867512 ], [ -7682942.784600000828505, -2139789.9342 ], [ -7682989.779100000858307, -2139762.418400000780821 ], [ -7683045.95890000090003, -2139774.2412 ], [ -7683006.759600000455976, -2139810.92680000141263 ], [ -7682968.91440000012517, -2139847.745200000703335 ], [ -7682929.714999999850988, -2139884.563700001686811 ], [ -7682890.54839999973774, -2139921.382199998944998 ], [ -7682859.213700000196695, -2140009.368700001388788 ], [ -7682838.315600000321865, -2140098.683600001037121 ], [ -7682808.297499999403954, -2140140.817800000309944 ], [ -7682782.176999999210238, -2140188.135000001639128 ], [ -7682754.735300000756979, -2140236.648600000888109 ], [ -7682720.786599999293685, -2140280.112300001084805 ], [ -7682681.618599999696016, -2140314.272900000214577 ], [ -7682641.129100000485778, -2140344.446400001645088 ], [ -7682601.927899999544024, -2140378.60700000077486 ], [ -7682560.15059999935329, -2140416.754999998956919 ], [ -7682531.41950000077486, -2140458.756400000303984 ], [ -7682578.4527000002563, -2140477.227099999785423 ], [ -7682622.8399, -2140446.920400001108646 ], [ -7682668.5483, -2140419.404500000178814 ], [ -7682716.8662, -2140397.071800000965595 ], [ -7682766.505200000479817, -2140374.738899998366833 ], [ -7682814.822599999606609, -2140349.7478 ], [ -7682864.46059999987483, -2140320.769299998879433 ], [ -7682952.6064, -2140266.933200001716614 ], [ -7683074.074200000613928, -2140190.632199998944998 ], [ -7683157.000900000333786, -2140140.783300001174212 ], [ -7683204.030099999159575, -2140122.304099999368191 ], [ -7683253.635500000789762, -2140107.944699998944998 ], [ -7683307.20380000025034, -2140089.464499998837709 ], [ -7683359.450500000268221, -2140068.459199998527765 ], [ -7683407.766699999570847, -2140044.796100001782179 ], [ -7683456.081900000572205, -2140014.6206 ], [ -7683504.396600000560284, -2139981.786800000816584 ], [ -7683550.10219999961555, -2139950.149500001221895 ], [ -7683594.5197, -2139918.645199999213219 ], [ -7683642.83390000090003, -2139885.811200000345707 ], [ -7683692.467800000682473, -2139843.673700001090765 ], [ -7683726.412499999627471, -2139792.500799998641014 ], [ -7683742.060000000521541, -2139738.672400001436472 ], [ -7683752.521600000560284, -2139680.857700001448393 ], [ -7683764.270899999886751, -2139621.714000001549721 ], [ -7683778.629699999466538, -2139565.228100001811981 ], [ -7683796.886, -2139512.596000000834465 ], [ -7683824.324799999594688, -2139469.265900000929832 ], [ -7683864.810799999162555, -2139438.958399999886751 ], [ -7683914.412900000810623, -2139416.623700000345707 ], [ -7683966.6579, -2139399.604499999433756 ], [ -7684018.9035, -2139387.768399998545647 ], [ -7684069.827500000596046, -2139371.945300001651049 ], [ -7684115.531199999153614, -2139343.098499998450279 ], [ -7684157.3366, -2139307.607200000435114 ], [ -7684203.04109999909997, -2139285.27250000089407 ], [ -7684253.966900000348687, -2139283.935199998319149 ], [ -7684324.520300000905991, -2139343.064599998295307 ], [ -7684338.8947, -2139391.704300001263618 ], [ -7684357.1667, -2139442.868500001728535 ], [ -7684384.619699999690056, -2139491.506099998950958 ], [ -7684418.577299999073148, -2139529.643300000578165 ], [ -7684460.3597, -2139553.29280000180006 ], [ -7684513.930099999532104, -2139562.453699998557568 ], [ -7684575.293800000101328, -2139565.10080000013113 ], [ -7684632.761, -2139571.602600000798702 ], [ -7684686.331700000911951, -2139580.763099998235703 ], [ -7684738.545800000429153, -2139576.899099998176098 ], [ -7684828.6754, -2139579.4070999994874 ], [ -7684878.317600000649691, -2139596.541900001466274 ], [ -7684931.857100000604987, -2139614.872000001370907 ], [ -7684981.501499999314547, -2139642.506000000983477 ], [ -7685072.925200000405312, -2139672.656599998474121 ], [ -7685120.57799999974668, -2139650.318900000303984 ], [ -7685167.600299999117851, -2139613.494800001382828 ], [ -7685219.183000000193715, -2139591.156199999153614 ], [ -7685266.214800000190735, -2139600.449299998581409 ], [ -7685336.739399999380112, -2139660.772199999541044 ], [ -7685385.058499999344349, -2139666.0777000002563 ], [ -7685439.9145, -2139660.749299999326468 ], [ -7685501.311000000685453, -2139660.735500000417233 ], [ -7685563.996600000187755, -2139666.037300001829863 ], [ -7685616.243599999696016, -2139660.708999998867512 ], [ -7685658.016699999570847, -2139637.042399998754263 ], [ -7685702.432199999690056, -2139614.704100001603365 ], [ -7685754.677999999374151, -2139605.521299999207258 ], [ -7685804.280300000682473, -2139591.022900000214577 ], [ -7685843.47580000013113, -2139562.173300001770258 ], [ -7685885.23369999974966, -2139478.035700000822544 ], [ -7685880.003200000151992, -2139426.869600001722574 ], [ -7685869.553999999538064, -2139374.243000000715256 ], [ -7685870.829299999400973, -2139321.746599998325109 ], [ -7685885.182700000703335, -2139269.114100001752377 ], [ -7685903.466700000688434, -2139217.942800000309944 ], [ -7685923.039000000804663, -2139169.296300001442432 ], [ -7685947.830399999395013, -2139124.63569999858737 ], [ -7685980.483300000429153, -2139086.485199999064207 ], [ -7686019.644500000402331, -2139057.503100000321865 ], [ -7686066.668999999761581, -2139041.809000000357628 ], [ -7686120.2027000002563, -2139039.137200001627207 ], [ -7686176.380599999800324, -2139044.4386 ], [ -7686232.523700000718236, -2139043.094799999147654 ], [ -7686275.615499999374151, -2139018.098299998790026 ], [ -7686334.380599999800324, -2138941.79839999973774 ], [ -7686313.45890000090003, -2138878.810100000351667 ], [ -7686293.85359999909997, -2138798.677700001746416 ], [ -7686319.964999999850988, -2138755.346000000834465 ], [ -7686353.904999999329448, -2138718.524300001561642 ], [ -7686396.994100000709295, -2138687.015900000929832 ], [ -7686447.911499999463558, -2138660.688299998641014 ], [ -7686497.541500000283122, -2138637.018899999558926 ], [ -7686545.850299999117851, -2138613.349800001829863 ], [ -7686596.768500000238419, -2138591.0088 ], [ -7686647.719900000840425, -2138569.9967 ], [ -7686697.317099999636412, -2138548.85190000012517 ], [ -7686748.2686, -2138529.168499998748302 ], [ -7686797.865199999883771, -2138506.827500000596046 ], [ -7686840.9529, -2138473.989599999040365 ], [ -7686878.820900000631809, -2138435.83729999884963 ], [ -7686919.301000000908971, -2138408.3158 ], [ -7686981.990399999544024, -2138438.464200001209974 ], [ -7686935.019500000402331, -2138515.956599999219179 ], [ -7686985.949899999424815, -2138536.938900001347065 ], [ -7687038.1875, -2138512.071400001645088 ], [ -7687105.414899999275804, -2138476.567499998956919 ], [ -7687188.988099999725819, -2138437.07149999961257 ], [ -7687261.468699999153614, -2138410.735399998724461 ], [ -7687318.923100000247359, -2138384.536699999123812 ], [ -7687365.904799999669194, -2138346.380800001323223 ], [ -7687402.481899999082088, -2138303.045200001448393 ], [ -7687437.705800000578165, -2138262.235199999064207 ], [ -7687522.606899999082088, -2138249.050799999386072 ], [ -7687564.39299999922514, -2138280.665800001472235 ], [ -7687603.605399999767542, -2138318.660599999129772 ], [ -7687646.714400000870228, -2138355.458000000566244 ], [ -7687696.323300000280142, -2138373.913600001484156 ], [ -7687751.155999999493361, -2138312.098799999803305 ], [ -7687760.286499999463558, -2138260.79839999973774 ], [ -7687781.175599999725819, -2138216.138799998909235 ], [ -7687820.332900000736117, -2138188.616300001740456 ], [ -7687871.25620000064373, -2138188.598600000143051 ], [ -7687922.218800000846386, -2138206.920200001448393 ], [ -7687999.255400000140071, -2138181.909000001847744 ], [ -7688017.534299999475479, -2138134.592300001531839 ], [ -7688082.801799999549985, -2138075.431499999016523 ], [ -7688133.7215, -2138066.243599999696016 ], [ -7688188.571399999782443, -2138058.383000001311302 ], [ -7688238.20160000026226, -2138045.208399999886751 ], [ -7688281.289200000464916, -2138021.53770000115037 ], [ -7688324.376199999824166, -2137996.537900000810623 ], [ -7688371.364199999719858, -2137983.364 ], [ -7688420.995100000873208, -2137972.846900001168251 ], [ -7688468.011199999600649, -2137946.649399999529123 ], [ -7688511.092299999669194, -2137907.164099998772144 ], [ -7688548.921599999070168, -2137865.155799999833107 ], [ -7688584.176300000399351, -2137827.002399999648333 ], [ -7688627.262499999254942, -2137802.002300001680851 ], [ -7688678.18019999936223, -2137790.155200000852346 ], [ -7688729.131799999624491, -2137780.965799998492002 ], [ -7688778.7281, -2137767.790100000798702 ], [ -7688824.42369999922812, -2137745.4463 ], [ -7688851.836200000718236, -2137669.289099998772144 ], [ -7688780.018200000748038, -2137688.985300000756979 ], [ -7688736.933499999344349, -2137716.510600000619888 ], [ -7688683.411699999123812, -2137740.186099998652935 ], [ -7688627.245999999344349, -2137758.679699998348951 ], [ -7688572.396999999880791, -2137766.541400000452995 ], [ -7688520.157400000840425, -2137775.730900000780821 ], [ -7688471.849500000476837, -2137790.234400000423193 ], [ -7688423.535599999129772, -2137788.923700001090765 ], [ -7688407.861999999731779, -2137733.779800001531839 ], [ -7688454.850400000810623, -2137723.263700000941753 ], [ -7688508.41190000064671, -2137716.598900001496077 ], [ -7688554.107699999585748, -2137694.255800001323223 ], [ -7688576.2676, -2137610.26069999858737 ], [ -7688607.574999999254942, -2137527.458299998193979 ], [ -7688653.27280000038445, -2137511.626800000667572 ], [ -7688705.513699999079108, -2137507.752700001001358 ], [ -7688759.0461, -2137512.91440000012517 ], [ -7688808.686300000175834, -2137530.037599999457598 ], [ -7688853.079600000753999, -2137556.199200000613928 ], [ -7688897.506699999794364, -2137583.822500001639128 ], [ -7688951.0439, -2137600.810899998992682 ], [ -7689012.433499999344349, -2137599.59010000154376 ], [ -7689071.20890000090003, -2137585.0810999982059 ], [ -7689122.122999999672174, -2137566.588599998503923 ], [ -7689170.427699999883771, -2137546.90089999884367 ], [ -7689224.610600000247359, -2137527.210799999535084 ], [ -7689283.384999999776483, -2137511.372299998998642 ], [ -7689337.5702, -2137498.193500000983477 ], [ -7689385.877399999648333, -2137485.017000000923872 ], [ -7689434.183900000527501, -2137470.644299998879433 ], [ -7689486.419600000604987, -2137454.8081 ], [ -7689541.26380000077188, -2137438.97069999948144 ], [ -7689597.395999999716878, -2137423.2654 ], [ -7689657.456499999389052, -2137404.7676 ], [ -7689720.158299999311566, -2137385.072500001639128 ], [ -7689782.828099999576807, -2137368.035000000149012 ], [ -7689845.497700000181794, -2137350.86430000141263 ], [ -7689904.237500000745058, -2137333.828200001269579 ], [ -7689955.185100000351667, -2137319.320300001651049 ], [ -7690004.778699999675155, -2137304.813000001013279 ], [ -7690058.334300000220537, -2137288.974800001829863 ], [ -7690110.568900000303984, -2137273.269999999552965 ], [ -7690161.4831000007689, -2137258.761599998921156 ], [ -7690213.720000000670552, -2137248.239100001752377 ], [ -7690264.637199999764562, -2137240.374899998307228 ], [ -7690318.164200000464916, -2137235.034200001507998 ], [ -7690376.94370000064373, -2137233.677499998360872 ], [ -7690434.403599999845028, -2137234.978900000452995 ], [ -7690487.936300000175834, -2137241.464699998497963 ], [ -7690540.1842, -2137254.595400001853704 ], [ -7690589.825999999418855, -2137273.042700000107288 ], [ -7690635.541300000622869, -2137298.0033 ], [ -7690676.042999999597669, -2137330.806800000369549 ], [ -7690704.792600000277162, -2137371.456500001251698 ], [ -7690758.361099999397993, -2137450.232999999076128 ], [ -7690801.467599999159575, -2137473.865899998694658 ], [ -7690848.500600000843406, -2137490.985100001096725 ], [ -7690894.214299999177456, -2137510.629799999296665 ], [ -7690937.3224, -2137536.920299999415874 ], [ -7690981.717800000682473, -2137561.881099998950958 ], [ -7691031.361500000581145, -2137581.523499999195337 ], [ -7691084.902499999850988, -2137602.492800001055002 ], [ -7691138.480100000277162, -2137630.1064000017941 ], [ -7691180.273299999535084, -2137666.895500000566244 ], [ -7691201.201199999079108, -2137714.19370000064373 ], [ -7691237.135900000110269, -2137788.992600001394749 ], [ -7691311.616900000721216, -2137878.256799999624491 ], [ -7691382.840500000864267, -2137925.528900001198053 ], [ -7691437.697699999436736, -2137934.66950000077486 ], [ -7691492.520500000566244, -2137941.285000000149012 ], [ -7691544.768899999558926, -2137950.426699999719858 ], [ -7691595.732799999415874, -2137966.213500000536442 ], [ -7691649.2763, -2137988.510499998927116 ], [ -7691705.430099999532104, -2138013.463899999856949 ], [ -7691761.617000000551343, -2138038.284200001507998 ], [ -7691812.551300000399351, -2138059.386300001293421 ], [ -7691859.58809999935329, -2138079.028599999845028 ], [ -7691906.593399999663234, -2138101.328600000590086 ], [ -7691954.920499999076128, -2138124.956799998879433 ], [ -7692007.176699999719858, -2138147.253800000995398 ], [ -7692063.36089999973774, -2138165.561599999666214 ], [ -7692120.8301, -2138178.685699999332428 ], [ -7692178.297900000587106, -2138189.151799999177456 ], [ -7692234.443399999290705, -2138197.093499999493361 ], [ -7692290.61879999935627, -2138199.586300000548363 ], [ -7692349.36879999935627, -2138199.5526 ], [ -7692410.760600000619888, -2138199.517099998891354 ], [ -7692470.828600000590086, -2138194.2993 ], [ -7692524.354599999263883, -2138183.769499998539686 ], [ -7692576.597899999469519, -2138182.40989999845624 ], [ -7692628.850600000470877, -2138196.864500001072884 ], [ -7692675.857799999415874, -2138220.491799999028444 ], [ -7692720.291400000452995, -2138247.974500000476837 ], [ -7692763.405099999159575, -2138276.919700000435114 ], [ -7692803.910000000149012, -2138305.733600001782179 ], [ -7692843.094000000506639, -2138334.681099999696016 ], [ -7692882.31110000051558, -2138363.4956 ], [ -7692924.105100000277162, -2138393.770399998873472 ], [ -7692972.437999999150634, -2138423.908300001174212 ], [ -7693023.376800000667572, -2138448.861600000411272 ], [ -7693073.02309999987483, -2138465.84180000051856 ], [ -7693126.5945999994874, -2138475.111600000411272 ], [ -7693185.346799999475479, -2138477.600299999117851 ], [ -7693256.522900000214577, -2138490.712799999862909 ], [ -7693337.51799999922514, -2138520.962400000542402 ], [ -7693402.195800000801682, -2138545.773299999535084 ], [ -7693451.807900000363588, -2138560.227699998766184 ], [ -7693502.77250000089407, -2138572.02309999987483 ], [ -7693553.703199999406934, -2138582.489500001072884 ], [ -7693602.026799999177456, -2138595.61540000140667 ], [ -7693649.067399999126792, -2138616.582899998873472 ], [ -7693694.792199999094009, -2138645.524900000542402 ], [ -7693739.194499999284744, -2138671.809799998998642 ], [ -7693784.912699999287724, -2138690.119899999350309 ], [ -7693834.558499999344349, -2138704.573399998247623 ], [ -7693889.418099999427795, -2138712.378400001674891 ], [ -7693945.5614, -2138713.6706000007689 ], [ -7693999.128799999132752, -2138714.964200001209974 ], [ -7694052.66469999961555, -2138718.782800000160933 ], [ -7694107.523600000888109, -2138725.391199998557568 ], [ -7694161.062400000169873, -2138733.196400001645088 ], [ -7694212.0252, -2138741.136100001633167 ], [ -7694260.346799999475479, -2138750.273499999195337 ], [ -7694308.6721, -2138764.593800000846386 ], [ -7694358.32289999909699, -2138785.690900001674891 ], [ -7694406.653699999675155, -2138807.9847999997437 ], [ -7694454.98450000025332, -2138830.2787000015378 ], [ -7694505.9244, -2138852.570599999278784 ], [ -7694556.896600000560284, -2138873.533500000834465 ], [ -7694605.229599999263883, -2138898.484999999403954 ], [ -7694652.244300000369549, -2138927.291400000452995 ], [ -7694696.683299999684095, -2138956.2324 ], [ -7694788.112999999895692, -2138978.49549999833107 ], [ -7694832.518500000238419, -2138958.795299999415874 ], [ -7694876.88990000076592, -2138937.633200000971556 ], [ -7694925.19679999910295, -2138924.574999999254942 ], [ -7694974.834699999541044, -2138925.73589999973774 ], [ -7695021.8739, -2138941.517400000244379 ], [ -7695067.598600000143051, -2138966.469700001180172 ], [ -7695117.220499999821186, -2138991.419100001454353 ], [ -7695169.471300000324845, -2138997.8935999982059 ], [ -7695220.419199999421835, -2138983.370799999684095 ], [ -7695314.440700000151992, -2138980.77760000154376 ], [ -7695358.843900000676513, -2139004.401200000196695 ], [ -7695405.88539999909699, -2139022.706900000572205 ], [ -7695456.814600000157952, -2139027.985500000417233 ], [ -7695509.059900000691414, -2139026.618000000715256 ], [ -7695557.366499999538064, -2139013.425299998372793 ], [ -7695593.933700000867248, -2138979.243200000375509 ], [ -7695623.921, -2138934.5669 ], [ -7695664.383899999782443, -2138899.05290000140667 ], [ -7695719.227099999785423, -2138883.19709999859333 ], [ -7695772.752299999818206, -2138871.329 ], [ -7695811.930800000205636, -2138841.131700001657009 ], [ -7695840.629300000146031, -2138796.456399999558926 ], [ -7695856.246999999508262, -2138747.804099999368191 ], [ -7695858.81870000064373, -2138697.832800000905991 ], [ -7695864.00029999949038, -2138649.1886 ], [ -7695871.823999999091029, -2138600.675500001758337 ], [ -7695874.394500000402331, -2138549.375599998980761 ], [ -7695878.252299999818206, -2138496.878800000995398 ], [ -7695888.681700000539422, -2138444.244300000369549 ], [ -7695901.687999999150634, -2138393.069899998605251 ], [ -7695921.234099999070168, -2138343.086599998176098 ], [ -7695949.927799999713898, -2138293.096500001847744 ], [ -7695981.232100000604987, -2138245.762299999594688 ], [ -7696016.472300000488758, -2138206.398899998515844 ], [ -7696086.96199999935925, -2138140.562600001692772 ], [ -7696073.824799999594688, -2138061.767099998891354 ], [ -7696058.135700000450015, -2138014.469399999827147 ], [ -7696045.0176, -2137960.657999999821186 ], [ -7696021.467000000178814, -2137910.708599999547005 ], [ -7696003.168400000780821, -2137862.084300000220537 ], [ -7696001.807900000363588, -2137809.593199998140335 ], [ -7696000.476399999111891, -2137751.786699999123812 ], [ -7695989.964500000700355, -2137693.987300001084805 ], [ -7695983.419399999082088, -2137641.500700000673532 ], [ -7695993.818199999630451, -2137592.855099998414516 ], [ -7696013.364199999719858, -2137544.202599998563528 ], [ -7696017.255200000479817, -2137492.904399998486042 ], [ -7695949.296599999070168, -2137452.292100001126528 ], [ -7695910.153100000694394, -2137481.158700000494719 ], [ -7695885.387199999764562, -2137527.1570999994874 ], [ -7695869.741599999368191, -2137581.122000001370907 ], [ -7695860.634400000795722, -2137634.949299998581409 ], [ -7695863.281500000506639, -2137686.242899999022484 ], [ -7695873.787000000476837, -2137736.068900000303984 ], [ -7695882.971899999305606, -2137786.028900001198053 ], [ -7695894.731499999761581, -2137834.658100001513958 ], [ -7695907.845200000330806, -2137883.286499999463558 ], [ -7695907.882500000298023, -2137933.120900001376867 ], [ -7695890.944700000807643, -2137981.772199999541044 ], [ -7695871.398, -2138030.425599999725819 ], [ -7695867.5055, -2138080.396200001239777 ], [ -7695876.692299999296665, -2138132.882100000977516 ], [ -7695875.412599999457598, -2138188.0337999984622 ], [ -7695808.848899999633431, -2138249.879700001329184 ], [ -7695768.413899999111891, -2138276.223099999129772 ], [ -7695743.611700000241399, -2138319.56529999896884 ], [ -7695735.823899999260902, -2138372.064500000327826 ], [ -7695739.793700000271201, -2138426.0168999992311 ], [ -7695747.659299999475479, -2138478.504700001329184 ], [ -7695707.228399999439716, -2138556.0132 ], [ -7695657.600199999287724, -2138566.682 ], [ -7695605.350199999287724, -2138560.0760000012815 ], [ -7695558.339700000360608, -2138537.784299999475479 ], [ -7695515.225299999117851, -2138514.160700000822544 ], [ -7695466.898800000548363, -2138498.381700001657009 ], [ -7695425.039200000464916, -2138428.775199998170137 ], [ -7695449.839299999177456, -2138381.579300001263618 ], [ -7695490.270300000905991, -2138348.591600000858307 ], [ -7695533.347100000828505, -2138321.050700001418591 ], [ -7695539.82630000077188, -2138239.581700000911951 ], [ -7695499.319499999284744, -2138213.298599999397993 ], [ -7695414.414200000464916, -2138167.379799999296665 ], [ -7695401.299699999392033, -2138116.225400000810623 ], [ -7695389.503200000151992, -2138060.950599998235703 ], [ -7695364.668199999257922, -2138013.658900000154972 ], [ -7695343.7007, -2137925.6996 ], [ -7695364.567800000309944, -2137874.388099998235703 ], [ -7695384.76659999974072, -2137812.711800001561642 ], [ -7695384.716299999505281, -2137743.076999999582767 ], [ -7695394.452099999412894, -2137643.136300001293421 ], [ -7695432.2719, -2137608.955899998545647 ], [ -7695464.904100000858307, -2137570.925500001758337 ], [ -7695472.695299999788404, -2137522.282200001180172 ], [ -7695406.0877, -2137476.351399999111891 ], [ -7695355.1371, -2137481.5713 ], [ -7695308.139000000432134, -2137472.436200000345707 ], [ -7695268.919099999591708, -2137442.298900000751019 ], [ -7695242.7643, -2137395.009500000625849 ], [ -7695229.678999999538064, -2137337.212600000202656 ], [ -7695223.099199999123812, -2137279.411200001835823 ], [ -7695216.523199999704957, -2137226.792500000447035 ], [ -7695206.0526, -2137176.967399999499321 ], [ -7695194.259099999442697, -2137124.352699998766184 ], [ -7695187.681399999186397, -2137069.209600001573563 ], [ -7695186.354299999773502, -2137014.062800001353025 ], [ -7695190.244599999859929, -2136958.912399999797344 ], [ -7695200.642200000584126, -2136906.282299999147654 ], [ -7695213.651100000366569, -2136857.636999998241663 ], [ -7695226.6941, -2136810.453499998897314 ], [ -7695239.70380000025034, -2136763.137299999594688 ], [ -7695252.746600000187755, -2136715.821100000292063 ], [ -7695267.075300000607967, -2136665.846400000154972 ], [ -7695286.620300000533462, -2136614.539299998432398 ], [ -7695313.994999999180436, -2136568.541799999773502 ], [ -7695347.945800000801682, -2136529.183800000697374 ], [ -7695385.762599999085069, -2136493.676600001752377 ], [ -7695424.9342, -2136459.497099999338388 ], [ -7695462.785599999129772, -2136426.64750000089407 ], [ -7695501.922900000587106, -2136391.139199998229742 ], [ -7695545.646999999880791, -2136351.641100000590086 ], [ -7695548.868200000375509, -2136285.995400000363588 ], [ -7695508.361600000411272, -2136254.532499998807907 ], [ -7695478.2820999994874, -2136212.431400001049042 ], [ -7695462.593100000172853, -2136161.284000001847744 ], [ -7695453.408099999651313, -2136108.670200001448393 ], [ -7695455.979699999094009, -2136057.50959999859333 ], [ -7695461.130200000479817, -2135965.553399998694658 ], [ -7695441.514799999073148, -2135918.263000000268221 ], [ -7695434.941600000485778, -2135869.634199999272823 ], [ -7695441.414899999275804, -2135780.335499998182058 ], [ -7695413.946699999272823, -2135740.890900000929832 ], [ -7695385.189999999478459, -2135700.251499999314547 ], [ -7695365.575999999418855, -2135654.290300000458956 ], [ -7695347.282999999821186, -2135608.328299999237061 ], [ -7695319.812400000169873, -2135564.897700000554323 ], [ -7695283.231300000101328, -2135525.5929000005126 ], [ -7695246.653100000694394, -2135490.1415 ], [ -7695212.651699999347329, -2135456.017000000923872 ], [ -7695174.787000000476837, -2135421.895300000905991 ], [ -7695130.35249999910593, -2135389.10700000077486 ], [ -7695087.238900000229478, -2135356.184900000691414 ], [ -7695053.267300000414252, -2135316.878199998289347 ], [ -7695031.045, -2135269.590700000524521 ], [ -7695024.471999999135733, -2135219.634700000286102 ], [ -7695030.9748, -2135169.802299998700619 ], [ -7695011.297700000926852, -2135079.063799999654293 ], [ -7694978.648399999365211, -2135041.085299998521805 ], [ -7694951.178400000557303, -2134996.459499999880791 ], [ -7694921.133099999278784, -2134951.702799998223782 ], [ -7694876.70380000025034, -2134924.229600001126528 ], [ -7694802.241599999368191, -2134869.140000000596046 ], [ -7694798.311699999496341, -2134820.511799998581409 ], [ -7694810.000600000843406, -2134773.201400000602007 ], [ -7694832.1919, -2134729.869899999350309 ], [ -7694854.349099999293685, -2134685.076900001615286 ], [ -7694863.46059999987483, -2134635.244100000709295 ], [ -7694852.96000000089407, -2134586.621100001037121 ], [ -7694821.599500000476837, -2134548.509500000625849 ], [ -7694773.2741, -2134519.71059999987483 ], [ -7694718.416799999773502, -2134498.7555 ], [ -7694666.172499999403954, -2134484.309099998325109 ], [ -7694621.7820999994874, -2134463.346500001847744 ], [ -7694538.186000000685453, -2134422.613299999386072 ], [ -7694487.271600000560284, -2134421.319499999284744 ], [ -7694435.03830000013113, -2134422.683899998664856 ], [ -7694380.19400000013411, -2134420.063799999654293 ], [ -7694321.455199999734759, -2134420.10359999909997 ], [ -7694267.910800000652671, -2134435.951099999248981 ], [ -7694223.551300000399351, -2134460.960200000554323 ], [ -7694176.541799999773502, -2134472.817099999636412 ], [ -7694111.258400000631809, -2134462.363899998366833 ], [ -7694060.300499999895692, -2134445.2577 ], [ -7694010.695699999108911, -2134426.954500000923872 ], [ -7693961.057900000363588, -2134408.518500000238419 ], [ -7693911.419399999082088, -2134388.886500000953674 ], [ -7693864.4199, -2134365.266600001603365 ], [ -7693821.3147, -2134338.986699998378754 ], [ -7693776.8892, -2134312.840599998831749 ], [ -7693725.957499999552965, -2134283.908300001174212 ], [ -7693672.416799999773502, -2134253.781800001859665 ], [ -7693627.989099999889731, -2134223.649300001561642 ], [ -7693595.311599999666214, -2134186.865899998694658 ], [ -7693563.9506, -2134143.438400000333786 ], [ -7693524.767400000244379, -2134104.134700000286102 ], [ -7693481.658399999141693, -2134070.015299998223782 ], [ -7693441.1554000005126, -2134031.908300001174212 ], [ -7693399.360999999567866, -2133987.291600000113249 ], [ -7693353.603800000622869, -2133941.348700001835823 ], [ -7693306.593900000676513, -2133898.063900001347065 ], [ -7693263.4792, -2133853.448100000619888 ], [ -7693229.508899999782443, -2133806.169199999421835 ], [ -7693200.756100000813603, -2133760.215900000184774 ], [ -7693172.005100000649691, -2133716.787000000476837 ], [ -7693141.932800000533462, -2133672.163199998438358 ], [ -7693109.283700000494719, -2133624.8838 ], [ -7693076.603399999439716, -2133580.261700000613928 ], [ -7693045.24379999935627, -2133535.638900000602007 ], [ -7693015.169600000604987, -2133487.029399998486042 ], [ -7692985.130300000309944, -2133441.077199999243021 ], [ -7692951.162900000810623, -2133396.4560999982059 ], [ -7692912.598500000312924, -2133338.684500001370907 ], [ -7692872.084100000560284, -2133276.928399998694658 ], [ -7692832.242000000551343, -2133234.968199998140335 ], [ -7692789.14159999974072, -2133210.016100000590086 ], [ -7692742.113900000229478, -2133187.723499998450279 ], [ -7692693.796299999579787, -2133161.445799998939037 ], [ -7692642.869999999180436, -2133133.973799999803305 ], [ -7692595.839700000360608, -2133106.366599999368191 ], [ -7692557.9517, -2133073.5724 ], [ -7692527.916899999603629, -2133032.934799998998642 ], [ -7692503.0943, -2132984.322700001299381 ], [ -7692480.844699999317527, -2132931.723400000482798 ], [ -7692462.557800000533462, -2132880.583399999886751 ], [ -7692446.846899999305606, -2132830.637699998915195 ], [ -7692428.529400000348687, -2132783.35080000013113 ], [ -7692405.029400000348687, -2132737.395500000566244 ], [ -7692377.5669, -2132690.114100001752377 ], [ -7692355.353199999779463, -2132641.5011 ], [ -7692342.25029999949038, -2132590.35869999974966 ], [ -7692323.966299999505281, -2132543.072200000286102 ], [ -7692292.613900000229478, -2132504.960400000214577 ], [ -7692253.407700000330806, -2132473.495900001376867 ], [ -7692209.023499999195337, -2132451.201400000602007 ], [ -7692160.719499999657273, -2132444.718800000846386 ], [ -7692112.422800000756979, -2132451.256000000983477 ], [ -7692064.096699999645352, -2132464.435899998992682 ], [ -7692017.129200000315905, -2132486.781899999827147 ], [ -7691980.569900000467896, -2132524.932 ], [ -7691924.488700000569224, -2132605.0757 ], [ -7691859.19480000063777, -2132561.667599998414516 ], [ -7691839.5779, -2132489.537300001829863 ], [ -7691876.107899999246001, -2132457.89750000089407 ], [ -7691911.347500000149012, -2132421.209899999201298 ], [ -7691925.682299999520183, -2132372.5768 ], [ -7691919.1173, -2132321.298300001770258 ], [ -7691900.800799999386072, -2132272.683600001037121 ], [ -7691881.197000000625849, -2132224.202500000596046 ], [ -7691856.377599999308586, -2132176.920000001788139 ], [ -7691823.703099999576807, -2132133.494699999690056 ], [ -7691810.613600000739098, -2132042.895799998193979 ], [ -7691843.21199999935925, -2132007.406199999153614 ], [ -7691918.955900000408292, -2132025.831000000238419 ], [ -7691998.592599999159575, -2132038.939300000667572 ], [ -7692037.729000000283122, -2132006.102699998766184 ], [ -7692061.2094, -2131960.122499998658895 ], [ -7692089.885500000789762, -2131877.339400000870228 ], [ -7692161.691600000485778, -2131879.82319999858737 ], [ -7692127.720000000670552, -2131819.52760000154376 ], [ -7692076.773800000548363, -2131748.613499999046326 ], [ -7692078.027799999341369, -2131688.165600001811981 ], [ -7692019.278300000354648, -2131654.055799998342991 ], [ -7692017.985300000756979, -2131704.008400000631809 ], [ -7691968.410000000149012, -2131723.697999998927116 ], [ -7691900.505000000819564, -2131730.245299998670816 ], [ -7691882.274399999529123, -2131777.5504 ], [ -7691858.793800000101328, -2131823.530000001192093 ], [ -7691830.095499999821186, -2131866.988299999386072 ], [ -7691805.293400000780821, -2131911.6402000002563 ], [ -7691776.594100000336766, -2131953.637299999594688 ], [ -7691746.607100000604987, -2131995.635099999606609 ], [ -7691719.196000000461936, -2132039.0929000005126 ], [ -7691681.378900000825524, -2132070.599599998444319 ], [ -7691593.88150000013411, -2132050.984499998390675 ], [ -7691575.568099999800324, -2132006.355599999427795 ], [ -7691575.5417, -2131956.403000000864267 ], [ -7691564.42200000025332, -2131905.127900000661612 ], [ -7691534.387599999085069, -2131857.848600000143051 ], [ -7691493.237500000745058, -2131829.041600000113249 ], [ -7691442.3278, -2131823.75450000166893 ], [ -7691390.105200000107288, -2131833.081700000911951 ], [ -7691314.399800000712276, -2131886.926399998366833 ], [ -7691296.167700000107288, -2131934.2314000017941 ], [ -7691287.050499999895692, -2131988.041400000452995 ], [ -7691284.470100000500679, -2132041.848299998790026 ], [ -7691281.88910000026226, -2132094.459499999880791 ], [ -7691271.449899999424815, -2132145.613699998706579 ], [ -7691253.218000000342727, -2132194.247699998319149 ], [ -7691224.518500000238419, -2132238.901599999517202 ], [ -7691181.45240000076592, -2132273.067499998956919 ], [ -7691131.842599999159575, -2132294.217000000178814 ], [ -7691087.450300000607967, -2132317.887899998575449 ], [ -7691058.7818, -2132359.884700000286102 ], [ -7691036.586899999529123, -2132407.192499998956919 ], [ -7691002.665100000798702, -2132441.353700000792742 ], [ -7690959.5921, -2132463.6952 ], [ -7690915.229599999263883, -2132482.051699999719858 ], [ -7690872.157800000160933, -2132507.050200000405312 ], [ -7690834.307399999350309, -2132542.541799999773502 ], [ -7690804.284, -2132583.343699999153614 ], [ -7690776.904100000858307, -2132629.3257 ], [ -7690746.884199999272823, -2132677.833500001579523 ], [ -7690677.688699999824166, -2132685.838899999856949 ], [ -7690615.025000000372529, -2132683.212400000542402 ], [ -7690582.3915, -2132721.358399998396635 ], [ -7690515.86570000089705, -2132789.679499998688698 ], [ -7690466.248800000175834, -2132800.199099998921156 ], [ -7690414.02250000089407, -2132808.062699999660254 ], [ -7690367.050599999725819, -2132826.552400000393391 ], [ -7690320.044800000265241, -2132843.58049999922514 ], [ -7690271.741599999368191, -2132839.617499999701977 ], [ -7690226.03940000012517, -2132819.97580000013113 ], [ -7690154.244000000879169, -2132847.643800001591444 ], [ -7690090.287900000810623, -2132908.124000001698732 ], [ -7690117.722400000318885, -2132977.729600001126528 ], [ -7690061.610400000587106, -2133009.243099998682737 ], [ -7690021.120899999514222, -2132981.626899998635054 ], [ -7689983.234899999573827, -2132943.5135000012815 ], [ -7689897.059000000357628, -2132930.532299999147654 ], [ -7689859.206000000238419, -2132966.022700000554323 ], [ -7689837.040999999269843, -2133014.526299998164177 ], [ -7689826.630799999460578, -2133065.814899999648333 ], [ -7689816.186200000345707, -2133114.446400001645088 ], [ -7689795.339299999177456, -2133157.768199998885393 ], [ -7689715.678600000217557, -2133172.285300001502037 ], [ -7689675.221100000664592, -2133142.010899998247623 ], [ -7689638.624399999156594, -2133106.553199999034405 ], [ -7689607.275499999523163, -2133067.240299999713898 ], [ -7689573.320299999788404, -2133031.781399998813868 ], [ -7689528.906400000676513, -2133013.333099998533726 ], [ -7689436.221799999475479, -2132989.723900001496077 ], [ -7689442.697100000455976, -2132921.431499999016523 ], [ -7689474.672900000587106, -2132883.420200001448393 ], [ -7689505.986500000581145, -2132841.290500000119209 ], [ -7689536.672700000926852, -2132799.293999999761581 ], [ -7689560.161000000312924, -2132755.972100000828505 ], [ -7689574.502900000661612, -2132709.997099999338388 ], [ -7689625.382099999114871, -2132640.357700001448393 ], [ -7689693.276799999177456, -2132677.1294 ], [ -7689779.4539, -2132695.425700001418591 ], [ -7689815.986400000751019, -2132661.265000000596046 ], [ -7689832.966, -2132608.646000001579523 ], [ -7689831.621600000187755, -2132554.839600000530481 ], [ -7689831.598400000482798, -2132502.361299999058247 ], [ -7689847.258899999782443, -2132453.728999998420477 ], [ -7689870.712500000372529, -2132409.078899998217821 ], [ -7689890.302699999883771, -2132363.102099999785423 ], [ -7689869.366699999198318, -2132277.685699999332428 ], [ -7689822.3399, -2132244.891699999570847 ], [ -7689772.705, -2132212.098700001835823 ], [ -7689728.31900000013411, -2132177.974800001829863 ], [ -7689695.650299999862909, -2132137.203000001609325 ], [ -7689670.834499999880791, -2132086.06529999896884 ], [ -7689635.55629999935627, -2132041.44200000166893 ], [ -7689542.848200000822544, -2132029.658300001174212 ], [ -7689497.165300000458956, -2132049.340300001204014 ], [ -7689454.093100000172853, -2132075.663699999451637 ], [ -7689409.73340000025928, -2132101.854800000786781 ], [ -7689361.439400000497699, -2132115.027800001204014 ], [ -7689309.21000000089407, -2132112.392700001597404 ], [ -7689254.373099999502301, -2132111.219999998807907 ], [ -7689196.9529, -2132170.230999998748302 ], [ -7689202.189600000157952, -2132220.182 ], [ -7689195.691099999472499, -2132313.448800001293421 ], [ -7689169.626700000837445, -2132355.441799998283386 ], [ -7689155.284199999645352, -2132401.415699999779463 ], [ -7689156.5932, -2132454.026000000536442 ], [ -7689108.320499999448657, -2132522.333999998867512 ], [ -7689062.622300000861287, -2132507.871300000697374 ], [ -7689019.526499999687076, -2132479.059000000357628 ], [ -7688951.626299999654293, -2132506.587699998170137 ], [ -7688870.720200000330806, -2132539.435600001364946 ], [ -7688822.381999999284744, -2132527.763399999588728 ], [ -7688783.215199999511242, -2132498.816199999302626 ], [ -7688764.939300000667572, -2132450.197999998927116 ], [ -7688768.813100000843406, -2132393.732799999415874 ], [ -7688788.370799999684095, -2132342.575800001621246 ], [ -7688813.179199999198318, -2132295.269600000232458 ], [ -7688835.346799999475479, -2132249.293099999427795 ], [ -7688861.444599999114871, -2132207.16780000180006 ], [ -7688896.689300000667572, -2132170.353199999779463 ], [ -7688935.831000000238419, -2132137.522599998861551 ], [ -7688968.4679000005126, -2132102.037500001490116 ], [ -7688995.853700000792742, -2132062.7018 ], [ -7689032.386600000783801, -2132028.543699998408556 ], [ -7689079.386700000613928, -2131999.562600001692772 ], [ -7689131.605499999597669, -2131977.221900001168251 ], [ -7689187.72580000013113, -2131969.360399998724461 ], [ -7689245.1699, -2131969.336599998176098 ], [ -7689300.004200000315905, -2131965.328000001609325 ], [ -7689348.29619999974966, -2131948.3026 ], [ -7689390.078400000929832, -2131916.666000001132488 ], [ -7689431.82630000077188, -2131882.505199998617172 ], [ -7689478.827299999073148, -2131857.508900001645088 ], [ -7689529.728800000622869, -2131844.467500001192093 ], [ -7689583.241499999538064, -2131839.130300000309944 ], [ -7689636.789000000804663, -2131837.778400000184774 ], [ -7689689.0153, -2131835.098499998450279 ], [ -7689741.206299999728799, -2131827.237199999392033 ], [ -7689792.13880000077188, -2131810.209600001573563 ], [ -7689826.06110000051558, -2131774.723099999129772 ], [ -7689785.5548, -2131702.470100000500679 ], [ -7689735.932299999520183, -2131694.653900001198053 ], [ -7689682.415999999269843, -2131690.6919 ], [ -7689627.578500000759959, -2131685.401900000870228 ], [ -7689574.06110000051558, -2131678.915500000119209 ], [ -7689523.117000000551343, -2131668.442299999296665 ], [ -7689474.811300000175834, -2131651.325300000607967 ], [ -7689427.790500000119209, -2131627.697999998927116 ], [ -7689379.481799999251962, -2131602.875500001013279 ], [ -7689327.280099999159575, -2131584.431400001049042 ], [ -7689272.441999999806285, -2131576.6162 ], [ -7689217.606599999591708, -2131575.310600001364946 ], [ -7689164.057700000703335, -2131571.347199998795986 ], [ -7689113.146600000560284, -2131559.54450000077486 ], [ -7689060.912399999797344, -2131541.232599999755621 ], [ -7689007.389799999073148, -2131520.263999998569489 ], [ -7688956.476299999281764, -2131501.818500000983477 ], [ -7688905.530500000342727, -2131484.834100000560284 ], [ -7688854.61769999936223, -2131467.71680000051856 ], [ -7688803.7051, -2131450.732200000435114 ], [ -7688751.469399999827147, -2131427.105599999427795 ], [ -7688713.5899, -2131391.649700000882149 ], [ -7688750.145300000905991, -2131332.517700001597404 ], [ -7688801.0494, -2131328.512200001627207 ], [ -7688851.956599999219179, -2131332.477600000798702 ], [ -7688900.25899999961257, -2131344.281899999827147 ], [ -7688947.274900000542402, -2131358.743500001728535 ], [ -7688994.256899999454618, -2131370.5482 ], [ -7689041.271299999207258, -2131381.02419999986887 ], [ -7689089.572799999266863, -2131390.171100001782179 ], [ -7689140.51380000077188, -2131395.464099999517202 ], [ -7689194.027599999681115, -2131395.44200000166893 ], [ -7689248.8608, -2131392.762299999594688 ], [ -7689302.37470000050962, -2131392.739900000393391 ], [ -7689354.603199999779463, -2131397.899000000208616 ], [ -7689406.832399999722838, -2131404.519299998879433 ], [ -7689460.347799999639392, -2131408.34910000115633 ], [ -7689521.0636, -2131420.146600000560284 ], [ -7689585.052699999883771, -2131443.766100000590086 ], [ -7689636.630300000309944, -2131470.047800000756979 ], [ -7689671.869899999350309, -2131504.174699999392033 ], [ -7689705.856899999082088, -2131542.28770000115037 ], [ -7689751.555600000545382, -2131561.929299999028444 ], [ -7689836.387800000607967, -2131535.58729999884963 ], [ -7689897.779500000178814, -2131581.52589999884367 ], [ -7689980.020600000396371, -2131593.312399998307228 ], [ -7690013.940500000491738, -2131553.973299998790026 ], [ -7690077.892400000244379, -2131493.497400000691414 ], [ -7690126.2204, -2131559.102899998426437 ], [ -7690135.38910000026226, -2131611.707400001585484 ], [ -7690162.81110000051558, -2131657.660999998450279 ], [ -7690212.441600000485778, -2131682.613899998366833 ], [ -7690268.594799999147654, -2131677.273600000888109 ], [ -7690309.032400000840425, -2131598.474199999123812 ], [ -7690288.114299999549985, -2131553.846400000154972 ], [ -7690259.373999999836087, -2131513.07490000128746 ], [ -7690225.397399999201298, -2131427.8015 ], [ -7690282.810499999672174, -2131364.671300001442432 ], [ -7690332.388299999758601, -2131348.839000001549721 ], [ -7690380.709799999371171, -2131329.154500000178814 ], [ -7690427.675799999386072, -2131305.485199999064207 ], [ -7690475.965299999341369, -2131288.457499999552965 ], [ -7690528.187599999830127, -2131280.461500000208616 ], [ -7690581.6974, -2131272.597600001841784 ], [ -7690630.0197, -2131255.569600000977516 ], [ -7690666.5493, -2131223.933899998664856 ], [ -7690692.6426, -2131183.26969999819994 ], [ -7690722.631799999624491, -2131143.7993 ], [ -7690763.088300000876188, -2131109.637699998915195 ], [ -7690854.45890000090003, -2131093.916400000452995 ], [ -7690885.839400000870228, -2131131.894999999552965 ], [ -7690908.047900000587106, -2131180.506000000983477 ], [ -7690977.269500000402331, -2131235.603000000119209 ], [ -7691029.495400000363588, -2131235.576499998569489 ], [ -7691084.290300000458956, -2131223.72520000115037 ], [ -7691136.506300000473857, -2131204.037000000476837 ], [ -7691186.120100000873208, -2131196.173500001430511 ], [ -7691231.8443, -2131264.433699999004602 ], [ -7691224.046399999409914, -2131315.584300000220537 ], [ -7691278.905600000172853, -2131364.178399998694658 ], [ -7691331.10080000013113, -2131368.136599998921156 ], [ -7691396.431700000539422, -2131428.548599999397993 ], [ -7691408.210100000724196, -2131478.36089999973774 ], [ -7691472.182399999350309, -2131528.278599999845028 ], [ -7691517.862800000235438, -2131509.788199998438358 ], [ -7691555.710699999704957, -2131475.625700000673532 ], [ -7691585.070800000801682, -2131434.958099998533726 ], [ -7691585.689200000837445, -2131356.178300000727177 ], [ -7691563.480399999767542, -2131310.224599998444319 ], [ -7691551.701500000432134, -2131260.280000001192093 ], [ -7691537.316099999472499, -2131212.99379999935627 ], [ -7691511.180400000885129, -2131169.699400000274181 ], [ -7691475.903100000694394, -2131131.590999998152256 ], [ -7691432.808299999684095, -2131105.442899998277426 ], [ -7691383.183199999853969, -2131090.988699998706579 ], [ -7691328.343599999323487, -2131079.1941 ], [ -7691277.427899999544024, -2131058.230799999088049 ], [ -7691242.151200000196695, -2131020.12220000103116 ], [ -7691216.013699999079108, -2130971.513999998569489 ], [ -7691183.37360000051558, -2130924.23759999871254 ], [ -7691144.166999999433756, -2130882.278599999845028 ], [ -7691106.317399999126792, -2130846.828200001269579 ], [ -7691065.829600000753999, -2130816.693 ], [ -7691018.8114, -2130798.251400001347065 ], [ -7690971.839400000870228, -2130806.113000001758337 ], [ -7690931.38120000064373, -2130835.093699999153614 ], [ -7690894.820900000631809, -2130869.253199998289347 ], [ -7690859.61460000090301, -2130904.740600001066923 ], [ -7690826.9857, -2130945.407699998468161 ], [ -7690795.67850000038743, -2130988.863899998366833 ], [ -7690763.048599999397993, -2131028.202599998563528 ], [ -7690725.1996, -2131061.034400001168251 ], [ -7690679.523299999535084, -2131087.360500000417233 ], [ -7690629.949500000104308, -2131109.703000001609325 ], [ -7690581.628200000151992, -2131128.192200001329184 ], [ -7690533.336799999698997, -2131140.039000000804663 ], [ -7690483.752599999308586, -2131141.258400000631809 ], [ -7690435.417999999597669, -2131132.1151 ], [ -7690391.040699999779463, -2131113.803300000727177 ], [ -7690349.235999999567866, -2131090.176399998366833 ], [ -7690304.858799999579787, -2131071.731600001454353 ], [ -7690256.559499999508262, -2131066.57319999858737 ], [ -7690209.55599999986589, -2131079.747000001370907 ], [ -7690167.807399999350309, -2131106.070099998265505 ], [ -7690093.424900000914931, -2131166.417100001126528 ], [ -7690030.765699999406934, -2131236.05799999833107 ], [ -7689977.260500000789762, -2131254.548300001770258 ], [ -7689921.147900000214577, -2131274.235199999064207 ], [ -7689872.8279, -2131297.903900001198053 ], [ -7689824.5384, -2131316.258600000292063 ], [ -7689772.317399999126792, -2131328.105399999767542 ], [ -7689720.128799999132752, -2131338.623500000685453 ], [ -7689663.978700000792742, -2131349.143199998885393 ], [ -7689604.590900000184774, -2131354.4831000007689 ], [ -7689549.75620000064373, -2131353.178399998694658 ], [ -7689498.190199999138713, -2131353.200599998235703 ], [ -7689444.676400000229478, -2131353.223499998450279 ], [ -7689387.2325, -2131349.262499999254942 ], [ -7689328.467599999159575, -2131344.106199998408556 ], [ -7689274.95130000077188, -2131337.619100000709295 ], [ -7689227.935200000181794, -2131323.15819999948144 ], [ -7689184.843299999833107, -2131298.200599998235703 ], [ -7689141.751599999144673, -2131273.242899999022484 ], [ -7689094.7331000007689, -2131252.272199999541044 ], [ -7689046.426100000739098, -2131228.644999999552965 ], [ -7689002.046599999070168, -2131202.359099999070168 ], [ -7688960.2423, -2131176.07209999859333 ], [ -7688915.864700000733137, -2131153.771600000560284 ], [ -7688867.56389999948442, -2131144.624400001019239 ], [ -7688819.2358, -2131149.957400001585484 ], [ -7688772.263599999248981, -2131161.7993 ], [ -7688723.971899999305606, -2131176.165800001472235 ], [ -7688671.750700000673532, -2131188.009500000625849 ], [ -7688616.917999999597669, -2131190.687600001692772 ], [ -7688563.404100000858307, -2131189.379700001329184 ], [ -7688479.8651, -2131231.52419999986887 ], [ -7688409.370100000873208, -2131285.354200001806021 ], [ -7688357.139699999243021, -2131273.550200000405312 ], [ -7688306.228000000119209, -2131256.564500000327826 ], [ -7688255.319599999114871, -2131248.612300001084805 ], [ -7688204.415999999269843, -2131253.94480000063777 ], [ -7688158.7336, -2131273.622900001704693 ], [ -7688120.878799999132752, -2131303.793099999427795 ], [ -7688088.24269999936223, -2131341.932399999350309 ], [ -7688051.71059999987483, -2131378.7445 ], [ -7688004.708100000396371, -2131401.079799998551607 ], [ -7687953.804099999368191, -2131406.411699999123812 ], [ -7687906.789200000464916, -2131393.276099998503923 ], [ -7687863.697000000625849, -2131363.001600001007318 ], [ -7687823.2094, -2131322.363899998366833 ], [ -7687782.721999999135733, -2131281.593299999833107 ], [ -7687693.950099999085069, -2131279.099399998784065 ], [ -7687652.199899999424815, -2131311.927000001072884 ], [ -7687606.518200000748038, -2131335.589400000870228 ], [ -7687554.954700000584126, -2131343.444600000977516 ], [ -7687506.661299999803305, -2131356.612500000745058 ], [ -7687464.216199999675155, -2131385.454599998891354 ], [ -7687422.465800000354648, -2131419.610399998724461 ], [ -7687383.323400000110269, -2131453.765299998223782 ], [ -7687344.147399999201298, -2131486.724599998444319 ], [ -7687298.464800000190735, -2131510.386399999260902 ], [ -7687244.952600000426173, -2131516.912999998778105 ], [ -7687153.582100000232458, -2131548.427000001072884 ], [ -7687126.161499999463558, -2131591.877500001341105 ], [ -7687101.382200000807643, -2131636.522900000214577 ], [ -7687072.672900000587106, -2131677.184000000357628 ], [ -7687040.0351, -2131717.979299999773502 ], [ -7687007.430800000205636, -2131761.298700001090765 ], [ -7686980.010199999436736, -2131807.273699998855591 ], [ -7686957.839199999347329, -2131854.575599998235703 ], [ -7686938.276200000196695, -2131901.876899998635054 ], [ -7686921.321100000292063, -2131949.177400000393391 ], [ -7686908.261900000274181, -2131997.672600001096725 ], [ -7686901.740199999883771, -2132048.955899998545647 ], [ -7686903.075899999588728, -2132100.236999999731779 ], [ -7686912.235400000587106, -2132150.054400000721216 ], [ -7686920.075300000607967, -2132202.662300001829863 ], [ -7686871.7928, -2132261.796999998390675 ], [ -7686826.096100000664592, -2132244.672200001776218 ], [ -7686777.795, -2132240.7007 ], [ -7686743.844799999147654, -2132315.640700001269579 ], [ -7686681.198999999091029, -2132370.793699998408556 ], [ -7686634.223500000312924, -2132385.288400001823902 ], [ -7686585.8936, -2132397.126200001686811 ], [ -7686536.305400000885129, -2132395.811500001698732 ], [ -7686488.001599999144673, -2132382.6722999997437 ], [ -7686393.97580000013113, -2132381.3695 ], [ -7686345.678099999204278, -2132390.549600001424551 ], [ -7686297.37639999948442, -2132385.38120000064373 ], [ -7686252.966399999335408, -2132364.401900000870228 ], [ -7686213.8037, -2132335.449700001627207 ], [ -7686175.927999999374151, -2132303.973000001162291 ], [ -7686131.550300000235438, -2132279.007800001651049 ], [ -7686081.927500000223517, -2132269.85359999909997 ], [ -7686002.307399999350309, -2132311.855999998748302 ], [ -7685980.099999999627471, -2132357.829500000923872 ], [ -7685961.855100000277162, -2132406.459199998527765 ], [ -7685939.680299999192357, -2132451.104299999773502 ], [ -7685866.568099999800324, -2132514.228999998420477 ], [ -7685801.311899999156594, -2132572.037599999457598 ], [ -7685751.689899999648333, -2132569.392400000244379 ], [ -7685699.456499999389052, -2132552.26630000025034 ], [ -7685647.223999999463558, -2132539.258600000292063 ], [ -7685597.633099999278784, -2132527.445900000631809 ], [ -7685553.223300000652671, -2132505.136300001293421 ], [ -7685513.399299999698997, -2132468.344200000166893 ], [ -7685482.057499999180436, -2132419.725999999791384 ], [ -7685456.593100000172853, -2132373.763700000941753 ], [ -7685425.254200000315905, -2132336.969799999147654 ], [ -7685388.666500000283122, -2132301.5055 ], [ -7685350.8246, -2132267.370200000703335 ], [ -7685310.342800000682473, -2132238.549499999731779 ], [ -7685267.254499999806285, -2132216.239199999719858 ], [ -7685220.238900000229478, -2132200.439599998295307 ], [ -7685170.615499999374151, -2132185.969000000506639 ], [ -7685123.63260000012815, -2132167.644900001585484 ], [ -7685080.543600000441074, -2132140.020100001245737 ], [ -7685037.453500000759959, -2132107.214000001549721 ], [ -7684991.757099999114871, -2132082.246800001710653 ], [ -7684946.061599999666214, -2132061.265000000596046 ], [ -7684904.260600000619888, -2132033.639800000935793 ], [ -7684863.779899999499321, -2132004.818500000983477 ], [ -7684819.405300000682473, -2131983.836300000548363 ], [ -7684772.390900000929832, -2131969.36430000141263 ], [ -7684722.768799999728799, -2131957.549800001084805 ], [ -7684671.859099999070168, -2131944.406800001859665 ], [ -7684627.48340000025928, -2131915.585900001227856 ], [ -7684590.896299999207258, -2131870.8213 ], [ -7684554.343399999663234, -2131832.83219999819994 ], [ -7684511.25650000013411, -2131809.192200001329184 ], [ -7684460.347300000488758, -2131796.048799999058247 ], [ -7684404.191299999132752, -2131796.058400001376867 ], [ -7684350.678999999538064, -2131811.876899998635054 ], [ -7684303.67259999923408, -2131842.042100001126528 ], [ -7684263.2043999992311, -2131882.701499998569489 ], [ -7684230.594699999317527, -2131931.330800000578165 ], [ -7684203.168700000271201, -2131983.944899998605251 ], [ -7684177.095300000160933, -2132032.440499998629093 ], [ -7684156.204700000584126, -2132078.411100000143051 ], [ -7684141.851199999451637, -2132127.037799999117851 ], [ -7684120.960100000724196, -2132171.679999999701977 ], [ -7684087.027200000360608, -2132208.486000001430511 ], [ -7684045.2357, -2132238.78319999948144 ], [ -7683956.460899999365211, -2132242.649300001561642 ], [ -7683926.439099999144673, -2132161.214000001549721 ], [ -7683943.401499999687076, -2132113.915500000119209 ], [ -7683968.188699999824166, -2132070.601599998772144 ], [ -7683994.296399999409914, -2132027.287500001490116 ], [ -7684016.4748, -2131981.31700000166893 ], [ -7684072.620300000533462, -2131907.708000000566244 ], [ -7684132.6612, -2131836.75560000166297 ], [ -7684083.034, -2131785.61540000140667 ], [ -7684030.807399999350309, -2131790.80460000038147 ], [ -7683978.613800000399351, -2131796.126499999314547 ], [ -7683926.386299999430776, -2131796.134199999272823 ], [ -7683874.158500000834465, -2131793.4847999997437 ], [ -7683820.643400000408292, -2131792.163899999111891 ], [ -7683764.487299999222159, -2131792.171700000762939 ], [ -7683708.364099999889731, -2131790.850900001823902 ], [ -7683654.815400000661612, -2131785.676899999380112 ], [ -7683600.011499999091029, -2131773.860300000756979 ], [ -7683542.565600000321865, -2131754.205600000917912 ], [ -7683487.72690000012517, -2131727.907999999821186 ], [ -7683439.39159999974072, -2131697.623799998313189 ], [ -7683396.3059, -2131670.128899998962879 ], [ -7683351.933800000697374, -2131651.667899999767542 ], [ -7683303.633899999782443, -2131638.654100000858307 ], [ -7683251.405099999159575, -2131622.85080000013113 ], [ -7683195.247400000691414, -2131603.1952 ], [ -7683141.730599999427795, -2131580.882100000977516 ], [ -7683093.42989999987185, -2131557.239799998700619 ], [ -7683042.521600000560284, -2131537.450399998575449 ], [ -7682987.685599999502301, -2131524.3037 ], [ -7682932.84940000064671, -2131509.961300000548363 ], [ -7682875.405200000852346, -2131494.157600000500679 ], [ -7682817.962300000712276, -2131491.505899999290705 ], [ -7682744.843399999663234, -2131549.302000001072884 ], [ -7682676.9737, -2131615.06870000064373 ], [ -7682629.963899999856949, -2131628.091899998486042 ], [ -7682580.378200000151992, -2131630.75279999896884 ], [ -7682532.0461, -2131621.589800000190735 ], [ -7682487.674599999561906, -2131599.274300001561642 ], [ -7682445.910800000652671, -2131570.315900001674891 ], [ -7682368.857799999415874, -2131566.468600001186132 ], [ -7682349.286800000816584, -2131654.416900001466274 ], [ -7682282.69789999909699, -2131638.744800001382828 ], [ -7682255.29450000077486, -2131597.961399998515844 ], [ -7682184.774700000882149, -2131537.518800001591444 ], [ -7682135.18889999948442, -2131534.997499998658895 ], [ -7682082.962500000372529, -2131540.181400001049042 ] ] ] ] } },
{ "type": "Feature", "properties": { "objectid": 298, "st_area_sh": 40695.1580999, "st_length_": 1065.5847953299999, "Nombre": null, "Tipo": "Laguna", "objectid_2": 165, "shape_leng": 400296.66085400002, "dis_elec": 1, "cir_sena": 1, "cod_comuna": 15201, "codregion": 15, "st_area_sh_2": 6578680604.9099989, "st_length__2": 435298.60089200002, "Region": "Región de Arica y Parinacota", "Comuna": "Putre", "Provincia": "Parinacota" }, "geometry": { "type": "MultiPolygon", "coordinates": [ [ [ [ -7680997.491699999198318, -2131185.90089999884367 ], [ -7681048.529100000858307, -2131184.705299999564886 ], [ -7681095.307900000363588, -2131168.7635000012815 ], [ -7681136.77140000090003, -2131137.677000001072884 ], [ -7681177.17850000038743, -2131106.723400000482798 ], [ -7681212.237400000914931, -2131073.511399999260902 ], [ -7681239.9013, -2131032.859999999403954 ], [ -7681268.588600000366569, -2130993.27140000090003 ], [ -7681315.893999999389052, -2130917.415600001811981 ], [ -7681324.938400000333786, -2130853.250999998301268 ], [ -7681268.587400000542402, -2130888.455899998545647 ], [ -7681204.808599999174476, -2130952.621100001037121 ], [ -7681161.232599999755621, -2130974.00959999859333 ], [ -7681128.253699999302626, -2131009.346900001168251 ], [ -7681095.307499999180436, -2131045.747000001370907 ], [ -7681051.698200000450015, -2131067.135400000959635 ], [ -7681001.750600000843406, -2131077.763099998235703 ], [ -7680941.139599999412894, -2131135.551399998366833 ], [ -7680997.491699999198318, -2131185.90089999884367 ] ] ] ] } },
{ "type": "Feature", "properties": { "objectid": 299, "st_area_sh": 27380.403528499999, "st_length_": 656.45374413299999, "Nombre": null, "Tipo": "Laguna", "objectid_2": 165, "shape_leng": 400296.66085400002, "dis_elec": 1, "cir_sena": 1, "cod_comuna": 15201, "codregion": 15, "st_area_sh_2": 6578680604.9099989, "st_length__2": 435298.60089200002, "Region": "Región de Arica y Parinacota", "Comuna": "Putre", "Provincia": "Parinacota" }, "geometry": { "type": "MultiPolygon", "coordinates": [ [ [ [ -7692039.011700000613928, -2131279.940900001674891 ], [ -7692068.683000000193715, -2131207.522199999541044 ], [ -7692047.8278, -2131163.561299998313189 ], [ -7691978.466199999675155, -2131099.036299999803305 ], [ -7691897.168500000610948, -2131059.758600000292063 ], [ -7691853.960400000214577, -2131130.058400001376867 ], [ -7691905.0669, -2131196.586800001561642 ], [ -7691928.0011, -2131239.616799999028444 ], [ -7691957.7331000007689, -2131277.329199999570847 ], [ -7692039.011700000613928, -2131279.940900001674891 ] ] ] ] } },
{ "type": "Feature", "properties": { "objectid": 300, "st_area_sh": 36758.953421899998, "st_length_": 786.02714539800002, "Nombre": null, "Tipo": "Laguna", "objectid_2": 165, "shape_leng": 400296.66085400002, "dis_elec": 1, "cir_sena": 1, "cod_comuna": 15201, "codregion": 15, "st_area_sh_2": 6578680604.9099989, "st_length__2": 435298.60089200002, "Region": "Región de Arica y Parinacota", "Comuna": "Putre", "Provincia": "Parinacota" }, "geometry": { "type": "MultiPolygon", "coordinates": [ [ [ [ -7691738.558800000697374, -2131639.729699999094009 ], [ -7691820.358899999409914, -2131627.59569999948144 ], [ -7691858.370500000193715, -2131591.439500000327826 ], [ -7691902.131899999454618, -2131565.642499998211861 ], [ -7691945.897099999710917, -2131546.753600001335144 ], [ -7691928.142699999734759, -2131498.539000000804663 ], [ -7691886.96059999987483, -2131471.327599998563528 ], [ -7691854.125499999150634, -2131434.147799998521805 ], [ -7691820.234099999070168, -2131396.968699999153614 ], [ -7691780.633899999782443, -2131363.910999998450279 ], [ -7691751.9847999997437, -2131436.329300001263618 ], [ -7691737.946000000461936, -2131482.435600001364946 ], [ -7691701.016000000759959, -2131565.752500001341105 ], [ -7691738.558800000697374, -2131639.729699999094009 ] ] ] ] } },
{ "type": "Feature", "properties": { "objectid": 301, "st_area_sh": 51806.565543999997, "st_length_": 1181.0667595899999, "Nombre": null, "Tipo": "Laguna", "objectid_2": 165, "shape_leng": 400296.66085400002, "dis_elec": 1, "cir_sena": 1, "cod_comuna": 15201, "codregion": 15, "st_area_sh_2": 6578680604.9099989, "st_length__2": 435298.60089200002, "Region": "Región de Arica y Parinacota", "Comuna": "Putre", "Provincia": "Parinacota" }, "geometry": { "type": "MultiPolygon", "coordinates": [ [ [ [ -7680857.515799999237061, -2131477.768500000238419 ], [ -7680799.742900000885129, -2131487.465900000184774 ], [ -7680771.020999999716878, -2131525.991999998688698 ], [ -7680738.073400000110269, -2131562.392400000244379 ], [ -7680697.664799999445677, -2131591.220199998468161 ], [ -7680651.940999999642372, -2131614.733899999409914 ], [ -7680601.991399999707937, -2131638.247400000691414 ], [ -7680554.154500000178814, -2131666.144900001585484 ], [ -7680513.745300000533462, -2131699.223799999803305 ], [ -7680465.906500000506639, -2131782.653099998831749 ], [ -7680518.000199999660254, -2131843.633499998599291 ], [ -7680565.837099999189377, -2131838.320700000971556 ], [ -7680603.044099999591708, -2131808.296999998390675 ], [ -7680659.399800000712276, -2131732.440000001341105 ], [ -7680698.719200000166893, -2131703.479100000113249 ], [ -7680737.0154, -2131672.525499999523163 ], [ -7680772.108999999240041, -2131637.187699999660254 ], [ -7680810.3717, -2131605.17119999974966 ], [ -7680899.672800000756979, -2131567.708299998193979 ], [ -7680876.300000000745058, -2131504.604299999773502 ], [ -7680857.515799999237061, -2131477.768500000238419 ] ] ] ] } },
{ "type": "Feature", "properties": { "objectid": 302, "st_area_sh": 874511.50391299999, "st_length_": 3611.67912738, "Nombre": "Laguna Caracota", "Tipo": "Laguna", "objectid_2": 165, "shape_leng": 400296.66085400002, "dis_elec": 1, "cir_sena": 1, "cod_comuna": 15201, "codregion": 15, "st_area_sh_2": 6578680604.9099989, "st_length__2": 435298.60089200002, "Region": "Región de Arica y Parinacota", "Comuna": "Putre", "Provincia": "Parinacota" }, "geometry": { "type": "MultiPolygon", "coordinates": [ [ [ [ -7702580.663100000470877, -2134025.877300001680851 ], [ -7702630.020500000566244, -2134023.032999999821186 ], [ -7702680.687100000679493, -2134009.557799998670816 ], [ -7702730.030099999159575, -2133993.426699999719858 ], [ -7702776.697000000625849, -2133975.969700001180172 ], [ -7702819.362999999895692, -2133953.069699998944998 ], [ -7702857.992000000551343, -2133922.202100001275539 ], [ -7702893.972200000658631, -2133884.561299998313189 ], [ -7702927.2719, -2133841.609000001102686 ], [ -7702955.251299999654293, -2133794.543800000101328 ], [ -7702972.531899999827147, -2133746.294799998402596 ], [ -7702983.14299999922514, -2133697.9206000007689 ], [ -7702999.1042, -2133651.001899998635054 ], [ -7703024.413200000301003, -2133607.925999999046326 ], [ -7703057.719799999147654, -2133571.75 ], [ -7703093.703199999406934, -2133538.095400001853704 ], [ -7703112.260800000280142, -2133450.916900001466274 ], [ -7703112.207100000232458, -2133402.555300001055002 ], [ -7703089.42850000038743, -2133315.423799999058247 ], [ -7703058.712300000712276, -2133275.201299998909235 ], [ -7703025.3277000002563, -2133240.296300001442432 ], [ -7702937.281099999323487, -2133216.213899999856949 ], [ -7702857.176799999549985, -2133178.703499998897314 ], [ -7702823.789799999445677, -2133141.141100000590086 ], [ -7702743.704500000923872, -2133090.344399999827147 ], [ -7702695.685399999842048, -2133076.978500001132488 ], [ -7702643.635299999266863, -2133060.826900001615286 ], [ -7702590.26490000076592, -2133044.809500001370907 ], [ -7702538.2195999994874, -2133032.776299998164177 ], [ -7702490.195000000298023, -2133014.095600001513958 ], [ -7702446.153799999505281, -2132984.648800000548363 ], [ -7702402.115599999204278, -2132957.859200000762939 ], [ -7702355.383099999278784, -2132943.162599999457598 ], [ -7702307.377499999478459, -2132941.886 ], [ -7702230.075400000438094, -2132991.525800000876188 ], [ -7702175.453099999576807, -2133070.768699999898672 ], [ -7702131.4649, -2133091.010600000619888 ], [ -7702066.156500000506639, -2133150.07039999961853 ], [ -7702055.549200000241399, -2133203.757199998944998 ], [ -7702039.591700000688434, -2133256.121399998664856 ], [ -7702008.965299999341369, -2133299.06810000166297 ], [ -7701968.98960000090301, -2133336.710400000214577 ], [ -7701929.01799999922514, -2133378.338599998503923 ], [ -7701899.717399999499321, -2133426.7314000017941 ], [ -7701879.764499999582767, -2133479.10020000115037 ], [ -7701865.162900000810623, -2133534.120700001716614 ], [ -7701865.220499999821186, -2133589.125799998641014 ], [ -7701883.9254, -2133637.468199998140335 ], [ -7701913.320599999278784, -2133679.023299999535084 ], [ -7701949.38399999961257, -2133719.242600001394749 ], [ -7701994.781199999153614, -2133750.018699999898672 ], [ -7702045.471599999815226, -2133759.397999998182058 ], [ -7702130.811300000175834, -2133720.377500001341105 ], [ -7702208.199100000783801, -2133748.461399998515844 ], [ -7702245.579600000753999, -2133784.693 ], [ -7702286.979499999433756, -2133812.815600000321865 ], [ -7702329.667300000786781, -2133840.936700001358986 ], [ -7702371.074500000104308, -2133875.702300000935793 ], [ -7702409.810599999502301, -2133913.261 ], [ -7702447.191800000146031, -2133949.492600001394749 ], [ -7702487.244400000199676, -2133982.931000001728535 ], [ -7702532.607300000265241, -2134011.181800000369549 ], [ -7702580.663100000470877, -2134025.877300001680851 ] ] ] ] } },
{ "type": "Feature", "properties": { "objectid": 303, "st_area_sh": 211040.42737200001, "st_length_": 2875.40550674, "Nombre": null, "Tipo": "Laguna", "objectid_2": 165, "shape_leng": 400296.66085400002, "dis_elec": 1, "cir_sena": 1, "cod_comuna": 15201, "codregion": 15, "st_area_sh_2": 6578680604.9099989, "st_length__2": 435298.60089200002, "Region": "Región de Arica y Parinacota", "Comuna": "Putre", "Provincia": "Parinacota" }, "geometry": { "type": "MultiPolygon", "coordinates": [ [ [ [ -7680794.596000000834465, -2144342.387800000607967 ], [ -7680819.041500000283122, -2144340.79280000180006 ], [ -7680872.821000000461936, -2144401.411699999123812 ], [ -7680898.884800000116229, -2144444.084100000560284 ], [ -7680938.0307, -2144476.919399999082088 ], [ -7680985.30320000089705, -2144489.947299998253584 ], [ -7681024.416300000622869, -2144427.733600001782179 ], [ -7681061.910499999299645, -2144345.712699998170137 ], [ -7681104.293600000441074, -2144316.201200000941753 ], [ -7681107.5307, -2144242.422600001096725 ], [ -7681060.25870000012219, -2144232.58559999987483 ], [ -7681003.208599999547005, -2144230.8574 ], [ -7680954.317900000140071, -2144211.18299999833107 ], [ -7680879.330800000578165, -2144152.160000000149012 ], [ -7680832.059299999848008, -2144129.295000001788139 ], [ -7680797.836400000378489, -2144094.864900000393391 ], [ -7680835.330800000578165, -2144020.954700000584126 ], [ -7680874.443099999800324, -2143989.848900001496077 ], [ -7680923.366399999707937, -2143973.498599998652935 ], [ -7680980.415699999779463, -2143978.417399998754263 ], [ -7681037.465199999511242, -2143994.768199998885393 ], [ -7681089.592599999159575, -2144007.928399998694658 ], [ -7681141.752800000831485, -2143955.420000001788139 ], [ -7681130.355900000780821, -2143904.640000000596046 ], [ -7681105.910800000652671, -2143857.050599999725819 ], [ -7681071.687999999150634, -2143814.379700001329184 ], [ -7681027.654200000688434, -2143783.273899998515844 ], [ -7680973.875800000503659, -2143766.790300000458956 ], [ -7680920.097400000318885, -2143750.439599998295307 ], [ -7680876.097200000658631, -2143722.523800000548363 ], [ -7680832.063999999314547, -2143694.740899998694658 ], [ -7680779.904500000178814, -2143679.984999999403954 ], [ -7680683.744000000879169, -2143707.765900000929832 ], [ -7680696.790699999779463, -2143789.784400001168251 ], [ -7680649.5186, -2143850.533100001513958 ], [ -7680598.977299999445677, -2143848.803899999707937 ], [ -7680501.198300000280142, -2143830.855700001120567 ], [ -7680488.148399999365211, -2143889.876899998635054 ], [ -7680533.800300000235438, -2143912.742400001734495 ], [ -7680584.308499999344349, -2143927.499099999666214 ], [ -7680629.96059999987483, -2143953.820599999278784 ], [ -7680670.690400000661612, -2143993.169399999082088 ], [ -7680706.564400000497699, -2144035.708500001579523 ], [ -7680734.279200000688434, -2144080.1085 ], [ -7680755.453299999237061, -2144127.565900001674891 ], [ -7680770.119699999690056, -2144178.479600001126528 ], [ -7680778.2785, -2144232.583799999207258 ], [ -7680786.43720000050962, -2144288.283300001174212 ], [ -7680794.596000000834465, -2144342.387800000607967 ] ] ] ] } },
{ "type": "Feature", "properties": { "objectid": 16484, "st_area_sh": 70263.921132699994, "st_length_": 1016.44055473, "Nombre": "Laguna  Laramcota", "Tipo": null, "objectid_2": 165, "shape_leng": 400296.66085400002, "dis_elec": 1, "cir_sena": 1, "cod_comuna": 15201, "codregion": 15, "st_area_sh_2": 6578680604.9099989, "st_length__2": 435298.60089200002, "Region": "Región de Arica y Parinacota", "Comuna": "Putre", "Provincia": "Parinacota" }, "geometry": { "type": "MultiPolygon", "coordinates": [ [ [ [ -7733137.611700000241399, -2060717.56980000063777 ], [ -7733155.550599999725819, -2060802.226100001484156 ], [ -7733164.706700000911951, -2060918.111600000411272 ], [ -7733226.855000000447035, -2060962.532499998807907 ], [ -7733355.276799999177456, -2060930.99549999833107 ], [ -7733386.146800000220537, -2060872.961300000548363 ], [ -7733456.656999999657273, -2060721.206599999219179 ], [ -7733398.849199999123812, -2060641.1118 ], [ -7733296.981300000101328, -2060659.206300001591444 ], [ -7733137.611700000241399, -2060717.56980000063777 ] ] ] ] } },
{ "type": "Feature", "properties": { "objectid": 305, "st_area_sh": 5783471.4837999996, "st_length_": 20698.474551700001, "Nombre": "Embalse Caritaya", "Tipo": "Embalse", "objectid_2": 22534, "shape_leng": 382307.00809800002, "dis_elec": 1, "cir_sena": 1, "cod_comuna": 15102, "codregion": 15, "st_area_sh_2": 4410278350.6300001, "st_length__2": 414010.62919299997, "Region": "Región de Arica y Parinacota", "Comuna": "Camarones", "Provincia": "Arica" }, "geometry": { "type": "MultiPolygon", "coordinates": [ [ [ [ -7717629.481100000441074, -2155660.797400001436472 ], [ -7717537.996899999678135, -2155664.161299999803305 ], [ -7717453.854000000283122, -2155633.72690000012517 ], [ -7717359.237600000575185, -2155641.352099999785423 ], [ -7717311.9528, -2155648.888700000941753 ], [ -7717266.868599999696016, -2155720.797200001776218 ], [ -7717211.226800000295043, -2155767.45380000025034 ], [ -7717170.194299999624491, -2155741.992199998348951 ], [ -7717143.841600000858307, -2155700.808400001376867 ], [ -7717117.454, -2155658.560699999332428 ], [ -7717082.710200000554323, -2155619.520599998533726 ], [ -7717046.873700000345707, -2155579.418600000441074 ], [ -7717016.316099999472499, -2155533.9864999987185 ], [ -7716988.88880000077188, -2155483.228300001472235 ], [ -7716917.848099999129772, -2155441.063099998980761 ], [ -7716896.911399999633431, -2155487.654199998825788 ], [ -7716897.542400000616908, -2155543.7820999994874 ], [ -7716909.203299999237061, -2155594.569600000977516 ], [ -7716928.19620000012219, -2155642.151399999856949 ], [ -7716962.005899999290705, -2155730.938700001686811 ], [ -7716967.348099999129772, -2155778.546100001782179 ], [ -7716988.450899999588728, -2155822.932199999690056 ], [ -7717021.120400000363588, -2155866.232900001108646 ], [ -7717014.955900000408292, -2155947.64640000090003 ], [ -7716978.229100000113249, -2155981.4989 ], [ -7716941.504300000146031, -2156016.415399998426437 ], [ -7716899.482899999246001, -2156047.085299998521805 ], [ -7716811.168600000441074, -2156031.552499998360872 ], [ -7716785.837099999189377, -2155988.23759999871254 ], [ -7716761.592599999159575, -2155942.792599998414516 ], [ -7716717.378000000491738, -2155912.281300000846386 ], [ -7716650.167099999263883, -2155959.756000000983477 ], [ -7716642.8918999992311, -2156012.707499999552965 ], [ -7716640.903200000524521, -2156064.585299998521805 ], [ -7716651.506100000813603, -2156115.376200001686811 ], [ -7716653.711500000208616, -2156165.118500001728535 ], [ -7716634.853900000452995, -2156210.64299999922514 ], [ -7716608.652499999850988, -2156252.988800000399351 ], [ -7716633.996600000187755, -2156321.576900001615286 ], [ -7716679.264499999582767, -2156349.160700000822544 ], [ -7716753.873400000855327, -2156334.126499999314547 ], [ -7716793.783900000154972, -2156305.588599998503923 ], [ -7716842.114800000563264, -2156290.602299999445677 ], [ -7716898.8936, -2156286.241399999707937 ], [ -7716961.964299999177456, -2156288.2533 ], [ -7717018.754699999466538, -2156290.276599999517202 ], [ -7717070.246899999678135, -2156286.989100001752377 ], [ -7717123.85050000064075, -2156281.569299999624491 ], [ -7717178.519600000232458, -2156280.4037000015378 ], [ -7717226.932, -2156292.018899999558926 ], [ -7717238.6075, -2156368.08049999922514 ], [ -7717201.892200000584126, -2156408.31870000064373 ], [ -7717151.459599999710917, -2156430.758600000292063 ], [ -7717096.788100000470877, -2156430.859900001436472 ], [ -7717043.147199999541044, -2156416.061700001358986 ], [ -7716991.623500000685453, -2156402.323600001633167 ], [ -7716913.8893, -2156443.701200000941753 ], [ -7716877.15819999948144, -2156475.692099999636412 ], [ -7716828.815300000831485, -2156484.2939000017941 ], [ -7716776.220300000160933, -2156481.19819999858737 ], [ -7716687.956800000742078, -2156513.017400000244379 ], [ -7716654.936000000685453, -2156568.145700000226498 ], [ -7716629.837500000372529, -2156635.763099998235703 ], [ -7716625.218000000342727, -2156695.096200000494719 ], [ -7716617.934699999168515, -2156743.793200001120567 ], [ -7716585.409600000828505, -2156780.831000000238419 ], [ -7716538.138499999418855, -2156797.677200000733137 ], [ -7716487.67339999973774, -2156803.089899998158216 ], [ -7716437.21030000038445, -2156809.566500000655651 ], [ -7716389.933800000697374, -2156823.486099999397993 ], [ -7716347.937100000679493, -2156850.963700000196695 ], [ -7716320.75620000064373, -2156937.739799998700619 ], [ -7716326.102900000289083, -2156988.542599998414516 ], [ -7716319.882400000467896, -2157040.430700000375509 ], [ -7716296.821399999782443, -2157083.836199998855591 ], [ -7716256.943499999120831, -2157113.438400000333786 ], [ -7716211.7676, -2157137.99549999833107 ], [ -7716165.614399999380112, -2157207.780499998480082 ], [ -7716235.068900000303984, -2157228.938000001013279 ], [ -7716240.434100000187755, -2157290.11710000038147 ], [ -7716202.653400000184774, -2157328.228900000452995 ], [ -7716162.7588, -2157367.408700000494719 ], [ -7716124.9836, -2157408.713100001215935 ], [ -7716086.155899999663234, -2157453.211800001561642 ], [ -7716046.268999999389052, -2157496.914299998432398 ], [ -7716004.285599999129772, -2157532.9054000005126 ], [ -7715959.119300000369549, -2157563.581399999558926 ], [ -7715913.987700000405312, -2157595.321400001645088 ], [ -7715869.890100000426173, -2157632.380300000309944 ], [ -7715824.744000000879169, -2157674.761999998241663 ], [ -7715773.831700000911951, -2157727.795699998736382 ], [ -7715719.264799999073148, -2157789.349500000476837 ], [ -7715672.5811, -2157841.311500001698732 ], [ -7715636.971999999135733, -2157931.298599999397993 ], [ -7715617.16190000064671, -2158020.193799998611212 ], [ -7715580.42710000090301, -2158052.982999999076128 ], [ -7715540.513000000268221, -2158082.585299998521805 ], [ -7715501.658600000664592, -2158113.249899998307228 ], [ -7715419.716700000688434, -2158154.898699998855591 ], [ -7715345.0757, -2158156.094700001180172 ], [ -7715323.072300000116229, -2158201.361999999731779 ], [ -7715298.959300000220537, -2158250.091899998486042 ], [ -7715259.081599999219179, -2158282.088300000876188 ], [ -7715208.63230000063777, -2158298.938299998641014 ], [ -7715162.390799999237061, -2158321.367800001055002 ], [ -7715125.663799999281764, -2158359.477800000458956 ], [ -7715087.873400000855327, -2158394.396999999880791 ], [ -7715038.48200000077486, -2158411.510800000280142 ], [ -7714946.023199999704957, -2158451.846400000154972 ], [ -7714921.929199999198318, -2158493.126800000667572 ], [ -7714884.095799999311566, -2158522.724800001829863 ], [ -7714832.603000000119209, -2158529.199700001627207 ], [ -7714784.255899999290705, -2158538.861600000411272 ], [ -7714749.603199999779463, -2158572.710799999535084 ], [ -7714730.777499999850988, -2158621.431699998676777 ], [ -7714711.914899999275804, -2158668.024300001561642 ], [ -7714676.242599999532104, -2158705.068 ], [ -7714622.632500000298023, -2158730.436200000345707 ], [ -7714561.6952, -2158743.312100000679493 ], [ -7714499.643400000408292, -2158742.354699999094009 ], [ -7714437.580700000748038, -2158735.011799998581409 ], [ -7714381.885199999436736, -2158739.36430000141263 ], [ -7714334.589199999347329, -2158764.986999999731779 ], [ -7714297.86710000038147, -2158807.353199999779463 ], [ -7714281.124500000849366, -2158857.1349 ], [ -7714288.578700000420213, -2158905.811200000345707 ], [ -7714307.566299999132752, -2158952.07319999858737 ], [ -7714328.670299999415874, -2158998.597800001502037 ], [ -7714351.891799999400973, -2159046.183200001716614 ], [ -7714360.4079, -2159096.9864999987185 ], [ -7714341.547700000926852, -2159145.708399999886751 ], [ -7714262.70549999922514, -2159167.128400001674891 ], [ -7714224.802799999713898, -2159137.394000001251698 ], [ -7714196.288699999451637, -2159048.577599998563528 ], [ -7714161.498800000175834, -2159002.076099999248981 ], [ -7714133.183399999514222, -2159050.813700001686811 ], [ -7714111.536800000816584, -2159094.218699999153614 ], [ -7714095.4967, -2159149.321100000292063 ], [ -7714076.6706000007689, -2159199.107099998742342 ], [ -7714059.93779999949038, -2159255.275100000202656 ], [ -7714045.292600000277162, -2159314.366599999368191 ], [ -7714029.619400000199676, -2159371.59739999845624 ], [ -7714014.996799999848008, -2159424.569600000977516 ], [ -7714007.7116, -2159476.46510000154376 ], [ -7714009.917500000447035, -2159530.20719999819994 ], [ -7714014.206499999389052, -2159584.212000001221895 ], [ -7714012.210799999535084, -2159636.098999999463558 ], [ -7714005.981499999761581, -2159686.929000001400709 ], [ -7713997.636499999091029, -2159737.762800000607967 ], [ -7713979.830800000578165, -2159785.419799998402596 ], [ -7713948.3608, -2159826.714299999177456 ], [ -7713912.76799999922514, -2159913.514499999582767 ], [ -7713942.388900000602007, -2159912.932199999690056 ], [ -7713980.043400000780821, -2159912.336300000548363 ], [ -7714013.625900000333786, -2159868.909299999475479 ], [ -7714036.68610000051558, -2159820.178800001740456 ], [ -7714050.284199999645352, -2159767.207400001585484 ], [ -7714059.64670000039041, -2159712.114700000733137 ], [ -7714069.009400000795722, -2159657.022100001573563 ], [ -7714081.549599999561906, -2159604.318900000303984 ], [ -7714095.117799999192357, -2159553.476599998772144 ], [ -7714106.597899999469519, -2159499.445099998265505 ], [ -7714115.958499999716878, -2159443.288800001144409 ], [ -7714123.241599999368191, -2159390.329 ], [ -7714134.721899999305606, -2159336.564100001007318 ], [ -7714159.860500000417233, -2159285.7027000002563 ], [ -7714200.8333, -2159253.971099998801947 ], [ -7714252.317500000819564, -2159241.111999999731779 ], [ -7714305.963199999183416, -2159235.699000000953674 ], [ -7714352.187300000339746, -2159220.720300000160933 ], [ -7714387.901599999517202, -2159187.9331 ], [ -7714423.575500000268221, -2159150.888999998569489 ], [ -7714467.693600000813603, -2159122.344399999827147 ], [ -7714516.022199999541044, -2159100.976199999451637 ], [ -7714562.266699999570847, -2159078.813299998641014 ], [ -7714605.329800000414252, -2159052.132800001651049 ], [ -7714645.214199999347329, -2159022.530999999493361 ], [ -7714679.862400000914931, -2158985.488499999046326 ], [ -7714757.591299999505281, -2158932.407699998468161 ], [ -7714807.013699999079108, -2158932.321899998933077 ], [ -7714857.469900000840425, -2158937.555399999022484 ], [ -7714910.0767, -2158943.849300000816584 ], [ -7714967.908299999311566, -2158950.932100001722574 ], [ -7715026.800000000745058, -2158959.343199998140335 ], [ -7715078.35840000025928, -2158970.959699999541044 ], [ -7715170.903599999845028, -2158979.3114 ], [ -7715215.025399999693036, -2158953.692099999636412 ], [ -7715258.084100000560284, -2158925.147799998521805 ], [ -7715336.397199999541044, -2158904.789299998432398 ], [ -7715450.994000000879169, -2158895.274700000882149 ], [ -7715536.67369999922812, -2158890.865899998694658 ], [ -7715592.398800000548363, -2158884.381499998271465 ], [ -7715648.112600000575185, -2158871.511500000953674 ], [ -7715699.580299999564886, -2158850.401200000196695 ], [ -7715746.880300000309944, -2158827.967799998819828 ], [ -7715794.158700000494719, -2158812.185899998992682 ], [ -7715846.70240000076592, -2158801.449499998241663 ], [ -7715905.567600000649691, -2158794.958700001239777 ], [ -7715966.5504, -2158789.528000000864267 ], [ -7716026.467800000682473, -2158779.842199999839067 ], [ -7716082.1776, -2158765.10869999974966 ], [ -7716137.883199999108911, -2158747.980500001460314 ], [ -7716200.929400000721216, -2158731.903099998831749 ], [ -7716266.099300000816584, -2158720.344700001180172 ], [ -7716327.081700000911951, -2158714.912999998778105 ], [ -7716383.873400000855327, -2158713.7456 ], [ -7716436.435499999672174, -2158713.649999998509884 ], [ -7716486.915100000798702, -2158713.55799999833107 ], [ -7716537.390699999406934, -2158711.337499998509884 ], [ -7716589.933599999174476, -2158700.599199999123812 ], [ -7716644.569599999114871, -2158677.352299999445677 ], [ -7716697.070000000298023, -2158643.200800001621246 ], [ -7716743.276100000366569, -2158601.877300001680851 ], [ -7716781.046599999070168, -2158557.376600001007318 ], [ -7716812.502900000661612, -2158512.887600000947714 ], [ -7716842.932399999350309, -2158467.336300000548363 ], [ -7716880.706199999898672, -2158424.964200001209974 ], [ -7716927.959499999880791, -2158396.409299999475479 ], [ -7716979.476600000634789, -2158385.6721 ], [ -7717034.659600000828505, -2158373.065499998629093 ], [ -7717085.037000000476837, -2158335.724899999797344 ], [ -7717118.067700000479817, -2158285.113800000399351 ], [ -7717140.0548, -2158233.193 ], [ -7717160.983899999409914, -2158181.274300001561642 ], [ -7717182.97859999909997, -2158133.610500000417233 ], [ -7717208.156400000676513, -2158091.261799998581409 ], [ -7717235.416600000113249, -2158048.909400001168251 ], [ -7717258.437699999660254, -2158002.3081 ], [ -7717274.147299999371171, -2157952.528000000864267 ], [ -7717285.584599999710917, -2157898.499200001358986 ], [ -7717293.909199999645352, -2157841.549800001084805 ], [ -7717299.051899999380112, -2157780.083799999207258 ], [ -7717303.131100000813603, -2157715.427400000393391 ], [ -7717306.197599999606609, -2157657.424199998378754 ], [ -7717306.100099999457598, -2157604.481800001114607 ], [ -7717303.889000000432134, -2157552.607700001448393 ], [ -7717304.847300000488758, -2157498.599599998444319 ], [ -7717316.315899999812245, -2157443.773800000548363 ], [ -7717340.3918999992311, -2157396.107700001448393 ], [ -7717373.9704, -2157356.937300000339746 ], [ -7717417.023900000378489, -2157329.188700001686811 ], [ -7717465.357200000435114, -2157314.4662000015378 ], [ -7717511.603499999269843, -2157297.353100001811981 ], [ -7717555.720899999141693, -2157273.060899998992682 ], [ -7717600.8662, -2157250.628899998962879 ], [ -7717646.04109999909997, -2157226.334600001573563 ], [ -7717686.9956, -2157190.076400000602007 ], [ -7717722.645600000396371, -2157145.5810999982059 ], [ -7717757.261600000783801, -2157096.03319999948144 ], [ -7717793.9551, -2157044.087000001221895 ], [ -7717832.776000000536442, -2156998.521699998527765 ], [ -7717874.754799999296665, -2156962.527699999511242 ], [ -7717920.983999999240041, -2156936.90089999884367 ], [ -7717968.273700000718236, -2156930.426399998366833 ], [ -7718011.500700000673532, -2156996.054699998348951 ], [ -7717997.942199999466538, -2157045.828899998217821 ], [ -7717976.981499999761581, -2157096.681400001049042 ], [ -7717950.274399999529123, -2157150.471400000154972 ], [ -7717920.968299999833107, -2157210.917300000786781 ], [ -7717906.865499999374151, -2157270.270399998873472 ], [ -7717908.029999999329448, -2157327.200399998575449 ], [ -7717913.3969, -2157386.5168999992311 ], [ -7717915.617599999532104, -2157442.647100001573563 ], [ -7717906.25870000012219, -2157493.47859999909997 ], [ -7717885.286699999123812, -2157538.745299998670816 ], [ -7717857.005799999460578, -2157582.163600001484156 ], [ -7717822.380100000649691, -2157626.65819999948144 ], [ -7717784.61570000089705, -2157672.222899999469519 ], [ -7717744.731599999591708, -2157715.66330000013113 ], [ -7717703.815199999138713, -2157755.114999998360872 ], [ -7717673.3849, -2157798.537599999457598 ], [ -7717659.8246, -2157848.047600001096725 ], [ -7717652.549599999561906, -2157899.94029999896884 ], [ -7717645.309399999678135, -2157952.897199999541044 ], [ -7717644.350099999457598, -2158005.842399999499321 ], [ -7717648.650699999183416, -2158060.906300000846386 ], [ -7717644.554400000721216, -2158115.720100000500679 ], [ -7717626.763000000268221, -2158165.504799999296665 ], [ -7717608.969699999317527, -2158214.225499998778105 ], [ -7717602.757999999448657, -2158269.30970000103116 ], [ -7717607.099700000137091, -2158328.631000000983477 ], [ -7717614.542099999263883, -2158384.488099999725819 ], [ -7717617.819900000467896, -2158440.619100000709295 ], [ -7717617.936200000345707, -2158503.141600001603365 ], [ -7717626.440700000151992, -2158561.125500001013279 ], [ -7717675.278300000354648, -2158584.97859999909997 ], [ -7717702.21169999986887, -2158597.964499998837709 ], [ -7717744.248999999836087, -2158573.674199998378754 ], [ -7717782.0329, -2158537.685400001704693 ], [ -7717818.755000000819564, -2158499.5702 ], [ -7717852.332499999552965, -2158459.332499999552965 ], [ -7717884.847500000149012, -2158416.702300000935793 ], [ -7717922.6349, -2158382.842000000178814 ], [ -7717968.85869999974966, -2158370.249800000339746 ], [ -7718020.402699999511242, -2158374.1426 ], [ -7718071.95299999974668, -2158381.493999999016523 ], [ -7718122.408600000664592, -2158386.718899998813868 ], [ -7718173.948999999091029, -2158388.749000001698732 ], [ -7718232.259600000455976, -2158369.7478 ], [ -7718272.572599999606609, -2158273.359900001436472 ], [ -7718240.964199999347329, -2158235.375100001692772 ], [ -7718215.616699999198318, -2158186.736299999058247 ], [ -7718203.934599999338388, -2158127.42960000038147 ], [ -7718204.880400000140071, -2158068.098900001496077 ], [ -7718213.206399999558926, -2158013.277100000530481 ], [ -7718222.558700000867248, -2157959.251600001007318 ], [ -7718226.650800000876188, -2157903.107900001108646 ], [ -7718224.42710000090301, -2157845.912300001829863 ], [ -7718214.865399999544024, -2157788.996899999678135 ], [ -7718193.743699999526143, -2157737.158599998801947 ], [ -7718166.3224, -2157692.781599998474121 ], [ -7718144.155099999159575, -2157647.330600000917912 ], [ -7718136.689799999818206, -2157597.594799999147654 ], [ -7718142.903799999505281, -2157544.640700001269579 ], [ -7718151.229699999094009, -2157489.820300001651049 ], [ -7718156.383899999782443, -2157435.804299999028444 ], [ -7718166.797800000756979, -2157383.906700000166893 ], [ -7718190.869699999690056, -2157335.175599999725819 ], [ -7718226.002900000661612, -2157280.038499999791384 ], [ -7718266.876000000163913, -2157218.771699998527765 ], [ -7718306.210999999195337, -2157165.755100000649691 ], [ -7718328.199699999764562, -2157117.028400000184774 ], [ -7718328.105499999597669, -2157067.279899999499321 ], [ -7718324.871099999174476, -2157017.537599999457598 ], [ -7718335.290400000289083, -2156968.833399999886751 ], [ -7718359.365399999544024, -2156922.2314000017941 ], [ -7718388.729499999433756, -2156875.885299999266863 ], [ -7718418.097100000828505, -2156831.401599999517202 ], [ -7718448.489199999719858, -2156786.915899999439716 ], [ -7718483.11009999923408, -2156741.357999999076128 ], [ -7718518.761600000783801, -2156698.990499999374151 ], [ -7718514.588300000876188, -2156677.184099998325109 ], [ -7718506.0077, -2156632.241599999368191 ], [ -7718467.0777000002563, -2156601.723200000822544 ], [ -7718432.296299999579787, -2156562.683899998664856 ], [ -7718392.265100000426173, -2156526.580899998545647 ], [ -7718342.82120000012219, -2156512.044199999421835 ], [ -7718261.817199999466538, -2156483.468299999833107 ], [ -7718233.345799999311566, -2156442.288600001484156 ], [ -7718210.157199999317527, -2156397.906399998813868 ], [ -7718190.0702, -2156350.592199999839067 ], [ -7718160.569900000467896, -2156307.020300000905991 ], [ -7718122.6557, -2156271.179299999028444 ], [ -7718087.875600000843406, -2156232.139899998903275 ], [ -7718057.281500000506639, -2156186.708099998533726 ], [ -7718025.660900000482798, -2156140.214099999517202 ], [ -7717986.667500000447035, -2156092.670200001448393 ], [ -7717944.538200000301003, -2156047.260299999266863 ], [ -7717907.674499999731779, -2156007.160999998450279 ], [ -7717867.657800000160933, -2155977.708399999886751 ], [ -7717817.165500000119209, -2155967.162999998778105 ], [ -7717763.545099999755621, -2155963.00789999961853 ], [ -7717718.289000000804663, -2155942.077599998563528 ], [ -7717717.1129, -2155860.677799999713898 ], [ -7717750.654999999329448, -2155821.5099 ], [ -7717785.285299999639392, -2155781.009700000286102 ], [ -7717811.4781, -2155735.737300001084805 ], [ -7717817.6985, -2155685.98030000180006 ], [ -7717800.789599999785423, -2155640.523400001227856 ], [ -7717718.724300000816584, -2155607.692200001329184 ], [ -7717672.519200000911951, -2155626.932399999350309 ], [ -7717629.481100000441074, -2155660.797400001436472 ] ] ] ] } },
{ "type": "Feature", "properties": { "objectid": 306, "st_area_sh": 101852.967711, "st_length_": 1379.4510294, "Nombre": null, "Tipo": "Laguna", "objectid_2": 22534, "shape_leng": 382307.00809800002, "dis_elec": 1, "cir_sena": 1, "cod_comuna": 15102, "codregion": 15, "st_area_sh_2": 4410278350.6300001, "st_length__2": 414010.62919299997, "Region": "Región de Arica y Parinacota", "Comuna": "Camarones", "Provincia": "Arica" }, "geometry": { "type": "MultiPolygon", "coordinates": [ [ [ [ -7716109.773700000718236, -2159910.738400001078844 ], [ -7716062.278400000184774, -2159936.101100001484156 ], [ -7716018.826400000602007, -2159967.0439000017941 ], [ -7715978.589400000870228, -2160002.770300000905991 ], [ -7715935.1081000007689, -2160036.107799999415874 ], [ -7715890.860300000756979, -2160065.98759999871254 ], [ -7715853.8629, -2160101.708099998533726 ], [ -7715826.529200000688434, -2160143.265000000596046 ], [ -7715804.854100000113249, -2160187.738600000739098 ], [ -7715777.52449999935925, -2160231.69029999896884 ], [ -7715738.198999999091029, -2160316.1074 ], [ -7715805.179500000551343, -2160371.864399999380112 ], [ -7715889.0033, -2160379.962699998170137 ], [ -7715927.626800000667572, -2160347.431699998676777 ], [ -7715963.822100000455976, -2160306.656500000506639 ], [ -7715996.775000000372529, -2160264.55689999833703 ], [ -7716027.317099999636412, -2160224.05799999833107 ], [ -7716060.313699999824166, -2160188.078200001269579 ], [ -7716097.316999999806285, -2160155.816100001335144 ], [ -7716131.896099999547005, -2160117.438700001686811 ], [ -7716161.638499999418855, -2160073.748500000685453 ], [ -7716193.801400000229478, -2160034.045099999755621 ], [ -7716205.782500000670552, -2159967.504799999296665 ], [ -7716135.605499999597669, -2159935.968800000846386 ], [ -7716109.773700000718236, -2159910.738400001078844 ] ] ] ] } },
{ "type": "Feature", "properties": { "objectid": 307, "st_area_sh": 38324.072687799999, "st_length_": 816.91586779299996, "Nombre": null, "Tipo": "Laguna", "objectid_2": 22534, "shape_leng": 382307.00809800002, "dis_elec": 1, "cir_sena": 1, "cod_comuna": 15102, "codregion": 15, "st_area_sh_2": 4410278350.6300001, "st_length__2": 414010.62919299997, "Region": "Región de Arica y Parinacota", "Comuna": "Camarones", "Provincia": "Arica" }, "geometry": { "type": "MultiPolygon", "coordinates": [ [ [ [ -7711414.47580000013113, -2160790.588799998164177 ], [ -7711399.701500000432134, -2160793.272799998521805 ], [ -7711307.2478, -2160806.1891999989748 ], [ -7711269.804999999701977, -2160838.17790000140667 ], [ -7711255.122999999672174, -2160922.5504 ], [ -7711332.848400000482798, -2160963.406899999827147 ], [ -7711362.039000000804663, -2161047.179400000721216 ], [ -7711444.494799999520183, -2161067.805500000715256 ], [ -7711494.043099999427795, -2160996.14979999884963 ], [ -7711442.685200000181794, -2160923.854299999773502 ], [ -7711427.243899999186397, -2160837.400100000202656 ], [ -7711414.47580000013113, -2160790.588799998164177 ] ] ] ] } },
{ "type": "Feature", "properties": { "objectid": 171, "st_area_sh": 16038.6453466, "st_length_": 488.341783066, "Nombre": null, "Tipo": "Laguna", "objectid_2": 164, "shape_leng": 246736.54532199999, "dis_elec": 1, "cir_sena": 1, "cod_comuna": 15202, "codregion": 15, "st_area_sh_2": 2509040261.96, "st_length__2": 259431.10106, "Region": "Región de Arica y Parinacota", "Comuna": "General Lagos", "Provincia": "Parinacota" }, "geometry": { "type": "MultiPolygon", "coordinates": [ [ [ [ -7744406.776100000366569, -1994139.895100001245737 ], [ -7744412.229599999263883, -1994055.5504 ], [ -7744387.841900000348687, -1994014.714000001549721 ], [ -7744313.698100000619888, -1993969.936999998986721 ], [ -7744276.830600000917912, -1994054.508200000971556 ], [ -7744291.460999999195337, -1994100.257199998944998 ], [ -7744325.599199999123812, -1994133.938099998980761 ], [ -7744406.776100000366569, -1994139.895100001245737 ] ] ] ] } },
{ "type": "Feature", "properties": { "objectid": 172, "st_area_sh": 17278.9447306, "st_length_": 497.45053174100002, "Nombre": null, "Tipo": "Laguna", "objectid_2": 164, "shape_leng": 246736.54532199999, "dis_elec": 1, "cir_sena": 1, "cod_comuna": 15202, "codregion": 15, "st_area_sh_2": 2509040261.96, "st_length__2": 259431.10106, "Region": "Región de Arica y Parinacota", "Comuna": "General Lagos", "Provincia": "Parinacota" }, "geometry": { "type": "MultiPolygon", "coordinates": [ [ [ [ -7746673.074100000783801, -1995233.42790000140667 ], [ -7746726.39159999974072, -1995221.514699999243021 ], [ -7746768.3432, -1995139.954300001263618 ], [ -7746751.146199999377131, -1995072.173300001770258 ], [ -7746662.573400000110269, -1995061.893300000578165 ], [ -7746650.356300000101328, -1995087.798599999397993 ], [ -7746627.156400000676513, -1995167.584199998527765 ], [ -7746673.074100000783801, -1995233.42790000140667 ] ] ] ] } },
{ "type": "Feature", "properties": { "objectid": 173, "st_area_sh": 15823.066838500001, "st_length_": 482.46025508299999, "Nombre": null, "Tipo": "Laguna", "objectid_2": 164, "shape_leng": 246736.54532199999, "dis_elec": 1, "cir_sena": 1, "cod_comuna": 15202, "codregion": 15, "st_area_sh_2": 2509040261.96, "st_length__2": 259431.10106, "Region": "Región de Arica y Parinacota", "Comuna": "General Lagos", "Provincia": "Parinacota" }, "geometry": { "type": "MultiPolygon", "coordinates": [ [ [ [ -7736509.948100000619888, -2017665.730000000447035 ], [ -7736585.226600000634789, -2017629.592599999159575 ], [ -7736582.370999999344349, -2017543.064599998295307 ], [ -7736521.342299999669194, -2017480.737700000405312 ], [ -7736479.097699999809265, -2017507.538100000470877 ], [ -7736460.807600000873208, -2017592.669399999082088 ], [ -7736509.948100000619888, -2017665.730000000447035 ] ] ] ] } },
{ "type": "Feature", "properties": { "objectid": 174, "st_area_sh": 9410.5307691399994, "st_length_": 381.11629286200002, "Nombre": null, "Tipo": "Laguna", "objectid_2": 164, "shape_leng": 246736.54532199999, "dis_elec": 1, "cir_sena": 1, "cod_comuna": 15202, "codregion": 15, "st_area_sh_2": 2509040261.96, "st_length__2": 259431.10106, "Region": "Región de Arica y Parinacota", "Comuna": "General Lagos", "Provincia": "Parinacota" }, "geometry": { "type": "MultiPolygon", "coordinates": [ [ [ [ -7753067.405899999663234, -2018393.4391999989748 ], [ -7753033.944599999114871, -2018352.731300000101328 ], [ -7752955.7051, -2018331.203899998217821 ], [ -7752937.217700000852346, -2018377.641399998217821 ], [ -7752925.532800000160933, -2018407.0121 ], [ -7753005.295199999585748, -2018441.746199999004602 ], [ -7753067.405899999663234, -2018393.4391999989748 ] ] ] ] } },
{ "type": "Feature", "properties": { "objectid": 175, "st_area_sh": 6818.5773696699998, "st_length_": 363.29553974800001, "Nombre": null, "Tipo": "Laguna", "objectid_2": 164, "shape_leng": 246736.54532199999, "dis_elec": 1, "cir_sena": 1, "cod_comuna": 15202, "codregion": 15, "st_area_sh_2": 2509040261.96, "st_length__2": 259431.10106, "Region": "Región de Arica y Parinacota", "Comuna": "General Lagos", "Provincia": "Parinacota" }, "geometry": { "type": "MultiPolygon", "coordinates": [ [ [ [ -7740871.34569999948144, -2019243.785999998450279 ], [ -7740932.7599, -2019239.51240000128746 ], [ -7740895.6733, -2019163.383600000292063 ], [ -7740849.574100000783801, -2019150.172400001436472 ], [ -7740797.415300000458956, -2019153.361900001764297 ], [ -7740840.534399999305606, -2019203.708999998867512 ], [ -7740871.34569999948144, -2019243.785999998450279 ] ] ] ] } },
{ "type": "Feature", "properties": { "objectid": 176, "st_area_sh": 30934.728268800001, "st_length_": 664.54472259, "Nombre": null, "Tipo": "Laguna", "objectid_2": 164, "shape_leng": 246736.54532199999, "dis_elec": 1, "cir_sena": 1, "cod_comuna": 15202, "codregion": 15, "st_area_sh_2": 2509040261.96, "st_length__2": 259431.10106, "Region": "Región de Arica y Parinacota", "Comuna": "General Lagos", "Provincia": "Parinacota" }, "geometry": { "type": "MultiPolygon", "coordinates": [ [ [ [ -7732672.22690000012517, -2020397.616099998354912 ], [ -7732747.104800000786781, -2020378.666000001132488 ], [ -7732772.304400000721216, -2020292.452100001275539 ], [ -7732745.442800000309944, -2020250.765299998223782 ], [ -7732703.899000000208616, -2020219.950100000947714 ], [ -7732662.373700000345707, -2020196.534200001507998 ], [ -7732595.406199999153614, -2020174.370900001376867 ], [ -7732567.457100000232458, -2020224.25450000166893 ], [ -7732558.216, -2020271.448899999260902 ], [ -7732601.169199999421835, -2020341.372400000691414 ], [ -7732672.22690000012517, -2020397.616099998354912 ] ] ] ] } },
{ "type": "Feature", "properties": { "objectid": 177, "st_area_sh": 21894.851169000001, "st_length_": 548.53371880300006, "Nombre": null, "Tipo": "Laguna", "objectid_2": 164, "shape_leng": 246736.54532199999, "dis_elec": 1, "cir_sena": 1, "cod_comuna": 15202, "codregion": 15, "st_area_sh_2": 2509040261.96, "st_length__2": 259431.10106, "Region": "Región de Arica y Parinacota", "Comuna": "General Lagos", "Provincia": "Parinacota" }, "geometry": { "type": "MultiPolygon", "coordinates": [ [ [ [ -7758349.552899999544024, -2024787.238600000739098 ], [ -7758319.377499999478459, -2024779.28999999910593 ], [ -7758271.538599999621511, -2024772.332699999213219 ], [ -7758223.735200000926852, -2024783.877000000327826 ], [ -7758187.425200000405312, -2024857.624200001358986 ], [ -7758203.064500000327826, -2024904.217199999839067 ], [ -7758270.796399999409914, -2024953.522900000214577 ], [ -7758343.734200000762939, -2024900.915399998426437 ], [ -7758353.407700000330806, -2024852.773899998515844 ], [ -7758349.552899999544024, -2024787.238600000739098 ] ] ] ] } }
]
}
