{
"type": "FeatureCollection",
"name": "Region_Región de Coquimbo",
"crs": { "type": "name", "properties": { "name": "urn:ogc:def:crs:EPSG::3857" } },
"xy_coordinate_resolution": 1e-15,
"features": [
{ "type": "Feature", "properties": { "objectid": 13590, "st_area_sh": 52512.140371399997, "st_length_": 1067.2236693100001, "Nombre": null, "Tipo": "Laguna", "objectid_2": 66, "shape_leng": 134800.83733000001, "dis_elec": 5, "cir_sena": 5, "cod_comuna": 4103, "codregion": 4, "st_area_sh_2": 689765081.97000003, "st_length__2": 156310.93327800001, "Region": "Región de Coquimbo", "Comuna": "Andacollo", "Provincia": "Elqui" }, "geometry": { "type": "MultiPolygon", "coordinates": [ [ [ [ -7914259.418099999427795, -3533071.344799999147654 ], [ -7914296.325099999085069, -3533052.064800001680851 ], [ -7914293.5285, -3532998.069899998605251 ], [ -7914304.900699999183416, -3532956.016800001263618 ], [ -7914358.1272, -3532955.612500000745058 ], [ -7914376.244699999690056, -3532922.732900001108646 ], [ -7914398.8651, -3532885.120900001376867 ], [ -7914376.456199999898672, -3532849.505199998617172 ], [ -7914322.658700000494719, -3532852.244699999690056 ], [ -7914323.659600000828505, -3532796.436900001019239 ], [ -7914286.116900000721216, -3532784.927999999374151 ], [ -7914251.274599999189377, -3532822.184599999338388 ], [ -7914218.551200000569224, -3532799.544700000435114 ], [ -7914177.858799999579787, -3532775.889899998903275 ], [ -7914144.0976, -3532799.178899999707937 ], [ -7914146.965700000524521, -3532853.171700000762939 ], [ -7914152.343800000846386, -3532910.024099998176098 ], [ -7914117.128499999642372, -3532926.947599999606609 ], [ -7914114.3585, -3532976.977299999445677 ], [ -7914117.356200000271201, -3533032.130800001323223 ], [ -7914184.092499999329448, -3533027.409200001507998 ], [ -7914200.113099999725819, -3533065.468600001186132 ], [ -7914259.418099999427795, -3533071.344799999147654 ] ] ] ] } },
{ "type": "Feature", "properties": { "objectid": 13592, "st_area_sh": 23438.7798578, "st_length_": 638.85813185699999, "Nombre": null, "Tipo": "Laguna", "objectid_2": 66, "shape_leng": 134800.83733000001, "dis_elec": 5, "cir_sena": 5, "cod_comuna": 4103, "codregion": 4, "st_area_sh_2": 689765081.97000003, "st_length__2": 156310.93327800001, "Region": "Región de Coquimbo", "Comuna": "Andacollo", "Provincia": "Elqui" }, "geometry": { "type": "MultiPolygon", "coordinates": [ [ [ [ -7914899.713999999687076, -3533677.252399999648333 ], [ -7914955.274399999529123, -3533673.896099999547005 ], [ -7914992.879100000485778, -3533655.181400001049042 ], [ -7915033.846200000494719, -3533640.47239999845624 ], [ -7915072.5789, -3533618.249400001019239 ], [ -7915059.737400000914931, -3533568.507199998944998 ], [ -7915011.200300000607967, -3533560.691100001335144 ], [ -7914955.114900000393391, -3533557.083200000226498 ], [ -7914897.788799999281764, -3533558.728700000792742 ], [ -7914845.616800000891089, -3533565.508699998259544 ], [ -7914811.924699999392033, -3533584.731499999761581 ], [ -7914823.150900000706315, -3533644.965199999511242 ], [ -7914856.0713, -3533646.679000001400709 ], [ -7914899.713999999687076, -3533677.252399999648333 ] ] ] ] } },
{ "type": "Feature", "properties": { "objectid": 13593, "st_area_sh": 11187.062947, "st_length_": 458.44721352800002, "Nombre": null, "Tipo": "Laguna", "objectid_2": 66, "shape_leng": 134800.83733000001, "dis_elec": 5, "cir_sena": 5, "cod_comuna": 4103, "codregion": 4, "st_area_sh_2": 689765081.97000003, "st_length__2": 156310.93327800001, "Region": "Región de Coquimbo", "Comuna": "Andacollo", "Provincia": "Elqui" }, "geometry": { "type": "MultiPolygon", "coordinates": [ [ [ [ -7913786.546599999070168, -3534011.126800000667572 ], [ -7913859.07740000076592, -3533983.051600001752377 ], [ -7913893.309800000861287, -3533965.564300000667572 ], [ -7913921.497500000521541, -3533937.727299999445677 ], [ -7913896.7796, -3533880.646499998867512 ], [ -7913856.205299999564886, -3533861.636100001633167 ], [ -7913819.741599999368191, -3533885.557500001043081 ], [ -7913823.67369999922812, -3533942.441300000995398 ], [ -7913786.259600000455976, -3533955.918800000101328 ], [ -7913786.546599999070168, -3534011.126800000667572 ] ] ] ] } },
{ "type": "Feature", "properties": { "objectid": 13597, "st_area_sh": 27970.499368100001, "st_length_": 1061.0092873000001, "Nombre": null, "Tipo": "Laguna", "objectid_2": 66, "shape_leng": 134800.83733000001, "dis_elec": 5, "cir_sena": 5, "cod_comuna": 4103, "codregion": 4, "st_area_sh_2": 689765081.97000003, "st_length__2": 156310.93327800001, "Region": "Región de Coquimbo", "Comuna": "Andacollo", "Provincia": "Elqui" }, "geometry": { "type": "MultiPolygon", "coordinates": [ [ [ [ -7915705.588199999183416, -3534785.726100001484156 ], [ -7915744.94400000013411, -3534765.812300000339746 ], [ -7915749.34940000064671, -3534708.770399998873472 ], [ -7915709.577099999412894, -3534700.211899999529123 ], [ -7915706.520899999886751, -3534646.215399999171495 ], [ -7915745.824200000613928, -3534633.277399998158216 ], [ -7915740.9397, -3534578.152800001204014 ], [ -7915739.458499999716878, -3534525.289900001138449 ], [ -7915738.974300000816584, -3534473.570999998599291 ], [ -7915780.213400000706315, -3534461.759500000625849 ], [ -7915758.462799999862909, -3534424.967500001192093 ], [ -7915703.3037, -3534430.644900001585484 ], [ -7915709.178400000557303, -3534500.280699998140335 ], [ -7915692.323000000789762, -3534534.886300001293421 ], [ -7915670.698100000619888, -3534569.580899998545647 ], [ -7915624.924000000581145, -3534531.49210000038147 ], [ -7915598.510800000280142, -3534569.181800000369549 ], [ -7915618.465399999171495, -3534606.589200001209974 ], [ -7915642.476099999621511, -3534634.6217 ], [ -7915639.804500000551343, -3534691.631000000983477 ], [ -7915640.685799999162555, -3534743.343299999833107 ], [ -7915675.717000000178814, -3534755.477699998766184 ], [ -7915705.588199999183416, -3534785.726100001484156 ] ] ] ] } },
{ "type": "Feature", "properties": { "objectid": 13598, "st_area_sh": 27878.436416, "st_length_": 819.75982109500001, "Nombre": null, "Tipo": "Laguna", "objectid_2": 66, "shape_leng": 134800.83733000001, "dis_elec": 5, "cir_sena": 5, "cod_comuna": 4103, "codregion": 4, "st_area_sh_2": 689765081.97000003, "st_length__2": 156310.93327800001, "Region": "Región de Coquimbo", "Comuna": "Andacollo", "Provincia": "Elqui" }, "geometry": { "type": "MultiPolygon", "coordinates": [ [ [ [ -7915862.391799999400973, -3534782.222300000488758 ], [ -7915918.387399999424815, -3534774.784699998795986 ], [ -7915924.4824, -3534721.198399998247623 ], [ -7915886.4561, -3534707.377000000327826 ], [ -7915894.496099999174476, -3534667.122900001704693 ], [ -7915915.834300000220537, -3534636.501600001007318 ], [ -7915951.616100000217557, -3534614.910399999469519 ], [ -7915987.466099999845028, -3534595.061599999666214 ], [ -7915958.732200000435114, -3534567.699200000613928 ], [ -7915941.512000000104308, -3534529.660300001502037 ], [ -7915917.013599999248981, -3534498.731600001454353 ], [ -7915878.390699999406934, -3534509.332400001585484 ], [ -7915846.464400000870228, -3534530.270100001245737 ], [ -7915849.308399999514222, -3534582.526399999856949 ], [ -7915816.406400000676513, -3534603.482299998402596 ], [ -7915797.776699999347329, -3534639.8651 ], [ -7915779.559100000187755, -3534675.077799998223782 ], [ -7915812.3893, -3534707.014199998229742 ], [ -7915844.325899999588728, -3534745.3607 ], [ -7915862.391799999400973, -3534782.222300000488758 ] ] ] ] } },
{ "type": "Feature", "properties": { "objectid": 13601, "st_area_sh": 64329.072881400003, "st_length_": 1781.9164026599999, "Nombre": null, "Tipo": "Laguna", "objectid_2": 66, "shape_leng": 134800.83733000001, "dis_elec": 5, "cir_sena": 5, "cod_comuna": 4103, "codregion": 4, "st_area_sh_2": 689765081.97000003, "st_length__2": 156310.93327800001, "Region": "Región de Coquimbo", "Comuna": "Andacollo", "Provincia": "Elqui" }, "geometry": { "type": "MultiPolygon", "coordinates": [ [ [ [ -7913905.967199999839067, -3535899.098799999803305 ], [ -7913925.620100000873208, -3535860.952300000935793 ], [ -7913962.459000000730157, -3535843.413800001144409 ], [ -7913965.863099999725819, -3535790.454900000244379 ], [ -7913964.144300000742078, -3535734.103199999779463 ], [ -7913957.447499999776483, -3535684.2379 ], [ -7913920.200200000777841, -3535671.557599999010563 ], [ -7913923.081499999389052, -3535615.7027000002563 ], [ -7913960.130200000479817, -3535595.835700001567602 ], [ -7913968.30599999986589, -3535536.97690000012517 ], [ -7913968.604399999603629, -3535478.263999998569489 ], [ -7913951.837099999189377, -3535439.048500001430511 ], [ -7913908.872899999842048, -3535429.96169999986887 ], [ -7913849.837600000202656, -3535437.44709999859333 ], [ -7913792.623800000175834, -3535443.736099999397993 ], [ -7913776.92200000025332, -3535407.407000001519918 ], [ -7913745.242599999532104, -3535388.811000000685453 ], [ -7913708.423599999397993, -3535373.797499999403954 ], [ -7913692.48619999922812, -3535409.548500001430511 ], [ -7913677.00789999961853, -3535444.709899999201298 ], [ -7913622.4233, -3535444.555700000375509 ], [ -7913607.301699999719858, -3535481.454300001263618 ], [ -7913673.421900000423193, -3535507.552299998700619 ], [ -7913715.67850000038743, -3535515.490499999374151 ], [ -7913771.494000000879169, -3535509.808899998664856 ], [ -7913784.033099999651313, -3535549.103000000119209 ], [ -7913816.28690000064671, -3535569.432300001382828 ], [ -7913853.954600000753999, -3535577.454900000244379 ], [ -7913875.052500000223517, -3535539.282699998468161 ], [ -7913892.750800000503659, -3535581.968899998813868 ], [ -7913891.531700000166893, -3535637.793000001460314 ], [ -7913852.439999999478459, -3535650.72239999845624 ], [ -7913849.558399999514222, -3535706.577500000596046 ], [ -7913889.728399999439716, -3535720.947799999266863 ], [ -7913870.1393, -3535752.698699999600649 ], [ -7913850.071900000795722, -3535787.946100000292063 ], [ -7913853.318499999120831, -3535844.850999999791384 ], [ -7913890.442900000140071, -3535858.696400001645088 ], [ -7913905.967199999839067, -3535899.098799999803305 ] ] ] ] } },
{ "type": "Feature", "properties": { "objectid": 13602, "st_area_sh": 23732.105928500001, "st_length_": 711.72933652899997, "Nombre": null, "Tipo": "Laguna", "objectid_2": 66, "shape_leng": 134800.83733000001, "dis_elec": 5, "cir_sena": 5, "cod_comuna": 4103, "codregion": 4, "st_area_sh_2": 689765081.97000003, "st_length__2": 156310.93327800001, "Region": "Región de Coquimbo", "Comuna": "Andacollo", "Provincia": "Elqui" }, "geometry": { "type": "MultiPolygon", "coordinates": [ [ [ [ -7913704.046, -3537049.165300000458956 ], [ -7913742.221599999815226, -3537033.344999998807907 ], [ -7913739.957000000402331, -3536978.741999998688698 ], [ -7913773.185499999672174, -3536961.269200000911951 ], [ -7913806.996400000527501, -3536942.041600000113249 ], [ -7913846.161399999633431, -3536885.510200001299381 ], [ -7913805.301000000908971, -3536871.151399999856949 ], [ -7913786.130000000819564, -3536838.9518 ], [ -7913769.786499999463558, -3536803.212000001221895 ], [ -7913736.250099999830127, -3536823.596900001168251 ], [ -7913701.0152000002563, -3536844.013099998235703 ], [ -7913705.31389999948442, -3536899.159299999475479 ], [ -7913666.50730000063777, -3536912.084300000220537 ], [ -7913649.698699999600649, -3536943.786499999463558 ], [ -7913635.468499999493361, -3536980.091699998825788 ], [ -7913685.261900000274181, -3537016.376600001007318 ], [ -7913704.046, -3537049.165300000458956 ] ] ] ] } },
{ "type": "Feature", "properties": { "objectid": 13603, "st_area_sh": 4318.9776272400004, "st_length_": 265.94945091, "Nombre": null, "Tipo": "Laguna", "objectid_2": 66, "shape_leng": 134800.83733000001, "dis_elec": 5, "cir_sena": 5, "cod_comuna": 4103, "codregion": 4, "st_area_sh_2": 689765081.97000003, "st_length__2": 156310.93327800001, "Region": "Región de Coquimbo", "Comuna": "Andacollo", "Provincia": "Elqui" }, "geometry": { "type": "MultiPolygon", "coordinates": [ [ [ [ -7913671.976500000804663, -3537189.278200000524521 ], [ -7913746.421700000762939, -3537173.950100000947714 ], [ -7913739.994699999690056, -3537117.098099999129772 ], [ -7913666.442600000649691, -3537131.828200001269579 ], [ -7913671.976500000804663, -3537189.278200000524521 ] ] ] ] } },
{ "type": "Feature", "properties": { "objectid": 13604, "st_area_sh": 20963.088909800001, "st_length_": 644.38143978000005, "Nombre": null, "Tipo": "Laguna", "objectid_2": 66, "shape_leng": 134800.83733000001, "dis_elec": 5, "cir_sena": 5, "cod_comuna": 4103, "codregion": 4, "st_area_sh_2": 689765081.97000003, "st_length__2": 156310.93327800001, "Region": "Región de Coquimbo", "Comuna": "Andacollo", "Provincia": "Elqui" }, "geometry": { "type": "MultiPolygon", "coordinates": [ [ [ [ -7913755.659299999475479, -3537398.177299998700619 ], [ -7913785.2642, -3537370.306600000709295 ], [ -7913743.009800000116229, -3537358.879599999636412 ], [ -7913769.113199999555945, -3537329.329799998551607 ], [ -7913789.244599999859929, -3537283.612799998372793 ], [ -7913763.268100000917912, -3537250.956700000911951 ], [ -7913707.933700000867248, -3537243.840799998492002 ], [ -7913648.649700000882149, -3537246.099199999123812 ], [ -7913604.153100000694394, -3537260.292199999094009 ], [ -7913597.934900000691414, -3537305.751800000667572 ], [ -7913607.135800000280142, -3537366.041600000113249 ], [ -7913711.472400000318885, -3537364.113400001078844 ], [ -7913755.659299999475479, -3537398.177299998700619 ] ] ] ] } },
{ "type": "Feature", "properties": { "objectid": 13607, "st_area_sh": 52473.804084900003, "st_length_": 1124.5670534799999, "Nombre": null, "Tipo": "Laguna", "objectid_2": 66, "shape_leng": 134800.83733000001, "dis_elec": 5, "cir_sena": 5, "cod_comuna": 4103, "codregion": 4, "st_area_sh_2": 689765081.97000003, "st_length__2": 156310.93327800001, "Region": "Región de Coquimbo", "Comuna": "Andacollo", "Provincia": "Elqui" }, "geometry": { "type": "MultiPolygon", "coordinates": [ [ [ [ -7898142.247199999168515, -3541603.85190000012517 ], [ -7898118.123800000175834, -3541646.140900000929832 ], [ -7898102.753599999472499, -3541690.605200000107288 ], [ -7898128.1425, -3541724.479400001466274 ], [ -7898142.27930000051856, -3541823.683800000697374 ], [ -7898191.859899999573827, -3541829.806600000709295 ], [ -7898195.006999999284744, -3541889.072799999266863 ], [ -7898246.341399999335408, -3541906.796599999070168 ], [ -7898272.2292, -3541883.086399998515844 ], [ -7898294.023900000378489, -3541854.794300001114607 ], [ -7898296.289799999445677, -3541771.590399999171495 ], [ -7898337.95920000039041, -3541759.239100001752377 ], [ -7898350.285199999809265, -3541716.571600001305342 ], [ -7898342.812400000169873, -3541660.288800001144409 ], [ -7898299.5724, -3541650.567699998617172 ], [ -7898273.36879999935627, -3541691.730000000447035 ], [ -7898237.9825, -3541669.660199999809265 ], [ -7898265.766200000420213, -3541644.75450000166893 ], [ -7898269.935799999162555, -3541588.270899999886751 ], [ -7898261.7511, -3541538.979600001126528 ], [ -7898209.04700000025332, -3541540.471500001847744 ], [ -7898173.774700000882149, -3541580.045099999755621 ], [ -7898142.247199999168515, -3541603.85190000012517 ] ] ] ] } },
{ "type": "Feature", "properties": { "objectid": 13706, "st_area_sh": 83268.579073700021, "st_length_": 1550.00275685, "Nombre": null, "Tipo": "Laguna", "objectid_2": 64, "shape_leng": 281879.76837000001, "dis_elec": 5, "cir_sena": 5, "cod_comuna": 4203, "codregion": 4, "st_area_sh_2": 2586951371.6599998, "st_length__2": 372268.89762499998, "Region": "Región de Coquimbo", "Comuna": "Los Vilos", "Provincia": "Choapa" }, "geometry": { "type": "MultiPolygon", "coordinates": [ [ [ [ -7956895.668600000441074, -3747576.261100001633167 ], [ -7956725.807, -3747584.121899999678135 ], [ -7956735.755799999460578, -3747750.433400001376867 ], [ -7956892.372999999672174, -3747747.129099998623133 ], [ -7956893.589600000530481, -3747805.523400001227856 ], [ -7956954.93779999949038, -3747807.087099999189377 ], [ -7956960.517699999734759, -3747952.162500001490116 ], [ -7957012.35219999961555, -3747960.341400001198053 ], [ -7957034.956900000572205, -3747967.599899999797344 ], [ -7957130.136399999260902, -3747959.14640000090003 ], [ -7957126.677999999374151, -3747786.232200000435114 ], [ -7957053.998700000345707, -3747786.232200000435114 ], [ -7957056.605499999597669, -3747632.427000001072884 ], [ -7956897.58669999986887, -3747637.640799999237061 ], [ -7956895.668600000441074, -3747576.261100001633167 ] ] ] ] } },
{ "type": "Feature", "properties": { "objectid": 13707, "st_area_sh": 186048.69550500001, "st_length_": 2882.1004883000001, "Nombre": null, "Tipo": "Laguna", "objectid_2": 64, "shape_leng": 281879.76837000001, "dis_elec": 5, "cir_sena": 5, "cod_comuna": 4203, "codregion": 4, "st_area_sh_2": 2586951371.6599998, "st_length__2": 372268.89762499998, "Region": "Región de Coquimbo", "Comuna": "Los Vilos", "Provincia": "Choapa" }, "geometry": { "type": "MultiPolygon", "coordinates": [ [ [ [ -7957413.746200000867248, -3748633.463500000536442 ], [ -7957344.135299999266863, -3748548.134100001305342 ], [ -7957132.204700000584126, -3748315.425900001078844 ], [ -7957103.529100000858307, -3748302.3915 ], [ -7956908.01410000026226, -3748106.8766999989748 ], [ -7956803.73960000090301, -3747947.857900001108646 ], [ -7956748.995400000363588, -3747887.899900000542402 ], [ -7956603.739199999719858, -3747732.57660000026226 ], [ -7956524.80489999987185, -3747718.453699998557568 ], [ -7956480.488199999555945, -3747721.060499999672174 ], [ -7956462.240199999883771, -3747739.308499999344349 ], [ -7956441.385299999266863, -3747775.804699998348951 ], [ -7956399.417600000277162, -3747839.479800000786781 ], [ -7956798.525800000876188, -3748265.895399998873472 ], [ -7956876.731899999082088, -3748208.544399999082088 ], [ -7957168.700799999758601, -3748487.479100000113249 ], [ -7957259.722999999299645, -3748583.209399998188019 ], [ -7957322.505799999460578, -3748620.429200001060963 ], [ -7957364.215700000524521, -3748649.104800000786781 ], [ -7957398.105000000447035, -3748649.104699999094009 ], [ -7957413.746200000867248, -3748633.463500000536442 ] ] ] ] } },
{ "type": "Feature", "properties": { "objectid": 13708, "st_area_sh": 160526.536701, "st_length_": 2259.6306950200001, "Nombre": "Embalse La Palma", "Tipo": "Embalse", "objectid_2": 64, "shape_leng": 281879.76837000001, "dis_elec": 5, "cir_sena": 5, "cod_comuna": 4203, "codregion": 4, "st_area_sh_2": 2586951371.6599998, "st_length__2": 372268.89762499998, "Region": "Región de Coquimbo", "Comuna": "Los Vilos", "Provincia": "Choapa" }, "geometry": { "type": "MultiPolygon", "coordinates": [ [ [ [ -7943118.150800000876188, -3749444.489 ], [ -7943119.811499999836087, -3749521.313400000333786 ], [ -7943146.064200000837445, -3749585.776599999517202 ], [ -7943197.1206, -3749586.435600001364946 ], [ -7943201.206399999558926, -3749634.236900001764297 ], [ -7943197.2873, -3749691.081900000572205 ], [ -7943192.302300000563264, -3749747.950500000268221 ], [ -7943193.009700000286102, -3749799.373700000345707 ], [ -7943233.059000000357628, -3749807.959199998527765 ], [ -7943235.738800000399351, -3749858.748399998992682 ], [ -7943234.023700000718236, -3749913.77250000089407 ], [ -7943231.464800000190735, -3749970.589099999517202 ], [ -7943231.709000000730157, -3750024.3885000012815 ], [ -7943254.748099999502301, -3750055.813400000333786 ], [ -7943310.178999999538064, -3750054.602600000798702 ], [ -7943378.895400000736117, -3750030.041999999433756 ], [ -7943368.406199999153614, -3749975.284000001847744 ], [ -7943410.605499999597669, -3749962.53660000115633 ], [ -7943408.923800000920892, -3749905.221500001847744 ], [ -7943409.154899999499321, -3749849.6385000012815 ], [ -7943403.0449, -3749800.106899999082088 ], [ -7943367.380799999460578, -3749776.644999999552965 ], [ -7943402.886199999600649, -3749746.897999998182058 ], [ -7943401.904500000178814, -3749691.342300001531839 ], [ -7943366.01380000077188, -3749674.389199998229742 ], [ -7943363.8114, -3749623.590399999171495 ], [ -7943365.73369999974966, -3749567.971799999475479 ], [ -7943367.227700000628829, -3749512.954 ], [ -7943393.782999999821186, -3749450.294100001454353 ], [ -7943390.509800000116229, -3749394.198600001633167 ], [ -7943419.899900000542402, -3749377.593199998140335 ], [ -7943437.472100000828505, -3749339.96169999986887 ], [ -7943415.530200000852346, -3749301.420200001448393 ], [ -7943391.317800000309944, -3749271.796799998730421 ], [ -7943393.078600000590086, -3749213.818399999290705 ], [ -7943357.433800000697374, -3749196.269299998879433 ], [ -7943318.343699999153614, -3749230.231699999421835 ], [ -7943289.725600000470877, -3749246.81980000063777 ], [ -7943272.587799999862909, -3749277.346500001847744 ], [ -7943212.312000000849366, -3749268.611999999731779 ], [ -7943177.962799999862909, -3749288.872400000691414 ], [ -7943195.026499999687076, -3749339.936599999666214 ], [ -7943214.6744, -3749376.163800001144409 ], [ -7943181.9726, -3749402.892000000923872 ], [ -7943149.160499999299645, -3749416.02419999986887 ], [ -7943118.150800000876188, -3749444.489 ] ] ] ] } },
{ "type": "Feature", "properties": { "objectid": 13719, "st_area_sh": 68225.393900199997, "st_length_": 997.63716725500001, "Nombre": null, "Tipo": "Laguna", "objectid_2": 64, "shape_leng": 281879.76837000001, "dis_elec": 5, "cir_sena": 5, "cod_comuna": 4203, "codregion": 4, "st_area_sh_2": 2586951371.6599998, "st_length__2": 372268.89762499998, "Region": "Región de Coquimbo", "Comuna": "Los Vilos", "Provincia": "Choapa" }, "geometry": { "type": "MultiPolygon", "coordinates": [ [ [ [ -7959203.729000000283122, -3765858.807199999690056 ], [ -7959205.317875454202294, -3765865.725653910078108 ], [ -7959207.576326675713062, -3765872.455358792096376 ], [ -7959210.482662742957473, -3765878.931680307723582 ], [ -7959214.008970233611763, -3765885.092417699284852 ], [ -7959218.121381308883429, -3765890.878401182126254 ], [ -7959222.780398996546865, -3765896.234060235321522 ], [ -7959227.941276533529162, -3765901.107957317493856 ], [ -7959233.554447123780847, -3765905.453281889669597 ], [ -7959239.565999999642372, -3765909.228300001472235 ], [ -7959300.216, -3765928.677799999713898 ], [ -7959324.373749948106706, -3765935.416152236517519 ], [ -7959348.305399723351002, -3765942.918046161066741 ], [ -7959371.986823068931699, -3765951.175918875262141 ], [ -7959395.394145987927914, -3765960.181445355527103 ], [ -7959418.503770815208554, -3765969.92554684355855 ], [ -7959441.292400000616908, -3765980.398400001227856 ], [ -7959448.727802952751517, -3765977.344873212277889 ], [ -7959455.830787206999958, -3765973.582313233055174 ], [ -7959462.533935707993805, -3765969.146431914065033 ], [ -7959468.773626390844584, -3765964.079331846907735 ], [ -7959474.490636040456593, -3765958.429106756579131 ], [ -7959479.630702400580049, -3765952.249385021161288 ], [ -7959484.145039196126163, -3765945.598820669110864 ], [ -7959487.990799186751246, -3765938.540536670014262 ], [ -7959491.131480837240815, -3765931.141525812447071 ], [ -7959493.537274776957929, -3765923.472014848142862 ], [ -7959495.185346723534167, -3765915.604797947220504 ], [ -7959496.060054215602577, -3765907.614545778837055 ], [ -7959496.15309507958591, -3765899.577096786350012 ], [ -7959495.463586231693625, -3765891.568737375084311 ], [ -7959493.99807205516845, -3765883.665477850940078 ], [ -7959491.77046228852123, -3765875.942330977413803 ], [ -7959488.801899999380112, -3765868.472600001841784 ], [ -7959488.0329, -3765866.826099999248981 ], [ -7959477.348544269800186, -3765844.79516841750592 ], [ -7959466.068828012794256, -3765823.063040015753359 ], [ -7959454.202099999412894, -3765801.645799998193979 ], [ -7959449.729405247606337, -3765787.048816155642271 ], [ -7959444.601831905543804, -3765772.668797822203487 ], [ -7959438.829850410111248, -3765758.535108803771436 ], [ -7959432.425247069448233, -3765744.676609905902296 ], [ -7959425.401100000366569, -3765731.121599998325109 ], [ -7959418.129771153442562, -3765718.488430979195982 ], [ -7959410.319073386490345, -3765706.181433657649904 ], [ -7959401.983612318523228, -3765694.223621506243944 ], [ -7959393.138974845409393, -3765682.637355039827526 ], [ -7959383.801699999719858, -3765671.444299999624491 ], [ -7959371.756261075846851, -3765670.015706956852227 ], [ -7959359.6447, -3765669.349700000137091 ], [ -7959347.756432437337935, -3765669.439710986334831 ], [ -7959335.896454801782966, -3765670.264294588938355 ], [ -7959324.110112673602998, -3765671.820298085454851 ], [ -7959312.44247009512037, -3765674.101772232912481 ], [ -7959300.938137269578874, -3765677.099994016811252 ], [ -7959289.641100000590086, -3765680.80350000038743 ], [ -7959206.375900000333786, -3765709.629299998283386 ], [ -7959182.370999999344349, -3765723.632199998944998 ], [ -7959178.104076716117561, -3765727.61445182049647 ], [ -7959174.279982549138367, -3765732.023677112534642 ], [ -7959170.941196698695421, -3765736.810896861366928 ], [ -7959168.124807412736118, -3765741.922933174762875 ], [ -7959165.862099999561906, -3765747.302999999374151 ], [ -7959180.019258572719991, -3765790.692896523047239 ], [ -7959194.770899999886751, -3765833.884300000965595 ], [ -7959203.729000000283122, -3765858.807199999690056 ] ] ] ] } },
{ "type": "Feature", "properties": { "objectid": 13724, "st_area_sh": 549497.17803900002, "st_length_": 4202.1863022999996, "Nombre": "Embalse Culimo", "Tipo": "Embalse", "objectid_2": 64, "shape_leng": 281879.76837000001, "dis_elec": 5, "cir_sena": 5, "cod_comuna": 4203, "codregion": 4, "st_area_sh_2": 2586951371.6599998, "st_length__2": 372268.89762499998, "Region": "Región de Coquimbo", "Comuna": "Los Vilos", "Provincia": "Choapa" }, "geometry": { "type": "MultiPolygon", "coordinates": [ [ [ [ -7928622.0066, -3772645.80799999833107 ], [ -7928623.803400000557303, -3772916.493200000375509 ], [ -7928624.459899999201298, -3772946.691799998283386 ], [ -7928622.35219999961555, -3773045.074000000953674 ], [ -7928665.036299999803305, -3773060.184300001710653 ], [ -7928724.888599999248981, -3773051.834800001233816 ], [ -7928735.859999999403954, -3773011.916400000452995 ], [ -7928790.6656, -3773005.4485 ], [ -7928843.3574, -3773010.872099999338388 ], [ -7928849.844699999317527, -3773048.651299998164177 ], [ -7928902.4024, -3773049.338300000876188 ], [ -7928959.712099999189377, -3773046.372000001370907 ], [ -7929012.503000000491738, -3773047.646000001579523 ], [ -7929030.286499999463558, -3773081.0439000017941 ], [ -7929084.869400000199676, -3773085.242400001734495 ], [ -7929141.049599999561906, -3773082.891100000590086 ], [ -7929164.9583, -3773050.404800001531839 ], [ -7929208.813100000843406, -3773041.792700000107288 ], [ -7929234.157400000840425, -3773012.831000000238419 ], [ -7929279.890699999406934, -3773002.402499999850988 ], [ -7929338.856499999761581, -3773004.731600001454353 ], [ -7929376.53690000064671, -3772987.953600000590086 ], [ -7929366.846899999305606, -3772928.915300000458956 ], [ -7929449.8257, -3772932.521899998188019 ], [ -7929504.9364, -3772933.74549999833107 ], [ -7929549.13429999910295, -3772923.940400000661612 ], [ -7929544.280300000682473, -3772867.171399999409914 ], [ -7929583.70299999974668, -3772852.726399999111891 ], [ -7929541.205399999395013, -3772818.0669 ], [ -7929534.951899999752641, -3772761.327599998563528 ], [ -7929545.443099999800324, -3772710.756499998271465 ], [ -7929599.877299999818206, -3772713.17850000038743 ], [ -7929619.904899999499321, -3772678.403599999845028 ], [ -7929645.689300000667572, -3772651.209899999201298 ], [ -7929678.715800000354648, -3772630.381700001657009 ], [ -7929679.201099999248981, -3772577.057399999350309 ], [ -7929676.114499999210238, -3772520.253400001674891 ], [ -7929672.892799999564886, -3772464.0449 ], [ -7929672.776599999517202, -3772411.918499998748302 ], [ -7929700.670199999585748, -3772397.713599998503923 ], [ -7929717.4189, -3772366.561799999326468 ], [ -7929720.249199999496341, -3772310.82039999961853 ], [ -7929719.065600000321865, -3772251.60869999974966 ], [ -7929712.6886, -3772197.836500000208616 ], [ -7929691.012800000607967, -3772166.892499998211861 ], [ -7929630.453299999237061, -3772179.999600000679493 ], [ -7929568.423100000247359, -3772173.589200001209974 ], [ -7929531.38370000012219, -3772190.945599999278784 ], [ -7929527.166200000792742, -3772240.199299998581409 ], [ -7929533.873199999332428, -3772299.29619999974966 ], [ -7929536.455800000578165, -3772354.925000000745058 ], [ -7929500.7171, -3772372.846799999475479 ], [ -7929503.630899999290705, -3772430.246199999004602 ], [ -7929497.363500000908971, -3772476.581599999219179 ], [ -7929469.157800000160933, -3772438.071400001645088 ], [ -7929423.785800000652671, -3772428.35190000012517 ], [ -7929368.137399999424815, -3772425.954300001263618 ], [ -7929311.98509999923408, -3772427.713599998503923 ], [ -7929261.20920000039041, -3772432.915100000798702 ], [ -7929249.908299999311566, -3772474.615899998694658 ], [ -7929195.106499999761581, -3772473.977099999785423 ], [ -7929142.072300000116229, -3772475.078400000929832 ], [ -7929124.609099999070168, -3772510.9835 ], [ -7929080.951400000602007, -3772525.514499999582767 ], [ -7929045.762700000777841, -3772550.532400000840425 ], [ -7929025.942299999296665, -3772584.709399998188019 ], [ -7928968.660199999809265, -3772583.528599999845028 ], [ -7928914.544800000265241, -3772585.836100000888109 ], [ -7928900.0756, -3772625.825800001621246 ], [ -7928875.25760000012815, -3772662.475999999791384 ], [ -7928837.928600000217557, -3772640.739599999040365 ], [ -7928798.057, -3772626.164500001817942 ], [ -7928781.674799999222159, -3772590.961300000548363 ], [ -7928758.0494, -3772556.500700000673532 ], [ -7928725.570599999278784, -3772532.294100001454353 ], [ -7928728.183800000697374, -3772480.1107 ], [ -7928672.424699999392033, -3772477.712200000882149 ], [ -7928654.910299999639392, -3772516.579599998891354 ], [ -7928618.1381, -3772536.297699999064207 ], [ -7928618.801899999380112, -3772590.190499998629093 ], [ -7928622.0066, -3772645.80799999833107 ] ] ] ] } },
{ "type": "Feature", "properties": { "objectid": 26889, "st_area_sh": 13525.3162632, "st_length_": 636.94447443199999, "Nombre": null, "Tipo": "Tranque", "objectid_2": 64, "shape_leng": 281879.76837000001, "dis_elec": 5, "cir_sena": 5, "cod_comuna": 4203, "codregion": 4, "st_area_sh_2": 2586951371.6599998, "st_length__2": 372268.89762499998, "Region": "Región de Coquimbo", "Comuna": "Los Vilos", "Provincia": "Choapa" }, "geometry": { "type": "MultiPolygon", "coordinates": [ [ [ [ -7956196.444700000807643, -3764422.688299998641014 ], [ -7956196.991800000891089, -3764446.712600000202656 ], [ -7956200.544700000435114, -3764479.151599999517202 ], [ -7956219.567800000309944, -3764511.234900001436472 ], [ -7956242.745999999344349, -3764540.394799999892712 ], [ -7956284.0142, -3764560.654899999499321 ], [ -7956316.876499999314547, -3764582.522399999201298 ], [ -7956324.455700000748038, -3764606.385299999266863 ], [ -7956321.8684, -3764616.342500001192093 ], [ -7956322.061499999836087, -3764624.821699999272823 ], [ -7956341.6546, -3764620.129200000315905 ], [ -7956362.847200000658631, -3764623.883499998599291 ], [ -7956371.543199999257922, -3764634.995200000703335 ], [ -7956393.433800000697374, -3764607.626200001686811 ], [ -7956387.164100000634789, -3764579.491500001400709 ], [ -7956369.8366, -3764560.094799999147654 ], [ -7956342.664300000295043, -3764540.924600001424551 ], [ -7956297.015900000929832, -3764513.695700000971556 ], [ -7956274.127499999478459, -3764497.254799999296665 ], [ -7956252.22690000012517, -3764462.409800000488758 ], [ -7956240.718399999663234, -3764451.363000001758337 ], [ -7956220.752000000327826, -3764422.842000000178814 ], [ -7956196.444700000807643, -3764422.688299998641014 ] ] ] ] } },
{ "type": "Feature", "properties": { "objectid": 26890, "st_area_sh": 32040.521873999998, "st_length_": 1402.42468242, "Nombre": null, "Tipo": "Tranque", "objectid_2": 64, "shape_leng": 281879.76837000001, "dis_elec": 5, "cir_sena": 5, "cod_comuna": 4203, "codregion": 4, "st_area_sh_2": 2586951371.6599998, "st_length__2": 372268.89762499998, "Region": "Región de Coquimbo", "Comuna": "Los Vilos", "Provincia": "Choapa" }, "geometry": { "type": "MultiPolygon", "coordinates": [ [ [ [ -7956794.79700000025332, -3765978.481499999761581 ], [ -7956795.022900000214577, -3765988.375100001692772 ], [ -7956800.907299999147654, -3765999.552299998700619 ], [ -7956821.115399999544024, -3766021.712400000542402 ], [ -7956845.7368, -3766052.2555 ], [ -7956858.880300000309944, -3766064.079900000244379 ], [ -7956879.669199999421835, -3766120.765299998223782 ], [ -7956911.808000000193715, -3766172.347199998795986 ], [ -7956950.94789999909699, -3766222.35359999909997 ], [ -7956966.807700000703335, -3766238.957499999552965 ], [ -7957007.856899999082088, -3766249.323800001293421 ], [ -7957071.411599999293685, -3766259.170699998736382 ], [ -7957102.4858, -3766264.110199999064207 ], [ -7957107.222300000488758, -3766286.627300001680851 ], [ -7957129.98619999922812, -3766297.415100000798702 ], [ -7957159.750700000673532, -3766306.6272 ], [ -7957158.731899999082088, -3766323.6206 ], [ -7957178.811899999156594, -3766340.126899998635054 ], [ -7957212.76410000026226, -3766347.828099999576807 ], [ -7957263.272099999710917, -3766341.005399998277426 ], [ -7957286.828700000420213, -3766324.905699998140335 ], [ -7957321.508500000461936, -3766302.8926 ], [ -7957289.496899999678135, -3766256.96510000154376 ], [ -7957272.811799999326468, -3766265.835099998861551 ], [ -7957246.183700000867248, -3766270.692400000989437 ], [ -7957230.355799999088049, -3766255.5022 ], [ -7957177.82740000076592, -3766235.502700001001358 ], [ -7957152.315099999308586, -3766227.606699999421835 ], [ -7957097.29700000025332, -3766221.805700000375509 ], [ -7957067.597300000488758, -3766215.420200001448393 ], [ -7957039.078099999576807, -3766199.108600001782179 ], [ -7956998.061300000175834, -3766190.155900001525879 ], [ -7956955.347400000318885, -3766168.514800000935793 ], [ -7956930.854499999433756, -3766143.625300001353025 ], [ -7956918.85950000025332, -3766111.377000000327826 ], [ -7956898.166999999433756, -3766068.016199998557568 ], [ -7956872.267899999395013, -3766043.159200001507998 ], [ -7956839.207000000402331, -3766012.810600001364946 ], [ -7956794.79700000025332, -3765978.481499999761581 ] ] ] ] } },
{ "type": "Feature", "properties": { "objectid": 26891, "st_area_sh": 33431.556512399999, "st_length_": 1205.2281097699999, "Nombre": null, "Tipo": "Tranque", "objectid_2": 64, "shape_leng": 281879.76837000001, "dis_elec": 5, "cir_sena": 5, "cod_comuna": 4203, "codregion": 4, "st_area_sh_2": 2586951371.6599998, "st_length__2": 372268.89762499998, "Region": "Región de Coquimbo", "Comuna": "Los Vilos", "Provincia": "Choapa" }, "geometry": { "type": "MultiPolygon", "coordinates": [ [ [ [ -7957445.613800000399351, -3766683.266100000590086 ], [ -7957428.540200000628829, -3766675.1754 ], [ -7957428.50789999961853, -3766673.761999998241663 ], [ -7957427.068900000303984, -3766672.381000000983477 ], [ -7957425.662200000137091, -3766672.413499999791384 ], [ -7957422.848999999463558, -3766672.478500001132488 ], [ -7957421.442299999296665, -3766672.511 ], [ -7957420.003399999812245, -3766671.130100000649691 ], [ -7957418.596799999475479, -3766671.162500001490116 ], [ -7957417.157800000160933, -3766669.781599998474121 ], [ -7957415.7511, -3766669.814100001007318 ], [ -7957415.718800000846386, -3766668.400600001215935 ], [ -7957414.31220000050962, -3766668.4331 ], [ -7957410.092299999669194, -3766668.530600000172853 ], [ -7957408.685699999332428, -3766668.563099998980761 ], [ -7957407.279100000858307, -3766668.595600001513958 ], [ -7957403.0592, -3766668.69310000166297 ], [ -7957397.432700000703335, -3766668.823100000619888 ], [ -7957394.619400000199676, -3766668.888099998235703 ], [ -7957393.212799999862909, -3766668.9206000007689 ], [ -7957390.399399999529123, -3766668.985599998384714 ], [ -7957389.0252, -3766670.431600000709295 ], [ -7957387.618599999696016, -3766670.464099999517202 ], [ -7957386.244200000539422, -3766671.910000000149012 ], [ -7957384.934599999338388, -3766676.182799998670816 ], [ -7957383.528000000864267, -3766676.215300001204014 ], [ -7957383.560399999842048, -3766677.628699999302626 ], [ -7957379.3728, -3766679.139600001275539 ], [ -7957377.966199999675155, -3766679.1721 ], [ -7957376.59180000051856, -3766680.618200000375509 ], [ -7957372.40430000051856, -3766682.129099998623133 ], [ -7957370.997700000181794, -3766682.16160000115633 ], [ -7957369.591099999845028, -3766682.193999998271465 ], [ -7957362.557800000533462, -3766682.356499999761581 ], [ -7957338.645199999213219, -3766682.908900000154972 ], [ -7957328.7664, -3766681.722899999469519 ], [ -7957324.5142, -3766680.406800001859665 ], [ -7957316.041999999433756, -3766679.188299998641014 ], [ -7957314.6031, -3766677.807399999350309 ], [ -7957313.196399999782443, -3766677.839899998158216 ], [ -7957307.505200000479817, -3766675.142900001257658 ], [ -7957306.098600000143051, -3766675.1754 ], [ -7957303.253000000491738, -3766673.826999999582767 ], [ -7957301.781700000166893, -3766671.032499998807907 ], [ -7957300.342800000682473, -3766669.651599999517202 ], [ -7957297.464800000190735, -3766666.889699999243021 ], [ -7957297.432499999180436, -3766665.476199999451637 ], [ -7957295.961200000718236, -3766662.68189999833703 ], [ -7957295.928899999707937, -3766661.268300000578165 ], [ -7957291.579700000584126, -3766655.712000001221895 ], [ -7957291.547399999573827, -3766654.298599999397993 ], [ -7957291.515000000596046, -3766652.885200001299381 ], [ -7957288.604900000616908, -3766648.709800001233816 ], [ -7957287.198100000619888, -3766648.7423 ], [ -7957282.848899999633431, -3766643.186000000685453 ], [ -7957281.410000000149012, -3766641.804999999701977 ], [ -7957275.751199999824166, -3766640.521499998867512 ], [ -7957274.3445999994874, -3766640.554000001400709 ], [ -7957272.937899999320507, -3766640.586399998515844 ], [ -7957271.531300000846386, -3766640.618900001049042 ], [ -7957264.498199999332428, -3766640.781300000846386 ], [ -7957261.684900000691414, -3766640.8462999984622 ], [ -7957254.651799999177456, -3766641.008699998259544 ], [ -7957253.245100000873208, -3766641.041200000792742 ], [ -7957251.838500000536442, -3766641.073699999600649 ], [ -7957249.025299999862909, -3766641.138599999248981 ], [ -7957242.024399999529123, -3766642.714400000870228 ], [ -7957240.617799999192357, -3766642.746899999678135 ], [ -7957233.616900000721216, -3766644.322799999266863 ], [ -7957232.21030000038445, -3766644.35530000180006 ], [ -7957226.583799999207258, -3766644.485199999064207 ], [ -7957223.770500000566244, -3766644.550200000405312 ], [ -7957222.363900000229478, -3766644.582600001245737 ], [ -7957218.143999999389052, -3766644.680100001394749 ], [ -7957216.737400000914931, -3766644.712499998509884 ], [ -7957215.330800000578165, -3766644.745000001043081 ], [ -7957213.924100000411272, -3766644.777499999850988 ], [ -7957208.29759999923408, -3766644.907400000840425 ], [ -7957206.891000000759959, -3766644.939899999648333 ], [ -7957202.6711, -3766645.037300001829863 ], [ -7957199.857899999246001, -3766645.102200001478195 ], [ -7957187.198200000450015, -3766645.394499998539686 ], [ -7957184.3849, -3766645.459399998188019 ], [ -7957178.758400000631809, -3766645.589299999177456 ], [ -7957178.790699999779463, -3766647.002700001001358 ], [ -7957178.823000000789762, -3766648.41609999909997 ], [ -7957178.887700000777841, -3766651.243099998682737 ], [ -7957178.92, -3766652.656500000506639 ], [ -7957180.3267, -3766652.624000001698732 ], [ -7957180.488299999386072, -3766659.691300000995398 ], [ -7957180.520600000396371, -3766661.104699999094009 ], [ -7957182.0241, -3766665.312600001692772 ], [ -7957183.462999999523163, -3766666.693500000983477 ], [ -7957184.934299999848008, -3766669.488000001758337 ], [ -7957184.966600000858307, -3766670.901399999856949 ], [ -7957186.405600000172853, -3766672.282400000840425 ], [ -7957187.844499999657273, -3766673.66330000013113 ], [ -7957193.503399999812245, -3766674.946899998933077 ], [ -7957193.535700000822544, -3766676.360399998724461 ], [ -7957194.942299999296665, -3766676.3279 ], [ -7957199.259099999442697, -3766680.470800001174212 ], [ -7957203.543700000271201, -3766683.200199998915195 ], [ -7957207.79590000025928, -3766684.51630000025034 ], [ -7957209.267200000584126, -3766687.310699999332428 ], [ -7957210.7708, -3766691.5185999982059 ], [ -7957210.900100000202656, -3766697.172400001436472 ], [ -7957210.932399999350309, -3766698.585900001227856 ], [ -7957210.964800000190735, -3766699.999299999326468 ], [ -7957211.029400000348687, -3766702.826099999248981 ], [ -7957209.7195999994874, -3766707.098999999463558 ], [ -7957208.312999999150634, -3766707.131499998271465 ], [ -7957208.410000000149012, -3766711.371800001710653 ], [ -7957208.442299999296665, -3766712.785199999809265 ], [ -7957207.068, -3766714.231199998408556 ], [ -7957205.7259, -3766717.090599998831749 ], [ -7957204.351600000634789, -3766718.53660000115633 ], [ -7957202.945000000298023, -3766718.568999998271465 ], [ -7957198.78969999961555, -3766721.493299998342991 ], [ -7957197.415500000119209, -3766722.9391999989748 ], [ -7957194.634400000795722, -3766724.417700000107288 ], [ -7957193.227800000458956, -3766724.450199998915195 ], [ -7957186.194599999114871, -3766724.612500000745058 ], [ -7957181.9748, -3766724.709899999201298 ], [ -7957180.568, -3766724.742400001734495 ], [ -7957179.161399999633431, -3766724.774900000542402 ], [ -7957174.941500000655651, -3766724.872299998998642 ], [ -7957172.1283, -3766724.937199998646975 ], [ -7957166.4693, -3766723.653599999845028 ], [ -7957165.062699999660254, -3766723.686099998652935 ], [ -7957163.656099999323487, -3766723.718499999493361 ], [ -7957162.249500000849366, -3766723.750999998301268 ], [ -7957162.217199999839067, -3766722.337600000202656 ], [ -7957155.151599999517202, -3766721.086500000208616 ], [ -7957152.306099999696016, -3766719.738000001758337 ], [ -7957149.492799999192357, -3766719.802999999374151 ], [ -7957148.086200000718236, -3766719.835400000214577 ], [ -7957143.8662, -3766719.932799998670816 ], [ -7957142.459599999710917, -3766719.965300001204014 ], [ -7957139.646299999207258, -3766720.030200000852346 ], [ -7957138.239700000733137, -3766720.062699999660254 ], [ -7957135.426400000229478, -3766720.127599999308586 ], [ -7957134.019799999892712, -3766720.160100001841784 ], [ -7957131.206399999558926, -3766720.225000001490116 ], [ -7957129.799799999222159, -3766720.257500000298023 ], [ -7957125.579900000244379, -3766720.354899998754263 ], [ -7957121.392300000414252, -3766721.865699999034405 ], [ -7957119.9857, -3766721.898200001567602 ], [ -7957118.57909999974072, -3766721.930599998682737 ], [ -7957117.1722999997437, -3766721.963100001215935 ], [ -7957112.9847999997437, -3766723.473900001496077 ], [ -7957108.76490000076592, -3766723.5713 ], [ -7957107.39049999974668, -3766725.017200000584126 ], [ -7957107.422800000756979, -3766726.430700000375509 ], [ -7957104.6418999992311, -3766727.909099999815226 ], [ -7957101.86089999973774, -3766729.38740000128746 ], [ -7957100.486600000411272, -3766730.833399999886751 ], [ -7957099.112299999222159, -3766732.27930000051856 ], [ -7957099.176899999380112, -3766735.106199998408556 ], [ -7957097.802500000223517, -3766736.552200000733137 ], [ -7957097.834799999371171, -3766737.965599998831749 ], [ -7957096.4605, -3766739.411499999463558 ], [ -7957095.150800000876188, -3766743.684300001710653 ], [ -7957095.1831, -3766745.097699999809265 ], [ -7957093.841099999845028, -3766747.95719999819994 ], [ -7957092.466700000688434, -3766749.403000000864267 ], [ -7957092.498999999836087, -3766750.816599998623133 ], [ -7957092.531300000846386, -3766752.230000000447035 ], [ -7957092.5636, -3766753.643399998545647 ], [ -7957091.189300000667572, -3766755.089299999177456 ], [ -7957088.472799999639392, -3766759.394600000232458 ], [ -7957088.505200000479817, -3766760.808200001716614 ], [ -7957088.537499999627471, -3766762.221599999815226 ], [ -7957087.130799999460578, -3766762.254000000655651 ], [ -7957087.195499999448657, -3766765.080899998545647 ], [ -7957085.821100000292063, -3766766.526900000870228 ], [ -7957084.44679999910295, -3766767.972800001502037 ], [ -7957083.040100000798702, -3766768.005300000309944 ], [ -7957081.698100000619888, -3766770.864700000733137 ], [ -7957080.291500000283122, -3766770.897100001573563 ], [ -7957078.884800000116229, -3766770.92960000038147 ], [ -7957069.03830000013113, -3766771.156800001859665 ], [ -7957067.6316, -3766771.189300000667572 ], [ -7957059.191700000315905, -3766771.38399999961257 ], [ -7957057.7851, -3766771.416499998420477 ], [ -7957056.378499999642372, -3766771.448899999260902 ], [ -7957050.752000000327826, -3766771.57880000025034 ], [ -7957047.9386, -3766771.643699999898672 ], [ -7957043.718699999153614, -3766771.741099998354912 ], [ -7957040.9054000005126, -3766771.806000001728535 ], [ -7957040.937699999660254, -3766773.219399999827147 ], [ -7957040.970000000670552, -3766774.632800001651049 ], [ -7957042.408900000154972, -3766776.013799998909235 ], [ -7957042.441199999302626, -3766777.427299998700619 ], [ -7957043.847899999469519, -3766777.394900001585484 ], [ -7957045.28690000064671, -3766778.77589999884367 ], [ -7957046.758099999278784, -3766781.57039999961853 ], [ -7957052.416999999433756, -3766782.853999998420477 ], [ -7957070.76799999922514, -3766785.258900001645088 ], [ -7957073.581199999898672, -3766785.193900000303984 ], [ -7957074.987999999895692, -3766785.161499999463558 ], [ -7957080.614499999210238, -3766785.031599998474121 ], [ -7957084.802200000733137, -3766783.520799998193979 ], [ -7957089.021999999880791, -3766783.42339999973774 ], [ -7957090.396500000730157, -3766781.977600000798702 ], [ -7957091.803099999204278, -3766781.945099998265505 ], [ -7957093.209699999541044, -3766781.912599999457598 ], [ -7957094.616399999707937, -3766781.880199998617172 ], [ -7957095.99070000089705, -3766780.434300001710653 ], [ -7957097.397299999371171, -3766780.401799999177456 ], [ -7957097.365000000223517, -3766778.988299999386072 ], [ -7957101.488099999725819, -3766774.650499999523163 ], [ -7957102.862400000914931, -3766773.204599998891354 ], [ -7957104.2368, -3766771.758699998259544 ], [ -7957104.13990000076592, -3766767.518300000578165 ], [ -7957106.888499999418855, -3766764.626400001347065 ], [ -7957106.856200000271201, -3766763.212999999523163 ], [ -7957108.165899999439716, -3766758.940099999308586 ], [ -7957108.133500000461936, -3766757.526700001209974 ], [ -7957109.411000000312924, -3766751.840399999171495 ], [ -7957109.378699999302626, -3766750.427000001072884 ], [ -7957109.346400000154972, -3766749.0135000012815 ], [ -7957110.72069999948144, -3766747.567600000649691 ], [ -7957113.469399999827147, -3766744.675700001418591 ], [ -7957114.843699999153614, -3766743.229800000786781 ], [ -7957123.283600000664592, -3766743.035000000149012 ], [ -7957126.096799999475479, -3766742.970100000500679 ], [ -7957127.503499999642372, -3766742.937600001692772 ], [ -7957128.910199999809265, -3766742.905200000852346 ], [ -7957133.130100000649691, -3766742.807799998670816 ], [ -7957138.756699999794364, -3766742.67790000140667 ], [ -7957143.008899999782443, -3766743.993900001049042 ], [ -7957144.415500000119209, -3766743.961399998515844 ], [ -7957145.822100000455976, -3766743.929000001400709 ], [ -7957148.6678, -3766745.27760000154376 ], [ -7957151.481000000610948, -3766745.212600000202656 ], [ -7957154.294299999251962, -3766745.147700000554323 ], [ -7957155.700899999588728, -3766745.115200001746416 ], [ -7957157.1075, -3766745.082800000905991 ], [ -7957159.953199999406934, -3766746.43129999935627 ], [ -7957161.3597999997437, -3766746.398800000548363 ], [ -7957165.612099999561906, -3766747.714800000190735 ], [ -7957174.084300000220537, -3766748.933499999344349 ], [ -7957178.304199999198318, -3766748.836100000888109 ], [ -7957179.710799999535084, -3766748.803599998354912 ], [ -7957182.5241, -3766748.738699998706579 ], [ -7957185.337400000542402, -3766748.673700001090765 ], [ -7957186.744000000879169, -3766748.64130000025034 ], [ -7957189.557299999520183, -3766748.576299998909235 ], [ -7957190.963899999856949, -3766748.543800000101328 ], [ -7957196.590500000864267, -3766748.413899999111891 ], [ -7957197.997199999168515, -3766748.381499998271465 ], [ -7957200.810399999842048, -3766748.316500000655651 ], [ -7957202.2171, -3766748.284000001847744 ], [ -7957203.623700000345707, -3766748.251600001007318 ], [ -7957205.062699999660254, -3766749.632500000298023 ], [ -7957207.876000000163913, -3766749.567600000649691 ], [ -7957209.282600000500679, -3766749.535100001841784 ], [ -7957210.689200000837445, -3766749.502599999308586 ], [ -7957214.941500000655651, -3766750.818599998950958 ], [ -7957219.161399999633431, -3766750.721200000494719 ], [ -7957224.820299999788404, -3766752.004700001329184 ], [ -7957227.633600000292063, -3766751.9397 ], [ -7957229.104900000616908, -3766754.734200000762939 ], [ -7957231.918199999257922, -3766754.669300001114607 ], [ -7957234.763699999079108, -3766756.017700001597404 ], [ -7957236.170299999415874, -3766755.985300000756979 ], [ -7957237.577099999412894, -3766755.952799998223782 ], [ -7957240.42259999923408, -3766757.301399998366833 ], [ -7957246.081499999389052, -3766758.584899999201298 ], [ -7957250.366100000217557, -3766761.314300000667572 ], [ -7957251.77280000038445, -3766761.281800001859665 ], [ -7957257.463999999687076, -3766763.978799998760223 ], [ -7957261.683900000527501, -3766763.881400000303984 ], [ -7957261.716299999505281, -3766765.294799998402596 ], [ -7957263.122899999842048, -3766765.262299999594688 ], [ -7957264.529500000178814, -3766765.229800000786781 ], [ -7957270.188400000333786, -3766766.513399999588728 ], [ -7957270.22069999948144, -3766767.926899999380112 ], [ -7957271.627399999648333, -3766767.894400000572205 ], [ -7957273.066299999132752, -3766769.275299999862909 ], [ -7957277.318600000813603, -3766770.591299999505281 ], [ -7957278.725199999287724, -3766770.558800000697374 ], [ -7957282.97749999910593, -3766771.874899998307228 ], [ -7957284.384099999442697, -3766771.842399999499321 ], [ -7957287.2621, -3766774.604299999773502 ], [ -7957290.075300000607967, -3766774.539299998432398 ], [ -7957291.482100000604987, -3766774.506799999624491 ], [ -7957292.953299999237061, -3766777.301300000399351 ], [ -7957295.7665, -3766777.236299999058247 ], [ -7957300.018799999728799, -3766778.552299998700619 ], [ -7957301.425599999725819, -3766778.519799999892712 ], [ -7957301.457900000736117, -3766779.933200001716614 ], [ -7957305.71000000089407, -3766781.249299999326468 ], [ -7957308.523399999365211, -3766781.184399999678135 ], [ -7957312.775699999183416, -3766782.500300001353025 ], [ -7957315.588899999856949, -3766782.4353 ], [ -7957316.9956, -3766782.402899999171495 ], [ -7957318.402200000360608, -3766782.370400000363588 ], [ -7957322.622199999168515, -3766782.272900000214577 ], [ -7957326.8421, -3766782.1754 ], [ -7957331.062100000679493, -3766782.078000001609325 ], [ -7957335.249600000679493, -3766780.567099999636412 ], [ -7957343.689500000327826, -3766780.372099999338388 ], [ -7957345.096100000664592, -3766780.339600000530481 ], [ -7957347.909399999305606, -3766780.274599999189377 ], [ -7957349.315999999642372, -3766780.24210000038147 ], [ -7957352.1294, -3766780.177200000733137 ], [ -7957354.942600000649691, -3766780.112199999392033 ], [ -7957356.349300000816584, -3766780.079700000584126 ], [ -7957357.755899999290705, -3766780.047200001776218 ], [ -7957359.162499999627471, -3766780.014699999243021 ], [ -7957363.382500000298023, -3766779.917199999094009 ], [ -7957367.602399999275804, -3766779.819699998944998 ], [ -7957373.229000000283122, -3766779.689800001680851 ], [ -7957377.448899999260902, -3766779.592300001531839 ], [ -7957381.6689, -3766779.494800001382828 ], [ -7957385.88880000077188, -3766779.397300001233816 ], [ -7957387.295399999246001, -3766779.364799998700619 ], [ -7957391.5154, -3766779.267299998551607 ], [ -7957398.548499999567866, -3766779.104800000786781 ], [ -7957401.3619, -3766779.039799999445677 ], [ -7957404.175100000575185, -3766778.974800001829863 ], [ -7957411.208399999886751, -3766778.812300000339746 ], [ -7957412.615000000223517, -3766778.779800001531839 ], [ -7957414.021600000560284, -3766778.747299998998642 ], [ -7957415.428300000727177, -3766778.714800000190735 ], [ -7957416.834899999201298, -3766778.682300001382828 ], [ -7957418.241499999538064, -3766778.64979999884963 ], [ -7957425.274800000712276, -3766778.487300001084805 ], [ -7957429.494799999520183, -3766778.389800000935793 ], [ -7957430.901399999856949, -3766778.357299998402596 ], [ -7957435.121300000697374, -3766778.259799998253584 ], [ -7957437.934499999508262, -3766778.19480000063777 ], [ -7957440.747899999842048, -3766778.129799999296665 ], [ -7957443.56110000051558, -3766778.064800001680851 ], [ -7957446.374399999156594, -3766777.999800000339746 ], [ -7957447.780999999493361, -3766777.967300001531839 ], [ -7957454.814300000667572, -3766777.8048 ], [ -7957461.847500000149012, -3766777.642200000584126 ], [ -7957463.254100000485778, -3766777.609700001776218 ], [ -7957464.660800000652671, -3766777.577199999243021 ], [ -7957470.287399999797344, -3766777.447200000286102 ], [ -7957477.320499999448657, -3766777.284699998795986 ], [ -7957478.662499999627471, -3766774.425200000405312 ], [ -7957481.47580000013113, -3766774.360199999064207 ], [ -7957482.882400000467896, -3766774.3277000002563 ], [ -7957484.289100000634789, -3766774.295200001448393 ], [ -7957485.66330000013113, -3766772.849199999123812 ], [ -7957485.630999999120831, -3766771.4358000010252 ], [ -7957485.598600000143051, -3766770.022300001233816 ], [ -7957485.566299999132752, -3766768.608800001442432 ], [ -7957485.533900000154972, -3766767.19539999961853 ], [ -7957485.501599999144673, -3766765.781899999827147 ], [ -7957485.469200000166893, -3766764.368500001728535 ], [ -7957485.436899999156594, -3766762.954999998211861 ], [ -7957485.404500000178814, -3766761.541600000113249 ], [ -7957485.372199999168515, -3766760.128100000321865 ], [ -7957485.307499999180436, -3766757.301199998706579 ], [ -7957485.210400000214577, -3766753.060899998992682 ], [ -7957485.178099999204278, -3766751.647399999201298 ], [ -7957485.145700000226498, -3766750.233899999409914 ], [ -7957485.113399999216199, -3766748.820500001311302 ], [ -7957485.081000000238419, -3766747.4070999994874 ], [ -7957484.983999999240041, -3766743.166700001806021 ], [ -7957484.919299999251962, -3766740.339699998497963 ], [ -7957484.822200000286102, -3766736.099399998784065 ], [ -7957484.757500000298023, -3766733.27250000089407 ], [ -7957484.725199999287724, -3766731.859099999070168 ], [ -7957484.628100000321865, -3766727.61879999935627 ], [ -7957481.750099999830127, -3766724.856800001114607 ], [ -7957480.214099999517202, -3766719.235500000417233 ], [ -7957478.742799999192357, -3766716.441100001335144 ], [ -7957477.271500000730157, -3766713.646800000220537 ], [ -7957474.393400000408292, -3766710.884799998253584 ], [ -7957472.9222, -3766708.090500000864267 ], [ -7957472.8575, -3766705.263599999248981 ], [ -7957469.979399999603629, -3766702.501800000667572 ], [ -7957469.947100000455976, -3766701.088199999183416 ], [ -7957468.540500000119209, -3766701.120700001716614 ], [ -7957468.47580000013113, -3766698.2939000017941 ], [ -7957465.630100000649691, -3766696.94539999961853 ], [ -7957465.597799999639392, -3766695.532000001519918 ], [ -7957464.191199999302626, -3766695.564500000327826 ], [ -7957464.158800000324845, -3766694.151099998503923 ], [ -7957462.719900000840425, -3766692.770199999213219 ], [ -7957462.6875, -3766691.356600001454353 ], [ -7957459.809499999508262, -3766688.594799999147654 ], [ -7957459.777200000360608, -3766687.18129999935627 ], [ -7957456.931600000709295, -3766685.832899998873472 ], [ -7957455.492599999532104, -3766684.451999999582767 ], [ -7957454.053600000217557, -3766683.071100000292063 ], [ -7957452.646999999880791, -3766683.10359999909997 ], [ -7957445.613800000399351, -3766683.266100000590086 ] ] ] ] } },
{ "type": "Feature", "properties": { "objectid": 13686, "st_area_sh": 172275.89916, "st_length_": 2284.7828227099999, "Nombre": null, "Tipo": "Laguna", "objectid_2": 62, "shape_leng": 314433.003983, "dis_elec": 5, "cir_sena": 5, "cod_comuna": 4202, "codregion": 4, "st_area_sh_2": 3023257099.6100001, "st_length__2": 414867.29317700001, "Region": "Región de Coquimbo", "Comuna": "Canela", "Provincia": "Choapa" }, "geometry": { "type": "MultiPolygon", "coordinates": [ [ [ [ -7965166.347999999299645, -3709641.835999999195337 ], [ -7965198.543600000441074, -3709620.455699998885393 ], [ -7965230.839400000870228, -3709604.965799998492002 ], [ -7965236.06279999949038, -3709504.077100001275539 ], [ -7965188.649900000542402, -3709499.886399999260902 ], [ -7965153.944599999114871, -3709479.486900001764297 ], [ -7965161.934900000691414, -3709422.729499999433756 ], [ -7965195.004799999296665, -3709450.8277000002563 ], [ -7965236.13990000076592, -3709456.933600001037121 ], [ -7965248.165300000458956, -3709494.954 ], [ -7965275.021999999880791, -3709526.144400000572205 ], [ -7965307.630599999800324, -3709545.414200000464916 ], [ -7965311.33530000038445, -3709600.719200000166893 ], [ -7965345.311300000175834, -3709585.778799999505281 ], [ -7965340.9517, -3709529.900100000202656 ], [ -7965378.1645, -3709515.473000001162291 ], [ -7965375.540200000628829, -3709460.143100000917912 ], [ -7965372.590800000354648, -3709404.231800001114607 ], [ -7965409.162200000137091, -3709389.819899998605251 ], [ -7965413.33669999986887, -3709340.812800001353025 ], [ -7965414.746099999174476, -3709287.156700000166893 ], [ -7965413.976099999621511, -3709231.195000000298023 ], [ -7965411.076999999582767, -3709175.8728 ], [ -7965406.085200000554323, -3709123.546300001442432 ], [ -7965373.038200000301003, -3709101.930599998682737 ], [ -7965341.030999999493361, -3709076.165699999779463 ], [ -7965326.886199999600649, -3709035.250199999660254 ], [ -7965273.1974, -3709035.331900000572205 ], [ -7965255.018799999728799, -3708997.457400001585484 ], [ -7965204.745999999344349, -3708996.280099999159575 ], [ -7965149.193600000813603, -3709000.529800001531839 ], [ -7965113.917500000447035, -3709076.192200001329184 ], [ -7965094.272099999710917, -3709108.472699999809265 ], [ -7965065.752900000661612, -3709144.496899999678135 ], [ -7965050.278100000694394, -3709179.625999998301268 ], [ -7965052.708699999377131, -3709233.780799999833107 ], [ -7965055.684100000187755, -3709288.512299999594688 ], [ -7965091.816199999302626, -3709320.663600001484156 ], [ -7965091.151499999687076, -3709377.248700000345707 ], [ -7965059.239900000393391, -3709402.1570999994874 ], [ -7965037.098600000143051, -3709432.729200001806021 ], [ -7965012.671800000593066, -3709469.836800001561642 ], [ -7965036.455199999734759, -3709505.224599998444319 ], [ -7965092.674200000241399, -3709498.013300001621246 ], [ -7965093.1316, -3709551.626499999314547 ], [ -7965127.196000000461936, -3709574.398299999535084 ], [ -7965127.607999999076128, -3709624.477299999445677 ], [ -7965166.347999999299645, -3709641.835999999195337 ] ] ] ] } },
{ "type": "Feature", "properties": { "objectid": 13687, "st_area_sh": 52201.732486499997, "st_length_": 1182.29086594, "Nombre": null, "Tipo": "Laguna", "objectid_2": 62, "shape_leng": 314433.003983, "dis_elec": 5, "cir_sena": 5, "cod_comuna": 4202, "codregion": 4, "st_area_sh_2": 3023257099.6100001, "st_length__2": 414867.29317700001, "Region": "Región de Coquimbo", "Comuna": "Canela", "Provincia": "Choapa" }, "geometry": { "type": "MultiPolygon", "coordinates": [ [ [ [ -7965079.069700000807643, -3710000.9923 ], [ -7965135.231300000101328, -3709994.370999999344349 ], [ -7965161.970599999651313, -3709963.689500000327826 ], [ -7965177.675000000745058, -3709925.016800001263618 ], [ -7965250.3881, -3709932.738899998366833 ], [ -7965289.00789999961853, -3709918.867899999022484 ], [ -7965291.589999999850988, -3709862.8246 ], [ -7965274.651699999347329, -3709813.721999999135733 ], [ -7965236.423900000751019, -3709796.351399999111891 ], [ -7965244.0197, -3709745.494600001722574 ], [ -7965283.839299999177456, -3709723.34569999948144 ], [ -7965242.31980000063777, -3709703.106100000441074 ], [ -7965185.0888, -3709701.50279999896884 ], [ -7965129.7116, -3709706.337900001555681 ], [ -7965092.286699999123812, -3709726.662300001829863 ], [ -7965096.8739, -3709786.072500001639128 ], [ -7965041.474199999123812, -3709782.068399999290705 ], [ -7965021.923900000751019, -3709813.759199999272823 ], [ -7965025.499199999496341, -3709869.068500000983477 ], [ -7965030.873999999836087, -3709926.103799998760223 ], [ -7965100.692900000140071, -3709884.983399998396635 ], [ -7965105.097699999809265, -3709937.327100001275539 ], [ -7965071.884500000625849, -3709959.910199999809265 ], [ -7965079.069700000807643, -3710000.9923 ] ] ] ] } },
{ "type": "Feature", "properties": { "objectid": 13688, "st_area_sh": 68994.164955600005, "st_length_": 1529.5800383799999, "Nombre": null, "Tipo": "Laguna", "objectid_2": 62, "shape_leng": 314433.003983, "dis_elec": 5, "cir_sena": 5, "cod_comuna": 4202, "codregion": 4, "st_area_sh_2": 3023257099.6100001, "st_length__2": 414867.29317700001, "Region": "Región de Coquimbo", "Comuna": "Canela", "Provincia": "Choapa" }, "geometry": { "type": "MultiPolygon", "coordinates": [ [ [ [ -7959467.768300000578165, -3710519.104800000786781 ], [ -7959498.353199999779463, -3710485.988200001418591 ], [ -7959451.94679999910295, -3710485.876800000667572 ], [ -7959447.8268, -3710441.771800000220537 ], [ -7959455.827199999243021, -3710382.655099999159575 ], [ -7959445.743100000545382, -3710342.223600000143051 ], [ -7959411.739900000393391, -3710321.789900001138449 ], [ -7959414.195299999788404, -3710262.212000001221895 ], [ -7959387.724600000306964, -3710234.53319999948144 ], [ -7959341.028699999675155, -3710229.713500000536442 ], [ -7959341.2105, -3710174.902800001204014 ], [ -7959345.378200000151992, -3710116.464899998158216 ], [ -7959318.302300000563264, -3710091.157499998807907 ], [ -7959271.163699999451637, -3710084.579799998551607 ], [ -7959268.308000000193715, -3710025.125100001692772 ], [ -7959226.67989999987185, -3710031.974700000137091 ], [ -7959213.8619, -3709985.713799998164177 ], [ -7959190.049200000241399, -3710028.101700000464916 ], [ -7959149.479800000786781, -3710033.1587999984622 ], [ -7959157.872899999842048, -3710089.539900001138449 ], [ -7959158.6392, -3710142.560499999672174 ], [ -7959202.36009999923408, -3710192.237199999392033 ], [ -7959199.346899999305606, -3710248.291700001806021 ], [ -7959224.558399999514222, -3710275.410500001162291 ], [ -7959269.188699999824166, -3710321.530699998140335 ], [ -7959299.170099999755621, -3710352.075800001621246 ], [ -7959340.247199999168515, -3710374.115299999713898 ], [ -7959341.980200000107288, -3710427.704199999570847 ], [ -7959343.526499999687076, -3710479.529599998146296 ], [ -7959395.508600000292063, -3710483.049199998378754 ], [ -7959413.657600000500679, -3710513.866500001400709 ], [ -7959467.768300000578165, -3710519.104800000786781 ] ] ] ] } },
{ "type": "Feature", "properties": { "objectid": 13689, "st_area_sh": 39234.630961700001, "st_length_": 972.21045232100005, "Nombre": null, "Tipo": "Laguna", "objectid_2": 62, "shape_leng": 314433.003983, "dis_elec": 5, "cir_sena": 5, "cod_comuna": 4202, "codregion": 4, "st_area_sh_2": 3023257099.6100001, "st_length__2": 414867.29317700001, "Region": "Región de Coquimbo", "Comuna": "Canela", "Provincia": "Choapa" }, "geometry": { "type": "MultiPolygon", "coordinates": [ [ [ [ -7961463.0131, -3710531.397199999541044 ], [ -7961491.453500000759959, -3710511.290500000119209 ], [ -7961530.913599999621511, -3710485.035300001502037 ], [ -7961571.247199999168515, -3710461.706399999558926 ], [ -7961610.200999999418855, -3710441.355900000780821 ], [ -7961610.731200000271201, -3710383.000700000673532 ], [ -7961563.720499999821186, -3710360.517200000584126 ], [ -7961546.605399999767542, -3710319.07209999859333 ], [ -7961494.971100000664592, -3710317.910999998450279 ], [ -7961493.709899999201298, -3710310.8684 ], [ -7961484.803899999707937, -3710262.161400001496077 ], [ -7961445.366599999368191, -3710254.235100001096725 ], [ -7961448.681700000539422, -3710195.816199999302626 ], [ -7961407.2752, -3710189.114 ], [ -7961404.337799999862909, -3710241.631000000983477 ], [ -7961384.823400000110269, -3710283.33500000089407 ], [ -7961379.096000000834465, -3710338.863600000739098 ], [ -7961405.443800000473857, -3710364.183499999344349 ], [ -7961418.11570000089705, -3710431.662200000137091 ], [ -7961426.497099999338388, -3710475.078099999576807 ], [ -7961463.455299999564886, -3710477.168800000101328 ], [ -7961463.0131, -3710531.397199999541044 ] ] ] ] } },
{ "type": "Feature", "properties": { "objectid": 13690, "st_area_sh": 17263.487789300001, "st_length_": 532.91074440600005, "Nombre": null, "Tipo": "Laguna", "objectid_2": 62, "shape_leng": 314433.003983, "dis_elec": 5, "cir_sena": 5, "cod_comuna": 4202, "codregion": 4, "st_area_sh_2": 3023257099.6100001, "st_length__2": 414867.29317700001, "Region": "Región de Coquimbo", "Comuna": "Canela", "Provincia": "Choapa" }, "geometry": { "type": "MultiPolygon", "coordinates": [ [ [ [ -7961247.166799999773502, -3710789.219900000840425 ], [ -7961291.232200000435114, -3710782.306400001049042 ], [ -7961325.690199999138713, -3710763.239100001752377 ], [ -7961327.896199999377131, -3710708.37950000166893 ], [ -7961307.233899999409914, -3710697.660500001162291 ], [ -7961291.076999999582767, -3710689.194400001317263 ], [ -7961271.564600000157952, -3710643.088599998503923 ], [ -7961218.450899999588728, -3710639.013900000602007 ], [ -7961163.615299999713898, -3710646.176300000399351 ], [ -7961143.262800000607967, -3710684.954 ], [ -7961180.676699999719858, -3710705.304400000721216 ], [ -7961211.43099999986589, -3710751.739799998700619 ], [ -7961247.166799999773502, -3710789.219900000840425 ] ] ] ] } },
{ "type": "Feature", "properties": { "objectid": 13692, "st_area_sh": 30169.839923399999, "st_length_": 850.02960869599997, "Nombre": null, "Tipo": "Laguna", "objectid_2": 62, "shape_leng": 314433.003983, "dis_elec": 5, "cir_sena": 5, "cod_comuna": 4202, "codregion": 4, "st_area_sh_2": 3023257099.6100001, "st_length__2": 414867.29317700001, "Region": "Región de Coquimbo", "Comuna": "Canela", "Provincia": "Choapa" }, "geometry": { "type": "MultiPolygon", "coordinates": [ [ [ [ -7963759.35359999909997, -3713284.071199998259544 ], [ -7963770.317299999296665, -3713241.374200001358986 ], [ -7963787.930099999532104, -3713205.595499999821186 ], [ -7963844.504300000146031, -3713208.988899998366833 ], [ -7963897.290899999439716, -3713209.523299999535084 ], [ -7963989.558399999514222, -3713213.849899999797344 ], [ -7964025.712899999693036, -3713195.910199999809265 ], [ -7964016.745200000703335, -3713137.174899999052286 ], [ -7963989.438400000333786, -3713108.930599998682737 ], [ -7963947.376299999654293, -3713095.767400000244379 ], [ -7963890.967199999839067, -3713094.728399999439716 ], [ -7963836.274800000712276, -3713098.954100001603365 ], [ -7963809.200999999418855, -3713126.701400000602007 ], [ -7963776.18019999936223, -3713139.851500000804663 ], [ -7963751.10219999961555, -3713172.267799999564886 ], [ -7963725.684299999848008, -3713210.586599998176098 ], [ -7963703.8531, -3713244.695500001311302 ], [ -7963759.35359999909997, -3713284.071199998259544 ] ] ] ] } },
{ "type": "Feature", "properties": { "objectid": 13693, "st_area_sh": 48396.0864803, "st_length_": 1141.1930062199999, "Nombre": null, "Tipo": "Laguna", "objectid_2": 62, "shape_leng": 314433.003983, "dis_elec": 5, "cir_sena": 5, "cod_comuna": 4202, "codregion": 4, "st_area_sh_2": 3023257099.6100001, "st_length__2": 414867.29317700001, "Region": "Región de Coquimbo", "Comuna": "Canela", "Provincia": "Choapa" }, "geometry": { "type": "MultiPolygon", "coordinates": [ [ [ [ -7963753.737500000745058, -3713992.749499998986721 ], [ -7963786.969399999827147, -3713964.856300000101328 ], [ -7963799.9353, -3713921.520599998533726 ], [ -7963826.251800000667572, -3713885.536299999803305 ], [ -7963885.856300000101328, -3713837.573600001633167 ], [ -7963959.611500000581145, -3713832.312100000679493 ], [ -7963985.748400000855327, -3713798.100400000810623 ], [ -7964021.416400000452995, -3713767.792199999094009 ], [ -7964049.980799999088049, -3713732.344799999147654 ], [ -7964066.819199999794364, -3713697.171700000762939 ], [ -7964061.716399999335408, -3713640.70160000026226 ], [ -7964029.30320000089705, -3713627.901900000870228 ], [ -7964012.421900000423193, -3713587.6233000010252 ], [ -7963955.950500000268221, -3713589.533399999141693 ], [ -7963920.659, -3713616.295400001108646 ], [ -7963887.491499999538064, -3713650.081399999558926 ], [ -7963853.435799999162555, -3713680.351199999451637 ], [ -7963850.3487, -3713732.2972999997437 ], [ -7963850.572799999266863, -3713787.113600000739098 ], [ -7963821.0033, -3713829.068500000983477 ], [ -7963791.211300000548363, -3713859.828499998897314 ], [ -7963752.620300000533462, -3713889.025699999183416 ], [ -7963745.570599999278784, -3713941.654800001531839 ], [ -7963753.737500000745058, -3713992.749499998986721 ] ] ] ] } },
{ "type": "Feature", "properties": { "objectid": 13694, "st_area_sh": 387873.42849399999, "st_length_": 4169.30824441, "Nombre": null, "Tipo": "Laguna", "objectid_2": 62, "shape_leng": 314433.003983, "dis_elec": 5, "cir_sena": 5, "cod_comuna": 4202, "codregion": 4, "st_area_sh_2": 3023257099.6100001, "st_length__2": 414867.29317700001, "Region": "Región de Coquimbo", "Comuna": "Canela", "Provincia": "Choapa" }, "geometry": { "type": "MultiPolygon", "coordinates": [ [ [ [ -7964485.837600000202656, -3714644.761799998581409 ], [ -7964472.92339999973774, -3714593.598400000482798 ], [ -7964350.9167, -3713953.754900000989437 ], [ -7964326.918199999257922, -3713945.770599998533726 ], [ -7964326.878599999472499, -3713944.062199998646975 ], [ -7964316.63880000077188, -3713942.592700000852346 ], [ -7964306.398900000378489, -3713941.123199999332428 ], [ -7964294.498800000175834, -3713941.401900000870228 ], [ -7964292.79869999922812, -3713941.441700000315905 ], [ -7964289.398700000718236, -3713941.521299999207258 ], [ -7964282.598500000312924, -3713941.680500000715256 ], [ -7964279.198400000110269, -3713941.760099999606609 ], [ -7964275.877699999138713, -3713945.256400000303984 ], [ -7964270.89640000090003, -3713950.500900000333786 ], [ -7964270.936000000685453, -3713952.209199998527765 ], [ -7964267.6151, -3713955.705400001257658 ], [ -7964264.373400000855327, -3713962.6184 ], [ -7964264.4527000002563, -3713966.035100001841784 ], [ -7964264.4923, -3713967.743500001728535 ], [ -7964262.911000000312924, -3713972.908399999141693 ], [ -7964262.9507, -3713974.616700001060963 ], [ -7964261.290200000628829, -3713976.364900000393391 ], [ -7964259.669399999082088, -3713979.8213 ], [ -7964259.788200000301003, -3713984.9463 ], [ -7964259.8278, -3713986.654699999839067 ], [ -7964259.86739999987185, -3713988.363000001758337 ], [ -7964258.2862, -3713993.527899999171495 ], [ -7964258.325799999758601, -3713995.236299999058247 ], [ -7964258.444599999114871, -3714000.361200001090765 ], [ -7964258.523800000548363, -3714003.777899999171495 ], [ -7964258.6031, -3714007.194600000977516 ], [ -7964258.682299999520183, -3714010.611400000751019 ], [ -7964258.761499999091029, -3714014.028099998831749 ], [ -7964258.801100000739098, -3714015.736400000751019 ], [ -7964258.9199, -3714020.8614999987185 ], [ -7964259.078299999237061, -3714027.69480000063777 ], [ -7964259.197200000286102, -3714032.819899998605251 ], [ -7964255.915999999269843, -3714038.024599999189377 ], [ -7964255.955600000917912, -3714039.732999999076128 ], [ -7964255.995200000703335, -3714041.441300000995398 ], [ -7964254.295199999585748, -3714041.481100000441074 ], [ -7964252.6743, -3714044.937600001692772 ], [ -7964252.753499999642372, -3714048.354299999773502 ], [ -7964252.793099999427795, -3714050.062600001692772 ], [ -7964252.832699999213219, -3714051.771000001579523 ], [ -7964252.872400000691414, -3714053.479400001466274 ], [ -7964252.912000000476837, -3714055.187699999660254 ], [ -7964251.251499999314547, -3714056.935899998992682 ], [ -7964251.29109999909997, -3714058.644299998879433 ], [ -7964251.330700000748038, -3714060.352600000798702 ], [ -7964248.009800000116229, -3714063.848999999463558 ], [ -7964248.0494, -3714065.557300001382828 ], [ -7964248.088999999687076, -3714067.265700001269579 ], [ -7964244.768100000917912, -3714070.761900000274181 ], [ -7964243.107699999585748, -3714072.510099999606609 ], [ -7964241.447200000286102, -3714074.258299998939037 ], [ -7964239.786800000816584, -3714076.006400000303984 ], [ -7964234.726299999281764, -3714077.834199998527765 ], [ -7964233.0263, -3714077.874000001698732 ], [ -7964231.365800000727177, -3714079.622099999338388 ], [ -7964228.005300000309944, -3714081.410100001841784 ], [ -7964224.644799999892712, -3714083.198100000619888 ], [ -7964222.984300000593066, -3714084.946199998259544 ], [ -7964219.623800000175834, -3714086.734200000762939 ], [ -7964216.302899999544024, -3714090.230500001460314 ], [ -7964211.36119999922812, -3714097.183299999684095 ], [ -7964209.7007, -3714098.931499999016523 ], [ -7964209.859099999070168, -3714105.764899998903275 ], [ -7964209.938300000503659, -3714109.181699998676777 ], [ -7964208.39670000039041, -3714116.054900001734495 ], [ -7964208.436300000175834, -3714117.7632 ], [ -7964208.51549999974668, -3714121.179999999701977 ], [ -7964208.594699999317527, -3714124.596700001507998 ], [ -7964206.9342, -3714126.344900000840425 ], [ -7964206.973799999803305, -3714128.053300000727177 ], [ -7964207.092599999159575, -3714133.178399998694658 ], [ -7964207.171800000593066, -3714136.594999998807907 ], [ -7964207.211400000378489, -3714138.303399998694658 ], [ -7964207.290699999779463, -3714141.720199998468161 ], [ -7964203.969699999317527, -3714145.216499999165535 ], [ -7964204.048900000751019, -3714148.633299998939037 ], [ -7964204.128100000321865, -3714152.050000000745058 ], [ -7964204.167700000107288, -3714153.758400000631809 ], [ -7964204.207299999892712, -3714155.46680000051856 ], [ -7964204.326099999248981, -3714160.59180000051856 ], [ -7964204.405300000682473, -3714164.008600000292063 ], [ -7964204.48450000025332, -3714167.425299998372793 ], [ -7964204.563699999824166, -3714170.842099998146296 ], [ -7964204.60329999960959, -3714172.550500001758337 ], [ -7964204.682600000873208, -3714175.967199999839067 ], [ -7964204.801400000229478, -3714181.092399999499321 ], [ -7964204.841, -3714182.800700001418591 ], [ -7964204.880599999800324, -3714184.50899999961257 ], [ -7964204.920199999585748, -3714186.217399999499321 ], [ -7964204.999399999156594, -3714189.634199999272823 ], [ -7964205.039000000804663, -3714191.342599999159575 ], [ -7964205.118200000375509, -3714194.759399998933077 ], [ -7964205.157800000160933, -3714196.467700000852346 ], [ -7964205.1974, -3714198.176100000739098 ], [ -7964203.53690000064671, -3714199.9243 ], [ -7964203.616100000217557, -3714203.341099999845028 ], [ -7964201.995200000703335, -3714206.797499999403954 ], [ -7964198.713899999856949, -3714212.002300001680851 ], [ -7964198.753499999642372, -3714213.710700001567602 ], [ -7964195.511700000613928, -3714220.623799998313189 ], [ -7964193.811799999326468, -3714220.663600001484156 ], [ -7964193.851399999111891, -3714222.372000001370907 ], [ -7964188.869899999350309, -3714227.616399999707937 ], [ -7964185.549000000581145, -3714231.112799998372793 ], [ -7964183.888499999418855, -3714232.861000001430511 ], [ -7964182.2676, -3714236.317499998956919 ], [ -7964178.946599999442697, -3714239.813900001347065 ], [ -7964177.246500000357628, -3714239.853700000792742 ], [ -7964173.965199999511242, -3714245.058499999344349 ], [ -7964168.944199999794364, -3714248.5945999994874 ], [ -7964167.323300000280142, -3714252.051100000739098 ], [ -7964164.002399999648333, -3714255.547499999403954 ], [ -7964159.020899999886751, -3714260.791999999433756 ], [ -7964154.03940000012517, -3714266.03660000115633 ], [ -7964148.978900000452995, -3714267.86430000141263 ], [ -7964147.318399999290705, -3714269.612500000745058 ], [ -7964143.957800000905991, -3714271.400499999523163 ], [ -7964140.557600000873208, -3714271.480099998414516 ], [ -7964137.236600000411272, -3714274.976300001144409 ], [ -7964135.536499999463558, -3714275.016100000590086 ], [ -7964130.4759, -3714276.843899998813868 ], [ -7964127.154999999329448, -3714280.340199999511242 ], [ -7964123.794399999082088, -3714282.128199998289347 ], [ -7964118.773299999535084, -3714285.664299998432398 ], [ -7964117.073200000450015, -3714285.704100001603365 ], [ -7964113.712600000202656, -3714287.49210000038147 ], [ -7964112.012499999254942, -3714287.531899999827147 ], [ -7964110.352, -3714289.280099999159575 ], [ -7964106.991399999707937, -3714291.068 ], [ -7964100.230799999088049, -3714292.935600001364946 ], [ -7964095.1305, -3714293.054900001734495 ], [ -7964090.109400000423193, -3714296.591099999845028 ], [ -7964086.70920000039041, -3714296.6706000007689 ], [ -7964083.309100000187755, -3714296.750199999660254 ], [ -7964079.9485, -3714298.537999998778105 ], [ -7964076.5483, -3714298.617600001394749 ], [ -7964071.448100000619888, -3714298.736900001764297 ], [ -7964057.887000000104308, -3714300.7635000012815 ], [ -7964052.82630000077188, -3714302.591299999505281 ], [ -7964051.205399999395013, -3714306.047800000756979 ], [ -7964049.5449, -3714307.796 ], [ -7964047.844799999147654, -3714307.835799999535084 ], [ -7964041.163100000470877, -3714313.120099999010563 ], [ -7964039.542300000786781, -3714316.576699998229742 ], [ -7964037.842199999839067, -3714316.616500001400709 ], [ -7964037.921399999409914, -3714320.033300001174212 ], [ -7964034.600400000810623, -3714323.529500000178814 ], [ -7964031.27930000051856, -3714327.02589999884367 ], [ -7964027.918700000271201, -3714328.813799999654293 ], [ -7964027.9583, -3714330.522199999541044 ], [ -7964026.258199999108911, -3714330.561999998986721 ], [ -7964026.297800000756979, -3714332.270399998873472 ], [ -7964024.676799999549985, -3714335.727000001817942 ], [ -7964024.716399999335408, -3714337.435400001704693 ], [ -7964024.755999999120831, -3714339.143800001591444 ], [ -7964024.7956000007689, -3714340.852200001478195 ], [ -7964024.87470000050962, -3714344.269000001251698 ], [ -7964024.914300000295043, -3714345.977299999445677 ], [ -7964024.9539, -3714347.685699999332428 ], [ -7964024.99349999986589, -3714349.394099999219179 ], [ -7964025.072599999606609, -3714352.810899998992682 ], [ -7964025.112199999392033, -3714354.519299998879433 ], [ -7964025.151799999177456, -3714356.227800000458956 ], [ -7964025.230900000780821, -3714359.644600000232458 ], [ -7964026.93099999986589, -3714359.604800000786781 ], [ -7964030.449999999254942, -3714364.650499999523163 ], [ -7964030.48960000090301, -3714366.358899999409914 ], [ -7964034.008500000461936, -3714371.404500000178814 ], [ -7964034.048100000247359, -3714373.1129 ], [ -7964035.787799999117851, -3714374.781500000506639 ], [ -7964035.866900000721216, -3714378.198300000280142 ], [ -7964035.946100000292063, -3714381.615200001746416 ], [ -7964035.9857, -3714383.323600001633167 ], [ -7964036.064799999818206, -3714386.74040000140667 ], [ -7964036.104399999603629, -3714388.448800001293421 ], [ -7964036.223200000822544, -3714393.573899999260902 ], [ -7964031.162399999797344, -3714395.401700001209974 ], [ -7964017.640799999237061, -3714399.136700000613928 ], [ -7964009.219499999657273, -3714402.752399999648333 ], [ -7964007.519300000742078, -3714402.792100001126528 ], [ -7964004.119100000709295, -3714402.8717 ], [ -7964000.758500000461936, -3714404.659600000828505 ], [ -7963995.697799999266863, -3714406.487399999052286 ], [ -7963983.7971, -3714406.765700001269579 ], [ -7963956.872400000691414, -3714419.360800001770258 ], [ -7963955.251499999314547, -3714422.817400000989437 ], [ -7963951.890900000929832, -3714424.60530000180006 ], [ -7963950.269999999552965, -3714428.061999998986721 ], [ -7963950.309499999508262, -3714429.770399998873472 ], [ -7963948.7281, -3714434.935400001704693 ], [ -7963948.886399999260902, -3714441.769000001251698 ], [ -7963948.926000000908971, -3714443.477400001138449 ], [ -7963949.005100000649691, -3714446.894200000911951 ], [ -7963949.044700000435114, -3714448.602699998766184 ], [ -7963950.823899999260902, -3714451.979699999094009 ], [ -7963950.863500000908971, -3714453.688200000673532 ], [ -7963952.603199999779463, -3714455.356800001114607 ], [ -7963954.342800000682473, -3714457.025499999523163 ], [ -7963956.042899999767542, -3714456.9857 ], [ -7963957.782600000500679, -3714458.654399998486042 ], [ -7963959.561799999326468, -3714462.031300000846386 ], [ -7963961.261900000274181, -3714461.991599999368191 ], [ -7963964.7017, -3714463.62049999833107 ], [ -7963968.181099999696016, -3714466.957800000905991 ], [ -7963969.960400000214577, -3714470.334899999201298 ], [ -7963971.700099999085069, -3714472.003499999642372 ], [ -7963975.13990000076592, -3714473.632399998605251 ], [ -7963975.179500000551343, -3714475.340900000184774 ], [ -7963980.319299999624491, -3714476.929999999701977 ], [ -7963980.358899999409914, -3714478.638399999588728 ], [ -7963982.098500000312924, -3714480.307100001722574 ], [ -7963983.838199999183416, -3714481.975600000470877 ], [ -7963985.5384, -3714481.9358000010252 ], [ -7963987.278100000694394, -3714483.604499999433756 ], [ -7963990.757400000467896, -3714486.941799998283386 ], [ -7963994.2368, -3714490.279100000858307 ], [ -7963997.755799999460578, -3714495.32490000128746 ], [ -7963999.495400000363588, -3714496.993500001728535 ], [ -7964006.454199999570847, -3714503.668099999427795 ], [ -7964013.41300000064075, -3714510.342700000852346 ], [ -7964016.852800000458956, -3714511.971599999815226 ], [ -7964018.671700000762939, -3714517.057100001722574 ], [ -7964020.490599999204278, -3714522.1426 ], [ -7964022.309299999848008, -3714527.228000000119209 ], [ -7964024.049000000581145, -3714528.896699998527765 ], [ -7964024.128200000151992, -3714532.313499998301268 ], [ -7964025.907500000670552, -3714535.690600000321865 ], [ -7964027.726299999281764, -3714540.776200000196695 ], [ -7964027.765900000929832, -3714542.4846 ], [ -7964027.884700000286102, -3714547.609900001436472 ], [ -7964029.664000000804663, -3714550.986900001764297 ], [ -7964029.703500000759959, -3714552.695300001651049 ], [ -7964029.782700000330806, -3714556.112199999392033 ], [ -7964029.822300000116229, -3714557.820599999278784 ], [ -7964029.901499999687076, -3714561.237500000745058 ], [ -7964030.020199999213219, -3714566.362799998372793 ], [ -7964030.17850000038743, -3714573.19649999961257 ], [ -7964030.37639999948442, -3714581.738699998706579 ], [ -7964025.473999999463558, -3714590.400199998170137 ], [ -7964022.232100000604987, -3714597.313400000333786 ], [ -7964020.61119999922812, -3714600.770100001245737 ], [ -7964019.029799999669194, -3714605.935199998319149 ], [ -7964017.369200000539422, -3714607.683400001376867 ], [ -7964015.748199999332428, -3714611.140000000596046 ], [ -7964012.466700000688434, -3714616.344900000840425 ], [ -7964009.106000000610948, -3714618.132800001651049 ], [ -7964007.484999999403954, -3714621.589499998837709 ], [ -7964004.203500000759959, -3714626.794399999082088 ], [ -7964000.9221, -3714631.999200001358986 ], [ -7964000.9616, -3714633.707699999213219 ], [ -7963996.059100000187755, -3714642.369100000709295 ], [ -7963991.156600000336766, -3714651.030699998140335 ], [ -7963989.535599999129772, -3714654.487399999052286 ], [ -7963987.875, -3714656.235599998384714 ], [ -7963986.254000000655651, -3714659.692299999296665 ], [ -7963986.333200000226498, -3714663.109099999070168 ], [ -7963983.051599999889731, -3714668.313999999314547 ], [ -7963978.030500000342727, -3714671.85020000115037 ], [ -7963976.448999999091029, -3714677.015299998223782 ], [ -7963973.127900000661612, -3714680.511700000613928 ], [ -7963971.506899999454618, -3714683.968400001525879 ], [ -7963969.806700000539422, -3714684.008200000971556 ], [ -7963968.185699999332428, -3714687.464800000190735 ], [ -7963966.5252, -3714689.212999999523163 ], [ -7963963.243599999696016, -3714694.417899999767542 ], [ -7963958.222400000318885, -3714697.954100001603365 ], [ -7963953.280300000682473, -3714704.907200001180172 ], [ -7963948.258899999782443, -3714708.443500000983477 ], [ -7963948.298499999567866, -3714710.151799999177456 ], [ -7963941.695800000801682, -3714718.853199999779463 ], [ -7963938.414200000464916, -3714724.0581 ], [ -7963936.753599999472499, -3714725.80629999935627 ], [ -7963936.793199999257922, -3714727.514800000935793 ], [ -7963936.832699999213219, -3714729.223200000822544 ], [ -7963933.511700000613928, -3714732.7195999994874 ], [ -7963933.551300000399351, -3714734.427999999374151 ], [ -7963907.1798, -3714770.9419 ], [ -7963903.8586, -3714774.438299998641014 ], [ -7963902.237600000575185, -3714777.894900001585484 ], [ -7963900.537399999797344, -3714777.93470000103116 ], [ -7963897.255799999460578, -3714783.139600001275539 ], [ -7963897.295399999246001, -3714784.848099999129772 ], [ -7963895.595200000330806, -3714784.887800000607967 ], [ -7963895.634800000116229, -3714786.5962999984622 ], [ -7963892.313699999824166, -3714790.092799998819828 ], [ -7963890.692600000649691, -3714793.549499999731779 ], [ -7963887.331900000572205, -3714795.337400000542402 ], [ -7963885.710799999535084, -3714798.794199999421835 ], [ -7963885.750399999320507, -3714800.502599999308586 ], [ -7963884.089800000190735, -3714802.250700000673532 ], [ -7963882.468800000846386, -3714805.707400001585484 ], [ -7963880.7686, -3714805.74720000103116 ], [ -7963879.107999999076128, -3714807.495400000363588 ], [ -7963877.486999999731779, -3714810.952100001275539 ], [ -7963875.786800000816584, -3714810.991900000721216 ], [ -7963872.465600000694394, -3714814.488400001078844 ], [ -7963867.523499999195337, -3714821.441500000655651 ], [ -7963865.823300000280142, -3714821.481300000101328 ], [ -7963864.162699999287724, -3714823.229499999433756 ], [ -7963860.762299999594688, -3714823.309000000357628 ], [ -7963859.101700000464916, -3714825.057100001722574 ], [ -7963857.401599999517202, -3714825.096900001168251 ], [ -7963854.001199999824166, -3714825.176399998366833 ], [ -7963850.6009, -3714825.255899999290705 ], [ -7963843.800300000235438, -3714825.414900001138449 ], [ -7963835.338999999687076, -3714827.322200000286102 ], [ -7963833.638900000602007, -3714827.361900001764297 ], [ -7963831.938699999824166, -3714827.401700001209974 ], [ -7963828.5384, -3714827.481199998408556 ], [ -7963825.1381, -3714827.560699999332428 ], [ -7963820.037599999457598, -3714827.679900001734495 ], [ -7963816.637299999594688, -3714827.759399998933077 ], [ -7963814.937100000679493, -3714827.799199998378754 ], [ -7963811.536800000816584, -3714827.878699999302626 ], [ -7963809.79700000025332, -3714826.209899999201298 ], [ -7963804.61739999987185, -3714822.912300001829863 ], [ -7963799.437899999320507, -3714819.614599999040365 ], [ -7963797.737800000235438, -3714819.654399998486042 ], [ -7963795.958499999716878, -3714816.277199998497963 ], [ -7963794.218800000846386, -3714814.608399998396635 ], [ -7963792.439500000327826, -3714811.231199998408556 ], [ -7963790.660199999809265, -3714807.853999998420477 ], [ -7963790.620699999853969, -3714806.145500000566244 ], [ -7963788.841399999335408, -3714802.768500000238419 ], [ -7963787.101700000464916, -3714801.099700000137091 ], [ -7963783.701400000602007, -3714801.179200001060963 ], [ -7963778.600999999791384, -3714801.29839999973774 ], [ -7963776.979900000616908, -3714804.754999998956919 ], [ -7963775.319299999624491, -3714806.503199998289347 ], [ -7963771.997999999672174, -3714809.999699998646975 ], [ -7963768.716399999335408, -3714815.204599998891354 ], [ -7963767.095300000160933, -3714818.661299999803305 ], [ -7963762.073899999260902, -3714822.197500001639128 ], [ -7963762.153000000864267, -3714825.614399999380112 ], [ -7963760.4528, -3714825.654199998825788 ], [ -7963760.4923, -3714827.362500000745058 ], [ -7963758.871300000697374, -3714830.819200001657009 ], [ -7963757.25029999949038, -3714834.27589999884367 ], [ -7963757.289899999275804, -3714835.984400000423193 ], [ -7963757.369000000879169, -3714839.401299998164177 ], [ -7963757.448000000789762, -3714842.818300001323223 ], [ -7963757.487600000575185, -3714844.526799999177456 ], [ -7963757.566700000315905, -3714847.94370000064373 ], [ -7963757.6458, -3714851.360599998384714 ], [ -7963755.985200000926852, -3714853.108800001442432 ], [ -7963756.024700000882149, -3714854.817299999296665 ], [ -7963756.064300000667572, -3714856.525800000876188 ], [ -7963756.103800000622869, -3714858.234299998730421 ], [ -7963754.561799999326468, -3714865.107900001108646 ], [ -7963752.9803, -3714870.27309999987483 ], [ -7963753.019799999892712, -3714871.981499999761581 ], [ -7963753.059399999678135, -3714873.690000001341105 ], [ -7963749.738099999725819, -3714877.1864 ], [ -7963749.856799999251962, -3714882.311900001019239 ], [ -7963748.2357, -3714885.7685999982059 ], [ -7963746.61460000090301, -3714889.225299999117851 ], [ -7963746.654100000858307, -3714890.933800000697374 ], [ -7963745.032999999821186, -3714894.390500001609325 ], [ -7963743.412000000476837, -3714897.847100000828505 ], [ -7963743.451500000432134, -3714899.555599998682737 ], [ -7963741.790899999439716, -3714901.303800001740456 ], [ -7963740.130200000479817, -3714903.052000001072884 ], [ -7963740.169800000265241, -3714904.760499998927116 ], [ -7963736.8882, -3714909.965500000864267 ], [ -7963735.267100000753999, -3714913.422200001776218 ], [ -7963733.645999999716878, -3714916.878899998962879 ], [ -7963730.364199999719858, -3714922.083700001239777 ], [ -7963728.703600000590086, -3714923.831999998539686 ], [ -7963727.042999999597669, -3714925.580200001597404 ], [ -7963723.721699999645352, -3714929.07660000026226 ], [ -7963720.439899999648333, -3714934.281599998474121 ], [ -7963717.118699999526143, -3714937.778099998831749 ], [ -7963713.797499999403954, -3714941.274399999529123 ], [ -7963712.136800000444055, -3714943.022599998861551 ], [ -7963712.176400000229478, -3714944.731100000441074 ], [ -7963710.555299999192357, -3714948.187800001353025 ], [ -7963708.9342, -3714951.644600000232458 ], [ -7963707.233999999240041, -3714951.684300001710653 ], [ -7963707.273499999195337, -3714953.392799999564886 ], [ -7963707.352600000798702, -3714956.809799998998642 ], [ -7963707.392200000584126, -3714958.518300000578165 ], [ -7963707.431700000539422, -3714960.226799998432398 ], [ -7963707.471200000494719, -3714961.9353 ], [ -7963707.550300000235438, -3714965.352200001478195 ], [ -7963707.5899, -3714967.060699999332428 ], [ -7963707.6294, -3714968.769200000911951 ], [ -7963709.369100000709295, -3714970.437899999320507 ], [ -7963709.448200000450015, -3714973.854899998754263 ], [ -7963712.8881, -3714975.483899999409914 ], [ -7963718.028200000524521, -3714977.07319999858737 ], [ -7963723.128699999302626, -3714976.954 ], [ -7963733.329900000244379, -3714976.715599998831749 ], [ -7963743.530899999663234, -3714976.477200001478195 ], [ -7963748.63150000013411, -3714976.357900001108646 ], [ -7963757.132400000467896, -3714976.159200001507998 ], [ -7963758.753499999642372, -3714972.702500000596046 ], [ -7963760.453700000420213, -3714972.66270000115037 ], [ -7963765.554199999198318, -3714972.543499998748302 ], [ -7963767.214800000190735, -3714970.795299999415874 ], [ -7963768.91499999910593, -3714970.7555 ], [ -7963777.415999999269843, -3714970.556800000369549 ], [ -7963787.537900000810623, -3714966.901299998164177 ], [ -7963795.999299999326468, -3714964.994100000709295 ], [ -7963806.081800000742078, -3714959.630199998617172 ], [ -7963809.48200000077486, -3714959.550799999386072 ], [ -7963816.282800000160933, -3714959.391800001263618 ], [ -7963829.804999999701977, -3714955.656800001859665 ], [ -7963838.2664, -3714953.749499998986721 ], [ -7963839.966600000858307, -3714953.709699999541044 ], [ -7963846.727800000458956, -3714951.842199999839067 ], [ -7963848.388399999588728, -3714950.094000000506639 ], [ -7963850.088600000366569, -3714950.054200001060963 ], [ -7963855.188999999314547, -3714949.934999998658895 ], [ -7963863.689999999478459, -3714949.736200001090765 ], [ -7963877.291400000452995, -3714949.418099999427795 ], [ -7963880.691700000315905, -3714949.338599998503923 ], [ -7963892.593000000342727, -3714949.0603 ], [ -7963901.093800000846386, -3714948.8614999987185 ], [ -7963904.494200000539422, -3714948.781899999827147 ], [ -7963907.894600000232458, -3714948.702399998903275 ], [ -7963912.995100000873208, -3714948.583099998533726 ], [ -7963914.734899999573827, -3714950.251899998635054 ], [ -7963914.77449999935925, -3714951.960299998521805 ], [ -7963914.85359999909997, -3714955.377300001680851 ], [ -7963914.893200000748038, -3714957.085799999535084 ], [ -7963914.972300000488758, -3714960.502700001001358 ], [ -7963916.791200000792742, -3714965.58839999884367 ], [ -7963916.830800000578165, -3714967.296900000423193 ], [ -7963920.270600000396371, -3714968.925900001078844 ], [ -7963920.3498, -3714972.3429000005126 ], [ -7963920.3893, -3714974.051399998366833 ], [ -7963920.428899999707937, -3714975.7599 ], [ -7963922.168700000271201, -3714977.428599998354912 ], [ -7963925.68779999949038, -3714982.474399998784065 ], [ -7963930.867499999701977, -3714985.772100001573563 ], [ -7963932.607300000265241, -3714987.440900001674891 ], [ -7963934.346999999135733, -3714989.1096 ], [ -7963936.12639999948442, -3714992.4868 ], [ -7963937.866100000217557, -3714994.155600000172853 ], [ -7963939.605900000780821, -3714995.824299998581409 ], [ -7963941.385199999436736, -3714999.201499998569489 ], [ -7963943.1645, -3715002.578699998557568 ], [ -7963944.904200000688434, -3715004.247400000691414 ], [ -7963948.4233, -3715009.293299999088049 ], [ -7963948.502499999478459, -3715012.710299998521805 ], [ -7963950.2423, -3715014.379099998623133 ], [ -7963950.2818, -3715016.087600000202656 ], [ -7963950.40059999935329, -3715021.213100001215935 ], [ -7963952.10080000013113, -3715021.173300001770258 ], [ -7963953.919700000435114, -3715026.258900001645088 ], [ -7963955.778200000524521, -3715033.053199999034405 ], [ -7963955.817800000309944, -3715034.761700000613928 ], [ -7963957.636700000613928, -3715039.84739999845624 ], [ -7963957.676300000399351, -3715041.5559 ], [ -7963957.715900000184774, -3715043.264400001615286 ], [ -7963959.455600000917912, -3715044.9331 ], [ -7963959.495200000703335, -3715046.641600001603365 ], [ -7963959.534800000488758, -3715048.350000001490116 ], [ -7963959.614, -3715051.767000000923872 ], [ -7963959.6535, -3715053.475600000470877 ], [ -7963961.393300000578165, -3715055.144299998879433 ], [ -7963961.432900000363588, -3715056.852800000458956 ], [ -7963961.512000000104308, -3715060.269799999892712 ], [ -7963967.523, -3715099.445999998599291 ], [ -7963967.562599999830127, -3715101.154500000178814 ], [ -7963967.602099999785423, -3715102.863000001758337 ], [ -7963967.641699999570847, -3715104.57149999961257 ], [ -7963967.720899999141693, -3715107.988600000739098 ], [ -7963967.760500000789762, -3715109.69709999859333 ], [ -7963967.800000000745058, -3715111.405600000172853 ], [ -7963967.918800000101328, -3715116.530999999493361 ], [ -7963967.997899999842048, -3715119.947999998927116 ], [ -7963968.077099999412894, -3715123.3651 ], [ -7963968.116699999198318, -3715125.073600001633167 ], [ -7963968.195800000801682, -3715128.490600001066923 ], [ -7963966.614399999380112, -3715133.655999999493361 ], [ -7963966.653999999165535, -3715135.364500001072884 ], [ -7963966.693499999120831, -3715137.072999998927116 ], [ -7963966.772700000554323, -3715140.489900000393391 ], [ -7963966.85190000012517, -3715143.906899999827147 ], [ -7963966.8914, -3715145.615499999374151 ], [ -7963966.93099999986589, -3715147.324000000953674 ], [ -7963966.970599999651313, -3715149.032499998807907 ], [ -7963967.010199999436736, -3715150.74100000038743 ], [ -7963967.049799999222159, -3715152.449499998241663 ], [ -7963967.089299999177456, -3715154.158100001513958 ], [ -7963967.128900000825524, -3715155.866599999368191 ], [ -7963967.208100000396371, -3715159.283599998801947 ], [ -7963967.247700000181794, -3715160.99210000038147 ], [ -7963962.582399999722838, -3715179.905099999159575 ], [ -7963960.921800000593066, -3715181.653400000184774 ], [ -7963957.79839999973774, -3715193.692499998956919 ], [ -7963957.996300000697374, -3715202.235100001096725 ], [ -7963956.375199999660254, -3715205.69200000166893 ], [ -7963956.414799999445677, -3715207.400400001555681 ], [ -7963956.494000000879169, -3715210.817400000989437 ], [ -7963956.533500000834465, -3715212.526000000536442 ], [ -7963954.872899999842048, -3715214.274300001561642 ], [ -7963953.291400000452995, -3715219.439599998295307 ], [ -7963953.331000000238419, -3715221.148200001567602 ], [ -7963950.088899999856949, -3715228.061799999326468 ], [ -7963943.485999999567866, -3715236.763399999588728 ], [ -7963938.543600000441074, -3715243.716899998486042 ], [ -7963935.222300000488758, -3715247.213500000536442 ], [ -7963933.561699999496341, -3715248.961800001561642 ], [ -7963933.601199999451637, -3715250.670299999415874 ], [ -7963933.640799999237061, -3715252.378899998962879 ], [ -7963931.980200000107288, -3715254.127099998295307 ], [ -7963932.0197, -3715255.83559999987483 ], [ -7963928.698400000110269, -3715259.33219999819994 ], [ -7963927.037799999117851, -3715261.08049999922514 ], [ -7963925.416799999773502, -3715264.537399999797344 ], [ -7963923.83530000038445, -3715269.7027000002563 ], [ -7963923.954, -3715274.828299999237061 ], [ -7963924.072799999266863, -3715279.95380000025034 ], [ -7963924.112299999222159, -3715281.662399999797344 ], [ -7963924.151900000870228, -3715283.370900001376867 ], [ -7963924.191500000655651, -3715285.079500000923872 ], [ -7963924.231100000441074, -3715286.787999998778105 ], [ -7963924.270600000396371, -3715288.496500000357628 ], [ -7963924.3498, -3715291.913600001484156 ], [ -7963924.389399999752641, -3715293.62220000103116 ], [ -7963924.468499999493361, -3715297.039200000464916 ], [ -7963924.508099999278784, -3715298.747699998319149 ], [ -7963924.547700000926852, -3715300.456199999898672 ], [ -7963926.247899999842048, -3715300.416400000452995 ], [ -7963927.948000000789762, -3715300.3766999989748 ], [ -7963931.3881, -3715302.005699999630451 ], [ -7963934.788499999791384, -3715301.926100000739098 ], [ -7963936.488800000399351, -3715301.886300001293421 ], [ -7963941.589500000700355, -3715301.767000000923872 ], [ -7963944.990000000223517, -3715301.6875 ], [ -7963946.690199999138713, -3715301.647700000554323 ], [ -7963948.35080000013113, -3715299.899399999529123 ], [ -7963950.011399999260902, -3715298.151099998503923 ], [ -7963953.411800000816584, -3715298.07149999961257 ], [ -7963960.133600000292063, -3715294.49549999833107 ], [ -7963963.454900000244379, -3715290.9989 ], [ -7963966.855399999767542, -3715290.919300001114607 ], [ -7963970.216299999505281, -3715289.13120000064373 ], [ -7963973.616599999368191, -3715289.051699999719858 ], [ -7963980.338400000706315, -3715285.475499998778105 ], [ -7963985.439099999144673, -3715285.356100000441074 ], [ -7963987.1393, -3715285.316399998962879 ], [ -7963988.839500000700355, -3715285.276599999517202 ], [ -7963997.340600000694394, -3715285.0777000002563 ], [ -7964005.841700000688434, -3715284.878800000995398 ], [ -7964010.942399999126792, -3715284.759399998933077 ], [ -7964014.3429000005126, -3715284.679900001734495 ], [ -7964017.743200000375509, -3715284.600299999117851 ], [ -7964019.443499999120831, -3715284.560499999672174 ], [ -7964021.104100000113249, -3715282.812199998646975 ], [ -7964022.804300000891089, -3715282.772399999201298 ], [ -7964026.125600000843406, -3715279.275800000876188 ], [ -7964032.807800000533462, -3715273.99100000038743 ], [ -7964034.468399999663234, -3715272.242800001055002 ], [ -7964037.829299999400973, -3715270.454700000584126 ], [ -7964039.489800000563264, -3715268.706399999558926 ], [ -7964039.410599999129772, -3715265.289299998432398 ], [ -7964041.1108, -3715265.249600000679493 ], [ -7964044.432099999859929, -3715261.752900000661612 ], [ -7964046.092800000682473, -3715260.004599999636412 ], [ -7964047.7138, -3715256.547699999064207 ], [ -7964049.374399999156594, -3715254.799400001764297 ], [ -7964049.295199999585748, -3715251.382399998605251 ], [ -7964050.955900000408292, -3715249.634199999272823 ], [ -7964052.5373, -3715244.468800000846386 ], [ -7964054.158399999141693, -3715241.011900000274181 ], [ -7964054.11879999935627, -3715239.303399998694658 ], [ -7964054.079199999570847, -3715237.594900000840425 ], [ -7964055.739800000563264, -3715235.846500001847744 ], [ -7964055.660599999129772, -3715232.429499998688698 ], [ -7964057.32120000012219, -3715230.681200001388788 ], [ -7964057.281600000336766, -3715228.972600001841784 ], [ -7964058.902699999511242, -3715225.515900000929832 ], [ -7964058.863099999725819, -3715223.807399999350309 ], [ -7964058.8235, -3715222.098799999803305 ], [ -7964058.704700000584126, -3715216.973299998790026 ], [ -7964058.625499999150634, -3715213.556200001388788 ], [ -7964058.585899999365211, -3715211.847699999809265 ], [ -7964058.506699999794364, -3715208.430599998682737 ], [ -7964058.4671, -3715206.722100000828505 ], [ -7964058.4276, -3715205.013599999248981 ], [ -7964058.269200000911951, -3715198.17960000038147 ], [ -7964058.150399999693036, -3715193.054000001400709 ], [ -7964057.992000000551343, -3715186.219900000840425 ], [ -7964057.95240000076592, -3715184.511399999260902 ], [ -7964057.754499999806285, -3715175.968899998813868 ], [ -7964057.556500000879169, -3715167.426300000399351 ], [ -7964057.437699999660254, -3715162.300700001418591 ], [ -7964057.39809999987483, -3715160.592199999839067 ], [ -7964057.3585, -3715158.8838 ], [ -7964057.27930000051856, -3715155.46680000051856 ], [ -7964057.120999999344349, -3715148.6327 ], [ -7964057.041799999773502, -3715145.215599998831749 ], [ -7964056.962600000202656, -3715141.798599999397993 ], [ -7964056.883400000631809, -3715138.3816 ], [ -7964056.764599999412894, -3715133.256099998950958 ], [ -7964056.724999999627471, -3715131.547600001096725 ], [ -7964056.606300000101328, -3715126.4221 ], [ -7964059.848200000822544, -3715119.508400000631809 ], [ -7964059.6502, -3715110.965999998152256 ], [ -7964062.9715, -3715107.469399999827147 ], [ -7964062.931900000199676, -3715105.760899998247623 ], [ -7964064.552899999544024, -3715102.304099999368191 ], [ -7964066.213500000536442, -3715100.555799998342991 ], [ -7964067.874099999666214, -3715098.807500001043081 ], [ -7964069.45549999922514, -3715093.642099998891354 ], [ -7964071.076500000432134, -3715090.185499999672174 ], [ -7964072.776699999347329, -3715090.145700000226498 ], [ -7964074.437400000169873, -3715088.397399999201298 ], [ -7964074.358200000599027, -3715084.98030000180006 ], [ -7964079.419199999421835, -3715083.152499999850988 ], [ -7964081.119300000369549, -3715083.112700000405312 ], [ -7964084.480100000277162, -3715081.3246 ], [ -7964087.840900000184774, -3715079.536499999463558 ], [ -7964089.501499999314547, -3715077.788199998438358 ], [ -7964091.162100000306964, -3715076.039900001138449 ], [ -7964096.262700000777841, -3715075.920499999076128 ], [ -7964097.9233, -3715074.172200001776218 ], [ -7964099.58390000090003, -3715072.423900000751019 ], [ -7964101.284099999815226, -3715072.384100001305342 ], [ -7964102.984200000762939, -3715072.344399999827147 ], [ -7964106.384600000455976, -3715072.264800000935793 ], [ -7964109.785000000149012, -3715072.185199998319149 ], [ -7964113.185399999842048, -3715072.105599999427795 ], [ -7964114.885600000619888, -3715072.0658 ], [ -7964116.585799999535084, -3715072.026000000536442 ], [ -7964119.98619999922812, -3715071.946400001645088 ], [ -7964121.6864, -3715071.906599998474121 ], [ -7964126.78690000064671, -3715071.787200000137091 ], [ -7964131.92710000090301, -3715073.376400001347065 ], [ -7964137.067299999296665, -3715074.965500000864267 ], [ -7964142.247099999338388, -3715078.263099998235703 ], [ -7964147.426899999380112, -3715081.560699999332428 ], [ -7964149.166600000113249, -3715083.229400001466274 ], [ -7964152.646199999377131, -3715086.5669 ], [ -7964152.725400000810623, -3715089.983800001442432 ], [ -7964154.465199999511242, -3715091.652499999850988 ], [ -7964156.244599999859929, -3715095.029699999839067 ], [ -7964157.94480000063777, -3715094.989900000393391 ], [ -7964157.98450000025332, -3715096.698399998247623 ], [ -7964161.503699999302626, -3715101.744300000369549 ], [ -7964163.283099999651313, -3715105.121599998325109 ], [ -7964164.983300000429153, -3715105.081799998879433 ], [ -7964168.462899999693036, -3715108.419199999421835 ], [ -7964170.163100000470877, -3715108.3794 ], [ -7964173.682299999520183, -3715113.425200000405312 ], [ -7964175.4221, -3715115.093899998813868 ], [ -7964177.16190000064671, -3715116.762600000947714 ], [ -7964178.901699999347329, -3715118.43129999935627 ], [ -7964178.941299999132752, -3715120.139800000935793 ], [ -7964182.381300000473857, -3715121.768699999898672 ], [ -7964184.121200000867248, -3715123.437399998307228 ], [ -7964185.821399999782443, -3715123.397599998861551 ], [ -7964189.261399999260902, -3715125.026500001549721 ], [ -7964190.9616, -3715124.986699998378754 ], [ -7964194.401499999687076, -3715126.615600001066923 ], [ -7964199.502100000157952, -3715126.496199999004602 ], [ -7964204.602700000628829, -3715126.376800000667572 ], [ -7964208.003200000151992, -3715126.297200001776218 ], [ -7964211.403599999845028, -3715126.217599999159575 ], [ -7964213.103800000622869, -3715126.177799999713898 ], [ -7964214.803999999538064, -3715126.138000000268221 ], [ -7964221.604699999094009, -3715125.978700000792742 ], [ -7964225.005100000649691, -3715125.899099998176098 ], [ -7964226.705299999564886, -3715125.859299998730421 ], [ -7964230.105699999257922, -3715125.779699999839067 ], [ -7964231.8059, -3715125.739900000393391 ], [ -7964235.1667, -3715123.951699998229742 ], [ -7964236.866900000721216, -3715123.911899998784065 ], [ -7964236.827299999073148, -3715122.203400000929832 ], [ -7964240.148399999365211, -3715118.706799998879433 ], [ -7964243.4695999994874, -3715115.210099998861551 ], [ -7964245.130100000649691, -3715113.461800001561642 ], [ -7964245.011299999430776, -3715108.336399998515844 ], [ -7964244.932, -3715104.919300001114607 ], [ -7964244.892400000244379, -3715103.210799999535084 ], [ -7964244.733899999409914, -3715096.376800000667572 ], [ -7964244.694299999624491, -3715094.668299999088049 ], [ -7964244.575500000268221, -3715089.54280000180006 ], [ -7964237.497500000521541, -3715077.742600001394749 ], [ -7964237.457800000905991, -3715076.034099999815226 ], [ -7964232.1195, -3715065.902499999850988 ], [ -7964228.600299999117851, -3715060.856699999421835 ], [ -7964228.521099999547005, -3715057.4397 ], [ -7964224.962200000882149, -3715050.6853 ], [ -7964221.363700000569224, -3715042.22239999845624 ], [ -7964216.183900000527501, -3715038.924899999052286 ], [ -7964216.144300000742078, -3715037.216400001198053 ], [ -7964216.065099999308586, -3715033.799400001764297 ], [ -7964212.46680000051856, -3715025.336500000208616 ], [ -7964208.947499999776483, -3715020.290699999779463 ], [ -7964208.9079, -3715018.582299999892712 ], [ -7964208.789100000634789, -3715013.456799998879433 ], [ -7964206.930400000885129, -3715006.662599999457598 ], [ -7964205.2303, -3715006.702399998903275 ], [ -7964205.111400000751019, -3715001.576900001615286 ], [ -7964203.292400000616908, -3714996.491300001740456 ], [ -7964201.5526, -3714994.822700001299381 ], [ -7964201.394099999219179, -3714987.988699998706579 ], [ -7964199.575099999085069, -3714982.903000000864267 ], [ -7964196.01630000025034, -3714976.148600000888109 ], [ -7964194.276499999687076, -3714974.480099998414516 ], [ -7964192.417899999767542, -3714967.685899998992682 ], [ -7964190.598899999633431, -3714962.60020000115037 ], [ -7964190.480000000447035, -3714957.474700000137091 ], [ -7964188.700799999758601, -3714954.097600001841784 ], [ -7964186.8421, -3714947.30350000038743 ], [ -7964186.762900000438094, -3714943.886500000953674 ], [ -7964186.683700000867248, -3714940.4695999994874 ], [ -7964186.604499999433756, -3714937.0526 ], [ -7964186.4857, -3714931.927099999040365 ], [ -7964186.406400000676513, -3714928.510299999266863 ], [ -7964186.327199999243021, -3714925.093299999833107 ], [ -7964186.287599999457598, -3714923.384799998253584 ], [ -7964186.129200000315905, -3714916.550900001078844 ], [ -7964186.050000000745058, -3714913.133900001645088 ], [ -7964185.970799999311566, -3714909.716899998486042 ], [ -7964185.8915, -3714906.30009999871254 ], [ -7964185.772700000554323, -3714901.174600001424551 ], [ -7964185.653899999335408, -3714896.049199998378754 ], [ -7964187.274800000712276, -3714892.592399999499321 ], [ -7964187.235200000926852, -3714890.883900001645088 ], [ -7964188.856100000441074, -3714887.427200000733137 ], [ -7964188.816500000655651, -3714885.718699999153614 ], [ -7964190.437400000169873, -3714882.2621 ], [ -7964192.097999999299645, -3714880.513799998909235 ], [ -7964193.758600000292063, -3714878.765500001609325 ], [ -7964195.379499999806285, -3714875.308699999004602 ], [ -7964198.621400000527501, -3714868.395199999213219 ], [ -7964214.989199999719858, -3714840.661699999123812 ], [ -7964216.689400000497699, -3714840.621899999678135 ], [ -7964221.631400000303984, -3714833.668699998408556 ], [ -7964223.291999999433756, -3714831.920400001108646 ], [ -7964224.992200000211596, -3714831.88060000166297 ], [ -7964229.973799999803305, -3714826.635800000280142 ], [ -7964236.615900000557303, -3714819.6426 ], [ -7964238.276499999687076, -3714817.894400000572205 ], [ -7964239.897399999201298, -3714814.437699999660254 ], [ -7964241.5976, -3714814.397900000214577 ], [ -7964248.279400000348687, -3714809.113299999386072 ], [ -7964251.521199999377131, -3714802.199799999594688 ], [ -7964253.181800000369549, -3714800.451499998569489 ], [ -7964253.142100000753999, -3714798.743000000715256 ], [ -7964256.423499999567866, -3714793.537999998778105 ], [ -7964259.705, -3714788.333099998533726 ], [ -7964264.646999999880791, -3714781.379799999296665 ], [ -7964267.849199999123812, -3714772.75789999961853 ], [ -7964271.130699999630451, -3714767.552999999374151 ], [ -7964276.0329, -3714758.891199998557568 ], [ -7964277.535000000149012, -3714750.309099998325109 ], [ -7964279.195499999448657, -3714748.5608000010252 ], [ -7964282.437300000339746, -3714741.64750000089407 ], [ -7964284.097899999469519, -3714739.89919999986887 ], [ -7964285.718800000846386, -3714736.442499998956919 ], [ -7964288.921, -3714727.820599999278784 ], [ -7964292.123199999332428, -3714719.198800001293421 ], [ -7964293.823300000280142, -3714719.158900000154972 ], [ -7964293.783700000494719, -3714717.450500000268221 ], [ -7964298.606699999421835, -3714705.371899999678135 ], [ -7964301.808900000527501, -3714696.750100001692772 ], [ -7964305.011099999770522, -3714688.128199998289347 ], [ -7964309.95299999974668, -3714681.174899999052286 ], [ -7964309.9134, -3714679.466499999165535 ], [ -7964309.873800000175834, -3714677.758000001311302 ], [ -7964311.455, -3714672.592999998480082 ], [ -7964314.776100000366569, -3714669.096400000154972 ], [ -7964318.017899999395013, -3714662.18299999833107 ], [ -7964319.638599999248981, -3714658.726300001144409 ], [ -7964322.801200000569224, -3714648.396099999547005 ], [ -7964322.761499999091029, -3714646.687699999660254 ], [ -7964322.721899999305606, -3714644.979200001806021 ], [ -7964322.682299999520183, -3714643.270799998193979 ], [ -7964322.642699999734759, -3714641.562300000339746 ], [ -7964322.603000000119209, -3714639.853900000452995 ], [ -7964322.563400000333786, -3714638.145399998873472 ], [ -7964322.523800000548363, -3714636.436999998986721 ], [ -7964322.484200000762939, -3714634.728500001132488 ], [ -7964324.105100000277162, -3714631.271999999880791 ], [ -7964325.765599999576807, -3714629.523699998855591 ], [ -7964325.725999999791384, -3714627.815200001001358 ], [ -7964325.64670000039041, -3714624.398400001227856 ], [ -7964327.2676, -3714620.941700000315905 ], [ -7964327.228000000119209, -3714619.233199998736382 ], [ -7964328.848899999633431, -3714615.776500001549721 ], [ -7964330.509400000795722, -3714614.028299998492002 ], [ -7964332.1699, -3714612.280000001192093 ], [ -7964335.490900000557303, -3714608.783599998801947 ], [ -7964338.772299999371171, -3714603.578600000590086 ], [ -7964343.753699999302626, -3714598.33390000090003 ], [ -7964347.0351, -3714593.128899998962879 ], [ -7964348.695599999278784, -3714591.38060000166297 ], [ -7964348.655899999663234, -3714589.672200001776218 ], [ -7964350.356100000441074, -3714589.632399998605251 ], [ -7964350.276799999177456, -3714586.215500000864267 ], [ -7964351.97690000012517, -3714586.175700001418591 ], [ -7964353.637399999424815, -3714584.427499998360872 ], [ -7964355.297900000587106, -3714582.679299999028444 ], [ -7964356.998099999502301, -3714582.639499999582767 ], [ -7964358.658600000664592, -3714580.891199998557568 ], [ -7964362.058700000867248, -3714580.811599999666214 ], [ -7964363.758899999782443, -3714580.771699998527765 ], [ -7964363.719200000166893, -3714579.063299998641014 ], [ -7964365.419399999082088, -3714579.023499999195337 ], [ -7964370.5197, -3714578.903999999165535 ], [ -7964372.219900000840425, -3714578.864199999719858 ], [ -7964373.92, -3714578.824400000274181 ], [ -7964375.620100000873208, -3714578.784499999135733 ], [ -7964377.320299999788404, -3714578.744699999690056 ], [ -7964379.020400000736117, -3714578.704900000244379 ], [ -7964380.720499999821186, -3714578.665100000798702 ], [ -7964384.120699999853969, -3714578.585400000214577 ], [ -7964385.820800000801682, -3714578.5456000007689 ], [ -7964387.520899999886751, -3714578.505800001323223 ], [ -7964390.92119999974966, -3714578.426100000739098 ], [ -7964394.321399999782443, -3714578.346500001847744 ], [ -7964396.021600000560284, -3714578.306600000709295 ], [ -7964397.721699999645352, -3714578.266800001263618 ], [ -7964397.761299999430776, -3714579.97520000115037 ], [ -7964401.161599999293685, -3714579.895599998533726 ], [ -7964404.561799999326468, -3714579.815900001674891 ], [ -7964404.601500000804663, -3714581.524399999529123 ], [ -7964408.001599999144673, -3714581.444699998944998 ], [ -7964408.080900000408292, -3714584.8614999987185 ], [ -7964409.780999999493361, -3714584.821600001305342 ], [ -7964411.5208, -3714586.490200001746416 ], [ -7964413.220899999141693, -3714586.450399998575449 ], [ -7964414.960699999704957, -3714588.118999999016523 ], [ -7964416.700400000438094, -3714589.787599999457598 ], [ -7964416.7401, -3714591.496100001037121 ], [ -7964421.9594, -3714596.501899998635054 ], [ -7964425.399299999698997, -3714598.13060000166297 ], [ -7964425.478499999269843, -3714601.547499999403954 ], [ -7964427.218299999833107, -3714603.216099999845028 ], [ -7964427.257999999448657, -3714604.924600001424551 ], [ -7964428.997700000181794, -3714606.593199998140335 ], [ -7964430.737400000914931, -3714608.261700000613928 ], [ -7964430.816700000315905, -3714611.67850000038743 ], [ -7964432.556399999186397, -3714613.347199998795986 ], [ -7964434.2566, -3714613.307300001382828 ], [ -7964435.996300000697374, -3714614.975900001823902 ], [ -7964437.69649999961257, -3714614.936099998652935 ], [ -7964439.4759, -3714618.313099998980761 ], [ -7964485.837600000202656, -3714644.761799998581409 ] ] ] ] } },
{ "type": "Feature", "properties": { "objectid": 13732, "st_area_sh": 17136.280040599999, "st_length_": 732.31803328299998, "Nombre": null, "Tipo": "Laguna", "objectid_2": 62, "shape_leng": 314433.003983, "dis_elec": 5, "cir_sena": 5, "cod_comuna": 4202, "codregion": 4, "st_area_sh_2": 3023257099.6100001, "st_length__2": 414867.29317700001, "Region": "Región de Coquimbo", "Comuna": "Canela", "Provincia": "Choapa" }, "geometry": { "type": "MultiPolygon", "coordinates": [ [ [ [ -7961402.935000000521541, -3689739.343299999833107 ], [ -7961445.725299999117851, -3689718.353300001472235 ], [ -7961407.3301, -3689698.646800000220537 ], [ -7961390.347500000149012, -3689660.796500001102686 ], [ -7961363.021299999207258, -3689629.06810000166297 ], [ -7961380.874900000169873, -3689588.061700001358986 ], [ -7961399.405099999159575, -3689555.864799998700619 ], [ -7961328.449699999764562, -3689551.616999998688698 ], [ -7961291.019899999722838, -3689567.776099998503923 ], [ -7961294.537699999287724, -3689626.528099998831749 ], [ -7961258.916899999603629, -3689644.9989 ], [ -7961264.324100000783801, -3689700.766100000590086 ], [ -7961315.591600000858307, -3689658.401200000196695 ], [ -7961334.045399999246001, -3689697.394400000572205 ], [ -7961345.737099999561906, -3689738.308400001376867 ], [ -7961402.935000000521541, -3689739.343299999833107 ] ] ] ] } },
{ "type": "Feature", "properties": { "objectid": 13622, "st_area_sh": 99769.061589899997, "st_length_": 1401.0643337700001, "Nombre": null, "Tipo": "Laguna", "objectid_2": 74, "shape_leng": 498574.552279, "dis_elec": 5, "cir_sena": 5, "cod_comuna": 4301, "codregion": 4, "st_area_sh_2": 4810568023.6300001, "st_length__2": 605272.14274200005, "Region": "Región de Coquimbo", "Comuna": "Ovalle", "Provincia": "Limarí" }, "geometry": { "type": "MultiPolygon", "coordinates": [ [ [ [ -7927867.42, -3560668.506900001317263 ], [ -7927768.6261, -3560655.894799999892712 ], [ -7927752.304700000211596, -3560621.273600000888109 ], [ -7927700.900100000202656, -3560618.792300000786781 ], [ -7927646.0768, -3560619.289900001138449 ], [ -7927591.335100000724196, -3560622.115200001746416 ], [ -7927540.19789999909699, -3560627.781300000846386 ], [ -7927525.551200000569224, -3560664.177299998700619 ], [ -7927470.840600000694394, -3560661.177700001746416 ], [ -7927456.2369, -3560701.649599999189377 ], [ -7927487.950099999085069, -3560760.4287 ], [ -7927527.799799999222159, -3560768.379900000989437 ], [ -7927530.862099999561906, -3560819.56980000063777 ], [ -7927531.616599999368191, -3560873.1349 ], [ -7927566.366699999198318, -3560887.010400000959635 ], [ -7927567.999399999156594, -3560942.888000000268221 ], [ -7927631.130699999630451, -3560939.315000001341105 ], [ -7927685.077199999243021, -3560936.505100000649691 ], [ -7927734.11849999986589, -3560938.4507 ], [ -7927751.750800000503659, -3560977.123700000345707 ], [ -7927772.409099999815226, -3560938.86089999973774 ], [ -7927811.707800000905991, -3560924.108800001442432 ], [ -7927807.406199999153614, -3560868.866300001740456 ], [ -7927804.997899999842048, -3560804.850900001823902 ], [ -7927852.95890000090003, -3560801.575899999588728 ], [ -7927879.67989999987185, -3560778.918299999088049 ], [ -7927875.050300000235438, -3560725.430100001394749 ], [ -7927867.42, -3560668.506900001317263 ] ] ] ] } },
{ "type": "Feature", "properties": { "objectid": 13623, "st_area_sh": 7181564.3581600003, "st_length_": 22991.5036478, "Nombre": "Embalse Recoleta", "Tipo": "Embalse", "objectid_2": 74, "shape_leng": 498574.552279, "dis_elec": 5, "cir_sena": 5, "cod_comuna": 4301, "codregion": 4, "st_area_sh_2": 4810568023.6300001, "st_length__2": 605272.14274200005, "Region": "Región de Coquimbo", "Comuna": "Ovalle", "Provincia": "Limarí" }, "geometry": { "type": "MultiPolygon", "coordinates": [ [ [ [ -7914441.37360000051558, -3561513.688299998641014 ], [ -7914435.457299999892712, -3561567.965900000184774 ], [ -7914456.013299999758601, -3561604.276799999177456 ], [ -7914466.317099999636412, -3561648.350699998438358 ], [ -7914436.387900000438094, -3561679.196199998259544 ], [ -7914404.073799999430776, -3561702.5143 ], [ -7914375.188699999824166, -3561725.186000000685453 ], [ -7914331.772399999201298, -3561731.81980000063777 ], [ -7914331.091399999335408, -3561787.165699999779463 ], [ -7914308.333799999207258, -3561821.954799998551607 ], [ -7914287.004599999636412, -3561865.454199999570847 ], [ -7914263.075899999588728, -3561836.777199998497963 ], [ -7914252.6787, -3561791.539200000464916 ], [ -7914235.1579, -3561821.570999998599291 ], [ -7914198.751299999654293, -3561844.96510000154376 ], [ -7914163.794299999251962, -3561862.507500000298023 ], [ -7914141.002800000831485, -3561901.374400001019239 ], [ -7914119.995999999344349, -3561940.790600001811981 ], [ -7914093.434100000187755, -3561965.748700000345707 ], [ -7914063.422800000756979, -3562000.090500000864267 ], [ -7914023.616900000721216, -3562015.975600000470877 ], [ -7913991.887399999424815, -3562041.612399999052286 ], [ -7913978.984400000423193, -3562078.548000000417233 ], [ -7913954.899000000208616, -3562102.295099999755621 ], [ -7913954.2028, -3562152.9831000007689 ], [ -7913956.069599999114871, -3562207.118500001728535 ], [ -7913959.7336, -3562303.741700001060963 ], [ -7913958.0625, -3562358.526000000536442 ], [ -7913956.525499999523163, -3562412.725600000470877 ], [ -7913962.391799999400973, -3562459.797800000756979 ], [ -7913996.831900000572205, -3562478.961300000548363 ], [ -7914025.479499999433756, -3562508.135000001639128 ], [ -7914012.005000000819564, -3562573.042300000786781 ], [ -7914009.516000000759959, -3562626.677999999374151 ], [ -7914007.182600000873208, -3562680.8935999982059 ], [ -7914001.370100000873208, -3562731.096700001507998 ], [ -7913973.96680000051856, -3562753.741799999028444 ], [ -7913970.395400000736117, -3562805.65089999884367 ], [ -7913968.253499999642372, -3562860.446199998259544 ], [ -7913967.994899999350309, -3562915.206700000911951 ], [ -7913970.130300000309944, -3562968.175299998372793 ], [ -7913976.224999999627471, -3563015.827799998223782 ], [ -7914016.545199999585748, -3563029.639899998903275 ], [ -7914011.104100000113249, -3563086.245099999010563 ], [ -7914043.514000000432134, -3563107.19480000063777 ], [ -7914048.832599999383092, -3563161.852400001138449 ], [ -7914087.864299999549985, -3563174.523499999195337 ], [ -7914087.795299999415874, -3563225.78660000115633 ], [ -7914083.202299999073148, -3563281.211800001561642 ], [ -7914079.829700000584126, -3563336.0320999994874 ], [ -7914094.224700000137091, -3563370.133099999278784 ], [ -7914123.3629, -3563402.212000001221895 ], [ -7914159.478399999439716, -3563423.675299998372793 ], [ -7914164.272099999710917, -3563481.256700001657009 ], [ -7914138.604499999433756, -3563509.69649999961257 ], [ -7914114.860300000756979, -3563536.353000000119209 ], [ -7914125.233799999579787, -3563613.637299999594688 ], [ -7914158.960999999195337, -3563629.320000000298023 ], [ -7914159.376599999144673, -3563685.236299999058247 ], [ -7914135.901799999177456, -3563720.626299999654293 ], [ -7914124.194499999284744, -3563767.448100000619888 ], [ -7914120.166300000622869, -3563824.030299998819828 ], [ -7914121.45890000090003, -3563876.435699999332428 ], [ -7914154.6074, -3563892.129599999636412 ], [ -7914170.8235, -3563932.606100000441074 ], [ -7914167.66469999961555, -3563989.172899998724461 ], [ -7914132.330199999734759, -3564000.317299999296665 ], [ -7914124.633400000631809, -3564056.386300001293421 ], [ -7914137.554099999368191, -3564096.924800001084805 ], [ -7914168.58669999986887, -3564119.649099998176098 ], [ -7914171.89299999922514, -3564173.183299999684095 ], [ -7914172.308800000697374, -3564229.102000001817942 ], [ -7914173.778999999165535, -3564283.253499999642372 ], [ -7914188.662100000306964, -3564310.356899999082088 ], [ -7914210.92960000038147, -3564339.070500001311302 ], [ -7914243.8892, -3564364.089299999177456 ], [ -7914245.581000000238419, -3564416.489500001072884 ], [ -7914244.237299999222159, -3564471.276900000870228 ], [ -7914245.29869999922812, -3564524.854400001466274 ], [ -7914273.86460000090301, -3564555.198699999600649 ], [ -7914282.322499999776483, -3564605.143199998885393 ], [ -7914314.76630000025034, -3564623.7635000012815 ], [ -7914351.30379999987781, -3564636.481499999761581 ], [ -7914352.213999999687076, -3564687.732200000435114 ], [ -7914346.690500000491738, -3564765.319699998944998 ], [ -7914321.068, -3564794.3445999994874 ], [ -7914289.054400000721216, -3564814.749899998307228 ], [ -7914325.013699999079108, -3564843.208999998867512 ], [ -7914307.691700000315905, -3564874.409600000828505 ], [ -7914281.359300000593066, -3564902.282800000160933 ], [ -7914249.543999999761581, -3564925.59739999845624 ], [ -7914251.8585, -3564980.31870000064373 ], [ -7914253.474099999293685, -3565034.47069999948144 ], [ -7914221.166200000792742, -3565056.62950000166893 ], [ -7914220.043800000101328, -3565109.667599998414516 ], [ -7914249.361999999731779, -3565133.590500000864267 ], [ -7914251.148, -3565187.157400000840425 ], [ -7914293.337300000712276, -3565199.770700000226498 ], [ -7914290.287699999287724, -3565256.340999998152256 ], [ -7914310.832299999892712, -3565289.749499998986721 ], [ -7914329.895899999886751, -3565321.437899999320507 ], [ -7914387.141799999400973, -3565317.456799998879433 ], [ -7914408.841700000688434, -3565352.591600000858307 ], [ -7914384.479800000786781, -3565394.994800001382828 ], [ -7914349.112999999895692, -3565424.203099999576807 ], [ -7914333.499500000849366, -3565457.703899998217821 ], [ -7914295.864499999210238, -3565470.058299999684095 ], [ -7914269.66499999910593, -3565497.347699999809265 ], [ -7914267.890900000929832, -3565550.39979999884963 ], [ -7914265.997199999168515, -3565602.871800001710653 ], [ -7914226.903400000184774, -3565608.844500001519918 ], [ -7914234.368200000375509, -3565665.803199999034405 ], [ -7914200.054099999368191, -3565677.513099998235703 ], [ -7914197.98200000077486, -3565734.067299999296665 ], [ -7914159.9397, -3565749.92509999871254 ], [ -7914164.630100000649691, -3565805.771000001579523 ], [ -7914129.593800000846386, -3565821.572799999266863 ], [ -7914164.4408, -3565846.559399999678135 ], [ -7914147.86879999935627, -3565887.070700000971556 ], [ -7914132.5965, -3565929.305799998342991 ], [ -7914130.864900000393391, -3565984.689500000327826 ], [ -7914133.99100000038743, -3566038.234999999403954 ], [ -7914166.875800000503659, -3566060.927999999374151 ], [ -7914153.629100000485778, -3566099.0472999997437 ], [ -7914129.978199999779463, -3566125.125 ], [ -7914073.944199999794364, -3566136.074499998241663 ], [ -7914059.404899999499321, -3566100.220899999141693 ], [ -7914022.827299999073148, -3566103.2331000007689 ], [ -7913998.454500000923872, -3566133.40260000154376 ], [ -7913997.0757, -3566076.328200001269579 ], [ -7913959.494400000199676, -3566064.209899999201298 ], [ -7913921.144600000232458, -3566055.601799998432398 ], [ -7913920.084100000560284, -3566002.017700001597404 ], [ -7913883.954700000584126, -3565978.219200000166893 ], [ -7913850.7621, -3565958.444600000977516 ], [ -7913817.9759, -3565935.166400000452995 ], [ -7913778.747999999672174, -3565920.165199998766184 ], [ -7913764.20299999974668, -3565897.712699998170137 ], [ -7913743.093900000676513, -3565863.146899998188019 ], [ -7913689.291799999773502, -3565859.4868 ], [ -7913674.912100000306964, -3565828.291700001806021 ], [ -7913640.809399999678135, -3565800.376600001007318 ], [ -7913598.156899999827147, -3565794.178199999034405 ], [ -7913601.61879999935627, -3565738.180500000715256 ], [ -7913566.532999999821186, -3565717.857999999076128 ], [ -7913508.941500000655651, -3565718.9287 ], [ -7913485.7862, -3565687.3141999989748 ], [ -7913458.44539999961853, -3565664.5168999992311 ], [ -7913402.298800000920892, -3565667.308200001716614 ], [ -7913384.423000000417233, -3565629.186500001698732 ], [ -7913353.355799999088049, -3565604.710499998182058 ], [ -7913349.355799999088049, -3565554.67850000038743 ], [ -7913320.749299999326468, -3565526.078400000929832 ], [ -7913276.557800000533462, -3565522.820700000971556 ], [ -7913216.848899999633431, -3565521.01630000025034 ], [ -7913202.723500000312924, -3565479.911899998784065 ], [ -7913150.500199999660254, -3565483.211800001561642 ], [ -7913120.307199999690056, -3565456.9712999984622 ], [ -7913075.574200000613928, -3565447.896800000220537 ], [ -7913050.562599999830127, -3565415.733800001442432 ], [ -7913026.721899999305606, -3565455.211899999529123 ], [ -7913015.701500000432134, -3565413.467399999499321 ], [ -7912971.339199999347329, -3565400.889800000935793 ], [ -7912943.537900000810623, -3565384.509300000965595 ], [ -7912921.185599999502301, -3565351.131700001657009 ], [ -7912870.9781, -3565349.73200000077486 ], [ -7912850.236400000751019, -3565309.333000000566244 ], [ -7912798.254599999636412, -3565317.87049999833107 ], [ -7912778.853499999269843, -3565358.430799998342991 ], [ -7912758.597799999639392, -3565316.8574 ], [ -7912705.013499999418855, -3565319.015299998223782 ], [ -7912686.309599999338388, -3565284.987300001084805 ], [ -7912632.957499999552965, -3565285.975299999117851 ], [ -7912577.221300000324845, -3565289.337799999862909 ], [ -7912545.1404, -3565270.705200001597404 ], [ -7912517.914899999275804, -3565246.156599998474121 ], [ -7912461.241399999707937, -3565247.787999998778105 ], [ -7912415.93099999986589, -3565193.277800001204014 ], [ -7912370.7632, -3565114.877999998629093 ], [ -7912339.137700000777841, -3565142.845600001513958 ], [ -7912292.701999999582767, -3565149.5304000005126 ], [ -7912244.0779, -3565127.707499999552965 ], [ -7912233.535399999469519, -3565084.206599999219179 ], [ -7912178.9441, -3565088.711199998855591 ], [ -7912163.047800000756979, -3565047.639699999243021 ], [ -7912111.5778, -3565044.512499999254942 ], [ -7912057.608799999579787, -3565041.431099999696016 ], [ -7912006.545800000429153, -3565044.704599998891354 ], [ -7911959.707499999552965, -3565063.047800000756979 ], [ -7911961.023499999195337, -3565117.206300001591444 ], [ -7911954.356300000101328, -3565172.6776 ], [ -7911986.144400000572205, -3565197.143100000917912 ], [ -7912008.46199999935925, -3565228.774900000542402 ], [ -7911997.241900000721216, -3565284.913400001823902 ], [ -7911956.447100000455976, -3565304.893199998885393 ], [ -7911905.175000000745058, -3565255.151799999177456 ], [ -7911888.476800000295043, -3565304.982700001448393 ], [ -7911850.297800000756979, -3565341.227299999445677 ], [ -7911796.174000000581145, -3565341.643399998545647 ], [ -7911755.464099999517202, -3565356.377399999648333 ], [ -7911737.5954, -3565405.64750000089407 ], [ -7911685.158399999141693, -3565417.10190000012517 ], [ -7911670.68610000051558, -3565386.489700000733137 ], [ -7911633.554700000211596, -3565418.636100001633167 ], [ -7911630.35050000064075, -3565469.3838 ], [ -7911630.857899999246001, -3565522.976399999111891 ], [ -7911630.2061, -3565576.590599998831749 ], [ -7911615.36629999987781, -3565631.049199998378754 ], [ -7911643.88230000063777, -3565650.915699999779463 ], [ -7911687.605399999767542, -3565658.26630000025034 ], [ -7911736.327299999073148, -3565655.619699999690056 ], [ -7911781.771600000560284, -3565679.834699999541044 ], [ -7911797.356599999591708, -3565719.749200001358986 ], [ -7911851.143100000917912, -3565724.583000000566244 ], [ -7911894.282500000670552, -3565743.596500001847744 ], [ -7911937.332599999383092, -3565759.698300000280142 ], [ -7911991.406999999657273, -3565760.447599999606609 ], [ -7912015.741399999707937, -3565787.382399998605251 ], [ -7912056.413899999111891, -3565818.093800000846386 ], [ -7912095.7741, -3565852.325300000607967 ], [ -7912126.9868, -3565890.785799998790026 ], [ -7912164.245999999344349, -3565855.721099998801947 ], [ -7912213.441600000485778, -3565857.142299998551607 ], [ -7912249.13120000064373, -3565896.685100000351667 ], [ -7912298.883300000801682, -3565912.661899998784065 ], [ -7912345.818800000473857, -3565935.099700000137091 ], [ -7912381.529200000688434, -3565926.2820999994874 ], [ -7912429.02419999986887, -3565912.002399999648333 ], [ -7912483.369899999350309, -3565915.657800000160933 ], [ -7912497.862299999222159, -3565959.088300000876188 ], [ -7912505.238399999216199, -3566009.642299998551607 ], [ -7912554.151200000196695, -3566013.39809999987483 ], [ -7912611.850600000470877, -3566008.2511 ], [ -7912642.197799999266863, -3566040.900199998170137 ], [ -7912696.192500000819564, -3566045.143899999558926 ], [ -7912714.682700000703335, -3566083.2566 ], [ -7912741.231200000271201, -3566114.228000000119209 ], [ -7912757.695000000298023, -3566146.55180000141263 ], [ -7912736.916600000113249, -3566197.045499999076128 ], [ -7912724.6524, -3566241.554999999701977 ], [ -7912749.708100000396371, -3566321.4983000010252 ], [ -7912775.354499999433756, -3566366.471000000834465 ], [ -7912785.640699999406934, -3566417.55519999936223 ], [ -7912809.599600000306964, -3566461.394099999219179 ], [ -7912820.105200000107288, -3566506.647900000214577 ], [ -7912820.358799999579787, -3566542.1864 ], [ -7912857.293400000780821, -3566562.478000000119209 ], [ -7912900.681600000709295, -3566575.074999999254942 ], [ -7912901.942900000140071, -3566633.902100000530481 ], [ -7912943.637199999764562, -3566643.034400001168251 ], [ -7912970.184900000691414, -3566669.927999999374151 ], [ -7912994.690300000831485, -3566682.292300000786781 ], [ -7913024.157600000500679, -3566710.2971 ], [ -7913060.758600000292063, -3566734.090599998831749 ], [ -7913101.088400000706315, -3566753.736000001430511 ], [ -7913109.2752, -3566804.860500000417233 ], [ -7913163.36879999935627, -3566804.438900001347065 ], [ -7913211.225999999791384, -3566811.707899998873472 ], [ -7913217.796499999240041, -3566867.524000000208616 ], [ -7913243.6554000005126, -3566900.257100000977516 ], [ -7913277.016100000590086, -3566921.19709999859333 ], [ -7913312.710999999195337, -3566950.833999998867512 ], [ -7913338.726099999621511, -3566984.146899998188019 ], [ -7913390.589199999347329, -3566982.600400000810623 ], [ -7913374.2949, -3567026.605399999767542 ], [ -7913319.126000000163913, -3567021.803599998354912 ], [ -7913304.25139999948442, -3567052.380300000309944 ], [ -7913247.646600000560284, -3567052.266399998217821 ], [ -7913266.463600000366569, -3567086.296100001782179 ], [ -7913319.4057, -3567088.225999999791384 ], [ -7913372.7248, -3567088.983399998396635 ], [ -7913404.316400000825524, -3567118.113899998366833 ], [ -7913463.214299999177456, -3567118.767099998891354 ], [ -7913494.266799999400973, -3567146.159499999135733 ], [ -7913499.664799999445677, -3567203.164000000804663 ], [ -7913490.776599999517202, -3567255.772900000214577 ], [ -7913439.503900000825524, -3567267.797600001096725 ], [ -7913432.552799999713898, -3567323.284200001507998 ], [ -7913480.597400000318885, -3567328.800799999386072 ], [ -7913500.74210000038147, -3567373.877700001001358 ], [ -7913536.287399999797344, -3567401.186900001019239 ], [ -7913570.783600000664592, -3567422.688400000333786 ], [ -7913604.774000000208616, -3567454.105399999767542 ], [ -7913645.8717, -3567471.987700000405312 ], [ -7913750.4858, -3567467.709699999541044 ], [ -7913804.212999999523163, -3567464.961199998855591 ], [ -7913849.808299999684095, -3567475.183800000697374 ], [ -7913892.140699999406934, -3567497.121199999004602 ], [ -7913944.994599999859929, -3567496.136599998921156 ], [ -7913975.626299999654293, -3567465.264499999582767 ], [ -7914030.520600000396371, -3567458.997099999338388 ], [ -7914059.499500000849366, -3567485.8445999994874 ], [ -7914088.92960000038147, -3567521.424400001764297 ], [ -7914126.025699999183416, -3567536.4662000015378 ], [ -7914161.140799999237061, -3567567.86089999973774 ], [ -7914237.506699999794364, -3567560.609299998730421 ], [ -7914258.181500000879169, -3567596.934999998658895 ], [ -7914299.1875, -3567607.824299998581409 ], [ -7914300.155099999159575, -3567666.078600000590086 ], [ -7914332.8277000002563, -3567645.656199999153614 ], [ -7914332.768500000238419, -3567591.464099999517202 ], [ -7914330.2862, -3567535.569299999624491 ], [ -7914332.13910000026226, -3567484.838300000876188 ], [ -7914365.326999999582767, -3567476.6435999982059 ], [ -7914364.698899999260902, -3567423.045499999076128 ], [ -7914361.698599999770522, -3567366.578400000929832 ], [ -7914384.723500000312924, -3567345.753800000995398 ], [ -7914413.205700000748038, -3567314.338500000536442 ], [ -7914443.31110000051558, -3567280.562100000679493 ], [ -7914497.685399999842048, -3567279.546799998730421 ], [ -7914550.697799999266863, -3567277.391199998557568 ], [ -7914570.798599999397993, -3567235.6435999982059 ], [ -7914604.964700000360608, -3567221.603100001811981 ], [ -7914610.544800000265241, -3567166.724800001829863 ], [ -7914638.447300000116229, -3567129.493299998342991 ], [ -7914666.425200000405312, -3567096.339400000870228 ], [ -7914721.718800000846386, -3567094.140500001609325 ], [ -7914748.837899999693036, -3567061.585200000554323 ], [ -7914782.8445999994874, -3567042.885899998247623 ], [ -7914800.173499999567866, -3566998.277100000530481 ], [ -7914802.726700000464916, -3566952.196699999272823 ], [ -7914749.986300000920892, -3566963.088500000536442 ], [ -7914738.886099999770522, -3566921.342199999839067 ], [ -7914776.177200000733137, -3566907.825899999588728 ], [ -7914811.434499999508262, -3566880.363000001758337 ], [ -7914835.911399999633431, -3566851.936299998313189 ], [ -7914879.581499999389052, -3566836.552400000393391 ], [ -7914919.810200000181794, -3566821.232799999415874 ], [ -7914924.945699999108911, -3566775.687399998307228 ], [ -7914922.276100000366569, -3566721.547899998724461 ], [ -7914919.693499999120831, -3566666.241700001060963 ], [ -7914934.815899999812245, -3566619.927299998700619 ], [ -7914944.791200000792742, -3566569.630699999630451 ], [ -7914978.897299999371171, -3566554.425700001418591 ], [ -7914980.97580000013113, -3566504.277100000530481 ], [ -7915033.602399999275804, -3566489.308200001716614 ], [ -7915084.647399999201298, -3566490.683499999344349 ], [ -7915102.876499999314547, -3566535.790600001811981 ], [ -7915119.410700000822544, -3566489.449999999254942 ], [ -7915088.207800000905991, -3566463.814100001007318 ], [ -7915094.544199999421835, -3566426.404699999839067 ], [ -7915118.118699999526143, -3566390.420800000429153 ], [ -7915147.0417, -3566365.407400000840425 ], [ -7915147.015699999406934, -3566311.220199998468161 ], [ -7915145.171499999240041, -3566254.736699998378754 ], [ -7915147.687899999320507, -3566202.833099998533726 ], [ -7915210.22069999948144, -3566178.9386 ], [ -7915210.6798, -3566123.5779 ], [ -7915250.21059999987483, -3566105.940600000321865 ], [ -7915269.103800000622869, -3566073.540899999439716 ], [ -7915294.401900000870228, -3566032.864199999719858 ], [ -7915347.068, -3566031.877399999648333 ], [ -7915402.645899999886751, -3566035.497099999338388 ], [ -7915451.469399999827147, -3566030.503400001674891 ], [ -7915453.1546, -3565982.694699998944998 ], [ -7915395.39670000039041, -3565976.785599999129772 ], [ -7915356.740000000223517, -3565953.621500000357628 ], [ -7915346.487299999222159, -3565904.871599998325109 ], [ -7915346.225299999117851, -3565847.777699999511242 ], [ -7915351.088199999183416, -3565793.501200001686811 ], [ -7915392.209000000730157, -3565765.929299999028444 ], [ -7915447.9057, -3565764.302799999713898 ], [ -7915499.716, -3565762.166200000792742 ], [ -7915507.449500000104308, -3565720.07149999961257 ], [ -7915456.490800000727177, -3565719.278999999165535 ], [ -7915405.68779999949038, -3565719.065900001674891 ], [ -7915382.557900000363588, -3565679.297699999064207 ], [ -7915375.978700000792742, -3565623.488400001078844 ], [ -7915382.843800000846386, -3565575.584300000220537 ], [ -7915420.55350000038743, -3565567.303399998694658 ], [ -7915441.3772, -3565523.798799999058247 ], [ -7915478.283399999141693, -3565507.3761 ], [ -7915458.730599999427795, -3565482.689899999648333 ], [ -7915430.727900000289083, -3565457.579300001263618 ], [ -7915434.503799999132752, -3565403.32490000128746 ], [ -7915438.7652000002563, -3565347.896299999207258 ], [ -7915406.4528, -3565322.866700001060963 ], [ -7915403.835799999535084, -3565271.645700000226498 ], [ -7915406.384099999442697, -3565215.667199999094009 ], [ -7915404.926200000569224, -3565164.424800001084805 ], [ -7915370.661000000312924, -3565149.336399998515844 ], [ -7915367.577199999243021, -3565096.377000000327826 ], [ -7915364.99349999986589, -3565041.078000001609325 ], [ -7915330.802400000393391, -3565014.336199998855591 ], [ -7915335.8279, -3564962.973299998790026 ], [ -7915353.960699999704957, -3564913.112700000405312 ], [ -7915395.628900000825524, -3564887.863000001758337 ], [ -7915440.772600000724196, -3564874.199999999254942 ], [ -7915433.737700000405312, -3564817.23759999871254 ], [ -7915383.898499999195337, -3564814.093299999833107 ], [ -7915331.081700000911951, -3564814.500199999660254 ], [ -7915324.133600000292063, -3564762.19709999859333 ], [ -7915286.585999999195337, -3564736.101199999451637 ], [ -7915280.546900000423193, -3564687.859499998390675 ], [ -7915251.595899999141693, -3564644.707699999213219 ], [ -7915251.631400000303984, -3564589.9441 ], [ -7915249.337500000372529, -3564540.467700000852346 ], [ -7915194.710200000554323, -3564546.733600001782179 ], [ -7915181.393100000917912, -3564459.596099998801947 ], [ -7915183.572599999606609, -3564407.123500000685453 ], [ -7915179.5152000002563, -3564358.263300001621246 ], [ -7915141.583100000396371, -3564348.486900001764297 ], [ -7915139.630300000309944, -3564297.839899998158216 ], [ -7915104.553999999538064, -3564274.028299998492002 ], [ -7915076.5793999992311, -3564254.161899998784065 ], [ -7915077.521199999377131, -3564199.383000001311302 ], [ -7915072.471699999645352, -3564151.707299999892712 ], [ -7915041.55629999935627, -3564135.39130000025034 ], [ -7915003.671800000593066, -3564126.1963 ], [ -7915000.9013, -3564074.400199998170137 ], [ -7914964.398900000378489, -3564051.780499998480082 ], [ -7914955.34180000051856, -3563998.937100000679493 ], [ -7914967.248800000175834, -3563953.275199998170137 ], [ -7914996.464299999177456, -3563924.76630000025034 ], [ -7915027.532800000160933, -3563904.378499999642372 ], [ -7914995.714199999347329, -3563876.428599998354912 ], [ -7914946.4167, -3563859.291299998760223 ], [ -7914894.682199999690056, -3563841.616900000721216 ], [ -7914882.933900000527501, -3563794.067600000649691 ], [ -7914881.642000000923872, -3563739.91499999910593 ], [ -7914847.744300000369549, -3563718.99439999833703 ], [ -7914852.565899999812245, -3563662.397700000554323 ], [ -7914851.085400000214577, -3563611.7445 ], [ -7914798.100199999287724, -3563608.656800001859665 ], [ -7914782.502100000157952, -3563566.423000000417233 ], [ -7914781.374099999666214, -3563509.355599999427795 ], [ -7914738.566500000655651, -3563500.2522 ], [ -7914737.499500000849366, -3563448.426699999719858 ], [ -7914741.575799999758601, -3563390.680100001394749 ], [ -7914720.86710000038147, -3563356.115299999713898 ], [ -7914670.875099999830127, -3563348.310899998992682 ], [ -7914664.698300000280142, -3563298.329100001603365 ], [ -7914667.058199999853969, -3563241.780299998819828 ], [ -7914673.937000000849366, -3563188.642400000244379 ], [ -7914706.590800000354648, -3563165.896999999880791 ], [ -7914704.141000000759959, -3563111.7685999982059 ], [ -7914671.1908, -3563089.083299998193979 ], [ -7914631.010800000280142, -3563077.018100000917912 ], [ -7914635.409600000828505, -3563021.014699999243021 ], [ -7914640.242900000885129, -3562965.003499999642372 ], [ -7914636.0033, -3562917.899500001221895 ], [ -7914587.449799999594688, -3562915.310699999332428 ], [ -7914556.760199999436736, -3562891.418200001120567 ], [ -7914556.325500000268221, -3562832.593400001525879 ], [ -7914580.89750000089407, -3562801.844700001180172 ], [ -7914594.212400000542402, -3562763.733600001782179 ], [ -7914555.219499999657273, -3562760.966299999505281 ], [ -7914536.261299999430776, -3562726.952599998563528 ], [ -7914525.532400000840425, -3562683.465500000864267 ], [ -7914489.4792, -3562667.245700001716614 ], [ -7914452.398399999365211, -3562646.385099999606609 ], [ -7914451.221300000324845, -3562590.48759999871254 ], [ -7914506.226099999621511, -3562595.286499999463558 ], [ -7914526.387900000438094, -3562561.125799998641014 ], [ -7914526.637399999424815, -3562504.037200000137091 ], [ -7914519.817900000140071, -3562450.575599998235703 ], [ -7914489.081499999389052, -3562431.927000001072884 ], [ -7914484.9847999997437, -3562380.744800001382828 ], [ -7914483.35840000025928, -3562326.021899998188019 ], [ -7914481.695800000801682, -3562271.299899999052286 ], [ -7914477.516000000759959, -3562219.537399999797344 ], [ -7914449.442399999126792, -3562197.927000001072884 ], [ -7914447.279799999669194, -3562145.544700000435114 ], [ -7914447.670700000599027, -3562090.2027000002563 ], [ -7914441.665999999269843, -3562039.639899998903275 ], [ -7914403.950099999085069, -3562017.627000000327826 ], [ -7914407.947499999776483, -3561963.383200000971556 ], [ -7914352.853199999779463, -3561967.322700001299381 ], [ -7914329.978199999779463, -3561936.878499999642372 ], [ -7914332.453099999576807, -3561857.035199999809265 ], [ -7914363.528599999845028, -3561837.2347999997437 ], [ -7914398.949200000613928, -3561817.353399999439716 ], [ -7914431.992799999192357, -3561786.449499998241663 ], [ -7914436.388299999758601, -3561732.199299998581409 ], [ -7914469.111500000581145, -3561709.455899998545647 ], [ -7914502.967700000852346, -3561687.273800000548363 ], [ -7914537.898700000718236, -3561648.762899998575449 ], [ -7914536.753799999132752, -3561594.616599999368191 ], [ -7914506.347699999809265, -3561564.314100001007318 ], [ -7914470.425000000745058, -3561545.181000001728535 ], [ -7914441.37360000051558, -3561513.688299998641014 ] ] ] ] } },
{ "type": "Feature", "properties": { "objectid": 13628, "st_area_sh": 30916.0242196, "st_length_": 847.021192875, "Nombre": null, "Tipo": "Laguna", "objectid_2": 74, "shape_leng": 498574.552279, "dis_elec": 5, "cir_sena": 5, "cod_comuna": 4301, "codregion": 4, "st_area_sh_2": 4810568023.6300001, "st_length__2": 605272.14274200005, "Region": "Región de Coquimbo", "Comuna": "Ovalle", "Provincia": "Limarí" }, "geometry": { "type": "MultiPolygon", "coordinates": [ [ [ [ -7949069.035499999299645, -3573708.822799999266863 ], [ -7949148.349500000476837, -3573694.877500001341105 ], [ -7949181.106000000610948, -3573670.273299999535084 ], [ -7949217.388599999248981, -3573644.427400000393391 ], [ -7949227.280099999159575, -3573598.162799999117851 ], [ -7949250.058900000527501, -3573573.190099999308586 ], [ -7949285.594499999657273, -3573551.4408 ], [ -7949291.013499999418855, -3573499.443399999290705 ], [ -7949328.4167, -3573470.075899999588728 ], [ -7949283.276100000366569, -3573464.633900001645088 ], [ -7949259.426599999889731, -3573430.753600001335144 ], [ -7949211.941299999132752, -3573444.598400000482798 ], [ -7949176.781500000506639, -3573468.670899998396635 ], [ -7949154.079, -3573500.636900000274181 ], [ -7949143.994699999690056, -3573548.070999998599291 ], [ -7949117.485200000926852, -3573576.621300000697374 ], [ -7949116.451899999752641, -3573632.022399999201298 ], [ -7949082.847799999639392, -3573652.563999999314547 ], [ -7949075.904400000348687, -3573678.945300001651049 ], [ -7949069.035499999299645, -3573708.822799999266863 ] ] ] ] } },
{ "type": "Feature", "properties": { "objectid": 13629, "st_area_sh": 35860.246960999997, "st_length_": 811.29966238600002, "Nombre": null, "Tipo": "Laguna", "objectid_2": 74, "shape_leng": 498574.552279, "dis_elec": 5, "cir_sena": 5, "cod_comuna": 4301, "codregion": 4, "st_area_sh_2": 4810568023.6300001, "st_length__2": 605272.14274200005, "Region": "Región de Coquimbo", "Comuna": "Ovalle", "Provincia": "Limarí" }, "geometry": { "type": "MultiPolygon", "coordinates": [ [ [ [ -7949361.064500000327826, -3575005.485500000417233 ], [ -7949418.57289999909699, -3574997.252700001001358 ], [ -7949489.088700000196695, -3574963.087799999862909 ], [ -7949497.708499999716878, -3574911.598600000143051 ], [ -7949484.209899999201298, -3574860.002599999308586 ], [ -7949428.643699999898672, -3574862.363899998366833 ], [ -7949418.155200000852346, -3574814.201200000941753 ], [ -7949390.427899999544024, -3574785.647999998182058 ], [ -7949332.6162, -3574789.806200001388788 ], [ -7949311.665699999779463, -3574825.8191 ], [ -7949258.853700000792742, -3574828.120400000363588 ], [ -7949243.206299999728799, -3574864.602299999445677 ], [ -7949282.064500000327826, -3574881.256799999624491 ], [ -7949283.194199999794364, -3574936.034099999815226 ], [ -7949315.601099999621511, -3574951.078299999237061 ], [ -7949313.479800000786781, -3575003.01069999858737 ], [ -7949361.064500000327826, -3575005.485500000417233 ] ] ] ] } },
{ "type": "Feature", "properties": { "objectid": 13630, "st_area_sh": 21596.7711667, "st_length_": 661.97572380899999, "Nombre": null, "Tipo": "Laguna", "objectid_2": 74, "shape_leng": 498574.552279, "dis_elec": 5, "cir_sena": 5, "cod_comuna": 4301, "codregion": 4, "st_area_sh_2": 4810568023.6300001, "st_length__2": 605272.14274200005, "Region": "Región de Coquimbo", "Comuna": "Ovalle", "Provincia": "Limarí" }, "geometry": { "type": "MultiPolygon", "coordinates": [ [ [ [ -7949789.649599999189377, -3576572.787099998444319 ], [ -7949806.466299999505281, -3576531.609900001436472 ], [ -7949860.18099999986589, -3576532.201499998569489 ], [ -7949870.756699999794364, -3576460.256299998611212 ], [ -7949804.080600000917912, -3576462.276299998164177 ], [ -7949782.602099999785423, -3576426.006000000983477 ], [ -7949757.162900000810623, -3576392.736400000751019 ], [ -7949728.48509999923408, -3576418.425900001078844 ], [ -7949684.242000000551343, -3576436.870799999684095 ], [ -7949661.247999999672174, -3576472.350000001490116 ], [ -7949664.917999999597669, -3576528.828499998897314 ], [ -7949719.620500000193715, -3576524.734900001436472 ], [ -7949736.101500000804663, -3576568.110100001096725 ], [ -7949789.649599999189377, -3576572.787099998444319 ] ] ] ] } },
{ "type": "Feature", "properties": { "objectid": 13631, "st_area_sh": 46703.409059099999, "st_length_": 955.67545413000005, "Nombre": null, "Tipo": "Laguna", "objectid_2": 74, "shape_leng": 498574.552279, "dis_elec": 5, "cir_sena": 5, "cod_comuna": 4301, "codregion": 4, "st_area_sh_2": 4810568023.6300001, "st_length__2": 605272.14274200005, "Region": "Región de Coquimbo", "Comuna": "Ovalle", "Provincia": "Limarí" }, "geometry": { "type": "MultiPolygon", "coordinates": [ [ [ [ -7948921.3432, -3577327.909600000828505 ], [ -7948949.885500000789762, -3577290.5608000010252 ], [ -7948981.352299999445677, -3577232.157400000840425 ], [ -7948980.476800000295043, -3577177.364700000733137 ], [ -7949018.374900000169873, -3577170.719399999827147 ], [ -7949020.929300000891089, -3577113.520899999886751 ], [ -7949006.141100000590086, -3577069.523299999535084 ], [ -7948969.546399999409914, -3577050.484299998730421 ], [ -7948925.163599999621511, -3577040.359000001102686 ], [ -7948869.307199999690056, -3577038.060100000351667 ], [ -7948814.5285, -3577040.40260000154376 ], [ -7948768.488800000399351, -3577049.554400000721216 ], [ -7948768.759400000795722, -3577104.942699998617172 ], [ -7948843.2357, -3577131.915399998426437 ], [ -7948843.952299999073148, -3577184.378899998962879 ], [ -7948836.782299999147654, -3577242.843100000172853 ], [ -7948835.662699999287724, -3577295.929699998348951 ], [ -7948860.617900000885129, -3577328.630800001323223 ], [ -7948921.3432, -3577327.909600000828505 ] ] ] ] } },
{ "type": "Feature", "properties": { "objectid": 13632, "st_area_sh": 312412.46655299998, "st_length_": 3210.7894681500002, "Nombre": "Embalse Concepción", "Tipo": "Laguna", "objectid_2": 74, "shape_leng": 498574.552279, "dis_elec": 5, "cir_sena": 5, "cod_comuna": 4301, "codregion": 4, "st_area_sh_2": 4810568023.6300001, "st_length__2": 605272.14274200005, "Region": "Región de Coquimbo", "Comuna": "Ovalle", "Provincia": "Limarí" }, "geometry": { "type": "MultiPolygon", "coordinates": [ [ [ [ -7948880.961799999698997, -3579435.154699999839067 ], [ -7948918.9057, -3579411.594399999827147 ], [ -7948909.4123, -3579354.0614 ], [ -7948874.549000000581145, -3579331.482599999755621 ], [ -7948871.558299999684095, -3579276.143100000917912 ], [ -7948875.456499999389052, -3579222.405299998819828 ], [ -7948911.723600000143051, -3579205.296599999070168 ], [ -7948934.788200000301003, -3579176.224399998784065 ], [ -7948944.250800000503659, -3579133.448100000619888 ], [ -7948940.317299999296665, -3579078.129700001329184 ], [ -7948938.076199999079108, -3579023.941599998623133 ], [ -7948970.279799999669194, -3579001.671599999070168 ], [ -7948979.06279999949038, -3578954.245000001043081 ], [ -7948972.000199999660254, -3578900.160999998450279 ], [ -7948941.74210000038147, -3578877.484200000762939 ], [ -7948945.600700000301003, -3578818.500399999320507 ], [ -7948925.319399999454618, -3578787.44480000063777 ], [ -7948869.425499999895692, -3578797.393300000578165 ], [ -7948866.628799999132752, -3578742.635099999606609 ], [ -7948867.325400000438094, -3578690.134799998253584 ], [ -7948832.309499999508262, -3578672.225499998778105 ], [ -7948796.475299999117851, -3578660.165500000119209 ], [ -7948800.214400000870228, -3578602.351700000464916 ], [ -7948770.8607, -3578574.407000001519918 ], [ -7948709.429099999368191, -3578576.3092 ], [ -7948685.375600000843406, -3578608.316599998623133 ], [ -7948698.9178, -3578670.424800001084805 ], [ -7948677.642899999395013, -3578701.789599999785423 ], [ -7948618.505999999120831, -3578702.475900001823902 ], [ -7948585.661000000312924, -3578675.771800000220537 ], [ -7948552.880599999800324, -3578657.230700001120567 ], [ -7948496.513900000602007, -3578663.6886 ], [ -7948445.9561, -3578663.606800001114607 ], [ -7948429.417999999597669, -3578624.306099999696016 ], [ -7948376.526100000366569, -3578620.1919 ], [ -7948320.531700000166893, -3578621.975699998438358 ], [ -7948271.258600000292063, -3578629.446800000965595 ], [ -7948254.251299999654293, -3578667.134199999272823 ], [ -7948237.459799999371171, -3578701.318 ], [ -7948281.0132, -3578733.625199999660254 ], [ -7948305.32740000076592, -3578761.679499998688698 ], [ -7948348.566500000655651, -3578768.916900001466274 ], [ -7948382.493599999696016, -3578785.101399999111891 ], [ -7948420.769200000911951, -3578797.693500000983477 ], [ -7948451.39750000089407, -3578813.948699999600649 ], [ -7948478.355100000277162, -3578834.947900000959635 ], [ -7948491.607200000435114, -3578874.902899999171495 ], [ -7948522.621400000527501, -3578888.81700000166893 ], [ -7948556.378399999812245, -3578902.088899999856949 ], [ -7948559.077600000426173, -3578957.433200001716614 ], [ -7948525.845100000500679, -3578977.391399998217821 ], [ -7948523.248700000345707, -3579027.600999999791384 ], [ -7948521.644400000572205, -3579080.122299998998642 ], [ -7948521.019799999892712, -3579134.372299998998642 ], [ -7948521.44649999961257, -3579188.600099999457598 ], [ -7948522.924599999561906, -3579242.805399999022484 ], [ -7948525.525499999523163, -3579295.237399999052286 ], [ -7948529.285700000822544, -3579345.894999999552965 ], [ -7948565.14299999922514, -3579352.1239 ], [ -7948593.888900000602007, -3579324.096500001847744 ], [ -7948647.688200000673532, -3579324.691199999302626 ], [ -7948703.349700000137091, -3579327.578499998897314 ], [ -7948755.347799999639392, -3579327.045000001788139 ], [ -7948776.67200000025332, -3579296.260600000619888 ], [ -7948816.790899999439716, -3579272.654100000858307 ], [ -7948844.722100000828505, -3579303.546700000762939 ], [ -7948839.605599999427795, -3579361.393399998545647 ], [ -7948838.329800000414252, -3579415.658599998801947 ], [ -7948880.961799999698997, -3579435.154699999839067 ] ] ] ] } },
{ "type": "Feature", "properties": { "objectid": 13633, "st_area_sh": 612949.00316399999, "st_length_": 4591.1296013600004, "Nombre": "Embalse Concepción", "Tipo": "Laguna", "objectid_2": 74, "shape_leng": 498574.552279, "dis_elec": 5, "cir_sena": 5, "cod_comuna": 4301, "codregion": 4, "st_area_sh_2": 4810568023.6300001, "st_length__2": 605272.14274200005, "Region": "Región de Coquimbo", "Comuna": "Ovalle", "Provincia": "Limarí" }, "geometry": { "type": "MultiPolygon", "coordinates": [ [ [ [ -7951845.281600000336766, -3580795.911200001835823 ], [ -7951877.011099999770522, -3580771.891199998557568 ], [ -7951880.546399999409914, -3580718.737799998372793 ], [ -7951906.460799999535084, -3580692.511199999600649 ], [ -7951920.508600000292063, -3580652.54450000077486 ], [ -7951943.2379, -3580618.221599999815226 ], [ -7951978.013599999248981, -3580595.885200001299381 ], [ -7952013.981499999761581, -3580583.438099998980761 ], [ -7952010.071399999782443, -3580529.864100001752377 ], [ -7952006.81389999948442, -3580476.276200000196695 ], [ -7952056.322599999606609, -3580471.116900000721216 ], [ -7952086.564400000497699, -3580447.129299998283386 ], [ -7952083.123999999836087, -3580391.796 ], [ -7952080.626199999824166, -3580336.442499998956919 ], [ -7952109.59180000051856, -3580303.734299998730421 ], [ -7952143.072200000286102, -3580280.259700000286102 ], [ -7952176.725700000301003, -3580261.447299998253584 ], [ -7952179.403599999845028, -3580210.647599998861551 ], [ -7952178.585699999704957, -3580155.841499999165535 ], [ -7952206.599600000306964, -3580127.8202 ], [ -7952242.101399999111891, -3580108.967500001192093 ], [ -7952243.215900000184774, -3580052.953499998897314 ], [ -7952278.974099999293685, -3580037.5945999994874 ], [ -7952280.802300000563264, -3579982.731699999421835 ], [ -7952323.380899999290705, -3579943.895599998533726 ], [ -7952345.031500000506639, -3579908.431099999696016 ], [ -7952347.1732, -3579852.978700000792742 ], [ -7952345.894500000402331, -3579797.017900001257658 ], [ -7952339.3147, -3579745.83839999884367 ], [ -7952308.468800000846386, -3579723.18129999935627 ], [ -7952267.977299999445677, -3579712.398299999535084 ], [ -7952265.6283, -3579662.293400000780821 ], [ -7952269.316700000315905, -3579606.225299999117851 ], [ -7952273.209899999201298, -3579549.56980000063777 ], [ -7952271.488399999216199, -3579498.285500001162291 ], [ -7952225.926599999889731, -3579492.861699998378754 ], [ -7952222.369000000879169, -3579442.2007 ], [ -7952237.844900000840425, -3579392.875500001013279 ], [ -7952264.836500000208616, -3579357.879700001329184 ], [ -7952296.260600000619888, -3579335.034499999135733 ], [ -7952323.02449999935925, -3579302.959600001573563 ], [ -7952340.432399999350309, -3579252.426399998366833 ], [ -7952295.738700000569224, -3579243.484900001436472 ], [ -7952256.032299999147654, -3579230.352299999445677 ], [ -7952233.377800000831485, -3579204.0185999982059 ], [ -7952179.800100000575185, -3579206.933699999004602 ], [ -7952123.541200000792742, -3579211.656500000506639 ], [ -7952071.689500000327826, -3579212.200800001621246 ], [ -7952061.412399999797344, -3579174.517099998891354 ], [ -7952008.6447, -3579177.997099999338388 ], [ -7951985.764499999582767, -3579216.9847999997437 ], [ -7951930.913799999281764, -3579214.677799999713898 ], [ -7951876.994400000199676, -3579213.516800001263618 ], [ -7951842.362999999895692, -3579230.598499998450279 ], [ -7951814.188400000333786, -3579252.788499999791384 ], [ -7951825.87470000050962, -3579285.193399999290705 ], [ -7951852.131400000303984, -3579313.782600000500679 ], [ -7951849.705900000408292, -3579364.573100000619888 ], [ -7951884.165699999779463, -3579374.905099999159575 ], [ -7951885.3585, -3579432.032499998807907 ], [ -7951860.285700000822544, -3579465.236400000751019 ], [ -7951839.737199999392033, -3579504.757399998605251 ], [ -7951868.216900000348687, -3579532.13230000063777 ], [ -7951893.2807, -3579564.247000001370907 ], [ -7951876.092499999329448, -3579604.861699998378754 ], [ -7951848.388499999418855, -3579627.042300000786781 ], [ -7951854.935399999842048, -3579685.221000000834465 ], [ -7951823.1081000007689, -3579704.575199998915195 ], [ -7951821.56900000013411, -3579776.343800000846386 ], [ -7951857.185399999842048, -3579811.729299999773502 ], [ -7951897.601700000464916, -3579834.17960000038147 ], [ -7951859.8454, -3579844.331599999219179 ], [ -7951857.930299999192357, -3579898.612500000745058 ], [ -7951822.070000000298023, -3579922.720499999821186 ], [ -7951820.67339999973774, -3579975.824099998921156 ], [ -7951816.566299999132752, -3580024.320999998599291 ], [ -7951786.519999999552965, -3580050.63569999858737 ], [ -7951761.184900000691414, -3580090.26240000128746 ], [ -7951722.051599999889731, -3580102.19370000064373 ], [ -7951718.345599999651313, -3580154.181800000369549 ], [ -7951721.9543999992311, -3580210.677000001072884 ], [ -7951750.325400000438094, -3580236.30629999935627 ], [ -7951738.641100000590086, -3580269.80460000038147 ], [ -7951691.1535, -3580277.834899999201298 ], [ -7951690.411699999123812, -3580334.425200000405312 ], [ -7951658.200400000438094, -3580359.620799999684095 ], [ -7951651.164000000804663, -3580418.681099999696016 ], [ -7951655.712600000202656, -3580471.657699998468161 ], [ -7951692.389699999243021, -3580485.442299999296665 ], [ -7951754.6897, -3580471.257599998265505 ], [ -7951774.231899999082088, -3580502.91160000115633 ], [ -7951769.49129999987781, -3580560.756299998611212 ], [ -7951756.686799999326468, -3580614.693599998950958 ], [ -7951725.078700000420213, -3580639.293699998408556 ], [ -7951766.771999999880791, -3580653.552499998360872 ], [ -7951791.921700000762939, -3580684.501899998635054 ], [ -7951805.521199999377131, -3580719.785000000149012 ], [ -7951840.659499999135733, -3580742.934999998658895 ], [ -7951845.281600000336766, -3580795.911200001835823 ] ] ] ] } },
{ "type": "Feature", "properties": { "objectid": 13634, "st_area_sh": 47462.270887300001, "st_length_": 1253.3983143800001, "Nombre": null, "Tipo": "Laguna", "objectid_2": 74, "shape_leng": 498574.552279, "dis_elec": 5, "cir_sena": 5, "cod_comuna": 4301, "codregion": 4, "st_area_sh_2": 4810568023.6300001, "st_length__2": 605272.14274200005, "Region": "Región de Coquimbo", "Comuna": "Ovalle", "Provincia": "Limarí" }, "geometry": { "type": "MultiPolygon", "coordinates": [ [ [ [ -7957034.222500000149012, -3579763.479299999773502 ], [ -7957059.106499999761581, -3579735.5176 ], [ -7957066.133899999782443, -3579690.45549999922514 ], [ -7957099.167700000107288, -3579666.979100000113249 ], [ -7957103.33530000038445, -3579625.479699999094009 ], [ -7957140.003100000321865, -3579569.263799998909235 ], [ -7957174.249800000339746, -3579549.8429000005126 ], [ -7957179.963199999183416, -3579497.812199998646975 ], [ -7957177.96169999986887, -3579441.287099998444319 ], [ -7957150.330800000578165, -3579405.158399999141693 ], [ -7957136.714800000190735, -3579447.4496 ], [ -7957101.120999999344349, -3579451.737100001424551 ], [ -7957098.251900000497699, -3579396.980999998748302 ], [ -7957070.396999999880791, -3579385.350999999791384 ], [ -7957053.219799999147654, -3579420.722600001841784 ], [ -7956998.515599999576807, -3579420.184300001710653 ], [ -7956944.018400000408292, -3579420.807599999010563 ], [ -7956927.194599999114871, -3579459.08729999884963 ], [ -7956983.0581, -3579489.3429000005126 ], [ -7957035.515000000596046, -3579489.931000001728535 ], [ -7957039.253900000825524, -3579544.668299999088049 ], [ -7956998.970300000160933, -3579558.390599999576807 ], [ -7956979.263699999079108, -3579590.90260000154376 ], [ -7956962.602, -3579633.261700000613928 ], [ -7956986.46059999987483, -3579667.725400000810623 ], [ -7956998.823300000280142, -3579708.858899999409914 ], [ -7956998.670499999076128, -3579763.100099999457598 ], [ -7957034.222500000149012, -3579763.479299999773502 ] ] ] ] } },
{ "type": "Feature", "properties": { "objectid": 13636, "st_area_sh": 138336.187817, "st_length_": 1874.1855680599999, "Nombre": null, "Tipo": "Laguna", "objectid_2": 74, "shape_leng": 498574.552279, "dis_elec": 5, "cir_sena": 5, "cod_comuna": 4301, "codregion": 4, "st_area_sh_2": 4810568023.6300001, "st_length__2": 605272.14274200005, "Region": "Región de Coquimbo", "Comuna": "Ovalle", "Provincia": "Limarí" }, "geometry": { "type": "MultiPolygon", "coordinates": [ [ [ [ -7932199.060000000521541, -3581701.478700000792742 ], [ -7932251.6349, -3581692.835299998521805 ], [ -7932267.934699999168515, -3581653.423099998384714 ], [ -7932291.819700000807643, -3581621.441300000995398 ], [ -7932323.661399999633431, -3581600.965799998492002 ], [ -7932361.939400000497699, -3581588.527100000530481 ], [ -7932389.761, -3581561.132599998265505 ], [ -7932432.764499999582767, -3581549.181600000709295 ], [ -7932490.732599999755621, -3581552.67850000038743 ], [ -7932531.911299999803305, -3581540.180799998342991 ], [ -7932527.083399999886751, -3581481.945300001651049 ], [ -7932568.5493, -3581472.941700000315905 ], [ -7932570.934900000691414, -3581418.060899998992682 ], [ -7932561.242799999192357, -3581366.924100000411272 ], [ -7932526.164599999785423, -3581352.465799998492002 ], [ -7932489.251499999314547, -3581335.12779999896884 ], [ -7932491.928999999538064, -3581278.491799999028444 ], [ -7932448.251900000497699, -3581271.206700000911951 ], [ -7932413.721999999135733, -3581251.487199999392033 ], [ -7932385.988500000908971, -3581243.296900000423193 ], [ -7932358.215500000864267, -3581271.27309999987483 ], [ -7932335.125099999830127, -3581308.4879 ], [ -7932280.791999999433756, -3581310.750199999660254 ], [ -7932264.797399999573827, -3581378.154699999839067 ], [ -7932209.5471, -3581378.10190000012517 ], [ -7932194.541200000792742, -3581416.903799999505281 ], [ -7932168.154200000688434, -3581448.9353 ], [ -7932113.231300000101328, -3581447.125500001013279 ], [ -7932099.02140000090003, -3581487.661499999463558 ], [ -7932074.860500000417233, -3581516.7314000017941 ], [ -7932020.938100000843406, -3581517.817800000309944 ], [ -7932006.063500000163913, -3581557.783900000154972 ], [ -7931950.706299999728799, -3581554.232200000435114 ], [ -7931936.94539999961853, -3581591.842599999159575 ], [ -7932001.4134, -3581630.210999999195337 ], [ -7932021.080700000748038, -3581659.564899999648333 ], [ -7932076.249500000849366, -3581657.286800000816584 ], [ -7932108.762800000607967, -3581628.631499998271465 ], [ -7932125.175599999725819, -3581662.134199999272823 ], [ -7932178.857699999585748, -3581659.885600000619888 ], [ -7932199.060000000521541, -3581701.478700000792742 ] ] ] ] } },
{ "type": "Feature", "properties": { "objectid": 13638, "st_area_sh": 18235.3812029, "st_length_": 592.55856216100005, "Nombre": "Embalse Cerrillos", "Tipo": "Laguna", "objectid_2": 74, "shape_leng": 498574.552279, "dis_elec": 5, "cir_sena": 5, "cod_comuna": 4301, "codregion": 4, "st_area_sh_2": 4810568023.6300001, "st_length__2": 605272.14274200005, "Region": "Región de Coquimbo", "Comuna": "Ovalle", "Provincia": "Limarí" }, "geometry": { "type": "MultiPolygon", "coordinates": [ [ [ [ -7957028.529899999499321, -3581697.073100000619888 ], [ -7957076.587500000372529, -3581690.1754 ], [ -7957081.544600000604987, -3581641.652399998158216 ], [ -7957116.677699999883771, -3581621.041999999433756 ], [ -7957119.580700000748038, -3581573.14809999987483 ], [ -7957113.724700000137091, -3581517.865800000727177 ], [ -7957058.9726, -3581555.242600001394749 ], [ -7957011.689500000327826, -3581562.706300001591444 ], [ -7956982.958799999207258, -3581590.757199998944998 ], [ -7956966.185499999672174, -3581662.873399998992682 ], [ -7956944.8805, -3581695.426300000399351 ], [ -7957028.529899999499321, -3581697.073100000619888 ] ] ] ] } },
{ "type": "Feature", "properties": { "objectid": 13645, "st_area_sh": 118685.61446300001, "st_length_": 1440.1840132899999, "Nombre": "Embalse Santa Rosa", "Tipo": "Laguna", "objectid_2": 74, "shape_leng": 498574.552279, "dis_elec": 5, "cir_sena": 5, "cod_comuna": 4301, "codregion": 4, "st_area_sh_2": 4810568023.6300001, "st_length__2": 605272.14274200005, "Region": "Región de Coquimbo", "Comuna": "Ovalle", "Provincia": "Limarí" }, "geometry": { "type": "MultiPolygon", "coordinates": [ [ [ [ -7945442.962300000712276, -3591053.844999998807907 ], [ -7945519.042899999767542, -3591013.699499998241663 ], [ -7945542.25650000013411, -3590983.434799998998642 ], [ -7945580.023700000718236, -3590961.616500001400709 ], [ -7945580.004699999466538, -3590905.5779 ], [ -7945599.018699999898672, -3590868.981600001454353 ], [ -7945619.2895, -3590830.023699998855591 ], [ -7945594.023199999704957, -3590797.288499999791384 ], [ -7945575.975400000810623, -3590757.394999999552965 ], [ -7945608.200099999085069, -3590729.273899998515844 ], [ -7945618.425300000235438, -3590671.850900001823902 ], [ -7945620.074200000613928, -3590612.275800000876188 ], [ -7945593.793500000610948, -3590583.065099999308586 ], [ -7945546.6546, -3590571.809799998998642 ], [ -7945489.878399999812245, -3590568.347800001502037 ], [ -7945430.2982, -3590571.366099998354912 ], [ -7945374.674900000914931, -3590579.55350000038743 ], [ -7945330.374199999496341, -3590592.753400001674891 ], [ -7945326.54450000077486, -3590645.370200000703335 ], [ -7945315.395600000396371, -3590693.472800001502037 ], [ -7945298.6426, -3590728.852699998766184 ], [ -7945294.015599999576807, -3590784.98930000141263 ], [ -7945294.261, -3590834.601500000804663 ], [ -7945347.39809999987483, -3590839.309300001710653 ], [ -7945364.598400000482798, -3590878.637699998915195 ], [ -7945367.119599999859929, -3590932.871800001710653 ], [ -7945368.188799999654293, -3590985.385800000280142 ], [ -7945368.858899999409914, -3591037.908500000834465 ], [ -7945442.962300000712276, -3591053.844999998807907 ] ] ] ] } },
{ "type": "Feature", "properties": { "objectid": 13646, "st_area_sh": 38098.045102099997, "st_length_": 906.51254824499995, "Nombre": null, "Tipo": "Laguna", "objectid_2": 74, "shape_leng": 498574.552279, "dis_elec": 5, "cir_sena": 5, "cod_comuna": 4301, "codregion": 4, "st_area_sh_2": 4810568023.6300001, "st_length__2": 605272.14274200005, "Region": "Región de Coquimbo", "Comuna": "Ovalle", "Provincia": "Limarí" }, "geometry": { "type": "MultiPolygon", "coordinates": [ [ [ [ -7945747.212300000712276, -3592233.011 ], [ -7945780.363500000908971, -3592215.958500001579523 ], [ -7945781.857699999585748, -3592166.303899999707937 ], [ -7945780.9679000005126, -3592113.781300000846386 ], [ -7945778.6985, -3592059.537000000476837 ], [ -7945776.211200000718236, -3592005.297499999403954 ], [ -7945774.6074, -3591951.623199999332428 ], [ -7945681.828299999237061, -3591955.9342 ], [ -7945670.3597, -3591918.232299998402596 ], [ -7945614.461200000718236, -3591917.087099999189377 ], [ -7945598.785199999809265, -3591955.366900000721216 ], [ -7945639.688200000673532, -3592002.950599998235703 ], [ -7945640.190400000661612, -3592056.064800001680851 ], [ -7945638.9879, -3592110.966899998486042 ], [ -7945638.752800000831485, -3592165.264800000935793 ], [ -7945676.131999999284744, -3592200.66440000012517 ], [ -7945732.149900000542402, -3592193.633499998599291 ], [ -7945747.212300000712276, -3592233.011 ] ] ] ] } },
{ "type": "Feature", "properties": { "objectid": 13648, "st_area_sh": 30143.3089268, "st_length_": 690.09772212500002, "Nombre": null, "Tipo": "Laguna", "objectid_2": 74, "shape_leng": 498574.552279, "dis_elec": 5, "cir_sena": 5, "cod_comuna": 4301, "codregion": 4, "st_area_sh_2": 4810568023.6300001, "st_length__2": 605272.14274200005, "Region": "Región de Coquimbo", "Comuna": "Ovalle", "Provincia": "Limarí" }, "geometry": { "type": "MultiPolygon", "coordinates": [ [ [ [ -7967685.424100000411272, -3592688.000100001692772 ], [ -7967642.079700000584126, -3592634.124899998307228 ], [ -7967608.400699999183416, -3592609.215500000864267 ], [ -7967574.946900000795722, -3592587.80350000038743 ], [ -7967521.832900000736117, -3592590.195700000971556 ], [ -7967467.91579999960959, -3592593.190000001341105 ], [ -7967426.748400000855327, -3592605.230599999427795 ], [ -7967431.115800000727177, -3592660.588599998503923 ], [ -7967473.242599999532104, -3592716.828000001609325 ], [ -7967504.468699999153614, -3592740.043099999427795 ], [ -7967531.714299999177456, -3592768.604100000113249 ], [ -7967587.493599999696016, -3592762.063799999654293 ], [ -7967614.592399999499321, -3592729.330899998545647 ], [ -7967639.603499999269843, -3592698.981300000101328 ], [ -7967685.424100000411272, -3592688.000100001692772 ] ] ] ] } },
{ "type": "Feature", "properties": { "objectid": 13649, "st_area_sh": 53530.3273157, "st_length_": 965.60874166899998, "Nombre": null, "Tipo": "Laguna", "objectid_2": 74, "shape_leng": 498574.552279, "dis_elec": 5, "cir_sena": 5, "cod_comuna": 4301, "codregion": 4, "st_area_sh_2": 4810568023.6300001, "st_length__2": 605272.14274200005, "Region": "Región de Coquimbo", "Comuna": "Ovalle", "Provincia": "Limarí" }, "geometry": { "type": "MultiPolygon", "coordinates": [ [ [ [ -7967685.424100000411272, -3592688.000100001692772 ], [ -7967684.780200000852346, -3592744.057799998670816 ], [ -7967651.409700000658631, -3592765.260000001639128 ], [ -7967623.901000000536442, -3592801.505199998617172 ], [ -7967608.880999999120831, -3592843.300299998372793 ], [ -7967638.485600000247359, -3592871.806800000369549 ], [ -7967643.034199999645352, -3592920.7401 ], [ -7967673.94510000012815, -3592940.459699999541044 ], [ -7967722.959000000730157, -3592940.496500000357628 ], [ -7967744.47749999910593, -3592977.36259999871254 ], [ -7967793.3881, -3592965.725699998438358 ], [ -7967786.534499999135733, -3592908.088700000196695 ], [ -7967832.001299999654293, -3592898.282499998807907 ], [ -7967861.894200000911951, -3592874.24100000038743 ], [ -7967865.019600000232458, -3592825.130899999290705 ], [ -7967899.498800000175834, -3592799.232200000435114 ], [ -7967884.171299999579787, -3592752.883499998599291 ], [ -7967852.841600000858307, -3592726.75279999896884 ], [ -7967817.015599999576807, -3592713.568999998271465 ], [ -7967793.572100000455976, -3592681.418400000780821 ], [ -7967740.553300000727177, -3592683.225600000470877 ], [ -7967685.424100000411272, -3592688.000100001692772 ] ] ] ] } },
{ "type": "Feature", "properties": { "objectid": 28890, "st_area_sh": 18107.297287000001, "st_length_": 543.75526318799996, "Nombre": null, "Tipo": "Tranque", "objectid_2": 74, "shape_leng": 498574.552279, "dis_elec": 5, "cir_sena": 5, "cod_comuna": 4301, "codregion": 4, "st_area_sh_2": 4810568023.6300001, "st_length__2": 605272.14274200005, "Region": "Región de Coquimbo", "Comuna": "Ovalle", "Provincia": "Limarí" }, "geometry": { "type": "MultiPolygon", "coordinates": [ [ [ [ -7958410.582100000232458, -3576444.292899999767542 ], [ -7958360.420299999415874, -3576563.725699998438358 ], [ -7958360.373125651851296, -3576568.928502678405493 ], [ -7958360.962000163272023, -3576574.098087570164353 ], [ -7958362.178099314682186, -3576579.156989031471312 ], [ -7958364.003200000151992, -3576584.029399998486042 ], [ -7958459.549599999561906, -3576615.081799998879433 ], [ -7958518.071599999442697, -3576458.624800000339746 ], [ -7958519.240617998875678, -3576456.815136801917106 ], [ -7958520.086539193056524, -3576454.833748069126159 ], [ -7958520.584963422268629, -3576452.737785936333239 ], [ -7958520.721513897180557, -3576450.587707346305251 ], [ -7958520.492251889780164, -3576448.445530204102397 ], [ -7958519.903790345415473, -3576446.37304450199008 ], [ -7958518.973103131167591, -3576444.430030018091202 ], [ -7958517.727035439573228, -3576442.672532000113279 ], [ -7958516.20152944792062, -3576441.151244569569826 ], [ -7958514.440587588585913, -3576439.91004847548902 ], [ -7958512.495003318414092, -3576438.984745377674699 ], [ -7958510.420896008610725, -3576438.402025165501982 ], [ -7958508.278092213906348, -3576438.178696101531386 ], [ -7958506.128399999812245, -3576438.321199998259544 ], [ -7958410.582100000232458, -3576444.292899999767542 ] ] ] ] } },
{ "type": "Feature", "properties": { "objectid": 28891, "st_area_sh": 2449.1630140799998, "st_length_": 198.63573183700001, "Nombre": null, "Tipo": "Tranque", "objectid_2": 74, "shape_leng": 498574.552279, "dis_elec": 5, "cir_sena": 5, "cod_comuna": 4301, "codregion": 4, "st_area_sh_2": 4810568023.6300001, "st_length__2": 605272.14274200005, "Region": "Región de Coquimbo", "Comuna": "Ovalle", "Provincia": "Limarí" }, "geometry": { "type": "MultiPolygon", "coordinates": [ [ [ [ -7957428.844000000506639, -3576284.252900000661612 ], [ -7957404.957399999722838, -3576329.63740000128746 ], [ -7957451.5362, -3576346.357900001108646 ], [ -7957474.228499999269843, -3576303.362100001424551 ], [ -7957428.844000000506639, -3576284.252900000661612 ] ] ] ] } },
{ "type": "Feature", "properties": { "objectid": 28892, "st_area_sh": 5598.2825090899996, "st_length_": 334.587701702, "Nombre": null, "Tipo": "Tranque", "objectid_2": 74, "shape_leng": 498574.552279, "dis_elec": 5, "cir_sena": 5, "cod_comuna": 4301, "codregion": 4, "st_area_sh_2": 4810568023.6300001, "st_length__2": 605272.14274200005, "Region": "Región de Coquimbo", "Comuna": "Ovalle", "Provincia": "Limarí" }, "geometry": { "type": "MultiPolygon", "coordinates": [ [ [ [ -7958790.378599999472499, -3575540.186099998652935 ], [ -7958785.601199999451637, -3575548.546500001102686 ], [ -7958783.118263628333807, -3575555.271745594684035 ], [ -7958781.386968856677413, -3575562.228506315965205 ], [ -7958780.428153122775257, -3575569.333052304573357 ], [ -7958780.253356496803463, -3575576.499874993227422 ], [ -7958780.864682786166668, -3575583.642716268543154 ], [ -7958782.2547742202878, -3575590.675606650300324 ], [ -7958784.406899999827147, -3575597.513900000602007 ], [ -7958786.519316472113132, -3575604.128890924155712 ], [ -7958787.870000747963786, -3575610.940356277860701 ], [ -7958788.441618775948882, -3575617.860880904365331 ], [ -7958788.226834679022431, -3575624.801650031004101 ], [ -7958787.228404895402491, -3575631.673589076381177 ], [ -7958785.459142805077136, -3575638.388506792485714 ], [ -7958782.941754289902747, -3575644.860227069351822 ], [ -7958779.708546335808933, -3575651.005694878753275 ], [ -7958775.801012419164181, -3575656.746042164973915 ], [ -7958771.269300000742078, -3575662.007599998265505 ], [ -7958771.237639328464866, -3575663.725451572798193 ], [ -7958771.490978554822505, -3575665.424814885016531 ], [ -7958772.022317699156702, -3575667.058735062368214 ], [ -7958772.816975402645767, -3575668.582065481226891 ], [ -7958773.852994588203728, -3575669.952715209219605 ], [ -7958775.101749152876437, -3575671.132812013849616 ], [ -7958776.528734931722283, -3575672.089748802129179 ], [ -7958778.094523077830672, -3575672.797084587160498 ], [ -7958779.755849515087903, -3575673.235275070182979 ], [ -7958781.466810361482203, -3575673.392212671693414 ], [ -7958783.180130295455456, -3575673.263561069499701 ], [ -7958784.848468810319901, -3575672.852875018958002 ], [ -7958786.425728273577988, -3575672.171502129174769 ], [ -7958787.868327648378909, -3575671.23826932022348 ], [ -7958789.136406669393182, -3575670.078962619882077 ], [ -7958790.194927221164107, -3575668.725614670198411 ], [ -7958791.014641468413174, -3575667.215619642753154 ], [ -7958791.57289999909699, -3575665.590700000524521 ], [ -7958798.86151216365397, -3575661.406529307831079 ], [ -7958805.766745609231293, -3575656.616028005257249 ], [ -7958812.238289051689208, -3575651.254099514335394 ], [ -7958818.228991056792438, -3575645.359810654539615 ], [ -7958823.695203582756221, -3575638.976107004564255 ], [ -7958828.597100000828505, -3575632.149500001221895 ], [ -7958839.346100000664592, -3575577.210299998521805 ], [ -7958838.16370265185833, -3575571.668177813757211 ], [ -7958836.274574650451541, -3575566.325483998749405 ], [ -7958833.710437959991395, -3575561.2719322941266 ], [ -7958830.514349191449583, -3575556.592381205875427 ], [ -7958826.739976603537798, -3575552.365409077610821 ], [ -7958822.450698914006352, -3575548.661994612310082 ], [ -7958817.718541051261127, -3575545.544325008057058 ], [ -7958812.622964723035693, -3575543.064751720521599 ], [ -7958807.249534108676016, -3575541.26491138478741 ], [ -7958801.688479075208306, -3575540.175026658922434 ], [ -7958796.033180051483214, -3575539.813398729078472 ], [ -7958790.378599999472499, -3575540.186099998652935 ] ] ] ] } },
{ "type": "Feature", "properties": { "objectid": 13584, "st_area_sh": 293400.09585600003, "st_length_": 3535.8514843799999, "Nombre": null, "Tipo": "Laguna", "objectid_2": 67, "shape_leng": 283277.71469400002, "dis_elec": 5, "cir_sena": 5, "cod_comuna": 4102, "codregion": 4, "st_area_sh_2": 1919834795.9000001, "st_length__2": 379210.37201699999, "Region": "Región de Coquimbo", "Comuna": "Coquimbo", "Provincia": "Elqui" }, "geometry": { "type": "MultiPolygon", "coordinates": [ [ [ [ -7943611.61089999973774, -3506646.447000000625849 ], [ -7943636.456199999898672, -3506604.179099999368191 ], [ -7943631.694299999624491, -3506567.164000000804663 ], [ -7943623.855000000447035, -3506536.591499999165535 ], [ -7943649.501599999144673, -3506510.544599998742342 ], [ -7943681.767100000753999, -3506490.739500001072884 ], [ -7943677.525800000876188, -3506435.1570999994874 ], [ -7943718.886199999600649, -3506417.4831000007689 ], [ -7943748.0395, -3506397.162599999457598 ], [ -7943805.554700000211596, -3506405.828699998557568 ], [ -7943823.308399999514222, -3506371.246899999678135 ], [ -7943819.787900000810623, -3506313.910599999129772 ], [ -7943817.8169, -3506258.282000001519918 ], [ -7943850.885700000450015, -3506242.519400000572205 ], [ -7943846.0793999992311, -3506185.790199998766184 ], [ -7943820.423000000417233, -3506206.038100000470877 ], [ -7943781.82740000076592, -3506221.335299998521805 ], [ -7943781.47829999960959, -3506167.413100000470877 ], [ -7943817.696599999442697, -3506143.467099998146296 ], [ -7943818.393100000917912, -3506087.784000001847744 ], [ -7943777.892100000753999, -3506080.505100000649691 ], [ -7943774.011099999770522, -3506024.917100001126528 ], [ -7943813.075500000268221, -3506006.13120000064373 ], [ -7943810.863900000229478, -3505952.828499998897314 ], [ -7943847.125900000333786, -3505946.857999999076128 ], [ -7943844.903799999505281, -3506001.992199998348951 ], [ -7943883.7347999997437, -3506006.986000001430511 ], [ -7943907.108999999240041, -3505980.9868 ], [ -7943916.3816, -3505935.564300000667572 ], [ -7943972.25, -3505937.885000001639128 ], [ -7943986.73509999923408, -3505900.472699999809265 ], [ -7944020.574400000274181, -3505871.357099998742342 ], [ -7943976.7335, -3505866.467700000852346 ], [ -7943981.838700000196695, -3505811.27419999986887 ], [ -7943942.91469999961555, -3505792.945799998939037 ], [ -7943913.629799999296665, -3505759.340900000184774 ], [ -7943910.31279999949038, -3505704.902399998158216 ], [ -7943943.754899999126792, -3505677.535300001502037 ], [ -7943908.134600000455976, -3505663.777300000190735 ], [ -7943924.241900000721216, -3505624.592700000852346 ], [ -7943944.782299999147654, -3505587.055799998342991 ], [ -7943906.412399999797344, -3505565.816700000315905 ], [ -7943900.331399999558926, -3505515.495299998670816 ], [ -7943845.988700000569224, -3505522.420400001108646 ], [ -7943828.576199999079108, -3505482.191399998962879 ], [ -7943796.6601, -3505510.105999998748302 ], [ -7943796.721100000664592, -3505562.291799999773502 ], [ -7943799.674799999222159, -3505627.174800001084805 ], [ -7943765.118100000545382, -3505696.894499998539686 ], [ -7943682.906899999827147, -3505730.490299999713898 ], [ -7943626.930400000885129, -3505731.64979999884963 ], [ -7943575.422700000926852, -3505736.195599999278784 ], [ -7943564.227099999785423, -3505779.337600000202656 ], [ -7943540.2029, -3505808.828400000929832 ], [ -7943519.67369999922812, -3505843.465799998492002 ], [ -7943523.901699999347329, -3505900.205699998885393 ], [ -7943563.77449999935925, -3505919.095800001174212 ], [ -7943568.61629999987781, -3505972.344000000506639 ], [ -7943557.612299999222159, -3506017.802299998700619 ], [ -7943531.762900000438094, -3506040.952799998223782 ], [ -7943517.166500000283122, -3506085.325899999588728 ], [ -7943498.6426, -3506122.821899998933077 ], [ -7943498.930299999192357, -3506177.325100000947714 ], [ -7943469.00730000063777, -3506200.560100000351667 ], [ -7943465.186000000685453, -3506253.409000001847744 ], [ -7943465.269300000742078, -3506308.496800001710653 ], [ -7943469.99129999987781, -3506359.42960000038147 ], [ -7943505.732100000604987, -3506378.986000001430511 ], [ -7943532.195299999788404, -3506406.852899998426437 ], [ -7943546.950300000607967, -3506458.15819999948144 ], [ -7943508.496600000187755, -3506478.671 ], [ -7943504.386700000613928, -3506533.266699999570847 ], [ -7943515.8509, -3506578.841600000858307 ], [ -7943547.999600000679493, -3506599.052499998360872 ], [ -7943577.527699999511242, -3506625.116500001400709 ], [ -7943611.61089999973774, -3506646.447000000625849 ] ] ] ] } },
{ "type": "Feature", "properties": { "objectid": 13585, "st_area_sh": 20187.759707599998, "st_length_": 659.02767465900001, "Nombre": "Laguna Marquesa", "Tipo": "Laguna", "objectid_2": 67, "shape_leng": 283277.71469400002, "dis_elec": 5, "cir_sena": 5, "cod_comuna": 4102, "codregion": 4, "st_area_sh_2": 1919834795.9000001, "st_length__2": 379210.37201699999, "Region": "Región de Coquimbo", "Comuna": "Coquimbo", "Provincia": "Elqui" }, "geometry": { "type": "MultiPolygon", "coordinates": [ [ [ [ -7929940.838500000536442, -3510439.513900000602007 ], [ -7929986.23589999973774, -3510421.798799999058247 ], [ -7929979.371799999848008, -3510365.664000000804663 ], [ -7929946.174799999222159, -3510307.726599998772144 ], [ -7929944.557800000533462, -3510256.129999998956919 ], [ -7929911.580600000917912, -3510233.574200000613928 ], [ -7929875.085400000214577, -3510217.468600001186132 ], [ -7929846.928999999538064, -3510184.956500001251698 ], [ -7929834.482200000435114, -3510227.547699999064207 ], [ -7929837.33390000090003, -3510281.440400000661612 ], [ -7929840.809800000861287, -3510335.901099998503923 ], [ -7929902.568, -3510363.692699998617172 ], [ -7929908.1897, -3510413.470800001174212 ], [ -7929940.838500000536442, -3510439.513900000602007 ] ] ] ] } },
{ "type": "Feature", "properties": { "objectid": 13609, "st_area_sh": 204577.12985600001, "st_length_": 2705.0547498400001, "Nombre": null, "Tipo": "Laguna", "objectid_2": 67, "shape_leng": 283277.71469400002, "dis_elec": 5, "cir_sena": 5, "cod_comuna": 4102, "codregion": 4, "st_area_sh_2": 1919834795.9000001, "st_length__2": 379210.37201699999, "Region": "Región de Coquimbo", "Comuna": "Coquimbo", "Provincia": "Elqui" }, "geometry": { "type": "MultiPolygon", "coordinates": [ [ [ [ -7966993.384800000116229, -3542999.651599999517202 ], [ -7967023.446599999442697, -3542960.006900001317263 ], [ -7967042.370300000533462, -3542910.73030000180006 ], [ -7967073.851600000634789, -3542886.753899998962879 ], [ -7967119.860999999567866, -3542921.75959999859333 ], [ -7967146.001499999314547, -3542892.671100001782179 ], [ -7967107.063100000843406, -3542856.923099998384714 ], [ -7967133.554700000211596, -3542812.126400001347065 ], [ -7967177.472500000149012, -3542783.214899998158216 ], [ -7967187.303099999204278, -3542742.868200000375509 ], [ -7967191.385500000789762, -3542721.841499999165535 ], [ -7967219.786699999123812, -3542683.979600001126528 ], [ -7967228.288799999281764, -3542632.033599998801947 ], [ -7967260.816299999132752, -3542597.566799998283386 ], [ -7967234.203600000590086, -3542555.142900001257658 ], [ -7967197.718599999323487, -3542589.699700001627207 ], [ -7967161.893300000578165, -3542629.474800001829863 ], [ -7967128.402300000190735, -3542670.941300000995398 ], [ -7967091.6294, -3542703.178599998354912 ], [ -7967038.126499999314547, -3542701.488800000399351 ], [ -7966986.457599999383092, -3542694.523499999195337 ], [ -7966939.309699999168515, -3542672.336500000208616 ], [ -7966930.270700000226498, -3542620.208200000226498 ], [ -7966900.375, -3542577.276700001209974 ], [ -7966920.885299999266863, -3542532.617499999701977 ], [ -7966892.9989, -3542491.385099999606609 ], [ -7966843.72069999948144, -3542473.316799998283386 ], [ -7966791.223400000482798, -3542464.043699998408556 ], [ -7966747.783299999311566, -3542483.638599999248981 ], [ -7966700.250600000843406, -3542474.833799999207258 ], [ -7966655.474099999293685, -3542498.529100000858307 ], [ -7966622.632099999114871, -3542457.990200001746416 ], [ -7966574.525900000706315, -3542438.14979999884963 ], [ -7966524.433000000193715, -3542449.754299998283386 ], [ -7966472.944299999624491, -3542455.575399998575449 ], [ -7966420.936499999836087, -3542460.826699998229742 ], [ -7966366.46199999935925, -3542471.36710000038147 ], [ -7966370.193199999630451, -3542503.845300000160933 ], [ -7966385.037699999287724, -3542552.934399999678135 ], [ -7966391.242200000211596, -3542604.545800000429153 ], [ -7966437.736500000581145, -3542629.075599998235703 ], [ -7966471.988800000399351, -3542663.187100000679493 ], [ -7966499.575300000607967, -3542705.590900000184774 ], [ -7966550.220899999141693, -3542709.6739999987185 ], [ -7966602.062000000849366, -3542705.00730000063777 ], [ -7966652.785299999639392, -3542718.973499998450279 ], [ -7966697.409199999645352, -3542744.708099998533726 ], [ -7966741.638699999079108, -3542772.195900000631809 ], [ -7966790.311599999666214, -3542791.441700000315905 ], [ -7966841.886700000613928, -3542803.061900001019239 ], [ -7966887.751900000497699, -3542825.2787000015378 ], [ -7966928.073000000789762, -3542859.832800000905991 ], [ -7966960.916999999433756, -3542900.372099999338388 ], [ -7966979.7862, -3542948.207299999892712 ], [ -7966993.384800000116229, -3542999.651599999517202 ] ] ] ] } },
{ "type": "Feature", "properties": { "objectid": 13614, "st_area_sh": 29127.797122399999, "st_length_": 807.79959927599998, "Nombre": null, "Tipo": "Laguna", "objectid_2": 67, "shape_leng": 283277.71469400002, "dis_elec": 5, "cir_sena": 5, "cod_comuna": 4102, "codregion": 4, "st_area_sh_2": 1919834795.9000001, "st_length__2": 379210.37201699999, "Region": "Región de Coquimbo", "Comuna": "Coquimbo", "Provincia": "Elqui" }, "geometry": { "type": "MultiPolygon", "coordinates": [ [ [ [ -7966655.4419, -3547642.767700001597404 ], [ -7966678.077299999073148, -3547612.585299998521805 ], [ -7966694.338199999183416, -3547573.240600001066923 ], [ -7966693.777899999171495, -3547516.2456 ], [ -7966683.311200000345707, -3547469.94709999859333 ], [ -7966648.776699999347329, -3547454.445000000298023 ], [ -7966652.8246, -3547399.672499999403954 ], [ -7966614.495100000873208, -3547388.328600000590086 ], [ -7966617.468399999663234, -3547332.417599998414516 ], [ -7966540.763599999248981, -3547344.632599998265505 ], [ -7966546.511700000613928, -3547401.508900001645088 ], [ -7966547.942800000309944, -3547453.829799998551607 ], [ -7966549.120899999514222, -3547506.156800001859665 ], [ -7966584.69539999961853, -3547560.610300000756979 ], [ -7966618.63880000077188, -3547575.544399999082088 ], [ -7966619.1875, -3547629.631299998611212 ], [ -7966655.4419, -3547642.767700001597404 ] ] ] ] } },
{ "type": "Feature", "properties": { "objectid": 28489, "st_area_sh": 4437.9673584499997, "st_length_": 311.33524806100002, "Nombre": null, "Tipo": "Tranque", "objectid_2": 67, "shape_leng": 283277.71469400002, "dis_elec": 5, "cir_sena": 5, "cod_comuna": 4102, "codregion": 4, "st_area_sh_2": 1919834795.9000001, "st_length__2": 379210.37201699999, "Region": "Región de Coquimbo", "Comuna": "Coquimbo", "Provincia": "Elqui" }, "geometry": { "type": "MultiPolygon", "coordinates": [ [ [ [ -7934975.803400000557303, -3499714.3412000015378 ], [ -7934957.291300000622869, -3499737.033500000834465 ], [ -7934965.054400000721216, -3499744.796700000762939 ], [ -7935003.870100000873208, -3499777.043600000441074 ], [ -7935052.837600000202656, -3499810.4847999997437 ], [ -7935077.918500000610948, -3499778.237799998372793 ], [ -7934975.803400000557303, -3499714.3412000015378 ] ] ] ] } },
{ "type": "Feature", "properties": { "objectid": 28490, "st_area_sh": 3972.93861659, "st_length_": 287.26386274700002, "Nombre": null, "Tipo": "Tranque", "objectid_2": 67, "shape_leng": 283277.71469400002, "dis_elec": 5, "cir_sena": 5, "cod_comuna": 4102, "codregion": 4, "st_area_sh_2": 1919834795.9000001, "st_length__2": 379210.37201699999, "Region": "Región de Coquimbo", "Comuna": "Coquimbo", "Provincia": "Elqui" }, "geometry": { "type": "MultiPolygon", "coordinates": [ [ [ [ -7935031.936799999326468, -3499808.693300001323223 ], [ -7935021.187899999320507, -3499796.75 ], [ -7935007.453099999576807, -3499790.778299998492002 ], [ -7934995.509800000116229, -3499787.195300001651049 ], [ -7934994.315500000491738, -3499787.195300001651049 ], [ -7934985.955199999734759, -3499787.195300001651049 ], [ -7934982.969399999827147, -3499787.792500000447035 ], [ -7934982.372199999168515, -3499787.792500000447035 ], [ -7934981.775000000372529, -3499787.792500000447035 ], [ -7934980.580700000748038, -3499787.792399998754263 ], [ -7934978.192099999636412, -3499787.792399998754263 ], [ -7934976.9978, -3499787.792399998754263 ], [ -7934976.40059999935329, -3499787.195300001651049 ], [ -7934975.803400000557303, -3499785.403900001198053 ], [ -7934974.609099999070168, -3499784.209499999880791 ], [ -7934974.609099999070168, -3499783.0152000002563 ], [ -7934974.011800000444055, -3499781.820799998939037 ], [ -7934973.41469999961555, -3499780.626499999314547 ], [ -7934972.2204, -3499779.432199999690056 ], [ -7934970.428899999707937, -3499777.043499998748302 ], [ -7934970.428899999707937, -3499776.446400001645088 ], [ -7934969.2346, -3499774.654800001531839 ], [ -7934968.637499999254942, -3499773.46059999987483 ], [ -7934968.040300000458956, -3499772.863400001078844 ], [ -7934966.248800000175834, -3499771.071899998933077 ], [ -7934965.054400000721216, -3499769.877599999308586 ], [ -7934963.86009999923408, -3499768.683200001716614 ], [ -7934962.66579999960959, -3499768.086100000888109 ], [ -7934962.068600000813603, -3499766.891800001263618 ], [ -7934960.277100000530481, -3499765.6974 ], [ -7934959.082699999213219, -3499765.100299999117851 ], [ -7934957.888499999418855, -3499764.503100000321865 ], [ -7934956.694199999794364, -3499762.711599998176098 ], [ -7934954.902699999511242, -3499762.114399999380112 ], [ -7934953.7083, -3499761.517299998551607 ], [ -7934953.7083, -3499760.920099999755621 ], [ -7934953.11119999922812, -3499760.322900000959635 ], [ -7934951.916799999773502, -3499759.72580000013113 ], [ -7934951.319700000807643, -3499759.72580000013113 ], [ -7934950.722500000149012, -3499759.72580000013113 ], [ -7934950.12529999949038, -3499759.72580000013113 ], [ -7934948.93099999986589, -3499759.72580000013113 ], [ -7934947.736600000411272, -3499759.72580000013113 ], [ -7934946.542300000786781, -3499759.72580000013113 ], [ -7934945.9452, -3499759.72580000013113 ], [ -7934945.347999999299645, -3499760.322900000959635 ], [ -7934944.153699999675155, -3499760.322900000959635 ], [ -7934944.153699999675155, -3499760.920099999755621 ], [ -7934943.556600000709295, -3499761.517299998551607 ], [ -7934941.765100000426173, -3499762.114399999380112 ], [ -7934941.167899999767542, -3499763.905900001525879 ], [ -7934938.779200000688434, -3499765.6974 ], [ -7934937.584899999201298, -3499766.294599998742342 ], [ -7934937.584899999201298, -3499766.891699999570847 ], [ -7934935.793400000780821, -3499767.489 ], [ -7934934.598999999463558, -3499768.086100000888109 ], [ -7934934.599099999293685, -3499768.683200001716614 ], [ -7934934.001800000667572, -3499768.683200001716614 ], [ -7934933.404699999839067, -3499769.877500001341105 ], [ -7934931.613199999555945, -3499774.057700000703335 ], [ -7934931.613299999386072, -3499774.654800001531839 ], [ -7934931.613299999386072, -3499778.2379 ], [ -7934931.613199999555945, -3499780.029399998486042 ], [ -7934932.807600000873208, -3499781.820799998939037 ], [ -7934932.807499999180436, -3499783.612300001084805 ], [ -7934934.001900000497699, -3499784.209600001573563 ], [ -7934935.793299999088049, -3499786.000999998301268 ], [ -7934936.39049999974668, -3499786.598099999129772 ], [ -7934937.584799999371171, -3499787.792500000447035 ], [ -7934939.37639999948442, -3499790.181200001388788 ], [ -7934939.973500000312924, -3499790.181200001388788 ], [ -7934941.167899999767542, -3499791.375399999320507 ], [ -7934943.556500000879169, -3499793.166999999433756 ], [ -7934944.750900000333786, -3499793.76410000026226 ], [ -7934945.347999999299645, -3499794.958500001579523 ], [ -7934947.139499999582767, -3499796.749899998307228 ], [ -7934948.333799999207258, -3499797.347100000828505 ], [ -7934948.33390000090003, -3499797.944299999624491 ], [ -7934950.722500000149012, -3499799.735800001770258 ], [ -7934951.916799999773502, -3499802.124499998986721 ], [ -7934953.11119999922812, -3499803.31870000064373 ], [ -7934953.7083, -3499803.915899999439716 ], [ -7934954.305500000715256, -3499804.513099998235703 ], [ -7934955.499800000339746, -3499806.304499998688698 ], [ -7934956.6941, -3499808.693199999630451 ], [ -7934957.888399999588728, -3499810.484700001776218 ], [ -7934960.277100000530481, -3499814.067800000309944 ], [ -7934961.4715, -3499817.650699999183416 ], [ -7934963.263000000268221, -3499820.636500000953674 ], [ -7934965.054400000721216, -3499824.816700000315905 ], [ -7934966.248700000345707, -3499826.011 ], [ -7934966.845899999141693, -3499827.8026 ], [ -7934968.040300000458956, -3499830.191100001335144 ], [ -7934969.23450000025332, -3499831.982599999755621 ], [ -7934969.831700000911951, -3499833.774099998176098 ], [ -7934970.428899999707937, -3499834.371300000697374 ], [ -7934971.623199999332428, -3499836.162799999117851 ], [ -7934972.817600000649691, -3499836.7599 ], [ -7934974.011900000274181, -3499837.954300001263618 ], [ -7934975.206199999898672, -3499840.342999998480082 ], [ -7934977.594900000840425, -3499842.731600001454353 ], [ -7934978.192099999636412, -3499842.731600001454353 ], [ -7934979.9835, -3499843.32880000025034 ], [ -7934980.580700000748038, -3499843.925900001078844 ], [ -7934982.372099999338388, -3499843.925900001078844 ], [ -7934983.566500000655651, -3499843.925900001078844 ], [ -7934985.3581000007689, -3499843.925900001078844 ], [ -7934986.552300000563264, -3499843.925999999046326 ], [ -7934987.14949999935925, -3499843.925999999046326 ], [ -7934987.7467, -3499843.925999999046326 ], [ -7934989.538200000301003, -3499843.925999999046326 ], [ -7934993.121099999174476, -3499841.537200000137091 ], [ -7934993.718299999833107, -3499840.940099999308586 ], [ -7934995.509800000116229, -3499840.342999998480082 ], [ -7934996.106899999082088, -3499839.148600000888109 ], [ -7934996.704199999570847, -3499839.148600000888109 ], [ -7934997.301300000399351, -3499838.5515 ], [ -7934997.301300000399351, -3499837.954199999570847 ], [ -7934997.898499999195337, -3499837.357099998742342 ], [ -7934999.689999999478459, -3499835.565600000321865 ], [ -7935000.287100000306964, -3499834.968499999493361 ], [ -7935002.078600000590086, -3499832.579799998551607 ], [ -7935003.870200000703335, -3499831.385499998927116 ], [ -7935005.064400000497699, -3499830.191100001335144 ], [ -7935005.661599999293685, -3499829.594000000506639 ], [ -7935006.2588, -3499829.594000000506639 ], [ -7935006.856000000610948, -3499828.996800001710653 ], [ -7935006.855900000780821, -3499828.399599999189377 ], [ -7935008.050300000235438, -3499827.802499998360872 ], [ -7935009.84180000051856, -3499826.011 ], [ -7935010.438999999314547, -3499825.413800001144409 ], [ -7935011.036000000312924, -3499824.816700000315905 ], [ -7935012.230399999767542, -3499824.219500001519918 ], [ -7935013.424799999222159, -3499823.025199998170137 ], [ -7935017.0077, -3499821.830899998545647 ], [ -7935017.604800000786781, -3499821.233600001782179 ], [ -7935018.202099999412894, -3499821.233600001782179 ], [ -7935019.39640000090003, -3499821.23369999974966 ], [ -7935019.39640000090003, -3499820.636500000953674 ], [ -7935021.187899999320507, -3499819.442299999296665 ], [ -7935022.382200000807643, -3499819.442200001329184 ], [ -7935023.576500000432134, -3499818.247900001704693 ], [ -7935024.770899999886751, -3499817.650699999183416 ], [ -7935025.368000000715256, -3499816.456399999558926 ], [ -7935025.965199999511242, -3499816.456399999558926 ], [ -7935027.159499999135733, -3499815.859200000762939 ], [ -7935027.756699999794364, -3499815.859200000762939 ], [ -7935028.353900000452995, -3499814.664900001138449 ], [ -7935029.548100000247359, -3499814.067699998617172 ], [ -7935030.145300000905991, -3499813.470499999821186 ], [ -7935031.936799999326468, -3499808.693300001323223 ] ] ] ] } },
{ "type": "Feature", "properties": { "objectid": 13581, "st_area_sh": 13977.1565536, "st_length_": 518.17559103300005, "Nombre": null, "Tipo": "Laguna", "objectid_2": 69, "shape_leng": 272832.35381100001, "dis_elec": 5, "cir_sena": 5, "cod_comuna": 4101, "codregion": 4, "st_area_sh_2": 2535322337.1100001, "st_length__2": 331942.63309000002, "Region": "Región de Coquimbo", "Comuna": "La Serena", "Provincia": "Elqui" }, "geometry": { "type": "MultiPolygon", "coordinates": [ [ [ [ -7931879.121999999508262, -3483776.168600000441074 ], [ -7931881.282999999821186, -3483726.340399999171495 ], [ -7931879.370899999514222, -3483672.540199998766184 ], [ -7931914.69370000064373, -3483654.478000000119209 ], [ -7931910.635700000450015, -3483599.562600001692772 ], [ -7931819.677300000563264, -3483592.669199999421835 ], [ -7931801.8235, -3483626.0176 ], [ -7931805.496500000357628, -3483681.519600000232458 ], [ -7931811.182399999350309, -3483738.719000000506639 ], [ -7931879.121999999508262, -3483776.168600000441074 ] ] ] ] } },
{ "type": "Feature", "properties": { "objectid": 13582, "st_area_sh": 10883.8204195, "st_length_": 444.43797450400001, "Nombre": null, "Tipo": "Laguna", "objectid_2": 69, "shape_leng": 272832.35381100001, "dis_elec": 5, "cir_sena": 5, "cod_comuna": 4101, "codregion": 4, "st_area_sh_2": 2535322337.1100001, "st_length__2": 331942.63309000002, "Region": "Región de Coquimbo", "Comuna": "La Serena", "Provincia": "Elqui" }, "geometry": { "type": "MultiPolygon", "coordinates": [ [ [ [ -7931867.331700000911951, -3483987.702500000596046 ], [ -7931918.311799999326468, -3483976.857500001788139 ], [ -7931919.903400000184774, -3483921.829500000923872 ], [ -7931920.797900000587106, -3483867.973299998790026 ], [ -7931897.545, -3483834.854400001466274 ], [ -7931881.562899999320507, -3483877.429200001060963 ], [ -7931813.255100000649691, -3483913.508099999278784 ], [ -7931817.38990000076592, -3483983.475099999457598 ], [ -7931867.331700000911951, -3483987.702500000596046 ] ] ] ] } },
{ "type": "Feature", "properties": { "objectid": 13583, "st_area_sh": 10035.6678758, "st_length_": 482.23342085600001, "Nombre": null, "Tipo": "Laguna", "objectid_2": 69, "shape_leng": 272832.35381100001, "dis_elec": 5, "cir_sena": 5, "cod_comuna": 4101, "codregion": 4, "st_area_sh_2": 2535322337.1100001, "st_length__2": 331942.63309000002, "Region": "Región de Coquimbo", "Comuna": "La Serena", "Provincia": "Elqui" }, "geometry": { "type": "MultiPolygon", "coordinates": [ [ [ [ -7914861.185699999332428, -3503552.534600000828505 ], [ -7914856.776100000366569, -3503494.634100001305342 ], [ -7914859.708399999886751, -3503445.875599998980761 ], [ -7914898.097999999299645, -3503429.513099998235703 ], [ -7914892.032199999317527, -3503375.702399998903275 ], [ -7914859.948000000789762, -3503397.746800001710653 ], [ -7914820.7741, -3503410.64469999819994 ], [ -7914784.907500000670552, -3503426.960499998182058 ], [ -7914790.711899999529123, -3503484.255199998617172 ], [ -7914824.3301, -3503536.399099998176098 ], [ -7914861.185699999332428, -3503552.534600000828505 ] ] ] ] } },
{ "type": "Feature", "properties": { "objectid": 13654, "st_area_sh": 5478245.8239200003, "st_length_": 38967.74443910001, "Nombre": "Embalse Cogotí", "Tipo": "Embalse", "objectid_2": 72, "shape_leng": 284372.97896099999, "dis_elec": 5, "cir_sena": 5, "cod_comuna": 4302, "codregion": 4, "st_area_sh_2": 3143603093.3099995, "st_length__2": 334258.24881999998, "Region": "Región de Coquimbo", "Comuna": "Combarbalá", "Provincia": "Limarí" }, "geometry": { "type": "MultiPolygon", "coordinates": [ [ [ [ -7913777.706900000572205, -3634027.7335 ], [ -7913727.2325, -3634069.693 ], [ -7913761.122500000521541, -3634107.1294 ], [ -7913746.899399999529123, -3634147.232500001788139 ], [ -7913688.6502, -3634143.646699998527765 ], [ -7913650.6042, -3634168.383299998939037 ], [ -7913664.32909999974072, -3634212.644999999552965 ], [ -7913697.454, -3634238.380300000309944 ], [ -7913664.601399999111891, -3634270.048599999397993 ], [ -7913664.254599999636412, -3634327.464299999177456 ], [ -7913629.766200000420213, -3634351.548099998384714 ], [ -7913587.341299999505281, -3634368.166299998760223 ], [ -7913558.822300000116229, -3634405.611000001430511 ], [ -7913529.450400000438094, -3634426.669100001454353 ], [ -7913494.111099999397993, -3634403.318 ], [ -7913484.283399999141693, -3634358.981899999082088 ], [ -7913448.337500000372529, -3634377.234700001776218 ], [ -7913438.090700000524521, -3634431.322799999266863 ], [ -7913386.301200000569224, -3634432.300200000405312 ], [ -7913335.792199999094009, -3634365.2989999987185 ], [ -7913315.790899999439716, -3634392.623599998652935 ], [ -7913307.6554000005126, -3634429.097500000149012 ], [ -7913251.637599999085069, -3634431.911499999463558 ], [ -7913216.9616, -3634410.890299998223782 ], [ -7913172.740199999883771, -3634397.664599999785423 ], [ -7913134.7906, -3634421.8125 ], [ -7913090.354299999773502, -3634436.123799998313189 ], [ -7913061.145300000905991, -3634401.525400001555681 ], [ -7913025.937899999320507, -3634420.348999999463558 ], [ -7912998.629899999126792, -3634452.497400000691414 ], [ -7913003.775900000706315, -3634505.709800001233816 ], [ -7912949.593299999833107, -3634501.458099998533726 ], [ -7912922.714700000360608, -3634531.255199998617172 ], [ -7912907.836500000208616, -3634575.471900001168251 ], [ -7912896.632999999448657, -3634615.518800001591444 ], [ -7912881.747300000861287, -3634657.3926 ], [ -7912832.007400000467896, -3634647.198399998247623 ], [ -7912826.541600000113249, -3634590.476399999111891 ], [ -7912787.051000000908971, -3634573.059300001710653 ], [ -7912762.708599999547005, -3634521.965300001204014 ], [ -7912719.244400000199676, -3634518.096700001507998 ], [ -7912714.690400000661612, -3634570.906199999153614 ], [ -7912690.855799999088049, -3634601.817400000989437 ], [ -7912645.8904, -3634613.208099998533726 ], [ -7912606.347699999809265, -3634632.112399999052286 ], [ -7912609.838600000366569, -3634686.528499998152256 ], [ -7912644.23369999974966, -3634714.001200001686811 ], [ -7912631.24100000038743, -3634755.839499998837709 ], [ -7912610.552500000223517, -3634791.378499999642372 ], [ -7912557.934299999848008, -3634798.812199998646975 ], [ -7912541.852700000628829, -3634837.19370000064373 ], [ -7912516.122500000521541, -3634799.598299998790026 ], [ -7912476.675200000405312, -3634784.52250000089407 ], [ -7912447.3717, -3634760.468400001525879 ], [ -7912417.067199999466538, -3634727.645599998533726 ], [ -7912392.342800000682473, -3634691.203099999576807 ], [ -7912336.702500000596046, -3634686.975999999791384 ], [ -7912292.137000000104308, -3634698.357999999076128 ], [ -7912275.788899999111891, -3634736.158100001513958 ], [ -7912257.893899999558926, -3634696.657800000160933 ], [ -7912234.619799999520183, -3634657.844500001519918 ], [ -7912182.905200000852346, -3634662.916200000792742 ], [ -7912143.889000000432134, -3634690.596700001507998 ], [ -7912123.843499999493361, -3634731.395100001245737 ], [ -7912098.459000000730157, -3634765.263799998909235 ], [ -7912051.488600000739098, -3634782.548500001430511 ], [ -7912041.625099999830127, -3634836.044399999082088 ], [ -7912000.755200000479817, -3634895.39469999819994 ], [ -7911961.982899999246001, -3634910.76799999922514 ], [ -7911965.3454, -3634944.683600001037121 ], [ -7912022.20380000025034, -3634941.859400000423193 ], [ -7912039.5417, -3634974.927000001072884 ], [ -7912065.337600000202656, -3634998.462499998509884 ], [ -7912067.1579, -3635055.255199998617172 ], [ -7912038.570800000801682, -3635093.285700000822544 ], [ -7912008.166600000113249, -3635123.734400000423193 ], [ -7911956.198400000110269, -3635132.911100000143051 ], [ -7911921.008300000801682, -3635158.762600000947714 ], [ -7911895.597400000318885, -3635187.359999999403954 ], [ -7911893.457100000232458, -3635132.91609999909997 ], [ -7911856.610999999567866, -3635104.900400001555681 ], [ -7911811.5945999994874, -3635088.1689000017941 ], [ -7911784.204700000584126, -3635127.934099998325109 ], [ -7911733.909099999815226, -3635127.119100000709295 ], [ -7911700.385800000280142, -3635162.312399998307228 ], [ -7911674.187100000679493, -3635195.61089999973774 ], [ -7911620.444299999624491, -3635205.405299998819828 ], [ -7911633.530899999663234, -3635239.139699999243021 ], [ -7911646.333799999207258, -3635269.36430000141263 ], [ -7911588.111400000751019, -3635273.384100001305342 ], [ -7911574.120200000703335, -3635314.656100001186132 ], [ -7911580.8301, -3635371.944600000977516 ], [ -7911610.904100000858307, -3635410.0482 ], [ -7911621.5044, -3635464.920800000429153 ], [ -7911577.9693, -3635480.968699999153614 ], [ -7911524.4112, -3635489.002000000327826 ], [ -7911545.1469, -3635522.594000000506639 ], [ -7911595.775100000202656, -3635527.50450000166893 ], [ -7911607.825500000268221, -3635580.006999999284744 ], [ -7911554.755999999120831, -3635581.000900000333786 ], [ -7911509.192099999636412, -3635591.813900001347065 ], [ -7911516.360600000247359, -3635650.266800001263618 ], [ -7911471.725700000301003, -3635658.133000001311302 ], [ -7911415.254300000146031, -3635654.502999998629093 ], [ -7911359.434599999338388, -3635652.618099998682737 ], [ -7911333.725400000810623, -3635688.837499998509884 ], [ -7911286.114199999719858, -3635697.344500001519918 ], [ -7911231.11739999987185, -3635696.615499999374151 ], [ -7911176.557700000703335, -3635695.877999998629093 ], [ -7911135.869999999180436, -3635708.356100000441074 ], [ -7911105.425699999555945, -3635738.804900001734495 ], [ -7911058.246099999174476, -3635733.241999998688698 ], [ -7911031.688300000503659, -3635692.140900000929832 ], [ -7911013.315999999642372, -3635737.010899998247623 ], [ -7911044.455299999564886, -3635759.864199999719858 ], [ -7911067.651399999856949, -3635800.442400000989437 ], [ -7911026.692600000649691, -3635819.955899998545647 ], [ -7910987.116800000891089, -3635845.302400000393391 ], [ -7910931.930299999192357, -3635842.23200000077486 ], [ -7910884.525900000706315, -3635850.147900000214577 ], [ -7910856.556399999186397, -3635886.409099999815226 ], [ -7910803.875099999830127, -3635886.806600000709295 ], [ -7910749.4386, -3635884.893199998885393 ], [ -7910712.829900000244379, -3635934.790800001472235 ], [ -7910750.8574, -3635955.759100001305342 ], [ -7910784.337300000712276, -3635925.839800000190735 ], [ -7910826.376700000837445, -3635917.4386 ], [ -7910881.472100000828505, -3635923.440600000321865 ], [ -7910933.808000000193715, -3635920.119699999690056 ], [ -7910987.03969999961555, -3635917.953600000590086 ], [ -7911042.2195999994874, -3635918.680300001055002 ], [ -7911095.24349999986589, -3635917.103500001132488 ], [ -7911138.128200000151992, -3635905.170000001788139 ], [ -7911156.291600000113249, -3635866.747999999672174 ], [ -7911202.199400000274181, -3635854.75789999961853 ], [ -7911237.543199999257922, -3635848.824000000953674 ], [ -7911251.037699999287724, -3635802.286899998784065 ], [ -7911306.089999999850988, -3635800.085400000214577 ], [ -7911343.023700000718236, -3635777.716899998486042 ], [ -7911382.699200000613928, -3635761.741700001060963 ], [ -7911446.619100000709295, -3635801.557 ], [ -7911502.194499999284744, -3635809.890700001269579 ], [ -7911519.9298, -3635838.852699998766184 ], [ -7911575.324699999764562, -3635835.471799999475479 ], [ -7911604.515599999576807, -3635800.3581000007689 ], [ -7911657.273, -3635798.197999998927116 ], [ -7911712.426799999549985, -3635799.508099999278784 ], [ -7911762.856799999251962, -3635795.633499998599291 ], [ -7911788.2007, -3635759.419799998402596 ], [ -7911791.280099999159575, -3635705.461399998515844 ], [ -7911827.494999999180436, -3635683.690999999642372 ], [ -7911850.591099999845028, -3635648.105599999427795 ], [ -7911855.690999999642372, -3635602.897799998521805 ], [ -7911889.278599999845028, -3635588.793000001460314 ], [ -7911876.365900000557303, -3635552.711199998855591 ], [ -7911852.693199999630451, -3635523.861699998378754 ], [ -7911849.227, -3635470.6129 ], [ -7911847.81900000013411, -3635414.396499998867512 ], [ -7911849.06980000063777, -3635358.130399998277426 ], [ -7911853.664100000634789, -3635305.31700000166893 ], [ -7911862.941600000485778, -3635259.446400001645088 ], [ -7911920.0777000002563, -3635263.647599998861551 ], [ -7911928.641100000590086, -3635216.618700001388788 ], [ -7911984.013499999418855, -3635227.883000001311302 ], [ -7911990.678600000217557, -3635188.505899999290705 ], [ -7912032.044700000435114, -3635175.426899999380112 ], [ -7912062.630599999800324, -3635150.833200000226498 ], [ -7912086.959699999541044, -3635116.983199998736382 ], [ -7912132.160299999639392, -3635110.276399999856949 ], [ -7912159.537000000476837, -3635087.500300001353025 ], [ -7912166.146500000730157, -3635051.053800001740456 ], [ -7912218.794600000604987, -3635052.9945 ], [ -7912232.75029999949038, -3635015.824299998581409 ], [ -7912272.036499999463558, -3634992.824499998241663 ], [ -7912307.144200000911951, -3634982.205800000578165 ], [ -7912303.261399999260902, -3634924.280600000172853 ], [ -7912329.362700000405312, -3634895.670099999755621 ], [ -7912388.6206, -3634900.415100000798702 ], [ -7912404.280200000852346, -3634935.271099999547005 ], [ -7912455.2346, -3634928.454999998211861 ], [ -7912486.949699999764562, -3634948.949000000953674 ], [ -7912513.289300000295043, -3634968.372400000691414 ], [ -7912518.639399999752641, -3635062.0066 ], [ -7912515.4287, -3635110.692099999636412 ], [ -7912483.2522, -3635135.90260000154376 ], [ -7912518.019999999552965, -3635159.854600001126528 ], [ -7912511.170299999415874, -3635218.568399999290705 ], [ -7912525.573899999260902, -3635256.377999998629093 ], [ -7912583.91609999909997, -3635247.078899998217821 ], [ -7912607.974300000816584, -3635214.404500000178814 ], [ -7912650.377900000661612, -3635198.374699998646975 ], [ -7912673.743599999696016, -3635177.430300001055002 ], [ -7912706.381100000813603, -3635204.351100001484156 ], [ -7912760.730799999088049, -3635205.671700000762939 ], [ -7912795.918999999761581, -3635179.817699998617172 ], [ -7912836.311699999496341, -3635161.481800001114607 ], [ -7912800.479599999263883, -3635146.924400001764297 ], [ -7912795.497899999842048, -3635102.49379999935627 ], [ -7912770.698599999770522, -3635071.910799998790026 ], [ -7912762.3991, -3635017.583599999547005 ], [ -7912799.440500000491738, -3635005.16950000077486 ], [ -7912803.669800000265241, -3634962.323600001633167 ], [ -7912828.03999999910593, -3634936.673700001090765 ], [ -7912872.314500000327826, -3634925.295000001788139 ], [ -7912904.496799999848008, -3634902.427200000733137 ], [ -7912897.1403, -3634843.982200000435114 ], [ -7912925.512900000438094, -3634820.014600001275539 ], [ -7912953.313500000163913, -3634790.785199999809265 ], [ -7913009.638900000602007, -3634792.653200000524521 ], [ -7913040.943099999800324, -3634765.7010000012815 ], [ -7913074.632500000298023, -3634741.633000001311302 ], [ -7913128.798000000417233, -3634737.097100000828505 ], [ -7913184.689799999818206, -3634737.214999999850988 ], [ -7913235.861600000411272, -3634742.108399998396635 ], [ -7913249.487400000914931, -3634781.10190000012517 ], [ -7913279.957699999213219, -3634799.273800000548363 ], [ -7913284.689799999818206, -3634847.808600001037121 ], [ -7913319.902300000190735, -3634862.375999998301268 ], [ -7913321.975999999791384, -3634916.819499999284744 ], [ -7913359.884199999272823, -3634937.194400001317263 ], [ -7913364.369300000369549, -3634993.936099998652935 ], [ -7913335.928300000727177, -3635027.865600001066923 ], [ -7913317.860400000587106, -3635070.973000001162291 ], [ -7913318.123999999836087, -3635126.037500001490116 ], [ -7913276.930800000205636, -3635138.531599998474121 ], [ -7913218.352700000628829, -3635133.192099999636412 ], [ -7913225.143300000578165, -3635219.76969999819994 ], [ -7913189.070699999108911, -3635239.197200000286102 ], [ -7913147.23589999973774, -3635250.531300000846386 ], [ -7913115.351800000295043, -3635275.738299999386072 ], [ -7913078.1568, -3635244.803300000727177 ], [ -7913021.1699, -3635238.847100000828505 ], [ -7913008.396600000560284, -3635274.824799999594688 ], [ -7912998.5406, -3635320.70719999819994 ], [ -7912971.15430000051856, -3635284.314300000667572 ], [ -7912936.439999999478459, -3635251.5746 ], [ -7912888.496999999508262, -3635240.174699999392033 ], [ -7912841.755599999800324, -3635258.044700000435114 ], [ -7912840.578500000759959, -3635310.207899998873472 ], [ -7912879.714500000700355, -3635335.834399998188019 ], [ -7912881.768200000748038, -3635387.351199999451637 ], [ -7912880.4529, -3635441.861000001430511 ], [ -7912877.691400000825524, -3635496.984099999070168 ], [ -7912875.236099999397993, -3635550.929999999701977 ], [ -7912874.933199999853969, -3635603.0779 ], [ -7912895.909499999135733, -3635627.875199999660254 ], [ -7912910.675300000235438, -3635667.436299998313189 ], [ -7912939.126000000163913, -3635694.4364 ], [ -7912966.199799999594688, -3635729.664599999785423 ], [ -7912981.701899999752641, -3635765.696800000965595 ], [ -7912951.608200000599027, -3635804.931800000369549 ], [ -7912953.123299999162555, -3635858.804099999368191 ], [ -7912920.6217, -3635876.407000001519918 ], [ -7912890.841299999505281, -3635840.643399998545647 ], [ -7912878.44649999961257, -3635787.561799999326468 ], [ -7912845.315199999138713, -3635769.437699999660254 ], [ -7912789.2511, -3635774.008699998259544 ], [ -7912765.361099999397993, -3635737.5482 ], [ -7912710.72859999909997, -3635736.818900000303984 ], [ -7912661.946000000461936, -3635731.292300000786781 ], [ -7912636.147299999371171, -3635713.615600001066923 ], [ -7912604.814300000667572, -3635747.01410000026226 ], [ -7912606.20409999974072, -3635802.060400001704693 ], [ -7912613.2796, -3635861.101199999451637 ], [ -7912615.496200000867248, -3635915.546599999070168 ], [ -7912601.9123, -3635955.056499999016523 ], [ -7912550.6699, -3635958.363899998366833 ], [ -7912488.292700000107288, -3635950.748700000345707 ], [ -7912457.392400000244379, -3635980.038199998438358 ], [ -7912457.513699999079108, -3636043.311900001019239 ], [ -7912486.568800000473857, -3636071.474199999123812 ], [ -7912546.346300000324845, -3636062.733399998396635 ], [ -7912568.162499999627471, -3636023.068399999290705 ], [ -7912606.17879999987781, -3636039.344099998474121 ], [ -7912641.295800000429153, -3636054.502399999648333 ], [ -7912666.29700000025332, -3636093.872600000351667 ], [ -7912644.79079999960959, -3636124.743700001388788 ], [ -7912645.52140000090003, -3636181.561799999326468 ], [ -7912691.133199999108911, -3636188.905999999493361 ], [ -7912708.365299999713898, -3636227.836800001561642 ], [ -7912673.425499999895692, -3636243.727699998766184 ], [ -7912670.918199999257922, -3636298.849599998444319 ], [ -7912648.835999999195337, -3636337.93470000103116 ], [ -7912678.034299999475479, -3636367.852299999445677 ], [ -7912679.723300000652671, -3636419.380199998617172 ], [ -7912678.895300000905991, -3636472.713500000536442 ], [ -7912677.178400000557303, -3636527.235599998384714 ], [ -7912676.350400000810623, -3636580.569299999624491 ], [ -7912610.458000000566244, -3636597.629099998623133 ], [ -7912562.993599999696016, -3636610.24040000140667 ], [ -7912503.5526, -3636607.842999998480082 ], [ -7912454.6787, -3636615.20719999819994 ], [ -7912436.005000000819564, -3636649.541499998420477 ], [ -7912445.276900000870228, -3636709.131000000983477 ], [ -7912439.3191, -3636759.046500001102686 ], [ -7912409.0176, -3636791.256099998950958 ], [ -7912370.833699999377131, -3636813.067299999296665 ], [ -7912373.581399999558926, -3636868.678800001740456 ], [ -7912353.143999999389052, -3636904.218699999153614 ], [ -7912337.095899999141693, -3636942.605900000780821 ], [ -7912304.855900000780821, -3636972.508499998599291 ], [ -7912290.337099999189377, -3637016.726500000804663 ], [ -7912264.391699999570847, -3637044.167100001126528 ], [ -7912213.094000000506639, -3637042.787099998444319 ], [ -7912181.8224, -3637011.147999998182058 ], [ -7912124.561799999326468, -3637004.606199998408556 ], [ -7912073.700799999758601, -3637009.0768 ], [ -7912056.5877, -3637050.999600000679493 ], [ -7912055.497999999672174, -3637111.957800000905991 ], [ -7912095.415100000798702, -3637126.442800000309944 ], [ -7912154.516799999400973, -3637118.301699999719858 ], [ -7912175.923599999397993, -3637152.470199998468161 ], [ -7912183.55210000090301, -3637207.991500001400709 ], [ -7912182.342800000682473, -3637268.366799999028444 ], [ -7912173.615199999883771, -3637318.336399998515844 ], [ -7912119.9518, -3637321.102099999785423 ], [ -7912097.724500000476837, -3637352.57490000128746 ], [ -7912100.667999999597669, -3637407.013300001621246 ], [ -7912106.544099999591708, -3637464.32660000026226 ], [ -7912086.465500000864267, -3637501.618999999016523 ], [ -7912080.159700000658631, -3637554.473900001496077 ], [ -7912078.513299999758601, -3637608.999299999326468 ], [ -7912040.530500000342727, -3637626.1195 ], [ -7911986.796599999070168, -3637627.128199998289347 ], [ -7911928.458200000226498, -3637623.535300001502037 ], [ -7911875.004799999296665, -3637623.952300000935793 ], [ -7911855.613700000569224, -3637662.989799998700619 ], [ -7911829.066299999132752, -3637630.673700001090765 ], [ -7911782.954199999570847, -3637622.163100000470877 ], [ -7911728.167600000277162, -3637621.432500001043081 ], [ -7911685.549599999561906, -3637608.754200000315905 ], [ -7911646.086500000208616, -3637597.188700001686811 ], [ -7911620.020999999716878, -3637561.34739999845624 ], [ -7911569.756300000473857, -3637552.913800001144409 ], [ -7911534.52559999935329, -3637582.872000001370907 ], [ -7911550.466, -3637628.864599999040365 ], [ -7911607.090099999681115, -3637616.670299999415874 ], [ -7911623.679400000721216, -3637660.30689999833703 ], [ -7911660.01630000025034, -3637680.134799998253584 ], [ -7911662.33559999987483, -3637730.4846 ], [ -7911718.333000000566244, -3637721.817299999296665 ], [ -7911732.0482, -3637769.6097999997437 ], [ -7911763.721899999305606, -3637795.384700000286102 ], [ -7911773.160900000482798, -3637838.569699998944998 ], [ -7911831.356000000610948, -3637824.586800001561642 ], [ -7911869.80379999987781, -3637834.413100000470877 ], [ -7911874.039599999785423, -3637891.759300000965595 ], [ -7911857.929700000211596, -3637940.697799999266863 ], [ -7911801.505599999800324, -3637944.100099999457598 ], [ -7911802.000099999830127, -3637996.243200000375509 ], [ -7911760.8202, -3638019.868900001049042 ], [ -7911741.247700000181794, -3638080.592399999499321 ], [ -7911709.064899999648333, -3638115.769099999219179 ], [ -7911654.869200000539422, -3638121.473000001162291 ], [ -7911602.248299999162555, -3638117.771299999207258 ], [ -7911578.979900000616908, -3638079.532200001180172 ], [ -7911557.528200000524521, -3638054.736699998378754 ], [ -7911515.1831, -3638066.663800001144409 ], [ -7911487.696000000461936, -3638097.649999998509884 ], [ -7911484.4222999997437, -3638151.036299999803305 ], [ -7911488.274399999529123, -3638205.461399998515844 ], [ -7911519.143400000408292, -3638233.010800000280142 ], [ -7911490.781700000166893, -3638264.013900000602007 ], [ -7911458.834799999371171, -3638296.256099998950958 ], [ -7911451.543500000610948, -3638243.06700000166893 ], [ -7911423.3991, -3638218.982299998402596 ], [ -7911425.4167, -3638162.689300000667572 ], [ -7911389.203099999576807, -3638169.227299999445677 ], [ -7911393.204299999400973, -3638221.891699999570847 ], [ -7911338.409700000658631, -3638234.63740000128746 ], [ -7911321.86710000038147, -3638197.443500000983477 ], [ -7911288.944599999114871, -3638220.327399998903275 ], [ -7911282.094100000336766, -3638259.717300001531839 ], [ -7911229.471100000664592, -3638267.734000001102686 ], [ -7911172.407999999821186, -3638268.215500000864267 ], [ -7911142.144200000911951, -3638241.825800001621246 ], [ -7911103.6173, -3638217.934500001370907 ], [ -7911066.035399999469519, -3638211.605399999767542 ], [ -7911063.848799999803305, -3638266.729800000786781 ], [ -7911105.95160000026226, -3638277.076400000602007 ], [ -7911073.964099999517202, -3638305.216499999165535 ], [ -7911074.906899999827147, -3638362.040800001472235 ], [ -7911075.292300000786781, -3638418.289799999445677 ], [ -7911047.832900000736117, -3638446.931400001049042 ], [ -7910990.976600000634789, -3638446.822299998253584 ], [ -7910936.302400000393391, -3638448.43019999936223 ], [ -7910911.22749999910593, -3638485.817099999636412 ], [ -7910904.65059999935329, -3638538.094799999147654 ], [ -7910869.787699999287724, -3638564.530600000172853 ], [ -7910868.255999999120831, -3638619.644299998879433 ], [ -7910828.1809, -3638636.215300001204014 ], [ -7910809.432900000363588, -3638678.758600000292063 ], [ -7910778.283700000494719, -3638716.845499999821186 ], [ -7910773.2215, -3638770.267799999564886 ], [ -7910771.455199999734759, -3638832.419100001454353 ], [ -7910782.0428, -3638876.759199999272823 ], [ -7910806.26549999974668, -3638911.468299999833107 ], [ -7910802.963199999183416, -3638965.444600000977516 ], [ -7910770.258400000631809, -3638998.287099998444319 ], [ -7910742.239499999210238, -3639026.353900000452995 ], [ -7910745.097300000488758, -3639084.317899998277426 ], [ -7910719.861099999397993, -3639117.021099999547005 ], [ -7910666.8224, -3639124.457800000905991 ], [ -7910644.865000000223517, -3639157.099800001829863 ], [ -7910611.8136, -3639187.018699999898672 ], [ -7910596.183800000697374, -3639224.81700000166893 ], [ -7910541.9068, -3639226.415899999439716 ], [ -7910486.405799999833107, -3639226.865299999713898 ], [ -7910452.8575, -3639261.481600001454353 ], [ -7910471.227800000458956, -3639300.989999998360872 ], [ -7910528.492799999192357, -3639299.33559999987483 ], [ -7910560.616399999707937, -3639325.694400001317263 ], [ -7910599.2631, -3639324.3871 ], [ -7910633.178400000557303, -3639293.865699999034405 ], [ -7910689.448799999430776, -3639291.643100000917912 ], [ -7910708.344699999317527, -3639329.969300001859665 ], [ -7910745.338199999183416, -3639345.687800001353025 ], [ -7910749.676100000739098, -3639398.937199998646975 ], [ -7910748.347799999639392, -3639455.222899999469519 ], [ -7910738.210999999195337, -3639502.296500001102686 ], [ -7910703.611999999731779, -3639523.454599998891354 ], [ -7910710.998700000345707, -3639581.922400001436472 ], [ -7910692.1338, -3639616.266100000590086 ], [ -7910640.648800000548363, -3639623.087900001555681 ], [ -7910613.381799999624491, -3639656.416400000452995 ], [ -7910558.75730000063777, -3639655.091699998825788 ], [ -7910506.700999999418855, -3639656.649099998176098 ], [ -7910537.905500000342727, -3639692.402800001204014 ], [ -7910542.126599999144673, -3639743.311700001358986 ], [ -7910541.019999999552965, -3639797.836599998176098 ], [ -7910536.404799999669194, -3639851.8412000015378 ], [ -7910517.115499999374151, -3639890.881900001317263 ], [ -7910506.15819999948144, -3639935.041900001466274 ], [ -7910507.492900000885129, -3639989.522100001573563 ], [ -7910555.164599999785423, -3639961.673000000417233 ], [ -7910611.370899999514222, -3639967.656800001859665 ], [ -7910613.281700000166893, -3639917.218600001186132 ], [ -7910635.319199999794364, -3639892.778200000524521 ], [ -7910647.4518, -3639855.043099999427795 ], [ -7910675.9679000005126, -3639828.137499999254942 ], [ -7910725.846400000154972, -3639823.103500001132488 ], [ -7910756.679500000551343, -3639797.326699998229742 ], [ -7910761.643300000578165, -3639744.4879 ], [ -7910816.483799999579787, -3639741.705200001597404 ], [ -7910819.682, -3639794.3915 ], [ -7910851.756999999284744, -3639816.062800001353025 ], [ -7910845.086799999698997, -3639855.454100001603365 ], [ -7910823.984400000423193, -3639891.012800000607967 ], [ -7910843.439200000837445, -3639929.916200000792742 ], [ -7910866.188999999314547, -3639961.72520000115037 ], [ -7910920.538899999111891, -3639956.020799998193979 ], [ -7910966.054700000211596, -3639963.374899998307228 ], [ -7910999.229000000283122, -3639999.091400001198053 ], [ -7910999.562400000169873, -3640062.381700001657009 ], [ -7911000.258099999278784, -3640115.702100001275539 ], [ -7911000.990299999713898, -3640169.022100001573563 ], [ -7911001.503799999132752, -3640222.346400000154972 ], [ -7911001.532800000160933, -3640275.093899998813868 ], [ -7911000.822200000286102, -3640327.269400000572205 ], [ -7910999.044099999591708, -3640378.878899998962879 ], [ -7910970.850700000301003, -3640413.399700000882149 ], [ -7910942.289799999445677, -3640443.824700001627207 ], [ -7910941.34180000051856, -3640498.9358000010252 ], [ -7910941.6217, -3640553.438099998980761 ], [ -7910941.417099999263883, -3640607.363499999046326 ], [ -7910928.912699999287724, -3640648.624800000339746 ], [ -7910912.036399999633431, -3640684.106899999082088 ], [ -7910910.702099999412894, -3640738.054000001400709 ], [ -7910908.187000000849366, -3640793.195700000971556 ], [ -7910908.8608, -3640845.347500000149012 ], [ -7910939.342499999329448, -3640869.394499998539686 ], [ -7910949.0219, -3640913.758600000292063 ], [ -7910948.354499999433756, -3640968.2804000005126 ], [ -7910946.64130000025034, -3641023.408100001513958 ], [ -7910948.772900000214577, -3641075.533599998801947 ], [ -7910977.187899999320507, -3641056.83219999819994 ], [ -7911016.023700000718236, -3641043.797200001776218 ], [ -7911021.8574, -3640992.6952 ], [ -7911024.350199999287724, -3640936.380800001323223 ], [ -7911023.173499999567866, -3640880.721400000154972 ], [ -7911017.510199999436736, -3640832.765700001269579 ], [ -7910977.315199999138713, -3640823.553399998694658 ], [ -7910974.320699999108911, -3640766.170200001448393 ], [ -7911000.251599999144673, -3640733.449000000953674 ], [ -7911019.5801, -3640698.506999999284744 ], [ -7911016.614099999889731, -3640644.6404 ], [ -7911013.444299999624491, -3640589.605700001120567 ], [ -7911035.950300000607967, -3640551.087999999523163 ], [ -7911088.901799999177456, -3640558.30290000140667 ], [ -7911141.930700000375509, -3640557.896699998527765 ], [ -7911169.954, -3640512.242400001734495 ], [ -7911193.532299999147654, -3640549.311700001358986 ], [ -7911242.5943, -3640568.906899999827147 ], [ -7911286.726600000634789, -3640554.60020000115037 ], [ -7911294.041799999773502, -3640475.339499998837709 ], [ -7911324.046599999070168, -3640461.883499998599291 ], [ -7911307.192600000649691, -3640410.036400001496077 ], [ -7911287.50929999910295, -3640374.653200000524521 ], [ -7911319.064099999144673, -3640346.515900000929832 ], [ -7911354.24269999936223, -3640332.962999999523163 ], [ -7911356.80629999935627, -3640282.511100001633167 ], [ -7911354.597200000658631, -3640226.287999998778105 ], [ -7911346.120999999344349, -3640136.775600001215935 ], [ -7911382.185699999332428, -3640112.070700000971556 ], [ -7911391.187000000849366, -3640066.773899998515844 ], [ -7911383.0022, -3640010.663600001484156 ], [ -7911351.115499999374151, -3639985.473400000482798 ], [ -7911322.449400000274181, -3639964.911499999463558 ], [ -7911304.793299999088049, -3639924.802999999374151 ], [ -7911289.246799999848008, -3639886.41330000013113 ], [ -7911282.173499999567866, -3639833.213300000876188 ], [ -7911272.301799999549985, -3639782.410100001841784 ], [ -7911239.894999999552965, -3639756.643800001591444 ], [ -7911230.631300000473857, -3639711.104100000113249 ], [ -7911202.851399999111891, -3639691.1118 ], [ -7911208.5537, -3639632.984999999403954 ], [ -7911209.278300000354648, -3639579.640099998563528 ], [ -7911171.339299999177456, -3639568.04280000180006 ], [ -7911130.53690000064671, -3639555.326900001615286 ], [ -7911097.455700000748038, -3639538.364100001752377 ], [ -7911088.093499999493361, -3639499.273499999195337 ], [ -7911091.019400000572205, -3639444.715900000184774 ], [ -7911095.32289999909699, -3639387.788499999791384 ], [ -7911095.4759, -3639335.041400000452995 ], [ -7911057.03940000012517, -3639318.178899999707937 ], [ -7911084.420099999755621, -3639293.05290000140667 ], [ -7911084.113399999216199, -3639245.003100000321865 ], [ -7911117.635600000619888, -3639226.794799998402596 ], [ -7911125.44679999910295, -3639176.249299999326468 ], [ -7911093.7807, -3639156.916299998760223 ], [ -7911093.2259, -3639111.215700000524521 ], [ -7911122.468000000342727, -3639084.297200001776218 ], [ -7911130.511600000783801, -3639038.436099998652935 ], [ -7911153.874500000849366, -3639001.079100001603365 ], [ -7911195.240199999883771, -3638983.3103 ], [ -7911217.387299999594688, -3638962.970899999141693 ], [ -7911220.411000000312924, -3638907.8277000002563 ], [ -7911226.192199999466538, -3638857.907400000840425 ], [ -7911256.599500000476837, -3638858.510400000959635 ], [ -7911276.095899999141693, -3638822.984099999070168 ], [ -7911331.491900000721216, -3638830.737500000745058 ], [ -7911335.281999999657273, -3638791.403099998831749 ], [ -7911392.339800000190735, -3638794.436900001019239 ], [ -7911402.229399999603629, -3638747.956199999898672 ], [ -7911401.22690000012517, -3638689.959300000220537 ], [ -7911427.761199999600649, -3638656.645500000566244 ], [ -7911435.814899999648333, -3638605.511500000953674 ], [ -7911484.183599999174476, -3638599.917500000447035 ], [ -7911536.839800000190735, -3638599.517000000923872 ], [ -7911592.027699999511242, -3638601.998799998313189 ], [ -7911648.064500000327826, -3638605.050599999725819 ], [ -7911703.190500000491738, -3638608.119100000709295 ], [ -7911755.700899999588728, -3638607.720400001853704 ], [ -7911803.89809999987483, -3638602.714299999177456 ], [ -7911810.292400000616908, -3638554.541499998420477 ], [ -7911845.240199999883771, -3638532.789599999785423 ], [ -7911866.714600000530481, -3638564.617199998348951 ], [ -7911896.688400000333786, -3638602.731300000101328 ], [ -7911947.191999999806285, -3638592.407299999147654 ], [ -7911953.575300000607967, -3638537.788600001484156 ], [ -7911970.198799999430776, -3638492.940099999308586 ], [ -7912022.759400000795722, -3638497.227400001138449 ], [ -7912047.41469999961555, -3638529.580800000578165 ], [ -7912104.755699999630451, -3638530.261900000274181 ], [ -7912124.391000000759959, -3638496.490699999034405 ], [ -7912095.22550000064075, -3638460.706199999898672 ], [ -7912056.896099999547005, -3638445.603999998420477 ], [ -7912053.6754, -3638389.994300000369549 ], [ -7912022.979399999603629, -3638365.958599999547005 ], [ -7912028.644500000402331, -3638311.940400000661612 ], [ -7912054.097200000658631, -3638289.194600000977516 ], [ -7912112.014799999073148, -3638252.361200001090765 ], [ -7912116.582499999552965, -3638205.98200000077486 ], [ -7912156.424499999731779, -3638194.685699999332428 ], [ -7912163.913899999111891, -3638144.73589999973774 ], [ -7912194.736700000241399, -3638108.997499998658895 ], [ -7912202.710100000724196, -3638065.484700001776218 ], [ -7912257.429300000891089, -3638070.316300000995398 ], [ -7912276.524800000712276, -3638027.180599998682737 ], [ -7912330.394899999722838, -3638031.441799998283386 ], [ -7912338.768300000578165, -3637993.781500000506639 ], [ -7912392.321399999782443, -3637998.634399998933077 ], [ -7912403.267200000584126, -3637944.518399998545647 ], [ -7912431.177400000393391, -3637924.656199999153614 ], [ -7912486.045399999246001, -3637927.725999999791384 ], [ -7912542.65819999948144, -3637932.520700000226498 ], [ -7912593.151000000536442, -3637931.570500001311302 ], [ -7912595.89159999974072, -3637886.984700001776218 ], [ -7912650.409700000658631, -3637888.888399999588728 ], [ -7912678.457900000736117, -3637860.819499999284744 ], [ -7912677.7412, -3637802.821600001305342 ], [ -7912699.752699999138713, -3637769.592799998819828 ], [ -7912697.760900000110269, -3637711.619300000369549 ], [ -7912712.537399999797344, -3637671.495299998670816 ], [ -7912770.631899999454618, -3637675.675000000745058 ], [ -7912772.625, -3637634.034000001847744 ], [ -7912806.599099999293685, -3637658.004599999636412 ], [ -7912846.660800000652671, -3637674.242899999022484 ], [ -7912845.917400000616908, -3637728.165899999439716 ], [ -7912844.004799999296665, -3637783.869100000709295 ], [ -7912879.706199999898672, -3637806.635299999266863 ], [ -7912886.085200000554323, -3637857.494699999690056 ], [ -7912919.965399999171495, -3637880.295200001448393 ], [ -7912929.954800000414252, -3637923.469200000166893 ], [ -7912985.846400000154972, -3637918.89979999884963 ], [ -7912964.563200000673532, -3637846.640099998563528 ], [ -7912946.5592, -3637803.617400001734495 ], [ -7912947.316500000655651, -3637748.521899998188019 ], [ -7912990.496899999678135, -3637742.434300001710653 ], [ -7912984.88990000076592, -3637688.045000001788139 ], [ -7912947.166799999773502, -3637668.24720000103116 ], [ -7912945.090099999681115, -3637615.549600001424551 ], [ -7912942.918600000441074, -3637561.682 ], [ -7912912.306900000199676, -3637538.2346 ], [ -7912922.794700000435114, -3637481.199000000953674 ], [ -7912889.1305, -3637466.012499999254942 ], [ -7912868.518999999389052, -3637427.727800000458956 ], [ -7912838.210200000554323, -3637410.720199998468161 ], [ -7912834.7752, -3637351.603700000792742 ], [ -7912851.04450000077486, -3637311.4527000002563 ], [ -7912900.6458, -3637305.830600000917912 ], [ -7912937.988800000399351, -3637285.790600001811981 ], [ -7912938.801000000908971, -3637245.344900000840425 ], [ -7912883.852299999445677, -3637247.552200000733137 ], [ -7912833.7741, -3637243.222199998795986 ], [ -7912813.734899999573827, -3637210.2007 ], [ -7912764.297900000587106, -3637218.749099999666214 ], [ -7912750.830700000748038, -3637184.432 ], [ -7912730.034299999475479, -3637147.909200001507998 ], [ -7912724.297700000926852, -3637092.352899998426437 ], [ -7912723.202099999412894, -3637035.537599999457598 ], [ -7912728.82010000012815, -3636985.041400000452995 ], [ -7912766.654100000858307, -3636967.922899998724461 ], [ -7912804.360600000247359, -3636942.017700001597404 ], [ -7912852.6418999992311, -3636934.077100001275539 ], [ -7912906.099300000816584, -3636930.1404 ], [ -7912960.6568, -3636928.526399999856949 ], [ -7913014.347500000149012, -3636929.272199999541044 ], [ -7913065.193099999800324, -3636931.829199999570847 ], [ -7913086.099300000816584, -3636968.348700001835823 ], [ -7913113.511600000783801, -3637000.0581 ], [ -7913143.822699999436736, -3636974.291299998760223 ], [ -7913149.912399999797344, -3636923.786299999803305 ], [ -7913197.657700000330806, -3636916.440499998629093 ], [ -7913254.998299999162555, -3636919.460099998861551 ], [ -7913308.958399999886751, -3636919.027699999511242 ], [ -7913328.63910000026226, -3636889.945700000971556 ], [ -7913359.164799999445677, -3636877.65089999884367 ], [ -7913357.709499999880791, -3636823.187199998646975 ], [ -7913407.053300000727177, -3636811.70890000090003 ], [ -7913460.197200000286102, -3636818.3224 ], [ -7913486.521299999207258, -3636860.011900000274181 ], [ -7913522.06110000051558, -3636889.808699999004602 ], [ -7913574.166400000452995, -3636881.793200001120567 ], [ -7913592.625700000673532, -3636843.945000000298023 ], [ -7913637.944299999624491, -3636835.471500001847744 ], [ -7913604.247400000691414, -3636800.9529 ], [ -7913601.614399999380112, -3636745.925900001078844 ], [ -7913633.468399999663234, -3636724.816700000315905 ], [ -7913673.387599999085069, -3636708.2423 ], [ -7913700.921299999579787, -3636686.04280000180006 ], [ -7913738.719699999317527, -3636661.305599998682737 ], [ -7913702.000600000843406, -3636644.4222999997437 ], [ -7913697.739299999549985, -3636595.871899999678135 ], [ -7913701.240199999883771, -3636539.5581 ], [ -7913709.053999999538064, -3636487.85020000115037 ], [ -7913735.162599999457598, -3636461.57660000026226 ], [ -7913707.156300000846386, -3636429.295299999415874 ], [ -7913693.795700000599027, -3636377.402300000190735 ], [ -7913729.8487, -3636356.800000000745058 ], [ -7913729.89640000090003, -3636302.896200001239777 ], [ -7913729.335799999535084, -3636249.589999999850988 ], [ -7913765.203400000929832, -3636242.466899998486042 ], [ -7913758.504799999296665, -3636186.347600001841784 ], [ -7913797.063400000333786, -3636169.21339999884367 ], [ -7913791.636, -3636114.828000001609325 ], [ -7913784.2928, -3636059.307300001382828 ], [ -7913812.02140000090003, -3636035.933299999684095 ], [ -7913828.551899999380112, -3635996.3662 ], [ -7913837.124500000849366, -3635971.596900001168251 ], [ -7913782.367499999701977, -3635972.046500001102686 ], [ -7913758.827500000596046, -3635934.995000001043081 ], [ -7913713.023199999704957, -3635927.072700001299381 ], [ -7913693.552799999713898, -3635901.0760000012815 ], [ -7913690.034600000828505, -3635845.483899999409914 ], [ -7913719.780899999663234, -3635820.900600001215935 ], [ -7913719.887000000104308, -3635768.169700000435114 ], [ -7913716.212200000882149, -3635711.995299998670816 ], [ -7913713.010800000280142, -3635655.812100000679493 ], [ -7913714.581399999558926, -3635605.397700000554323 ], [ -7913742.225400000810623, -3635581.440400000661612 ], [ -7913776.50620000064373, -3635565.559799998998642 ], [ -7913814.778999999165535, -3635550.775400001555681 ], [ -7913832.860200000926852, -3635506.493700001388788 ], [ -7913882.035399999469519, -3635509.664700001478195 ], [ -7913912.158299999311566, -3635472.185499999672174 ], [ -7913928.318800000473857, -3635514.061900001019239 ], [ -7913927.69649999961257, -3635570.316700000315905 ], [ -7913926.167199999094009, -3635624.831199999898672 ], [ -7913958.651799999177456, -3635651.166600000113249 ], [ -7913969.2917, -3635703.693599998950958 ], [ -7913922.935699999332428, -3635711.015299998223782 ], [ -7913891.540100000798702, -3635735.044199999421835 ], [ -7913892.2983, -3635793.031500000506639 ], [ -7913861.423800000920892, -3635823.495200000703335 ], [ -7913855.665100000798702, -3635873.989700000733137 ], [ -7913859.03830000013113, -3635929.584699999541044 ], [ -7913883.565400000661612, -3635964.8596 ], [ -7913903.842000000178814, -3636000.800900001078844 ], [ -7913927.650000000372529, -3635964.6114999987185 ], [ -7913967.440600000321865, -3635968.5456000007689 ], [ -7913981.434399999678135, -3636007.535100001841784 ], [ -7914010.075200000777841, -3635964.809300001710653 ], [ -7914010.237999999895692, -3635907.389699999243021 ], [ -7913970.814899999648333, -3635895.832299999892712 ], [ -7913926.2566, -3635890.230799999088049 ], [ -7913930.14949999935925, -3635831.569200001657009 ], [ -7913965.3443, -3635808.054000001400709 ], [ -7914000.221699999645352, -3635779.271899998188019 ], [ -7913998.98589999973774, -3635723.051399998366833 ], [ -7914033.72580000013113, -3635708.332899998873472 ], [ -7914035.538499999791384, -3635651.469099998474121 ], [ -7913997.460400000214577, -3635641.644200000911951 ], [ -7913990.455399999395013, -3635586.705200001597404 ], [ -7914003.148800000548363, -3635540.767400000244379 ], [ -7914032.773, -3635509.741900000721216 ], [ -7914025.432700000703335, -3635452.466400001198053 ], [ -7914025.348400000482798, -3635403.255800001323223 ], [ -7914072.191700000315905, -3635400.611600000411272 ], [ -7914072.598300000652671, -3635342.604100000113249 ], [ -7914031.851800000295043, -3635338.102600000798702 ], [ -7914025.40819999948144, -3635287.8412000015378 ], [ -7914023.771800000220537, -3635231.630399998277426 ], [ -7913997.67, -3635213.3772 ], [ -7913995.152699999511242, -3635160.6985 ], [ -7913994.948100000619888, -3635105.0471 ], [ -7913993.599700000137091, -3635050.589200001209974 ], [ -7913987.116599999368191, -3635002.087200000882149 ], [ -7913954.462999999523163, -3634982.200599998235703 ], [ -7914001.56389999948442, -3634940.886700000613928 ], [ -7913982.646999999880791, -3634899.650299999862909 ], [ -7913980.169800000265241, -3634845.214699998497963 ], [ -7913943.95130000077188, -3634829.496599998325109 ], [ -7913921.007799999788404, -3634804.739900000393391 ], [ -7913870.553600000217557, -3634805.108300000429153 ], [ -7913846.101700000464916, -3634769.835099998861551 ], [ -7913842.375900000333786, -3634714.837699998170137 ], [ -7913811.478499999269843, -3634691.403099998831749 ], [ -7913812.6623, -3634633.969999998807907 ], [ -7913797.687400000169873, -3634595.002999998629093 ], [ -7913740.161599999293685, -3634604.877700001001358 ], [ -7913737.143500000238419, -3634560.412399999797344 ], [ -7913764.752100000157952, -3634528.842199999839067 ], [ -7913810.619799999520183, -3634526.803599998354912 ], [ -7913820.8333, -3634488.532400000840425 ], [ -7913873.558800000697374, -3634486.949700001627207 ], [ -7913905.628499999642372, -3634458.22410000115633 ], [ -7913947.029500000178814, -3634437.523400001227856 ], [ -7913946.526699999347329, -3634385.395599998533726 ], [ -7913971.824500000104308, -3634343.3246 ], [ -7913997.909900000318885, -3634314.126600001007318 ], [ -7913999.850999999791384, -3634266.0537 ], [ -7913997.071699999272823, -3634211.040800001472235 ], [ -7914037.579199999570847, -3634187.428100001066923 ], [ -7913999.473099999129772, -3634181.705299999564886 ], [ -7913973.616800000891089, -3634151.146999999880791 ], [ -7913968.102399999275804, -3634092.085700001567602 ], [ -7913988.6081000007689, -3634066.508600000292063 ], [ -7914004.08390000090003, -3634036.926100000739098 ], [ -7913976.719799999147654, -3634001.710299998521805 ], [ -7913976.8881, -3633911.495400000363588 ], [ -7913973.078700000420213, -3633861.775600001215935 ], [ -7913939.501800000667572, -3633874.126400001347065 ], [ -7913903.871300000697374, -3633893.545400001108646 ], [ -7913847.710100000724196, -3633890.506700001657009 ], [ -7913824.575200000777841, -3633919.647700000554323 ], [ -7913793.770700000226498, -3633953.620000001043081 ], [ -7913782.993699999526143, -3634006.545000001788139 ], [ -7913777.706900000572205, -3634027.7335 ] ], [ [ -7913070.229599999263883, -3636479.403799999505281 ], [ -7913014.18779999949038, -3636477.530600000172853 ], [ -7912991.312100000679493, -3636448.666299998760223 ], [ -7912967.358200000599027, -3636412.791499998420477 ], [ -7912911.837600000202656, -3636417.353100001811981 ], [ -7912861.099700000137091, -3636416.551100000739098 ], [ -7912846.824699999764562, -3636374.048900000751019 ], [ -7912789.537599999457598, -3636375.713599998503923 ], [ -7912783.834300000220537, -3636304.340700000524521 ], [ -7912840.4836, -3636305.617600001394749 ], [ -7912845.915100000798702, -3636256.885499998927116 ], [ -7912863.497999999672174, -3636220.814500000327826 ], [ -7912913.448200000450015, -3636214.600499998778105 ], [ -7912970.184599999338388, -3636214.703299999237061 ], [ -7913026.450999999418855, -3636218.916000001132488 ], [ -7913066.937999999150634, -3636232.800299998372793 ], [ -7913093.430500000715256, -3636256.322599999606609 ], [ -7913122.7017, -3636221.788600001484156 ], [ -7913133.436699999496341, -3636256.154199998825788 ], [ -7913189.743300000205636, -3636252.748700000345707 ], [ -7913217.755100000649691, -3636281.515299998223782 ], [ -7913200.96030000038445, -3636330.461899999529123 ], [ -7913172.949400000274181, -3636360.285399999469519 ], [ -7913175.951899999752641, -3636417.64750000089407 ], [ -7913139.099999999627471, -3636436.50560000166297 ], [ -7913124.318800000473857, -3636474.282499998807907 ], [ -7913070.229599999263883, -3636479.403799999505281 ] ], [ [ -7913104.464299999177456, -3635980.745000001043081 ], [ -7913021.328500000759959, -3635971.766199998557568 ], [ -7912995.736400000751019, -3635947.64130000025034 ], [ -7912990.986600000411272, -3635907.890700001269579 ], [ -7913047.003799999132752, -3635908.592599999159575 ], [ -7913063.627800000831485, -3635871.954599998891354 ], [ -7913097.42989999987185, -3635900.611400000751019 ], [ -7913139.5186, -3635914.464899998158216 ], [ -7913104.464299999177456, -3635980.745000001043081 ] ] ] ] } },
{ "type": "Feature", "properties": { "objectid": 13655, "st_area_sh": 472266.658146, "st_length_": 3162.6209954400001, "Nombre": null, "Tipo": "Laguna", "objectid_2": 72, "shape_leng": 284372.97896099999, "dis_elec": 5, "cir_sena": 5, "cod_comuna": 4302, "codregion": 4, "st_area_sh_2": 3143603093.3099995, "st_length__2": 334258.24881999998, "Region": "Región de Coquimbo", "Comuna": "Combarbalá", "Provincia": "Limarí" }, "geometry": { "type": "MultiPolygon", "coordinates": [ [ [ [ -7931676.942700000479817, -3654861.525100000202656 ], [ -7931688.712500000372529, -3654810.238000001758337 ], [ -7931686.934399999678135, -3654715.223099999129772 ], [ -7931657.76410000026226, -3654669.467599999159575 ], [ -7931655.758099999278784, -3654619.049800001084805 ], [ -7931666.118000000715256, -3654566.619100000709295 ], [ -7931673.475099999457598, -3654513.66330000013113 ], [ -7931656.867200000211596, -3654462.958000000566244 ], [ -7931687.295, -3654421.265299998223782 ], [ -7931717.443600000813603, -3654378.405000001192093 ], [ -7931726.356899999082088, -3654324.831399999558926 ], [ -7931721.056900000199676, -3654272.135499998927116 ], [ -7931693.904799999669194, -3654228.687300000339746 ], [ -7931657.864, -3654187.767799999564886 ], [ -7931626.639000000432134, -3654144.989700000733137 ], [ -7931593.309800000861287, -3654104.601500000804663 ], [ -7931551.235300000756979, -3654072.019299998879433 ], [ -7931510.145999999716878, -3654039.416799999773502 ], [ -7931485.038499999791384, -3653994.166999999433756 ], [ -7931466.00029999949038, -3653944.099800001829863 ], [ -7931443.10700000077486, -3653896.458299998193979 ], [ -7931417.429199999198318, -3653850.0471 ], [ -7931383.675699999555945, -3653810.254599999636412 ], [ -7931345.106000000610948, -3653774.080600000917912 ], [ -7931303.787499999627471, -3653740.896200001239777 ], [ -7931259.427300000563264, -3653712.467199999839067 ], [ -7931210.528300000354648, -3653692.344399999827147 ], [ -7931158.278300000354648, -3653686.956999998539686 ], [ -7931075.4671, -3653722.087400000542402 ], [ -7931084.291400000452995, -3653794.07039999961853 ], [ -7931086.1963, -3653846.83390000090003 ], [ -7931087.08, -3653899.618500001728535 ], [ -7931087.671800000593066, -3653952.409200001507998 ], [ -7931088.348500000312924, -3654005.785199999809265 ], [ -7931087.445000000298023, -3654058.606899999082088 ], [ -7931087.720499999821186, -3654111.991500001400709 ], [ -7931093.35869999974966, -3654163.506799999624491 ], [ -7931120.300699999555945, -3654209.307300001382828 ], [ -7931133.550499999895692, -3654260.081000000238419 ], [ -7931143.151900000870228, -3654312.689399998635054 ], [ -7931155.125199999660254, -3654363.489500001072884 ], [ -7931181.532700000330806, -3654409.8882 ], [ -7931190.807199999690056, -3654460.74379999935627 ], [ -7931191.046700000762939, -3654514.130800001323223 ], [ -7931187.371600000187755, -3654567.011199999600649 ], [ -7931176.158700000494719, -3654618.87220000103116 ], [ -7931175.714400000870228, -3654678.141199998557568 ], [ -7931182.834300000220537, -3654734.322500001639128 ], [ -7931213.320800000801682, -3654747.781899999827147 ], [ -7931264.227399999275804, -3654726.206999998539686 ], [ -7931318.273499999195337, -3654699.287200000137091 ], [ -7931368.532400000840425, -3654683.592500001192093 ], [ -7931421.906500000506639, -3654686.609400000423193 ], [ -7931473.318299999460578, -3654699.053899999707937 ], [ -7931513.134099999442697, -3654729.9239999987185 ], [ -7931546.877100000157952, -3654772.652800001204014 ], [ -7931587.604399999603629, -3654805.264400001615286 ], [ -7931632.115199999883771, -3654833.691399998962879 ], [ -7931676.942700000479817, -3654861.525100000202656 ] ] ] ] } },
{ "type": "Feature", "properties": { "objectid": 13656, "st_area_sh": 60205.465987900003, "st_length_": 1039.32157613, "Nombre": null, "Tipo": "Laguna", "objectid_2": 72, "shape_leng": 284372.97896099999, "dis_elec": 5, "cir_sena": 5, "cod_comuna": 4302, "codregion": 4, "st_area_sh_2": 3143603093.3099995, "st_length__2": 334258.24881999998, "Region": "Región de Coquimbo", "Comuna": "Combarbalá", "Provincia": "Limarí" }, "geometry": { "type": "MultiPolygon", "coordinates": [ [ [ [ -7877181.266200000420213, -3666925.134700000286102 ], [ -7877194.6875, -3666868.530000001192093 ], [ -7877247.94679999910295, -3666868.262800000607967 ], [ -7877277.296299999579787, -3666825.499899998307228 ], [ -7877277.796299999579787, -3666739.733800001442432 ], [ -7877278.380799999460578, -3666686.860100001096725 ], [ -7877280.76410000026226, -3666634.545200001448393 ], [ -7877283.534499999135733, -3666592.796999998390675 ], [ -7877230.245300000533462, -3666581.904599998146296 ], [ -7877181.824500000104308, -3666603.826999999582767 ], [ -7877127.177899999544024, -3666601.766600001603365 ], [ -7877083.92989999987185, -3666611.270700000226498 ], [ -7877060.19510000012815, -3666653.355099998414516 ], [ -7877007.397399999201298, -3666666.536299999803305 ], [ -7877004.5647, -3666715.921700000762939 ], [ -7877045.75760000012815, -3666731.120700001716614 ], [ -7877076.881400000303984, -3666806.981600001454353 ], [ -7877110.377000000327826, -3666848.149000000208616 ], [ -7877150.663799999281764, -3666882.1587999984622 ], [ -7877181.266200000420213, -3666925.134700000286102 ] ] ] ] } },
{ "type": "Feature", "properties": { "objectid": 13657, "st_area_sh": 97230.6004847, "st_length_": 1325.5216686900001, "Nombre": null, "Tipo": "Laguna", "objectid_2": 72, "shape_leng": 284372.97896099999, "dis_elec": 5, "cir_sena": 5, "cod_comuna": 4302, "codregion": 4, "st_area_sh_2": 3143603093.3099995, "st_length__2": 334258.24881999998, "Region": "Región de Coquimbo", "Comuna": "Combarbalá", "Provincia": "Limarí" }, "geometry": { "type": "MultiPolygon", "coordinates": [ [ [ [ -7878065.3651, -3667723.305399999022484 ], [ -7878031.972899999469519, -3667814.895100001245737 ], [ -7878011.98200000077486, -3667876.310400001704693 ], [ -7878025.11570000089705, -3667927.793099999427795 ], [ -7878037.7017, -3667979.284800000488758 ], [ -7878061.473200000822544, -3668028.834199998527765 ], [ -7878104.143200000748038, -3668046.944499999284744 ], [ -7878158.552899999544024, -3668056.641100000590086 ], [ -7878192.747999999672174, -3668029.067299999296665 ], [ -7878237.705299999564886, -3668014.243500001728535 ], [ -7878239.527200000360608, -3667961.344500001519918 ], [ -7878249.6228, -3667909.487199999392033 ], [ -7878286.004699999466538, -3667872.479100000113249 ], [ -7878324.60080000013113, -3667846.009199999272823 ], [ -7878380.4375, -3667842.170699998736382 ], [ -7878403.181399999186397, -3667815.956500001251698 ], [ -7878377.5263, -3667783.474599998444319 ], [ -7878325.984099999070168, -3667793.118000000715256 ], [ -7878295.849500000476837, -3667747.784800000488758 ], [ -7878290.147099999710917, -3667695.008400000631809 ], [ -7878268.229900000616908, -3667647.193199999630451 ], [ -7878227.855100000277162, -3667612.599199999123812 ], [ -7878176.831299999728799, -3667615.771800000220537 ], [ -7878135.251900000497699, -3667647.5757 ], [ -7878096.686000000685453, -3667680.505800001323223 ], [ -7878065.3651, -3667723.305399999022484 ] ] ] ] } },
{ "type": "Feature", "properties": { "objectid": 13658, "st_area_sh": 96277.974426800007, "st_length_": 1212.0509522699999, "Nombre": null, "Tipo": "Laguna", "objectid_2": 72, "shape_leng": 284372.97896099999, "dis_elec": 5, "cir_sena": 5, "cod_comuna": 4302, "codregion": 4, "st_area_sh_2": 3143603093.3099995, "st_length__2": 334258.24881999998, "Region": "Región de Coquimbo", "Comuna": "Combarbalá", "Provincia": "Limarí" }, "geometry": { "type": "MultiPolygon", "coordinates": [ [ [ [ -7875615.155099999159575, -3668240.730999998748302 ], [ -7875666.966700000688434, -3668231.681699998676777 ], [ -7875716.1097, -3668213.275499999523163 ], [ -7875758.089999999850988, -3668180.884300000965595 ], [ -7875794.168199999257922, -3668135.66330000013113 ], [ -7875839.135700000450015, -3668109.6864 ], [ -7875842.7763, -3668057.93299999833107 ], [ -7875828.446000000461936, -3668006.4662000015378 ], [ -7875823.429400000721216, -3667952.501400001347065 ], [ -7875813.848200000822544, -3667903.309099998325109 ], [ -7875760.965399999171495, -3667892.990299999713898 ], [ -7875708.076999999582767, -3667898.532200001180172 ], [ -7875664.580800000578165, -3667927.421900000423193 ], [ -7875614.7346, -3667940.551699999719858 ], [ -7875570.0132, -3667963.586300000548363 ], [ -7875531.440199999138713, -3668001.208999998867512 ], [ -7875499.53319999948144, -3668039.900600001215935 ], [ -7875492.074400000274181, -3668092.889499999582767 ], [ -7875475.629499999806285, -3668143.671700000762939 ], [ -7875437.383899999782443, -3668178.9397 ], [ -7875456.314300000667572, -3668225.6349 ], [ -7875508.175499999895692, -3668235.971500001847744 ], [ -7875562.3279, -3668240.984400000423193 ], [ -7875615.155099999159575, -3668240.730999998748302 ] ] ] ] } },
{ "type": "Feature", "properties": { "objectid": 13659, "st_area_sh": 101457.037279, "st_length_": 1283.55002298, "Nombre": null, "Tipo": "Laguna", "objectid_2": 72, "shape_leng": 284372.97896099999, "dis_elec": 5, "cir_sena": 5, "cod_comuna": 4302, "codregion": 4, "st_area_sh_2": 3143603093.3099995, "st_length__2": 334258.24881999998, "Region": "Región de Coquimbo", "Comuna": "Combarbalá", "Provincia": "Limarí" }, "geometry": { "type": "MultiPolygon", "coordinates": [ [ [ [ -7875958.158700000494719, -3668377.430700000375509 ], [ -7876008.043800000101328, -3668368.998100001364946 ], [ -7876060.715500000864267, -3668365.807900000363588 ], [ -7876112.49129999987781, -3668359.107099998742342 ], [ -7876143.857799999415874, -3668318.659200001507998 ], [ -7876186.106599999591708, -3668303.298300001770258 ], [ -7876241.135500000789762, -3668305.944299999624491 ], [ -7876291.019200000911951, -3668260.500900000333786 ], [ -7876302.127399999648333, -3668207.452599998563528 ], [ -7876336.268899999558926, -3668166.960400000214577 ], [ -7876363.276399999856949, -3668118.94539999961853 ], [ -7876338.307900000363588, -3668076.460700001567602 ], [ -7876289.111300000920892, -3668059.035900000482798 ], [ -7876235.598999999463558, -3668055.190900001674891 ], [ -7876182.81870000064373, -3668056.033700000494719 ], [ -7876132.015699999406934, -3668040.983600001782179 ], [ -7876080.649399999529123, -3668036.51630000025034 ], [ -7876030.155600000172853, -3668052.595499999821186 ], [ -7875992.51490000076592, -3668089.030200000852346 ], [ -7875986.518699999898672, -3668139.64640000090003 ], [ -7875962.477099999785423, -3668185.850999999791384 ], [ -7875956.965399999171495, -3668239.397100001573563 ], [ -7875930.24379999935627, -3668268.608600001782179 ], [ -7875906.547900000587106, -3668311.283300001174212 ], [ -7875958.158700000494719, -3668377.430700000375509 ] ] ] ] } },
{ "type": "Feature", "properties": { "objectid": 13660, "st_area_sh": 46045.829873000002, "st_length_": 921.37155576099997, "Nombre": null, "Tipo": "Laguna", "objectid_2": 72, "shape_leng": 284372.97896099999, "dis_elec": 5, "cir_sena": 5, "cod_comuna": 4302, "codregion": 4, "st_area_sh_2": 3143603093.3099995, "st_length__2": 334258.24881999998, "Region": "Región de Coquimbo", "Comuna": "Combarbalá", "Provincia": "Limarí" }, "geometry": { "type": "MultiPolygon", "coordinates": [ [ [ [ -7876354.439799999818206, -3668858.11879999935627 ], [ -7876344.427500000223517, -3668779.556200001388788 ], [ -7876326.131799999624491, -3668731.6754 ], [ -7876303.798900000751019, -3668680.334300000220537 ], [ -7876267.182199999690056, -3668656.832800000905991 ], [ -7876236.770500000566244, -3668649.093899998813868 ], [ -7876227.134400000795722, -3668608.124699998646975 ], [ -7876172.767899999395013, -3668594.306099999696016 ], [ -7876121.8059, -3668608.631499998271465 ], [ -7876081.450899999588728, -3668642.1739999987185 ], [ -7876044.859300000593066, -3668680.356300000101328 ], [ -7876078.0493, -3668732.112100001424551 ], [ -7876130.717399999499321, -3668744.783399999141693 ], [ -7876181.605599999427795, -3668760.420400001108646 ], [ -7876204.274900000542402, -3668807.644299998879433 ], [ -7876232.884199999272823, -3668835.386500000953674 ], [ -7876253.486500000581145, -3668869.719000000506639 ], [ -7876299.284700000658631, -3668870.749800000339746 ], [ -7876354.439799999818206, -3668858.11879999935627 ] ] ] ] } },
{ "type": "Feature", "properties": { "objectid": 13661, "st_area_sh": 148088.22705, "st_length_": 1878.5253255600001, "Nombre": null, "Tipo": "Laguna", "objectid_2": 72, "shape_leng": 284372.97896099999, "dis_elec": 5, "cir_sena": 5, "cod_comuna": 4302, "codregion": 4, "st_area_sh_2": 3143603093.3099995, "st_length__2": 334258.24881999998, "Region": "Región de Coquimbo", "Comuna": "Combarbalá", "Provincia": "Limarí" }, "geometry": { "type": "MultiPolygon", "coordinates": [ [ [ [ -7874937.716900000348687, -3670099.771899998188019 ], [ -7874991.814799999818206, -3670058.960400000214577 ], [ -7875042.051300000399351, -3670084.014600001275539 ], [ -7875103.115499999374151, -3670084.219999998807907 ], [ -7875150.185699999332428, -3670072.896499998867512 ], [ -7875167.647299999371171, -3670019.152800001204014 ], [ -7875132.889499999582767, -3669983.8651 ], [ -7875105.053300000727177, -3669940.241999998688698 ], [ -7875095.3081, -3669887.518699999898672 ], [ -7875081.535599999129772, -3669836.622099999338388 ], [ -7875048.257400000467896, -3669797.785999998450279 ], [ -7874996.216, -3669785.686599999666214 ], [ -7874941.7017, -3669785.964200001209974 ], [ -7874896.984999999403954, -3669774.9232 ], [ -7874865.853800000622869, -3669735.465199999511242 ], [ -7874815.58390000090003, -3669719.811799999326468 ], [ -7874785.32909999974072, -3669675.639600001275539 ], [ -7874761.2752, -3669628.431699998676777 ], [ -7874733.339999999850988, -3669580.697799999266863 ], [ -7874686.477800000458956, -3669567.9276 ], [ -7874639.976800000295043, -3669589.815200001001358 ], [ -7874620.366900000721216, -3669641.8277000002563 ], [ -7874632.48369999974966, -3669689.812699999660254 ], [ -7874580.353499999269843, -3669690.6385000012815 ], [ -7874534.198999999091029, -3669713.695500001311302 ], [ -7874617.3531, -3669773.481199998408556 ], [ -7874646.07289999909699, -3669815.328299999237061 ], [ -7874658.793299999088049, -3669866.829599998891354 ], [ -7874685.897600000724196, -3669912.81529999896884 ], [ -7874715.905500000342727, -3669952.879599999636412 ], [ -7874771.681600000709295, -3669956.1081000007689 ], [ -7874804.984099999070168, -3669977.906500000506639 ], [ -7874830.177999999374151, -3670009.234000001102686 ], [ -7874885.598200000822544, -3670013.05519999936223 ], [ -7874908.556600000709295, -3670055.581399999558926 ], [ -7874937.716900000348687, -3670099.771899998188019 ] ] ] ] } },
{ "type": "Feature", "properties": { "objectid": 13662, "st_area_sh": 219400.311258, "st_length_": 2683.9481327799999, "Nombre": null, "Tipo": "Laguna", "objectid_2": 72, "shape_leng": 284372.97896099999, "dis_elec": 5, "cir_sena": 5, "cod_comuna": 4302, "codregion": 4, "st_area_sh_2": 3143603093.3099995, "st_length__2": 334258.24881999998, "Region": "Región de Coquimbo", "Comuna": "Combarbalá", "Provincia": "Limarí" }, "geometry": { "type": "MultiPolygon", "coordinates": [ [ [ [ -7875504.76380000077188, -3670685.954599998891354 ], [ -7875551.931900000199676, -3670738.672699999064207 ], [ -7875588.702500000596046, -3670773.929200001060963 ], [ -7875604.706900000572205, -3670824.793400000780821 ], [ -7875645.496099999174476, -3670857.635600000619888 ], [ -7875689.189899999648333, -3670889.256299998611212 ], [ -7875738.0945999994874, -3670901.403799999505281 ], [ -7875791.46199999935925, -3670897.6151 ], [ -7875842.33049999922514, -3670909.143300000578165 ], [ -7875892.641100000590086, -3670917.74210000038147 ], [ -7875944.8476, -3670909.858300000429153 ], [ -7875997.27309999987483, -3670901.970800001174212 ], [ -7876050.366699999198318, -3670899.360599998384714 ], [ -7876100.809399999678135, -3670888.566300000995398 ], [ -7876144.24100000038743, -3670857.318599998950958 ], [ -7876189.520099999383092, -3670836.617800001055002 ], [ -7876236.691500000655651, -3670822.349800001829863 ], [ -7876274.156099999323487, -3670783.558699999004602 ], [ -7876320.502299999818206, -3670758.727400001138449 ], [ -7876344.09940000064671, -3670711.932 ], [ -7876359.101500000804663, -3670664.686599999666214 ], [ -7876376.01410000026226, -3670622.698899999260902 ], [ -7876374.620999999344349, -3670573.953200001269579 ], [ -7876343.714800000190735, -3670546.831900000572205 ], [ -7876289.821699999272823, -3670558.85700000077486 ], [ -7876238.51380000077188, -3670572.603300001472235 ], [ -7876186.399399999529123, -3670576.961300000548363 ], [ -7876108.379499999806285, -3670604.647799998521805 ], [ -7876062.76410000026226, -3670629.466299999505281 ], [ -7876010.650000000372529, -3670636.173799999058247 ], [ -7875957.429999999701977, -3670639.960900001227856 ], [ -7875909.5472999997437, -3670657.7643 ], [ -7875862.17710000090301, -3670680.2599 ], [ -7875808.6842, -3670689.926399998366833 ], [ -7875764.3366, -3670672.418699998408556 ], [ -7875721.895400000736117, -3670643.716699998825788 ], [ -7875676.926400000229478, -3670663.235500000417233 ], [ -7875628.528999999165535, -3670669.294599998742342 ], [ -7875610.615800000727177, -3670617.8739 ], [ -7875625.09180000051856, -3670574.163400001823902 ], [ -7875630.0406, -3670526.491900000721216 ], [ -7875594.284299999475479, -3670490.632500000298023 ], [ -7875547.634099999442697, -3670463.760000001639128 ], [ -7875505.79619999974966, -3670431.522700000554323 ], [ -7875474.825400000438094, -3670390.886599998921156 ], [ -7875429.015599999576807, -3670405.716899998486042 ], [ -7875410.485400000587106, -3670456.541799999773502 ], [ -7875465.486400000751019, -3670498.558600001037121 ], [ -7875479.7445, -3670545.33669999986887 ], [ -7875508.770600000396371, -3670587.7668999992311 ], [ -7875524.235600000247359, -3670639.226700000464916 ], [ -7875504.76380000077188, -3670685.954599998891354 ] ] ] ] } },
{ "type": "Feature", "properties": { "objectid": 13663, "st_area_sh": 8613.2399624000009, "st_length_": 393.52185369900002, "Nombre": null, "Tipo": "Laguna", "objectid_2": 72, "shape_leng": 284372.97896099999, "dis_elec": 5, "cir_sena": 5, "cod_comuna": 4302, "codregion": 4, "st_area_sh_2": 3143603093.3099995, "st_length__2": 334258.24881999998, "Region": "Región de Coquimbo", "Comuna": "Combarbalá", "Provincia": "Limarí" }, "geometry": { "type": "MultiPolygon", "coordinates": [ [ [ [ -7876311.41469999961555, -3671020.345499999821186 ], [ -7876353.293099999427795, -3670987.946400001645088 ], [ -7876389.743200000375509, -3670915.090900000184774 ], [ -7876350.543500000610948, -3670890.4518 ], [ -7876316.020199999213219, -3670930.371599998325109 ], [ -7876275.018699999898672, -3670962.756400000303984 ], [ -7876256.006400000303984, -3671010.654599998146296 ], [ -7876311.41469999961555, -3671020.345499999821186 ] ] ] ] } },
{ "type": "Feature", "properties": { "objectid": 13664, "st_area_sh": 99707.125150699998, "st_length_": 1367.70054323, "Nombre": null, "Tipo": "Laguna", "objectid_2": 72, "shape_leng": 284372.97896099999, "dis_elec": 5, "cir_sena": 5, "cod_comuna": 4302, "codregion": 4, "st_area_sh_2": 3143603093.3099995, "st_length__2": 334258.24881999998, "Region": "Región de Coquimbo", "Comuna": "Combarbalá", "Provincia": "Limarí" }, "geometry": { "type": "MultiPolygon", "coordinates": [ [ [ [ -7875214.89809999987483, -3671762.929299999028444 ], [ -7875209.020099999383092, -3671832.94990000128746 ], [ -7875254.289899999275804, -3671922.724700000137091 ], [ -7875285.227900000289083, -3671965.717399999499321 ], [ -7875320.065500000491738, -3672003.359299998730421 ], [ -7875366.42850000038743, -3672027.889899998903275 ], [ -7875383.822699999436736, -3672081.087999999523163 ], [ -7875422.156400000676513, -3672103.983399998396635 ], [ -7875478.260800000280142, -3672101.91499999910593 ], [ -7875528.150000000372529, -3672083.491500001400709 ], [ -7875559.1086, -3672048.915500000119209 ], [ -7875520.096100000664592, -3672013.103500001132488 ], [ -7875464.319399999454618, -3672008.115299999713898 ], [ -7875461.496400000527501, -3671963.500199999660254 ], [ -7875502.246999999508262, -3671928.768800001591444 ], [ -7875521.4189, -3671881.453299999237061 ], [ -7875521.818199999630451, -3671827.973000001162291 ], [ -7875515.138499999418855, -3671775.193199999630451 ], [ -7875516.122500000521541, -3671721.704100001603365 ], [ -7875489.897099999710917, -3671676.287399999797344 ], [ -7875438.892300000414252, -3671681.800200000405312 ], [ -7875386.2325, -3671679.700199998915195 ], [ -7875333.791999999433756, -3671677.596500001847744 ], [ -7875281.481599999591708, -3671686.067499998956919 ], [ -7875241.844799999147654, -3671717.254000000655651 ], [ -7875214.89809999987483, -3671762.929299999028444 ] ] ] ] } },
{ "type": "Feature", "properties": { "objectid": 13665, "st_area_sh": 47422.8212212, "st_length_": 872.30282846700004, "Nombre": null, "Tipo": "Laguna", "objectid_2": 72, "shape_leng": 284372.97896099999, "dis_elec": 5, "cir_sena": 5, "cod_comuna": 4302, "codregion": 4, "st_area_sh_2": 3143603093.3099995, "st_length__2": 334258.24881999998, "Region": "Región de Coquimbo", "Comuna": "Combarbalá", "Provincia": "Limarí" }, "geometry": { "type": "MultiPolygon", "coordinates": [ [ [ [ -7875749.17369999922812, -3672476.042700000107288 ], [ -7875783.484899999573827, -3672440.824000000953674 ], [ -7875796.205900000408292, -3672387.732500001788139 ], [ -7875825.848999999463558, -3672353.175999999046326 ], [ -7875836.076400000602007, -3672301.887499999254942 ], [ -7875798.605699999257922, -3672264.288199998438358 ], [ -7875745.750900000333786, -3672259.25450000166893 ], [ -7875657.378200000151992, -3672206.012299999594688 ], [ -7875606.9605, -3672190.949400000274181 ], [ -7875556.613399999216199, -3672205.854800000786781 ], [ -7875574.273, -3672296.658399999141693 ], [ -7875601.91579999960959, -3672341.466899998486042 ], [ -7875617.85869999974966, -3672392.926100000739098 ], [ -7875654.762800000607967, -3672429.360100001096725 ], [ -7875701.529999999329448, -3672453.8838 ], [ -7875749.17369999922812, -3672476.042700000107288 ] ] ] ] } },
{ "type": "Feature", "properties": { "objectid": 13666, "st_area_sh": 28018.057814799999, "st_length_": 703.24003849899998, "Nombre": null, "Tipo": "Laguna", "objectid_2": 72, "shape_leng": 284372.97896099999, "dis_elec": 5, "cir_sena": 5, "cod_comuna": 4302, "codregion": 4, "st_area_sh_2": 3143603093.3099995, "st_length__2": 334258.24881999998, "Region": "Región de Coquimbo", "Comuna": "Combarbalá", "Provincia": "Limarí" }, "geometry": { "type": "MultiPolygon", "coordinates": [ [ [ [ -7873342.760900000110269, -3672899.686200000345707 ], [ -7873327.719200000166893, -3672989.838199999183416 ], [ -7873331.183800000697374, -3673040.912099998444319 ], [ -7873372.366800000891089, -3673054.367899999022484 ], [ -7873380.902000000700355, -3673109.475900001823902 ], [ -7873459.814099999144673, -3673114.109499998390675 ], [ -7873514.279799999669194, -3673116.777100000530481 ], [ -7873533.753699999302626, -3673071.8059 ], [ -7873498.572100000455976, -3673051.791499998420477 ], [ -7873474.386199999600649, -3672975.186200000345707 ], [ -7873437.340399999171495, -3672936.395399998873472 ], [ -7873393.62639999948442, -3672905.937100000679493 ], [ -7873342.760900000110269, -3672899.686200000345707 ] ] ] ] } },
{ "type": "Feature", "properties": { "objectid": 13667, "st_area_sh": 55367.382362600001, "st_length_": 1311.01713875, "Nombre": null, "Tipo": "Laguna", "objectid_2": 72, "shape_leng": 284372.97896099999, "dis_elec": 5, "cir_sena": 5, "cod_comuna": 4302, "codregion": 4, "st_area_sh_2": 3143603093.3099995, "st_length__2": 334258.24881999998, "Region": "Región de Coquimbo", "Comuna": "Combarbalá", "Provincia": "Limarí" }, "geometry": { "type": "MultiPolygon", "coordinates": [ [ [ [ -7874720.797900000587106, -3674048.609900001436472 ], [ -7874737.362099999561906, -3673995.451400000602007 ], [ -7874699.230599999427795, -3673953.152300000190735 ], [ -7874660.799900000914931, -3673924.375599998980761 ], [ -7874605.170099999755621, -3673919.968299999833107 ], [ -7874568.794800000265241, -3673947.580400001257658 ], [ -7874529.503499999642372, -3673966.422699999064207 ], [ -7874474.558299999684095, -3673959.06529999896884 ], [ -7874449.2027000002563, -3674001.783500000834465 ], [ -7874417.990000000223517, -3674039.304900001734495 ], [ -7874362.680099999532104, -3674039.0055 ], [ -7874306.929700000211596, -3674024.607299998402596 ], [ -7874274.335200000554323, -3674048.632500000298023 ], [ -7874261.332499999552965, -3674105.260600000619888 ], [ -7874329.936699999496341, -3674111.815099999308586 ], [ -7874377.858300000429153, -3674130.451400000602007 ], [ -7874426.629799999296665, -3674149.661899998784065 ], [ -7874477.789799999445677, -3674132.39469999819994 ], [ -7874524.215700000524521, -3674104.623100001364946 ], [ -7874530.548800000920892, -3674053.977800000458956 ], [ -7874579.279699999839067, -3674047.328000001609325 ], [ -7874633.924499999731779, -3674058.803800001740456 ], [ -7874662.198000000789762, -3674099.4967 ], [ -7874684.067800000309944, -3674144.405299998819828 ], [ -7874707.814999999478459, -3674101.71169999986887 ], [ -7874720.797900000587106, -3674048.609900001436472 ] ] ] ] } },
{ "type": "Feature", "properties": { "objectid": 13668, "st_area_sh": 9304.2112693, "st_length_": 395.78319756000002, "Nombre": null, "Tipo": "Laguna", "objectid_2": 72, "shape_leng": 284372.97896099999, "dis_elec": 5, "cir_sena": 5, "cod_comuna": 4302, "codregion": 4, "st_area_sh_2": 3143603093.3099995, "st_length__2": 334258.24881999998, "Region": "Región de Coquimbo", "Comuna": "Combarbalá", "Provincia": "Limarí" }, "geometry": { "type": "MultiPolygon", "coordinates": [ [ [ [ -7876930.432, -3675131.256999999284744 ], [ -7876967.571000000461936, -3675098.920800000429153 ], [ -7877021.48509999923408, -3675041.040899999439716 ], [ -7877008.300799999386072, -3674988.9408 ], [ -7876955.392899999395013, -3674997.43129999935627 ], [ -7876926.627399999648333, -3675041.3882 ], [ -7876899.2708, -3675091.200500000268221 ], [ -7876930.432, -3675131.256999999284744 ] ] ] ] } },
{ "type": "Feature", "properties": { "objectid": 13669, "st_area_sh": 16973.664577700001, "st_length_": 493.288671378, "Nombre": null, "Tipo": "Laguna", "objectid_2": 72, "shape_leng": 284372.97896099999, "dis_elec": 5, "cir_sena": 5, "cod_comuna": 4302, "codregion": 4, "st_area_sh_2": 3143603093.3099995, "st_length__2": 334258.24881999998, "Region": "Región de Coquimbo", "Comuna": "Combarbalá", "Provincia": "Limarí" }, "geometry": { "type": "MultiPolygon", "coordinates": [ [ [ [ -7881484.185499999672174, -3675359.432599999010563 ], [ -7881535.625600000843406, -3675346.244199998676777 ], [ -7881587.103700000792742, -3675335.405999999493361 ], [ -7881593.975700000301003, -3675261.232700001448393 ], [ -7881549.89750000089407, -3675232.56810000166297 ], [ -7881496.557, -3675232.268800001591444 ], [ -7881450.640900000929832, -3675252.419599998742342 ], [ -7881413.005400000140071, -3675289.479899998754263 ], [ -7881443.997500000521541, -3675340.695799998939037 ], [ -7881484.185499999672174, -3675359.432599999010563 ] ] ] ] } },
{ "type": "Feature", "properties": { "objectid": 13670, "st_area_sh": 12567.664634500001, "st_length_": 477.23398039, "Nombre": null, "Tipo": "Laguna", "objectid_2": 72, "shape_leng": 284372.97896099999, "dis_elec": 5, "cir_sena": 5, "cod_comuna": 4302, "codregion": 4, "st_area_sh_2": 3143603093.3099995, "st_length__2": 334258.24881999998, "Region": "Región de Coquimbo", "Comuna": "Combarbalá", "Provincia": "Limarí" }, "geometry": { "type": "MultiPolygon", "coordinates": [ [ [ [ -7869077.713500000536442, -3676388.68189999833703 ], [ -7869133.356799999251962, -3676381.357900001108646 ], [ -7869155.242900000885129, -3676346.9254 ], [ -7869174.396999999880791, -3676310.771499998867512 ], [ -7869174.718800000846386, -3676238.461899999529123 ], [ -7869117.113299999386072, -3676239.349899999797344 ], [ -7869102.580600000917912, -3676283.662099998444319 ], [ -7869073.037200000137091, -3676317.036699999123812 ], [ -7869033.04109999909997, -3676377.025499999523163 ], [ -7869077.713500000536442, -3676388.68189999833703 ] ] ] ] } },
{ "type": "Feature", "properties": { "objectid": 13671, "st_area_sh": 49118.957636200001, "st_length_": 865.38122647099999, "Nombre": null, "Tipo": "Laguna", "objectid_2": 72, "shape_leng": 284372.97896099999, "dis_elec": 5, "cir_sena": 5, "cod_comuna": 4302, "codregion": 4, "st_area_sh_2": 3143603093.3099995, "st_length__2": 334258.24881999998, "Region": "Región de Coquimbo", "Comuna": "Combarbalá", "Provincia": "Limarí" }, "geometry": { "type": "MultiPolygon", "coordinates": [ [ [ [ -7879867.323200000450015, -3676492.734999999403954 ], [ -7879926.004699999466538, -3676506.474500000476837 ], [ -7879964.676100000739098, -3676476.452100001275539 ], [ -7879959.9206000007689, -3676424.212099999189377 ], [ -7879966.578600000590086, -3676372.374099999666214 ], [ -7879978.362800000235438, -3676321.040500000119209 ], [ -7879965.795399999246001, -3676269.516399998217821 ], [ -7879935.953500000759959, -3676225.915800001472235 ], [ -7879909.300000000745058, -3676180.499899998307228 ], [ -7879839.879000000655651, -3676221.603300001472235 ], [ -7879813.1601, -3676267.301399998366833 ], [ -7879774.39159999974072, -3676302.614799998700619 ], [ -7879746.820800000801682, -3676345.387800000607967 ], [ -7879749.380799999460578, -3676395.311900001019239 ], [ -7879793.808700000867248, -3676427.507100000977516 ], [ -7879831.331399999558926, -3676464.517299998551607 ], [ -7879867.323200000450015, -3676492.734999999403954 ] ] ] ] } },
{ "type": "Feature", "properties": { "objectid": 13672, "st_area_sh": 38293.693410799999, "st_length_": 880.65055703899998, "Nombre": null, "Tipo": "Laguna", "objectid_2": 72, "shape_leng": 284372.97896099999, "dis_elec": 5, "cir_sena": 5, "cod_comuna": 4302, "codregion": 4, "st_area_sh_2": 3143603093.3099995, "st_length__2": 334258.24881999998, "Region": "Región de Coquimbo", "Comuna": "Combarbalá", "Provincia": "Limarí" }, "geometry": { "type": "MultiPolygon", "coordinates": [ [ [ [ -7870671.27250000089407, -3676758.469399999827147 ], [ -7870700.814300000667572, -3676713.332600001245737 ], [ -7870745.486099999397993, -3676684.420800000429153 ], [ -7870778.755000000819564, -3676643.929000001400709 ], [ -7870735.03969999961555, -3676573.478100001811981 ], [ -7870688.9682, -3676556.558699999004602 ], [ -7870635.545199999585748, -3676567.970400001853704 ], [ -7870592.12529999949038, -3676597.44990000128746 ], [ -7870547.0241, -3676624.604100000113249 ], [ -7870500.232699999585748, -3676648.845199998468161 ], [ -7870458.200899999588728, -3676680.654399998486042 ], [ -7870417.255899999290705, -3676714.210200000554323 ], [ -7870498.038100000470877, -3676710.604600001126528 ], [ -7870549.842700000852346, -3676710.387899998575449 ], [ -7870568.900499999523163, -3676737.133499998599291 ], [ -7870621.3509, -3676755.130199998617172 ], [ -7870671.27250000089407, -3676758.469399999827147 ] ] ] ] } },
{ "type": "Feature", "properties": { "objectid": 13673, "st_area_sh": 23503.894192799999, "st_length_": 591.34403574500004, "Nombre": null, "Tipo": "Laguna", "objectid_2": 72, "shape_leng": 284372.97896099999, "dis_elec": 5, "cir_sena": 5, "cod_comuna": 4302, "codregion": 4, "st_area_sh_2": 3143603093.3099995, "st_length__2": 334258.24881999998, "Region": "Región de Coquimbo", "Comuna": "Combarbalá", "Provincia": "Limarí" }, "geometry": { "type": "MultiPolygon", "coordinates": [ [ [ [ -7879043.08390000090003, -3677842.374099999666214 ], [ -7879051.318800000473857, -3677913.377000000327826 ], [ -7879069.808399999514222, -3677951.290899999439716 ], [ -7879125.484899999573827, -3677939.216499999165535 ], [ -7879169.951500000432134, -3677916.741599999368191 ], [ -7879203.745300000533462, -3677896.791700001806021 ], [ -7879192.336799999698997, -3677839.950199998915195 ], [ -7879194.495899999514222, -3677776.421700000762939 ], [ -7879148.183900000527501, -3677747.778900001198053 ], [ -7879097.011399999260902, -3677755.664799999445677 ], [ -7879077.690700000151992, -3677804.774300001561642 ], [ -7879043.08390000090003, -3677842.374099999666214 ] ] ] ] } },
{ "type": "Feature", "properties": { "objectid": 13682, "st_area_sh": 46028.203779299998, "st_length_": 861.094806866, "Nombre": null, "Tipo": "Laguna", "objectid_2": 72, "shape_leng": 284372.97896099999, "dis_elec": 5, "cir_sena": 5, "cod_comuna": 4302, "codregion": 4, "st_area_sh_2": 3143603093.3099995, "st_length__2": 334258.24881999998, "Region": "Región de Coquimbo", "Comuna": "Combarbalá", "Provincia": "Limarí" }, "geometry": { "type": "MultiPolygon", "coordinates": [ [ [ [ -7884382.7555, -3682762.028299998492002 ], [ -7884438.41440000012517, -3682772.273699998855591 ], [ -7884471.742499999701977, -3682730.5482 ], [ -7884470.062999999150634, -3682677.644799999892712 ], [ -7884481.375, -3682625.112799998372793 ], [ -7884510.638399999588728, -3682587.5724 ], [ -7884501.0724, -3682537.741900000721216 ], [ -7884468.853399999439716, -3682498.287799999117851 ], [ -7884425.2566, -3682471.96229999884963 ], [ -7884384.409099999815226, -3682499.109299998730421 ], [ -7884368.131100000813603, -3682549.959199998527765 ], [ -7884312.434900000691414, -3682603.819400001317263 ], [ -7884269.753200000151992, -3682635.113800000399351 ], [ -7884264.622600000351667, -3682689.895100001245737 ], [ -7884277.6403, -3682736.140099998563528 ], [ -7884332.001900000497699, -3682747.583799999207258 ], [ -7884382.7555, -3682762.028299998492002 ] ] ] ] } },
{ "type": "Feature", "properties": { "objectid": 13683, "st_area_sh": 21495.649306899999, "st_length_": 689.48344012099994, "Nombre": null, "Tipo": "Laguna", "objectid_2": 72, "shape_leng": 284372.97896099999, "dis_elec": 5, "cir_sena": 5, "cod_comuna": 4302, "codregion": 4, "st_area_sh_2": 3143603093.3099995, "st_length__2": 334258.24881999998, "Region": "Región de Coquimbo", "Comuna": "Combarbalá", "Provincia": "Limarí" }, "geometry": { "type": "MultiPolygon", "coordinates": [ [ [ [ -7882393.324400000274181, -3683245.000100001692772 ], [ -7882444.547700000926852, -3683241.212600000202656 ], [ -7882473.786299999803305, -3683208.38060000166297 ], [ -7882504.964800000190735, -3683177.869300000369549 ], [ -7882543.09940000064671, -3683156.653299998492002 ], [ -7882538.456199999898672, -3683103.208399999886751 ], [ -7882488.020700000226498, -3683096.984700001776218 ], [ -7882432.444499999284744, -3683109.666499998420477 ], [ -7882421.450500000268221, -3683159.840999998152256 ], [ -7882365.051999999210238, -3683162.537599999457598 ], [ -7882311.856100000441074, -3683168.71000000089407 ], [ -7882289.784499999135733, -3683246.1228 ], [ -7882393.324400000274181, -3683245.000100001692772 ] ] ] ] } },
{ "type": "Feature", "properties": { "objectid": 29289, "st_area_sh": 16449.730173299999, "st_length_": 520.64345779400003, "Nombre": null, "Tipo": "Tranque", "objectid_2": 72, "shape_leng": 284372.97896099999, "dis_elec": 5, "cir_sena": 5, "cod_comuna": 4302, "codregion": 4, "st_area_sh_2": 3143603093.3099995, "st_length__2": 334258.24881999998, "Region": "Región de Coquimbo", "Comuna": "Combarbalá", "Provincia": "Limarí" }, "geometry": { "type": "MultiPolygon", "coordinates": [ [ [ [ -7899070.779400000348687, -3641497.603300001472235 ], [ -7899097.63289999961853, -3641666.242600001394749 ], [ -7899185.71199999935925, -3641608.23930000141263 ], [ -7899188.9039835203439, -3641602.961088325828314 ], [ -7899191.593816745094955, -3641597.410135749261826 ], [ -7899193.758414663374424, -3641591.634082326665521 ], [ -7899195.379200000315905, -3641585.682500001043081 ], [ -7899181.415500000119209, -3641482.565400000661612 ], [ -7899179.056643889285624, -3641480.071671156678349 ], [ -7899176.311888720840216, -3641478.010311226826161 ], [ -7899173.259471365250647, -3641476.440077491570264 ], [ -7899169.986398338340223, -3641475.405728104989976 ], [ -7899166.585965753532946, -3641474.936746301595122 ], [ -7899163.155099999159575, -3641475.046500001102686 ], [ -7899070.779400000348687, -3641497.603300001472235 ] ] ] ] } },
{ "type": "Feature", "properties": { "objectid": 29290, "st_area_sh": 27979.4214369, "st_length_": 673.67262232300004, "Nombre": null, "Tipo": "Tranque", "objectid_2": 72, "shape_leng": 284372.97896099999, "dis_elec": 5, "cir_sena": 5, "cod_comuna": 4302, "codregion": 4, "st_area_sh_2": 3143603093.3099995, "st_length__2": 334258.24881999998, "Region": "Región de Coquimbo", "Comuna": "Combarbalá", "Provincia": "Limarí" }, "geometry": { "type": "MultiPolygon", "coordinates": [ [ [ [ -7898932.216, -3641536.272199999541044 ], [ -7898851.6557, -3641548.087600000202656 ], [ -7898845.400081543251872, -3641549.811436431482434 ], [ -7898839.391568412072957, -3641552.261363831814378 ], [ -7898833.71410967130214, -3641555.403152582701296 ], [ -7898828.447028995491564, -3641559.192906594835222 ], [ -7898823.663916387595236, -3641563.577676611486822 ], [ -7898819.431600000709295, -3641568.496199999004602 ], [ -7898808.690400000661612, -3641591.053100001066923 ], [ -7898833.395500000566244, -3641775.804400000721216 ], [ -7898936.512499999254942, -3641763.989 ], [ -7898940.167718857526779, -3641762.894626045133919 ], [ -7898943.602647084742785, -3641761.233437515795231 ], [ -7898946.730031267739832, -3641759.047631616704166 ], [ -7898949.470430170185864, -3641756.392731785774231 ], [ -7898951.754232684150338, -3641753.336177299264818 ], [ -7898953.523426081053913, -3641749.955610189586878 ], [ -7898954.733069634996355, -3641746.336902999319136 ], [ -7898955.352436203509569, -3641742.571977460756898 ], [ -7898955.365792752243578, -3641738.756469518411905 ], [ -7898954.77280000038445, -3641734.987300001084805 ], [ -7898932.216, -3641536.272199999541044 ] ] ] ] } },
{ "type": "Feature", "properties": { "objectid": 13586, "st_area_sh": 53703.626146100003, "st_length_": 1120.4294668800001, "Nombre": null, "Tipo": "Laguna", "objectid_2": 70, "shape_leng": 209582.27494199999, "dis_elec": 5, "cir_sena": 5, "cod_comuna": 4105, "codregion": 4, "st_area_sh_2": 2037069730.23, "st_length__2": 245283.13732099999, "Region": "Región de Coquimbo", "Comuna": "Paihuano", "Provincia": "Elqui" }, "geometry": { "type": "MultiPolygon", "coordinates": [ [ [ [ -7850072.744100000709295, -3518299.274500001221895 ], [ -7850100.6261, -3518335.478100001811981 ], [ -7850157.299200000241399, -3518334.720300000160933 ], [ -7850176.910700000822544, -3518302.526299998164177 ], [ -7850218.369599999859929, -3518289.779699999839067 ], [ -7850237.129899999126792, -3518258.758299998939037 ], [ -7850257.842199999839067, -3518222.4857 ], [ -7850312.067900000140071, -3518222.340599998831749 ], [ -7850381.9934, -3518183.667300000786781 ], [ -7850385.568, -3518131.948899999260902 ], [ -7850424.976299999281764, -3518119.809799998998642 ], [ -7850433.839199999347329, -3518063.956799998879433 ], [ -7850422.456499999389052, -3518014.1809 ], [ -7850377.514399999752641, -3518003.752099998295307 ], [ -7850318.508899999782443, -3518010.928199999034405 ], [ -7850287.056199999526143, -3518040.377300001680851 ], [ -7850239.916300000622869, -3518043.910900000482798 ], [ -7850212.797900000587106, -3518068.0768 ], [ -7850216.78690000064671, -3518126.660500001162291 ], [ -7850192.04079999960959, -3518147.3114 ], [ -7850175.824300000444055, -3518190.49040000140667 ], [ -7850147.481300000101328, -3518209.447700001299381 ], [ -7850115.368699999526143, -3518227.294199999421835 ], [ -7850096.744200000539422, -3518265.861000001430511 ], [ -7850072.744100000709295, -3518299.274500001221895 ] ] ] ] } },
{ "type": "Feature", "properties": { "objectid": 13594, "st_area_sh": 10540.167798300001, "st_length_": 415.26456250899997, "Nombre": null, "Tipo": "Laguna", "objectid_2": 70, "shape_leng": 209582.27494199999, "dis_elec": 5, "cir_sena": 5, "cod_comuna": 4105, "codregion": 4, "st_area_sh_2": 2037069730.23, "st_length__2": 245283.13732099999, "Region": "Región de Coquimbo", "Comuna": "Paihuano", "Provincia": "Elqui" }, "geometry": { "type": "MultiPolygon", "coordinates": [ [ [ [ -7836779.780600000172853, -3535352.629200000315905 ], [ -7836792.105200000107288, -3535435.030200000852346 ], [ -7836828.501900000497699, -3535419.464600000530481 ], [ -7836860.131300000473857, -3535380.703499998897314 ], [ -7836903.117000000551343, -3535348.196800000965595 ], [ -7836897.537200000137091, -3535302.9199 ], [ -7836842.883199999108911, -3535297.782400000840425 ], [ -7836801.490800000727177, -3535315.735100001096725 ], [ -7836779.780600000172853, -3535352.629200000315905 ] ] ] ] } },
{ "type": "Feature", "properties": { "objectid": 13595, "st_area_sh": 14796.9745186, "st_length_": 496.657645307, "Nombre": null, "Tipo": "Laguna", "objectid_2": 70, "shape_leng": 209582.27494199999, "dis_elec": 5, "cir_sena": 5, "cod_comuna": 4105, "codregion": 4, "st_area_sh_2": 2037069730.23, "st_length__2": 245283.13732099999, "Region": "Región de Coquimbo", "Comuna": "Paihuano", "Provincia": "Elqui" }, "geometry": { "type": "MultiPolygon", "coordinates": [ [ [ [ -7836663.179199999198318, -3535369.767000000923872 ], [ -7836604.741499999538064, -3535342.0022 ], [ -7836567.577600000426173, -3535327.345800001174212 ], [ -7836540.4726, -3535301.519299998879433 ], [ -7836492.650699999183416, -3535328.852000001817942 ], [ -7836513.593800000846386, -3535365.219200000166893 ], [ -7836548.869899999350309, -3535417.687699999660254 ], [ -7836583.738800000399351, -3535448.65089999884367 ], [ -7836636.478800000622869, -3535447.999499998986721 ], [ -7836663.961300000548363, -3535433.70719999819994 ], [ -7836663.179199999198318, -3535369.767000000923872 ] ] ] ] } },
{ "type": "Feature", "properties": { "objectid": 13605, "st_area_sh": 61315.4498265, "st_length_": 1073.56675352, "Nombre": null, "Tipo": "Laguna", "objectid_2": 70, "shape_leng": 209582.27494199999, "dis_elec": 5, "cir_sena": 5, "cod_comuna": 4105, "codregion": 4, "st_area_sh_2": 2037069730.23, "st_length__2": 245283.13732099999, "Region": "Región de Coquimbo", "Comuna": "Paihuano", "Provincia": "Elqui" }, "geometry": { "type": "MultiPolygon", "coordinates": [ [ [ [ -7835372.768200000748038, -3540503.822500001639128 ], [ -7835372.198599999770522, -3540522.440499998629093 ], [ -7835454.8443, -3540522.589699998497963 ], [ -7835508.379100000485778, -3540523.09569999948144 ], [ -7835560.373800000175834, -3540521.875599998980761 ], [ -7835609.3969, -3540517.202300000935793 ], [ -7835635.80350000038743, -3540487.798099998384714 ], [ -7835653.17879999987781, -3540450.36259999871254 ], [ -7835685.861700000241399, -3540425.534099999815226 ], [ -7835725.094499999657273, -3540409.930399999022484 ], [ -7835730.749500000849366, -3540330.764800000935793 ], [ -7835725.779500000178814, -3540281.972699999809265 ], [ -7835687.105799999088049, -3540263.255899999290705 ], [ -7835627.1118, -3540269.809000000357628 ], [ -7835610.228000000119209, -3540308.982599999755621 ], [ -7835583.156600000336766, -3540337.231300000101328 ], [ -7835539.405099999159575, -3540347.074000000953674 ], [ -7835482.415300000458956, -3540341.957800000905991 ], [ -7835429.120400000363588, -3540340.285599999129772 ], [ -7835401.521099999547005, -3540366.795699998736382 ], [ -7835396.182900000363588, -3540418.622699998319149 ], [ -7835371.337999999523163, -3540448.588599998503923 ], [ -7835372.768200000748038, -3540503.822500001639128 ] ] ] ] } },
{ "type": "Feature", "properties": { "objectid": 13608, "st_area_sh": 28888.654486200001, "st_length_": 777.96426909399997, "Nombre": null, "Tipo": "Laguna", "objectid_2": 70, "shape_leng": 209582.27494199999, "dis_elec": 5, "cir_sena": 5, "cod_comuna": 4105, "codregion": 4, "st_area_sh_2": 2037069730.23, "st_length__2": 245283.13732099999, "Region": "Región de Coquimbo", "Comuna": "Paihuano", "Provincia": "Elqui" }, "geometry": { "type": "MultiPolygon", "coordinates": [ [ [ [ -7837843.005300000309944, -3543757.361099999397993 ], [ -7837872.824100000783801, -3543766.878800000995398 ], [ -7837931.098500000312924, -3543739.973400000482798 ], [ -7837968.199500000104308, -3543694.716499999165535 ], [ -7837972.882999999448657, -3543658.008699998259544 ], [ -7837917.962200000882149, -3543640.078600000590086 ], [ -7837869.878399999812245, -3543616.245700001716614 ], [ -7837853.598400000482798, -3543569.328400000929832 ], [ -7837830.96000000089407, -3543520.163699999451637 ], [ -7837800.363299999386072, -3543479.824200000613928 ], [ -7837762.894999999552965, -3543507.050799999386072 ], [ -7837751.387599999085069, -3543559.549899999052286 ], [ -7837787.878699999302626, -3543617.268300000578165 ], [ -7837802.645999999716878, -3543670.603799998760223 ], [ -7837813.9199, -3543716.420400001108646 ], [ -7837843.005300000309944, -3543757.361099999397993 ] ] ] ] } },
{ "type": "Feature", "properties": { "objectid": 13612, "st_area_sh": 14873.668511, "st_length_": 464.799598027, "Nombre": null, "Tipo": "Laguna", "objectid_2": 70, "shape_leng": 209582.27494199999, "dis_elec": 5, "cir_sena": 5, "cod_comuna": 4105, "codregion": 4, "st_area_sh_2": 2037069730.23, "st_length__2": 245283.13732099999, "Region": "Región de Coquimbo", "Comuna": "Paihuano", "Provincia": "Elqui" }, "geometry": { "type": "MultiPolygon", "coordinates": [ [ [ [ -7835294.455700000748038, -3545858.320799998939037 ], [ -7835333.062300000339746, -3545840.391699999570847 ], [ -7835371.074999999254942, -3545824.215300001204014 ], [ -7835370.38260000012815, -3545764.294799998402596 ], [ -7835362.400299999862909, -3545717.846200000494719 ], [ -7835336.823200000450015, -3545691.396099999547005 ], [ -7835285.8581000007689, -3545686.785300001502037 ], [ -7835263.482599999755621, -3545724.2971 ], [ -7835262.168099999427795, -3545791.8059 ], [ -7835275.122999999672174, -3545830.629900000989437 ], [ -7835294.455700000748038, -3545858.320799998939037 ] ] ] ] } },
{ "type": "Feature", "properties": { "objectid": 13615, "st_area_sh": 37131.673974099998, "st_length_": 1018.19140436, "Nombre": null, "Tipo": "Laguna", "objectid_2": 70, "shape_leng": 209582.27494199999, "dis_elec": 5, "cir_sena": 5, "cod_comuna": 4105, "codregion": 4, "st_area_sh_2": 2037069730.23, "st_length__2": 245283.13732099999, "Region": "Región de Coquimbo", "Comuna": "Paihuano", "Provincia": "Elqui" }, "geometry": { "type": "MultiPolygon", "coordinates": [ [ [ [ -7809492.942600000649691, -3553192.958399999886751 ], [ -7809511.8289, -3553241.669700000435114 ], [ -7809532.281099999323487, -3553276.974399998784065 ], [ -7809568.945299999788404, -3553261.461599998176098 ], [ -7809565.615299999713898, -3553204.440200001001358 ], [ -7809584.200500000268221, -3553169.900199998170137 ], [ -7809599.268999999389052, -3553131.320900000631809 ], [ -7809625.418700000271201, -3553103.689800001680851 ], [ -7809638.105799999088049, -3553055.237799998372793 ], [ -7809609.82660000026226, -3553026.418200001120567 ], [ -7809567.950500000268221, -3553013.456900000572205 ], [ -7809561.909800000488758, -3552964.032800000160933 ], [ -7809562.145300000905991, -3552908.722800001502037 ], [ -7809561.693099999800324, -3552853.420000001788139 ], [ -7809526.672900000587106, -3552888.127500001341105 ], [ -7809489.966900000348687, -3552906.550999999046326 ], [ -7809494.25029999949038, -3552961.232599999755621 ], [ -7809456.754300000146031, -3552976.7533 ], [ -7809459.92119999974966, -3553032.028799999505281 ], [ -7809498.2467, -3553084.033700000494719 ], [ -7809495.501199999824166, -3553138.205800000578165 ], [ -7809492.942600000649691, -3553192.958399999886751 ] ] ] ] } },
{ "type": "Feature", "properties": { "objectid": 13616, "st_area_sh": 13837.9508171, "st_length_": 442.979423876, "Nombre": null, "Tipo": "Laguna", "objectid_2": 70, "shape_leng": 209582.27494199999, "dis_elec": 5, "cir_sena": 5, "cod_comuna": 4105, "codregion": 4, "st_area_sh_2": 2037069730.23, "st_length__2": 245283.13732099999, "Region": "Región de Coquimbo", "Comuna": "Paihuano", "Provincia": "Elqui" }, "geometry": { "type": "MultiPolygon", "coordinates": [ [ [ [ -7823661.488600000739098, -3558220.561999998986721 ], [ -7823697.097999999299645, -3558205.013999998569489 ], [ -7823735.031600000336766, -3558190.021699998527765 ], [ -7823742.455299999564886, -3558096.7516999989748 ], [ -7823711.239499999210238, -3558071.481300000101328 ], [ -7823649.839800000190735, -3558073.927400000393391 ], [ -7823620.610500000417233, -3558102.798000000417233 ], [ -7823627.972799999639392, -3558161.537500001490116 ], [ -7823661.488600000739098, -3558220.561999998986721 ] ] ] ] } },
{ "type": "Feature", "properties": { "objectid": 13617, "st_area_sh": 15163.5628425, "st_length_": 621.12403829799996, "Nombre": null, "Tipo": "Laguna", "objectid_2": 70, "shape_leng": 209582.27494199999, "dis_elec": 5, "cir_sena": 5, "cod_comuna": 4105, "codregion": 4, "st_area_sh_2": 2037069730.23, "st_length__2": 245283.13732099999, "Region": "Región de Coquimbo", "Comuna": "Paihuano", "Provincia": "Elqui" }, "geometry": { "type": "MultiPolygon", "coordinates": [ [ [ [ -7825265.925899999216199, -3558414.196899998933077 ], [ -7825266.722300000488758, -3558484.078299999237061 ], [ -7825307.174599999561906, -3558483.61259999871254 ], [ -7825334.876900000497699, -3558527.557799998670816 ], [ -7825361.454800000414252, -3558552.296 ], [ -7825370.953600000590086, -3558591.209199998527765 ], [ -7825409.867000000551343, -3558573.288100000470877 ], [ -7825403.389000000432134, -3558519.779500000178814 ], [ -7825444.945800000801682, -3558501.8279 ], [ -7825404.076899999752641, -3558484.826200000941753 ], [ -7825372.679400000721216, -3558463.055799998342991 ], [ -7825371.689899999648333, -3558411.231800001114607 ], [ -7825323.121999999508262, -3558408.296599999070168 ], [ -7825265.925899999216199, -3558414.196899998933077 ] ] ] ] } },
{ "type": "Feature", "properties": { "objectid": 13618, "st_area_sh": 77848.026334099995, "st_length_": 1311.6816619599999, "Nombre": "Laguna Dragon", "Tipo": "Laguna", "objectid_2": 70, "shape_leng": 209582.27494199999, "dis_elec": 5, "cir_sena": 5, "cod_comuna": 4105, "codregion": 4, "st_area_sh_2": 2037069730.23, "st_length__2": 245283.13732099999, "Region": "Región de Coquimbo", "Comuna": "Paihuano", "Provincia": "Elqui" }, "geometry": { "type": "MultiPolygon", "coordinates": [ [ [ [ -7818787.547700000926852, -3559179.036699999123812 ], [ -7818901.012299999594688, -3559177.206199999898672 ], [ -7818947.012499999254942, -3559160.390999998897314 ], [ -7818963.07149999961257, -3559108.375399999320507 ], [ -7818996.8103, -3559066.649500001221895 ], [ -7819037.651900000870228, -3559055.133000001311302 ], [ -7819049.353499999269843, -3559005.49549999833107 ], [ -7819024.204199999570847, -3558967.913100000470877 ], [ -7819034.955299999564886, -3558924.11089999973774 ], [ -7819064.291300000622869, -3558890.588199999183416 ], [ -7819115.736099999397993, -3558831.776700001209974 ], [ -7819114.10950000025332, -3558782.286899998784065 ], [ -7819059.575899999588728, -3558777.063299998641014 ], [ -7819030.808000000193715, -3558733.114599999040365 ], [ -7818983.72440000064671, -3558730.1385000012815 ], [ -7818965.654799999669194, -3558780.427400000393391 ], [ -7818938.751700000837445, -3558814.505199998617172 ], [ -7818915.247400000691414, -3558861.3596 ], [ -7818909.523, -3558914.425299998372793 ], [ -7818862.792999999597669, -3558930.665600001811981 ], [ -7818834.584499999880791, -3558974.659699998795986 ], [ -7818804.6546, -3559016.9254 ], [ -7818772.13399999961257, -3559057.47239999845624 ], [ -7818787.547700000926852, -3559179.036699999123812 ] ] ] ] } },
{ "type": "Feature", "properties": { "objectid": 13674, "st_area_sh": 86420.3327383, "st_length_": 1195.38084942, "Nombre": null, "Tipo": "Laguna", "objectid_2": 63, "shape_leng": 360387.69314500003, "dis_elec": 5, "cir_sena": 5, "cod_comuna": 4201, "codregion": 4, "st_area_sh_2": 3629836947.5, "st_length__2": 423986.08528200001, "Region": "Región de Coquimbo", "Comuna": "Illapel", "Provincia": "Choapa" }, "geometry": { "type": "MultiPolygon", "coordinates": [ [ [ [ -7876726.67879999987781, -3678642.299699999392033 ], [ -7876785.105900000780821, -3678664.879799999296665 ], [ -7876813.453700000420213, -3678630.911899998784065 ], [ -7876848.7006, -3678593.893500000238419 ], [ -7876891.800300000235438, -3678563.216299999505281 ], [ -7876943.195599999278784, -3678550.631999999284744 ], [ -7876987.427999999374151, -3678519.9364 ], [ -7877005.479499999433756, -3678473.199299998581409 ], [ -7877004.180400000885129, -3678419.130100000649691 ], [ -7876996.539100000634789, -3678366.338899999856949 ], [ -7876986.193600000813603, -3678315.94310000166297 ], [ -7876933.802300000563264, -3678300.322700001299381 ], [ -7876933.947100000455976, -3678245.05519999936223 ], [ -7876897.094100000336766, -3678233.888599999248981 ], [ -7876840.490399999544024, -3678245.380100000649691 ], [ -7876796.611400000751019, -3678266.074000000953674 ], [ -7876787.244400000199676, -3678320.901700001209974 ], [ -7876759.064500000327826, -3678363.097100000828505 ], [ -7876717.383099999278784, -3678397.86600000038743 ], [ -7876698.680299999192357, -3678440.497400000691414 ], [ -7876707.253100000321865, -3678494.449999999254942 ], [ -7876722.376700000837445, -3678569.463700000196695 ], [ -7876716.381100000813603, -3678622.474800001829863 ], [ -7876726.67879999987781, -3678642.299699999392033 ] ] ] ] } },
{ "type": "Feature", "properties": { "objectid": 13675, "st_area_sh": 15061.234909000001, "st_length_": 478.12617813999998, "Nombre": null, "Tipo": "Laguna", "objectid_2": 63, "shape_leng": 360387.69314500003, "dis_elec": 5, "cir_sena": 5, "cod_comuna": 4201, "codregion": 4, "st_area_sh_2": 3629836947.5, "st_length__2": 423986.08528200001, "Region": "Región de Coquimbo", "Comuna": "Illapel", "Provincia": "Choapa" }, "geometry": { "type": "MultiPolygon", "coordinates": [ [ [ [ -7852386.7763, -3679056.797200001776218 ], [ -7852431.144600000232458, -3679028.537999998778105 ], [ -7852484.586200000718236, -3679018.966899998486042 ], [ -7852498.702199999243021, -3678966.437199998646975 ], [ -7852464.877699999138713, -3678924.577500000596046 ], [ -7852414.24210000038147, -3678917.645300000905991 ], [ -7852378.255699999630451, -3678951.666400000452995 ], [ -7852334.557600000873208, -3678978.151799999177456 ], [ -7852342.2862, -3679042.134399998933077 ], [ -7852386.7763, -3679056.797200001776218 ] ] ] ] } },
{ "type": "Feature", "properties": { "objectid": 13676, "st_area_sh": 19530.549567599999, "st_length_": 560.49404621400004, "Nombre": null, "Tipo": "Laguna", "objectid_2": 63, "shape_leng": 360387.69314500003, "dis_elec": 5, "cir_sena": 5, "cod_comuna": 4201, "codregion": 4, "st_area_sh_2": 3629836947.5, "st_length__2": 423986.08528200001, "Region": "Región de Coquimbo", "Comuna": "Illapel", "Provincia": "Choapa" }, "geometry": { "type": "MultiPolygon", "coordinates": [ [ [ [ -7870735.594499999657273, -3679441.9452 ], [ -7870792.005400000140071, -3679459.883200000971556 ], [ -7870836.6392, -3679444.488699998706579 ], [ -7870867.729699999094009, -3679409.313299998641014 ], [ -7870908.022700000554323, -3679385.166400000452995 ], [ -7870899.930800000205636, -3679337.077500000596046 ], [ -7870873.294299999251962, -3679283.9857 ], [ -7870818.38990000076592, -3679283.076400000602007 ], [ -7870794.364800000563264, -3679318.729299999773502 ], [ -7870780.136900000274181, -3679361.285700000822544 ], [ -7870733.619200000539422, -3679384.940999999642372 ], [ -7870735.594499999657273, -3679441.9452 ] ] ] ] } },
{ "type": "Feature", "properties": { "objectid": 13677, "st_area_sh": 27160.727179099998, "st_length_": 669.67317081299996, "Nombre": null, "Tipo": "Laguna", "objectid_2": 63, "shape_leng": 360387.69314500003, "dis_elec": 5, "cir_sena": 5, "cod_comuna": 4201, "codregion": 4, "st_area_sh_2": 3629836947.5, "st_length__2": 423986.08528200001, "Region": "Región de Coquimbo", "Comuna": "Illapel", "Provincia": "Choapa" }, "geometry": { "type": "MultiPolygon", "coordinates": [ [ [ [ -7878088.540100000798702, -3679865.106800001114607 ], [ -7878127.624099999666214, -3679825.666999999433756 ], [ -7878150.359200000762939, -3679792.959600001573563 ], [ -7878179.094100000336766, -3679748.983199998736382 ], [ -7878142.079199999570847, -3679696.074200000613928 ], [ -7878135.820299999788404, -3679640.904100000858307 ], [ -7878129.174100000411272, -3679598.088300000876188 ], [ -7878076.208100000396371, -3679620.111999999731779 ], [ -7878035.137700000777841, -3679651.9391999989748 ], [ -7878021.432, -3679702.728000000119209 ], [ -7878001.372999999672174, -3679751.855599999427795 ], [ -7878051.714500000700355, -3679826.3059 ], [ -7878088.540100000798702, -3679865.106800001114607 ] ] ] ] } },
{ "type": "Feature", "properties": { "objectid": 13678, "st_area_sh": 40525.836951500001, "st_length_": 895.85096114099997, "Nombre": null, "Tipo": "Laguna", "objectid_2": 63, "shape_leng": 360387.69314500003, "dis_elec": 5, "cir_sena": 5, "cod_comuna": 4201, "codregion": 4, "st_area_sh_2": 3629836947.5, "st_length__2": 423986.08528200001, "Region": "Región de Coquimbo", "Comuna": "Illapel", "Provincia": "Choapa" }, "geometry": { "type": "MultiPolygon", "coordinates": [ [ [ [ -7851863.877399999648333, -3680431.298099998384714 ], [ -7851911.819399999454618, -3680407.103900000452995 ], [ -7851970.903300000354648, -3680405.687600001692772 ], [ -7852021.620799999684095, -3680394.39130000025034 ], [ -7852064.9506, -3680367.320900000631809 ], [ -7852095.173000000417233, -3680339.258299998939037 ], [ -7852097.440099999308586, -3680283.949400000274181 ], [ -7852052.157400000840425, -3680265.178899999707937 ], [ -7851997.929300000891089, -3680265.939399998635054 ], [ -7851944.286699999123812, -3680271.984000001102686 ], [ -7851897.466199999675155, -3680287.341600000858307 ], [ -7851861.559299999848008, -3680314.307199999690056 ], [ -7851807.180500000715256, -3680312.128699999302626 ], [ -7851754.56110000051558, -3680312.865600001066923 ], [ -7851719.247500000521541, -3680350.995700001716614 ], [ -7851770.17960000038147, -3680407.912200000137091 ], [ -7851820.740000000223517, -3680419.553300000727177 ], [ -7851863.877399999648333, -3680431.298099998384714 ] ] ] ] } },
{ "type": "Feature", "properties": { "objectid": 13679, "st_area_sh": 43534.5461115, "st_length_": 796.852752979, "Nombre": null, "Tipo": "Laguna", "objectid_2": 63, "shape_leng": 360387.69314500003, "dis_elec": 5, "cir_sena": 5, "cod_comuna": 4201, "codregion": 4, "st_area_sh_2": 3629836947.5, "st_length__2": 423986.08528200001, "Region": "Región de Coquimbo", "Comuna": "Illapel", "Provincia": "Choapa" }, "geometry": { "type": "MultiPolygon", "coordinates": [ [ [ [ -7877159.190500000491738, -3680894.439100001007318 ], [ -7877230.557199999690056, -3680876.825199998915195 ], [ -7877279.509099999442697, -3680857.2195999994874 ], [ -7877320.7741, -3680770.700300000607967 ], [ -7877299.013299999758601, -3680688.136599998921156 ], [ -7877283.874299999326468, -3680637.808899998664856 ], [ -7877259.9013, -3680599.972300000488758 ], [ -7877206.755200000479817, -3680597.299499999731779 ], [ -7877158.07039999961853, -3680619.840199999511242 ], [ -7877140.748999999836087, -3680668.926199998706579 ], [ -7877133.611600000411272, -3680721.3766999989748 ], [ -7877128.814300000667572, -3680773.789900001138449 ], [ -7877133.1754, -3680847.813700001686811 ], [ -7877159.190500000491738, -3680894.439100001007318 ] ] ] ] } },
{ "type": "Feature", "properties": { "objectid": 13680, "st_area_sh": 7983.1283804000004, "st_length_": 352.170751279, "Nombre": null, "Tipo": "Laguna", "objectid_2": 63, "shape_leng": 360387.69314500003, "dis_elec": 5, "cir_sena": 5, "cod_comuna": 4201, "codregion": 4, "st_area_sh_2": 3629836947.5, "st_length__2": 423986.08528200001, "Region": "Región de Coquimbo", "Comuna": "Illapel", "Provincia": "Choapa" }, "geometry": { "type": "MultiPolygon", "coordinates": [ [ [ [ -7876360.999199999496341, -3680810.815600000321865 ], [ -7876418.029799999669194, -3680809.313499998301268 ], [ -7876425.539899999275804, -3680713.341699998825788 ], [ -7876390.439799999818206, -3680688.6184 ], [ -7876343.406300000846386, -3680707.013300001621246 ], [ -7876350.344000000506639, -3680763.942499998956919 ], [ -7876360.999199999496341, -3680810.815600000321865 ] ] ] ] } },
{ "type": "Feature", "properties": { "objectid": 13681, "st_area_sh": 45461.352540499996, "st_length_": 814.92224748599995, "Nombre": null, "Tipo": "Laguna", "objectid_2": 63, "shape_leng": 360387.69314500003, "dis_elec": 5, "cir_sena": 5, "cod_comuna": 4201, "codregion": 4, "st_area_sh_2": 3629836947.5, "st_length__2": 423986.08528200001, "Region": "Región de Coquimbo", "Comuna": "Illapel", "Provincia": "Choapa" }, "geometry": { "type": "MultiPolygon", "coordinates": [ [ [ [ -7876840.142899999395013, -3681870.480099998414516 ], [ -7876893.832000000402331, -3681893.14130000025034 ], [ -7876941.023, -3681870.623100001364946 ], [ -7876987.99349999986589, -3681845.756000000983477 ], [ -7877039.027300000190735, -3681832.585299998521805 ], [ -7877064.0296, -3681783.371300000697374 ], [ -7877094.107899999246001, -3681740.544700000435114 ], [ -7877081.0976, -3681688.414000000804663 ], [ -7877036.414799999445677, -3681668.549600001424551 ], [ -7876944.83669999986887, -3681627.6798 ], [ -7876897.4068, -3681644.320500001311302 ], [ -7876867.429199999198318, -3681688.9087999984622 ], [ -7876854.448200000450015, -3681739.693199999630451 ], [ -7876846.367799999192357, -3681792.751400001347065 ], [ -7876840.142899999395013, -3681870.480099998414516 ] ] ] ] } },
{ "type": "Feature", "properties": { "objectid": 13684, "st_area_sh": 17351.459132, "st_length_": 657.07122402599998, "Nombre": null, "Tipo": "Laguna", "objectid_2": 63, "shape_leng": 360387.69314500003, "dis_elec": 5, "cir_sena": 5, "cod_comuna": 4201, "codregion": 4, "st_area_sh_2": 3629836947.5, "st_length__2": 423986.08528200001, "Region": "Región de Coquimbo", "Comuna": "Illapel", "Provincia": "Choapa" }, "geometry": { "type": "MultiPolygon", "coordinates": [ [ [ [ -7879973.669299999251962, -3683596.4814000017941 ], [ -7879906.794199999421835, -3683621.100400000810623 ], [ -7879900.729599999263883, -3683675.899999998509884 ], [ -7879942.89049999974668, -3683679.328899998217821 ], [ -7879937.110500000417233, -3683735.888599999248981 ], [ -7879951.044399999082088, -3683823.888700000941753 ], [ -7879973.916799999773502, -3683788.22410000115633 ], [ -7880009.401100000366569, -3683758.8235 ], [ -7880046.34180000051856, -3683733.516399998217821 ], [ -7880051.9463, -3683675.195000000298023 ], [ -7880029.688500000163913, -3683640.267900001257658 ], [ -7879971.561300000175834, -3683647.098999999463558 ], [ -7879973.669299999251962, -3683596.4814000017941 ] ] ] ] } },
{ "type": "Feature", "properties": { "objectid": 13685, "st_area_sh": 37441.906509400011, "st_length_": 1022.18291808, "Nombre": null, "Tipo": "Laguna", "objectid_2": 63, "shape_leng": 360387.69314500003, "dis_elec": 5, "cir_sena": 5, "cod_comuna": 4201, "codregion": 4, "st_area_sh_2": 3629836947.5, "st_length__2": 423986.08528200001, "Region": "Región de Coquimbo", "Comuna": "Illapel", "Provincia": "Choapa" }, "geometry": { "type": "MultiPolygon", "coordinates": [ [ [ [ -7869587.060499999672174, -3700014.202100001275539 ], [ -7869586.673100000247359, -3700086.651500001549721 ], [ -7869620.512900000438094, -3700138.54450000077486 ], [ -7869656.473400000482798, -3700156.833000000566244 ], [ -7869653.186799999326468, -3700097.986600000411272 ], [ -7869686.644799999892712, -3700077.441599998623133 ], [ -7869741.660599999129772, -3700079.531300000846386 ], [ -7869798.461400000378489, -3700083.359900001436472 ], [ -7869848.684000000357628, -3700119.095100000500679 ], [ -7869904.900100000202656, -3700115.864700000733137 ], [ -7869908.204700000584126, -3700054.560199998319149 ], [ -7869900.795199999585748, -3700008.73589999973774 ], [ -7869870.0449, -3699986.2445 ], [ -7869826.338899999856949, -3699969.255300000309944 ], [ -7869798.995899999514222, -3699999.128899998962879 ], [ -7869757.600700000301003, -3700018.030600000172853 ], [ -7869728.939200000837445, -3699988.438799999654293 ], [ -7869687.127599999308586, -3699977.898200001567602 ], [ -7869657.357100000604987, -3699957.158100001513958 ], [ -7869620.71000000089407, -3699941.825399998575449 ], [ -7869606.695499999448657, -3699980.914900001138449 ], [ -7869587.060499999672174, -3700014.202100001275539 ] ] ] ] } },
{ "type": "Feature", "properties": { "objectid": 18055, "st_area_sh": 716550.33643799997, "st_length_": 5138.4962338200003, "Nombre": "El Bato", "Tipo": "Embalse", "objectid_2": 63, "shape_leng": 360387.69314500003, "dis_elec": 5, "cir_sena": 5, "cod_comuna": 4201, "codregion": 4, "st_area_sh_2": 3629836947.5, "st_length__2": 423986.08528200001, "Region": "Región de Coquimbo", "Comuna": "Illapel", "Provincia": "Choapa" }, "geometry": { "type": "MultiPolygon", "coordinates": [ [ [ [ -7887829.772600000724196, -3704813.320599999278784 ], [ -7887787.849199999123812, -3704871.523899998515844 ], [ -7887780.700200000777841, -3704871.645799998193979 ], [ -7887780.82149999961257, -3704878.829799998551607 ], [ -7887773.672399999573827, -3704878.951699998229742 ], [ -7887766.523399999365211, -3704879.073600001633167 ], [ -7887759.495799999684095, -3704886.3794 ], [ -7887745.31900000013411, -3704893.807100001722574 ], [ -7887745.440300000831485, -3704900.991099998354912 ], [ -7887738.291300000622869, -3704901.113000001758337 ], [ -7887738.412599999457598, -3704908.296999998390675 ], [ -7887731.263499999418855, -3704908.4189000017941 ], [ -7887731.384800000116229, -3704915.602899998426437 ], [ -7887724.35700000077486, -3704922.9087999984622 ], [ -7887717.208000000566244, -3704923.030699998140335 ], [ -7887717.329299999400973, -3704930.214699998497963 ], [ -7887703.273700000718236, -3704944.826499998569489 ], [ -7887703.516200000420213, -3704959.194600000977516 ], [ -7887703.637499999254942, -3704966.378699999302626 ], [ -7887703.75870000012219, -3704973.562600001692772 ], [ -7887703.880000000819564, -3704980.7467 ], [ -7887711.029100000858307, -3704980.624800000339746 ], [ -7887718.2994, -3704987.686999998986721 ], [ -7887725.690999999642372, -3705001.933299999684095 ], [ -7887747.259600000455976, -3705008.751800000667572 ], [ -7887754.529999999329448, -3705015.813999999314547 ], [ -7887761.679099999368191, -3705015.692099999636412 ], [ -7887761.8004, -3705022.876200001686811 ], [ -7887776.098500000312924, -3705022.632399998605251 ], [ -7887790.51799999922514, -3705029.572700001299381 ], [ -7887797.667099999263883, -3705029.450800001621246 ], [ -7887811.965299999341369, -3705029.206900000572205 ], [ -7887819.114399999380112, -3705029.08500000089407 ], [ -7887826.263499999418855, -3705028.963100001215935 ], [ -7887833.412699999287724, -3705028.8412000015378 ], [ -7887840.561599999666214, -3705028.719200000166893 ], [ -7887847.710699999704957, -3705028.597300000488758 ], [ -7887862.00899999961257, -3705028.353399999439716 ], [ -7887876.185799999162555, -3705020.9254 ], [ -7887890.362600000575185, -3705013.497400000691414 ], [ -7887897.511700000613928, -3705013.375399999320507 ], [ -7887911.809900000691414, -3705013.131499998271465 ], [ -7887918.95890000090003, -3705013.009500000625849 ], [ -7887933.257099999114871, -3705012.765500001609325 ], [ -7887940.406199999153614, -3705012.643500000238419 ], [ -7887947.555299999192357, -3705012.521499998867512 ], [ -7887954.704299999400973, -3705012.399500001221895 ], [ -7887961.853399999439716, -3705012.277499999850988 ], [ -7887969.1239, -3705019.339600000530481 ], [ -7887976.394500000402331, -3705026.401700001209974 ], [ -7887990.692700000479817, -3705026.157600000500679 ], [ -7887997.96309999935329, -3705033.219700001180172 ], [ -7888005.2336, -3705040.281599998474121 ], [ -7888026.6809, -3705039.915500000119209 ], [ -7888040.979100000113249, -3705039.671399999409914 ], [ -7888055.2774, -3705039.427299998700619 ], [ -7888062.4265, -3705039.30519999936223 ], [ -7888069.575400000438094, -3705039.1831 ], [ -7888076.724500000476837, -3705039.061099998652935 ], [ -7888091.022700000554323, -3705038.8169 ], [ -7888112.470100000500679, -3705038.450599998235703 ], [ -7888119.619200000539422, -3705038.328499998897314 ], [ -7888126.64670000039041, -3705031.02250000089407 ], [ -7888133.795800000429153, -3705030.900299999862909 ], [ -7888140.823400000110269, -3705023.594200000166893 ], [ -7888162.027499999850988, -3705008.8596 ], [ -7888176.20409999974072, -3705001.43129999935627 ], [ -7888190.502299999818206, -3705001.186999998986721 ], [ -7888197.651399999856949, -3705001.064899999648333 ], [ -7888204.92200000025332, -3705008.126800000667572 ], [ -7888212.192600000649691, -3705015.188700001686811 ], [ -7888219.463199999183416, -3705022.250599998980761 ], [ -7888226.855399999767542, -3705036.496500000357628 ], [ -7888234.1261, -3705043.558400001376867 ], [ -7888241.39670000039041, -3705050.620400000363588 ], [ -7888248.667400000616908, -3705057.682300001382828 ], [ -7888262.965600000694394, -3705057.437899999320507 ], [ -7888270.236300000920892, -3705064.499800000339746 ], [ -7888298.832699999213219, -3705064.011 ], [ -7888320.401599999517202, -3705070.828499998897314 ], [ -7888334.699799999594688, -3705070.583999998867512 ], [ -7888349.119699999690056, -3705077.523600000888109 ], [ -7888356.268799999728799, -3705077.401399999856949 ], [ -7888377.716099999845028, -3705077.034600000828505 ], [ -7888392.136, -3705083.974199999123812 ], [ -7888413.705, -3705090.791499998420477 ], [ -7888420.97580000013113, -3705097.853399999439716 ], [ -7888435.395700000226498, -3705104.792899999767542 ], [ -7888435.517400000244379, -3705111.97690000012517 ], [ -7888435.63910000026226, -3705119.160999998450279 ], [ -7888435.760800000280142, -3705126.345100000500679 ], [ -7888428.73340000025928, -3705133.651599999517202 ], [ -7888421.58420000039041, -3705133.773800000548363 ], [ -7888414.435100000351667, -3705133.896099999547005 ], [ -7888400.136800000444055, -3705134.140700001269579 ], [ -7888392.987600000575185, -3705134.262899998575449 ], [ -7888385.838500000536442, -3705134.385200001299381 ], [ -7888378.689300000667572, -3705134.507500000298023 ], [ -7888364.269500000402331, -3705127.567800000309944 ], [ -7888349.971200000494719, -3705127.812300000339746 ], [ -7888335.672900000587106, -3705128.056800000369549 ], [ -7888328.523800000548363, -3705128.179000001400709 ], [ -7888307.076400000602007, -3705128.545699998736382 ], [ -7888285.629000000655651, -3705128.912300001829863 ], [ -7888278.479900000616908, -3705129.034499999135733 ], [ -7888264.181600000709295, -3705129.278900001198053 ], [ -7888257.032400000840425, -3705129.401099998503923 ], [ -7888249.883300000801682, -3705129.523299999535084 ], [ -7888235.706599999219179, -3705136.9518 ], [ -7888221.408299999311566, -3705137.196100000292063 ], [ -7888207.231599999591708, -3705144.624600000679493 ], [ -7888200.082499999552965, -3705144.746800001710653 ], [ -7888193.176400000229478, -3705159.237199999392033 ], [ -7888186.148800000548363, -3705166.543499998748302 ], [ -7888179.121200000867248, -3705173.849800001829863 ], [ -7888179.24269999936223, -3705181.034000001847744 ], [ -7888172.215099999681115, -3705188.340300001204014 ], [ -7888165.187400000169873, -3705195.646499998867512 ], [ -7888165.309000000357628, -3705202.830699998885393 ], [ -7888158.281300000846386, -3705210.136999998241663 ], [ -7888158.402899999171495, -3705217.321199998259544 ], [ -7888158.524399999529123, -3705224.505399998277426 ], [ -7888158.645899999886751, -3705231.689599998295307 ], [ -7888158.7675, -3705238.873799998313189 ], [ -7888166.038200000301003, -3705245.9358000010252 ], [ -7888166.159800000488758, -3705253.120000001043081 ], [ -7888166.281300000846386, -3705260.304200001060963 ], [ -7888173.55210000090301, -3705267.3662 ], [ -7888173.673599999397993, -3705274.5504 ], [ -7888180.82289999909699, -3705274.428300000727177 ], [ -7888188.093699999153614, -3705281.49040000140667 ], [ -7888188.215199999511242, -3705288.674600001424551 ], [ -7888195.364499999210238, -3705288.552400000393391 ], [ -7888195.485999999567866, -3705295.736699998378754 ], [ -7888202.635299999266863, -3705295.614500001072884 ], [ -7888209.906099999323487, -3705302.676600001752377 ], [ -7888217.055299999192357, -3705302.554400000721216 ], [ -7888224.447599999606609, -3705316.800700001418591 ], [ -7888231.596899999305606, -3705316.67850000038743 ], [ -7888253.166300000622869, -3705323.496199999004602 ], [ -7888267.586400000378489, -3705330.436099998652935 ], [ -7888274.857300000265241, -3705337.498100001364946 ], [ -7888289.155799999833107, -3705337.253699999302626 ], [ -7888296.305099999532104, -3705337.131499998271465 ], [ -7888296.426699999719858, -3705344.315600000321865 ], [ -7888310.725099999457598, -3705344.071199998259544 ], [ -7888317.874399999156594, -3705343.949000000953674 ], [ -7888332.294600000604987, -3705350.888799998909235 ], [ -7888339.443900000303984, -3705350.7665 ], [ -7888346.593100000172853, -3705350.644299998879433 ], [ -7888346.714800000190735, -3705357.828499998897314 ], [ -7888368.162599999457598, -3705357.461800001561642 ], [ -7888382.461100000888109, -3705357.217300001531839 ], [ -7888389.73200000077486, -3705364.279199998825788 ], [ -7888396.881300000473857, -3705364.157000001519918 ], [ -7888404.030600000172853, -3705364.034699998795986 ], [ -7888411.17989999987185, -3705363.912399999797344 ], [ -7888411.3015, -3705371.096700001507998 ], [ -7888418.450799999758601, -3705370.974399998784065 ], [ -7888432.749399999156594, -3705370.729800000786781 ], [ -7888447.169700000435114, -3705377.66950000077486 ], [ -7888468.739099999889731, -3705384.4868 ], [ -7888490.308700000867248, -3705391.304099999368191 ], [ -7888511.7566, -3705390.937100000679493 ], [ -7888526.176999999210238, -3705397.876600001007318 ], [ -7888554.8958, -3705404.57149999961257 ], [ -7888562.166899999603629, -3705411.633299998939037 ], [ -7888576.465500000864267, -3705411.3885000012815 ], [ -7888583.736600000411272, -3705418.450399998575449 ], [ -7888605.184399999678135, -3705418.083200000226498 ], [ -7888626.754100000485778, -3705424.900299999862909 ], [ -7888648.201999999582767, -3705424.532999999821186 ], [ -7888655.351299999281764, -3705424.410599999129772 ], [ -7888676.9211, -3705431.227600000798702 ], [ -7888698.368899999186397, -3705430.860199999064207 ], [ -7888719.938699999824166, -3705437.677099999040365 ], [ -7888734.237299999222159, -3705437.432199999690056 ], [ -7888741.386700000613928, -3705437.30970000103116 ], [ -7888755.685200000181794, -3705437.0647 ], [ -7888777.133099999278784, -3705436.697200000286102 ], [ -7888784.282400000840425, -3705436.574700001627207 ], [ -7888805.85219999961555, -3705443.3915 ], [ -7888820.27280000038445, -3705450.330699998885393 ], [ -7888848.869899999350309, -3705449.840599998831749 ], [ -7888870.317900000140071, -3705449.472899999469519 ], [ -7888884.616499999538064, -3705449.227800000458956 ], [ -7888906.064500000327826, -3705448.859999999403954 ], [ -7888948.960200000554323, -3705448.124499998986721 ], [ -7888991.855900000780821, -3705447.388799998909235 ], [ -7889041.901100000366569, -3705446.530299998819828 ], [ -7889049.0504, -3705446.407600000500679 ], [ -7889284.976800000295043, -3705442.3574 ], [ -7889284.854599999263883, -3705435.173099998384714 ], [ -7889292.003900000825524, -3705435.050299998372793 ], [ -7889299.030999999493361, -3705427.743200000375509 ], [ -7889306.058000000193715, -3705420.436099998652935 ], [ -7889313.085100000724196, -3705413.129000000655651 ], [ -7889312.962899999693036, -3705405.94480000063777 ], [ -7889320.112099999561906, -3705405.822000000625849 ], [ -7889319.989900000393391, -3705398.637699998915195 ], [ -7889327.0168999992311, -3705391.330699998885393 ], [ -7889334.043999999761581, -3705384.023699998855591 ], [ -7889333.921700000762939, -3705376.839400000870228 ], [ -7889340.948799999430776, -3705369.532400000840425 ], [ -7889340.826500000432134, -3705362.348099999129772 ], [ -7889340.582100000232458, -3705347.979699999094009 ], [ -7889340.459799999371171, -3705340.795499999076128 ], [ -7889340.337600000202656, -3705333.611200001090765 ], [ -7889353.046900000423193, -3705239.971400000154972 ], [ -7889352.802400000393391, -3705225.603100001811981 ], [ -7889359.829199999570847, -3705218.296100001782179 ], [ -7889366.856200000271201, -3705210.989100001752377 ], [ -7889366.611700000241399, -3705196.620799999684095 ], [ -7889366.489399999380112, -3705189.436700001358986 ], [ -7889373.394099999219179, -3705174.945599999278784 ], [ -7889380.29869999922812, -3705160.454599998891354 ], [ -7889387.0811, -3705138.779500000178814 ], [ -7889386.958799999207258, -3705131.595400001853704 ], [ -7889393.618899999186397, -3705102.736200001090765 ], [ -7889400.523499999195337, -3705088.245299998670816 ], [ -7889400.156700000166893, -3705066.69310000166297 ], [ -7889407.061200000345707, -3705052.202100001275539 ], [ -7889413.965700000524521, -3705037.711199998855591 ], [ -7889413.598899999633431, -3705016.159099999815226 ], [ -7889420.503399999812245, -3705001.668299999088049 ], [ -7889420.38120000064373, -3704994.484299998730421 ], [ -7889427.4079, -3704987.177400000393391 ], [ -7889434.434599999338388, -3704979.87049999833107 ], [ -7889441.094499999657273, -3704951.011700000613928 ], [ -7889455.147900000214577, -3704936.397999998182058 ], [ -7889455.02559999935329, -3704929.214099999517202 ], [ -7889461.929999999701977, -3704914.723200000822544 ], [ -7889475.98340000025928, -3704900.109499998390675 ], [ -7889475.861099999397993, -3704892.925599999725819 ], [ -7889482.7654, -3704878.434799998998642 ], [ -7889482.643100000917912, -3704871.250799998641014 ], [ -7889482.398499999195337, -3704856.883099999278784 ], [ -7889482.276200000196695, -3704849.699200000613928 ], [ -7889482.031600000336766, -3704835.331300001591444 ], [ -7889481.909299999475479, -3704828.147399999201298 ], [ -7889474.76039999909699, -3704828.270300000905991 ], [ -7889467.611500000581145, -3704828.393199998885393 ], [ -7889453.191299999132752, -3704821.454999998211861 ], [ -7889446.042400000616908, -3704821.5779 ], [ -7889438.893500000238419, -3704821.700800001621246 ], [ -7889424.59569999948144, -3704821.94649999961257 ], [ -7889403.149000000208616, -3704822.315099999308586 ], [ -7889381.702199999243021, -3704822.683600001037121 ], [ -7889374.553300000727177, -3704822.806499999016523 ], [ -7889367.40430000051856, -3704822.929299999028444 ], [ -7889360.255400000140071, -3704823.052099999040365 ], [ -7889353.106499999761581, -3704823.174899999052286 ], [ -7889338.808700000867248, -3704823.4206000007689 ], [ -7889324.388699999079108, -3704816.482299998402596 ], [ -7889317.117499999701977, -3704809.42119999974966 ], [ -7889302.819700000807643, -3704809.666799999773502 ], [ -7889295.548599999397993, -3704802.605599999427795 ], [ -7889288.399599999189377, -3704802.728399999439716 ], [ -7889273.979599999263883, -3704795.790100000798702 ], [ -7889259.559699999168515, -3704788.851799998432398 ], [ -7889245.261900000274181, -3704789.09739999845624 ], [ -7889230.964099999517202, -3704789.3429000005126 ], [ -7889223.815199999138713, -3704789.465599998831749 ], [ -7889216.666300000622869, -3704789.588300000876188 ], [ -7889209.517300000414252, -3704789.711100000888109 ], [ -7889202.3684, -3704789.833799999207258 ], [ -7889195.2195999994874, -3704789.956500001251698 ], [ -7889180.921800000593066, -3704790.201999999582767 ], [ -7889166.623999999836087, -3704790.4474 ], [ -7889152.326099999248981, -3704790.692800000309944 ], [ -7889145.177200000733137, -3704790.815499998629093 ], [ -7889130.8794, -3704791.060899998992682 ], [ -7889123.730399999767542, -3704791.183600001037121 ], [ -7889116.703700000420213, -3704798.4901 ], [ -7889109.5548, -3704798.612799998372793 ], [ -7889102.527899999171495, -3704805.919300001114607 ], [ -7889095.379000000655651, -3704806.041999999433756 ], [ -7889088.230100000277162, -3704806.164700001478195 ], [ -7889074.054300000891089, -3704813.593899998813868 ], [ -7889066.9054000005126, -3704813.716600000858307 ], [ -7889059.756400000303984, -3704813.839200001209974 ], [ -7889045.7028, -3704828.452399998903275 ], [ -7889031.404899999499321, -3704828.697599999606609 ], [ -7889024.377900000661612, -3704836.004200000315905 ], [ -7889010.08, -3704836.249499998986721 ], [ -7889003.053099999204278, -3704843.556000001728535 ], [ -7888996.026200000196695, -3704850.86259999871254 ], [ -7888988.8772, -3704850.985199999064207 ], [ -7888967.552500000223517, -3704858.536899998784065 ], [ -7888953.498500000685453, -3704873.149900000542402 ], [ -7888932.051599999889731, -3704873.517700001597404 ], [ -7888932.173599999397993, -3704880.70160000026226 ], [ -7888917.875600000843406, -3704880.946800000965595 ], [ -7888910.726600000634789, -3704881.069299999624491 ], [ -7888896.672700000926852, -3704895.682399999350309 ], [ -7888889.523700000718236, -3704895.804900001734495 ], [ -7888882.37470000050962, -3704895.927499998360872 ], [ -7888868.198699999600649, -3704903.356600001454353 ], [ -7888854.022600000724196, -3704910.785599999129772 ], [ -7888846.995500000193715, -3704918.092099998146296 ], [ -7888825.670499999076128, -3704925.643699999898672 ], [ -7888811.4945, -3704933.072700001299381 ], [ -7888804.3454, -3704933.1952 ], [ -7888797.196399999782443, -3704933.317699998617172 ], [ -7888783.142200000584126, -3704947.930700000375509 ], [ -7888761.69510000012815, -3704948.298099998384714 ], [ -7888740.248199999332428, -3704948.665600001811981 ], [ -7888733.099099999293685, -3704948.787999998778105 ], [ -7888711.773900000378489, -3704956.339299999177456 ], [ -7888704.624900000169873, -3704956.46169999986887 ], [ -7888683.177799999713898, -3704956.829 ], [ -7888654.581800000742078, -3704957.31870000064373 ], [ -7888633.134700000286102, -3704957.686000000685453 ], [ -7888611.6875, -3704958.053100001066923 ], [ -7888583.091499999165535, -3704958.542700000107288 ], [ -7888554.495400000363588, -3704959.0320999994874 ], [ -7888547.346300000324845, -3704959.154500000178814 ], [ -7888518.628499999642372, -3704952.459899999201298 ], [ -7888504.33049999922514, -3704952.704599998891354 ], [ -7888482.761600000783801, -3704945.887499999254942 ], [ -7888475.490900000557303, -3704938.825800001621246 ], [ -7888468.341900000348687, -3704938.948100000619888 ], [ -7888461.192800000309944, -3704939.07039999961853 ], [ -7888446.77309999987483, -3704932.131000000983477 ], [ -7888439.502499999478459, -3704925.069299999624491 ], [ -7888432.353499999269843, -3704925.191599998623133 ], [ -7888417.933700000867248, -3704918.252099998295307 ], [ -7888410.66300000064075, -3704911.190400000661612 ], [ -7888396.365000000223517, -3704911.434900000691414 ], [ -7888388.972699999809265, -3704897.1891999989748 ], [ -7888374.674699999392033, -3704897.433699999004602 ], [ -7888367.525800000876188, -3704897.5559 ], [ -7888360.255100000649691, -3704890.494199998676777 ], [ -7888353.106100000441074, -3704890.616399999707937 ], [ -7888345.957100000232458, -3704890.738600000739098 ], [ -7888338.8081, -3704890.86089999973774 ], [ -7888331.659099999815226, -3704890.9831000007689 ], [ -7888324.510099999606609, -3704891.10530000180006 ], [ -7888317.117799999192357, -3704876.859700001776218 ], [ -7888309.968800000846386, -3704876.981899999082088 ], [ -7888295.670800000429153, -3704877.226300001144409 ], [ -7888281.25139999948442, -3704870.286699999123812 ], [ -7888266.953400000929832, -3704870.531100001186132 ], [ -7888252.6554000005126, -3704870.775400001555681 ], [ -7888245.506400000303984, -3704870.897599998861551 ], [ -7888231.208399999886751, -3704871.1418999992311 ], [ -7888223.93779999949038, -3704864.0801 ], [ -7888216.667300000786781, -3704857.018300000578165 ], [ -7888202.369400000199676, -3704857.262600000947714 ], [ -7888202.2478, -3704850.078600000590086 ], [ -7888195.098799999803305, -3704850.2007 ], [ -7888187.828299999237061, -3704843.138900000602007 ], [ -7888180.557800000533462, -3704836.077100001275539 ], [ -7888173.2873, -3704829.0152000002563 ], [ -7888151.840399999171495, -3704829.3816 ], [ -7888108.946599999442697, -3704830.114199999719858 ], [ -7888058.903899999335408, -3704830.968699999153614 ], [ -7888051.754899999126792, -3704831.090799998492002 ], [ -7887829.772600000724196, -3704813.320599999278784 ] ] ] ] } },
{ "type": "Feature", "properties": { "objectid": 13730, "st_area_sh": 28180.005085600002, "st_length_": 715.09846671800005, "Nombre": null, "Tipo": "Laguna", "objectid_2": 68, "shape_leng": 494791.93263300002, "dis_elec": 5, "cir_sena": 5, "cod_comuna": 4104, "codregion": 4, "st_area_sh_2": 5497440452.54, "st_length__2": 594936.47931199998, "Region": "Región de Coquimbo", "Comuna": "La Higuera", "Provincia": "Elqui" }, "geometry": { "type": "MultiPolygon", "coordinates": [ [ [ [ -7928770.150100000202656, -3434155.129000000655651 ], [ -7928748.934100000187755, -3434263.382599998265505 ], [ -7928770.627000000327826, -3434295.262200001627207 ], [ -7928788.354699999094009, -3434326.0647 ], [ -7928892.854000000283122, -3434324.056699998676777 ], [ -7928921.602800000458956, -3434289.477600000798702 ], [ -7928961.823599999770522, -3434275.439899999648333 ], [ -7928958.007200000807643, -3434221.878499999642372 ], [ -7928918.473899999633431, -3434204.183400001376867 ], [ -7928918.694599999114871, -3434151.698100000619888 ], [ -7928864.9858, -3434150.42339999973774 ], [ -7928844.4594, -3434191.187899999320507 ], [ -7928817.844399999827147, -3434158.826499998569489 ], [ -7928770.150100000202656, -3434155.129000000655651 ] ] ] ] } },
{ "type": "Feature", "properties": { "objectid": 13635, "st_area_sh": 40206.653862599997, "st_length_": 876.14816379700005, "Nombre": null, "Tipo": "Laguna", "objectid_2": 73, "shape_leng": 383407.33258799999, "dis_elec": 5, "cir_sena": 5, "cod_comuna": 4303, "codregion": 4, "st_area_sh_2": 5729658414.3100004, "st_length__2": 446491.20105799998, "Region": "Región de Coquimbo", "Comuna": "Monte Patria", "Provincia": "Limarí" }, "geometry": { "type": "MultiPolygon", "coordinates": [ [ [ [ -7851822.71199999935925, -3581766.60080000013113 ], [ -7851834.6502, -3581723.844700001180172 ], [ -7851867.229900000616908, -3581699.476500000804663 ], [ -7851904.838300000876188, -3581682.040699999779463 ], [ -7851904.7675, -3581626.030099999159575 ], [ -7851866.296299999579787, -3581611.971099998801947 ], [ -7851871.574300000444055, -3581557.054400000721216 ], [ -7851866.74860000051558, -3581511.611600000411272 ], [ -7851836.8421, -3581486.933200001716614 ], [ -7851795.453400000929832, -3581471.747299998998642 ], [ -7851738.939600000157952, -3581478.355900000780821 ], [ -7851724.510800000280142, -3581519.394799999892712 ], [ -7851703.23589999973774, -3581550.609000001102686 ], [ -7851682.902799999341369, -3581587.061299998313189 ], [ -7851657.799499999731779, -3581614.24379999935627 ], [ -7851727.79450000077486, -3581633.122699998319149 ], [ -7851727.6469, -3581689.136399999260902 ], [ -7851762.932299999520183, -3581709.074000000953674 ], [ -7851793.708499999716878, -3581738.992199998348951 ], [ -7851822.71199999935925, -3581766.60080000013113 ] ] ] ] } },
{ "type": "Feature", "properties": { "objectid": 13647, "st_area_sh": 34741087.127400003, "st_length_": 88191.655861499996, "Nombre": "Embalse La Paloma", "Tipo": "Embalse", "objectid_2": 73, "shape_leng": 383407.33258799999, "dis_elec": 5, "cir_sena": 5, "cod_comuna": 4303, "codregion": 4, "st_area_sh_2": 5729658414.3100004, "st_length__2": 446491.20105799998, "Region": "Región de Coquimbo", "Comuna": "Monte Patria", "Provincia": "Limarí" }, "geometry": { "type": "MultiPolygon", "coordinates": [ [ [ [ -7900083.362400000914931, -3593834.681800000369549 ], [ -7900134.2972, -3593819.185100000351667 ], [ -7900167.002100000157952, -3593853.645399998873472 ], [ -7900213.413100000470877, -3593859.834300000220537 ], [ -7900226.943499999120831, -3593896.38459999859333 ], [ -7900281.124199999496341, -3593883.749699998646975 ], [ -7900301.771099999547005, -3593849.51630000025034 ], [ -7900318.978800000622869, -3593886.585499998182058 ], [ -7900373.167199999094009, -3593882.709399998188019 ], [ -7900396.655899999663234, -3593919.667700000107288 ], [ -7900452.999900000169873, -3593922.760600000619888 ], [ -7900470.841299999505281, -3593958.650699999183416 ], [ -7900470.447300000116229, -3594012.965599998831749 ], [ -7900463.657800000160933, -3594069.145500000566244 ], [ -7900436.589600000530481, -3594105.829 ], [ -7900438.420199999585748, -3594179.375999998301268 ], [ -7900428.370999999344349, -3594225.686799999326468 ], [ -7900390.600199999287724, -3594252.632199998944998 ], [ -7900392.166400000452995, -3594306.913699999451637 ], [ -7900338.964500000700355, -3594300.845199998468161 ], [ -7900331.440500000491738, -3594348.279699999839067 ], [ -7900333.4046, -3594406.642400000244379 ], [ -7900298.790899999439716, -3594418.932799998670816 ], [ -7900239.920700000599027, -3594443.914599999785423 ], [ -7900218.935799999162555, -3594477.571600001305342 ], [ -7900166.486300000920892, -3594485.50450000166893 ], [ -7900146.490499999374151, -3594523.815900001674891 ], [ -7900178.623299999162555, -3594552.44819999858737 ], [ -7900191.598500000312924, -3594592.514199998229742 ], [ -7900248.232799999415874, -3594589.179200001060963 ], [ -7900262.124900000169873, -3594633.90089999884367 ], [ -7900288.890599999576807, -3594660.875999998301268 ], [ -7900304.616599999368191, -3594696.221700001507998 ], [ -7900337.445900000631809, -3594723.089800000190735 ], [ -7900391.015000000596046, -3594720.976100001484156 ], [ -7900406.133099999278784, -3594761.004599999636412 ], [ -7900432.006400000303984, -3594790.915300000458956 ], [ -7900476.143699999898672, -3594797.727699998766184 ], [ -7900533.645600000396371, -3594792.03999999910593 ], [ -7900581.705299999564886, -3594794.694699998944998 ], [ -7900583.203299999237061, -3594836.715799998492002 ], [ -7900615.541600000113249, -3594802.272700000554323 ], [ -7900647.3355, -3594805.214699998497963 ], [ -7900675.121200000867248, -3594823.995299998670816 ], [ -7900700.272700000554323, -3594860.342300001531839 ], [ -7900725.316400000825524, -3594892.603300001472235 ], [ -7900763.541999999433756, -3594916.455200001597404 ], [ -7900788.343100000172853, -3594945.216400001198053 ], [ -7900827.897600000724196, -3594966.124699998646975 ], [ -7900856.582800000905991, -3594998.905299998819828 ], [ -7900913.6963, -3594993.806499999016523 ], [ -7900927.04759999923408, -3595034.450399998575449 ], [ -7900943.409, -3595068.616999998688698 ], [ -7901001.13990000076592, -3595063.506900001317263 ], [ -7901034.258300000801682, -3595083.944699998944998 ], [ -7901068.777000000700355, -3595105.525600001215935 ], [ -7901112.344900000840425, -3595090.1537000015378 ], [ -7901134.449100000783801, -3595054.137800000607967 ], [ -7901178.129599999636412, -3595067.963899999856949 ], [ -7901197.717499999329448, -3595103.825100000947714 ], [ -7901248.53319999948144, -3595104.092500001192093 ], [ -7901303.525100000202656, -3595100.197500001639128 ], [ -7901357.593499999493361, -3595097.486699998378754 ], [ -7901413.560100000351667, -3595095.3260000012815 ], [ -7901461.02419999986887, -3595099.155999999493361 ], [ -7901475.5417, -3595127.514699999243021 ], [ -7901528.598300000652671, -3595127.1570999994874 ], [ -7901583.8388, -3595125.008499998599291 ], [ -7901632.744999999180436, -3595128.228199999779463 ], [ -7901632.4857, -3595183.713599998503923 ], [ -7901682.630000000819564, -3595197.423300001770258 ], [ -7901683.677799999713898, -3595226.021200001239777 ], [ -7901671.080700000748038, -3595271.797899998724461 ], [ -7901645.488199999555945, -3595301.453099999576807 ], [ -7901621.606000000610948, -3595337.5022 ], [ -7901566.986500000581145, -3595341.975999999791384 ], [ -7901558.424100000411272, -3595390.017499998211861 ], [ -7901557.9364, -3595444.924100000411272 ], [ -7901533.106499999761581, -3595470.477800000458956 ], [ -7901584.429500000551343, -3595482.999200001358986 ], [ -7901605.148399999365211, -3595444.6699 ], [ -7901623.476399999111891, -3595404.631000000983477 ], [ -7901674.67820000089705, -3595397.881499998271465 ], [ -7901699.467299999669194, -3595365.904199998825788 ], [ -7901718.546399999409914, -3595329.356199998408556 ], [ -7901773.528000000864267, -3595328.963300000876188 ], [ -7901807.151599999517202, -3595258.284099999815226 ], [ -7901857.332000000402331, -3595245.127999998629093 ], [ -7901909.807199999690056, -3595248.86710000038147 ], [ -7901923.6074, -3595294.174800001084805 ], [ -7901979.13289999961853, -3595297.859400000423193 ], [ -7902024.82120000012219, -3595285.366500001400709 ], [ -7902041.185100000351667, -3595257.626800000667572 ], [ -7902051.928999999538064, -3595312.916900001466274 ], [ -7902083.145899999886751, -3595334.554000001400709 ], [ -7902140.505100000649691, -3595320.684900000691414 ], [ -7902167.188400000333786, -3595344.738499999046326 ], [ -7902210.606499999761581, -3595357.98200000077486 ], [ -7902230.4101, -3595395.590500000864267 ], [ -7902297.83669999986887, -3595347.084300000220537 ], [ -7902300.823799999430776, -3595390.832299999892712 ], [ -7902355.48960000090301, -3595386.938400000333786 ], [ -7902397.41440000012517, -3595397.8717 ], [ -7902424.653300000354648, -3595422.499099999666214 ], [ -7902443.393500000238419, -3595467.718699999153614 ], [ -7902417.880000000819564, -3595499.71059999987483 ], [ -7902402.220799999311566, -3595538.535199999809265 ], [ -7902359.290999999269843, -3595555.068900000303984 ], [ -7902368.118200000375509, -3595604.553899999707937 ], [ -7902424.646500000730157, -3595605.298599999397993 ], [ -7902441.846899999305606, -3595561.190000001341105 ], [ -7902493.136700000613928, -3595557.355599999427795 ], [ -7902549.020999999716878, -3595562.783399999141693 ], [ -7902577.365000000223517, -3595590.311099998652935 ], [ -7902547.566600000485778, -3595626.468299999833107 ], [ -7902544.002399999648333, -3595679.67850000038743 ], [ -7902543.653899999335408, -3595733.999699998646975 ], [ -7902547.377699999138713, -3595786.496399998664856 ], [ -7902581.899399999529123, -3595820.338899999856949 ], [ -7902586.542099999263883, -3595770.613000001758337 ], [ -7902612.485600000247359, -3595744.4527000002563 ], [ -7902624.073200000450015, -3595699.275499999523163 ], [ -7902644.476299999281764, -3595676.134300000965595 ], [ -7902640.099600000306964, -3595615.473299998790026 ], [ -7902646.339600000530481, -3595565.719700001180172 ], [ -7902683.070900000631809, -3595545.791499998420477 ], [ -7902742.026200000196695, -3595548.243500001728535 ], [ -7902795.933900000527501, -3595558.961800001561642 ], [ -7902818.484300000593066, -3595589.512499999254942 ], [ -7902825.1458, -3595631.443500000983477 ], [ -7902853.241499999538064, -3595661.311299998313189 ], [ -7902869.317700000479817, -3595703.658500000834465 ], [ -7902905.558599999174476, -3595717.611999999731779 ], [ -7902946.8256, -3595734.395700000226498 ], [ -7902969.128499999642372, -3595755.02250000089407 ], [ -7902999.90819999948144, -3595762.064899999648333 ], [ -7903057.21059999987483, -3595755.200399998575449 ], [ -7903080.933900000527501, -3595790.402499999850988 ], [ -7903133.556800000369549, -3595794.133900001645088 ], [ -7903146.7193, -3595831.86089999973774 ], [ -7903210.0493, -3595824.887899998575449 ], [ -7903215.6798, -3595872.094200000166893 ], [ -7903250.4013, -3595892.498500000685453 ], [ -7903269.378499999642372, -3595940.634300000965595 ], [ -7903285.8344, -3595897.704900000244379 ], [ -7903340.387599999085069, -3595899.648800000548363 ], [ -7903384.887700000777841, -3595908.196899998933077 ], [ -7903415.091600000858307, -3595929.849700000137091 ], [ -7903465.00760000012815, -3595928.371899999678135 ], [ -7903470.9145, -3595964.476700000464916 ], [ -7903496.306900000199676, -3595927.811299998313189 ], [ -7903553.028699999675155, -3595920.954799998551607 ], [ -7903559.278000000864267, -3595959.973700001835823 ], [ -7903600.801100000739098, -3595968.574299998581409 ], [ -7903655.162599999457598, -3595965.848000001162291 ], [ -7903711.427799999713898, -3595961.919100001454353 ], [ -7903763.066099999472499, -3595963.3293999992311 ], [ -7903774.783299999311566, -3596007.5066 ], [ -7903775.757799999788404, -3596062.389400001615286 ], [ -7903736.67710000090301, -3596082.947799999266863 ], [ -7903708.338899999856949, -3596109.153999999165535 ], [ -7903704.805500000715256, -3596161.781899999827147 ], [ -7903674.226099999621511, -3596192.700800001621246 ], [ -7903675.73450000025332, -3596246.990800000727177 ], [ -7903674.996799999848008, -3596303.657499998807907 ], [ -7903721.1272, -3596322.104400001466274 ], [ -7903740.377800000831485, -3596283.211399998515844 ], [ -7903740.648399999365211, -3596228.8893 ], [ -7903739.715500000864267, -3596172.252900000661612 ], [ -7903764.692600000649691, -3596136.761999998241663 ], [ -7903794.327500000596046, -3596105.859900001436472 ], [ -7903844.482799999415874, -3596101.456000000238419 ], [ -7903865.039899999275804, -3596066.6283 ], [ -7903921.445499999448657, -3596068.536499999463558 ], [ -7903947.615000000223517, -3596034.776200000196695 ], [ -7903988.24100000038743, -3596019.445900000631809 ], [ -7904013.855100000277162, -3595997.376400001347065 ], [ -7904041.352600000798702, -3596034.261599998921156 ], [ -7904095.963300000876188, -3596033.280900001525879 ], [ -7904149.4276, -3596031.152499999850988 ], [ -7904166.2917, -3596062.388000000268221 ], [ -7904200.355399999767542, -3596031.405600000172853 ], [ -7904250.1053, -3596020.582899998873472 ], [ -7904281.504200000315905, -3596052.140999998897314 ], [ -7904332.790100000798702, -3596058.227600000798702 ], [ -7904386.130000000819564, -3596057.268500000238419 ], [ -7904440.564200000837445, -3596054.537399999797344 ], [ -7904494.308399999514222, -3596051.818399999290705 ], [ -7904545.44370000064373, -3596051.482299998402596 ], [ -7904575.5406, -3596069.046100001782179 ], [ -7904611.556500000879169, -3596090.591499999165535 ], [ -7904663.869200000539422, -3596089.065699998289347 ], [ -7904716.187100000679493, -3596085.787399999797344 ], [ -7904783.218699999153614, -3596125.463300000876188 ], [ -7904836.905999999493361, -3596121.5757 ], [ -7904890.6919, -3596117.102099999785423 ], [ -7904921.059399999678135, -3596137.58049999922514 ], [ -7904958.620799999684095, -3596148.000199999660254 ], [ -7905012.936200000345707, -3596148.772999998182058 ], [ -7905035.633400000631809, -3596185.1587999984622 ], [ -7905059.974199999123812, -3596209.83390000090003 ], [ -7905111.17369999922812, -3596225.263700000941753 ], [ -7905127.701899999752641, -3596188.7544 ], [ -7905133.693800000473857, -3596141.9222999997437 ], [ -7905185.1294, -3596133.985500000417233 ], [ -7905244.014799999073148, -3596136.426899999380112 ], [ -7905278.641100000590086, -3596153.32319999858737 ], [ -7905298.30320000089705, -3596176.330200001597404 ], [ -7905316.363600000739098, -3596209.2949 ], [ -7905309.704199999570847, -3596265.484200000762939 ], [ -7905307.349899999797344, -3596318.675700001418591 ], [ -7905344.112400000914931, -3596320.932100001722574 ], [ -7905338.316600000485778, -3596260.879099998623133 ], [ -7905380.897199999541044, -3596247.260800000280142 ], [ -7905431.9543999992311, -3596240.497900001704693 ], [ -7905486.694900000467896, -3596236.588500000536442 ], [ -7905542.7116, -3596234.991900000721216 ], [ -7905597.46309999935329, -3596235.754200000315905 ], [ -7905648.433199999853969, -3596238.336800001561642 ], [ -7905661.915100000798702, -3596277.224500000476837 ], [ -7905702.325099999085069, -3596286.422499999403954 ], [ -7905730.583799999207258, -3596312.777800001204014 ], [ -7905754.212099999189377, -3596350.313900001347065 ], [ -7905803.562300000339746, -3596339.491900000721216 ], [ -7905805.463400000706315, -3596287.476599998772144 ], [ -7905819.202299999073148, -3596239.33559999987483 ], [ -7905817.824300000444055, -3596182.707600001245737 ], [ -7905822.568600000813603, -3596135.313900001347065 ], [ -7905867.591399999335408, -3596122.233899999409914 ], [ -7905926.709899999201298, -3596123.499800000339746 ], [ -7905974.682600000873208, -3596133.143899999558926 ], [ -7905994.7675, -3596165.486699998378754 ], [ -7906051.774599999189377, -3596164.454 ], [ -7906072.927500000223517, -3596130.780099999159575 ], [ -7906119.720000000670552, -3596125.259799998253584 ], [ -7906174.745999999344349, -3596127.182700000703335 ], [ -7906229.963999999687076, -3596129.6858000010252 ], [ -7906279.495799999684095, -3596127.035500001162291 ], [ -7906290.874199999496341, -3596087.114100001752377 ], [ -7906347.807499999180436, -3596081.993099998682737 ], [ -7906361.037799999117851, -3596124.97239999845624 ], [ -7906391.6053, -3596148.363600000739098 ], [ -7906385.737600000575185, -3596195.778000000864267 ], [ -7906369.549599999561906, -3596228.778499998152256 ], [ -7906326.036699999123812, -3596243.000999998301268 ], [ -7906298.591399999335408, -3596272.117400001734495 ], [ -7906291.7324, -3596318.966099999845028 ], [ -7906294.922499999403954, -3596373.225400000810623 ], [ -7906295.902499999850988, -3596425.772900000214577 ], [ -7906296.555700000375509, -3596478.326499998569489 ], [ -7906295.430600000545382, -3596535.0011 ], [ -7906286.398299999535084, -3596584.226399999111891 ], [ -7906236.4814, -3596589.804299999028444 ], [ -7906222.379899999126792, -3596633.8651 ], [ -7906223.914899999275804, -3596686.987700000405312 ], [ -7906195.565500000491738, -3596714.369100000709295 ], [ -7906199.414599999785423, -3596770.954500000923872 ], [ -7906165.187300000339746, -3596796.69029999896884 ], [ -7906147.118200000375509, -3596761.3893 ], [ -7906091.20409999974072, -3596768.827599998563528 ], [ -7906057.195699999108911, -3596741.9923 ], [ -7906017.927899999544024, -3596717.588599998503923 ], [ -7905985.453700000420213, -3596743.876200001686811 ], [ -7906025.9206000007689, -3596772.346799999475479 ], [ -7906024.487700000405312, -3596826.107900001108646 ], [ -7906024.942900000140071, -3596879.83500000089407 ], [ -7906025.398199999704957, -3596933.562300000339746 ], [ -7906024.416500000283122, -3596986.147700000554323 ], [ -7906020.524000000208616, -3597036.449700001627207 ], [ -7905991.500199999660254, -3597070.852699998766184 ], [ -7905964.333799999207258, -3597107.558499999344349 ], [ -7905932.752399999648333, -3597143.176100000739098 ], [ -7905890.517300000414252, -3597157.959199998527765 ], [ -7905836.634099999442697, -3597161.271200001239777 ], [ -7905781.718100000172853, -3597161.681200001388788 ], [ -7905730.2149, -3597157.940600000321865 ], [ -7905708.338500000536442, -3597120.954500000923872 ], [ -7905654.77170000039041, -3597123.675900001078844 ], [ -7905603.051300000399351, -3597124.027300000190735 ], [ -7905581.968699999153614, -3597084.69029999896884 ], [ -7905550.528799999505281, -3597061.311099998652935 ], [ -7905501.759999999776483, -3597058.104100000113249 ], [ -7905481.441400000825524, -3597026.930599998682737 ], [ -7905469.033099999651313, -3596989.1891999989748 ], [ -7905420.413799999281764, -3596976.049699999392033 ], [ -7905388.451999999582767, -3597008.752000000327826 ], [ -7905402.6096, -3597056.975600000470877 ], [ -7905460.477099999785423, -3597057.098099999129772 ], [ -7905466.926100000739098, -3597104.877000000327826 ], [ -7905503.148399999365211, -3597123.497299998998642 ], [ -7905515.857200000435114, -3597157.729100000113249 ], [ -7905526.739700000733137, -3597187.321199998259544 ], [ -7905566.691400000825524, -3597201.201200000941753 ], [ -7905598.915300000458956, -3597225.7346 ], [ -7905613.995999999344349, -3597264.596500001847744 ], [ -7905668.435499999672174, -3597265.948100000619888 ], [ -7905716.686899999156594, -3597272.668400000780821 ], [ -7905745.13399999961257, -3597293.181200001388788 ], [ -7905760.662699999287724, -3597340.796500001102686 ], [ -7905788.880899999290705, -3597356.640599999576807 ], [ -7905732.942399999126792, -3597358.821199998259544 ], [ -7905722.936300000175834, -3597400.473700001835823 ], [ -7905712.343499999493361, -3597439.800599999725819 ], [ -7905663.901200000196695, -3597444.765799999237061 ], [ -7905607.287100000306964, -3597441.701200000941753 ], [ -7905551.5548, -3597439.2043999992311 ], [ -7905461.3651, -3597431.489199999719858 ], [ -7905467.824799999594688, -3597479.853500001132488 ], [ -7905432.899000000208616, -3597464.713799998164177 ], [ -7905401.214500000700355, -3597441.9221 ], [ -7905378.929199999198318, -3597408.44649999961257 ], [ -7905336.71000000089407, -3597395.774900000542402 ], [ -7905298.427200000733137, -3597373.686299998313189 ], [ -7905295.268500000238419, -3597424.560499999672174 ], [ -7905294.896099999547005, -3597478.889400001615286 ], [ -7905267.611400000751019, -3597505.083000000566244 ], [ -7905224.082699999213219, -3597522.808299999684095 ], [ -7905167.723200000822544, -3597527.914599999785423 ], [ -7905124.067099999636412, -3597518.1886 ], [ -7905102.61710000038147, -3597480.6085 ], [ -7905076.872099999338388, -3597446.610599998384714 ], [ -7905059.380599999800324, -3597408.959199998527765 ], [ -7905003.888000000268221, -3597415.801399998366833 ], [ -7904983.637199999764562, -3597382.288499999791384 ], [ -7904986.6667, -3597322.071100000292063 ], [ -7904951.430400000885129, -3597305.7676 ], [ -7904910.524599999189377, -3597295.407299999147654 ], [ -7904910.084000000730157, -3597238.17339999973774 ], [ -7904874.9265, -3597228.293499998748302 ], [ -7904877.074699999764562, -3597171.597300000488758 ], [ -7904844.57799999974668, -3597154.076099999248981 ], [ -7904853.039899999275804, -3597099.018699999898672 ], [ -7904802.502299999818206, -3597100.513599999248981 ], [ -7904775.899299999698997, -3597087.558899998664856 ], [ -7904739.0088, -3597066.028000000864267 ], [ -7904722.209000000730157, -3597107.801199998706579 ], [ -7904702.072499999776483, -3597135.616399999707937 ], [ -7904759.374900000169873, -3597134.584100000560284 ], [ -7904771.652100000530481, -3597179.338300000876188 ], [ -7904771.510900000110269, -3597236.582400001585484 ], [ -7904771.629100000485778, -3597292.06980000063777 ], [ -7904800.530500000342727, -3597301.478799998760223 ], [ -7904817.948400000110269, -3597339.1316 ], [ -7904807.016200000420213, -3597386.057 ], [ -7904777.229699999094009, -3597406.453400000929832 ], [ -7904746.8991, -3597435.037099998444319 ], [ -7904718.352399999275804, -3597457.747600000351667 ], [ -7904685.972699999809265, -3597491.625199999660254 ], [ -7904671.781700000166893, -3597535.105099998414516 ], [ -7904674.643999999389052, -3597591.712600000202656 ], [ -7904659.871400000527501, -3597627.025699999183416 ], [ -7904645.357899999246001, -3597660.581900000572205 ], [ -7904599.082599999383092, -3597664.920000001788139 ], [ -7904598.338899999856949, -3597721.008900001645088 ], [ -7904638.872600000351667, -3597734.881999999284744 ], [ -7904670.961100000888109, -3597755.916600000113249 ], [ -7904675.623099999502301, -3597805.483199998736382 ], [ -7904698.436899999156594, -3597844.208700001239777 ], [ -7904715.533500000834465, -3597804.7643 ], [ -7904709.812599999830127, -3597748.791400000452995 ], [ -7904705.025800000876188, -3597696.306600000709295 ], [ -7904758.49210000038147, -3597700.01630000025034 ], [ -7904787.650299999862909, -3597662.691300000995398 ], [ -7904839.144500000402331, -3597657.6743 ], [ -7904894.073300000280142, -3597657.852299999445677 ], [ -7904945.526799999177456, -3597662.765599999576807 ], [ -7904973.21169999986887, -3597691.472300000488758 ], [ -7905029.162399999797344, -3597689.878800000995398 ], [ -7905053.175100000575185, -3597724.492800001055002 ], [ -7905093.50650000013411, -3597733.111000001430511 ], [ -7905120.003900000825524, -3597762.423000000417233 ], [ -7905162.328199999406934, -3597776.846200000494719 ], [ -7905202.246099999174476, -3597798.906399998813868 ], [ -7905202.1842, -3597850.310600001364946 ], [ -7905200.239, -3597899.996599998325109 ], [ -7905165.887599999085069, -3597929.239199999719858 ], [ -7905124.836899999529123, -3597943.415199998766184 ], [ -7905070.804199999198318, -3597942.638000000268221 ], [ -7905015.936300000175834, -3597941.875700000673532 ], [ -7904994.656999999657273, -3597903.706900000572205 ], [ -7904957.452600000426173, -3597885.101700000464916 ], [ -7904922.563200000673532, -3597878.137299999594688 ], [ -7904924.684900000691414, -3597935.92790000140667 ], [ -7904911.531700000166893, -3597976.470300000160933 ], [ -7904855.817900000140071, -3597975.138300001621246 ], [ -7904819.561000000685453, -3597997.404899999499321 ], [ -7904784.594499999657273, -3598004.46059999987483 ], [ -7904761.023399999365211, -3597976.262800000607967 ], [ -7904704.74970000050962, -3597980.197500001639128 ], [ -7904673.60840000025928, -3598012.30180000141263 ], [ -7904644.168500000610948, -3598042.038899999111891 ], [ -7904647.663599999621511, -3598097.469000000506639 ], [ -7904683.774299999698997, -3598126.025499999523163 ], [ -7904684.11009999923408, -3598181.512899998575449 ], [ -7904684.513299999758601, -3598234.662799999117851 ], [ -7904681.834599999710917, -3598286.11600000038743 ], [ -7904659.870799999684095, -3598325.649700000882149 ], [ -7904698.844699999317527, -3598335.462200000882149 ], [ -7904695.715099999681115, -3598392.18129999935627 ], [ -7904723.416300000622869, -3598415.632399998605251 ], [ -7904727.861300000920892, -3598469.294599998742342 ], [ -7904757.015799999237061, -3598496.808699999004602 ], [ -7904758.913699999451637, -3598552.269600000232458 ], [ -7904722.4222, -3598583.887800000607967 ], [ -7904695.2324, -3598609.4967 ], [ -7904637.461300000548363, -3598607.032499998807907 ], [ -7904589.38230000063777, -3598614.324299998581409 ], [ -7904583.331000000238419, -3598668.176399998366833 ], [ -7904623.732899999246001, -3598682.6371 ], [ -7904651.689200000837445, -3598710.173500001430511 ], [ -7904668.756799999624491, -3598756.599500000476837 ], [ -7904641.940500000491738, -3598786.875300001353025 ], [ -7904580.349500000476837, -3598778.053800001740456 ], [ -7904550.948999999091029, -3598806.039299998432398 ], [ -7904544.664300000295043, -3598865.153999999165535 ], [ -7904553.52930000051856, -3598918.154399998486042 ], [ -7904606.8969, -3598920.114100001752377 ], [ -7904633.914899999275804, -3598950.004700001329184 ], [ -7904636.507799999788404, -3599007.791799999773502 ], [ -7904627.094399999827147, -3599060.537799999117851 ], [ -7904576.7983, -3599067.869800001382828 ], [ -7904553.421299999579787, -3599101.589400000870228 ], [ -7904501.381400000303984, -3599104.863200001418591 ], [ -7904446.383899999782443, -3599105.269099999219179 ], [ -7904395.028799999505281, -3599110.282699998468161 ], [ -7904366.852, -3599145.840999998152256 ], [ -7904309.758099999278784, -3599146.868200000375509 ], [ -7904284.880699999630451, -3599175.940999999642372 ], [ -7904263.484899999573827, -3599214.882399998605251 ], [ -7904237.393200000748038, -3599249.2347999997437 ], [ -7904207.581199999898672, -3599284.822500001639128 ], [ -7904153.013499999418855, -3599282.8827 ], [ -7904133.790999999269843, -3599319.448399998247623 ], [ -7904081.008099999278784, -3599323.902199998497963 ], [ -7904051.08669999986887, -3599367.6706000007689 ], [ -7904035.444399999454618, -3599421.698100000619888 ], [ -7903991.076999999582767, -3599437.684500001370907 ], [ -7903934.770300000905991, -3599434.022300001233816 ], [ -7903903.736999999731779, -3599398.943300001323223 ], [ -7903846.423900000751019, -3599399.97239999845624 ], [ -7903790.630999999120831, -3599398.6371 ], [ -7903740.037100000306964, -3599403.634500000625849 ], [ -7903729.0943, -3599444.140799999237061 ], [ -7903693.573300000280142, -3599407.973400000482798 ], [ -7903644.437400000169873, -3599398.92339999973774 ], [ -7903591.742000000551343, -3599406.294700000435114 ], [ -7903575.667199999094009, -3599442.219300001859665 ], [ -7903551.51380000077188, -3599475.367800001055002 ], [ -7903525.301300000399351, -3599451.885400000959635 ], [ -7903483.9222, -3599443.864100001752377 ], [ -7903453.855100000277162, -3599409.934999998658895 ], [ -7903400.796499999240041, -3599409.133200000971556 ], [ -7903395.679199999198318, -3599456.545299999415874 ], [ -7903361.257099999114871, -3599482.282800000160933 ], [ -7903358.219900000840425, -3599538.421 ], [ -7903317.794600000604987, -3599555.502999998629093 ], [ -7903279.461799999698997, -3599528.731699999421835 ], [ -7903251.5011, -3599502.94310000166297 ], [ -7903195.323699999600649, -3599504.533100001513958 ], [ -7903140.142100000753999, -3599513.11540000140667 ], [ -7903108.370699999853969, -3599538.804900001734495 ], [ -7903106.297900000587106, -3599587.915600001811981 ], [ -7903056.973999999463558, -3599592.887600000947714 ], [ -7902999.986999999731779, -3599589.817499998956919 ], [ -7902943.93889999948442, -3599588.482999999076128 ], [ -7902898.723999999463558, -3599599.807199999690056 ], [ -7902895.191700000315905, -3599658.875799998641014 ], [ -7902849.831399999558926, -3599666.113000001758337 ], [ -7902793.871600000187755, -3599659.518300000578165 ], [ -7902784.606300000101328, -3599704.668499998748302 ], [ -7902730.270199999213219, -3599701.549699999392033 ], [ -7902688.0329, -3599712.820099998265505 ], [ -7902683.503599999472499, -3599768.986000001430511 ], [ -7902629.783800000324845, -3599774.03489999845624 ], [ -7902610.967800000682473, -3599735.228199999779463 ], [ -7902557.529500000178814, -3599727.4189000017941 ], [ -7902499.825799999758601, -3599724.943500000983477 ], [ -7902451.595499999821186, -3599732.230500001460314 ], [ -7902443.81279999949038, -3599779.106899999082088 ], [ -7902480.4112, -3599810.586100000888109 ], [ -7902484.349300000816584, -3599864.848499998450279 ], [ -7902451.682800000533462, -3599893.474199999123812 ], [ -7902442.197300000116229, -3599946.8081 ], [ -7902413.494100000709295, -3599981.789700001478195 ], [ -7902357.3443, -3599993.307399999350309 ], [ -7902300.614099999889731, -3599996.655999999493361 ], [ -7902268.020300000905991, -3599973.868000000715256 ], [ -7902258.86849999986589, -3599918.529399998486042 ], [ -7902262.86570000089705, -3599858.86710000038147 ], [ -7902301.445299999788404, -3599852.337099999189377 ], [ -7902319.372199999168515, -3599809.953299999237061 ], [ -7902316.955399999395013, -3599753.326999999582767 ], [ -7902273.039300000295043, -3599739.50450000166893 ], [ -7902226.5494, -3599728.0647 ], [ -7902231.677699999883771, -3599670.719999998807907 ], [ -7902224.47580000013113, -3599627.032299999147654 ], [ -7902167.855699999257922, -3599634.467599999159575 ], [ -7902113.2028, -3599636.025600001215935 ], [ -7902061.456000000238419, -3599633.44200000166893 ], [ -7902038.651900000870228, -3599592.953200001269579 ], [ -7901990.559800000861287, -3599579.204199999570847 ], [ -7901990.058900000527501, -3599635.297600001096725 ], [ -7901975.539899999275804, -3599679.37220000103116 ], [ -7901923.090800000354648, -3599688.484900001436472 ], [ -7901864.7182, -3599683.09739999845624 ], [ -7901850.127399999648333, -3599648.888300001621246 ], [ -7901813.080399999395013, -3599645.457899998873472 ], [ -7901820.295399999246001, -3599595.087099999189377 ], [ -7901799.592000000178814, -3599564.492199998348951 ], [ -7901740.191400000825524, -3599566.717099998146296 ], [ -7901711.43019999936223, -3599600.5287000015378 ], [ -7901675.547700000926852, -3599615.771999999880791 ], [ -7901662.214999999850988, -3599570.440499998629093 ], [ -7901609.627100000157952, -3599573.712099999189377 ], [ -7901554.158600000664592, -3599580.539900001138449 ], [ -7901538.1831, -3599548.107900001108646 ], [ -7901455.915300000458956, -3599553.6587999984622 ], [ -7901424.880400000140071, -3599532.594200000166893 ], [ -7901394.48369999974966, -3599512.686599999666214 ], [ -7901361.362999999895692, -3599492.827300000935793 ], [ -7901349.261700000613928, -3599445.1371 ], [ -7901298.63150000013411, -3599441.9463 ], [ -7901241.197300000116229, -3599446.470800001174212 ], [ -7901189.907700000330806, -3599445.0439000017941 ], [ -7901178.61009999923408, -3599403.765700001269579 ], [ -7901128.882500000298023, -3599402.3108000010252 ], [ -7901075.1327, -3599405.600699998438358 ], [ -7901019.950400000438094, -3599410.084199998527765 ], [ -7900965.837300000712276, -3599413.379999998956919 ], [ -7900915.429700000211596, -3599412.520599998533726 ], [ -7900899.125499999150634, -3599373.667700000107288 ], [ -7900878.128499999642372, -3599344.829500000923872 ], [ -7900831.480000000447035, -3599334.5559 ], [ -7900776.318399999290705, -3599340.206300001591444 ], [ -7900754.557199999690056, -3599383.822599999606609 ], [ -7900699.698300000280142, -3599381.872699998319149 ], [ -7900696.432199999690056, -3599328.183699999004602 ], [ -7900659.608200000599027, -3599308.388399999588728 ], [ -7900600.042700000107288, -3599309.442299999296665 ], [ -7900555.519799999892712, -3599327.171700000762939 ], [ -7900554.187400000169873, -3599383.863000001758337 ], [ -7900533.625, -3599423.368500001728535 ], [ -7900481.869999999180436, -3599416.104800000786781 ], [ -7900463.8476, -3599384.876400001347065 ], [ -7900410.725099999457598, -3599388.7364999987185 ], [ -7900408.666999999433756, -3599343.789200000464916 ], [ -7900374.04869999922812, -3599323.369699999690056 ], [ -7900344.038799999281764, -3599300.531899999827147 ], [ -7900313.9846, -3599287.626299999654293 ], [ -7900301.238399999216199, -3599242.283900000154972 ], [ -7900271.6327, -3599277.858899999409914 ], [ -7900246.413699999451637, -3599304.593400001525879 ], [ -7900205.585999999195337, -3599317.582699999213219 ], [ -7900170.743000000715256, -3599340.397700000554323 ], [ -7900127.417999999597669, -3599358.104499999433756 ], [ -7900107.341399999335408, -3599381.827100001275539 ], [ -7900122.993899999186397, -3599423.029399998486042 ], [ -7900126.905899999663234, -3599459.765500001609325 ], [ -7900072.47550000064075, -3599463.647300001233816 ], [ -7900072.278300000354648, -3599516.813999999314547 ], [ -7900030.736600000411272, -3599536.826099999248981 ], [ -7900013.88399999961257, -3599570.423599999397993 ], [ -7899995.386700000613928, -3599603.465999998152256 ], [ -7899960.173599999397993, -3599628.040199998766184 ], [ -7899932.76380000077188, -3599654.229200001806021 ], [ -7899903.965900000184774, -3599671.679499998688698 ], [ -7899890.5494, -3599716.901099998503923 ], [ -7899869.338899999856949, -3599746.486200001090765 ], [ -7899830.54450000077486, -3599755.349399998784065 ], [ -7899774.211799999698997, -3599748.16330000013113 ], [ -7899762.799499999731779, -3599787.507500000298023 ], [ -7899708.493699999526143, -3599786.127599999308586 ], [ -7899682.014499999582767, -3599819.894999999552965 ], [ -7899648.509099999442697, -3599854.954700000584126 ], [ -7899596.582800000905991, -3599858.790500000119209 ], [ -7899583.177899999544024, -3599896.417300000786781 ], [ -7899556.5152000002563, -3599934.27760000154376 ], [ -7899539.604100000113249, -3599966.708200000226498 ], [ -7899516.8596, -3600002.16270000115037 ], [ -7899463.170199999585748, -3600000.770899999886751 ], [ -7899416.593000000342727, -3600005.096099998801947 ], [ -7899393.18099999986589, -3600033.551399998366833 ], [ -7899336.332900000736117, -3600028.125 ], [ -7899279.9309, -3600023.274700000882149 ], [ -7899237.720899999141693, -3600032.1963 ], [ -7899245.61879999935627, -3600089.312800001353025 ], [ -7899211.494000000879169, -3600109.776999998837709 ], [ -7899207.973200000822544, -3600160.083700001239777 ], [ -7899210.438699999824166, -3600216.12779999896884 ], [ -7899186.173000000417233, -3600249.8564000017941 ], [ -7899168.869599999859929, -3600286.968299999833107 ], [ -7899109.766799999400973, -3600285.670099999755621 ], [ -7899067.901499999687076, -3600299.843499999493361 ], [ -7899075.684000000357628, -3600358.716099999845028 ], [ -7899062.406300000846386, -3600397.510200001299381 ], [ -7899006.935399999842048, -3600396.147700000554323 ], [ -7898950.955900000408292, -3600394.7939000017941 ], [ -7898932.014000000432134, -3600440.114199999719858 ], [ -7898964.715199999511242, -3600469.337000001221895 ], [ -7898969.315600000321865, -3600516.581199999898672 ], [ -7898936.409299999475479, -3600548.709199998527765 ], [ -7898936.9847999997437, -3600604.78830000013113 ], [ -7898930.620999999344349, -3600650.472699999809265 ], [ -7898891.522399999201298, -3600658.754700001329184 ], [ -7898882.523900000378489, -3600713.83390000090003 ], [ -7898875.139699999243021, -3600767.716400001198053 ], [ -7898834.441800000146031, -3600790.633299998939037 ], [ -7898800.6787, -3600821.6081000007689 ], [ -7898798.452299999073148, -3600875.400499999523163 ], [ -7898771.738700000569224, -3600912.678899999707937 ], [ -7898769.07039999961853, -3600968.232200000435114 ], [ -7898773.4145, -3601019.572799999266863 ], [ -7898806.731799999251962, -3601042.359400000423193 ], [ -7898806.959499999880791, -3601097.278299998492002 ], [ -7898771.658099999651313, -3601171.518199998885393 ], [ -7898771.040100000798702, -3601225.868200000375509 ], [ -7898769.975999999791384, -3601279.6418999992311 ], [ -7898720.699999999254942, -3601310.890099998563528 ], [ -7898707.23450000025332, -3601347.352800000458956 ], [ -7898666.956000000238419, -3601367.341400001198053 ], [ -7898634.11089999973774, -3601394.795299999415874 ], [ -7898639.823400000110269, -3601449.6195 ], [ -7898685.69370000064373, -3601462.838100001215935 ], [ -7898649.130400000140071, -3601483.345899999141693 ], [ -7898592.42200000025332, -3601488.430700000375509 ], [ -7898541.5757, -3601485.816500000655651 ], [ -7898532.660299999639392, -3601447.408700000494719 ], [ -7898475.517699999734759, -3601448.410500001162291 ], [ -7898461.405799999833107, -3601489.559099998325109 ], [ -7898506.619799999520183, -3601496.362500000745058 ], [ -7898500.347899999469519, -3601553.7346 ], [ -7898449.124600000679493, -3601558.722600001841784 ], [ -7898426.131799999624491, -3601590.678300000727177 ], [ -7898418.932700000703335, -3601642.808200001716614 ], [ -7898400.67710000090301, -3601602.226199999451637 ], [ -7898367.167199999094009, -3601578.856600001454353 ], [ -7898325.642899999395013, -3601608.799600001424551 ], [ -7898319.910900000482798, -3601663.825399998575449 ], [ -7898370.846599999815226, -3601665.270300000905991 ], [ -7898394.560799999162555, -3601695.8235 ], [ -7898449.47829999960959, -3601694.276799999177456 ], [ -7898468.177799999713898, -3601729.00789999961853 ], [ -7898505.659800000488758, -3601748.802000001072884 ], [ -7898545.346100000664592, -3601772.063200000673532 ], [ -7898549.980399999767542, -3601823.401999998837709 ], [ -7898541.540699999779463, -3601877.307700000703335 ], [ -7898501.647199999541044, -3601890.277899999171495 ], [ -7898535.565400000661612, -3601907.7972999997437 ], [ -7898533.031899999827147, -3601948.160199999809265 ], [ -7898505.083599999547005, -3601977.282200001180172 ], [ -7898505.584699999541044, -3602033.369100000709295 ], [ -7898475.684599999338388, -3602063.1097999997437 ], [ -7898479.549900000914931, -3602116.216400001198053 ], [ -7898476.829500000923872, -3602168.854299999773502 ], [ -7898473.782299999147654, -3602221.498199999332428 ], [ -7898425.934800000861287, -3602251.553899999707937 ], [ -7898408.9824, -3602294.50789999961853 ], [ -7898359.778599999845028, -3602302.966699998825788 ], [ -7898304.904799999669194, -3602305.096700001507998 ], [ -7898251.9244, -3602309.530799999833107 ], [ -7898219.687699999660254, -3602338.728199999779463 ], [ -7898192.260700000450015, -3602370.763099998235703 ], [ -7898171.934000000357628, -3602401.504999998956919 ], [ -7898201.440999999642372, -3602420.271899998188019 ], [ -7898222.283900000154972, -3602444.4496 ], [ -7898265.773700000718236, -3602424.988800000399351 ], [ -7898300.376800000667572, -3602408.60530000180006 ], [ -7898331.807900000363588, -3602431.428599998354912 ], [ -7898348.6217, -3602472.6228 ], [ -7898310.7039, -3602484.389800000935793 ], [ -7898279.411599999293685, -3602513.5713 ], [ -7898280.208499999716878, -3602567.902300000190735 ], [ -7898268.957299999892712, -3602614.847899999469519 ], [ -7898242.131400000303984, -3602648.041799999773502 ], [ -7898272.891200000420213, -3602676.136700000613928 ], [ -7898238.623299999162555, -3602707.708099998533726 ], [ -7898239.807900000363588, -3602765.539299998432398 ], [ -7898269.784900000318885, -3602792.479400001466274 ], [ -7898309.198799999430776, -3602804.060699999332428 ], [ -7898307.872700000181794, -3602859.598799999803305 ], [ -7898352.565099999308586, -3602871.671900000423193 ], [ -7898345.488600000739098, -3602926.726700000464916 ], [ -7898320.086500000208616, -3603004.3092 ], [ -7898314.878900000825524, -3603058.163100000470877 ], [ -7898316.376499999314547, -3603113.068599998950958 ], [ -7898346.257400000467896, -3603136.504599999636412 ], [ -7898344.774299999698997, -3603170.424800001084805 ], [ -7898321.558700000867248, -3603206.478999998420477 ], [ -7898318.666200000792742, -3603259.70890000090003 ], [ -7898317.574300000444055, -3603314.076200000941753 ], [ -7898318.236400000751019, -3603368.997299998998642 ], [ -7898320.731200000271201, -3603422.7179000005126 ], [ -7898324.935399999842048, -3603472.317899998277426 ], [ -7898361.331800000742078, -3603481.614799998700619 ], [ -7898361.543700000271201, -3603533.622600000351667 ], [ -7898361.479399999603629, -3603588.557399999350309 ], [ -7898403.645600000396371, -3603603.597199998795986 ], [ -7898406.116399999707937, -3603653.812699999660254 ], [ -7898405.087300000712276, -3603707.596099998801947 ], [ -7898402.261900000274181, -3603762.580200001597404 ], [ -7898399.363800000399351, -3603817.565699998289347 ], [ -7898398.023800000548363, -3603870.186500001698732 ], [ -7898399.97580000013113, -3603919.8277000002563 ], [ -7898432.442399999126792, -3603895.297400001436472 ], [ -7898429.028400000184774, -3603841.0066 ], [ -7898478.418199999257922, -3603836.63399999961257 ], [ -7898526.784299999475479, -3603808.902699999511242 ], [ -7898531.656999999657273, -3603850.894999999552965 ], [ -7898535.543700000271201, -3603905.177499998360872 ], [ -7898573.603900000452995, -3603884.639600001275539 ], [ -7898582.073200000450015, -3603836.568900000303984 ], [ -7898604.953299999237061, -3603875.32319999858737 ], [ -7898639.818499999120831, -3603861.269799999892712 ], [ -7898638.599700000137091, -3603805.771899998188019 ], [ -7898635.949400000274181, -3603747.377300001680851 ], [ -7898644.894999999552965, -3603701.636500000953674 ], [ -7898694.736099999397993, -3603696.086399998515844 ], [ -7898745.261600000783801, -3603692.277300000190735 ], [ -7898743.180600000545382, -3603637.379700001329184 ], [ -7898749.469000000506639, -3603589.348200000822544 ], [ -7898806.3015, -3603582.506099998950958 ], [ -7898827.718399999663234, -3603620.700500000268221 ], [ -7898847.32149999961257, -3603665.35530000180006 ], [ -7898874.1031, -3603696.442800000309944 ], [ -7898929.582800000905991, -3603699.558800000697374 ], [ -7898983.135600000619888, -3603692.189100001007318 ], [ -7899002.594699999317527, -3603649.185400001704693 ], [ -7899051.176699999719858, -3603650.6689000017941 ], [ -7899043.417600000277162, -3603591.196199998259544 ], [ -7899081.885700000450015, -3603571.234499998390675 ], [ -7899142.399299999698997, -3603575.4298 ], [ -7899166.559499999508262, -3603608.315699998289347 ], [ -7899159.650699999183416, -3603668.630800001323223 ], [ -7899194.263499999418855, -3603690.229299999773502 ], [ -7899212.1173, -3603649.006799999624491 ], [ -7899233.511499999091029, -3603621.163400001823902 ], [ -7899262.660599999129772, -3603592.014600001275539 ], [ -7899297.730599999427795, -3603581.462499998509884 ], [ -7899292.865599999204278, -3603525.445799998939037 ], [ -7899327.132799999788404, -3603493.8695 ], [ -7899366.2971, -3603515.971500001847744 ], [ -7899375.597899999469519, -3603563.728399999439716 ], [ -7899380.620300000533462, -3603616.236099999397993 ], [ -7899383.249099999666214, -3603671.123700000345707 ], [ -7899385.498800000175834, -3603727.187100000679493 ], [ -7899389.1974, -3603780.887600000947714 ], [ -7899376.677799999713898, -3603827.861000001430511 ], [ -7899338.216900000348687, -3603856.589999999850988 ], [ -7899342.863099999725819, -3603916.703000001609325 ], [ -7899308.786599999293685, -3603948.8614999987185 ], [ -7899351.9594, -3603971.478100001811981 ], [ -7899399.511099999770522, -3603984.666700001806021 ], [ -7899411.114700000733137, -3604039.397900000214577 ], [ -7899452.94400000013411, -3604028.725900001823902 ], [ -7899454.814400000497699, -3603975.51069999858737 ], [ -7899451.863900000229478, -3603918.874200001358986 ], [ -7899462.994100000709295, -3603881.859900001436472 ], [ -7899488.578500000759959, -3603865.045499999076128 ], [ -7899490.8585, -3603812.40819999948144 ], [ -7899511.498800000175834, -3603851.784600000828505 ], [ -7899520.90059999935329, -3603894.865600001066923 ], [ -7899558.181399999186397, -3603871.416400000452995 ], [ -7899557.295700000599027, -3603816.49720000103116 ], [ -7899579.256799999624491, -3603767.019600000232458 ], [ -7899552.829600000753999, -3603741.77140000090003 ], [ -7899547.028899999335408, -3603686.355000000447035 ], [ -7899582.642000000923872, -3603665.273200001567602 ], [ -7899586.82120000012219, -3603613.187600001692772 ], [ -7899643.013900000602007, -3603609.274999998509884 ], [ -7899652.804099999368191, -3603655.854600001126528 ], [ -7899688.959599999710917, -3603676.255699999630451 ], [ -7899744.16330000013113, -3603682.2949 ], [ -7899750.621400000527501, -3603644.194699998944998 ], [ -7899810.108999999240041, -3603643.729600001126528 ], [ -7899832.899599999189377, -3603610.600900001823902 ], [ -7899831.33390000090003, -3603552.188499998301268 ], [ -7899821.550000000745058, -3603499.7654 ], [ -7899790.336899999529123, -3603493.887800000607967 ], [ -7899788.822499999776483, -3603438.396999999880791 ], [ -7899732.5976, -3603448.739 ], [ -7899716.206900000572205, -3603413.380100000649691 ], [ -7899718.866499999538064, -3603355.478500001132488 ], [ -7899718.3902000002563, -3603301.138700000941753 ], [ -7899680.361099999397993, -3603283.693399999290705 ], [ -7899683.295700000599027, -3603226.956199999898672 ], [ -7899645.450500000268221, -3603220.026500001549721 ], [ -7899644.833599999547005, -3603168.027300000190735 ], [ -7899647.378799999132752, -3603111.881999999284744 ], [ -7899620.041600000113249, -3603080.223099999129772 ], [ -7899589.8662, -3603046.276700001209974 ], [ -7899570.42339999973774, -3603015.063099998980761 ], [ -7899533.336100000888109, -3603009.872900001704693 ], [ -7899530.365299999713898, -3602952.072299998253584 ], [ -7899576.342800000682473, -3602941.912200000137091 ], [ -7899633.0921, -3602940.912000000476837 ], [ -7899651.20549999922514, -3602908.452300000935793 ], [ -7899676.10249999910593, -3602875.288800001144409 ], [ -7899683.347699999809265, -3602826.074200000613928 ], [ -7899739.009700000286102, -3602831.520799998193979 ], [ -7899755.972799999639392, -3602791.4847999997437 ], [ -7899788.096599999815226, -3602766.374899998307228 ], [ -7899765.596300000324845, -3602736.969399999827147 ], [ -7899737.033299999311566, -3602710.008099999278784 ], [ -7899730.06279999949038, -3602660.46059999987483 ], [ -7899727.178600000217557, -3602605.581900000572205 ], [ -7899727.424499999731779, -3602548.895300000905991 ], [ -7899729.844399999827147, -3602493.923599999397993 ], [ -7899733.472200000658631, -3602443.605599999427795 ], [ -7899766.791600000113249, -3602426.656300000846386 ], [ -7899772.136800000444055, -3602376.8926 ], [ -7899829.559100000187755, -3602372.958000000566244 ], [ -7899832.887800000607967, -3602417.893899999558926 ], [ -7899870.557600000873208, -3602396.192899998277426 ], [ -7899907.24269999936223, -3602386.780299998819828 ], [ -7899912.223999999463558, -3602337.023200001567602 ], [ -7899912.225099999457598, -3602280.9265 ], [ -7899918.742499999701977, -3602231.727000001817942 ], [ -7899940.856100000441074, -3602197.4452 ], [ -7899938.951999999582767, -3602142.551300000399351 ], [ -7899969.753399999812245, -3602125.061999998986721 ], [ -7899996.780099999159575, -3602095.368299998342991 ], [ -7900012.394899999722838, -3602063.538800001144409 ], [ -7900043.69789999909699, -3602033.185400001704693 ], [ -7900006.3081, -3602025.080600000917912 ], [ -7900008.137499999254942, -3601980.055100001394749 ], [ -7900042.367900000885129, -3601965.427000001072884 ], [ -7900047.95160000026226, -3601912.739199999719858 ], [ -7900072.967000000178814, -3601890.6776 ], [ -7900111.8575, -3601876.551399998366833 ], [ -7900114.365000000223517, -3601928.511799998581409 ], [ -7900112.443900000303984, -3601986.978199999779463 ], [ -7900127.103499999269843, -3602029.375100001692772 ], [ -7900183.221799999475479, -3602023.709100000560284 ], [ -7900171.6864, -3601981.257100000977516 ], [ -7900141.466900000348687, -3601961.339499998837709 ], [ -7900140.319299999624491, -3601908.186299998313189 ], [ -7900142.317399999126792, -3601852.056200001388788 ], [ -7900143.573000000789762, -3601797.1081000007689 ], [ -7900140.280899999663234, -3601748.083700001239777 ], [ -7900106.325899999588728, -3601745.1776 ], [ -7900105.21030000038445, -3601689.6875 ], [ -7900111.800599999725819, -3601636.398800000548363 ], [ -7900136.681399999186397, -3601610.833999998867512 ], [ -7900173.970200000330806, -3601604.916600000113249 ], [ -7900181.942900000140071, -3601562.121300000697374 ], [ -7900200.269799999892712, -3601533.750900000333786 ], [ -7900252.782600000500679, -3601515.293800000101328 ], [ -7900307.355900000780821, -3601514.913600001484156 ], [ -7900324.030300000682473, -3601552.014400001615286 ], [ -7900323.657500000670552, -3601607.530099999159575 ], [ -7900320.439799999818206, -3601666.602299999445677 ], [ -7900343.037000000476837, -3601699.508499998599291 ], [ -7900361.003799999132752, -3601737.75560000166297 ], [ -7900416.078500000759959, -3601728.601199999451637 ], [ -7900438.623700000345707, -3601702.49269999936223 ], [ -7900463.903599999845028, -3601676.920200001448393 ], [ -7900461.0165, -3601622.046100001782179 ], [ -7900457.211100000888109, -3601566.604200001806021 ], [ -7900482.0456000007689, -3601536.365299999713898 ], [ -7900529.534600000828505, -3601517.411699999123812 ], [ -7900582.727399999275804, -3601517.054699998348951 ], [ -7900593.396500000730157, -3601561.857299998402596 ], [ -7900647.427999999374151, -3601549.214800000190735 ], [ -7900660.823799999430776, -3601585.788899999111891 ], [ -7900696.040400000289083, -3601606.784699998795986 ], [ -7900730.685100000351667, -3601632.464999999850988 ], [ -7900730.667099999263883, -3601687.390500001609325 ], [ -7900767.720100000500679, -3601690.824400000274181 ], [ -7900770.212799999862909, -3601638.192299999296665 ], [ -7900786.887900000438094, -3601588.230799999088049 ], [ -7900873.934000000357628, -3601603.633299998939037 ], [ -7900890.896199999377131, -3601638.391199998557568 ], [ -7900948.967499999329448, -3601638.5304000005126 ], [ -7900981.101800000295043, -3601612.2511 ], [ -7901007.688100000843406, -3601586.654500000178814 ], [ -7901033.768699999898672, -3601621.250399999320507 ], [ -7901053.031199999153614, -3601652.461399998515844 ], [ -7901080.998099999502301, -3601676.506400000303984 ], [ -7901076.71000000089407, -3601734.429299999028444 ], [ -7901108.439300000667572, -3601759.576200000941753 ], [ -7901127.067900000140071, -3601796.057500001043081 ], [ -7901146.180800000205636, -3601824.9342 ], [ -7901185.246400000527501, -3601835.3429000005126 ], [ -7901194.130200000479817, -3601786.686999998986721 ], [ -7901155.450999999418855, -3601765.16950000077486 ], [ -7901149.627800000831485, -3601715.021899998188019 ], [ -7901147.028300000354648, -3601660.142799999564886 ], [ -7901147.516699999570847, -3601605.209199998527765 ], [ -7901150.9002, -3601553.73030000180006 ], [ -7901189.5142, -3601534.347300000488758 ], [ -7901210.676200000569224, -3601485.474599998444319 ], [ -7901251.260099999606609, -3601474.821100000292063 ], [ -7901268.694399999454618, -3601433.026299998164177 ], [ -7901324.087600000202656, -3601429.705600000917912 ], [ -7901359.906500000506639, -3601451.857200000435114 ], [ -7901398.512399999424815, -3601473.374800000339746 ], [ -7901399.027100000530481, -3601525.368500001728535 ], [ -7901394.564400000497699, -3601581.541000001132488 ], [ -7901410.000800000503659, -3601624.505399998277426 ], [ -7901431.89750000089407, -3601584.383600000292063 ], [ -7901443.628699999302626, -3601538.599399998784065 ], [ -7901500.3279, -3601547.524999998509884 ], [ -7901539.185200000181794, -3601527.552299998700619 ], [ -7901531.782800000160933, -3601478.602600000798702 ], [ -7901473.934499999508262, -3601484.889400001615286 ], [ -7901465.005999999120831, -3601440.057 ], [ -7901488.041999999433756, -3601411.017000000923872 ], [ -7901526.624099999666214, -3601389.880899999290705 ], [ -7901520.8114, -3601332.13910000026226 ], [ -7901533.179500000551343, -3601291.603000000119209 ], [ -7901591.533399999141693, -3601297.577199999243021 ], [ -7901600.564999999478459, -3601348.250100001692772 ], [ -7901633.739199999719858, -3601360.514699999243021 ], [ -7901632.123999999836087, -3601303.866999998688698 ], [ -7901669.525399999693036, -3601296.190400000661612 ], [ -7901693.33500000089407, -3601259.540800001472235 ], [ -7901691.677899999544024, -3601204.647199999541044 ], [ -7901727.000600000843406, -3601180.063099998980761 ], [ -7901785.365599999204278, -3601178.440400000661612 ], [ -7901797.077500000596046, -3601216.210700001567602 ], [ -7901851.6831, -3601232.183200001716614 ], [ -7901876.191400000825524, -3601204.285399999469519 ], [ -7901872.105000000447035, -3601147.682399999350309 ], [ -7901926.474700000137091, -3601142.040199998766184 ], [ -7901948.60700000077486, -3601181.377500001341105 ], [ -7901966.318099999800324, -3601221.377900000661612 ], [ -7902015.995300000533462, -3601225.7516999989748 ], [ -7902013.071399999782443, -3601282.479800000786781 ], [ -7902054.756799999624491, -3601291.085900001227856 ], [ -7902068.390100000426173, -3601326.4847999997437 ], [ -7902087.316199999302626, -3601282.910000000149012 ], [ -7902081.552999999374151, -3601223.999400001019239 ], [ -7902114.912900000810623, -3601203.539200000464916 ], [ -7902172.504200000315905, -3601205.4342 ], [ -7902227.8684, -3601214.964400000870228 ], [ -7902237.683399999514222, -3601244.003800000995398 ], [ -7902292.50929999910295, -3601243.610300000756979 ], [ -7902336.55350000038743, -3601225.296100001782179 ], [ -7902372.72440000064671, -3601215.886500000953674 ], [ -7902391.891100000590086, -3601243.590300001204014 ], [ -7902404.897399999201298, -3601278.415600001811981 ], [ -7902459.5735, -3601271.596900001168251 ], [ -7902468.302999999374151, -3601315.262800000607967 ], [ -7902514.259500000625849, -3601324.959699999541044 ], [ -7902533.130699999630451, -3601354.421700000762939 ], [ -7902588.683800000697374, -3601349.923900000751019 ], [ -7902640.785599999129772, -3601349.577599998563528 ], [ -7902663.102900000289083, -3601380.730700001120567 ], [ -7902717.493200000375509, -3601380.343199998140335 ], [ -7902732.25929999910295, -3601422.148499999195337 ], [ -7902785.409700000658631, -3601419.445700000971556 ], [ -7902840.895700000226498, -3601413.195000000298023 ], [ -7902859.160599999129772, -3601443.251800000667572 ], [ -7902907.88910000026226, -3601449.392000000923872 ], [ -7902963.405899999663234, -3601448.983199998736382 ], [ -7903018.554400000721216, -3601446.243500001728535 ], [ -7903073.874099999666214, -3601442.916299998760223 ], [ -7903111.948599999770522, -3601452.752099998295307 ], [ -7903118.6415, -3601485.937199998646975 ], [ -7903174.511600000783801, -3601476.756700001657009 ], [ -7903192.3619, -3601516.169300001114607 ], [ -7903248.387499999254942, -3601515.750199999660254 ], [ -7903282.56110000051558, -3601485.923000000417233 ], [ -7903318.908299999311566, -3601478.260200001299381 ], [ -7903368.788899999111891, -3601496.063799999654293 ], [ -7903407.4967, -3601512.899000000208616 ], [ -7903465.2971, -3601510.1097999997437 ], [ -7903481.3902000002563, -3601473.010400000959635 ], [ -7903503.928300000727177, -3601438.717099998146296 ], [ -7903518.178899999707937, -3601402.235199999064207 ], [ -7903569.517899999395013, -3601397.808600001037121 ], [ -7903626.072200000286102, -3601398.546900000423193 ], [ -7903664.177999999374151, -3601381.50279999896884 ], [ -7903685.4857, -3601357.748799998313189 ], [ -7903721.339099999517202, -3601332.565000001341105 ], [ -7903727.57660000026226, -3601290.968499999493361 ], [ -7903760.207100000232458, -3601262.336899999529123 ], [ -7903808.566600000485778, -3601253.8728 ], [ -7903860.994599999859929, -3601249.425500001758337 ], [ -7903877.802200000733137, -3601211.729400001466274 ], [ -7903936.255000000819564, -3601221.196400001645088 ], [ -7903973.259999999776483, -3601211.767099998891354 ], [ -7903965.324100000783801, -3601151.72859999909997 ], [ -7904008.649399999529123, -3601142.1858000010252 ], [ -7904066.619200000539422, -3601146.9864999987185 ], [ -7904076.441199999302626, -3601104.741799999028444 ], [ -7904126.159499999135733, -3601099.173599999397993 ], [ -7904182.785000000149012, -3601099.907999999821186 ], [ -7904235.89750000089407, -3601105.379599999636412 ], [ -7904247.27419999986887, -3601144.321699999272823 ], [ -7904298.373500000685453, -3601150.9978 ], [ -7904356.171800000593066, -3601148.204700000584126 ], [ -7904390.528799999505281, -3601124.7993 ], [ -7904386.482999999076128, -3601067.028499998152256 ], [ -7904416.621500000357628, -3601053.631799999624491 ], [ -7904454.190700000151992, -3601037.179900001734495 ], [ -7904508.869799999520183, -3601036.77930000051856 ], [ -7904564.778899999335408, -3601038.109200000762939 ], [ -7904615.83049999922514, -3601036.020700000226498 ], [ -7904621.535800000652671, -3600997.355799999088049 ], [ -7904672.944700000807643, -3600988.833599999547005 ], [ -7904729.030099999159575, -3600991.912399999797344 ], [ -7904732.32909999974072, -3601036.2577 ], [ -7904775.581599999219179, -3601038.983399998396635 ], [ -7904806.87470000050962, -3601002.778299998492002 ], [ -7904836.89809999987483, -3600987.0456000007689 ], [ -7904838.2314, -3600927.425900001078844 ], [ -7904874.091900000348687, -3600906.913800001144409 ], [ -7904931.266699999570847, -3600909.971999999135733 ], [ -7904981.476800000295043, -3600905.560199998319149 ], [ -7905008.706499999389052, -3600875.855200000107288 ], [ -7905065.050599999725819, -3600877.175000000745058 ], [ -7905080.920700000599027, -3600844.16950000077486 ], [ -7905137.19649999961257, -3600839.64750000089407 ], [ -7905145.8772, -3600878.052299998700619 ], [ -7905193.996799999848008, -3600880.6886 ], [ -7905188.762000000104308, -3600933.3673 ], [ -7905185.551000000908971, -3600985.4254 ], [ -7905226.605000000447035, -3601003.380300000309944 ], [ -7905229.828500000759959, -3601053.569600000977516 ], [ -7905228.231899999082088, -3601108.520399998873472 ], [ -7905227.133300000801682, -3601162.878199998289347 ], [ -7905256.00650000013411, -3601121.456900000572205 ], [ -7905253.0778, -3601065.419199999421835 ], [ -7905259.963400000706315, -3601019.721400000154972 ], [ -7905295.185000000521541, -3600998.050900001078844 ], [ -7905251.7346, -3600988.319400001317263 ], [ -7905269.4353, -3600950.021800000220537 ], [ -7905323.512700000777841, -3600956.639800000935793 ], [ -7905332.795299999415874, -3600910.899000000208616 ], [ -7905331.7862, -3600852.490600001066923 ], [ -7905339.83809999935329, -3600800.929699998348951 ], [ -7905388.273199999704957, -3600798.885400000959635 ], [ -7905442.536599999293685, -3600803.7467 ], [ -7905496.76380000077188, -3600808.608399998396635 ], [ -7905499.751800000667572, -3600873.991999998688698 ], [ -7905521.614399999380112, -3600913.910799998790026 ], [ -7905572.083399999886751, -3600907.739100001752377 ], [ -7905570.5965, -3600855.182 ], [ -7905568.2324, -3600800.304000001400709 ], [ -7905603.660299999639392, -3600778.045099999755621 ], [ -7905586.295800000429153, -3600731.618500001728535 ], [ -7905557.595300000160933, -3600699.419399999082088 ], [ -7905558.588300000876188, -3600643.312800001353025 ], [ -7905597.841, -3600625.659000001847744 ], [ -7905602.1086, -3600571.83049999922514 ], [ -7905591.2928, -3600525.870400000363588 ], [ -7905568.919800000265241, -3600504.073800001293421 ], [ -7905581.99860000051558, -3600451.254799999296665 ], [ -7905613.309299999848008, -3600420.307300001382828 ], [ -7905632.715399999171495, -3600381.980200000107288 ], [ -7905673.74379999935627, -3600378.316300000995398 ], [ -7905700.270199999213219, -3600348.039599999785423 ], [ -7905734.856300000101328, -3600327.549100000411272 ], [ -7905765.124199999496341, -3600301.294399999082088 ], [ -7905783.663499999791384, -3600265.320099998265505 ], [ -7905839.195900000631809, -3600270.156500000506639 ], [ -7905862.458100000396371, -3600242.27589999884367 ], [ -7905885.058700000867248, -3600199.801399998366833 ], [ -7905938.629499999806285, -3600204.672899998724461 ], [ -7905952.460100000724196, -3600246.487100001424551 ], [ -7906007.57880000025034, -3600230.297800000756979 ], [ -7906020.220000000670552, -3600264.538499999791384 ], [ -7906053.293099999427795, -3600287.308299999684095 ], [ -7906054.428999999538064, -3600340.453499998897314 ], [ -7906053.391200000420213, -3600395.975299999117851 ], [ -7906068.446900000795722, -3600437.183600001037121 ], [ -7906087.477299999445677, -3600477.151500001549721 ], [ -7906126.917999999597669, -3600500.3902000002563 ], [ -7906124.246099999174476, -3600555.942299999296665 ], [ -7906116.6349, -3600615.674100000411272 ], [ -7906115.850999999791384, -3600667.102699998766184 ], [ -7906138.381799999624491, -3600693.56980000063777 ], [ -7906197.685000000521541, -3600679.640000000596046 ], [ -7906234.702199999243021, -3600646.834100000560284 ], [ -7906260.207800000905991, -3600679.089499998837709 ], [ -7906226.495899999514222, -3600711.835499998182058 ], [ -7906265.153100000694394, -3600729.8301 ], [ -7906323.748500000685453, -3600731.103300001472235 ], [ -7906369.694900000467896, -3600717.999400001019239 ], [ -7906373.034900000318885, -3600661.265900000929832 ], [ -7906398.732100000604987, -3600641.518800001591444 ], [ -7906396.405600000172853, -3600584.8885000012815 ], [ -7906435.375700000673532, -3600563.731800001114607 ], [ -7906429.313500000163913, -3600509.506799999624491 ], [ -7906470.88990000076592, -3600495.897999998182058 ], [ -7906477.752599999308586, -3600439.101399999111891 ], [ -7906433.329299999400973, -3600435.818799998611212 ], [ -7906433.571900000795722, -3600382.648200001567602 ], [ -7906398.3147, -3600365.761399999260902 ], [ -7906397.551100000739098, -3600313.193599998950958 ], [ -7906401.653699999675155, -3600256.448100000619888 ], [ -7906401.66330000013113, -3600204.4510000012815 ], [ -7906361.770500000566244, -3600200.501600001007318 ], [ -7906354.185000000521541, -3600154.484900001436472 ], [ -7906354.085100000724196, -3600098.400600001215935 ], [ -7906352.807499999180436, -3600043.506400000303984 ], [ -7906324.252900000661612, -3600015.397799998521805 ], [ -7906319.177899999544024, -3599963.493999999016523 ], [ -7906315.404799999669194, -3599909.229899998754263 ], [ -7906313.292199999094009, -3599854.351599998772144 ], [ -7906313.0164, -3599800.60869999974966 ], [ -7906314.946699999272823, -3599750.331199999898672 ], [ -7906349.501199999824166, -3599740.356499999761581 ], [ -7906371.13260000012815, -3599714.842599999159575 ], [ -7906383.203400000929832, -3599674.897100001573563 ], [ -7906389.122899999842048, -3599622.210900001227856 ], [ -7906442.653999999165535, -3599622.991300001740456 ], [ -7906459.370200000703335, -3599663.58219999819994 ], [ -7906495.972100000828505, -3599692.712000001221895 ], [ -7906531.249500000849366, -3599714.855200000107288 ], [ -7906563.760800000280142, -3599734.711800001561642 ], [ -7906575.874399999156594, -3599771.881299998611212 ], [ -7906564.7522, -3599828.168099999427795 ], [ -7906533.011199999600649, -3599867.303199999034405 ], [ -7906538.9070999994874, -3599920.360100001096725 ], [ -7906559.4846, -3599961.465799998492002 ], [ -7906600.55519999936223, -3599968.3141999989748 ], [ -7906610.419099999591708, -3600013.7043999992311 ], [ -7906611.620400000363588, -3600070.35249999910593 ], [ -7906613.117000000551343, -3600125.242800001055002 ], [ -7906639.434900000691414, -3600148.133499998599291 ], [ -7906628.796399999409914, -3600186.886199999600649 ], [ -7906706.340600000694394, -3600195.40819999948144 ], [ -7906707.5777000002563, -3600247.966699998825788 ], [ -7906704.721999999135733, -3600305.273899998515844 ], [ -7906705.595899999141693, -3600357.839499998837709 ], [ -7906741.956399999558926, -3600365.357500001788139 ], [ -7906770.881799999624491, -3600395.796100001782179 ], [ -7906795.779100000858307, -3600420.465599998831749 ], [ -7906787.41330000013113, -3600478.458000000566244 ], [ -7906818.319399999454618, -3600501.849800001829863 ], [ -7906812.864099999889731, -3600558.036899998784065 ], [ -7906851.744200000539422, -3600574.272599998861551 ], [ -7906849.936699999496341, -3600629.225099999457598 ], [ -7906885.148399999365211, -3600645.527499999850988 ], [ -7906901.127299999818206, -3600673.280900001525879 ], [ -7906931.187100000679493, -3600692.013999998569489 ], [ -7906939.489499999210238, -3600751.457100000232458 ], [ -7906934.044299999251962, -3600804.139600001275539 ], [ -7906894.693800000473857, -3600818.293999999761581 ], [ -7906835.256799999624491, -3600814.7018 ], [ -7906822.519500000402331, -3600864.011700000613928 ], [ -7906784.74210000038147, -3600882.8114 ], [ -7906758.128599999472499, -3600910.171799998730421 ], [ -7906726.817600000649691, -3600932.943599998950958 ], [ -7906728.782500000670552, -3600989.581900000572205 ], [ -7906721.735999999567866, -3601034.114599999040365 ], [ -7906687.069399999454618, -3601044.093600001186132 ], [ -7906655.35359999909997, -3601068.625599998980761 ], [ -7906662.190500000491738, -3601123.423099998384714 ], [ -7906624.6568, -3601145.723900001496077 ], [ -7906617.933000000193715, -3601173.8915 ], [ -7906674.761099999770522, -3601175.779399998486042 ], [ -7906695.227800000458956, -3601133.92339999973774 ], [ -7906720.305800000205636, -3601106.006299998611212 ], [ -7906723.729299999773502, -3601058.033500000834465 ], [ -7906780.858899999409914, -3601064.589600000530481 ], [ -7906790.863700000569224, -3601022.9243 ], [ -7906835.550899999216199, -3601014.515500001609325 ], [ -7906889.954, -3601012.940900001674891 ], [ -7906945.81110000051558, -3601015.429499998688698 ], [ -7906997.3619, -3601020.917700000107288 ], [ -7907014.807299999520183, -3601057.409000001847744 ], [ -7907071.659399999305606, -3601054.62049999833107 ], [ -7907078.785399999469519, -3601097.1426 ], [ -7907112.095899999141693, -3601100.625500001013279 ], [ -7907108.638699999079108, -3601152.689100001007318 ], [ -7907102.370200000703335, -3601210.0625 ], [ -7907102.690700000151992, -3601262.057700000703335 ], [ -7907147.167300000786781, -3601278.191199999302626 ], [ -7907138.7193, -3601222.838500000536442 ], [ -7907161.950899999588728, -3601201.381000000983477 ], [ -7907183.8103, -3601172.352899998426437 ], [ -7907184.195000000298023, -3601119.17680000141263 ], [ -7907217.86769999936223, -3601118.562899999320507 ], [ -7907210.321900000795722, -3601060.8574 ], [ -7907178.471400000154972, -3601045.66270000115037 ], [ -7907201.147199999541044, -3601023.631299998611212 ], [ -7907207.945900000631809, -3600971.50730000063777 ], [ -7907229.850600000470877, -3600938.973299998790026 ], [ -7907276.687300000339746, -3600936.9507 ], [ -7907313.7972, -3600909.397700000554323 ], [ -7907369.560000000521541, -3600910.717599999159575 ], [ -7907382.993699999526143, -3600871.911100000143051 ], [ -7907480.10190000012517, -3600868.970499999821186 ], [ -7907534.119699999690056, -3600866.231600001454353 ], [ -7907586.94480000063777, -3600865.851399999111891 ], [ -7907637.440400000661612, -3600867.266199998557568 ], [ -7907670.21680000051856, -3600889.45380000025034 ], [ -7907698.572200000286102, -3600912.306400001049042 ], [ -7907702.174799999222159, -3600964.824499998241663 ], [ -7907665.220100000500679, -3600988.870299998670816 ], [ -7907665.766699999570847, -3601043.1974 ], [ -7907624.75730000063777, -3601062.058899998664856 ], [ -7907627.581700000911951, -3601115.760400000959635 ], [ -7907683.210699999704957, -3601117.665600001811981 ], [ -7907693.180800000205636, -3601074.24720000103116 ], [ -7907715.693800000473857, -3601049.296500001102686 ], [ -7907731.351500000804663, -3601006.942899998277426 ], [ -7907785.596300000324845, -3601014.715599998831749 ], [ -7907798.509600000455976, -3600975.333599999547005 ], [ -7907817.069499999284744, -3600938.769799999892712 ], [ -7907864.920299999415874, -3600928.546799998730421 ], [ -7907888.165699999779463, -3600891.897399999201298 ], [ -7907941.275399999693036, -3600889.17339999973774 ], [ -7907996.898700000718236, -3600892.829999998211861 ], [ -7908043.480399999767542, -3600904.831599999219179 ], [ -7908068.279699999839067, -3600935.928100001066923 ], [ -7908123.307099999859929, -3600926.7412 ], [ -7908148.003799999132752, -3600960.1765 ], [ -7908192.560799999162555, -3600968.708999998867512 ], [ -7908218.789300000295043, -3600990.4309 ], [ -7908269.240000000223517, -3600995.349599998444319 ], [ -7908297.777000000700355, -3601028.130199998617172 ], [ -7908322.931199999526143, -3601006.63569999858737 ], [ -7908363.678999999538064, -3600999.462200000882149 ], [ -7908387.191199999302626, -3601027.660399999469519 ], [ -7908408.129200000315905, -3601068.175599999725819 ], [ -7908438.938400000333786, -3601097.993000000715256 ], [ -7908469.900299999862909, -3601120.212099999189377 ], [ -7908511.608300000429153, -3601139.896899998188019 ], [ -7908542.339099999517202, -3601167.378600001335144 ], [ -7908544.630799999460578, -3601095.470899999141693 ], [ -7908520.438500000163913, -3601067.8695 ], [ -7908497.196599999442697, -3601028.56529999896884 ], [ -7908459.976399999111891, -3601005.877000000327826 ], [ -7908436.3838, -3600971.253400001674891 ], [ -7908397.3827, -3600958.530099999159575 ], [ -7908379.43099999986589, -3600924.387499999254942 ], [ -7908326.000499999150634, -3600929.456300001591444 ], [ -7908328.688400000333786, -3600873.317800000309944 ], [ -7908288.8355, -3600857.6886 ], [ -7908256.700099999085069, -3600830.8169 ], [ -7908264.151200000196695, -3600758.816700000315905 ], [ -7908252.85050000064075, -3600718.71000000089407 ], [ -7908195.269300000742078, -3600723.269900001585484 ], [ -7908174.7434, -3600757.532600000500679 ], [ -7908121.9824, -3600761.419700000435114 ], [ -7908066.806199999526143, -3600758.339699998497963 ], [ -7908041.468299999833107, -3600729.590500000864267 ], [ -7907984.651699999347329, -3600724.203099999576807 ], [ -7907989.872400000691414, -3600695.479100000113249 ], [ -7907941.497899999842048, -3600688.7685999982059 ], [ -7907883.08, -3600689.252599999308586 ], [ -7907861.534800000488758, -3600719.443500000983477 ], [ -7907836.596000000834465, -3600718.730900000780821 ], [ -7907804.070800000801682, -3600702.381999999284744 ], [ -7907811.322000000625849, -3600661.351700000464916 ], [ -7907837.966299999505281, -3600625.809599999338388 ], [ -7907848.339700000360608, -3600580.6327 ], [ -7907875.386, -3600553.262800000607967 ], [ -7907897.584699999541044, -3600523.0603 ], [ -7907934.437300000339746, -3600509.532999999821186 ], [ -7907957.469799999147654, -3600475.225600000470877 ], [ -7907970.966399999335408, -3600429.99210000038147 ], [ -7907934.19400000013411, -3600403.789500001817942 ], [ -7907905.569299999624491, -3600442.288600001484156 ], [ -7907888.864199999719858, -3600482.906800001859665 ], [ -7907855.9517, -3600517.394799999892712 ], [ -7907830.745400000363588, -3600554.078899998217821 ], [ -7907810.67119999974966, -3600591.253499999642372 ], [ -7907760.604499999433756, -3600597.426699999719858 ], [ -7907707.559399999678135, -3600603.654199998825788 ], [ -7907652.448400000110269, -3600608.166400000452995 ], [ -7907596.309900000691414, -3600612.1129 ], [ -7907540.066800000146031, -3600614.308299999684095 ], [ -7907484.736600000411272, -3600614.734000001102686 ], [ -7907431.252900000661612, -3600612.788800001144409 ], [ -7907380.632799999788404, -3600608.454100001603365 ], [ -7907333.774000000208616, -3600601.1294 ], [ -7907296.00870000012219, -3600584.290600001811981 ], [ -7907291.244599999859929, -3600527.705400001257658 ], [ -7907302.341700000688434, -3600466.157200001180172 ], [ -7907341.908500000834465, -3600451.997900001704693 ], [ -7907342.643999999389052, -3600394.144499998539686 ], [ -7907305.774700000882149, -3600386.637499999254942 ], [ -7907287.448400000110269, -3600353.670000001788139 ], [ -7907232.626499999314547, -3600349.9956 ], [ -7907210.981000000610948, -3600322.346799999475479 ], [ -7907192.979699999094009, -3600281.193999998271465 ], [ -7907216.863399999216199, -3600241.614900000393391 ], [ -7907270.843599999323487, -3600242.967799998819828 ], [ -7907329.61460000090301, -3600250.075399998575449 ], [ -7907369.586200000718236, -3600238.245900001376867 ], [ -7907361.354900000616908, -3600178.804299999028444 ], [ -7907402.57039999961853, -3600163.446699999272823 ], [ -7907417.3092, -3600206.995200000703335 ], [ -7907450.647099999710917, -3600240.272399999201298 ], [ -7907505.280899999663234, -3600241.612300001084805 ], [ -7907509.219200000166893, -3600190.127900000661612 ], [ -7907473.6601, -3600172.665699999779463 ], [ -7907478.676400000229478, -3600116.488200001418591 ], [ -7907443.212500000372529, -3600104.282299999147654 ], [ -7907415.823599999770522, -3600078.491799999028444 ], [ -7907397.918099999427795, -3600046.686000000685453 ], [ -7907400.900800000876188, -3599990.546100001782179 ], [ -7907398.327600000426173, -3599938.597300000488758 ], [ -7907363.213300000876188, -3599913.532200001180172 ], [ -7907358.733999999240041, -3599854.607900001108646 ], [ -7907367.228199999779463, -3599801.873599998652935 ], [ -7907402.801000000908971, -3599781.945700000971556 ], [ -7907462.736999999731779, -3599787.278599999845028 ], [ -7907506.432700000703335, -3599776.549600001424551 ], [ -7907527.448899999260902, -3599749.292300000786781 ], [ -7907539.324799999594688, -3599694.743999999016523 ], [ -7907498.020400000736117, -3599684.982099998742342 ], [ -7907475.647900000214577, -3599653.258900001645088 ], [ -7907429.92090000025928, -3599654.093199998140335 ], [ -7907417.767400000244379, -3599612.836300000548363 ], [ -7907395.634400000795722, -3599582.277199998497963 ], [ -7907358.063200000673532, -3599561.931099999696016 ], [ -7907364.631100000813603, -3599505.143800001591444 ], [ -7907367.3761, -3599451.931699998676777 ], [ -7907325.107200000435114, -3599441.018500000238419 ], [ -7907286.83699999935925, -3599424.190400000661612 ], [ -7907289.8717, -3599366.883900001645088 ], [ -7907388.0756, -3599370.935100000351667 ], [ -7907421.712099999189377, -3599386.679000001400709 ], [ -7907452.404500000178814, -3599412.407900001853704 ], [ -7907499.42259999923408, -3599394.608399998396635 ], [ -7907499.275499999523163, -3599336.191700000315905 ], [ -7907450.574999999254942, -3599331.238299999386072 ], [ -7907413.913499999791384, -3599314.965599998831749 ], [ -7907415.737500000745058, -3599253.008200000971556 ], [ -7907447.046499999240041, -3599224.396000001579523 ], [ -7907503.435699999332428, -3599228.624899998307228 ], [ -7907556.715399999171495, -3599227.65260000154376 ], [ -7907544.287900000810623, -3599189.323100000619888 ], [ -7907514.460400000214577, -3599157.153099998831749 ], [ -7907518.557900000363588, -3599100.412599999457598 ], [ -7907558.368599999696016, -3599083.913199998438358 ], [ -7907562.811599999666214, -3599038.266100000590086 ], [ -7907556.278100000694394, -3598982.304400000721216 ], [ -7907618.800799999386072, -3598942.023499999195337 ], [ -7907563.862099999561906, -3598943.610399998724461 ], [ -7907508.663499999791384, -3598942.865200001746416 ], [ -7907461.867200000211596, -3598950.729100000113249 ], [ -7907449.350600000470877, -3598995.938900001347065 ], [ -7907391.195800000801682, -3599000.504700001329184 ], [ -7907374.8256, -3598961.079300001263618 ], [ -7907359.182, -3598921.640700001269579 ], [ -7907341.213999999687076, -3598882.244600001722574 ], [ -7907334.400499999523163, -3598822.783500000834465 ], [ -7907334.960699999704957, -3598767.277399998158216 ], [ -7907350.8421, -3598731.353799998760223 ], [ -7907409.2335, -3598741.972300000488758 ], [ -7907454.614, -3598738.223700001835823 ], [ -7907454.005599999800324, -3598680.402699999511242 ], [ -7907420.27140000090003, -3598661.156500000506639 ], [ -7907417.97749999910593, -3598604.534800000488758 ], [ -7907374.284499999135733, -3598593.064300000667572 ], [ -7907346.42710000090301, -3598567.285100001841784 ], [ -7907302.507099999114871, -3598559.323399998247623 ], [ -7907271.294600000604987, -3598538.862700000405312 ], [ -7907225.21680000051856, -3598532.108399998396635 ], [ -7907166.659800000488758, -3598538.432700000703335 ], [ -7907114.814500000327826, -3598538.208799999207258 ], [ -7907084.901799999177456, -3598507.209199998527765 ], [ -7907086.088999999687076, -3598444.098999999463558 ], [ -7907119.967000000178814, -3598423.036800000816584 ], [ -7907179.844699999317527, -3598429.53999999910593 ], [ -7907205.386299999430776, -3598393.441500000655651 ], [ -7907223.057700000703335, -3598358.070700000971556 ], [ -7907261.97719999961555, -3598352.688299998641014 ], [ -7907259.310399999842048, -3598295.490600001066923 ], [ -7907283.627399999648333, -3598259.998799998313189 ], [ -7907307.189799999818206, -3598216.927000001072884 ], [ -7907256.8618, -3598220.180799998342991 ], [ -7907197.850400000810623, -3598229.434000000357628 ], [ -7907156.753799999132752, -3598220.836399998515844 ], [ -7907164.7796, -3598162.276200000196695 ], [ -7907127.0142, -3598134.925500001758337 ], [ -7907094.18779999949038, -3598107.484700001776218 ], [ -7907066.600400000810623, -3598076.443799998611212 ], [ -7907008.865399999544024, -3598083.920299999415874 ], [ -7906982.678300000727177, -3598049.93299999833107 ], [ -7906981.905999999493361, -3597990.949700001627207 ], [ -7907019.229399999603629, -3597975.667100001126528 ], [ -7907022.561499999836087, -3597920.698399998247623 ], [ -7907010.513499999418855, -3597873.019299998879433 ], [ -7906974.622400000691414, -3597846.802799999713898 ], [ -7906977.623199999332428, -3597793.592999998480082 ], [ -7907012.961899999529123, -3597769.000900000333786 ], [ -7907011.054199999198318, -3597713.544300001114607 ], [ -7907009.1418999992311, -3597659.840399999171495 ], [ -7907043.38910000026226, -3597649.287000000476837 ], [ -7907076.83669999986887, -3597616.55180000141263 ], [ -7907090.681900000199676, -3597653.098900001496077 ], [ -7907145.927699999883771, -3597656.765900000929832 ], [ -7907179.2577, -3597690.037500001490116 ], [ -7907201.726299999281764, -3597729.348200000822544 ], [ -7907232.763000000268221, -3597760.325199998915195 ], [ -7907287.8476, -3597761.073800001293421 ], [ -7907295.606499999761581, -3597715.955299999564886 ], [ -7907293.962500000372529, -3597661.078299999237061 ], [ -7907290.206399999558926, -3597603.903599999845028 ], [ -7907291.400699999183416, -3597551.311900001019239 ], [ -7907325.173000000417233, -3597532.589000001549721 ], [ -7907320.431600000709295, -3597477.185199998319149 ], [ -7907359.101500000804663, -3597423.910900000482798 ], [ -7907317.082000000402331, -3597408.321800000965595 ], [ -7907289.221699999645352, -3597380.208500001579523 ], [ -7907271.510700000450015, -3597340.812399998307228 ], [ -7907248.416999999433756, -3597309.107599999755621 ], [ -7907244.355599999427795, -3597253.108300000429153 ], [ -7907247.713600000366569, -3597201.646699998527765 ], [ -7907282.771199999377131, -3597181.732900001108646 ], [ -7907310.758099999278784, -3597162.532000001519918 ], [ -7907313.156600000336766, -3597112.256400000303984 ], [ -7907313.598899999633431, -3597060.264499999582767 ], [ -7907312.8838, -3597006.541600000113249 ], [ -7907311.7588, -3596952.242400001734495 ], [ -7907310.934900000691414, -3596898.521899998188019 ], [ -7907311.200300000607967, -3596844.781899999827147 ], [ -7907313.287200000137091, -3596793.345100000500679 ], [ -7907344.04590000025928, -3596764.749000001698732 ], [ -7907344.379200000315905, -3596712.760499998927116 ], [ -7907343.508300000801682, -3596658.457899998873472 ], [ -7907348.453099999576807, -3596606.385800000280142 ], [ -7907340.371799999848008, -3596532.940900001674891 ], [ -7907365.076500000432134, -3596505.039799999445677 ], [ -7907406.473500000312924, -3596494.356199998408556 ], [ -7907439.488500000908971, -3596468.055700000375509 ], [ -7907473.576199999079108, -3596438.81529999896884 ], [ -7907481.098500000312924, -3596386.69709999859333 ], [ -7907533.368200000375509, -3596378.735199999064207 ], [ -7907580.410399999469519, -3596393.062600001692772 ], [ -7907579.59940000064671, -3596315.982299998402596 ], [ -7907561.767300000414252, -3596285.936799999326468 ], [ -7907538.201899999752641, -3596250.155499998480082 ], [ -7907515.995200000703335, -3596213.181400001049042 ], [ -7907493.25, -3596178.553300000727177 ], [ -7907465.568900000303984, -3596152.1919 ], [ -7907437.789599999785423, -3596126.416299998760223 ], [ -7907432.483999999240041, -3596073.949200000613928 ], [ -7907428.4178, -3596019.707600001245737 ], [ -7907426.120200000703335, -3595964.849899999797344 ], [ -7907426.032800000160933, -3595911.704300001263618 ], [ -7907428.669600000604987, -3595862.597500000149012 ], [ -7907466.986400000751019, -3595844.378100000321865 ], [ -7907499.560399999842048, -3595823.927099999040365 ], [ -7907527.6283, -3595791.293800000101328 ], [ -7907552.374600000679493, -3595751.712600000202656 ], [ -7907565.725600000470877, -3595714.675500001758337 ], [ -7907590.800699999555945, -3595683.264899998903275 ], [ -7907637.349300000816584, -3595668.399300001561642 ], [ -7907643.07039999961853, -3595615.149000000208616 ], [ -7907695.582800000905991, -3595614.77479999884963 ], [ -7907754.161299999803305, -3595622.466099999845028 ], [ -7907785.053400000557303, -3595601.461500000208616 ], [ -7907779.013399999588728, -3595542.585900001227856 ], [ -7907802.555500000715256, -3595504.779199998825788 ], [ -7907805.284700000658631, -3595456.840199999511242 ], [ -7907838.7939, -3595429.947900000959635 ], [ -7907830.396299999207258, -3595379.292399998754263 ], [ -7907872.831499999389052, -3595368.005399998277426 ], [ -7907921.288899999111891, -3595358.360300000756979 ], [ -7907929.98589999973774, -3595305.056800000369549 ], [ -7907921.5142, -3595250.315200001001358 ], [ -7907872.0472999997437, -3595248.298599999397993 ], [ -7907896.68889999948442, -3595229.160500001162291 ], [ -7907909.245500000193715, -3595194.475099999457598 ], [ -7907925.685599999502301, -3595155.630899999290705 ], [ -7907940.886700000613928, -3595118.5614 ], [ -7907939.54759999923408, -3595066.610300000756979 ], [ -7907935.85329999960959, -3595012.950399998575449 ], [ -7907931.458699999377131, -3594958.719500001519918 ], [ -7907928.029200000688434, -3594905.6393 ], [ -7907974.76659999974072, -3594891.353900000452995 ], [ -7908006.258600000292063, -3594871.507100000977516 ], [ -7908006.872600000351667, -3594813.097500000149012 ], [ -7908048.2621, -3594798.325599998235703 ], [ -7908105.626800000667572, -3594801.365200001746416 ], [ -7908123.696900000795722, -3594754.316399998962879 ], [ -7908093.709499999880791, -3594726.833500001579523 ], [ -7908040.973799999803305, -3594730.717099998146296 ], [ -7908044.622300000861287, -3594673.420699998736382 ], [ -7907998.880599999800324, -3594668.416600000113249 ], [ -7907965.0044, -3594642.7566 ], [ -7907937.855399999767542, -3594617.557599999010563 ], [ -7907932.10249999910593, -3594564.521200001239777 ], [ -7907878.950300000607967, -3594561.403900001198053 ], [ -7907853.08500000089407, -3594526.837999999523163 ], [ -7907824.808900000527501, -3594511.587000001221895 ], [ -7907826.845599999651313, -3594455.488899998366833 ], [ -7907852.002900000661612, -3594414.736099999397993 ], [ -7907863.2061, -3594365.47859999909997 ], [ -7907854.918199999257922, -3594314.825399998575449 ], [ -7907820.482599999755621, -3594304.35869999974966 ], [ -7907468.620100000873208, -3594391.3629 ], [ -7907414.842000000178814, -3594391.758900001645088 ], [ -7907191.2027000002563, -3594432.037500001490116 ], [ -7907055.2072, -3594468.9662000015378 ], [ -7907005.055500000715256, -3594475.134199999272823 ], [ -7906810.362700000405312, -3594509.624000001698732 ], [ -7906757.958799999207258, -3594511.744100000709295 ], [ -7906713.797900000587106, -3594521.889899998903275 ], [ -7906680.261800000444055, -3594545.273899998515844 ], [ -7906637.9671, -3594576.408599998801947 ], [ -7906628.276399999856949, -3594615.126899998635054 ], [ -7906573.911499999463558, -3594617.281800001859665 ], [ -7906519.954700000584126, -3594611.837499998509884 ], [ -7906493.482200000435114, -3594583.703099999576807 ], [ -7906437.752299999818206, -3594580.626499999314547 ], [ -7906388.097400000318885, -3594586.199099998921156 ], [ -7906368.960899999365211, -3594622.752599999308586 ], [ -7906395.963199999183416, -3594656.133499998599291 ], [ -7906438.183599999174476, -3594665.295200001448393 ], [ -7906458.007500000298023, -3594695.302400000393391 ], [ -7906503.318099999800324, -3594698.56810000166297 ], [ -7906537.211799999698997, -3594721.312100000679493 ], [ -7906566.548900000751019, -3594755.234499998390675 ], [ -7906587.686599999666214, -3594791.641699999570847 ], [ -7906585.892799999564886, -3594845.40089999884367 ], [ -7906582.657199999317527, -3594899.770399998873472 ], [ -7906586.641799999400973, -3594955.761100001633167 ], [ -7906552.211200000718236, -3594973.905900001525879 ], [ -7906549.135900000110269, -3595027.105200000107288 ], [ -7906538.403999999165535, -3595074.60359999909997 ], [ -7906507.90059999935329, -3595099.101199999451637 ], [ -7906466.60080000013113, -3595110.946699999272823 ], [ -7906411.663200000301003, -3595113.695500001311302 ], [ -7906357.40430000051856, -3595111.759799998253584 ], [ -7906331.5482, -3595083.612799998372793 ], [ -7906300.831900000572205, -3595053.802000001072884 ], [ -7906298.374900000169873, -3595005.958999998867512 ], [ -7906265.291500000283122, -3594991.958999998867512 ], [ -7906235.820599999278784, -3594962.709600001573563 ], [ -7906222.548599999397993, -3594909.223000001162291 ], [ -7906167.14750000089407, -3594896.211399998515844 ], [ -7906129.7971, -3594919.663800001144409 ], [ -7906129.557, -3594971.059399999678135 ], [ -7906138.623299999162555, -3595031.046500001102686 ], [ -7906147.269300000742078, -3595089.873500000685453 ], [ -7906145.789300000295043, -3595138.956199999898672 ], [ -7906121.109999999403954, -3595166.267499998211861 ], [ -7906065.165200000628829, -3595165.528999999165535 ], [ -7906004.244400000199676, -3595152.616399999707937 ], [ -7905974.275100000202656, -3595119.871100001037121 ], [ -7905945.447000000625849, -3595085.937100000679493 ], [ -7905917.449699999764562, -3595057.828000001609325 ], [ -7905883.676100000739098, -3595039.751499999314547 ], [ -7905849.440999999642372, -3595022.267200000584126 ], [ -7905830.617499999701977, -3594981.144200000911951 ], [ -7905779.61119999922812, -3594980.315099999308586 ], [ -7905724.622199999168515, -3594984.229699999094009 ], [ -7905669.705800000578165, -3594988.142799999564886 ], [ -7905618.927799999713898, -3594987.892900001257658 ], [ -7905605.862500000745058, -3594947.833599999547005 ], [ -7905550.557099999859929, -3594952.337099999189377 ], [ -7905530.397299999371171, -3594917.661899998784065 ], [ -7905509.272700000554323, -3594881.836300000548363 ], [ -7905465.686300000175834, -3594901.895399998873472 ], [ -7905435.932600000873208, -3594921.704599998891354 ], [ -7905424.4649, -3594877.528400000184774 ], [ -7905402.39809999987483, -3594853.983399998396635 ], [ -7905391.745200000703335, -3594812.712699998170137 ], [ -7905357.392100000753999, -3594794.645500000566244 ], [ -7905398.7741, -3594775.210700001567602 ], [ -7905394.2917, -3594717.477299999445677 ], [ -7905348.446399999782443, -3594710.713300000876188 ], [ -7905291.830399999395013, -3594721.079100001603365 ], [ -7905277.1744, -3594683.3849 ], [ -7905280.814600000157952, -3594624.92119999974966 ], [ -7905290.372999999672174, -3594570.438900001347065 ], [ -7905320.29109999909997, -3594539.5320999994874 ], [ -7905277.833000000566244, -3594529.203000001609325 ], [ -7905274.020500000566244, -3594474.378400001674891 ], [ -7905248.419700000435114, -3594472.504599999636412 ], [ -7905246.557900000363588, -3594526.847600001841784 ], [ -7905233.04619999974966, -3594571.473499998450279 ], [ -7905211.945599999278784, -3594608.0608000010252 ], [ -7905214.850199999287724, -3594662.902300000190735 ], [ -7905216.281700000166893, -3594716.602800000458956 ], [ -7905186.715399999171495, -3594742.831500001251698 ], [ -7905130.363199999555945, -3594749.687899999320507 ], [ -7905111.372099999338388, -3594717.327399998903275 ], [ -7905061.937999999150634, -3594712.963100001215935 ], [ -7905034.041999999433756, -3594684.267000000923872 ], [ -7904999.849700000137091, -3594656.852299999445677 ], [ -7904957.494999999180436, -3594644.1842 ], [ -7904903.35249999910593, -3594648.663800001144409 ], [ -7904848.955800000578165, -3594653.147700000554323 ], [ -7904800.279400000348687, -3594650.520700000226498 ], [ -7904774.899399999529123, -3594618.274900000542402 ], [ -7904722.354299999773502, -3594622.724899999797344 ], [ -7904721.39159999974072, -3594566.680399999022484 ], [ -7904683.1402000002563, -3594558.025400001555681 ], [ -7904660.348999999463558, -3594530.404800001531839 ], [ -7904655.5384, -3594478.517799999564886 ], [ -7904654.856000000610948, -3594421.8849 ], [ -7904656.782600000500679, -3594366.95719999819994 ], [ -7904678.403400000184774, -3594335.033900000154972 ], [ -7904681.512399999424815, -3594281.253199998289347 ], [ -7904720.280200000852346, -3594265.956300001591444 ], [ -7904710.070000000298023, -3594206.5760000012815 ], [ -7904743.2259, -3594190.212200000882149 ], [ -7904800.971899999305606, -3594198.515799999237061 ], [ -7904855.351600000634789, -3594203.375900000333786 ], [ -7904862.085899999365211, -3594159.457800000905991 ], [ -7904817.70549999922514, -3594153.249600000679493 ], [ -7904783.338899999856949, -3594128.174499999731779 ], [ -7904773.031400000676513, -3594089.818999998271465 ], [ -7904719.555600000545382, -3594107.132500000298023 ], [ -7904709.403400000184774, -3594156.95160000026226 ], [ -7904655.408399999141693, -3594165.514899998903275 ], [ -7904640.376000000163913, -3594120.820700000971556 ], [ -7904672.965700000524521, -3594091.036499999463558 ], [ -7904725.545, -3594090.6739999987185 ], [ -7904704.086799999698997, -3594050.183499999344349 ], [ -7904650.071399999782443, -3594057.579199999570847 ], [ -7904595.703099999576807, -3594065.564899999648333 ], [ -7904576.138499999418855, -3594027.3761 ], [ -7904534.409099999815226, -3594025.206999998539686 ], [ -7904516.981699999421835, -3593992.819200001657009 ], [ -7904506.591700000688434, -3593945.706199999898672 ], [ -7904470.167500000447035, -3593925.339000001549721 ], [ -7904434.982899999246001, -3593903.197700001299381 ], [ -7904396.401699999347329, -3593888.124800000339746 ], [ -7904341.489299999549985, -3593892.031399998813868 ], [ -7904319.789000000804663, -3593856.21680000051856 ], [ -7904263.574899999424815, -3593854.307 ], [ -7904250.148299999535084, -3593893.672499999403954 ], [ -7904288.345799999311566, -3593915.760200001299381 ], [ -7904325.796700000762939, -3593940.780999999493361 ], [ -7904362.23619999922812, -3593959.980399999767542 ], [ -7904365.240599999204278, -3594016.569600000977516 ], [ -7904407.115199999883771, -3594018.736600000411272 ], [ -7904412.8059, -3594058.927000001072884 ], [ -7904469.010500000789762, -3594060.252300001680851 ], [ -7904478.399399999529123, -3594106.215900000184774 ], [ -7904483.245400000363588, -3594158.100900001823902 ], [ -7904484.730699999257922, -3594212.966299999505281 ], [ -7904483.7215, -3594268.460799999535084 ], [ -7904481.057700000703335, -3594322.817400000989437 ], [ -7904467.299499999731779, -3594368.030200000852346 ], [ -7904444.086300000548363, -3594410.493299998342991 ], [ -7904405.48369999974966, -3594426.954599998891354 ], [ -7904373.364199999719858, -3594448.554900001734495 ], [ -7904317.5778, -3594444.30180000141263 ], [ -7904314.435699999332428, -3594479.980599999427795 ], [ -7904289.660499999299645, -3594518.384100001305342 ], [ -7904245.979399999603629, -3594525.008699998259544 ], [ -7904193.730000000447035, -3594523.611299999058247 ], [ -7904139.354100000113249, -3594521.083999998867512 ], [ -7904085.4243, -3594519.132500000298023 ], [ -7904031.198699999600649, -3594523.025699999183416 ], [ -7903978.67960000038147, -3594526.888099998235703 ], [ -7903956.948100000619888, -3594489.319699998944998 ], [ -7903921.451400000602007, -3594474.1891999989748 ], [ -7903915.64809999987483, -3594419.399999998509884 ], [ -7903878.989900000393391, -3594412.465900000184774 ], [ -7903848.062899999320507, -3594390.829700000584126 ], [ -7903832.6491, -3594353.14809999987483 ], [ -7903815.415100000798702, -3594313.163400001823902 ], [ -7903811.365299999713898, -3594258.927299998700619 ], [ -7903761.051799999549985, -3594245.8141999989748 ], [ -7903742.415899999439716, -3594286.441700000315905 ], [ -7903751.573899999260902, -3594348.177999999374151 ], [ -7903754.409800000488758, -3594403.604200001806021 ], [ -7903727.200799999758601, -3594429.78660000115633 ], [ -7903677.985500000417233, -3594437.676300000399351 ], [ -7903619.1081000007689, -3594435.227400001138449 ], [ -7903560.9206000007689, -3594428.677999999374151 ], [ -7903532.737999999895692, -3594404.072000000625849 ], [ -7903499.778400000184774, -3594382.4712999984622 ], [ -7903505.304300000891089, -3594327.479299999773502 ], [ -7903468.492000000551343, -3594295.436299998313189 ], [ -7903431.703500000759959, -3594311.861900001764297 ], [ -7903426.483200000599027, -3594369.768100000917912 ], [ -7903453.47829999960959, -3594386.804000001400709 ], [ -7903455.908900000154972, -3594427.6385000012815 ], [ -7903407.762000000104308, -3594434.339999999850988 ], [ -7903355.9222999997437, -3594437.60359999909997 ], [ -7903302.002900000661612, -3594440.3202 ], [ -7903247.492200000211596, -3594442.463199999183416 ], [ -7903193.909800000488758, -3594445.757199998944998 ], [ -7903147.151699999347329, -3594465.2804000005126 ], [ -7903124.7993, -3594441.736999999731779 ], [ -7903081.891699999570847, -3594432.576400000602007 ], [ -7903044.067900000140071, -3594411.061299998313189 ], [ -7903008.863199999555945, -3594391.835299998521805 ], [ -7902974.306500000879169, -3594378.437300000339746 ], [ -7902975.208200000226498, -3594324.696100000292063 ], [ -7902980.762700000777841, -3594265.032299999147654 ], [ -7902962.535199999809265, -3594230.320000000298023 ], [ -7902910.997300000861287, -3594230.072500001639128 ], [ -7902851.5132, -3594236.3902000002563 ], [ -7902820.252399999648333, -3594201.910500001162291 ], [ -7902763.969799999147654, -3594194.155499998480082 ], [ -7902739.550000000745058, -3594162.473400000482798 ], [ -7902716.401499999687076, -3594126.6809 ], [ -7902694.927200000733137, -3594101.369800001382828 ], [ -7902636.523700000718236, -3594094.820099998265505 ], [ -7902609.747999999672174, -3594125.0793999992311 ], [ -7902615.94480000063777, -3594179.861200001090765 ], [ -7902628.333699999377131, -3594239.788499999791384 ], [ -7902630.9835, -3594291.130199998617172 ], [ -7902601.718499999493361, -3594316.1787 ], [ -7902539.496600000187755, -3594311.448399998247623 ], [ -7902513.578299999237061, -3594279.208299998193979 ], [ -7902483.190199999138713, -3594240.624200001358986 ], [ -7902455.502399999648333, -3594217.17509999871254 ], [ -7902414.706599999219179, -3594210.310499999672174 ], [ -7902409.137599999085069, -3594160.188999999314547 ], [ -7902407.7599, -3594104.737300001084805 ], [ -7902383.179199999198318, -3594082.40089999884367 ], [ -7902370.348999999463558, -3594036.496899999678135 ], [ -7902315.135299999266863, -3594031.640700001269579 ], [ -7902278.052500000223517, -3593994.344000000506639 ], [ -7902272.614299999549985, -3593941.301100000739098 ], [ -7902270.225600000470877, -3593888.204199999570847 ], [ -7902228.979599999263883, -3593882.515000000596046 ], [ -7902226.197599999606609, -3593932.784200001507998 ], [ -7902232.050100000575185, -3593988.739399999380112 ], [ -7902257.198100000619888, -3594030.920400001108646 ], [ -7902271.759800000116229, -3594080.297499999403954 ], [ -7902304.782600000500679, -3594111.827199999243021 ], [ -7902315.723099999129772, -3594170.028400000184774 ], [ -7902317.240199999883771, -3594227.229699999094009 ], [ -7902292.351299999281764, -3594257.4551 ], [ -7902239.224899999797344, -3594265.992600001394749 ], [ -7902178.356899999082088, -3594261.82039999961853 ], [ -7902133.495999999344349, -3594246.851700000464916 ], [ -7902135.0142, -3594186.676300000399351 ], [ -7902090.032600000500679, -3594183.388900000602007 ], [ -7902050.506699999794364, -3594215.6261 ], [ -7902000.545499999076128, -3594214.178800001740456 ], [ -7902002.494699999690056, -3594155.747900001704693 ], [ -7901971.0789, -3594132.948100000619888 ], [ -7901914.763299999758601, -3594139.788899999111891 ], [ -7901863.251000000163913, -3594143.040300000458956 ], [ -7901850.555299999192357, -3594108.812300000339746 ], [ -7901800.42879999987781, -3594106.199200000613928 ], [ -7901747.158900000154972, -3594106.561500001698732 ], [ -7901692.5559, -3594107.531300000846386 ], [ -7901638.487199999392033, -3594107.907400000840425 ], [ -7901586.737299999222159, -3594105.906199999153614 ], [ -7901558.10359999909997, -3594076.048599999397993 ], [ -7901505.315899999812245, -3594076.985300000756979 ], [ -7901449.939600000157952, -3594081.471500001847744 ], [ -7901401.872400000691414, -3594078.236299999058247 ], [ -7901380.0757, -3594044.7533 ], [ -7901356.276799999177456, -3594013.057599999010563 ], [ -7901327.794600000604987, -3593981.445099998265505 ], [ -7901295.961500000208616, -3593953.395700000226498 ], [ -7901295.834300000220537, -3593894.418800000101328 ], [ -7901265.42200000025332, -3593868.680100001394749 ], [ -7901207.614, -3593873.208099998533726 ], [ -7901165.249199999496341, -3593861.695799998939037 ], [ -7901133.849600000306964, -3593845.901399999856949 ], [ -7901117.0855, -3593809.409600000828505 ], [ -7901093.268200000748038, -3593772.45890000090003 ], [ -7901051.961300000548363, -3593763.2632 ], [ -7900995.039799999445677, -3593770.694299999624491 ], [ -7900943.699799999594688, -3593773.354800000786781 ], [ -7900937.538100000470877, -3593732.587699998170137 ], [ -7900883.350700000301003, -3593736.4662000015378 ], [ -7900840.276499999687076, -3593723.797400001436472 ], [ -7900808.896600000560284, -3593694.571400001645088 ], [ -7900754.440300000831485, -3593695.534299999475479 ], [ -7900701.716399999335408, -3593695.882500000298023 ], [ -7900663.645600000396371, -3593670.278000000864267 ], [ -7900632.681700000539422, -3593695.93470000103116 ], [ -7900618.965800000354648, -3593746.396200001239777 ], [ -7900597.700400000438094, -3593714.071100000292063 ], [ -7900581.347500000149012, -3593678.155600000172853 ], [ -7900522.474600000306964, -3593690.290399998426437 ], [ -7900491.9134, -3593666.30460000038147 ], [ -7900485.726199999451637, -3593611.523499999195337 ], [ -7900438.533299999311566, -3593604.181699998676777 ], [ -7900382.095300000160933, -3593608.097699999809265 ], [ -7900327.564300000667572, -3593617.235199999064207 ], [ -7900305.57909999974072, -3593653.827399998903275 ], [ -7900286.900800000876188, -3593696.784699998795986 ], [ -7900218.588500000536442, -3593742.3695 ], [ -7900171.17879999987781, -3593764.227699998766184 ], [ -7900121.607899999246001, -3593780.868299998342991 ], [ -7900071.964099999517202, -3593797.510000001639128 ], [ -7900046.370300000533462, -3593860.44370000064373 ], [ -7900083.362400000914931, -3593834.681800000369549 ] ], [ [ -7907123.848899999633431, -3600016.0449 ], [ -7907129.437300000339746, -3599959.273400001227856 ], [ -7907104.684499999508262, -3599930.513399999588728 ], [ -7907087.7138, -3599898.106199998408556 ], [ -7907138.509199999272823, -3599890.170200001448393 ], [ -7907194.391699999570847, -3599890.320300001651049 ], [ -7907232.466399999335408, -3599908.3213 ], [ -7907265.772600000724196, -3599925.82490000128746 ], [ -7907306.490599999204278, -3599933.261599998921156 ], [ -7907304.925300000235438, -3599993.464999999850988 ], [ -7907238.214999999850988, -3599999.355000000447035 ], [ -7907123.848899999633431, -3600016.0449 ] ], [ [ -7907106.478900000452995, -3599695.626299999654293 ], [ -7907042.909, -3599700.289500001817942 ], [ -7907039.002900000661612, -3599644.860800001770258 ], [ -7907038.05519999936223, -3599592.299600001424551 ], [ -7907076.50899999961257, -3599576.994100000709295 ], [ -7907088.98340000025928, -3599619.997999999672174 ], [ -7907121.9836, -3599660.875599998980761 ], [ -7907106.478900000452995, -3599695.626299999654293 ] ], [ [ -7907219.087500000372529, -3599281.713700000196695 ], [ -7907219.336500000208616, -3599337.791499998420477 ], [ -7907143.70130000077188, -3599328.070099998265505 ], [ -7907076.1469, -3599307.101399999111891 ], [ -7907054.283600000664592, -3599271.279699999839067 ], [ -7906995.965700000524521, -3599272.925799999386072 ], [ -7906965.632999999448657, -3599248.942099999636412 ], [ -7906960.79109999909997, -3599204.047800000756979 ], [ -7906934.343699999153614, -3599175.903999999165535 ], [ -7906930.195699999108911, -3599125.155499998480082 ], [ -7906892.199699999764562, -3599119.421 ], [ -7906895.366100000217557, -3599063.281899999827147 ], [ -7906877.410000000149012, -3599024.468600001186132 ], [ -7906860.2281, -3598990.3147 ], [ -7906914.003799999132752, -3598984.662799999117851 ], [ -7906966.588999999687076, -3598989.547499999403954 ], [ -7906982.716900000348687, -3599019.631099998950958 ], [ -7907036.17850000038743, -3599022.747000001370907 ], [ -7907035.95920000039041, -3599077.079700000584126 ], [ -7907068.712300000712276, -3599092.25620000064373 ], [ -7907074.111999999731779, -3599145.90260000154376 ], [ -7907080.631799999624491, -3599197.192200001329184 ], [ -7907109.387599999085069, -3599163.954 ], [ -7907140.278100000694394, -3599178.5801 ], [ -7907155.295700000599027, -3599225.625599998980761 ], [ -7907209.216299999505281, -3599233.9901 ], [ -7907219.087500000372529, -3599281.713700000196695 ] ] ] ] } },
{ "type": "Feature", "properties": { "objectid": 13653, "st_area_sh": 91835.790515999994, "st_length_": 1556.6777023699999, "Nombre": null, "Tipo": "Laguna", "objectid_2": 73, "shape_leng": 383407.33258799999, "dis_elec": 5, "cir_sena": 5, "cod_comuna": 4303, "codregion": 4, "st_area_sh_2": 5729658414.3100004, "st_length__2": 446491.20105799998, "Region": "Región de Coquimbo", "Comuna": "Monte Patria", "Provincia": "Limarí" }, "geometry": { "type": "MultiPolygon", "coordinates": [ [ [ [ -7909619.874399999156594, -3621296.513900000602007 ], [ -7909669.953700000420213, -3621288.564399998635054 ], [ -7909673.474199999123812, -3621236.415899999439716 ], [ -7909709.637399999424815, -3621215.849399998784065 ], [ -7909767.237099999561906, -3621217.123500000685453 ], [ -7909776.412000000476837, -3621173.648699998855591 ], [ -7909781.130400000140071, -3621071.736699998378754 ], [ -7909760.155799999833107, -3621039.354200001806021 ], [ -7909738.860400000587106, -3621009.318500000983477 ], [ -7909749.143899999558926, -3620968.749699998646975 ], [ -7909771.1875, -3620934.400400001555681 ], [ -7909810.2653, -3620931.921100001782179 ], [ -7909786.072100000455976, -3620896.672699999064207 ], [ -7909766.9276, -3620864.841899998486042 ], [ -7909737.769999999552965, -3620836.707699999213219 ], [ -7909692.618699999526143, -3620833.4474 ], [ -7909688.0801, -3620794.324099998921156 ], [ -7909673.062000000849366, -3620761.2467 ], [ -7909632.424499999731779, -3620761.9989 ], [ -7909630.085200000554323, -3620817.049400001764297 ], [ -7909603.031500000506639, -3620852.076099999248981 ], [ -7909605.12639999948442, -3620908.800500001758337 ], [ -7909583.959899999201298, -3620941.377700001001358 ], [ -7909564.877599999308586, -3620974.501499999314547 ], [ -7909527.208799999207258, -3621016.162000000476837 ], [ -7909560.128699999302626, -3621043.057 ], [ -7909578.973500000312924, -3621078.405299998819828 ], [ -7909576.800899999216199, -3621134.624499998986721 ], [ -7909565.258600000292063, -3621183.995000001043081 ], [ -7909529.656099999323487, -3621213.328699998557568 ], [ -7909494.725600000470877, -3621245.5760000012815 ], [ -7909509.187599999830127, -3621288.028400000184774 ], [ -7909561.349899999797344, -3621296.426600001752377 ], [ -7909619.874399999156594, -3621296.513900000602007 ] ] ] ] } },
{ "type": "Feature", "properties": { "objectid": 13613, "st_area_sh": 27731.434520899998, "st_length_": 690.49517071100001, "Nombre": null, "Tipo": "Laguna", "objectid_2": 76, "shape_leng": 319010.52720700001, "dis_elec": 5, "cir_sena": 5, "cod_comuna": 4305, "codregion": 4, "st_area_sh_2": 2976859156.6099997, "st_length__2": 370541.54314899998, "Region": "Región de Coquimbo", "Comuna": "Río Hurtado", "Provincia": "Limarí" }, "geometry": { "type": "MultiPolygon", "coordinates": [ [ [ [ -7850978.948999999091029, -3546812.104699999094009 ], [ -7851073.046299999579787, -3546816.068199999630451 ], [ -7851119.240399999544024, -3546809.624200001358986 ], [ -7851136.616100000217557, -3546775.059099998325109 ], [ -7851152.709899999201298, -3546739.347699999809265 ], [ -7851190.509600000455976, -3546724.871100001037121 ], [ -7851185.745100000873208, -3546669.077300000935793 ], [ -7851149.9803, -3546632.904699999839067 ], [ -7851116.137700000777841, -3546653.727800000458956 ], [ -7851083.400800000876188, -3546673.372299998998642 ], [ -7851026.944900000467896, -3546670.063299998641014 ], [ -7850976.644999999552965, -3546672.489399999380112 ], [ -7850977.607100000604987, -3546725.4254 ], [ -7850977.6570999994874, -3546777.792199999094009 ], [ -7850978.948999999091029, -3546812.104699999094009 ] ] ] ] } },
{ "type": "Feature", "properties": { "objectid": 13619, "st_area_sh": 15417.0298544, "st_length_": 598.36249637699996, "Nombre": null, "Tipo": "Laguna", "objectid_2": 76, "shape_leng": 319010.52720700001, "dis_elec": 5, "cir_sena": 5, "cod_comuna": 4305, "codregion": 4, "st_area_sh_2": 2976859156.6099997, "st_length__2": 370541.54314899998, "Region": "Región de Coquimbo", "Comuna": "Río Hurtado", "Provincia": "Limarí" }, "geometry": { "type": "MultiPolygon", "coordinates": [ [ [ [ -7840657.4967, -3560221.855000000447035 ], [ -7840588.38399999961257, -3560256.519799999892712 ], [ -7840584.1404, -3560304.920499999076128 ], [ -7840587.706800000742078, -3560360.794199999421835 ], [ -7840652.828199999406934, -3560362.876899998635054 ], [ -7840657.093000000342727, -3560313.310699999332428 ], [ -7840688.765599999576807, -3560291.354899998754263 ], [ -7840706.389599999412894, -3560252.686000000685453 ], [ -7840761.100999999791384, -3560253.73589999973774 ], [ -7840731.214400000870228, -3560178.976300001144409 ], [ -7840693.001299999654293, -3560202.180399999022484 ], [ -7840657.4967, -3560221.855000000447035 ] ] ] ] } },
{ "type": "Feature", "properties": { "objectid": 13620, "st_area_sh": 13102.431444399999, "st_length_": 489.85750629, "Nombre": null, "Tipo": "Laguna", "objectid_2": 76, "shape_leng": 319010.52720700001, "dis_elec": 5, "cir_sena": 5, "cod_comuna": 4305, "codregion": 4, "st_area_sh_2": 2976859156.6099997, "st_length__2": 370541.54314899998, "Region": "Región de Coquimbo", "Comuna": "Río Hurtado", "Provincia": "Limarí" }, "geometry": { "type": "MultiPolygon", "coordinates": [ [ [ [ -7840973.650900000706315, -3560427.518199998885393 ], [ -7840987.530899999663234, -3560502.482999999076128 ], [ -7841042.125600000843406, -3560494.213100001215935 ], [ -7841046.269899999722838, -3560429.502999998629093 ], [ -7841047.490199999883771, -3560377.063000001013279 ], [ -7841015.411100000143051, -3560358.250599998980761 ], [ -7840972.571599999442697, -3560322.10080000013113 ], [ -7840933.596300000324845, -3560336.578200001269579 ], [ -7840937.635199999436736, -3560392.445900000631809 ], [ -7840973.650900000706315, -3560427.518199998885393 ] ] ] ] } },
{ "type": "Feature", "properties": { "objectid": 13621, "st_area_sh": 30284.265057799999, "st_length_": 937.358436224, "Nombre": null, "Tipo": "Laguna", "objectid_2": 76, "shape_leng": 319010.52720700001, "dis_elec": 5, "cir_sena": 5, "cod_comuna": 4305, "codregion": 4, "st_area_sh_2": 2976859156.6099997, "st_length__2": 370541.54314899998, "Region": "Región de Coquimbo", "Comuna": "Río Hurtado", "Provincia": "Limarí" }, "geometry": { "type": "MultiPolygon", "coordinates": [ [ [ [ -7840606.0888, -3561725.995099999010563 ], [ -7840606.787699999287724, -3561864.6349 ], [ -7840644.23369999974966, -3561897.946199998259544 ], [ -7840692.432700000703335, -3561901.99210000038147 ], [ -7840747.66469999961555, -3561897.792300000786781 ], [ -7840781.188999999314547, -3561953.290699999779463 ], [ -7840819.1678, -3561965.622499998658895 ], [ -7840833.143300000578165, -3562005.058600001037121 ], [ -7840888.368200000375509, -3562000.275600001215935 ], [ -7840865.57039999961853, -3561933.571699999272823 ], [ -7840854.297399999573827, -3561895.848999999463558 ], [ -7840799.166899999603629, -3561899.465399999171495 ], [ -7840782.222500000149012, -3561865.893100000917912 ], [ -7840770.674200000241399, -3561826.426300000399351 ], [ -7840749.840600000694394, -3561797.5641999989748 ], [ -7840711.391000000759959, -3561782.325599998235703 ], [ -7840683.023800000548363, -3561756.472300000488758 ], [ -7840640.14159999974072, -3561745.950500000268221 ], [ -7840606.0888, -3561725.995099999010563 ] ] ] ] } },
{ "type": "Feature", "properties": { "objectid": 13624, "st_area_sh": 26138.061029600001, "st_length_": 678.97374038199996, "Nombre": null, "Tipo": "Laguna", "objectid_2": 76, "shape_leng": 319010.52720700001, "dis_elec": 5, "cir_sena": 5, "cod_comuna": 4305, "codregion": 4, "st_area_sh_2": 2976859156.6099997, "st_length__2": 370541.54314899998, "Region": "Región de Coquimbo", "Comuna": "Río Hurtado", "Provincia": "Limarí" }, "geometry": { "type": "MultiPolygon", "coordinates": [ [ [ [ -7819328.1206, -3567121.480599999427795 ], [ -7819383.2939, -3567115.624899998307228 ], [ -7819453.5987, -3567111.350000001490116 ], [ -7819450.755899999290705, -3567053.682199999690056 ], [ -7819486.096899999305606, -3567034.057900000363588 ], [ -7819454.632200000807643, -3567010.510600000619888 ], [ -7819415.098400000482798, -3566998.126200001686811 ], [ -7819385.305099999532104, -3566971.646200001239777 ], [ -7819328.712899999693036, -3566967.026799999177456 ], [ -7819273.320699999108911, -3566969.387699998915195 ], [ -7819235.005699999630451, -3566985.547200001776218 ], [ -7819243.115199999883771, -3567044.322200000286102 ], [ -7819274.724700000137091, -3567067.868500001728535 ], [ -7819311.239900000393391, -3567082.618099998682737 ], [ -7819328.1206, -3567121.480599999427795 ] ] ] ] } },
{ "type": "Feature", "properties": { "objectid": 13625, "st_area_sh": 34561.180747099999, "st_length_": 714.00580424199995, "Nombre": null, "Tipo": "Laguna", "objectid_2": 76, "shape_leng": 319010.52720700001, "dis_elec": 5, "cir_sena": 5, "cod_comuna": 4305, "codregion": 4, "st_area_sh_2": 2976859156.6099997, "st_length__2": 370541.54314899998, "Region": "Región de Coquimbo", "Comuna": "Río Hurtado", "Provincia": "Limarí" }, "geometry": { "type": "MultiPolygon", "coordinates": [ [ [ [ -7826938.651699999347329, -3567907.502900000661612 ], [ -7826978.252000000327826, -3567871.486900001764297 ], [ -7826984.04109999909997, -3567832.951200000941753 ], [ -7827017.199999999254942, -3567810.415899999439716 ], [ -7827004.352399999275804, -3567765.103900000452995 ], [ -7826976.716499999165535, -3567738.615699999034405 ], [ -7826974.48369999974966, -3567689.682900000363588 ], [ -7826925.5428, -3567682.677099999040365 ], [ -7826867.103199999779463, -3567688.021600000560284 ], [ -7826833.595300000160933, -3567711.725999999791384 ], [ -7826799.800100000575185, -3567732.519600000232458 ], [ -7826800.593800000846386, -3567801.286100000143051 ], [ -7826834.6415, -3567871.413800001144409 ], [ -7826906.269500000402331, -3567887.480999998748302 ], [ -7826938.651699999347329, -3567907.502900000661612 ] ] ] ] } },
{ "type": "Feature", "properties": { "objectid": 13626, "st_area_sh": 30617.788299100001, "st_length_": 679.71849447099999, "Nombre": null, "Tipo": "Laguna", "objectid_2": 76, "shape_leng": 319010.52720700001, "dis_elec": 5, "cir_sena": 5, "cod_comuna": 4305, "codregion": 4, "st_area_sh_2": 2976859156.6099997, "st_length__2": 370541.54314899998, "Region": "Región de Coquimbo", "Comuna": "Río Hurtado", "Provincia": "Limarí" }, "geometry": { "type": "MultiPolygon", "coordinates": [ [ [ [ -7845633.308599999174476, -3571238.069499999284744 ], [ -7845690.33, -3571240.232999999076128 ], [ -7845704.850199999287724, -3571202.730700001120567 ], [ -7845742.373999999836087, -3571188.827500000596046 ], [ -7845738.961200000718236, -3571132.906399998813868 ], [ -7845744.456199999898672, -3571073.370200000703335 ], [ -7845736.250700000673532, -3571028.006400000303984 ], [ -7845686.7949, -3571019.330699998885393 ], [ -7845631.7982, -3571030.548900000751019 ], [ -7845612.737500000745058, -3571064.612500000745058 ], [ -7845595.366900000721216, -3571100.402899999171495 ], [ -7845559.975999999791384, -3571116.609400000423193 ], [ -7845563.315500000491738, -3571172.531500000506639 ], [ -7845598.516100000590086, -3571225.119199998676777 ], [ -7845633.308599999174476, -3571238.069499999284744 ] ] ] ] } },
{ "type": "Feature", "properties": { "objectid": 13627, "st_area_sh": 21847.683701499998, "st_length_": 715.08077258599997, "Nombre": null, "Tipo": "Laguna", "objectid_2": 76, "shape_leng": 319010.52720700001, "dis_elec": 5, "cir_sena": 5, "cod_comuna": 4305, "codregion": 4, "st_area_sh_2": 2976859156.6099997, "st_length__2": 370541.54314899998, "Region": "Región de Coquimbo", "Comuna": "Río Hurtado", "Provincia": "Limarí" }, "geometry": { "type": "MultiPolygon", "coordinates": [ [ [ [ -7846118.831399999558926, -3573753.313900001347065 ], [ -7846121.8256, -3573674.556200001388788 ], [ -7846120.11009999923408, -3573623.849800001829863 ], [ -7846082.671399999409914, -3573611.516699999570847 ], [ -7846059.925899999216199, -3573580.330400001257658 ], [ -7846049.28999999910593, -3573537.9054000005126 ], [ -7846023.945900000631809, -3573502.088899999856949 ], [ -7846010.697000000625849, -3573545.412500001490116 ], [ -7846015.859899999573827, -3573601.903999999165535 ], [ -7845975.831599999219179, -3573610.596099998801947 ], [ -7845979.404200000688434, -3573720.170699998736382 ], [ -7846049.210400000214577, -3573717.499000001698732 ], [ -7846063.50650000013411, -3573756.960700001567602 ], [ -7846118.831399999558926, -3573753.313900001347065 ] ] ] ] } },
{ "type": "Feature", "properties": { "objectid": 13637, "st_area_sh": 27856.7946195, "st_length_": 930.85663605299999, "Nombre": null, "Tipo": "Laguna", "objectid_2": 76, "shape_leng": 319010.52720700001, "dis_elec": 5, "cir_sena": 5, "cod_comuna": 4305, "codregion": 4, "st_area_sh_2": 2976859156.6099997, "st_length__2": 370541.54314899998, "Region": "Región de Coquimbo", "Comuna": "Río Hurtado", "Provincia": "Limarí" }, "geometry": { "type": "MultiPolygon", "coordinates": [ [ [ [ -7830531.0, -3583108.033599998801947 ], [ -7830532.846899999305606, -3583153.528000000864267 ], [ -7830602.712899999693036, -3583135.766699999570847 ], [ -7830631.8991, -3583112.074499998241663 ], [ -7830688.255400000140071, -3583114.899000000208616 ], [ -7830739.512499999254942, -3583113.116099998354912 ], [ -7830755.540200000628829, -3583078.4945 ], [ -7830811.111999999731779, -3583082.494899999350309 ], [ -7830854.468900000676513, -3583048.128199998289347 ], [ -7830883.209799999371171, -3583014.520799998193979 ], [ -7830837.196699999272823, -3583008.655099999159575 ], [ -7830781.990299999713898, -3583013.986999999731779 ], [ -7830768.130699999630451, -3582971.555300001055002 ], [ -7830742.990299999713898, -3583002.78489999845624 ], [ -7830700.691299999132752, -3583013.213199999183416 ], [ -7830642.457100000232458, -3583008.077199999243021 ], [ -7830597.894400000572205, -3583017.365299999713898 ], [ -7830601.352399999275804, -3583076.261500000953674 ], [ -7830556.137900000438094, -3583082.639600001275539 ], [ -7830531.0, -3583108.033599998801947 ] ] ] ] } },
{ "type": "Feature", "properties": { "objectid": 13639, "st_area_sh": 36375.695385300001, "st_length_": 731.27533358200003, "Nombre": null, "Tipo": "Laguna", "objectid_2": 76, "shape_leng": 319010.52720700001, "dis_elec": 5, "cir_sena": 5, "cod_comuna": 4305, "codregion": 4, "st_area_sh_2": 2976859156.6099997, "st_length__2": 370541.54314899998, "Region": "Región de Coquimbo", "Comuna": "Río Hurtado", "Provincia": "Limarí" }, "geometry": { "type": "MultiPolygon", "coordinates": [ [ [ [ -7838305.056800000369549, -3584003.792100001126528 ], [ -7838243.2116, -3584038.420299999415874 ], [ -7838224.322599999606609, -3584074.840599998831749 ], [ -7838207.037599999457598, -3584111.824400000274181 ], [ -7838204.645600000396371, -3584167.295000001788139 ], [ -7838209.206000000238419, -3584215.67509999871254 ], [ -7838242.838400000706315, -3584238.010600000619888 ], [ -7838284.175699999555945, -3584214.728900000452995 ], [ -7838368.696399999782443, -3584217.163199998438358 ], [ -7838382.294299999251962, -3584178.474700000137091 ], [ -7838420.009800000116229, -3584158.739999998360872 ], [ -7838418.655899999663234, -3584102.7331000007689 ], [ -7838389.921900000423193, -3584074.500599998980761 ], [ -7838375.397199999541044, -3584036.16780000180006 ], [ -7838349.3125, -3584010.81980000063777 ], [ -7838305.056800000369549, -3584003.792100001126528 ] ] ] ] } },
{ "type": "Feature", "properties": { "objectid": 13640, "st_area_sh": 36484.543212500001, "st_length_": 914.538611651, "Nombre": null, "Tipo": "Laguna", "objectid_2": 76, "shape_leng": 319010.52720700001, "dis_elec": 5, "cir_sena": 5, "cod_comuna": 4305, "codregion": 4, "st_area_sh_2": 2976859156.6099997, "st_length__2": 370541.54314899998, "Region": "Región de Coquimbo", "Comuna": "Río Hurtado", "Provincia": "Limarí" }, "geometry": { "type": "MultiPolygon", "coordinates": [ [ [ [ -7832040.82630000077188, -3584245.292899999767542 ], [ -7832043.0406, -3584326.969700001180172 ], [ -7832098.771600000560284, -3584328.6283 ], [ -7832111.968900000676513, -3584288.199999999254942 ], [ -7832147.203199999406934, -3584308.7820999994874 ], [ -7832182.701199999079108, -3584324.108600001782179 ], [ -7832187.78319999948144, -3584251.6809 ], [ -7832244.825999999418855, -3584256.824499998241663 ], [ -7832247.535499999299645, -3584216.523600000888109 ], [ -7832213.933000000193715, -3584198.839999999850988 ], [ -7832216.677899999544024, -3584143.365499999374151 ], [ -7832217.69510000012815, -3584089.0793999992311 ], [ -7832178.029200000688434, -3584080.223299998790026 ], [ -7832161.197799999266863, -3584117.193599998950958 ], [ -7832104.351099999621511, -3584113.214400000870228 ], [ -7832076.630999999120831, -3584138.061299998313189 ], [ -7832039.154500000178814, -3584151.354699999094009 ], [ -7832021.829700000584126, -3584186.580200001597404 ], [ -7832004.845499999821186, -3584222.968800000846386 ], [ -7832040.82630000077188, -3584245.292899999767542 ] ] ] ] } },
{ "type": "Feature", "properties": { "objectid": 13641, "st_area_sh": 21883.4727174, "st_length_": 595.94602853799995, "Nombre": null, "Tipo": "Laguna", "objectid_2": 76, "shape_leng": 319010.52720700001, "dis_elec": 5, "cir_sena": 5, "cod_comuna": 4305, "codregion": 4, "st_area_sh_2": 2976859156.6099997, "st_length__2": 370541.54314899998, "Region": "Región de Coquimbo", "Comuna": "Río Hurtado", "Provincia": "Limarí" }, "geometry": { "type": "MultiPolygon", "coordinates": [ [ [ [ -7836609.396099999547005, -3584370.568900000303984 ], [ -7836669.186300000175834, -3584339.475000001490116 ], [ -7836714.503200000151992, -3584329.571199998259544 ], [ -7836715.893100000917912, -3584271.778099998831749 ], [ -7836667.717700000852346, -3584270.629299998283386 ], [ -7836642.253100000321865, -3584239.433600001037121 ], [ -7836594.963899999856949, -3584227.768800001591444 ], [ -7836537.339199999347329, -3584228.488299999386072 ], [ -7836498.364800000563264, -3584246.482500001788139 ], [ -7836502.605699999257922, -3584304.788800001144409 ], [ -7836536.474099999293685, -3584340.548900000751019 ], [ -7836573.740399999544024, -3584357.591400001198053 ], [ -7836609.396099999547005, -3584370.568900000303984 ] ] ] ] } },
{ "type": "Feature", "properties": { "objectid": 13642, "st_area_sh": 19536.925524300001, "st_length_": 556.78873002600005, "Nombre": null, "Tipo": "Laguna", "objectid_2": 76, "shape_leng": 319010.52720700001, "dis_elec": 5, "cir_sena": 5, "cod_comuna": 4305, "codregion": 4, "st_area_sh_2": 2976859156.6099997, "st_length__2": 370541.54314899998, "Region": "Región de Coquimbo", "Comuna": "Río Hurtado", "Provincia": "Limarí" }, "geometry": { "type": "MultiPolygon", "coordinates": [ [ [ [ -7836046.623199999332428, -3584276.039700001478195 ], [ -7835980.005899999290705, -3584277.452100001275539 ], [ -7835976.378599999472499, -3584324.768300000578165 ], [ -7835982.896199999377131, -3584382.463300000876188 ], [ -7836012.854599999263883, -3584451.538800001144409 ], [ -7836072.908299999311566, -3584418.109900001436472 ], [ -7836086.3465, -3584380.592300001531839 ], [ -7836124.458200000226498, -3584363.193599998950958 ], [ -7836127.033800000324845, -3584304.218400001525879 ], [ -7836104.902100000530481, -3584269.478399999439716 ], [ -7836046.623199999332428, -3584276.039700001478195 ] ] ] ] } },
{ "type": "Feature", "properties": { "objectid": 13643, "st_area_sh": 18890.019441500001, "st_length_": 566.38428674800002, "Nombre": null, "Tipo": "Laguna", "objectid_2": 76, "shape_leng": 319010.52720700001, "dis_elec": 5, "cir_sena": 5, "cod_comuna": 4305, "codregion": 4, "st_area_sh_2": 2976859156.6099997, "st_length__2": 370541.54314899998, "Region": "Región de Coquimbo", "Comuna": "Río Hurtado", "Provincia": "Limarí" }, "geometry": { "type": "MultiPolygon", "coordinates": [ [ [ [ -7829458.489900000393391, -3585198.4507 ], [ -7829476.723600000143051, -3585162.63120000064373 ], [ -7829437.726700000464916, -3585149.088599998503923 ], [ -7829440.767400000244379, -3585093.02309999987483 ], [ -7829403.889399999752641, -3585080.622499998658895 ], [ -7829373.829800000414252, -3585052.382399998605251 ], [ -7829329.878799999132752, -3585068.080400001257658 ], [ -7829299.755799999460578, -3585092.951699998229742 ], [ -7829297.146800000220537, -3585142.592000000178814 ], [ -7829300.8487, -3585197.99379999935627 ], [ -7829370.759800000116229, -3585198.328600000590086 ], [ -7829458.489900000393391, -3585198.4507 ] ] ] ] } },
{ "type": "Feature", "properties": { "objectid": 13644, "st_area_sh": 33375.3079029, "st_length_": 844.22481932100004, "Nombre": null, "Tipo": "Laguna", "objectid_2": 76, "shape_leng": 319010.52720700001, "dis_elec": 5, "cir_sena": 5, "cod_comuna": 4305, "codregion": 4, "st_area_sh_2": 2976859156.6099997, "st_length__2": 370541.54314899998, "Region": "Región de Coquimbo", "Comuna": "Río Hurtado", "Provincia": "Limarí" }, "geometry": { "type": "MultiPolygon", "coordinates": [ [ [ [ -7833619.552200000733137, -3587912.561599999666214 ], [ -7833654.403200000524521, -3587897.540199998766184 ], [ -7833689.2851, -3587876.096999999135733 ], [ -7833710.667300000786781, -3587843.144200000911951 ], [ -7833724.072499999776483, -3587805.035500001162291 ], [ -7833692.52280000038445, -3587777.98589999973774 ], [ -7833653.433000000193715, -3587766.790199998766184 ], [ -7833629.6097, -3587733.224500000476837 ], [ -7833572.085100000724196, -3587731.5945999994874 ], [ -7833548.787799999117851, -3587759.316599998623133 ], [ -7833515.302200000733137, -3587773.153200000524521 ], [ -7833492.562000000849366, -3587736.07149999961257 ], [ -7833439.462999999523163, -3587743.143100000917912 ], [ -7833423.858799999579787, -3587776.608199998736382 ], [ -7833411.287599999457598, -3587814.706300001591444 ], [ -7833478.386299999430776, -3587845.407600000500679 ], [ -7833530.700400000438094, -3587842.431699998676777 ], [ -7833547.40819999948144, -3587879.003899998962879 ], [ -7833599.569199999794364, -3587878.364599999040365 ], [ -7833619.552200000733137, -3587912.561599999666214 ] ] ] ] } },
{ "type": "Feature", "properties": { "objectid": 13691, "st_area_sh": 20999.797548, "st_length_": 588.75708715600001, "Nombre": null, "Tipo": "Laguna", "objectid_2": 65, "shape_leng": 372597.42871200002, "dis_elec": 5, "cir_sena": 5, "cod_comuna": 4204, "codregion": 4, "st_area_sh_2": 4795458230.04, "st_length__2": 440576.77868400002, "Region": "Región de Coquimbo", "Comuna": "Salamanca", "Provincia": "Choapa" }, "geometry": { "type": "MultiPolygon", "coordinates": [ [ [ [ -7853692.087400000542402, -3714046.862300001084805 ], [ -7853712.332800000905991, -3714010.604400001466274 ], [ -7853683.029899999499321, -3713937.9054000005126 ], [ -7853662.095300000160933, -3713904.593800000846386 ], [ -7853641.005699999630451, -3713870.694899998605251 ], [ -7853593.031199999153614, -3713862.534299999475479 ], [ -7853570.113900000229478, -3713901.777899999171495 ], [ -7853530.880400000140071, -3713915.309399999678135 ], [ -7853534.942600000649691, -3713971.858199998736382 ], [ -7853568.268500000238419, -3714012.659000001847744 ], [ -7853622.767300000414252, -3714010.113000001758337 ], [ -7853639.485300000756979, -3714043.484999999403954 ], [ -7853692.087400000542402, -3714046.862300001084805 ] ] ] ] } },
{ "type": "Feature", "properties": { "objectid": 13695, "st_area_sh": 29690.175919500001, "st_length_": 828.96450412800004, "Nombre": null, "Tipo": "Laguna", "objectid_2": 65, "shape_leng": 372597.42871200002, "dis_elec": 5, "cir_sena": 5, "cod_comuna": 4204, "codregion": 4, "st_area_sh_2": 4795458230.04, "st_length__2": 440576.77868400002, "Region": "Región de Coquimbo", "Comuna": "Salamanca", "Provincia": "Choapa" }, "geometry": { "type": "MultiPolygon", "coordinates": [ [ [ [ -7851459.69400000013411, -3721124.615299999713898 ], [ -7851484.833000000566244, -3721090.630899999290705 ], [ -7851520.645999999716878, -3721069.47580000013113 ], [ -7851521.281999999657273, -3721015.187300000339746 ], [ -7851518.921499999240041, -3720959.171300001442432 ], [ -7851553.85359999909997, -3720938.028799999505281 ], [ -7851595.718699999153614, -3720911.478500001132488 ], [ -7851599.9572, -3720852.420000001788139 ], [ -7851569.852600000798702, -3720825.115499999374151 ], [ -7851517.310000000521541, -3720841.196400001645088 ], [ -7851489.712799999862909, -3720869.905099999159575 ], [ -7851459.971799999475479, -3720902.773800000548363 ], [ -7851439.684100000187755, -3720937.27930000051856 ], [ -7851416.436599999666214, -3720970.056600000709295 ], [ -7851377.753100000321865, -3720985.351700000464916 ], [ -7851379.746099999174476, -3721041.372999999672174 ], [ -7851421.703400000929832, -3721055.531399998813868 ], [ -7851450.601199999451637, -3721080.493700001388788 ], [ -7851459.69400000013411, -3721124.615299999713898 ] ] ] ] } },
{ "type": "Feature", "properties": { "objectid": 13696, "st_area_sh": 31552.717884199999, "st_length_": 782.69594431200005, "Nombre": null, "Tipo": "Laguna", "objectid_2": 65, "shape_leng": 372597.42871200002, "dis_elec": 5, "cir_sena": 5, "cod_comuna": 4204, "codregion": 4, "st_area_sh_2": 4795458230.04, "st_length__2": 440576.77868400002, "Region": "Región de Coquimbo", "Comuna": "Salamanca", "Provincia": "Choapa" }, "geometry": { "type": "MultiPolygon", "coordinates": [ [ [ [ -7846290.728000000119209, -3723318.849800001829863 ], [ -7846341.605599999427795, -3723300.450300000607967 ], [ -7846334.754499999806285, -3723244.483800001442432 ], [ -7846373.759700000286102, -3723222.116099998354912 ], [ -7846408.720300000160933, -3723199.213500000536442 ], [ -7846404.5877, -3723146.160900000482798 ], [ -7846411.3136, -3723090.009300000965595 ], [ -7846387.620200000703335, -3723061.418800000101328 ], [ -7846369.282500000670552, -3723024.49379999935627 ], [ -7846344.235200000926852, -3723058.472100000828505 ], [ -7846290.0811, -3723059.803100001066923 ], [ -7846264.907400000840425, -3723092.602899998426437 ], [ -7846255.854399999603629, -3723142.295099999755621 ], [ -7846228.753100000321865, -3723170.990699999034405 ], [ -7846265.9496, -3723231.852800000458956 ], [ -7846262.614900000393391, -3723289.138799998909235 ], [ -7846290.728000000119209, -3723318.849800001829863 ] ] ] ] } },
{ "type": "Feature", "properties": { "objectid": 13697, "st_area_sh": 70124.155371700021, "st_length_": 1222.40574881, "Nombre": null, "Tipo": "Laguna", "objectid_2": 65, "shape_leng": 372597.42871200002, "dis_elec": 5, "cir_sena": 5, "cod_comuna": 4204, "codregion": 4, "st_area_sh_2": 4795458230.04, "st_length__2": 440576.77868400002, "Region": "Región de Coquimbo", "Comuna": "Salamanca", "Provincia": "Choapa" }, "geometry": { "type": "MultiPolygon", "coordinates": [ [ [ [ -7852906.313400000333786, -3726978.942299999296665 ], [ -7852944.628399999812245, -3726957.146600000560284 ], [ -7852975.520400000736117, -3726934.866300001740456 ], [ -7853032.963199999183416, -3726941.721400000154972 ], [ -7853043.0866, -3726902.0287000015378 ], [ -7853086.676300000399351, -3726900.226799998432398 ], [ -7853090.034099999815226, -3726849.415500000119209 ], [ -7853088.161499999463558, -3726792.186000000685453 ], [ -7853013.340800000354648, -3726797.384199999272823 ], [ -7852958.405999999493361, -3726801.708500001579523 ], [ -7852906.210799999535084, -3726802.4518 ], [ -7852868.461400000378489, -3726788.822900000959635 ], [ -7852843.102399999275804, -3726760.850999999791384 ], [ -7852797.459599999710917, -3726755.0077 ], [ -7852775.916799999773502, -3726721.668999999761581 ], [ -7852729.684100000187755, -3726736.493200000375509 ], [ -7852696.0559, -3726759.991900000721216 ], [ -7852680.894600000232458, -3726799.165300000458956 ], [ -7852661.240499999374151, -3726829.548599999397993 ], [ -7852664.325899999588728, -3726884.400100000202656 ], [ -7852668.3739, -3726939.828400000929832 ], [ -7852731.152799999341369, -3726937.164599999785423 ], [ -7852785.937999999150634, -3726935.204500000923872 ], [ -7852834.970200000330806, -3726939.228900000452995 ], [ -7852849.769500000402331, -3726978.566799998283386 ], [ -7852906.313400000333786, -3726978.942299999296665 ] ] ] ] } },
{ "type": "Feature", "properties": { "objectid": 13698, "st_area_sh": 49300.333173599996, "st_length_": 1062.99029391, "Nombre": null, "Tipo": "Laguna", "objectid_2": 65, "shape_leng": 372597.42871200002, "dis_elec": 5, "cir_sena": 5, "cod_comuna": 4204, "codregion": 4, "st_area_sh_2": 4795458230.04, "st_length__2": 440576.77868400002, "Region": "Región de Coquimbo", "Comuna": "Salamanca", "Provincia": "Choapa" }, "geometry": { "type": "MultiPolygon", "coordinates": [ [ [ [ -7846415.462300000712276, -3741774.278599999845028 ], [ -7846415.698100000619888, -3741680.898200001567602 ], [ -7846376.1570999994874, -3741665.484900001436472 ], [ -7846368.347300000488758, -3741618.313000001013279 ], [ -7846372.181900000199676, -3741559.752399999648333 ], [ -7846356.146800000220537, -3741518.603799998760223 ], [ -7846305.105599999427795, -3741530.533700000494719 ], [ -7846265.829, -3741558.849500000476837 ], [ -7846225.9704, -3741541.667199999094009 ], [ -7846227.338700000196695, -3741485.504900000989437 ], [ -7846176.806399999186397, -3741486.198600001633167 ], [ -7846162.252599999308586, -3741524.2212999984622 ], [ -7846153.314500000327826, -3741575.1689000017941 ], [ -7846132.288799999281764, -3741610.3257 ], [ -7846130.903999999165535, -3741665.30689999833703 ], [ -7846193.628200000151992, -3741674.492800001055002 ], [ -7846222.32039999961853, -3741703.057599999010563 ], [ -7846271.786699999123812, -3741707.697299998253584 ], [ -7846292.491399999707937, -3741738.144600000232458 ], [ -7846308.645999999716878, -3741774.564500000327826 ], [ -7846359.366599999368191, -3741776.822599999606609 ], [ -7846415.462300000712276, -3741774.278599999845028 ] ] ] ] } },
{ "type": "Feature", "properties": { "objectid": 13699, "st_area_sh": 38622.704732799997, "st_length_": 804.52930931699996, "Nombre": null, "Tipo": "Laguna", "objectid_2": 65, "shape_leng": 372597.42871200002, "dis_elec": 5, "cir_sena": 5, "cod_comuna": 4204, "codregion": 4, "st_area_sh_2": 4795458230.04, "st_length__2": 440576.77868400002, "Region": "Región de Coquimbo", "Comuna": "Salamanca", "Provincia": "Choapa" }, "geometry": { "type": "MultiPolygon", "coordinates": [ [ [ [ -7845082.058399999514222, -3743283.124800000339746 ], [ -7845094.348300000652671, -3743240.400199998170137 ], [ -7845124.618100000545382, -3743216.935600001364946 ], [ -7845134.859099999070168, -3743169.510499998927116 ], [ -7845165.7632, -3743141.308699999004602 ], [ -7845152.026399999856949, -3743095.984299998730421 ], [ -7845124.291999999433756, -3743070.355999998748302 ], [ -7845087.325500000268221, -3743052.537399999797344 ], [ -7845058.018899999558926, -3743027.521499998867512 ], [ -7845028.269899999722838, -3742994.236900001764297 ], [ -7844968.171399999409914, -3742992.10080000013113 ], [ -7844944.122899999842048, -3743024.34569999948144 ], [ -7844945.158700000494719, -3743079.300200000405312 ], [ -7844948.9989, -3743137.763099998235703 ], [ -7844977.3147, -3743171.067899998277426 ], [ -7844988.369400000199676, -3743211.109700001776218 ], [ -7845021.98340000025928, -3743228.383499998599291 ], [ -7845057.668700000271201, -3743243.855799999088049 ], [ -7845082.058399999514222, -3743283.124800000339746 ] ] ] ] } },
{ "type": "Feature", "properties": { "objectid": 13700, "st_area_sh": 88310.456581799997, "st_length_": 1325.8234029099999, "Nombre": null, "Tipo": "Laguna", "objectid_2": 65, "shape_leng": 372597.42871200002, "dis_elec": 5, "cir_sena": 5, "cod_comuna": 4204, "codregion": 4, "st_area_sh_2": 4795458230.04, "st_length__2": 440576.77868400002, "Region": "Región de Coquimbo", "Comuna": "Salamanca", "Provincia": "Choapa" }, "geometry": { "type": "MultiPolygon", "coordinates": [ [ [ [ -7840912.5384, -3744544.540899999439716 ], [ -7840963.407600000500679, -3744543.273299999535084 ], [ -7840976.486099999397993, -3744511.769099999219179 ], [ -7841019.2478, -3744503.515500001609325 ], [ -7841077.657199999317527, -3744508.058400001376867 ], [ -7841126.3684, -3744502.089800000190735 ], [ -7841132.69620000012219, -3744449.39469999819994 ], [ -7841151.733799999579787, -3744423.722600001841784 ], [ -7841152.78690000064671, -3744366.960200000554323 ], [ -7841148.92960000038147, -3744311.445700000971556 ], [ -7841123.010700000450015, -3744278.096700001507998 ], [ -7841093.6623, -3744319.274900000542402 ], [ -7841044.301400000229478, -3744320.522999998182058 ], [ -7841016.656600000336766, -3744259.413899999111891 ], [ -7841004.146800000220537, -3744214.063999999314547 ], [ -7840947.966499999165535, -3744219.540199998766184 ], [ -7840936.497400000691414, -3744269.938099998980761 ], [ -7840909.146099999547005, -3744298.084600001573563 ], [ -7840851.509800000116229, -3744293.530600000172853 ], [ -7840830.572100000455976, -3744325.729699999094009 ], [ -7840797.913599999621511, -3744355.719900000840425 ], [ -7840763.544099999591708, -3744378.639400001615286 ], [ -7840762.235500000417233, -3744430.085099998861551 ], [ -7840765.053999999538064, -3744485.022999998182058 ], [ -7840767.468100000172853, -3744539.966400001198053 ], [ -7840857.6601, -3744542.905900001525879 ], [ -7840912.5384, -3744544.540899999439716 ] ] ] ] } },
{ "type": "Feature", "properties": { "objectid": 13701, "st_area_sh": 80633.647458499996, "st_length_": 1161.8960055499999, "Nombre": null, "Tipo": "Laguna", "objectid_2": 65, "shape_leng": 372597.42871200002, "dis_elec": 5, "cir_sena": 5, "cod_comuna": 4204, "codregion": 4, "st_area_sh_2": 4795458230.04, "st_length__2": 440576.77868400002, "Region": "Región de Coquimbo", "Comuna": "Salamanca", "Provincia": "Choapa" }, "geometry": { "type": "MultiPolygon", "coordinates": [ [ [ [ -7840380.9233, -3745161.075500000268221 ], [ -7840391.824899999424815, -3745114.820099998265505 ], [ -7840428.023, -3745074.141100000590086 ], [ -7840455.032800000160933, -3745047.771899998188019 ], [ -7840457.136, -3744995.130699999630451 ], [ -7840456.700500000268221, -3744939.567699998617172 ], [ -7840454.103900000452995, -3744884.624800000339746 ], [ -7840449.744699999690056, -3744832.661200001835823 ], [ -7840426.68610000051558, -3744798.68019999936223 ], [ -7840377.932399999350309, -3744798.735300000756979 ], [ -7840358.974099999293685, -3744836.228999998420477 ], [ -7840302.997400000691414, -3744832.241399999707937 ], [ -7840249.294099999591708, -3744830.587999999523163 ], [ -7840234.417999999597669, -3744870.983300000429153 ], [ -7840203.453299999237061, -3744898.586399998515844 ], [ -7840171.397199999541044, -3744921.474599998444319 ], [ -7840172.185399999842048, -3744978.806400001049042 ], [ -7840157.419099999591708, -3745019.200599998235703 ], [ -7840134.25139999948442, -3745052.612199999392033 ], [ -7840203.820800000801682, -3745117.310499999672174 ], [ -7840258.010900000110269, -3745119.548799999058247 ], [ -7840310.794299999251962, -3745118.258499998599291 ], [ -7840325.475299999117851, -3745158.2632 ], [ -7840380.9233, -3745161.075500000268221 ] ] ] ] } },
{ "type": "Feature", "properties": { "objectid": 13702, "st_area_sh": 117802.86636299999, "st_length_": 1811.62506824, "Nombre": null, "Tipo": "Laguna", "objectid_2": 65, "shape_leng": 372597.42871200002, "dis_elec": 5, "cir_sena": 5, "cod_comuna": 4204, "codregion": 4, "st_area_sh_2": 4795458230.04, "st_length__2": 440576.77868400002, "Region": "Región de Coquimbo", "Comuna": "Salamanca", "Provincia": "Choapa" }, "geometry": { "type": "MultiPolygon", "coordinates": [ [ [ [ -7842815.1513, -3746786.2982 ], [ -7842841.1535, -3746753.4298 ], [ -7842880.7149, -3746736.342399999499321 ], [ -7842875.987299999222159, -3746679.647100001573563 ], [ -7842930.683399999514222, -3746680.6842 ], [ -7842953.231699999421835, -3746650.818599998950958 ], [ -7842949.401900000870228, -3746595.294100001454353 ], [ -7842943.342499999329448, -3746538.026299998164177 ], [ -7842881.603199999779463, -3746496.8805 ], [ -7842837.35219999961555, -3746490.3816 ], [ -7842815.110999999567866, -3746460.528299998492002 ], [ -7842760.486700000241399, -3746464.8108000010252 ], [ -7842739.834599999710917, -3746427.250199999660254 ], [ -7842687.419099999591708, -3746426.181600000709295 ], [ -7842631.676100000739098, -3746429.296100001782179 ], [ -7842576.587099999189377, -3746431.8103 ], [ -7842526.075500000268221, -3746430.124200001358986 ], [ -7842508.683199999853969, -3746394.293200001120567 ], [ -7842454.13539999909699, -3746393.2522 ], [ -7842398.366100000217557, -3746399.91330000013113 ], [ -7842376.717599999159575, -3746433.9037000015378 ], [ -7842350.5494, -3746462.633900001645088 ], [ -7842384.817600000649691, -3746481.684399999678135 ], [ -7842382.32880000025034, -3746537.88459999859333 ], [ -7842446.488900000229478, -3746548.2566 ], [ -7842459.300499999895692, -3746507.880800001323223 ], [ -7842519.697799999266863, -3746495.244899999350309 ], [ -7842558.898399999365211, -3746511.863800000399351 ], [ -7842557.747099999338388, -3746566.27250000089407 ], [ -7842550.807499999180436, -3746627.854100000113249 ], [ -7842572.565099999308586, -3746660.079700000584126 ], [ -7842632.820900000631809, -3746653.357299998402596 ], [ -7842660.2489, -3746677.82039999961853 ], [ -7842703.153300000354648, -3746682.564500000327826 ], [ -7842721.82289999909699, -3746714.831500001251698 ], [ -7842744.629000000655651, -3746751.181499999016523 ], [ -7842767.12529999949038, -3746778.075899999588728 ], [ -7842815.1513, -3746786.2982 ] ] ] ] } },
{ "type": "Feature", "properties": { "objectid": 13703, "st_area_sh": 82392.975989500002, "st_length_": 1468.68965727, "Nombre": null, "Tipo": "Laguna", "objectid_2": 65, "shape_leng": 372597.42871200002, "dis_elec": 5, "cir_sena": 5, "cod_comuna": 4204, "codregion": 4, "st_area_sh_2": 4795458230.04, "st_length__2": 440576.77868400002, "Region": "Región de Coquimbo", "Comuna": "Salamanca", "Provincia": "Choapa" }, "geometry": { "type": "MultiPolygon", "coordinates": [ [ [ [ -7843372.885600000619888, -3746955.559999998658895 ], [ -7843433.292300000786781, -3746951.787599999457598 ], [ -7843480.977700000628829, -3746956.464400000870228 ], [ -7843503.852099999785423, -3746992.221500001847744 ], [ -7843557.611700000241399, -3746989.129599999636412 ], [ -7843571.591499999165535, -3746951.100499998778105 ], [ -7843629.603700000792742, -3746958.002000000327826 ], [ -7843659.344699999317527, -3746938.08839999884367 ], [ -7843691.667300000786781, -3746918.730999998748302 ], [ -7843705.693499999120831, -3746875.9712999984622 ], [ -7843728.17960000038147, -3746844.331000000238419 ], [ -7843753.449100000783801, -3746809.105500001460314 ], [ -7843728.750399999320507, -3746788.155099999159575 ], [ -7843691.160000000149012, -3746773.88289999961853 ], [ -7843653.884800000116229, -3746758.423799999058247 ], [ -7843621.284199999645352, -3746740.536499999463558 ], [ -7843642.937699999660254, -3746707.134100001305342 ], [ -7843660.535900000482798, -3746670.23930000141263 ], [ -7843697.356300000101328, -3746649.047800000756979 ], [ -7843686.879100000485778, -3746597.160999998450279 ], [ -7843631.912399999797344, -3746589.627500001341105 ], [ -7843582.843100000172853, -3746605.07209999859333 ], [ -7843589.223400000482798, -3746664.109200000762939 ], [ -7843545.484400000423193, -3746671.204300001263618 ], [ -7843513.8059, -3746694.690900001674891 ], [ -7843479.117499999701977, -3746715.853100001811981 ], [ -7843449.316600000485778, -3746742.270399998873472 ], [ -7843404.117200000211596, -3746752.932199999690056 ], [ -7843404.172700000926852, -3746812.055599998682737 ], [ -7843447.768500000238419, -3746816.19649999961257 ], [ -7843431.768699999898672, -3746848.931200001388788 ], [ -7843413.315899999812245, -3746885.246500000357628 ], [ -7843372.885600000619888, -3746955.559999998658895 ] ] ] ] } },
{ "type": "Feature", "properties": { "objectid": 13704, "st_area_sh": 23551.675924899999, "st_length_": 721.92690984900003, "Nombre": null, "Tipo": "Laguna", "objectid_2": 65, "shape_leng": 372597.42871200002, "dis_elec": 5, "cir_sena": 5, "cod_comuna": 4204, "codregion": 4, "st_area_sh_2": 4795458230.04, "st_length__2": 440576.77868400002, "Region": "Región de Coquimbo", "Comuna": "Salamanca", "Provincia": "Choapa" }, "geometry": { "type": "MultiPolygon", "coordinates": [ [ [ [ -7841736.316299999132752, -3748238.763099998235703 ], [ -7841712.216399999335408, -3748285.208000000566244 ], [ -7841701.879899999126792, -3748326.738499999046326 ], [ -7841787.252299999818206, -3748319.092000000178814 ], [ -7841808.393799999728799, -3748351.923000000417233 ], [ -7841819.779200000688434, -3748397.8935999982059 ], [ -7841844.364199999719858, -3748360.311299998313189 ], [ -7841907.325999999418855, -3748323.98930000141263 ], [ -7841909.587600000202656, -3748283.749499998986721 ], [ -7841876.717499999329448, -3748262.310899998992682 ], [ -7841865.345300000160933, -3748214.566700000315905 ], [ -7841809.020999999716878, -3748218.8684 ], [ -7841788.896800000220537, -3748179.519799999892712 ], [ -7841736.286699999123812, -3748183.771499998867512 ], [ -7841736.316299999132752, -3748238.763099998235703 ] ] ] ] } },
{ "type": "Feature", "properties": { "objectid": 13705, "st_area_sh": 25250.683461799999, "st_length_": 1025.57242337, "Nombre": null, "Tipo": "Laguna", "objectid_2": 65, "shape_leng": 372597.42871200002, "dis_elec": 5, "cir_sena": 5, "cod_comuna": 4204, "codregion": 4, "st_area_sh_2": 4795458230.04, "st_length__2": 440576.77868400002, "Region": "Región de Coquimbo", "Comuna": "Salamanca", "Provincia": "Choapa" }, "geometry": { "type": "MultiPolygon", "coordinates": [ [ [ [ -7842242.644300000742078, -3749384.503499999642372 ], [ -7842316.454800000414252, -3749386.469500001519918 ], [ -7842351.318299999460578, -3749369.44310000166297 ], [ -7842377.074699999764562, -3749342.485599998384714 ], [ -7842435.110999999567866, -3749347.619600001722574 ], [ -7842447.184599999338388, -3749309.609900001436472 ], [ -7842492.462600000202656, -3749301.313700001686811 ], [ -7842516.324799999594688, -3749270.241999998688698 ], [ -7842558.508400000631809, -3749256.0735 ], [ -7842589.562300000339746, -3749232.001400001347065 ], [ -7842602.820000000298023, -3749178.009399998933077 ], [ -7842566.387000000104308, -3749165.489500001072884 ], [ -7842526.502800000831485, -3749134.092399999499321 ], [ -7842488.427999999374151, -3749136.3783 ], [ -7842490.095000000670552, -3749192.53489999845624 ], [ -7842480.551200000569224, -3749238.197900000959635 ], [ -7842453.466, -3749267.538699999451637 ], [ -7842400.278899999335408, -3749272.984200000762939 ], [ -7842382.972699999809265, -3749307.515799999237061 ], [ -7842328.083399999886751, -3749309.435699999332428 ], [ -7842308.084599999710917, -3749343.412099998444319 ], [ -7842254.421700000762939, -3749343.54109999909997 ], [ -7842242.644300000742078, -3749384.503499999642372 ] ] ] ] } },
{ "type": "Feature", "properties": { "objectid": 13709, "st_area_sh": 2152231.5614100001, "st_length_": 9179.4018612300006, "Nombre": "Laguna del Pelado", "Tipo": "Laguna", "objectid_2": 65, "shape_leng": 372597.42871200002, "dis_elec": 5, "cir_sena": 5, "cod_comuna": 4204, "codregion": 4, "st_area_sh_2": 4795458230.04, "st_length__2": 440576.77868400002, "Region": "Región de Coquimbo", "Comuna": "Salamanca", "Provincia": "Choapa" }, "geometry": { "type": "MultiPolygon", "coordinates": [ [ [ [ -7822169.844900000840425, -3762229.203600000590086 ], [ -7822132.284800000488758, -3762257.470600001513958 ], [ -7822133.564300000667572, -3762316.656800001859665 ], [ -7822110.806600000709295, -3762351.261700000613928 ], [ -7822050.136, -3762346.0559 ], [ -7822015.893400000408292, -3762368.363600000739098 ], [ -7822018.497899999842048, -3762427.534800000488758 ], [ -7821985.17989999987185, -3762453.383699998259544 ], [ -7821983.0855, -3762504.322299998253584 ], [ -7821986.009700000286102, -3762559.346200000494719 ], [ -7821946.3794, -3762577.573300000280142 ], [ -7821911.6228, -3762596.927000001072884 ], [ -7821893.38230000063777, -3762561.027800001204014 ], [ -7821843.958200000226498, -3762579.369699999690056 ], [ -7821874.654799999669194, -3762609.794300001114607 ], [ -7821874.363900000229478, -3762660.71229999884963 ], [ -7821932.065199999138713, -3762660.625799998641014 ], [ -7821969.415100000798702, -3762677.35530000180006 ], [ -7821957.64640000090003, -3762735.513000000268221 ], [ -7821994.183700000867248, -3762802.575300000607967 ], [ -7822044.664599999785423, -3762808.493500001728535 ], [ -7822057.3925, -3762766.309000000357628 ], [ -7822095.336500000208616, -3762786.583500001579523 ], [ -7822120.506899999454618, -3762813.520799998193979 ], [ -7822169.648499999195337, -3762818.270300000905991 ], [ -7822197.299699999392033, -3762846.362300001084805 ], [ -7822254.838500000536442, -3762848.052200000733137 ], [ -7822268.223999999463558, -3762811.780000001192093 ], [ -7822319.268500000238419, -3762802.889499999582767 ], [ -7822343.659499999135733, -3762838.7162000015378 ], [ -7822377.224999999627471, -3762856.081300001591444 ], [ -7822404.0318, -3762871.750100001692772 ], [ -7822411.76039999909699, -3762915.469999998807907 ], [ -7822431.940700000151992, -3762950.162399999797344 ], [ -7822487.869000000879169, -3762949.502000000327826 ], [ -7822544.0482, -3762948.246399998664856 ], [ -7822558.386299999430776, -3762987.151999998837709 ], [ -7822615.2028, -3762980.560100000351667 ], [ -7822629.168099999427795, -3763015.91780000180006 ], [ -7822682.282500000670552, -3763017.065900001674891 ], [ -7822739.612400000914931, -3763013.4276 ], [ -7822776.996400000527501, -3763026.602299999445677 ], [ -7822803.185699999332428, -3763052.342500001192093 ], [ -7822835.253100000321865, -3763086.30180000141263 ], [ -7822866.328500000759959, -3763117.312699999660254 ], [ -7822924.186200000345707, -3763117.811500001698732 ], [ -7822974.270700000226498, -3763124.322700001299381 ], [ -7822971.662799999117851, -3763178.230500001460314 ], [ -7823013.716700000688434, -3763190.75730000063777 ], [ -7823072.527000000700355, -3763187.691799998283386 ], [ -7823087.310900000855327, -3763223.631900001317263 ], [ -7823125.764399999752641, -3763246.265999998897314 ], [ -7823159.467599999159575, -3763259.4835 ], [ -7823163.729000000283122, -3763305.613699998706579 ], [ -7823189.531600000336766, -3763339.054999999701977 ], [ -7823199.289599999785423, -3763295.126600001007318 ], [ -7823230.430600000545382, -3763275.218899998813868 ], [ -7823249.63399999961257, -3763245.387899998575449 ], [ -7823305.845200000330806, -3763253.009199999272823 ], [ -7823308.727, -3763303.892099998891354 ], [ -7823335.315199999138713, -3763319.561900001019239 ], [ -7823372.936499999836087, -3763321.4831000007689 ], [ -7823388.410800000652671, -3763284.591400001198053 ], [ -7823447.347799999639392, -3763279.746300000697374 ], [ -7823502.521299999207258, -3763286.786899998784065 ], [ -7823522.056500000879169, -3763322.670200001448393 ], [ -7823513.362800000235438, -3763384.94029999896884 ], [ -7823550.786599999293685, -3763407.58559999987483 ], [ -7823609.989, -3763403.328600000590086 ], [ -7823631.808399999514222, -3763358.071899998933077 ], [ -7823695.740599999204278, -3763361.454999998211861 ], [ -7823751.204, -3763364.938700001686811 ], [ -7823803.53969999961555, -3763365.499000001698732 ], [ -7823837.087200000882149, -3763346.745099999010563 ], [ -7823866.6985, -3763322.117499999701977 ], [ -7823882.175699999555945, -3763360.416900001466274 ], [ -7823933.775000000372529, -3763360.985500000417233 ], [ -7823989.087799999862909, -3763357.95719999819994 ], [ -7824044.724999999627471, -3763354.332699999213219 ], [ -7824097.495500000193715, -3763354.29450000077486 ], [ -7824120.030600000172853, -3763388.364999998360872 ], [ -7824197.954800000414252, -3763391.578200001269579 ], [ -7824249.210400000214577, -3763388.005100000649691 ], [ -7824266.002399999648333, -3763347.543999999761581 ], [ -7824287.864800000563264, -3763324.784099999815226 ], [ -7824313.400499999523163, -3763354.081799998879433 ], [ -7824324.728900000452995, -3763387.101799998432398 ], [ -7824362.615299999713898, -3763402.042199999094009 ], [ -7824392.175200000405312, -3763425.963100001215935 ], [ -7824433.186300000175834, -3763437.313400000333786 ], [ -7824465.287000000476837, -3763461.20380000025034 ], [ -7824479.3881, -3763501.2956000007689 ], [ -7824501.930500000715256, -3763461.356899999082088 ], [ -7824546.384999999776483, -3763452.535399999469519 ], [ -7824540.916400000452995, -3763370.303800001740456 ], [ -7824537.980200000107288, -3763315.277300000190735 ], [ -7824540.6075, -3763266.696899998933077 ], [ -7824580.862099999561906, -3763260.886 ], [ -7824584.120200000703335, -3763203.417399998754263 ], [ -7824614.723799999803305, -3763178.776399999856949 ], [ -7824613.210999999195337, -3763119.589299999177456 ], [ -7824580.786499999463558, -3763096.295899998396635 ], [ -7824533.261399999260902, -3763094.49720000103116 ], [ -7824532.245300000533462, -3763043.0011 ], [ -7824538.4649, -3762983.721999999135733 ], [ -7824515.764599999412894, -3762954.391699999570847 ], [ -7824491.700200000777841, -3762915.605200000107288 ], [ -7824435.865399999544024, -3762921.010099999606609 ], [ -7824389.638399999588728, -3762916.827100001275539 ], [ -7824370.392400000244379, -3762886.863400001078844 ], [ -7824354.728499999269843, -3762851.528499998152256 ], [ -7824319.992799999192357, -3762828.854600001126528 ], [ -7824319.0899, -3762774.39809999987483 ], [ -7824287.203299999237061, -3762765.30689999833703 ], [ -7824282.020899999886751, -3762713.269999999552965 ], [ -7824243.938699999824166, -3762697.148499999195337 ], [ -7824215.171700000762939, -3762668.482900001108646 ], [ -7824181.44649999961257, -3762644.020700000226498 ], [ -7824171.208200000226498, -3762600.333000000566244 ], [ -7824141.4824, -3762574.63910000026226 ], [ -7824106.518200000748038, -3762554.335900001227856 ], [ -7824105.653100000694394, -3762499.880100000649691 ], [ -7824069.9825, -3762478.993299998342991 ], [ -7824041.459799999371171, -3762461.573300000280142 ], [ -7824011.01410000026226, -3762434.1118 ], [ -7823957.996999999508262, -3762434.7445 ], [ -7823902.481499999761581, -3762438.958799999207258 ], [ -7823846.892100000753999, -3762443.173799999058247 ], [ -7823793.557600000873208, -3762444.993599999696016 ], [ -7823745.749299999326468, -3762440.827100001275539 ], [ -7823734.3607, -3762402.481600001454353 ], [ -7823717.226600000634789, -3762367.164700001478195 ], [ -7823682.733300000429153, -3762349.223000001162291 ], [ -7823640.8684, -3762321.3048 ], [ -7823606.8936, -3762344.205699998885393 ], [ -7823614.234400000423193, -3762401.5439000017941 ], [ -7823651.7708, -3762427.737799998372793 ], [ -7823612.007200000807643, -3762440.6435999982059 ], [ -7823554.032400000840425, -3762433.045200001448393 ], [ -7823542.358799999579787, -3762470.481300000101328 ], [ -7823479.244400000199676, -3762473.600099999457598 ], [ -7823424.561300000175834, -3762476.618299998342991 ], [ -7823374.042500000447035, -3762473.666499998420477 ], [ -7823352.573799999430776, -3762436.032299999147654 ], [ -7823326.3618, -3762411.478999998420477 ], [ -7823330.431900000199676, -3762359.925200000405312 ], [ -7823360.130400000140071, -3762345.956000000238419 ], [ -7823384.0746, -3762315.478799998760223 ], [ -7823372.60249999910593, -3762260.55799999833107 ], [ -7823350.558199999853969, -3762214.643199998885393 ], [ -7823327.5318, -3762194.788400001823902 ], [ -7823285.367599999532104, -3762197.657200001180172 ], [ -7823254.43019999936223, -3762225.256900001317263 ], [ -7823249.981899999082088, -3762172.620999999344349 ], [ -7823247.632200000807643, -3762119.960499998182058 ], [ -7823218.952600000426173, -3762151.677099999040365 ], [ -7823217.043299999088049, -3762208.532400000840425 ], [ -7823179.708699999377131, -3762233.839899998158216 ], [ -7823162.873099999502301, -3762195.559099998325109 ], [ -7823111.416200000792742, -3762187.881299998611212 ], [ -7823084.550699999555945, -3762151.49549999833107 ], [ -7823081.763499999418855, -3762199.481100000441074 ], [ -7823064.471599999815226, -3762235.206700000911951 ], [ -7823007.213500000536442, -3762225.821199998259544 ], [ -7822989.078700000420213, -3762192.883699998259544 ], [ -7822930.928899999707937, -3762195.348600000143051 ], [ -7822876.824200000613928, -3762194.213300000876188 ], [ -7822868.9206000007689, -3762239.299600001424551 ], [ -7822848.558299999684095, -3762273.8772 ], [ -7822803.253499999642372, -3762250.732999999076128 ], [ -7822763.807499999180436, -3762231.071400001645088 ], [ -7822725.69400000013411, -3762211.986000001430511 ], [ -7822687.6403, -3762191.715700000524521 ], [ -7822679.73589999973774, -3762136.160599999129772 ], [ -7822648.650900000706315, -3762132.38399999961257 ], [ -7822624.355699999257922, -3762167.599500000476837 ], [ -7822610.7686, -3762129.8717 ], [ -7822559.5428, -3762129.293000001460314 ], [ -7822532.164000000804663, -3762102.384199999272823 ], [ -7822508.8717, -3762065.9551 ], [ -7822475.58669999986887, -3762050.364100001752377 ], [ -7822475.156999999657273, -3761994.721200000494719 ], [ -7822463.056900000199676, -3761948.688200000673532 ], [ -7822439.067600000649691, -3761988.043200001120567 ], [ -7822393.099899999797344, -3761977.337799999862909 ], [ -7822367.6272, -3761952.774399999529123 ], [ -7822330.493000000715256, -3761935.452500000596046 ], [ -7822323.842199999839067, -3761879.883499998599291 ], [ -7822287.834300000220537, -3761911.683800000697374 ], [ -7822266.324999999254942, -3761952.19310000166297 ], [ -7822257.7566, -3761997.285900000482798 ], [ -7822223.9616, -3762013.668200001120567 ], [ -7822227.215800000354648, -3762071.645899999886751 ], [ -7822203.460200000554323, -3762102.710099998861551 ], [ -7822189.7347, -3762141.352099999785423 ], [ -7822194.417899999767542, -3762198.721599999815226 ], [ -7822169.844900000840425, -3762229.203600000590086 ] ] ] ] } },
{ "type": "Feature", "properties": { "objectid": 13710, "st_area_sh": 62040.329868699999, "st_length_": 1056.22656435, "Nombre": null, "Tipo": "Laguna", "objectid_2": 65, "shape_leng": 372597.42871200002, "dis_elec": 5, "cir_sena": 5, "cod_comuna": 4204, "codregion": 4, "st_area_sh_2": 4795458230.04, "st_length__2": 440576.77868400002, "Region": "Región de Coquimbo", "Comuna": "Salamanca", "Provincia": "Choapa" }, "geometry": { "type": "MultiPolygon", "coordinates": [ [ [ [ -7839757.408299999311566, -3762120.974300000816584 ], [ -7839837.064600000157952, -3762116.366599999368191 ], [ -7839857.879100000485778, -3762083.531399998813868 ], [ -7839917.212600000202656, -3762098.728300001472235 ], [ -7839947.012000000104308, -3762079.9814000017941 ], [ -7839939.731799999251962, -3762019.10359999909997 ], [ -7839939.768400000408292, -3761923.794300001114607 ], [ -7839972.49070000089705, -3761894.945300001651049 ], [ -7839976.361300000920892, -3761839.248199999332428 ], [ -7839930.528100000694394, -3761828.60869999974966 ], [ -7839870.995100000873208, -3761831.766100000590086 ], [ -7839830.212200000882149, -3761852.433800000697374 ], [ -7839802.887900000438094, -3761882.9868 ], [ -7839745.144600000232458, -3761876.648200001567602 ], [ -7839722.847799999639392, -3761905.950399998575449 ], [ -7839686.848300000652671, -3761923.5945999994874 ], [ -7839685.307099999859929, -3761974.525199998170137 ], [ -7839688.282400000840425, -3762030.132199998944998 ], [ -7839690.808299999684095, -3762085.153299998492002 ], [ -7839750.846599999815226, -3762086.725900001823902 ], [ -7839757.408299999311566, -3762120.974300000816584 ] ] ] ] } },
{ "type": "Feature", "properties": { "objectid": 13711, "st_area_sh": 24830.6848188, "st_length_": 667.98494193399995, "Nombre": null, "Tipo": "Laguna", "objectid_2": 65, "shape_leng": 372597.42871200002, "dis_elec": 5, "cir_sena": 5, "cod_comuna": 4204, "codregion": 4, "st_area_sh_2": 4795458230.04, "st_length__2": 440576.77868400002, "Region": "Región de Coquimbo", "Comuna": "Salamanca", "Provincia": "Choapa" }, "geometry": { "type": "MultiPolygon", "coordinates": [ [ [ [ -7838801.410399999469519, -3761998.037999998778105 ], [ -7838807.186799999326468, -3762102.151399999856949 ], [ -7838844.9835, -3762143.092700000852346 ], [ -7838882.945800000801682, -3762128.976799998432398 ], [ -7838911.255200000479817, -3762103.148299999535084 ], [ -7838933.756100000813603, -3762066.740499999374151 ], [ -7838947.958100000396371, -3762029.258200000971556 ], [ -7838984.5022, -3761996.809300001710653 ], [ -7838971.593599999323487, -3761958.500700000673532 ], [ -7838916.492599999532104, -3761962.778900001198053 ], [ -7838894.355799999088049, -3761919.856100000441074 ], [ -7838840.175200000405312, -3761924.121800001710653 ], [ -7838841.187899999320507, -3761979.162599999457598 ], [ -7838801.410399999469519, -3761998.037999998778105 ] ] ] ] } },
{ "type": "Feature", "properties": { "objectid": 13712, "st_area_sh": 40715.945355299998, "st_length_": 937.99429420199999, "Nombre": null, "Tipo": "Laguna", "objectid_2": 65, "shape_leng": 372597.42871200002, "dis_elec": 5, "cir_sena": 5, "cod_comuna": 4204, "codregion": 4, "st_area_sh_2": 4795458230.04, "st_length__2": 440576.77868400002, "Region": "Región de Coquimbo", "Comuna": "Salamanca", "Provincia": "Choapa" }, "geometry": { "type": "MultiPolygon", "coordinates": [ [ [ [ -7837994.385099999606609, -3764560.357999999076128 ], [ -7837990.6634, -3764636.789000000804663 ], [ -7837988.559800000861287, -3764696.027899999171495 ], [ -7838028.669199999421835, -3764713.265500001609325 ], [ -7838063.16330000013113, -3764683.799499999731779 ], [ -7838104.653899999335408, -3764668.452399998903275 ], [ -7838166.552300000563264, -3764667.6402000002563 ], [ -7838192.464600000530481, -3764635.326099999248981 ], [ -7838244.604900000616908, -3764634.641600001603365 ], [ -7838240.8695, -3764579.624400001019239 ], [ -7838203.86879999935627, -3764563.531100001186132 ], [ -7838204.573699999600649, -3764507.271699998527765 ], [ -7838169.780899999663234, -3764488.188900001347065 ], [ -7838170.735999999567866, -3764431.334499999880791 ], [ -7838132.557600000873208, -3764415.2566 ], [ -7838125.95920000039041, -3764468.632399998605251 ], [ -7838093.0844, -3764495.1162 ], [ -7838070.708599999547005, -3764530.344000000506639 ], [ -7838022.017899999395013, -3764535.719300001859665 ], [ -7837994.385099999606609, -3764560.357999999076128 ] ] ] ] } },
{ "type": "Feature", "properties": { "objectid": 13713, "st_area_sh": 17033.279678499999, "st_length_": 519.94442748100005, "Nombre": null, "Tipo": "Laguna", "objectid_2": 65, "shape_leng": 372597.42871200002, "dis_elec": 5, "cir_sena": 5, "cod_comuna": 4204, "codregion": 4, "st_area_sh_2": 4795458230.04, "st_length__2": 440576.77868400002, "Region": "Región de Coquimbo", "Comuna": "Salamanca", "Provincia": "Choapa" }, "geometry": { "type": "MultiPolygon", "coordinates": [ [ [ [ -7842835.994599999859929, -3765399.487100001424551 ], [ -7842858.352700000628829, -3765366.616999998688698 ], [ -7842860.137800000607967, -3765307.378800000995398 ], [ -7842851.357300000265241, -3765251.244300000369549 ], [ -7842805.32010000012815, -3765251.274399999529123 ], [ -7842787.359999999403954, -3765285.268899999558926 ], [ -7842733.8893, -3765283.030600000172853 ], [ -7842712.625099999830127, -3765312.332600001245737 ], [ -7842702.319199999794364, -3765356.882399998605251 ], [ -7842746.190999999642372, -3765387.67339999973774 ], [ -7842835.994599999859929, -3765399.487100001424551 ] ] ] ] } },
{ "type": "Feature", "properties": { "objectid": 13714, "st_area_sh": 43432.213191199997, "st_length_": 872.42598499899998, "Nombre": null, "Tipo": "Laguna", "objectid_2": 65, "shape_leng": 372597.42871200002, "dis_elec": 5, "cir_sena": 5, "cod_comuna": 4204, "codregion": 4, "st_area_sh_2": 4795458230.04, "st_length__2": 440576.77868400002, "Region": "Región de Coquimbo", "Comuna": "Salamanca", "Provincia": "Choapa" }, "geometry": { "type": "MultiPolygon", "coordinates": [ [ [ [ -7837328.470000000670552, -3766603.725999999791384 ], [ -7837354.449899999424815, -3766576.145199999213219 ], [ -7837353.811300000175834, -3766521.078400000929832 ], [ -7837349.583499999716878, -3766461.913400001823902 ], [ -7837349.2643, -3766397.367800001055002 ], [ -7837347.60219999961555, -3766342.907499998807907 ], [ -7837321.98200000077486, -3766307.118200000375509 ], [ -7837315.522099999710917, -3766351.61710000038147 ], [ -7837220.032999999821186, -3766347.5337999984622 ], [ -7837169.675899999216199, -3766349.967399999499321 ], [ -7837162.899399999529123, -3766395.655000001192093 ], [ -7837160.863900000229478, -3766451.940499998629093 ], [ -7837161.081299999728799, -3766505.828099999576807 ], [ -7837190.952600000426173, -3766528.534299999475479 ], [ -7837217.713300000876188, -3766561.348600000143051 ], [ -7837238.368200000375509, -3766594.834800001233816 ], [ -7837328.470000000670552, -3766603.725999999791384 ] ] ] ] } },
{ "type": "Feature", "properties": { "objectid": 13715, "st_area_sh": 42605.393971999998, "st_length_": 937.59244057000001, "Nombre": null, "Tipo": "Laguna", "objectid_2": 65, "shape_leng": 372597.42871200002, "dis_elec": 5, "cir_sena": 5, "cod_comuna": 4204, "codregion": 4, "st_area_sh_2": 4795458230.04, "st_length__2": 440576.77868400002, "Region": "Región de Coquimbo", "Comuna": "Salamanca", "Provincia": "Choapa" }, "geometry": { "type": "MultiPolygon", "coordinates": [ [ [ [ -7838048.808499999344349, -3766952.587600000202656 ], [ -7838062.344799999147654, -3766908.585499998182058 ], [ -7838074.769999999552965, -3766866.967000000178814 ], [ -7838130.356000000610948, -3766872.751800000667572 ], [ -7838128.252100000157952, -3766798.7522 ], [ -7838086.438699999824166, -3766789.825500000268221 ], [ -7838087.570499999448657, -3766732.365800000727177 ], [ -7838035.487099999561906, -3766732.456999998539686 ], [ -7838016.931800000369549, -3766690.653299998492002 ], [ -7837959.623400000855327, -3766685.482700001448393 ], [ -7837914.731300000101328, -3766703.245400000363588 ], [ -7837916.175100000575185, -3766757.710200000554323 ], [ -7837914.42710000090301, -3766807.479200001806021 ], [ -7837880.244100000709295, -3766824.509399998933077 ], [ -7837884.554300000891089, -3766881.306000001728535 ], [ -7837936.52250000089407, -3766912.012499999254942 ], [ -7837990.254699999466538, -3766908.346799999475479 ], [ -7837990.211500000208616, -3766950.395199999213219 ], [ -7838048.808499999344349, -3766952.587600000202656 ] ] ] ] } },
{ "type": "Feature", "properties": { "objectid": 13716, "st_area_sh": 15734.0366454, "st_length_": 510.97007575600003, "Nombre": "Laguna Potrero Alto", "Tipo": "Laguna", "objectid_2": 65, "shape_leng": 372597.42871200002, "dis_elec": 5, "cir_sena": 5, "cod_comuna": 4204, "codregion": 4, "st_area_sh_2": 4795458230.04, "st_length__2": 440576.77868400002, "Region": "Región de Coquimbo", "Comuna": "Salamanca", "Provincia": "Choapa" }, "geometry": { "type": "MultiPolygon", "coordinates": [ [ [ [ -7841793.902699999511242, -3767364.80290000140667 ], [ -7841845.872999999672174, -3767342.191700000315905 ], [ -7841845.163699999451637, -3767288.89979999884963 ], [ -7841803.901399999856949, -3767274.648299999535084 ], [ -7841777.900399999693036, -3767241.832400001585484 ], [ -7841719.023, -3767240.846500001847744 ], [ -7841700.249399999156594, -3767277.817200001329184 ], [ -7841688.8465, -3767320.611400000751019 ], [ -7841666.197499999776483, -3767357.041999999433756 ], [ -7841793.902699999511242, -3767364.80290000140667 ] ] ] ] } },
{ "type": "Feature", "properties": { "objectid": 13717, "st_area_sh": 51581.936021499998, "st_length_": 1010.0240089500001, "Nombre": "Laguna Potrero Alto", "Tipo": "Laguna", "objectid_2": 65, "shape_leng": 372597.42871200002, "dis_elec": 5, "cir_sena": 5, "cod_comuna": 4204, "codregion": 4, "st_area_sh_2": 4795458230.04, "st_length__2": 440576.77868400002, "Region": "Región de Coquimbo", "Comuna": "Salamanca", "Provincia": "Choapa" }, "geometry": { "type": "MultiPolygon", "coordinates": [ [ [ [ -7841563.682600000873208, -3767642.696400001645088 ], [ -7841609.491699999198318, -3767658.072599999606609 ], [ -7841604.133300000801682, -3767715.0011 ], [ -7841701.633199999108911, -3767714.284499999135733 ], [ -7841721.473500000312924, -3767751.922600001096725 ], [ -7841746.929999999701977, -3767716.045200001448393 ], [ -7841813.002499999478459, -3767712.1963 ], [ -7841814.113700000569224, -3767660.062800001353025 ], [ -7841854.009800000116229, -3767643.535799998790026 ], [ -7841843.140000000596046, -3767604.593199998140335 ], [ -7841813.1129, -3767584.860199999064207 ], [ -7841812.9035, -3767530.375999998301268 ], [ -7841784.142200000584126, -3767500.557799998670816 ], [ -7841739.514699999243021, -3767488.12779999896884 ], [ -7841683.419099999591708, -3767494.211300000548363 ], [ -7841670.071900000795722, -3767537.624600000679493 ], [ -7841616.341499999165535, -3767535.976799998432398 ], [ -7841564.071100000292063, -3767536.085900001227856 ], [ -7841548.695299999788404, -3767576.565200001001358 ], [ -7841526.771600000560284, -3767609.4331 ], [ -7841563.682600000873208, -3767642.696400001645088 ] ] ] ] } },
{ "type": "Feature", "properties": { "objectid": 13718, "st_area_sh": 27769.476991399999, "st_length_": 699.44426826999995, "Nombre": null, "Tipo": "Laguna", "objectid_2": 65, "shape_leng": 372597.42871200002, "dis_elec": 5, "cir_sena": 5, "cod_comuna": 4204, "codregion": 4, "st_area_sh_2": 4795458230.04, "st_length__2": 440576.77868400002, "Region": "Región de Coquimbo", "Comuna": "Salamanca", "Provincia": "Choapa" }, "geometry": { "type": "MultiPolygon", "coordinates": [ [ [ [ -7840648.348799999803305, -3767832.619800001382828 ], [ -7840719.60700000077486, -3767836.4070999994874 ], [ -7840756.698100000619888, -3767819.328600000590086 ], [ -7840789.519999999552965, -3767796.976700000464916 ], [ -7840846.553099999204278, -3767800.36089999973774 ], [ -7840863.310100000351667, -3767761.047800000756979 ], [ -7840903.456299999728799, -3767704.839099999517202 ], [ -7840862.4013, -3767692.357900001108646 ], [ -7840819.48369999974966, -3767681.085999999195337 ], [ -7840775.235300000756979, -3767691.745200000703335 ], [ -7840718.28969999961555, -3767686.582699999213219 ], [ -7840682.135299999266863, -3767704.832899998873472 ], [ -7840647.109099999070168, -3767724.844700001180172 ], [ -7840647.534299999475479, -3767779.326999999582767 ], [ -7840648.348799999803305, -3767832.619800001382828 ] ] ] ] } },
{ "type": "Feature", "properties": { "objectid": 13720, "st_area_sh": 29763.942031800001, "st_length_": 725.06404688299995, "Nombre": null, "Tipo": "Laguna", "objectid_2": 65, "shape_leng": 372597.42871200002, "dis_elec": 5, "cir_sena": 5, "cod_comuna": 4204, "codregion": 4, "st_area_sh_2": 4795458230.04, "st_length__2": 440576.77868400002, "Region": "Región de Coquimbo", "Comuna": "Salamanca", "Provincia": "Choapa" }, "geometry": { "type": "MultiPolygon", "coordinates": [ [ [ [ -7841054.700300000607967, -3769072.193799998611212 ], [ -7841130.8498, -3769066.436200000345707 ], [ -7841154.218399999663234, -3769039.468899998813868 ], [ -7841161.87639999948442, -3768980.726599998772144 ], [ -7841161.011600000783801, -3768932.168099999427795 ], [ -7841122.9068, -3768920.239399999380112 ], [ -7841096.367000000551343, -3768888.609499998390675 ], [ -7841095.5320999994874, -3768831.166299998760223 ], [ -7841049.308399999514222, -3768818.161499999463558 ], [ -7841014.184299999848008, -3768847.654599998146296 ], [ -7840978.960400000214577, -3768872.410500001162291 ], [ -7840988.7511, -3768927.364900000393391 ], [ -7841020.33530000038445, -3768947.673700001090765 ], [ -7841013.787200000137091, -3769004.031599998474121 ], [ -7841054.700300000607967, -3769072.193799998611212 ] ] ] ] } },
{ "type": "Feature", "properties": { "objectid": 13721, "st_area_sh": 59207.416565400003, "st_length_": 1180.1841447, "Nombre": null, "Tipo": "Laguna", "objectid_2": 65, "shape_leng": 372597.42871200002, "dis_elec": 5, "cir_sena": 5, "cod_comuna": 4204, "codregion": 4, "st_area_sh_2": 4795458230.04, "st_length__2": 440576.77868400002, "Region": "Región de Coquimbo", "Comuna": "Salamanca", "Provincia": "Choapa" }, "geometry": { "type": "MultiPolygon", "coordinates": [ [ [ [ -7840778.828600000590086, -3769295.043200001120567 ], [ -7840812.2994, -3769268.533399999141693 ], [ -7840846.55599999986589, -3769248.528799999505281 ], [ -7840857.457800000905991, -3769292.808200001716614 ], [ -7840877.770199999213219, -3769321.561200000345707 ], [ -7840932.619200000539422, -3769320.828099999576807 ], [ -7840950.017899999395013, -3769363.24379999935627 ], [ -7840992.041200000792742, -3769381.636700000613928 ], [ -7841027.796, -3769382.935499999672174 ], [ -7841023.6382, -3769324.94200000166893 ], [ -7841032.018999999389052, -3769284.551100000739098 ], [ -7841060.426300000399351, -3769265.216400001198053 ], [ -7841062.419299999251962, -3769215.433800000697374 ], [ -7841100.256300000473857, -3769195.972899999469519 ], [ -7841099.971400000154972, -3769135.5592 ], [ -7841079.07010000012815, -3769098.522300001233816 ], [ -7841020.900800000876188, -3769109.962400000542402 ], [ -7840986.862500000745058, -3769107.455899998545647 ], [ -7840932.1305, -3769105.818399999290705 ], [ -7840912.91190000064671, -3769145.761199999600649 ], [ -7840858.842800000682473, -3769144.114500001072884 ], [ -7840810.185399999842048, -3769147.726100001484156 ], [ -7840796.142200000584126, -3769183.453499998897314 ], [ -7840771.580299999564886, -3769212.21339999884367 ], [ -7840739.3597999997437, -3769235.7445 ], [ -7840740.574699999764562, -3769291.407699998468161 ], [ -7840778.828600000590086, -3769295.043200001120567 ] ] ] ] } },
{ "type": "Feature", "properties": { "objectid": 13722, "st_area_sh": 78471.212834799997, "st_length_": 1384.44440048, "Nombre": null, "Tipo": "Laguna", "objectid_2": 65, "shape_leng": 372597.42871200002, "dis_elec": 5, "cir_sena": 5, "cod_comuna": 4204, "codregion": 4, "st_area_sh_2": 4795458230.04, "st_length__2": 440576.77868400002, "Region": "Región de Coquimbo", "Comuna": "Salamanca", "Provincia": "Choapa" }, "geometry": { "type": "MultiPolygon", "coordinates": [ [ [ [ -7825298.670399999246001, -3770022.534400001168251 ], [ -7825352.695499999448657, -3770017.143500000238419 ], [ -7825365.07289999909699, -3769973.750100001692772 ], [ -7825401.091499999165535, -3769950.8048 ], [ -7825414.447699999436736, -3769909.176899999380112 ], [ -7825436.8026, -3769877.510899998247623 ], [ -7825412.27170000039041, -3769838.117800001055002 ], [ -7825398.321100000292063, -3769799.189399998635054 ], [ -7825342.36009999923408, -3769802.82660000026226 ], [ -7825326.1524, -3769769.256799999624491 ], [ -7825297.414599999785423, -3769775.527199998497963 ], [ -7825282.024900000542402, -3769816.58669999986887 ], [ -7825223.398600000888109, -3769816.108899999409914 ], [ -7825179.090700000524521, -3769795.909800000488758 ], [ -7825182.060699999332428, -3769736.044300001114607 ], [ -7825134.143999999389052, -3769728.328499998897314 ], [ -7825107.752299999818206, -3769699.620299998670816 ], [ -7825092.484999999403954, -3769658.338300000876188 ], [ -7825041.219799999147654, -3769672.5801 ], [ -7825033.0296, -3769724.214899998158216 ], [ -7825036.779400000348687, -3769782.222300000488758 ], [ -7825072.24239999987185, -3769808.452199999243021 ], [ -7825077.780999999493361, -3769855.775600001215935 ], [ -7825072.8892, -3769912.110500000417233 ], [ -7825112.99860000051558, -3769944.800799999386072 ], [ -7825120.196699999272823, -3769989.142799999564886 ], [ -7825176.239399999380112, -3769986.098000001162291 ], [ -7825225.63370000012219, -3769987.872099999338388 ], [ -7825241.076199999079108, -3770019.082299999892712 ], [ -7825298.670399999246001, -3770022.534400001168251 ] ] ] ] } },
{ "type": "Feature", "properties": { "objectid": 13723, "st_area_sh": 62285.316764900002, "st_length_": 1566.9322435500001, "Nombre": null, "Tipo": "Laguna", "objectid_2": 65, "shape_leng": 372597.42871200002, "dis_elec": 5, "cir_sena": 5, "cod_comuna": 4204, "codregion": 4, "st_area_sh_2": 4795458230.04, "st_length__2": 440576.77868400002, "Region": "Región de Coquimbo", "Comuna": "Salamanca", "Provincia": "Choapa" }, "geometry": { "type": "MultiPolygon", "coordinates": [ [ [ [ -7835371.514000000432134, -3770175.798799999058247 ], [ -7835371.324799999594688, -3770117.7478 ], [ -7835413.023800000548363, -3770108.323899999260902 ], [ -7835443.4397, -3770069.426600001752377 ], [ -7835409.274900000542402, -3770005.298599999397993 ], [ -7835376.362099999561906, -3769981.436000000685453 ], [ -7835377.153300000354648, -3769925.150400001555681 ], [ -7835376.530500000342727, -3769870.660399999469519 ], [ -7835335.370300000533462, -3769858.7516999989748 ], [ -7835338.725199999287724, -3769801.2489 ], [ -7835296.575300000607967, -3769781.059799998998642 ], [ -7835257.548599999397993, -3769803.480700001120567 ], [ -7835271.831299999728799, -3769860.163699999451637 ], [ -7835301.647299999371171, -3769878.1426 ], [ -7835302.565300000831485, -3769935.590700000524521 ], [ -7835269.7292, -3769963.855700001120567 ], [ -7835264.25029999949038, -3770016.647700000554323 ], [ -7835233.8366, -3770041.327300000935793 ], [ -7835234.665699999779463, -3770097.592599999159575 ], [ -7835270.30379999987781, -3770118.458700001239777 ], [ -7835268.523900000378489, -3770172.388399999588728 ], [ -7835225.662799999117851, -3770188.935499999672174 ], [ -7835229.917899999767542, -3770245.157299999147654 ], [ -7835196.842499999329448, -3770266.317200001329184 ], [ -7835198.150299999862909, -3770322.577399998903275 ], [ -7835243.685599999502301, -3770324.952199999243021 ], [ -7835268.0779, -3770359.588799998164177 ], [ -7835317.743899999186397, -3770353.616599999368191 ], [ -7835300.518100000917912, -3770311.778999999165535 ], [ -7835279.717299999669194, -3770287.166999999433756 ], [ -7835309.250900000333786, -3770251.24269999936223 ], [ -7835343.005200000479817, -3770234.220400001853704 ], [ -7835371.514000000432134, -3770175.798799999058247 ] ] ] ] } },
{ "type": "Feature", "properties": { "objectid": 13725, "st_area_sh": 60543.727467899997, "st_length_": 1354.2840084300001, "Nombre": "Laguna Los Morros", "Tipo": "Laguna", "objectid_2": 65, "shape_leng": 372597.42871200002, "dis_elec": 5, "cir_sena": 5, "cod_comuna": 4204, "codregion": 4, "st_area_sh_2": 4795458230.04, "st_length__2": 440576.77868400002, "Region": "Región de Coquimbo", "Comuna": "Salamanca", "Provincia": "Choapa" }, "geometry": { "type": "MultiPolygon", "coordinates": [ [ [ [ -7857610.8443, -3774665.865299999713898 ], [ -7857582.0494, -3774713.104600001126528 ], [ -7857532.908900000154972, -3774715.015900000929832 ], [ -7857477.564500000327826, -3774711.092799998819828 ], [ -7857420.655099999159575, -3774706.00730000063777 ], [ -7857366.700099999085069, -3774703.840900000184774 ], [ -7857340.687899999320507, -3774729.705800000578165 ], [ -7857307.7785, -3774732.561700001358986 ], [ -7857283.655600000172853, -3774698.547899998724461 ], [ -7857226.33, -3774695.24549999833107 ], [ -7857168.7116, -3774699.650600001215935 ], [ -7857126.032199999317527, -3774717.464600000530481 ], [ -7857116.100199999287724, -3774766.795299999415874 ], [ -7857116.724500000476837, -3774827.229800000786781 ], [ -7857216.0735, -3774815.691100001335144 ], [ -7857266.430600000545382, -3774813.7632 ], [ -7857279.856300000101328, -3774849.712900001555681 ], [ -7857305.872099999338388, -3774879.551100000739098 ], [ -7857352.520300000905991, -3774893.677400000393391 ], [ -7857373.105200000107288, -3774859.596000000834465 ], [ -7857408.767899999395013, -3774848.403000000864267 ], [ -7857442.2719, -3774810.575300000607967 ], [ -7857498.262700000777841, -3774813.303899999707937 ], [ -7857553.754899999126792, -3774817.224800001829863 ], [ -7857579.348600000143051, -3774795.513599999248981 ], [ -7857615.769600000232458, -3774770.679299999028444 ], [ -7857618.2643, -3774722.050700001418591 ], [ -7857610.8443, -3774665.865299999713898 ] ] ] ] } },
{ "type": "Feature", "properties": { "objectid": 13726, "st_area_sh": 149191.61108599999, "st_length_": 2841.0034502200001, "Nombre": null, "Tipo": "Laguna", "objectid_2": 65, "shape_leng": 372597.42871200002, "dis_elec": 5, "cir_sena": 5, "cod_comuna": 4204, "codregion": 4, "st_area_sh_2": 4795458230.04, "st_length__2": 440576.77868400002, "Region": "Región de Coquimbo", "Comuna": "Salamanca", "Provincia": "Choapa" }, "geometry": { "type": "MultiPolygon", "coordinates": [ [ [ [ -7841355.664100000634789, -3786075.58219999819994 ], [ -7841340.1085, -3786029.525600001215935 ], [ -7841314.675200000405312, -3786000.803300000727177 ], [ -7841289.346599999815226, -3786032.580800000578165 ], [ -7841243.590700000524521, -3786032.00959999859333 ], [ -7841243.876900000497699, -3786097.84569999948144 ], [ -7841203.363700000569224, -3786111.439500000327826 ], [ -7841203.2599, -3786170.16330000013113 ], [ -7841160.599199999123812, -3786183.192899998277426 ], [ -7841106.387499999254942, -3786182.141600001603365 ], [ -7841111.842800000682473, -3786237.232200000435114 ], [ -7841074.111700000241399, -3786243.670499999076128 ], [ -7841049.090099999681115, -3786281.968800000846386 ], [ -7841037.379499999806285, -3786322.461100000888109 ], [ -7841017.039799999445677, -3786357.730999998748302 ], [ -7841000.944700000807643, -3786395.909699998795986 ], [ -7840963.375600000843406, -3786420.140700001269579 ], [ -7840945.7675, -3786466.644299998879433 ], [ -7840933.4583, -3786506.552000001072884 ], [ -7840912.752000000327826, -3786536.488499999046326 ], [ -7840856.085899999365211, -3786531.316799998283386 ], [ -7840800.713400000706315, -3786529.093400001525879 ], [ -7840782.688300000503659, -3786572.043699998408556 ], [ -7840726.72550000064075, -3786569.827799998223782 ], [ -7840678.500900000333786, -3786575.219399999827147 ], [ -7840660.928899999707937, -3786613.418200001120567 ], [ -7840654.620200000703335, -3786666.295699998736382 ], [ -7840617.884700000286102, -3786692.294599998742342 ], [ -7840620.010199999436736, -3786746.839099999517202 ], [ -7840620.615800000727177, -3786792.506400000303984 ], [ -7840646.092000000178814, -3786855.043299999088049 ], [ -7840691.774299999698997, -3786860.956399999558926 ], [ -7840689.4474, -3786821.837000001221895 ], [ -7840746.370100000873208, -3786832.344900000840425 ], [ -7840776.799799999222159, -3786862.189800001680851 ], [ -7840832.271299999207258, -3786866.191599998623133 ], [ -7840885.492799999192357, -3786861.918600000441074 ], [ -7840910.721699999645352, -3786822.42960000038147 ], [ -7840939.1570999994874, -3786788.236400000751019 ], [ -7840968.969699999317527, -3786768.854299999773502 ], [ -7840970.223300000652671, -3786716.043999999761581 ], [ -7840969.158099999651313, -3786660.892299998551607 ], [ -7840967.597699999809265, -3786604.561200000345707 ], [ -7840967.4627, -3786549.990699999034405 ], [ -7840970.629100000485778, -3786499.528299998492002 ], [ -7841000.325099999085069, -3786482.520899999886751 ], [ -7841032.165999999269843, -3786454.807599999010563 ], [ -7841037.282199999317527, -3786398.387800000607967 ], [ -7841074.963899999856949, -3786385.425299998372793 ], [ -7841102.169800000265241, -3786355.994699999690056 ], [ -7841159.204, -3786361.160300001502037 ], [ -7841210.781600000336766, -3786361.060400001704693 ], [ -7841211.325300000607967, -3786307.668200001120567 ], [ -7841246.891000000759959, -3786279.904599998146296 ], [ -7841243.9408, -3786221.814500000327826 ], [ -7841242.255300000309944, -3786167.266600001603365 ], [ -7841266.746400000527501, -3786147.363200001418591 ], [ -7841282.221200000494719, -3786101.482200000435114 ], [ -7841335.439099999144673, -3786105.511799998581409 ], [ -7841355.664100000634789, -3786075.58219999819994 ] ] ] ] } },
{ "type": "Feature", "properties": { "objectid": 13727, "st_area_sh": 16587.476701299998, "st_length_": 695.13979648400004, "Nombre": null, "Tipo": "Laguna", "objectid_2": 65, "shape_leng": 372597.42871200002, "dis_elec": 5, "cir_sena": 5, "cod_comuna": 4204, "codregion": 4, "st_area_sh_2": 4795458230.04, "st_length__2": 440576.77868400002, "Region": "Región de Coquimbo", "Comuna": "Salamanca", "Provincia": "Choapa" }, "geometry": { "type": "MultiPolygon", "coordinates": [ [ [ [ -7842424.485600000247359, -3792246.921300001442432 ], [ -7842457.076999999582767, -3792227.488800000399351 ], [ -7842484.764699999243021, -3792205.749099999666214 ], [ -7842541.743300000205636, -3792215.658300001174212 ], [ -7842480.140900000929832, -3792180.293400000780821 ], [ -7842455.427400000393391, -3792156.890599999576807 ], [ -7842420.658399999141693, -3792146.086599998176098 ], [ -7842428.795800000429153, -3792089.598799999803305 ], [ -7842421.81279999949038, -3792036.876899998635054 ], [ -7842365.554300000891089, -3792022.80350000038743 ], [ -7842351.502299999818206, -3792062.161200001835823 ], [ -7842354.91609999909997, -3792118.492199998348951 ], [ -7842359.379200000315905, -3792175.996199999004602 ], [ -7842406.972899999469519, -3792212.738499999046326 ], [ -7842424.485600000247359, -3792246.921300001442432 ] ] ] ] } },
{ "type": "Feature", "properties": { "objectid": 13728, "st_area_sh": 20992.471612099998, "st_length_": 657.26005486199995, "Nombre": null, "Tipo": "Laguna", "objectid_2": 65, "shape_leng": 372597.42871200002, "dis_elec": 5, "cir_sena": 5, "cod_comuna": 4204, "codregion": 4, "st_area_sh_2": 4795458230.04, "st_length__2": 440576.77868400002, "Region": "Región de Coquimbo", "Comuna": "Salamanca", "Provincia": "Choapa" }, "geometry": { "type": "MultiPolygon", "coordinates": [ [ [ [ -7838686.078400000929832, -3796012.645100001245737 ], [ -7838686.374500000849366, -3796035.1996 ], [ -7838861.572699999436736, -3796031.688799999654293 ], [ -7838908.417500000447035, -3795982.982200000435114 ], [ -7838903.417199999094009, -3795928.433899998664856 ], [ -7838862.208499999716878, -3795917.107999999076128 ], [ -7838832.808900000527501, -3795888.410000000149012 ], [ -7838816.314400000497699, -3795931.3706 ], [ -7838760.210699999704957, -3795927.365600001066923 ], [ -7838741.3277000002563, -3795965.608800001442432 ], [ -7838686.086500000208616, -3795959.811099998652935 ], [ -7838686.078400000929832, -3796012.645100001245737 ] ] ] ] } },
{ "type": "Feature", "properties": { "objectid": 13733, "st_area_sh": 91706.162713700003, "st_length_": 1645.87522423, "Nombre": null, "Tipo": "Embalse", "objectid_2": 65, "shape_leng": 372597.42871200002, "dis_elec": 5, "cir_sena": 5, "cod_comuna": 4204, "codregion": 4, "st_area_sh_2": 4795458230.04, "st_length__2": 440576.77868400002, "Region": "Región de Coquimbo", "Comuna": "Salamanca", "Provincia": "Choapa" }, "geometry": { "type": "MultiPolygon", "coordinates": [ [ [ [ -7857904.477900000289083, -3740308.505199998617172 ], [ -7857905.163699999451637, -3740355.627599999308586 ], [ -7857931.334799999371171, -3740395.948300000280142 ], [ -7857976.347300000488758, -3740412.425799999386072 ], [ -7858003.496200000867248, -3740373.46339999884367 ], [ -7858048.0406, -3740357.811599999666214 ], [ -7858097.004000000655651, -3740352.806499999016523 ], [ -7858132.740900000557303, -3740318.002500001341105 ], [ -7858172.865800000727177, -3740291.703499998897314 ], [ -7858215.184299999848008, -3740269.656800001859665 ], [ -7858240.169399999082088, -3740228.583799999207258 ], [ -7858224.561599999666214, -3740181.681699998676777 ], [ -7858185.756899999454618, -3740152.260000001639128 ], [ -7858210.710699999704957, -3740109.045699998736382 ], [ -7858184.507999999448657, -3740066.584699999541044 ], [ -7858139.434299999848008, -3740045.824700001627207 ], [ -7858115.488299999386072, -3740011.89979999884963 ], [ -7858085.08559999987483, -3739973.785199999809265 ], [ -7858039.981200000271201, -3739950.883099999278784 ], [ -7858011.7105, -3739912.737300001084805 ], [ -7857979.208000000566244, -3739876.795899998396635 ], [ -7857957.238500000908971, -3739832.1305 ], [ -7857910.470899999141693, -3739841.3871 ], [ -7857900.499399999156594, -3739888.66440000012517 ], [ -7857896.953299999237061, -3739937.989700000733137 ], [ -7857925.223799999803305, -3739976.135899998247623 ], [ -7857961.926899999380112, -3740007.731199998408556 ], [ -7858000.730599999427795, -3740037.153299998492002 ], [ -7858029.001599999144673, -3740075.299699999392033 ], [ -7858033.950899999588728, -3740122.358399998396635 ], [ -7858036.800000000745058, -3740171.590599998831749 ], [ -7858005.357300000265241, -3740208.473099999129772 ], [ -7857984.697000000625849, -3740253.7665 ], [ -7857940.215299999341369, -3740273.701900001615286 ], [ -7857904.477900000289083, -3740308.505199998617172 ] ] ] ] } },
{ "type": "Feature", "properties": { "objectid": 13734, "st_area_sh": 5314497.4395700004, "st_length_": 18837.755733999998, "Nombre": "Tranque Quillayes", "Tipo": "Tranque", "objectid_2": 65, "shape_leng": 372597.42871200002, "dis_elec": 5, "cir_sena": 5, "cod_comuna": 4204, "codregion": 4, "st_area_sh_2": 4795458230.04, "st_length__2": 440576.77868400002, "Region": "Región de Coquimbo", "Comuna": "Salamanca", "Provincia": "Choapa" }, "geometry": { "type": "MultiPolygon", "coordinates": [ [ [ [ -7859378.93779999949038, -3743697.719200000166893 ], [ -7859379.186599999666214, -3743714.658100001513958 ], [ -7859379.4353, -3743731.596900001168251 ], [ -7859374.231000000610948, -3743759.911800000816584 ], [ -7859368.943800000473857, -3743782.580299999564886 ], [ -7859369.1096, -3743793.872999999672174 ], [ -7859307.466399999335408, -3743806.082100000232458 ], [ -7859302.0132, -3743817.458000000566244 ], [ -7859296.477099999785423, -3743823.187600001692772 ], [ -7859291.106799999251962, -3743840.21000000089407 ], [ -7859285.6535, -3743851.585900001227856 ], [ -7859285.736400000751019, -3743857.232299998402596 ], [ -7859285.819299999624491, -3743862.878600001335144 ], [ -7859285.902200000360608, -3743868.524900000542402 ], [ -7859285.98509999923408, -3743874.171399999409914 ], [ -7859286.150900000706315, -3743885.464099999517202 ], [ -7859286.233799999579787, -3743891.110399998724461 ], [ -7859286.39949999935925, -3743902.403099998831749 ], [ -7859286.4824, -3743908.049499999731779 ], [ -7859286.648199999704957, -3743919.342300001531839 ], [ -7859297.969200000166893, -3743924.82209999859333 ], [ -7859298.134999999776483, -3743936.114799998700619 ], [ -7859303.836899999529123, -3743941.67790000140667 ], [ -7859309.538899999111891, -3743947.24100000038743 ], [ -7859315.24100000038743, -3743952.804200001060963 ], [ -7859326.562000000849366, -3743958.283900000154972 ], [ -7859349.204, -3743969.2434 ], [ -7859371.680400000885129, -3743968.910100001841784 ], [ -7859411.1798, -3743979.6195 ], [ -7859433.739199999719858, -3743984.932399999350309 ], [ -7859450.92820000089705, -3744007.26799999922514 ], [ -7859456.79619999974966, -3744024.1239 ], [ -7859462.664200000464916, -3744040.979800000786781 ], [ -7859468.532299999147654, -3744057.835700001567602 ], [ -7859468.781199999153614, -3744074.775100000202656 ], [ -7859469.030099999159575, -3744091.714400000870228 ], [ -7859469.196100000292063, -3744103.00730000063777 ], [ -7859469.362099999561906, -3744114.300299998372793 ], [ -7859469.528000000864267, -3744125.593199998140335 ], [ -7859464.157800000160933, -3744142.615899998694658 ], [ -7859453.002499999478459, -3744148.429299999028444 ], [ -7859436.393999999389052, -3744165.61879999935627 ], [ -7859430.857699999585748, -3744171.348600000143051 ], [ -7859403.010800000280142, -3744188.704999998211861 ], [ -7859386.3191, -3744200.247999999672174 ], [ -7859375.246600000187755, -3744211.707699999213219 ], [ -7859364.339999999850988, -3744234.460499998182058 ], [ -7859353.267400000244379, -3744245.920200001448393 ], [ -7859353.516200000420213, -3744262.859700001776218 ], [ -7859348.145700000226498, -3744279.882800001651049 ], [ -7859348.311599999666214, -3744291.175799999386072 ], [ -7859348.47749999910593, -3744302.468899998813868 ], [ -7859348.643300000578165, -3744313.7621 ], [ -7859382.358799999579787, -3744313.2621 ], [ -7859410.455, -3744312.845300000160933 ], [ -7859416.074200000613928, -3744312.761900000274181 ], [ -7859427.395600000396371, -3744318.241700001060963 ], [ -7859433.180700000375509, -3744329.451400000602007 ], [ -7859439.049000000581145, -3744346.307799998670816 ], [ -7859444.751199999824166, -3744351.870999999344349 ], [ -7859444.83420000039041, -3744357.5176 ], [ -7859444.917199999094009, -3744363.164099998772144 ], [ -7859450.619400000199676, -3744368.727299999445677 ], [ -7859450.70240000076592, -3744374.3739 ], [ -7859456.4046, -3744379.937100000679493 ], [ -7859462.023800000548363, -3744379.853700000792742 ], [ -7859467.643100000917912, -3744379.770300000905991 ], [ -7859495.739399999380112, -3744379.353300001472235 ], [ -7859501.35869999974966, -3744379.269900001585484 ], [ -7859518.216499999165535, -3744379.01969999819994 ], [ -7859523.835799999535084, -3744378.936299998313189 ], [ -7859551.932, -3744378.519200000911951 ], [ -7859563.1706000007689, -3744378.352299999445677 ], [ -7859568.789899999275804, -3744378.268899999558926 ], [ -7859580.028400000184774, -3744378.102000001817942 ], [ -7859585.647600000724196, -3744378.0185999982059 ], [ -7859597.052300000563264, -3744389.144900001585484 ], [ -7859597.218399999663234, -3744400.438099998980761 ], [ -7859597.384500000625849, -3744411.731199998408556 ], [ -7859597.467499999329448, -3744417.37779999896884 ], [ -7859597.633600000292063, -3744428.671100001782179 ], [ -7859603.335999999195337, -3744434.234200000762939 ], [ -7859603.418999999761581, -3744439.880800001323223 ], [ -7859614.823699999600649, -3744451.007100000977516 ], [ -7859631.764599999412894, -3744456.403299998492002 ], [ -7859648.705600000917912, -3744461.799600001424551 ], [ -7859660.027200000360608, -3744467.27930000051856 ], [ -7859660.110300000756979, -3744472.925900001078844 ], [ -7859671.598099999129772, -3744489.698699999600649 ], [ -7859683.086100000888109, -3744506.471700001507998 ], [ -7859694.740199999883771, -3744534.537900000810623 ], [ -7859706.144999999552965, -3744545.664299998432398 ], [ -7859711.847400000318885, -3744551.227400001138449 ], [ -7859717.550000000745058, -3744556.790600001811981 ], [ -7859728.954900000244379, -3744567.916799999773502 ], [ -7859740.526000000536442, -3744590.336500000208616 ], [ -7859752.014000000432134, -3744607.109499998390675 ], [ -7859757.716600000858307, -3744612.672600001096725 ], [ -7859763.335999999195337, -3744612.589099999517202 ], [ -7859802.671499999240041, -3744612.004299998283386 ], [ -7859830.685100000351667, -3744605.939800001680851 ], [ -7859841.923900000751019, -3744605.772700000554323 ], [ -7859853.162599999457598, -3744605.605500001460314 ], [ -7859864.4013, -3744605.438400000333786 ], [ -7859870.270199999213219, -3744622.2949 ], [ -7859881.675300000235438, -3744633.421100001782179 ], [ -7859887.461100000888109, -3744644.630899999290705 ], [ -7859898.8662, -3744655.757199998944998 ], [ -7859904.651900000870228, -3744666.966899998486042 ], [ -7859916.057199999690056, -3744678.093100000172853 ], [ -7859938.784299999475479, -3744694.698899999260902 ], [ -7859961.594900000840425, -3744716.951200000941753 ], [ -7859978.536299999803305, -3744722.347100000828505 ], [ -7860001.263699999079108, -3744738.952799998223782 ], [ -7860018.454900000244379, -3744761.288699999451637 ], [ -7860035.479800000786781, -3744772.331300001591444 ], [ -7860046.885199999436736, -3744783.457499999552965 ], [ -7860052.587799999862909, -3744789.020500000566244 ], [ -7860063.993200000375509, -3744800.146699998527765 ], [ -7860069.695900000631809, -3744805.709800001233816 ], [ -7860081.101500000804663, -3744816.835999999195337 ], [ -7860092.423599999397993, -3744822.315400000661612 ], [ -7860098.043099999427795, -3744822.231699999421835 ], [ -7860103.745799999684095, -3744827.794799998402596 ], [ -7860109.4485, -3744833.357799999415874 ], [ -7860115.068099999800324, -3744833.274099998176098 ], [ -7860120.6875, -3744833.190400000661612 ], [ -7860132.093000000342727, -3744844.316500000655651 ], [ -7860143.49860000051558, -3744855.442800000309944 ], [ -7860149.118000000715256, -3744855.359000001102686 ], [ -7860160.523700000718236, -3744866.485100001096725 ], [ -7860172.012599999085069, -3744883.258000001311302 ], [ -7860183.334799999371171, -3744888.737500000745058 ], [ -7860200.359999999403954, -3744899.779800001531839 ], [ -7860211.765599999576807, -3744910.905900001525879 ], [ -7860228.707399999722838, -3744916.3015 ], [ -7860245.649299999698997, -3744921.697000000625849 ], [ -7860251.268799999728799, -3744921.613200001418591 ], [ -7860256.888299999758601, -3744921.529399998486042 ], [ -7860273.746799999848008, -3744921.278099998831749 ], [ -7860279.36629999987781, -3744921.194299999624491 ], [ -7860307.296900000423193, -3744909.481800001114607 ], [ -7860318.20240000076592, -3744886.727000001817942 ], [ -7860318.035599999129772, -3744875.433400001376867 ], [ -7860323.488299999386072, -3744864.056000001728535 ], [ -7860328.940999999642372, -3744852.6787 ], [ -7860328.857599999755621, -3744847.031899999827147 ], [ -7860328.6908, -3744835.738299999386072 ], [ -7860328.6074, -3744830.091499999165535 ], [ -7860328.524000000208616, -3744824.444699998944998 ], [ -7860322.737700000405312, -3744813.234999999403954 ], [ -7860316.784800000488758, -3744790.731800001114607 ], [ -7860316.534600000828505, -3744773.791499998420477 ], [ -7860332.892400000244379, -3744739.659699998795986 ], [ -7860338.261600000783801, -3744722.635600000619888 ], [ -7860366.025000000372529, -3744699.629799999296665 ], [ -7860377.096899999305606, -3744688.168800000101328 ], [ -7860388.252399999648333, -3744682.354299999773502 ], [ -7860410.479499999433756, -3744665.078899998217821 ], [ -7860416.01549999974668, -3744659.348400000482798 ], [ -7860449.397900000214577, -3744636.258499998599291 ], [ -7860488.482999999076128, -3744618.731499999761581 ], [ -7860510.71000000089407, -3744601.455899998545647 ], [ -7860521.781700000166893, -3744589.994899999350309 ], [ -7860532.853399999439716, -3744578.5337999984622 ], [ -7860538.3892, -3744572.803300000727177 ], [ -7860549.377499999478459, -3744555.695500001311302 ], [ -7860565.817900000140071, -3744527.210700001567602 ], [ -7860582.258300000801682, -3744498.72580000013113 ], [ -7860587.794099999591708, -3744492.995299998670816 ], [ -7860598.7820999994874, -3744475.887600000947714 ], [ -7860609.770099999383092, -3744458.780000001192093 ], [ -7860626.377399999648333, -3744441.58839999884367 ], [ -7860637.365299999713898, -3744424.480799999088049 ], [ -7860648.269600000232458, -3744401.726599998772144 ], [ -7860659.006899999454618, -3744367.679400000721216 ], [ -7860664.291999999433756, -3744345.009300000965595 ], [ -7860664.208399999886751, -3744339.362700000405312 ], [ -7860663.874299999326468, -3744316.776599999517202 ], [ -7860663.540100000798702, -3744294.190499998629093 ], [ -7860663.2895, -3744277.250900000333786 ], [ -7860663.038899999111891, -3744260.311500001698732 ], [ -7860662.621200000867248, -3744232.078899998217821 ], [ -7860667.906199999153614, -3744209.409099999815226 ], [ -7860678.726700000464916, -3744181.0088 ], [ -7860689.630799999460578, -3744158.254999998956919 ], [ -7860695.166500000283122, -3744152.524599999189377 ], [ -7860700.534900000318885, -3744135.501400001347065 ], [ -7860705.81980000063777, -3744112.831599999219179 ], [ -7860711.188200000673532, -3744095.808400001376867 ], [ -7860711.021099999547005, -3744084.515500001609325 ], [ -7860721.925000000745058, -3744061.761999998241663 ], [ -7860727.377000000327826, -3744050.385200001299381 ], [ -7860732.66190000064671, -3744027.715599998831749 ], [ -7860743.732899999246001, -3744016.254900000989437 ], [ -7860760.339299999177456, -3743999.063799999654293 ], [ -7860777.02930000051856, -3743987.519099999219179 ], [ -7860788.183800000697374, -3743981.704700000584126 ], [ -7860793.802899999544024, -3743981.620700001716614 ], [ -7860799.338300000876188, -3743975.8904 ], [ -7860816.028300000354648, -3743964.345499999821186 ], [ -7860838.337099999189377, -3743952.71680000051856 ], [ -7860849.491699999198318, -3743946.902399998158216 ], [ -7860860.5625, -3743935.441700000315905 ], [ -7860871.633199999108911, -3743923.980900000780821 ], [ -7860877.08500000089407, -3743912.604200001806021 ], [ -7860888.239399999380112, -3743906.789799999445677 ], [ -7860888.155799999833107, -3743901.143500000238419 ], [ -7860893.691199999302626, -3743895.413100000470877 ], [ -7860899.0592, -3743878.390000000596046 ], [ -7860904.427300000563264, -3743861.36710000038147 ], [ -7860909.879000000655651, -3743849.990499999374151 ], [ -7860921.033299999311566, -3743844.175900001078844 ], [ -7860926.401399999856949, -3743827.153000000864267 ], [ -7860931.936699999496341, -3743821.422699999064207 ], [ -7860948.45890000090003, -3743798.585299998521805 ], [ -7860964.981200000271201, -3743775.747999999672174 ], [ -7860976.13539999909699, -3743769.933600001037121 ], [ -7860975.968000000342727, -3743758.640999998897314 ], [ -7861003.811699999496341, -3743741.281899999827147 ], [ -7861014.882200000807643, -3743729.821199998259544 ], [ -7861025.952600000426173, -3743718.360399998724461 ], [ -7861042.642000000923872, -3743706.815699998289347 ], [ -7861048.009800000116229, -3743689.792899999767542 ], [ -7861059.163899999111891, -3743683.978399999439716 ], [ -7861064.699100000783801, -3743678.247999999672174 ], [ -7861081.388399999588728, -3743666.703299999237061 ], [ -7861087.00730000063777, -3743666.619100000709295 ], [ -7861092.375, -3743649.596400000154972 ], [ -7861097.658900000154972, -3743626.927400000393391 ], [ -7861097.491499999538064, -3743615.635000001639128 ], [ -7861097.323999999091029, -3743604.342599999159575 ], [ -7861097.240299999713898, -3743598.696400001645088 ], [ -7861097.156600000336766, -3743593.050200000405312 ], [ -7861097.07289999909699, -3743587.404100000858307 ], [ -7861096.9054000005126, -3743576.111699998378754 ], [ -7861102.440500000491738, -3743570.381499998271465 ], [ -7861107.8918999992311, -3743559.004900000989437 ], [ -7861124.497300000861287, -3743541.813999999314547 ], [ -7861129.864900000393391, -3743524.791400000452995 ], [ -7861146.386399999260902, -3743501.9543999992311 ], [ -7861151.921399999409914, -3743496.22410000115633 ], [ -7861151.8377, -3743490.578000001609325 ], [ -7861151.753900000825524, -3743484.931800000369549 ], [ -7861151.586400000378489, -3743473.639499999582767 ], [ -7861151.4189, -3743462.347300000488758 ], [ -7861140.0976, -3743456.8695 ], [ -7861134.395099999383092, -3743451.307599999010563 ], [ -7861128.7763, -3743451.391699999570847 ], [ -7861117.455, -3743445.913800001144409 ], [ -7861106.13370000012219, -3743440.435899998992682 ], [ -7861077.9561, -3743435.210499998182058 ], [ -7861061.099600000306964, -3743435.462799999862909 ], [ -7861033.005699999630451, -3743435.883299998939037 ], [ -7861010.530600000172853, -3743436.219700001180172 ], [ -7861004.911800000816584, -3743436.303800001740456 ], [ -7860971.449999999254942, -3743453.7467 ], [ -7860960.212500000372529, -3743453.914799999445677 ], [ -7860893.873999999836087, -3743528.323100000619888 ], [ -7860860.077299999073148, -3743523.181099999696016 ], [ -7860820.66190000064671, -3743518.123100001364946 ], [ -7860792.484099999070168, -3743512.896899998188019 ], [ -7860764.222899999469519, -3743502.024500001221895 ], [ -7860758.604000000283122, -3743502.1085 ], [ -7860735.9616, -3743491.151999998837709 ], [ -7860718.937999999150634, -3743480.111600000411272 ], [ -7860707.616800000891089, -3743474.633400000631809 ], [ -7860684.974600000306964, -3743463.676899999380112 ], [ -7860662.3322, -3743452.720300000160933 ], [ -7860650.9276, -3743441.595899999141693 ], [ -7860645.225299999117851, -3743436.033700000494719 ], [ -7860633.820599999278784, -3743424.909299999475479 ], [ -7860616.630300000309944, -3743402.576499998569489 ], [ -7860610.6776, -3743380.076099999248981 ], [ -7860610.343599999323487, -3743357.491700001060963 ], [ -7860610.260099999606609, -3743351.845600001513958 ], [ -7860610.093100000172853, -3743340.55350000038743 ], [ -7860615.5449, -3743329.177299998700619 ], [ -7860615.461400000378489, -3743323.531300000846386 ], [ -7860631.9836, -3743300.69539999961853 ], [ -7860637.602299999445677, -3743300.611400000751019 ], [ -7860643.137599999085069, -3743294.881400000303984 ], [ -7860670.897199999541044, -3743271.877599999308586 ], [ -7860704.442399999126792, -3743260.081999998539686 ], [ -7860704.358899999409914, -3743254.435899998992682 ], [ -7860721.048000000417233, -3743242.892000000923872 ], [ -7860732.201899999752641, -3743237.078099999576807 ], [ -7860743.272099999710917, -3743225.618099998682737 ], [ -7860759.877599999308586, -3743208.428100001066923 ], [ -7860770.864299999549985, -3743191.322200000286102 ], [ -7860782.018100000917912, -3743185.508299998939037 ], [ -7860787.386, -3743168.486200001090765 ], [ -7860787.218900000676513, -3743157.194299999624491 ], [ -7860792.586799999698997, -3743140.172400001436472 ], [ -7860792.168999999761581, -3743111.942499998956919 ], [ -7860791.7511, -3743083.712600000202656 ], [ -7860791.500399999320507, -3743066.77479999884963 ], [ -7860785.463999999687076, -3743038.629000000655651 ], [ -7860785.129699999466538, -3743016.045299999415874 ], [ -7860784.711899999529123, -3742987.8158 ], [ -7860784.461200000718236, -3742970.877999998629093 ], [ -7860812.387000000104308, -3742959.166299998760223 ], [ -7860834.777699999511242, -3742953.184500001370907 ], [ -7860840.396299999207258, -3742953.100499998778105 ], [ -7860840.061899999156594, -3742930.5168999992311 ], [ -7860839.811200000345707, -3742913.579300001263618 ], [ -7860839.476800000295043, -3742890.995700001716614 ], [ -7860839.226099999621511, -3742874.058200001716614 ], [ -7860838.975299999117851, -3742857.12049999833107 ], [ -7860838.557399999350309, -3742828.891399998217821 ], [ -7860838.306600000709295, -3742811.95380000025034 ], [ -7860838.222999999299645, -3742806.30799999833107 ], [ -7860843.6743, -3742794.932399999350309 ], [ -7860849.20920000039041, -3742789.202599998563528 ], [ -7860849.125700000673532, -3742783.556800000369549 ], [ -7860860.1118, -3742766.451299998909235 ], [ -7860859.860999999567866, -3742749.513900000602007 ], [ -7860859.610300000756979, -3742732.576499998569489 ], [ -7860859.526699999347329, -3742726.930700000375509 ], [ -7860859.443099999800324, -3742721.28489999845624 ], [ -7860859.275900000706315, -3742709.9934 ], [ -7860853.573899999260902, -3742704.431600000709295 ], [ -7860847.871799999848008, -3742698.869699999690056 ], [ -7860836.467800000682473, -3742687.746199999004602 ], [ -7860830.84940000064671, -3742687.830200001597404 ], [ -7860825.230799999088049, -3742687.914200000464916 ], [ -7860813.994000000879169, -3742688.082100000232458 ], [ -7860791.854499999433756, -3742711.001200001686811 ], [ -7860786.319499999284744, -3742716.730900000780821 ], [ -7860763.929199999198318, -3742722.712499998509884 ], [ -7860758.310799999162555, -3742722.796500001102686 ], [ -7860747.073799999430776, -3742722.964400000870228 ], [ -7860730.218399999663234, -3742723.2162000015378 ], [ -7860713.196000000461936, -3742712.1765 ], [ -7860673.699799999594688, -3742701.472199998795986 ], [ -7860673.6162, -3742695.826499998569489 ], [ -7860639.654999999329448, -3742679.3926 ], [ -7860622.465700000524521, -3742657.061099998652935 ], [ -7860610.894899999722838, -3742634.645899999886751 ], [ -7860604.859200000762939, -3742606.500999998301268 ], [ -7860604.608799999579787, -3742589.563900001347065 ], [ -7860598.740000000223517, -3742572.710499998182058 ], [ -7860598.656500000506639, -3742567.064800001680851 ], [ -7860592.5373, -3742533.274300001561642 ], [ -7860586.501499999314547, -3742505.129700001329184 ], [ -7860574.8476, -3742477.068999998271465 ], [ -7860574.76410000026226, -3742471.423300001770258 ], [ -7860563.277100000530481, -3742454.653999999165535 ], [ -7860563.193600000813603, -3742449.008299998939037 ], [ -7860557.491900000721216, -3742443.44649999961257 ], [ -7860546.088199999183416, -3742432.322900000959635 ], [ -7860545.587600000202656, -3742398.449000000953674 ], [ -7860545.504200000315905, -3742392.803300000727177 ], [ -7860538.884600000455976, -3742325.139600001275539 ], [ -7860538.717800000682473, -3742313.848400000482798 ], [ -7860532.51549999974668, -3742274.412999998778105 ], [ -7860526.5636, -3742251.91440000012517 ], [ -7860526.480100000277162, -3742246.268899999558926 ], [ -7860520.44480000063777, -3742218.124800000339746 ], [ -7860508.624399999156594, -3742178.773600000888109 ], [ -7860508.207299999892712, -3742150.545800000429153 ], [ -7860508.1239, -3742144.900299999862909 ], [ -7860507.706900000572205, -3742116.672800000756979 ], [ -7860507.206399999558926, -3742082.799699999392033 ], [ -7860506.789300000295043, -3742054.572200000286102 ], [ -7860506.705900000408292, -3742048.926699999719858 ], [ -7860500.754000000655651, -3742026.42850000038743 ], [ -7860500.33699999935925, -3741998.201200000941753 ], [ -7860500.253599999472499, -3741992.555700000375509 ], [ -7860494.301799999549985, -3741970.057700000703335 ], [ -7860494.218399999663234, -3741964.412300001829863 ], [ -7860494.134999999776483, -3741958.7668999992311 ], [ -7860488.266699999570847, -3741941.914299998432398 ], [ -7860488.183299999684095, -3741936.268800001591444 ], [ -7860488.0165, -3741924.978000000119209 ], [ -7860487.9331, -3741919.332600001245737 ], [ -7860482.231599999591708, -3741913.770899999886751 ], [ -7860465.293999999761581, -3741908.376899998635054 ], [ -7860425.88399999961257, -3741903.317899998277426 ], [ -7860409.1963, -3741914.860100001096725 ], [ -7860398.126900000497699, -3741926.318599998950958 ], [ -7860392.5921, -3741932.047699999064207 ], [ -7860387.307399999350309, -3741954.713199999183416 ], [ -7860381.939300000667572, -3741971.733399998396635 ], [ -7860371.036399999633431, -3741994.482700001448393 ], [ -7860348.730599999427795, -3742006.10869999974966 ], [ -7860332.1261, -3742023.296300001442432 ], [ -7860298.583799999207258, -3742035.089600000530481 ], [ -7860292.965700000524521, -3742035.173300001770258 ], [ -7860281.812699999660254, -3742040.986299999058247 ], [ -7860265.041400000452995, -3742046.88289999961853 ], [ -7860253.805099999532104, -3742047.050299998372793 ], [ -7860180.85219999961555, -3742053.783700000494719 ], [ -7860180.768899999558926, -3742048.1382 ], [ -7860163.747999999672174, -3742037.098099999129772 ], [ -7860157.963300000876188, -3742025.890799999237061 ], [ -7860152.1787, -3742014.683499999344349 ], [ -7860146.393899999558926, -3742003.476199999451637 ], [ -7860146.227399999275804, -3741992.185199998319149 ], [ -7860146.144200000911951, -3741986.539799999445677 ], [ -7860140.3596, -3741975.332499999552965 ], [ -7860140.193099999800324, -3741964.041600000113249 ], [ -7860140.109899999573827, -3741958.396099999547005 ], [ -7860139.860200000926852, -3741941.459800001233816 ], [ -7860139.610500000417233, -3741924.523499999195337 ], [ -7860139.3607, -3741907.587099999189377 ], [ -7860139.277499999850988, -3741901.941700000315905 ], [ -7860139.110999999567866, -3741890.65089999884367 ], [ -7860132.99349999986589, -3741856.861999999731779 ], [ -7860121.424499999731779, -3741834.447599999606609 ], [ -7860104.154100000858307, -3741806.471599999815226 ], [ -7860081.682, -3741806.806099999696016 ], [ -7860076.06389999948442, -3741806.889699999243021 ], [ -7860070.529100000858307, -3741812.618599999696016 ], [ -7860065.077299999073148, -3741823.993000000715256 ], [ -7860054.00760000012815, -3741835.4510000012815 ], [ -7860048.472699999809265, -3741841.179999999701977 ], [ -7860043.187400000169873, -3741863.845199998468161 ], [ -7860032.11769999936223, -3741875.303199999034405 ], [ -7860026.66579999960959, -3741886.677799999713898 ], [ -7860021.130899999290705, -3741892.406800001859665 ], [ -7860009.978000000119209, -3741898.219300001859665 ], [ -7860004.443, -3741903.948300000280142 ], [ -7859987.921299999579787, -3741926.780900001525879 ], [ -7859977.1009, -3741955.175200000405312 ], [ -7859966.363700000569224, -3741989.21510000154376 ], [ -7859960.745500000193715, -3741989.298700001090765 ], [ -7859961.078199999406934, -3742011.880699999630451 ], [ -7859961.660299999639392, -3742051.399099998176098 ], [ -7859961.7434, -3742057.044599998742342 ], [ -7859961.992900000885129, -3742073.981100000441074 ], [ -7859962.24239999987185, -3742090.917700000107288 ], [ -7859962.408700000494719, -3742102.208700001239777 ], [ -7859962.491800000891089, -3742107.854200001806021 ], [ -7859962.574999999254942, -3742113.499699998646975 ], [ -7859962.65819999948144, -3742119.145300000905991 ], [ -7859957.206299999728799, -3742130.519999999552965 ], [ -7859951.587999999523163, -3742130.603500001132488 ], [ -7859934.73340000025928, -3742130.854200001806021 ], [ -7859929.115199999883771, -3742130.937800001353025 ], [ -7859917.878799999132752, -3742131.104899998754263 ], [ -7859912.260500000789762, -3742131.188400000333786 ], [ -7859889.704600000753999, -3742125.877000000327826 ], [ -7859850.377100000157952, -3742126.46169999986887 ], [ -7859839.140699999406934, -3742126.628699999302626 ], [ -7859833.522399999201298, -3742126.712200000882149 ], [ -7859833.439300000667572, -3742121.066599998623133 ], [ -7859822.119799999520183, -3742115.587999999523163 ], [ -7859816.501599999144673, -3742115.671500001102686 ], [ -7859805.098999999463558, -3742104.547499999403954 ], [ -7859799.39780000038445, -3742098.985500000417233 ], [ -7859787.995100000873208, -3742087.861400000751019 ], [ -7859770.97440000064671, -3742076.820700000971556 ], [ -7859759.571900000795722, -3742065.696699999272823 ], [ -7859748.252399999648333, -3742060.218100000172853 ], [ -7859742.63429999910295, -3742060.301600001752377 ], [ -7859714.3772, -3742049.427799999713898 ], [ -7859708.75899999961257, -3742049.511300001293421 ], [ -7859680.5022, -3742038.63740000128746 ], [ -7859674.800899999216199, -3742033.075300000607967 ], [ -7859652.079199999570847, -3742016.472600001841784 ], [ -7859646.460999999195337, -3742016.556000001728535 ], [ -7859640.510900000110269, -3741994.057399999350309 ], [ -7859640.427899999544024, -3741988.411899998784065 ], [ -7859640.095799999311566, -3741965.829999998211861 ], [ -7859639.846799999475479, -3741948.8935999982059 ], [ -7859645.381899999454618, -3741943.164799999445677 ], [ -7859645.298900000751019, -3741937.519299998879433 ], [ -7859650.751000000163913, -3741926.144900001585484 ], [ -7859656.203099999576807, -3741914.770599998533726 ], [ -7859661.655200000852346, -3741903.396299999207258 ], [ -7859661.489099999889731, -3741892.105500001460314 ], [ -7859661.323100000619888, -3741880.814500000327826 ], [ -7859661.074100000783801, -3741863.8783 ], [ -7859660.824999999254942, -3741846.94200000166893 ], [ -7859660.659, -3741835.651200000196695 ], [ -7859660.160900000482798, -3741801.778799999505281 ], [ -7859659.91190000064671, -3741784.842599999159575 ], [ -7859659.662799999117851, -3741767.906399998813868 ], [ -7859653.961799999698997, -3741762.344500001519918 ], [ -7859653.795800000429153, -3741751.0537 ], [ -7859648.094799999147654, -3741745.491799999028444 ], [ -7859636.775699999183416, -3741740.013300001621246 ], [ -7859636.692700000479817, -3741734.367899999022484 ], [ -7859625.456499999389052, -3741734.534699998795986 ], [ -7859619.838500000536442, -3741734.618099998682737 ], [ -7859608.60249999910593, -3741734.78489999845624 ], [ -7859586.213199999183416, -3741740.763799998909235 ], [ -7859580.595200000330806, -3741740.847199998795986 ], [ -7859574.97719999961555, -3741740.930500000715256 ], [ -7859558.123099999502301, -3741741.180599998682737 ], [ -7859552.505000000819564, -3741741.263999998569489 ], [ -7859535.733899999409914, -3741747.159400001168251 ], [ -7859530.115800000727177, -3741747.242800001055002 ], [ -7859513.261600000783801, -3741747.492899999022484 ], [ -7859490.7895, -3741747.826200000941753 ], [ -7859479.553400000557303, -3741747.992899999022484 ], [ -7859468.317299999296665, -3741748.159499999135733 ], [ -7859457.081199999898672, -3741748.326200000941753 ], [ -7859434.526000000536442, -3741743.01410000026226 ], [ -7859411.971000000834465, -3741737.701900001615286 ], [ -7859400.652100000530481, -3741732.223099999129772 ], [ -7859395.033900000154972, -3741732.30629999935627 ], [ -7859378.096999999135733, -3741726.910900000482798 ], [ -7859355.541899999603629, -3741721.598600000143051 ], [ -7859332.986999999731779, -3741716.286299999803305 ], [ -7859321.668099999427795, -3741710.807500001043081 ], [ -7859310.349099999293685, -3741705.328699998557568 ], [ -7859304.648199999704957, -3741699.766600001603365 ], [ -7859304.565400000661612, -3741694.121100001037121 ], [ -7859298.781700000166893, -3741682.913699999451637 ], [ -7859287.380000000819564, -3741671.789500001817942 ], [ -7859287.2971, -3741666.144200000911951 ], [ -7859281.513499999418855, -3741654.936599999666214 ], [ -7859281.347799999639392, -3741643.646000001579523 ], [ -7859275.564099999144673, -3741632.4386 ], [ -7859275.481200000271201, -3741626.793299999088049 ], [ -7859269.697599999606609, -3741615.585799999535084 ], [ -7859263.831199999898672, -3741598.7331000007689 ], [ -7859257.964700000360608, -3741581.8805 ], [ -7859252.181099999696016, -3741570.673000000417233 ], [ -7859240.69679999910295, -3741553.903599999845028 ], [ -7859229.129599999636412, -3741531.488800000399351 ], [ -7859223.42879999987781, -3741525.92680000141263 ], [ -7859212.11009999923408, -3741520.447900000959635 ], [ -7859206.409399999305606, -3741514.885899998247623 ], [ -7859200.625900000333786, -3741503.67850000038743 ], [ -7859189.22440000064671, -3741492.554299999028444 ], [ -7859177.823000000789762, -3741481.43019999936223 ], [ -7859177.740199999883771, -3741475.78489999845624 ], [ -7859171.8739, -3741458.932300001382828 ], [ -7859160.555400000885129, -3741453.453400000929832 ], [ -7859154.854599999263883, -3741447.891399998217821 ], [ -7859154.771800000220537, -3741442.246100001037121 ], [ -7859143.453299999237061, -3741436.767200000584126 ], [ -7859131.969200000166893, -3741419.9978 ], [ -7859114.784399999305606, -3741397.666400000452995 ], [ -7859097.682600000873208, -3741380.980099998414516 ], [ -7859080.580700000748038, -3741364.293999999761581 ], [ -7859063.478900000452995, -3741347.607799999415874 ], [ -7859057.778300000354648, -3741342.0456000007689 ], [ -7859040.676599999889731, -3741325.359400000423193 ], [ -7859040.593900000676513, -3741319.714299999177456 ], [ -7859029.109999999403954, -3741302.944899998605251 ], [ -7859011.843000000342727, -3741274.968400001525879 ], [ -7859000.193800000473857, -3741246.908700000494719 ], [ -7858982.926899999380112, -3741218.932199999690056 ], [ -7858971.360600000247359, -3741196.517900001257658 ], [ -7858959.877000000327826, -3741179.748599998652935 ], [ -7858954.176400000229478, -3741174.186500001698732 ], [ -7858948.310599999502301, -3741157.334300000220537 ], [ -7858931.043999999761581, -3741129.357900001108646 ], [ -7858908.159700000658631, -3741101.464600000530481 ], [ -7858885.4408, -3741084.8614999987185 ], [ -7858873.957299999892712, -3741068.092300001531839 ], [ -7858851.403699999675155, -3741062.77930000051856 ], [ -7858845.620799999684095, -3741051.572200000286102 ], [ -7858822.901900000870228, -3741034.969099998474121 ], [ -7858794.64809999987483, -3741024.093899998813868 ], [ -7858777.629799999296665, -3741013.052799999713898 ], [ -7858777.5472, -3741007.407800000160933 ], [ -7858771.7643, -3740996.2007 ], [ -7858760.281199999153614, -3740979.431400001049042 ], [ -7858754.6634, -3740979.514400001615286 ], [ -7858754.415699999779463, -3740962.579300001263618 ], [ -7858748.467700000852346, -3740940.08219999819994 ], [ -7858742.602299999445677, -3740923.230099998414516 ], [ -7858736.736999999731779, -3740906.377999998629093 ], [ -7858592.995300000533462, -3740682.652899999171495 ], [ -7858587.377699999138713, -3740682.735800001770258 ], [ -7858575.977600000798702, -3740671.611699998378754 ], [ -7858558.96000000089407, -3740660.570599999278784 ], [ -7858553.2599, -3740655.008600000292063 ], [ -7858547.642300000414252, -3740655.091400001198053 ], [ -7858541.942299999296665, -3740649.529399998486042 ], [ -7858536.2423, -3740643.967399999499321 ], [ -7858524.842299999669194, -3740632.843299999833107 ], [ -7858513.442199999466538, -3740621.719200000166893 ], [ -7858507.742200000211596, -3740616.157200001180172 ], [ -7858501.959799999371171, -3740604.950399998575449 ], [ -7858484.777499999850988, -3740582.61939999833703 ], [ -7858478.995100000873208, -3740571.412500001490116 ], [ -7858478.7478, -3740554.477899998426437 ], [ -7858473.047800000756979, -3740548.915899999439716 ], [ -7858467.183000000193715, -3740532.0641999989748 ], [ -7858461.318199999630451, -3740515.212499998509884 ], [ -7858449.918400000780821, -3740504.088500000536442 ], [ -7858444.0537, -3740487.236900001764297 ], [ -7858427.036299999803305, -3740476.195599999278784 ], [ -7858415.719000000506639, -3740470.716400001198053 ], [ -7858410.101500000804663, -3740470.799199998378754 ], [ -7858404.401599999517202, -3740465.237199999392033 ], [ -7858393.1667, -3740465.402800001204014 ], [ -7858376.314200000837445, -3740465.651099998503923 ], [ -7858370.696699999272823, -3740465.733899999409914 ], [ -7858348.309100000187755, -3740471.709800001233816 ], [ -7858337.156600000336766, -3740477.520199999213219 ], [ -7858326.086300000548363, -3740488.975400000810623 ], [ -7858326.168700000271201, -3740494.620200000703335 ], [ -7858309.480799999088049, -3740506.158100001513958 ], [ -7858303.945699999108911, -3740511.88569999858737 ], [ -7858298.492900000885129, -3740523.258200000971556 ], [ -7858292.957800000905991, -3740528.985800001770258 ], [ -7858281.805099999532104, -3740534.796100001782179 ], [ -7858276.187599999830127, -3740534.878800000995398 ], [ -7858265.034800000488758, -3740540.689100001007318 ], [ -7858259.417300000786781, -3740540.771899998188019 ], [ -7858237.111999999731779, -3740552.392499998211861 ], [ -7858231.57660000026226, -3740558.120000001043081 ], [ -7858231.659, -3740563.765000000596046 ], [ -7858231.74129999987781, -3740569.409800000488758 ], [ -7858231.823599999770522, -3740575.054699998348951 ], [ -7858231.905899999663234, -3740580.699499998241663 ], [ -7858237.605900000780821, -3740586.261700000613928 ], [ -7858248.9233, -3740591.741099998354912 ], [ -7858249.005599999800324, -3740597.385899998247623 ], [ -7858254.623099999502301, -3740597.303199999034405 ], [ -7858254.705399999395013, -3740602.94819999858737 ], [ -7858266.02280000038445, -3740608.4276 ], [ -7858282.957900000736117, -3740613.824200000613928 ], [ -7858288.657800000160933, -3740619.386300001293421 ], [ -7858299.975199999287724, -3740624.865699999034405 ], [ -7858316.910299999639392, -3740630.262299999594688 ], [ -7858333.927699999883771, -3740641.303899999707937 ], [ -7858339.71000000089407, -3740652.510899998247623 ], [ -7858339.87470000050962, -3740663.800700001418591 ], [ -7858339.957100000232458, -3740669.445500001311302 ], [ -7858334.5866, -3740686.463100001215935 ], [ -7858334.833699999377131, -3740703.397799998521805 ], [ -7858334.998500000685453, -3740714.687600001692772 ], [ -7858335.163200000301003, -3740725.977600000798702 ], [ -7858335.410299999639392, -3740742.912300001829863 ], [ -7858335.574999999254942, -3740754.202199999243021 ], [ -7858335.657400000840425, -3740759.847100000828505 ], [ -7858335.822200000286102, -3740771.1371 ], [ -7858335.904500000178814, -3740776.7820999994874 ], [ -7858324.669299999251962, -3740776.947599999606609 ], [ -7858307.816400000825524, -3740777.195900000631809 ], [ -7858302.198799999430776, -3740777.278599999845028 ], [ -7858262.957699999213219, -3740783.50279999896884 ], [ -7858257.340099999681115, -3740783.58559999987483 ], [ -7858240.651900000870228, -3740795.123700000345707 ], [ -7858240.734200000762939, -3740800.7685999982059 ], [ -7858246.5165, -3740811.975900001823902 ], [ -7858252.298800000920892, -3740823.1831 ], [ -7858257.998800000175834, -3740828.745299998670816 ], [ -7858274.851700000464916, -3740828.497099999338388 ], [ -7858280.551799999549985, -3740834.059300001710653 ], [ -7858291.787000000476837, -3740833.893800001591444 ], [ -7858308.640000000596046, -3740833.645500000566244 ], [ -7858319.87529999949038, -3740833.480000000447035 ], [ -7858331.110600000247359, -3740833.314500000327826 ], [ -7858342.510600000619888, -3740844.438999999314547 ], [ -7858348.1283, -3740844.356199998408556 ], [ -7858353.828299999237061, -3740849.918400000780821 ], [ -7858359.5285, -3740855.480599999427795 ], [ -7858365.228499999269843, -3740861.04280000180006 ], [ -7858370.846100000664592, -3740860.96000000089407 ], [ -7858382.163799999281764, -3740866.439399998635054 ], [ -7858387.863900000229478, -3740872.001600001007318 ], [ -7858399.181700000539422, -3740877.480999998748302 ], [ -7858410.499399999156594, -3740882.960400000214577 ], [ -7858410.581800000742078, -3740888.605399999767542 ], [ -7858410.664200000464916, -3740894.250399999320507 ], [ -7858416.281899999827147, -3740894.167599998414516 ], [ -7858416.364299999549985, -3740899.812600001692772 ], [ -7858416.446699999272823, -3740905.457600001245737 ], [ -7858416.529100000858307, -3740911.102600000798702 ], [ -7858422.311599999666214, -3740922.309900000691414 ], [ -7858428.011700000613928, -3740927.872099999338388 ], [ -7858428.094100000336766, -3740933.517099998891354 ], [ -7858428.176599999889731, -3740939.162099998444319 ], [ -7858439.5768, -3740950.286499999463558 ], [ -7858445.277000000700355, -3740955.848700001835823 ], [ -7858456.677300000563264, -3740966.973200000822544 ], [ -7858462.2949, -3740966.8904 ], [ -7858467.995100000873208, -3740972.452599998563528 ], [ -7858473.777699999511242, -3740983.659800000488758 ], [ -7858479.477800000458956, -3740989.221999999135733 ], [ -7858479.560200000181794, -3740994.866999998688698 ], [ -7858490.960699999704957, -3741005.991500001400709 ], [ -7858496.743300000205636, -3741017.198699999600649 ], [ -7858502.525900000706315, -3741028.405999999493361 ], [ -7858508.308599999174476, -3741039.613299999386072 ], [ -7858514.091199999675155, -3741050.820599999278784 ], [ -7858519.791400000452995, -3741056.382800001651049 ], [ -7858519.8739, -3741062.027899999171495 ], [ -7858525.574200000613928, -3741067.59010000154376 ], [ -7858531.274399999529123, -3741073.152300000190735 ], [ -7858531.439300000667572, -3741084.442499998956919 ], [ -7858537.057099999859929, -3741084.359700001776218 ], [ -7858542.75730000063777, -3741089.921900000423193 ], [ -7858542.839800000190735, -3741095.5669 ], [ -7858543.004699999466538, -3741106.857099998742342 ], [ -7858548.787399999797344, -3741118.064500000327826 ], [ -7858554.5702, -3741129.271800000220537 ], [ -7858554.73509999923408, -3741140.561999998986721 ], [ -7858560.435399999842048, -3741146.124299999326468 ], [ -7858560.600400000810623, -3741157.414599999785423 ], [ -7858566.300799999386072, -3741162.976799998432398 ], [ -7858566.383199999108911, -3741168.621899999678135 ], [ -7858572.165999999269843, -3741179.829300001263618 ], [ -7858583.814099999144673, -3741207.889199998229742 ], [ -7858595.462200000882149, -3741235.949200000613928 ], [ -7858606.945499999448657, -3741252.718899998813868 ], [ -7858607.028000000864267, -3741258.364 ], [ -7858612.72829999960959, -3741263.926300000399351 ], [ -7858618.511199999600649, -3741275.1338 ], [ -7858624.129000000655651, -3741275.050900001078844 ], [ -7858624.211500000208616, -3741280.695999998599291 ], [ -7858635.612199999392033, -3741291.820500001311302 ], [ -7858652.713500000536442, -3741308.50730000063777 ], [ -7858664.114199999719858, -3741319.631900001317263 ], [ -7858664.19679999910295, -3741325.276999998837709 ], [ -7858669.897199999541044, -3741330.839299999177456 ], [ -7858675.5976, -3741336.401500001549721 ], [ -7858675.680099999532104, -3741342.046700000762939 ], [ -7858675.762700000777841, -3741347.6919 ], [ -7858675.927799999713898, -3741358.9824 ], [ -7858676.092800000682473, -3741370.272799998521805 ], [ -7858676.1754, -3741375.918000001460314 ], [ -7858676.25789999961853, -3741381.563299998641014 ], [ -7858670.640000000596046, -3741381.646200001239777 ], [ -7858670.7226, -3741387.291400000452995 ], [ -7858659.569399999454618, -3741393.102600000798702 ], [ -7858648.49860000051558, -3741404.558899998664856 ], [ -7858648.663699999451637, -3741415.849399998784065 ], [ -7858648.746200000867248, -3741421.494600001722574 ], [ -7858648.82880000025034, -3741427.139800000935793 ], [ -7858654.6118, -3741438.347500000149012 ], [ -7858666.012599999085069, -3741449.472100000828505 ], [ -7858677.413599999621511, -3741460.596700001507998 ], [ -7858683.114, -3741466.159000001847744 ], [ -7858694.515100000426173, -3741477.283700000494719 ], [ -7858717.151900000870228, -3741488.242400001734495 ], [ -7858728.387900000438094, -3741488.076400000602007 ], [ -7858745.406899999827147, -3741499.118000000715256 ], [ -7858762.3432, -3741504.5143 ], [ -7858773.579199999570847, -3741504.348299998790026 ], [ -7858784.9803, -3741515.473000001162291 ], [ -7858790.763399999588728, -3741526.680500000715256 ], [ -7858796.546599999070168, -3741537.888099998235703 ], [ -7858796.629200000315905, -3741543.533399999141693 ], [ -7858796.794399999082088, -3741554.824000000953674 ], [ -7858796.877000000327826, -3741560.469300001859665 ], [ -7858797.124800000339746, -3741577.405200000852346 ], [ -7858797.207399999722838, -3741583.050500001758337 ], [ -7858797.372600000351667, -3741594.3412000015378 ], [ -7858797.537900000810623, -3741605.631799999624491 ], [ -7858791.9199, -3741605.714800000190735 ], [ -7858792.085100000724196, -3741617.0055 ], [ -7858792.415500000119209, -3741639.586899999529123 ], [ -7858792.66330000013113, -3741656.522900000214577 ], [ -7858787.127900000661612, -3741662.251200001686811 ], [ -7858781.675100000575185, -3741673.625 ], [ -7858776.139699999243021, -3741679.353300001472235 ], [ -7858764.986099999397993, -3741685.164700001478195 ], [ -7858759.4507, -3741690.89299999922514 ], [ -7858748.2972, -3741696.7043999992311 ], [ -7858742.679199999198318, -3741696.787300001829863 ], [ -7858720.289599999785423, -3741702.764600001275539 ], [ -7858692.364499999210238, -3741714.470300000160933 ], [ -7858686.829, -3741720.198600001633167 ], [ -7858670.057399999350309, -3741726.0929000005126 ], [ -7858670.387599999085069, -3741748.674499999731779 ], [ -7858670.552699999883771, -3741759.965199999511242 ], [ -7858670.635199999436736, -3741765.610599998384714 ], [ -7858676.418400000780821, -3741776.818399999290705 ], [ -7858676.583499999716878, -3741788.109400000423193 ], [ -7858676.66609999909997, -3741793.754799999296665 ], [ -7858687.9847999997437, -3741799.234200000762939 ], [ -7858693.685499999672174, -3741804.796700000762939 ], [ -7858710.622300000861287, -3741810.193199999630451 ], [ -7858727.559100000187755, -3741815.589699998497963 ], [ -7858733.2599, -3741821.152100000530481 ], [ -7858755.814799999818206, -3741826.465700000524521 ], [ -7858772.8344, -3741837.507500000298023 ], [ -7858795.471999999135733, -3741848.466299999505281 ], [ -7858823.727800000458956, -3741859.342000000178814 ], [ -7858846.365499999374151, -3741870.300900001078844 ], [ -7858863.385199999436736, -3741881.342599999159575 ], [ -7858874.786699999123812, -3741892.467399999499321 ], [ -7858891.8892, -3741909.154699999839067 ], [ -7858909.074200000613928, -3741931.487300001084805 ], [ -7858926.25929999910295, -3741953.820099998265505 ], [ -7858932.125499999150634, -3741970.67339999973774 ], [ -7858937.991699999198318, -3741987.526900000870228 ], [ -7858943.857899999246001, -3742004.380199998617172 ], [ -7858949.476099999621511, -3742004.297200001776218 ], [ -7858955.342299999669194, -3742021.150699999183416 ], [ -7858961.291300000622869, -3742043.649599999189377 ], [ -7858967.240199999883771, -3742066.148699998855591 ], [ -7858973.106599999591708, -3742083.002099998295307 ], [ -7858973.354699999094009, -3742099.938799999654293 ], [ -7858979.055700000375509, -3742105.501299999654293 ], [ -7858979.221100000664592, -3742116.792300000786781 ], [ -7858990.540200000628829, -3742122.271699998527765 ], [ -7858996.241100000217557, -3742127.834100000560284 ], [ -7858996.323799999430776, -3742133.479600001126528 ], [ -7859007.64299999922514, -3742138.959100000560284 ], [ -7859013.509500000625849, -3742155.812600001692772 ], [ -7859024.911399999633431, -3742166.9375 ], [ -7859030.69510000012815, -3742178.145599998533726 ], [ -7859030.777799999341369, -3742183.791200000792742 ], [ -7859036.478800000622869, -3742189.35359999909997 ], [ -7859042.262499999254942, -3742200.561599999666214 ], [ -7859048.04619999974966, -3742211.769600000232458 ], [ -7859059.531099999323487, -3742228.540199998766184 ], [ -7859070.9331, -3742239.665100000798702 ], [ -7859082.335200000554323, -3742250.78999999910593 ], [ -7859093.737400000914931, -3742261.91499999910593 ], [ -7859099.521199999377131, -3742273.123100001364946 ], [ -7859105.304999999701977, -3742284.3310999982059 ], [ -7859110.9233, -3742284.247900001704693 ], [ -7859116.707100000232458, -3742295.4560999982059 ], [ -7859133.893200000748038, -3742317.789099998772144 ], [ -7859139.842599999159575, -3742340.288600001484156 ], [ -7859139.9254, -3742345.9342 ], [ -7859140.091, -3742357.225499998778105 ], [ -7859140.339299999177456, -3742374.162599999457598 ], [ -7859140.504899999126792, -3742385.453899998217821 ], [ -7859140.5877, -3742391.099500000476837 ], [ -7859135.1349, -3742402.47410000115633 ], [ -7859124.063699999824166, -3742413.93189999833703 ], [ -7859118.528100000694394, -3742419.660700000822544 ], [ -7859107.456900000572205, -3742431.1184 ], [ -7859101.838600000366569, -3742431.20160000026226 ], [ -7859096.385800000280142, -3742442.576200000941753 ], [ -7859090.850099999457598, -3742448.304999999701977 ], [ -7859090.932800000533462, -3742453.950800001621246 ], [ -7859091.015599999576807, -3742459.596500001847744 ], [ -7859091.098300000652671, -3742465.242199998348951 ], [ -7859091.181099999696016, -3742470.887899998575449 ], [ -7859091.346599999815226, -3742482.179299999028444 ], [ -7859091.594900000840425, -3742499.116599999368191 ], [ -7859091.8432, -3742516.0537 ], [ -7859086.473099999129772, -3742533.074200000613928 ], [ -7859080.9375, -3742538.803100001066923 ], [ -7859075.401799999177456, -3742544.532000001519918 ], [ -7859069.948899999260902, -3742555.906599998474121 ], [ -7859070.031700000166893, -3742561.552400000393391 ], [ -7859064.41330000013113, -3742561.635499998927116 ], [ -7859053.259099999442697, -3742567.447599999606609 ], [ -7859042.187699999660254, -3742578.905499998480082 ], [ -7859031.11629999987781, -3742590.363299999386072 ], [ -7859019.962200000882149, -3742596.175299998372793 ], [ -7859020.127699999138713, -3742607.46680000051856 ], [ -7859014.591900000348687, -3742613.195900000631809 ], [ -7859014.75730000063777, -3742624.487399999052286 ], [ -7859014.922800000756979, -3742635.778999999165535 ], [ -7859015.088199999183416, -3742647.070500001311302 ], [ -7859020.872300000861287, -3742658.279100000858307 ], [ -7859026.5735, -3742663.841699998825788 ], [ -7859032.3574, -3742675.050200000405312 ], [ -7859032.440199999138713, -3742680.695999998599291 ], [ -7859038.1414, -3742686.258600000292063 ], [ -7859043.9254, -3742697.467199999839067 ], [ -7859044.008099999278784, -3742703.113000001758337 ], [ -7859049.792099999263883, -3742714.32149999961257 ], [ -7859061.277499999850988, -3742731.092700000852346 ], [ -7859078.215700000524521, -3742736.489100001752377 ], [ -7859089.618300000205636, -3742747.614399999380112 ], [ -7859100.938200000673532, -3742753.093899998813868 ], [ -7859112.25789999961853, -3742758.573300000280142 ], [ -7859134.73200000077486, -3742758.240600001066923 ], [ -7859140.350600000470877, -3742758.157400000840425 ], [ -7859151.587600000202656, -3742757.99100000038743 ], [ -7859157.2061, -3742757.907800000160933 ], [ -7859168.443099999800324, -3742757.741399999707937 ], [ -7859168.360300000756979, -3742752.095499999821186 ], [ -7859173.895999999716878, -3742746.366500001400709 ], [ -7859184.967499999329448, -3742734.908399999141693 ], [ -7859190.585999999195337, -3742734.825199998915195 ], [ -7859196.1217, -3742729.096200000494719 ], [ -7859235.451199999079108, -3742728.5135000012815 ], [ -7859257.925300000235438, -3742728.180599998682737 ], [ -7859263.626599999144673, -3742733.743099998682737 ], [ -7859325.927400000393391, -3742766.702199999243021 ], [ -7859360.881999999284744, -3742850.890500001609325 ], [ -7859334.115399999544024, -3742941.641399998217821 ], [ -7859311.9726, -3742964.558400001376867 ], [ -7859312.055400000885129, -3742970.204300001263618 ], [ -7859306.5197, -3742975.933499999344349 ], [ -7859306.602600000798702, -3742981.5793999992311 ], [ -7859306.768300000578165, -3742992.871300000697374 ], [ -7859301.398399999365211, -3743009.892499998211861 ], [ -7859301.481200000271201, -3743015.538499999791384 ], [ -7859296.028200000524521, -3743026.913600001484156 ], [ -7859296.111099999397993, -3743032.559599999338388 ], [ -7859290.575400000438094, -3743038.288800001144409 ], [ -7859279.33809999935329, -3743038.455400001257658 ], [ -7859256.9463, -3743044.434500001370907 ], [ -7859211.997099999338388, -3743045.100499998778105 ], [ -7859189.52250000089407, -3743045.433400001376867 ], [ -7859183.903899999335408, -3743045.516600001603365 ], [ -7859161.346400000154972, -3743040.203400000929832 ], [ -7859144.407700000330806, -3743034.807100001722574 ], [ -7859116.231599999591708, -3743029.577100001275539 ], [ -7859093.674200000241399, -3743024.263900000602007 ], [ -7859071.116900000721216, -3743018.9507 ], [ -7859042.8581000007689, -3743008.0746 ], [ -7859025.836799999698997, -3742997.032000001519918 ], [ -7859020.218000000342727, -3742997.115200001746416 ], [ -7859003.279400000348687, -3742991.718699999153614 ], [ -7859003.196699999272823, -3742986.072700001299381 ], [ -7858980.556700000539422, -3742975.113400001078844 ], [ -7858952.2982, -3742964.236999999731779 ], [ -7858929.575500000268221, -3742947.6316 ], [ -7858923.874199999496341, -3742942.068799998611212 ], [ -7858906.8531, -3742931.026299998164177 ], [ -7858889.749099999666214, -3742914.337699998170137 ], [ -7858878.429300000891089, -3742908.857900001108646 ], [ -7858872.728000000119209, -3742903.295099999755621 ], [ -7858861.408099999651313, -3742897.81529999896884 ], [ -7858855.624199999496341, -3742886.606499999761581 ], [ -7858850.005599999800324, -3742886.689500000327826 ], [ -7858838.685799999162555, -3742881.209800001233816 ], [ -7858827.283399999141693, -3742870.084100000560284 ], [ -7858821.582000000402331, -3742864.521299999207258 ], [ -7858815.880799999460578, -3742858.958399999886751 ], [ -7858810.17960000038147, -3742853.395599998533726 ], [ -7858804.478399999439716, -3742847.832600001245737 ], [ -7858798.777200000360608, -3742842.269799999892712 ], [ -7858793.075999999418855, -3742836.706900000572205 ], [ -7858787.374900000169873, -3742831.144099999219179 ], [ -7858781.673599999397993, -3742825.581300001591444 ], [ -7858775.972400000318885, -3742820.018399998545647 ], [ -7858770.353800000622869, -3742820.101399999111891 ], [ -7858764.652699999511242, -3742814.538600001484156 ], [ -7858753.333000000566244, -3742809.058699999004602 ], [ -7858741.930600000545382, -3742797.93299999833107 ], [ -7858730.61089999973774, -3742792.453099999576807 ], [ -7858724.909700000658631, -3742786.890299998223782 ], [ -7858719.208599999547005, -3742781.327399998903275 ], [ -7858707.889000000432134, -3742775.847600001841784 ], [ -7858696.569199999794364, -3742770.367600001394749 ], [ -7858685.249600000679493, -3742764.887699998915195 ], [ -7858679.631100000813603, -3742764.97069999948144 ], [ -7858662.527699999511242, -3742748.2820999994874 ], [ -7858639.8059, -3742731.676300000399351 ], [ -7858634.104900000616908, -3742726.113499999046326 ], [ -7858628.403799999505281, -3742720.550599999725819 ], [ -7858617.001599999144673, -3742709.424899999052286 ], [ -7858599.981000000610948, -3742698.381999999284744 ], [ -7858582.877800000831485, -3742681.693300001323223 ], [ -7858577.176799999549985, -3742676.130399998277426 ], [ -7858565.774800000712276, -3742665.004700001329184 ], [ -7858560.073799999430776, -3742659.441799998283386 ], [ -7858548.754300000146031, -3742653.96169999986887 ], [ -7858543.05320000089705, -3742648.398800000548363 ], [ -7858531.6513, -3742637.27309999987483 ], [ -7858526.032800000160933, -3742637.355999998748302 ], [ -7858509.012399999424815, -3742626.313099998980761 ], [ -7858486.373500000685453, -3742615.353000000119209 ], [ -7858463.816999999806285, -3742610.038699999451637 ], [ -7858452.497700000181794, -3742604.558699999004602 ], [ -7858435.477399999275804, -3742593.515799999237061 ], [ -7858412.921, -3742588.201400000602007 ], [ -7858395.983200000599027, -3742582.804200001060963 ], [ -7858379.127800000831485, -3742583.052700001746416 ], [ -7858367.808499999344349, -3742577.572500001639128 ], [ -7858350.953099999576807, -3742577.820999998599291 ], [ -7858345.334699999541044, -3742577.903799999505281 ], [ -7858322.8608, -3742578.235100001096725 ], [ -7858317.24239999987185, -3742578.317899998277426 ], [ -7858305.923100000247359, -3742572.837699998170137 ], [ -7858294.603700000792742, -3742567.357599999755621 ], [ -7858277.583599999547005, -3742556.314399998635054 ], [ -7858271.882799999788404, -3742550.751400001347065 ], [ -7858254.945000000298023, -3742545.353999998420477 ], [ -7858237.925000000745058, -3742534.310699999332428 ], [ -7858204.214299999177456, -3742534.807300001382828 ], [ -7858198.513499999418855, -3742529.244300000369549 ], [ -7858159.184399999678135, -3742529.8235 ], [ -7858142.329, -3742530.071699999272823 ], [ -7858125.4737, -3742530.31980000063777 ], [ -7858103.1645, -3742541.942200001329184 ], [ -7858091.927699999883771, -3742542.107599999755621 ], [ -7858080.855399999767542, -3742553.564599998295307 ], [ -7858075.401599999517202, -3742564.938900001347065 ], [ -7858070.029999999329448, -3742581.95890000090003 ], [ -7858070.359200000762939, -3742604.542100001126528 ], [ -7858070.523700000718236, -3742615.833700001239777 ], [ -7858082.00760000012815, -3742632.605799999088049 ], [ -7858104.89299999922514, -3742660.504000000655651 ], [ -7858110.758600000292063, -3742677.358899999409914 ], [ -7858122.242499999701977, -3742694.130899999290705 ], [ -7858128.107999999076128, -3742710.985800001770258 ], [ -7858128.354900000616908, -3742727.923300001770258 ], [ -7858128.6842, -3742750.506900001317263 ], [ -7858106.539300000295043, -3742773.42119999974966 ], [ -7858101.003000000491738, -3742779.149700000882149 ], [ -7858089.930600000545382, -3742790.60700000077486 ], [ -7858078.775800000876188, -3742796.418299999088049 ], [ -7858067.620799999684095, -3742802.229600001126528 ], [ -7858051.0943, -3742825.061299998313189 ], [ -7858040.104100000113249, -3742842.16440000012517 ], [ -7858040.2686, -3742853.456199999898672 ], [ -7858040.51549999974668, -3742870.394000001251698 ], [ -7858046.29869999922812, -3742881.603100001811981 ], [ -7858046.463199999183416, -3742892.894999999552965 ], [ -7858035.637499999254942, -3742921.290100000798702 ], [ -7858030.100999999791384, -3742927.018699999898672 ], [ -7858002.419299999251962, -3742955.661899998784065 ], [ -7857985.892400000244379, -3742978.49379999935627 ], [ -7857969.529999999329448, -3743012.61769999936223 ], [ -7857963.911299999803305, -3743012.700300000607967 ], [ -7857958.6217, -3743035.366999998688698 ], [ -7857942.094499999657273, -3743058.199000000953674 ], [ -7857931.268400000408292, -3743086.594399999827147 ], [ -7857909.28690000064671, -3743120.801199998706579 ], [ -7857898.213899999856949, -3743132.258499998599291 ], [ -7857887.469799999147654, -3743166.30009999871254 ], [ -7857887.63429999910295, -3743177.592199999839067 ], [ -7857915.892400000244379, -3743188.4712999984622 ], [ -7857921.511299999430776, -3743188.388700000941753 ], [ -7857988.853900000452995, -3743181.750799998641014 ], [ -7857994.472699999809265, -3743181.668099999427795 ], [ -7858033.6393, -3743169.7971 ], [ -7858044.876900000497699, -3743169.631799999624491 ], [ -7858078.342399999499321, -3743152.1974 ], [ -7858083.961100000888109, -3743152.114700000733137 ], [ -7858111.890000000596046, -3743140.409000001847744 ], [ -7858156.510500000789762, -3743117.162900000810623 ], [ -7858195.5121, -3743093.999400001019239 ], [ -7858217.739700000733137, -3743076.730399999767542 ], [ -7858223.35840000025928, -3743076.647599998861551 ], [ -7858251.122300000861287, -3743053.649599999189377 ], [ -7858284.587200000882149, -3743036.214800000190735 ], [ -7858312.515799999237061, -3743024.5088 ], [ -7858340.526599999517202, -3743018.448699999600649 ], [ -7858351.764000000432134, -3743018.283100001513958 ], [ -7858374.238600000739098, -3743017.951699998229742 ], [ -7858402.331900000572205, -3743017.537500001490116 ], [ -7858407.9506, -3743017.454599998891354 ], [ -7858430.425300000235438, -3743017.123100001364946 ], [ -7858453.229800000786781, -3743039.375500001013279 ], [ -7858476.034499999135733, -3743061.627999998629093 ], [ -7858476.117000000551343, -3743067.274000000208616 ], [ -7858499.004100000485778, -3743095.172499999403954 ], [ -7858521.974099999293685, -3743128.716899998486042 ], [ -7858533.541500000283122, -3743151.135299999266863 ], [ -7858539.490299999713898, -3743173.636599998921156 ], [ -7858539.6554000005126, -3743184.9287 ], [ -7858545.52170000039041, -3743201.783900000154972 ], [ -7858545.769300000742078, -3743218.722199998795986 ], [ -7858545.934299999848008, -3743230.0143 ], [ -7858535.026900000870228, -3743252.764600001275539 ], [ -7858535.10950000025332, -3743258.410700000822544 ], [ -7858524.201999999582767, -3743281.160799998790026 ], [ -7858513.211899999529123, -3743298.265099998563528 ], [ -7858513.377000000327826, -3743309.557300001382828 ], [ -7858513.624500000849366, -3743326.4956 ], [ -7858513.707000000402331, -3743332.141800001263618 ], [ -7858513.872099999338388, -3743343.434000000357628 ], [ -7858519.655999999493361, -3743354.643300000578165 ], [ -7858536.512399999424815, -3743354.394600000232458 ], [ -7858547.75, -3743354.228700000792742 ], [ -7858564.606499999761581, -3743353.979899998754263 ], [ -7858581.545399999246001, -3743359.3772 ], [ -7858598.567099999636412, -3743370.420699998736382 ], [ -7858615.588600000366569, -3743381.464099999517202 ], [ -7858632.610200000926852, -3743392.507399998605251 ], [ -7858638.311699999496341, -3743398.070599999278784 ], [ -7858638.394300000742078, -3743403.716699998825788 ], [ -7858644.09569999948144, -3743409.280000001192093 ], [ -7858649.962200000882149, -3743426.135499998927116 ], [ -7858650.127399999648333, -3743437.427799999713898 ], [ -7858655.994000000879169, -3743454.283399999141693 ], [ -7858661.860600000247359, -3743471.138900000602007 ], [ -7858673.4287, -3743493.557700000703335 ], [ -7858684.914300000295043, -3743510.330299999564886 ], [ -7858684.996899999678135, -3743515.976500000804663 ], [ -7858690.698400000110269, -3743521.539700001478195 ], [ -7858696.895500000566244, -3743560.980200000107288 ], [ -7858702.844799999147654, -3743583.482200000435114 ], [ -7858703.009999999776483, -3743594.774599999189377 ], [ -7858708.794199999421835, -3743605.984200000762939 ], [ -7858714.660900000482798, -3743622.839899998158216 ], [ -7858714.826199999079108, -3743634.132399998605251 ], [ -7858720.610400000587106, -3743645.342000000178814 ], [ -7858726.47719999961555, -3743662.197700001299381 ], [ -7858732.426699999719858, -3743684.69990000128746 ], [ -7858732.50929999910295, -3743690.346099998801947 ], [ -7858743.912499999627471, -3743701.472600001841784 ], [ -7858743.995100000873208, -3743707.118900001049042 ], [ -7858749.696699999272823, -3743712.682100001722574 ], [ -7858755.315600000321865, -3743712.59910000115633 ], [ -7858772.17259999923408, -3743712.350000001490116 ], [ -7858788.946900000795722, -3743706.454500000923872 ], [ -7858800.10219999961555, -3743700.642099998891354 ], [ -7858800.019600000232458, -3743694.995900001376867 ], [ -7858811.009500000625849, -3743677.890799999237061 ], [ -7858816.380400000140071, -3743660.868999999016523 ], [ -7858821.834000000730157, -3743649.4934 ], [ -7858827.204900000244379, -3743632.471500001847744 ], [ -7858832.823799999430776, -3743632.388399999588728 ], [ -7858838.360200000926852, -3743626.659099999815226 ], [ -7858843.89640000090003, -3743620.9298 ], [ -7858849.349999999627471, -3743609.554200001060963 ], [ -7858854.886199999600649, -3743603.82490000128746 ], [ -7858865.793299999088049, -3743581.073699999600649 ], [ -7858876.783099999651313, -3743563.968899998813868 ], [ -7858876.700400000438094, -3743558.322599999606609 ], [ -7858887.6074, -3743535.571600001305342 ], [ -7858898.596999999135733, -3743518.466699998825788 ], [ -7858898.5143, -3743512.820500001311302 ], [ -7858898.431600000709295, -3743507.1743 ], [ -7858909.503900000825524, -3743495.715700000524521 ], [ -7858909.338500000536442, -3743484.42339999973774 ], [ -7858914.874800000339746, -3743478.693999998271465 ], [ -7858920.245500000193715, -3743461.672400001436472 ], [ -7858931.400499999523163, -3743455.859999999403954 ], [ -7858942.555400000885129, -3743450.047600001096725 ], [ -7858965.030899999663234, -3743449.71510000154376 ], [ -7858987.588899999856949, -3743455.0287000015378 ], [ -7858993.373400000855327, -3743466.2379 ], [ -7858999.157700000330806, -3743477.44709999859333 ], [ -7859010.6436, -3743494.219399999827147 ], [ -7859016.345200000330806, -3743499.782400000840425 ], [ -7859016.427999999374151, -3743505.428599998354912 ], [ -7859016.510700000450015, -3743511.074799999594688 ], [ -7859022.212400000542402, -3743516.637800000607967 ], [ -7859022.377900000661612, -3743527.930300001055002 ], [ -7859022.70890000090003, -3743550.515099998563528 ], [ -7859022.7917, -3743556.161299999803305 ], [ -7859023.122700000181794, -3743578.746199999004602 ], [ -7859012.215900000184774, -3743601.497499998658895 ], [ -7859012.54700000025332, -3743624.082400001585484 ], [ -7859007.259099999442697, -3743646.750700000673532 ], [ -7859007.672800000756979, -3743674.981899999082088 ], [ -7858996.683199999853969, -3743692.087099999189377 ], [ -7858991.395199999213219, -3743714.755399998277426 ], [ -7858986.024399999529123, -3743731.777499999850988 ], [ -7858986.189899999648333, -3743743.070000000298023 ], [ -7858986.355399999767542, -3743754.36259999871254 ], [ -7858986.520899999886751, -3743765.655299998819828 ], [ -7858986.6864, -3743776.947900000959635 ], [ -7858986.769200000911951, -3743782.594200000166893 ], [ -7858987.100199999287724, -3743805.17960000038147 ], [ -7858987.348400000482798, -3743822.118599999696016 ], [ -7858993.050200000405312, -3743827.681800000369549 ], [ -7858993.13289999961853, -3743833.328099999576807 ], [ -7859004.45380000025034, -3743838.808200001716614 ], [ -7859015.691800000146031, -3743838.6418999992311 ], [ -7859054.611099999397993, -3743809.8279 ], [ -7859076.6732, -3743781.2635000012815 ], [ -7859082.2094, -3743775.534000001847744 ], [ -7859087.662799999117851, -3743764.15819999948144 ], [ -7859098.4868, -3743735.760299999266863 ], [ -7859120.714299999177456, -3743718.488600000739098 ], [ -7859126.250399999320507, -3743712.75899999961257 ], [ -7859142.941600000485778, -3743701.21680000051856 ], [ -7859159.550100000575185, -3743684.028299998492002 ], [ -7859170.7051, -3743678.215599998831749 ], [ -7859176.324100000783801, -3743678.132399998605251 ], [ -7859198.7171, -3743672.153099998831749 ], [ -7859215.573899999260902, -3743671.903299998492002 ], [ -7859226.728900000452995, -3743666.090500000864267 ], [ -7859237.96680000051856, -3743665.9239999987185 ], [ -7859243.502900000661612, -3743660.194499999284744 ], [ -7859260.028200000524521, -3743637.359700001776218 ], [ -7859276.55350000038743, -3743614.524900000542402 ], [ -7859282.172399999573827, -3743614.441599998623133 ], [ -7859298.863299999386072, -3743602.899300001561642 ], [ -7859304.482200000435114, -3743602.815999999642372 ], [ -7859321.1732, -3743591.273600000888109 ], [ -7859338.029899999499321, -3743591.023600000888109 ], [ -7859354.886600000783801, -3743590.773699998855591 ], [ -7859360.671399999409914, -3743601.982900001108646 ], [ -7859372.1579, -3743618.754900000989437 ], [ -7859372.240800000727177, -3743624.401200000196695 ], [ -7859372.572499999776483, -3743646.986200001090765 ], [ -7859372.8213, -3743663.924899999052286 ], [ -7859378.7719, -3743686.426699999719858 ], [ -7859378.93779999949038, -3743697.719200000166893 ] ] ] ] } },
{ "type": "Feature", "properties": { "objectid": 13735, "st_area_sh": 2932845.6912600002, "st_length_": 15448.474425799999, "Nombre": "Embalse Corrales", "Tipo": "Embalse", "objectid_2": 65, "shape_leng": 372597.42871200002, "dis_elec": 5, "cir_sena": 5, "cod_comuna": 4204, "codregion": 4, "st_area_sh_2": 4795458230.04, "st_length__2": 440576.77868400002, "Region": "Región de Coquimbo", "Comuna": "Salamanca", "Provincia": "Choapa" }, "geometry": { "type": "MultiPolygon", "coordinates": [ [ [ [ -7893975.1513, -3751620.858300000429153 ], [ -7893935.559399999678135, -3751649.4529 ], [ -7893905.380200000479817, -3751687.178100001066923 ], [ -7893856.04869999922812, -3751688.052799999713898 ], [ -7893818.505999999120831, -3751657.726700000464916 ], [ -7893780.963700000196695, -3751627.400699999183416 ], [ -7893734.3893, -3751609.631099998950958 ], [ -7893699.8761, -3751576.152100000530481 ], [ -7893647.679099999368191, -3751589.473400000482798 ], [ -7893629.994999999180436, -3751636.273600000888109 ], [ -7893627.83559999987483, -3751688.997499998658895 ], [ -7893607.068, -3751735.852899998426437 ], [ -7893573.750099999830127, -3751770.5337999984622 ], [ -7893540.431800000369549, -3751805.214899998158216 ], [ -7893500.8926, -3751836.906800001859665 ], [ -7893464.490599999204278, -3751871.642299998551607 ], [ -7893418.784499999135733, -3751903.443199999630451 ], [ -7893372.806600000709295, -3751919.75279999896884 ], [ -7893336.349700000137091, -3751951.390000000596046 ], [ -7893290.534399999305606, -3751976.994100000709295 ], [ -7893235.306099999696016, -3751993.466899998486042 ], [ -7893189.273399999365211, -3752006.677499998360872 ], [ -7893143.457399999722838, -3752032.281300000846386 ], [ -7893116.4123, -3752073.049600001424551 ], [ -7893104.892100000753999, -3752119.74210000038147 ], [ -7893090.288599999621511, -3752166.489399999380112 ], [ -7893072.601600000634789, -3752213.291299998760223 ], [ -7893036.143200000748038, -3752244.928300000727177 ], [ -7893002.822000000625849, -3752279.609400000423193 ], [ -7892956.9506, -3752302.114599999040365 ], [ -7892917.408099999651313, -3752333.806099999696016 ], [ -7892880.948899999260902, -3752365.443 ], [ -7892831.939200000837445, -3752384.903900001198053 ], [ -7892785.850299999117851, -3752395.015299998223782 ], [ -7892739.815500000491738, -3752408.224800001829863 ], [ -7892690.534800000488758, -3752412.193300001323223 ], [ -7892644.067099999636412, -3752400.615299999713898 ], [ -7892597.491100000217557, -3752382.840300001204014 ], [ -7892553.782400000840425, -3752352.6173 ], [ -7892525.32880000025034, -3752312.827300000935793 ], [ -7892490.816700000315905, -3752279.342799998819828 ], [ -7892456.3048, -3752245.858399998396635 ], [ -7892412.596899999305606, -3752215.635099999606609 ], [ -7892381.114700000733137, -3752178.9978 ], [ -7892367.97069999948144, -3752132.739900000393391 ], [ -7892351.743699999526143, -3752086.536499999463558 ], [ -7892341.683299999684095, -3752040.224599998444319 ], [ -7892307.172499999403954, -3752006.740299999713898 ], [ -7892266.6031, -3751979.561099998652935 ], [ -7892223.814600000157952, -3752002.008600000292063 ], [ -7892233.874399999156594, -3752048.320500001311302 ], [ -7892280.340600000694394, -3752059.899999998509884 ], [ -7892293.483999999240041, -3752106.157600000500679 ], [ -7892297.431600000709295, -3752155.676699999719858 ], [ -7892322.854599999263883, -3752198.61939999833703 ], [ -7892351.307499999180436, -3752238.409499999135733 ], [ -7892382.78969999961555, -3752275.046900000423193 ], [ -7892411.242799999192357, -3752314.837000001221895 ], [ -7892427.470499999821186, -3752361.041299998760223 ], [ -7892449.919199999421835, -3752410.235500000417233 ], [ -7892481.402200000360608, -3752446.873199999332428 ], [ -7892515.914899999275804, -3752480.358199998736382 ], [ -7892556.540500000119209, -3752510.636 ], [ -7892600.14159999974072, -3752534.662500001490116 ], [ -7892646.8805, -3752561.732999999076128 ], [ -7892687.452500000596046, -3752588.912099998444319 ], [ -7892731.054099999368191, -3752612.938299998641014 ], [ -7892780.606300000101328, -3752624.461800001561642 ], [ -7892826.696000000461936, -3752614.35020000115037 ], [ -7892866.293700000271201, -3752585.756799999624491 ], [ -7892890.203099999576807, -3752541.943199999630451 ], [ -7892920.279200000688434, -3752498.021000001579523 ], [ -7892959.822200000286102, -3752466.329199999570847 ], [ -7893009.048800000920892, -3752459.261 ], [ -7893054.974999999627471, -3752439.853700000792742 ], [ -7893072.499800000339746, -3752383.755800001323223 ], [ -7893112.096200000494719, -3752355.162099998444319 ], [ -7893157.967499999329448, -3752332.656199999153614 ], [ -7893185.013000000268221, -3752291.886900000274181 ], [ -7893230.829900000244379, -3752266.282400000840425 ], [ -7893283.13880000077188, -3752259.158900000154972 ], [ -7893332.689999999478459, -3752270.679699998348951 ], [ -7893379.320699999108911, -3752291.550000000745058 ], [ -7893419.947599999606609, -3752321.824400000274181 ], [ -7893451.433299999684095, -3752358.459199998527765 ], [ -7893479.890000000596046, -3752398.246899999678135 ], [ -7893480.759099999442697, -3752447.821100000292063 ], [ -7893487.795, -3752497.286400001496077 ], [ -7893485.580700000748038, -3752546.915600001811981 ], [ -7893483.36629999987781, -3752596.545000001788139 ], [ -7893529.455199999734759, -3752586.4309 ], [ -7893572.18889999948442, -3752560.879099998623133 ], [ -7893574.402799999341369, -3752511.249800000339746 ], [ -7893617.190500000491738, -3752488.796399999409914 ], [ -7893663.822599999606609, -3752509.665899999439716 ], [ -7893710.237099999561906, -3752518.141600001603365 ], [ -7893746.694599999114871, -3752486.501800000667572 ], [ -7893795.703099999576807, -3752467.036899998784065 ], [ -7893845.201099999248981, -3752475.457499999552965 ], [ -7893882.746300000697374, -3752505.785300001502037 ], [ -7893895.9507, -3752555.141100000590086 ], [ -7893896.82149999961257, -3752604.715900000184774 ], [ -7893906.888399999588728, -3752651.028200000524521 ], [ -7893926.205800000578165, -3752697.17680000141263 ], [ -7893939.356200000271201, -3752743.434799998998642 ], [ -7893952.506699999794364, -3752789.69310000166297 ], [ -7893999.031600000336766, -3752804.364700000733137 ], [ -7894036.578299999237061, -3752834.692800000309944 ], [ -7894031.282600000500679, -3752884.378100000321865 ], [ -7893990.063500000163913, -3752908.355700001120567 ], [ -7893947.2752, -3752930.811099998652935 ], [ -7893963.509500000625849, -3752977.015299998223782 ], [ -7893994.998500000685453, -3753013.650499999523163 ], [ -7894023.5131, -3753056.537399999797344 ], [ -7894042.831499999389052, -3753102.687199998646975 ], [ -7894043.703099999576807, -3753152.264199998229742 ], [ -7894041.49100000038743, -3753201.896099999547005 ], [ -7894045.44620000012219, -3753251.418699998408556 ], [ -7894049.401399999856949, -3753300.941500000655651 ], [ -7894044.105799999088049, -3753350.628699999302626 ], [ -7894026.42090000025928, -3753397.436299998313189 ], [ -7893980.38399999961257, -3753410.651900000870228 ], [ -7893965.782500000670552, -3753457.405099999159575 ], [ -7893988.185200000181794, -3753503.501600001007318 ], [ -7894007.558800000697374, -3753552.751800000667572 ], [ -7894002.262800000607967, -3753602.440000001341105 ], [ -7893975.2719, -3753646.3141999989748 ], [ -7893945.088199999183416, -3753684.045800000429153 ], [ -7893930.486400000751019, -3753730.800000000745058 ], [ -7893946.721899999305606, -3753777.007199998944998 ], [ -7893973.669099999591708, -3753818.374899998307228 ], [ -7894008.244200000539422, -3753854.957600001245737 ], [ -7894051.907400000840425, -3753882.079900000244379 ], [ -7894098.436499999836087, -3753896.752300001680851 ], [ -7894133.066700000315905, -3753936.433699999004602 ], [ -7894146.274000000208616, -3753985.7949 ], [ -7894131.672700000926852, -3754032.550500001758337 ], [ -7894113.987299999222159, -3754079.361000001430511 ], [ -7894136.391799999400973, -3754125.459699999541044 ], [ -7894180.001599999144673, -3754149.483199998736382 ], [ -7894208.465099999681115, -3754189.274700000882149 ], [ -7894252.020899999886751, -3754210.199299998581409 ], [ -7894304.5011, -3754212.366300001740456 ], [ -7894350.97719999961555, -3754223.9391999989748 ], [ -7894385.5, -3754257.4232 ], [ -7894398.65430000051856, -3754303.686500001698732 ], [ -7894411.808499999344349, -3754349.949799999594688 ], [ -7894449.361099999397993, -3754380.280299998819828 ], [ -7894489.997899999842048, -3754410.555799998342991 ], [ -7894527.550899999216199, -3754440.886 ], [ -7894574.082699999213219, -3754455.557199999690056 ], [ -7894620.778599999845028, -3754479.524700000882149 ], [ -7894667.256100000813603, -3754491.096599999815226 ], [ -7894701.780500000342727, -3754524.580299999564886 ], [ -7894733.275800000876188, -3754561.2179000005126 ], [ -7894755.683599999174476, -3754607.31700000166893 ], [ -7894782.690099999308586, -3754651.784400001168251 ], [ -7894808.2368, -3754700.927799999713898 ], [ -7894836.758500000461936, -3754743.818399999290705 ], [ -7894862.19620000012219, -3754786.76410000026226 ], [ -7894884.604800000786781, -3754832.863899998366833 ], [ -7894916.210999999195337, -3754875.699700001627207 ], [ -7894947.708000000566244, -3754912.337699998170137 ], [ -7894976.230599999427795, -3754955.22859999909997 ], [ -7894995.5559, -3755001.3838 ], [ -7895017.965600000694394, -3755047.484000001102686 ], [ -7895052.49269999936223, -3755080.968100000172853 ], [ -7895090.268200000748038, -3755123.694400001317263 ], [ -7895121.821100000292063, -3755163.431499999016523 ], [ -7895122.697599999606609, -3755213.0165 ], [ -7895138.939899999648333, -3755259.227400001138449 ], [ -7895167.409199999645352, -3755299.020100001245737 ], [ -7895198.962799999862909, -3755338.757599998265505 ], [ -7895233.4912, -3755372.241900000721216 ], [ -7895274.078400000929832, -3755399.41780000180006 ], [ -7895244.0044, -3755443.3564000017941 ], [ -7895201.209799999371171, -3755465.821400001645088 ], [ -7895174.16469999961555, -3755506.605700001120567 ], [ -7895161.135299999266863, -3755554.890299998223782 ], [ -7895140.312999999150634, -3755598.663899999111891 ], [ -7895150.387499999254942, -3755644.986400000751019 ], [ -7895172.799000000581145, -3755691.088700000196695 ], [ -7895186.067700000479817, -3755743.554699998348951 ], [ -7895226.82039999961853, -3755780.029100000858307 ], [ -7895285.969399999827147, -3755809.974599998444319 ], [ -7895269.725700000301003, -3755763.761900000274181 ], [ -7895259.650699999183416, -3755717.4391999989748 ], [ -7895274.249299999326468, -3755670.675900001078844 ], [ -7895298.1554000005126, -3755626.846700001507998 ], [ -7895322.061300000175834, -3755583.0176 ], [ -7895315.01549999974668, -3755533.541299998760223 ], [ -7895268.588300000876188, -3755525.070300001651049 ], [ -7895295.578299999237061, -3755481.186500001698732 ], [ -7895341.621400000527501, -3755467.963500000536442 ], [ -7895367.062599999830127, -3755510.910399999469519 ], [ -7895413.160599999129772, -3755500.786299999803305 ], [ -7895452.651200000196695, -3755465.979100000113249 ], [ -7895470.333000000566244, -3755419.161499999463558 ], [ -7895488.014799999073148, -3755372.344000000506639 ], [ -7895496.44400000013411, -3755325.69200000166893 ], [ -7895486.36849999986589, -3755279.371300000697374 ], [ -7895470.124800000339746, -3755233.160900000482798 ], [ -7895481.6381, -3755186.454300001263618 ], [ -7895474.592000000178814, -3755136.979800000786781 ], [ -7895464.516799999400973, -3755090.659600000828505 ], [ -7895445.189500000327826, -3755044.505100000649691 ], [ -7895428.946399999782443, -3754998.295499999076128 ], [ -7895409.619400000199676, -3754952.141100000590086 ], [ -7895399.54450000077486, -3754905.82149999961257 ], [ -7895392.498999999836087, -3754856.348099999129772 ], [ -7895385.453500000759959, -3754806.874800000339746 ], [ -7895396.96680000051856, -3754760.170099999755621 ], [ -7895402.147600000724196, -3754704.278999999165535 ], [ -7895382.82120000012219, -3754658.125599998980761 ], [ -7895337.802300000563264, -3754641.8805 ], [ -7895321.560200000181794, -3754595.672200001776218 ], [ -7895339.241499999538064, -3754548.8581000007689 ], [ -7895326.083399999886751, -3754502.595100000500679 ], [ -7895297.615599999204278, -3754462.805500000715256 ], [ -7895275.261, -3754419.806800000369549 ], [ -7895280.551799999549985, -3754370.114900000393391 ], [ -7895279.674900000914931, -3754320.533300001174212 ], [ -7895233.08809999935329, -3754302.766399998217821 ], [ -7895186.665699999779463, -3754294.2956000007689 ], [ -7895149.111600000411272, -3754263.967799998819828 ], [ -7895117.56110000051558, -3754224.2335 ], [ -7895073.784900000318885, -3754190.916799999773502 ], [ -7895033.14750000089407, -3754160.644000001251698 ], [ -7895013.8235, -3754114.491999998688698 ], [ -7895022.199200000613928, -3754064.746399998664856 ], [ -7895021.323400000110269, -3754015.16609999909997 ], [ -7895060.810599999502301, -3753980.364599999040365 ], [ -7895106.848300000652671, -3753967.144400000572205 ], [ -7895137.028999999165535, -3753929.409000001847744 ], [ -7895123.872500000521541, -3753883.148200001567602 ], [ -7895074.20380000025034, -3753865.436099998652935 ], [ -7895024.754200000315905, -3753860.11879999935627 ], [ -7895005.376000000163913, -3753810.869199998676777 ], [ -7894970.63399999961257, -3753764.9934 ], [ -7894921.348899999633431, -3753768.971700001507998 ], [ -7894875.47580000013113, -3753791.487199999392033 ], [ -7894845.349199999123812, -3753832.320099998265505 ], [ -7894799.311699999496341, -3753845.539200000464916 ], [ -7894746.887900000438094, -3753846.473099999129772 ], [ -7894697.493000000715256, -3753844.253199998289347 ], [ -7894650.963400000706315, -3753829.583099998533726 ], [ -7894616.441199999302626, -3753796.101100001484156 ], [ -7894614.0526, -3753748.098499998450279 ], [ -7894634.819299999624491, -3753701.233800001442432 ], [ -7894637.028899999335408, -3753651.599899999797344 ], [ -7894623.820000000298023, -3753602.240600001066923 ], [ -7894616.7785, -3753552.771800000220537 ], [ -7894621.9627, -3753496.886300001293421 ], [ -7894617.950500000268221, -3753444.264400001615286 ], [ -7894604.796499999240041, -3753398.004599999636412 ], [ -7894613.17339999973774, -3753348.262200001627207 ], [ -7894637.0777000002563, -3753304.442699998617172 ], [ -7894686.03319999948144, -3753281.874200001358986 ], [ -7894738.50929999910295, -3753284.039299998432398 ], [ -7894779.088300000876188, -3753311.212600000202656 ], [ -7894801.439099999144673, -3753354.208500001579523 ], [ -7894847.474700000137091, -3753340.989999998360872 ], [ -7894890.208000000566244, -3753315.43189999833703 ], [ -7894936.681199999526143, -3753327.001899998635054 ], [ -7894945.111400000751019, -3753280.3581000007689 ], [ -7894907.50650000013411, -3753246.933400001376867 ], [ -7894869.956299999728799, -3753216.60700000077486 ], [ -7894856.801799999549985, -3753170.348499998450279 ], [ -7894877.566600000485778, -3753123.485599998384714 ], [ -7894867.440899999812245, -3753074.073800001293421 ], [ -7894820.8596, -3753056.306699998676777 ], [ -7894792.3969, -3753016.520399998873472 ], [ -7894757.876700000837445, -3752983.040899999439716 ], [ -7894717.299000000581145, -3752955.868099998682737 ], [ -7894673.637900000438094, -3752928.750199999660254 ], [ -7894645.176000000908971, -3752888.963799998164177 ], [ -7894618.228800000622869, -3752847.60080000013113 ], [ -7894580.680700000375509, -3752817.274599999189377 ], [ -7894564.444199999794364, -3752771.071899998933077 ], [ -7894545.069900000467896, -3752721.825800001621246 ], [ -7894507.303899999707937, -3752679.105900000780821 ], [ -7894475.814400000497699, -3752642.473099999129772 ], [ -7894444.270500000566244, -3752602.741900000721216 ], [ -7894421.704299999400973, -3752547.354299999773502 ], [ -7894390.215299999341369, -3752510.721799999475479 ], [ -7894380.092399999499321, -3752461.311900001019239 ], [ -7894373.052699999883771, -3752411.847500000149012 ], [ -7894362.984400000423193, -3752365.536400001496077 ], [ -7894352.916300000622869, -3752319.225499998778105 ], [ -7894345.876800000667572, -3752269.761700000613928 ], [ -7894329.642100000753999, -3752223.560699999332428 ], [ -7894316.490800000727177, -3752177.305100001394749 ], [ -7894294.144200000911951, -3752134.312300000339746 ], [ -7894274.826500000432134, -3752088.166600000113249 ], [ -7894270.816500000655651, -3752035.550500001758337 ], [ -7894277.625199999660254, -3751984.291999999433756 ], [ -7894276.753000000491738, -3751934.719900000840425 ], [ -7894263.602299999445677, -3751888.465300001204014 ], [ -7894268.896600000560284, -3751838.784099999815226 ], [ -7894274.190999999642372, -3751789.103000000119209 ], [ -7894291.8728, -3751742.301100000739098 ], [ -7894306.471200000494719, -3751695.554299999028444 ], [ -7894299.432600000873208, -3751646.092799998819828 ], [ -7894283.198899999260902, -3751599.894099999219179 ], [ -7894233.54079999960959, -3751582.181400001049042 ], [ -7894187.510800000280142, -3751595.395399998873472 ], [ -7894141.426400000229478, -3751605.511100001633167 ], [ -7894088.957599999383092, -3751603.343199998140335 ], [ -7894036.4342, -3751598.077100001275539 ], [ -7893975.1513, -3751620.858300000429153 ] ] ] ] } },
{ "type": "Feature", "properties": { "objectid": 13736, "st_area_sh": 4785.7217247600001, "st_length_": 307.003471854, "Nombre": null, "Tipo": "Embalse", "objectid_2": 65, "shape_leng": 372597.42871200002, "dis_elec": 5, "cir_sena": 5, "cod_comuna": 4204, "codregion": 4, "st_area_sh_2": 4795458230.04, "st_length__2": 440576.77868400002, "Region": "Región de Coquimbo", "Comuna": "Salamanca", "Provincia": "Choapa" }, "geometry": { "type": "MultiPolygon", "coordinates": [ [ [ [ -7895285.969399999827147, -3755809.974599998444319 ], [ -7895265.421399999409914, -3755869.2456 ], [ -7895287.778899999335408, -3755912.249099999666214 ], [ -7895328.368100000545382, -3755939.426100000739098 ], [ -7895339.882500000298023, -3755892.717000000178814 ], [ -7895311.411100000143051, -3755852.922899998724461 ], [ -7895285.969399999827147, -3755809.974599998444319 ] ] ] ] } },
{ "type": "Feature", "properties": { "objectid": 13572, "st_area_sh": 16283.400492299999, "st_length_": 625.90429575600001, "Nombre": null, "Tipo": "Laguna", "objectid_2": 71, "shape_leng": 607750.25861999998, "dis_elec": 5, "cir_sena": 5, "cod_comuna": 4106, "codregion": 4, "st_area_sh_2": 10115172701.4, "st_length__2": 701236.04761000001, "Region": "Región de Coquimbo", "Comuna": "Vicuña", "Provincia": "Elqui" }, "geometry": { "type": "MultiPolygon", "coordinates": [ [ [ [ -7831054.281400000676513, -3447844.7347999997437 ], [ -7831052.050799999386072, -3447906.549100000411272 ], [ -7831114.893899999558926, -3447941.04109999909997 ], [ -7831156.737999999895692, -3447954.411800000816584 ], [ -7831181.14299999922514, -3447981.267700001597404 ], [ -7831209.165100000798702, -3448010.391199998557568 ], [ -7831258.314799999818206, -3448012.7043999992311 ], [ -7831257.600299999117851, -3447950.9239999987185 ], [ -7831198.601099999621511, -3447913.500500001013279 ], [ -7831176.32880000025034, -3447878.535500001162291 ], [ -7831122.731799999251962, -3447879.738600000739098 ], [ -7831109.108300000429153, -3447841.207800000905991 ], [ -7831054.281400000676513, -3447844.7347999997437 ] ] ] ] } },
{ "type": "Feature", "properties": { "objectid": 13573, "st_area_sh": 16735.444490099999, "st_length_": 535.79371985600005, "Nombre": null, "Tipo": "Laguna", "objectid_2": 71, "shape_leng": 607750.25861999998, "dis_elec": 5, "cir_sena": 5, "cod_comuna": 4106, "codregion": 4, "st_area_sh_2": 10115172701.4, "st_length__2": 701236.04761000001, "Region": "Región de Coquimbo", "Comuna": "Vicuña", "Provincia": "Elqui" }, "geometry": { "type": "MultiPolygon", "coordinates": [ [ [ [ -7831582.562300000339746, -3448185.618099998682737 ], [ -7831539.404999999329448, -3448254.2654 ], [ -7831578.158500000834465, -3448298.277499999850988 ], [ -7831628.929199999198318, -3448304.035300001502037 ], [ -7831685.171399999409914, -3448301.644000001251698 ], [ -7831717.195000000298023, -3448279.3246 ], [ -7831747.42989999987185, -3448257.603500001132488 ], [ -7831691.032600000500679, -3448231.123100001364946 ], [ -7831685.176300000399351, -3448184.416200000792742 ], [ -7831634.676799999549985, -3448189.627599999308586 ], [ -7831582.562300000339746, -3448185.618099998682737 ] ] ] ] } },
{ "type": "Feature", "properties": { "objectid": 13574, "st_area_sh": 35331.017194499997, "st_length_": 770.42202764299998, "Nombre": null, "Tipo": "Laguna", "objectid_2": 71, "shape_leng": 607750.25861999998, "dis_elec": 5, "cir_sena": 5, "cod_comuna": 4106, "codregion": 4, "st_area_sh_2": 10115172701.4, "st_length__2": 701236.04761000001, "Region": "Región de Coquimbo", "Comuna": "Vicuña", "Provincia": "Elqui" }, "geometry": { "type": "MultiPolygon", "coordinates": [ [ [ [ -7832863.878399999812245, -3454171.279899999499321 ], [ -7832922.76380000077188, -3454134.763799998909235 ], [ -7832941.222899999469519, -3454100.459199998527765 ], [ -7832954.2533, -3454062.752399999648333 ], [ -7832957.101600000634789, -3454008.412099998444319 ], [ -7832958.634400000795722, -3453955.243000000715256 ], [ -7832933.897700000554323, -3453928.960200000554323 ], [ -7832915.684399999678135, -3453892.201299998909235 ], [ -7832884.2314, -3453875.241599999368191 ], [ -7832849.990199999883771, -3453859.470199998468161 ], [ -7832814.364800000563264, -3453918.819200001657009 ], [ -7832817.932099999859929, -3453971.92790000140667 ], [ -7832815.279899999499321, -3454061.50730000063777 ], [ -7832817.403699999675155, -3454114.0559 ], [ -7832817.738199999555945, -3454167.203499998897314 ], [ -7832863.878399999812245, -3454171.279899999499321 ] ] ] ] } },
{ "type": "Feature", "properties": { "objectid": 13575, "st_area_sh": 6859.6627070900004, "st_length_": 332.36611917499999, "Nombre": null, "Tipo": "Laguna", "objectid_2": 71, "shape_leng": 607750.25861999998, "dis_elec": 5, "cir_sena": 5, "cod_comuna": 4106, "codregion": 4, "st_area_sh_2": 10115172701.4, "st_length__2": 701236.04761000001, "Region": "Región de Coquimbo", "Comuna": "Vicuña", "Provincia": "Elqui" }, "geometry": { "type": "MultiPolygon", "coordinates": [ [ [ [ -7835176.560100000351667, -3455251.861999999731779 ], [ -7835244.066700000315905, -3455251.629000000655651 ], [ -7835281.6075, -3455236.155600000172853 ], [ -7835278.4178, -3455182.460499998182058 ], [ -7835176.712899999693036, -3455183.104400001466274 ], [ -7835176.560100000351667, -3455251.861999999731779 ] ] ] ] } },
{ "type": "Feature", "properties": { "objectid": 13576, "st_area_sh": 72694.41126350002, "st_length_": 1520.60273951, "Nombre": "Laguna de la Rinconada", "Tipo": "Laguna", "objectid_2": 71, "shape_leng": 607750.25861999998, "dis_elec": 5, "cir_sena": 5, "cod_comuna": 4106, "codregion": 4, "st_area_sh_2": 10115172701.4, "st_length__2": 701236.04761000001, "Region": "Región de Coquimbo", "Comuna": "Vicuña", "Provincia": "Elqui" }, "geometry": { "type": "MultiPolygon", "coordinates": [ [ [ [ -7834904.4649, -3455844.477299999445677 ], [ -7834979.488099999725819, -3455847.622299998998642 ], [ -7834979.941600000485778, -3455795.036400001496077 ], [ -7835008.5713, -3455773.3141999989748 ], [ -7835031.409800000488758, -3455738.949799999594688 ], [ -7835081.907600000500679, -3455734.299199998378754 ], [ -7835104.5614, -3455708.603900000452995 ], [ -7835110.5351, -3455664.041600000113249 ], [ -7835135.193600000813603, -3455637.744600001722574 ], [ -7835150.2818, -3455598.273200001567602 ], [ -7835109.957499999552965, -3455591.245999999344349 ], [ -7835113.344200000166893, -3455534.581399999558926 ], [ -7835063.979299999773502, -3455531.707100000232458 ], [ -7835042.341700000688434, -3455500.765900000929832 ], [ -7835004.971000000834465, -3455454.990899998694658 ], [ -7835035.110200000926852, -3455430.362199999392033 ], [ -7835033.225400000810623, -3455383.58390000090003 ], [ -7835003.77250000089407, -3455363.136900000274181 ], [ -7834991.629300000146031, -3455326.882100000977516 ], [ -7834939.829299999400973, -3455324.614399999380112 ], [ -7834900.397600000724196, -3455341.265099998563528 ], [ -7834904.41190000064671, -3455394.951099999248981 ], [ -7834940.889399999752641, -3455444.203699998557568 ], [ -7834904.531500000506639, -3455462.551100000739098 ], [ -7834901.850400000810623, -3455515.162300001829863 ], [ -7834900.619899999350309, -3455568.911899998784065 ], [ -7834917.865900000557303, -3455602.217399999499321 ], [ -7834938.904699999839067, -3455637.210799999535084 ], [ -7834940.750099999830127, -3455689.768399998545647 ], [ -7834943.5945999994874, -3455741.7364999987185 ], [ -7834906.255899999290705, -3455765.296399999409914 ], [ -7834868.22550000064075, -3455779.041700001806021 ], [ -7834898.192500000819564, -3455806.417199999094009 ], [ -7834904.4649, -3455844.477299999445677 ] ] ] ] } },
{ "type": "Feature", "properties": { "objectid": 13577, "st_area_sh": 1045.0822689399999, "st_length_": 155.79781006299999, "Nombre": null, "Tipo": "Laguna", "objectid_2": 71, "shape_leng": 607750.25861999998, "dis_elec": 5, "cir_sena": 5, "cod_comuna": 4106, "codregion": 4, "st_area_sh_2": 10115172701.4, "st_length__2": 701236.04761000001, "Region": "Región de Coquimbo", "Comuna": "Vicuña", "Provincia": "Elqui" }, "geometry": { "type": "MultiPolygon", "coordinates": [ [ [ [ -7834818.266200000420213, -3456083.569400001317263 ], [ -7834848.617200000211596, -3456031.202199999243021 ], [ -7834811.796800000593066, -3456025.865200001746416 ], [ -7834818.266200000420213, -3456083.569400001317263 ] ] ] ] } },
{ "type": "Feature", "properties": { "objectid": 13578, "st_area_sh": 17190.455663299999, "st_length_": 600.20548752399998, "Nombre": null, "Tipo": "Laguna", "objectid_2": 71, "shape_leng": 607750.25861999998, "dis_elec": 5, "cir_sena": 5, "cod_comuna": 4106, "codregion": 4, "st_area_sh_2": 10115172701.4, "st_length__2": 701236.04761000001, "Region": "Región de Coquimbo", "Comuna": "Vicuña", "Provincia": "Elqui" }, "geometry": { "type": "MultiPolygon", "coordinates": [ [ [ [ -7816984.826199999079108, -3467174.2939000017941 ], [ -7817028.283299999311566, -3467220.098600000143051 ], [ -7817083.654799999669194, -3467225.871800001710653 ], [ -7817126.269899999722838, -3467212.117199998348951 ], [ -7817147.917999999597669, -3467181.235599998384714 ], [ -7817196.642100000753999, -3467180.717399999499321 ], [ -7817199.366800000891089, -3467132.109000001102686 ], [ -7817193.693900000303984, -3467074.915199998766184 ], [ -7817123.591700000688434, -3467104.576900001615286 ], [ -7817092.011199999600649, -3467124.575599998235703 ], [ -7817068.666400000452995, -3467151.426699999719858 ], [ -7817012.378499999642372, -3467147.398200001567602 ], [ -7816984.826199999079108, -3467174.2939000017941 ] ] ] ] } },
{ "type": "Feature", "properties": { "objectid": 13579, "st_area_sh": 30213.352667499999, "st_length_": 763.61271702600004, "Nombre": null, "Tipo": "Laguna", "objectid_2": 71, "shape_leng": 607750.25861999998, "dis_elec": 5, "cir_sena": 5, "cod_comuna": 4106, "codregion": 4, "st_area_sh_2": 10115172701.4, "st_length__2": 701236.04761000001, "Region": "Región de Coquimbo", "Comuna": "Vicuña", "Provincia": "Elqui" }, "geometry": { "type": "MultiPolygon", "coordinates": [ [ [ [ -7782267.297499999403954, -3468545.72069999948144 ], [ -7782329.835799999535084, -3468507.628699999302626 ], [ -7782364.986700000241399, -3468485.949099998921156 ], [ -7782369.546499999240041, -3468434.434099998325109 ], [ -7782367.362500000745058, -3468380.659000001847744 ], [ -7782332.17879999987781, -3468375.153400000184774 ], [ -7782277.524599999189377, -3468377.321100000292063 ], [ -7782262.016699999570847, -3468339.847100000828505 ], [ -7782253.688200000673532, -3468295.954 ], [ -7782199.5877, -3468304.479400001466274 ], [ -7782157.005300000309944, -3468318.697700001299381 ], [ -7782162.793700000271201, -3468368.973600000143051 ], [ -7782196.283600000664592, -3468397.051100000739098 ], [ -7782193.746200000867248, -3468449.706799998879433 ], [ -7782220.295099999755621, -3468477.839200001209974 ], [ -7782242.87470000050962, -3468513.52250000089407 ], [ -7782267.297499999403954, -3468545.72069999948144 ] ] ] ] } },
{ "type": "Feature", "properties": { "objectid": 13580, "st_area_sh": 332341.42766099999, "st_length_": 3155.91293593, "Nombre": null, "Tipo": "Laguna", "objectid_2": 71, "shape_leng": 607750.25861999998, "dis_elec": 5, "cir_sena": 5, "cod_comuna": 4106, "codregion": 4, "st_area_sh_2": 10115172701.4, "st_length__2": 701236.04761000001, "Region": "Región de Coquimbo", "Comuna": "Vicuña", "Provincia": "Elqui" }, "geometry": { "type": "MultiPolygon", "coordinates": [ [ [ [ -7807983.559499999508262, -3470093.962600000202656 ], [ -7808028.352900000289083, -3470113.1858000010252 ], [ -7808079.40430000051856, -3470099.374200001358986 ], [ -7808129.724999999627471, -3470084.41270000115037 ], [ -7808166.934000000357628, -3470049.335099998861551 ], [ -7808211.4956, -3470030.381299998611212 ], [ -7808265.172399999573827, -3470027.533700000494719 ], [ -7808315.956599999219179, -3470019.508499998599291 ], [ -7808351.037100000306964, -3469983.873199999332428 ], [ -7808386.083100000396371, -3469944.7676 ], [ -7808435.373800000175834, -3469949.482900001108646 ], [ -7808480.47440000064671, -3469977.956700000911951 ], [ -7808522.07660000026226, -3470001.837499998509884 ], [ -7808562.43610000051558, -3469969.041400000452995 ], [ -7808583.650699999183416, -3469920.817800000309944 ], [ -7808618.953400000929832, -3469882.28770000115037 ], [ -7808701.468499999493361, -3469831.138900000602007 ], [ -7808725.186799999326468, -3469785.2043999992311 ], [ -7808765.4013, -3469752.409699998795986 ], [ -7808816.515100000426173, -3469741.487199999392033 ], [ -7808850.216, -3469715.698800001293421 ], [ -7808883.826899999752641, -3469677.185400001704693 ], [ -7808931.27170000039041, -3469666.299199998378754 ], [ -7808981.182900000363588, -3469701.085400000214577 ], [ -7808958.208799999207258, -3469644.048900000751019 ], [ -7808960.587999999523163, -3469593.700500000268221 ], [ -7808942.464999999850988, -3469547.027899999171495 ], [ -7808898.850999999791384, -3469519.698800001293421 ], [ -7808851.531099999323487, -3469495.8772 ], [ -7808801.800699999555945, -3469486.540500000119209 ], [ -7808750.034800000488758, -3469496.890799999237061 ], [ -7808707.545399999246001, -3469525.079999998211861 ], [ -7808662.888000000268221, -3469548.663100000470877 ], [ -7808611.153200000524521, -3469543.973200000822544 ], [ -7808559.738600000739098, -3469546.221099998801947 ], [ -7808516.3191, -3469574.997499998658895 ], [ -7808480.02309999987483, -3469611.222600001841784 ], [ -7808427.792400000616908, -3469614.635000001639128 ], [ -7808384.103499999269843, -3469641.678399998694658 ], [ -7808339.168800000101328, -3469666.420400001108646 ], [ -7808288.456299999728799, -3469677.915399998426437 ], [ -7808236.727, -3469684.792700000107288 ], [ -7808184.035700000822544, -3469685.316500000655651 ], [ -7808140.414300000295043, -3469708.309500001370907 ], [ -7808099.957800000905991, -3469742.261399999260902 ], [ -7808052.932299999520183, -3469762.974199999123812 ], [ -7808006.364700000733137, -3469779.05460000038147 ], [ -7807978.490499999374151, -3469823.293699998408556 ], [ -7807967.378799999132752, -3469874.886399999260902 ], [ -7807947.708599999547005, -3469923.093499999493361 ], [ -7807913.997700000181794, -3469962.7632 ], [ -7807872.349199999123812, -3469992.677700001746416 ], [ -7807824.38150000013411, -3470012.820900000631809 ], [ -7807785.649700000882149, -3470046.75560000166297 ], [ -7807759.440099999308586, -3470092.135499998927116 ], [ -7807736.442800000309944, -3470138.640700001269579 ], [ -7807787.532500000670552, -3470132.349899999797344 ], [ -7807832.344900000840425, -3470105.874699998646975 ], [ -7807876.822100000455976, -3470078.245900001376867 ], [ -7807927.002800000831485, -3470067.335900001227856 ], [ -7807983.559499999508262, -3470093.962600000202656 ] ] ] ] } },
{ "type": "Feature", "properties": { "objectid": 13587, "st_area_sh": 2208952.2995699998, "st_length_": 11339.5300938, "Nombre": "Embalse La Laguna", "Tipo": "Embalse", "objectid_2": 71, "shape_leng": 607750.25861999998, "dis_elec": 5, "cir_sena": 5, "cod_comuna": 4106, "codregion": 4, "st_area_sh_2": 10115172701.4, "st_length__2": 701236.04761000001, "Region": "Región de Coquimbo", "Comuna": "Vicuña", "Provincia": "Elqui" }, "geometry": { "type": "MultiPolygon", "coordinates": [ [ [ [ -7795870.378799999132752, -3533972.866500001400709 ], [ -7795896.9452, -3533988.320500001311302 ], [ -7795959.843399999663234, -3533983.677700001746416 ], [ -7795973.345499999821186, -3533933.559599999338388 ], [ -7795976.586500000208616, -3533884.116700001060963 ], [ -7796029.852299999445677, -3533873.748100001364946 ], [ -7796055.438699999824166, -3533828.752099998295307 ], [ -7796040.408700000494719, -3533777.732299998402596 ], [ -7796080.566199999302626, -3533757.019299998879433 ], [ -7796131.077500000596046, -3533769.9287 ], [ -7796177.586400000378489, -3533747.994699999690056 ], [ -7796206.466600000858307, -3533703.55009999871254 ], [ -7796216.347400000318885, -3533652.884700000286102 ], [ -7796205.505000000819564, -3533601.246199999004602 ], [ -7796199.511600000783801, -3533550.144900001585484 ], [ -7796206.629300000146031, -3533497.761399999260902 ], [ -7796213.101500000804663, -3533445.965300001204014 ], [ -7796230.538200000301003, -3533403.370200000703335 ], [ -7796280.766100000590086, -3533397.097899999469519 ], [ -7796323.126900000497699, -3533436.239700000733137 ], [ -7796354.725600000470877, -3533440.601100001484156 ], [ -7796362.900699999183416, -3533385.301699999719858 ], [ -7796344.054300000891089, -3533336.062899999320507 ], [ -7796326.973999999463558, -3533286.226799998432398 ], [ -7796336.187599999830127, -3533233.825100000947714 ], [ -7796377.897900000214577, -3533217.166999999433756 ], [ -7796382.7027000002563, -3533172.9441 ], [ -7796387.635700000450015, -3533122.907200001180172 ], [ -7796409.754499999806285, -3533078.526200000196695 ], [ -7796461.592599999159575, -3533074.563799999654293 ], [ -7796492.841700000688434, -3533036.493500001728535 ], [ -7796446.247300000861287, -3532996.810899998992682 ], [ -7796395.76659999974072, -3532994.947900000959635 ], [ -7796374.6436, -3532945.7314000017941 ], [ -7796361.999199999496341, -3532894.69370000064373 ], [ -7796365.07289999909699, -3532842.931000001728535 ], [ -7796373.620300000533462, -3532792.862399999052286 ], [ -7796337.194599999114871, -3532754.249699998646975 ], [ -7796357.164599999785423, -3532708.145899999886751 ], [ -7796386.532199999317527, -3532661.956199999898672 ], [ -7796420.072799999266863, -3532621.541200000792742 ], [ -7796460.916600000113249, -3532593.266100000590086 ], [ -7796480.498099999502301, -3532544.259799998253584 ], [ -7796488.998299999162555, -3532493.030200000852346 ], [ -7796484.511900000274181, -3532440.757100000977516 ], [ -7796478.832900000736117, -3532388.495200000703335 ], [ -7796478.105699999257922, -3532336.188099998980761 ], [ -7796484.142699999734759, -3532284.400499999523163 ], [ -7796493.096599999815226, -3532231.4239999987185 ], [ -7796526.595100000500679, -3532194.497999999672174 ], [ -7796547.556800000369549, -3532158.268100000917912 ], [ -7796554.455600000917912, -3532105.892099998891354 ], [ -7796582.7632, -3532062.620099999010563 ], [ -7796603.681600000709295, -3532017.672200001776218 ], [ -7796635.0767, -3531976.115899998694658 ], [ -7796683.199400000274181, -3531953.587200000882149 ], [ -7796711.900100000202656, -3531917.868099998682737 ], [ -7796708.161599999293685, -3531864.428100001066923 ], [ -7796696.751199999824166, -3531813.964899998158216 ], [ -7796718.618200000375509, -3531766.102800000458956 ], [ -7796758.018999999389052, -3531742.491799999028444 ], [ -7796801.049699999392033, -3531720.591099999845028 ], [ -7796833.383300000801682, -3531679.026599999517202 ], [ -7796863.284600000828505, -3531636.32209999859333 ], [ -7796889.875499999150634, -3531591.323100000619888 ], [ -7796920.551200000569224, -3531550.35530000180006 ], [ -7796922.207599999383092, -3531498.029800001531839 ], [ -7796933.89640000090003, -3531447.937199998646975 ], [ -7796960.011600000783801, -3531402.361900001764297 ], [ -7796999.2379, -3531320.049499999731779 ], [ -7797010.554199999198318, -3531268.798500001430511 ], [ -7797036.921800000593066, -3531223.2212999984622 ], [ -7797045.06279999949038, -3531172.5810999982059 ], [ -7797038.32880000025034, -3531119.753100000321865 ], [ -7797015.612099999561906, -3531074.046799998730421 ], [ -7796979.773199999704957, -3531036.0168999992311 ], [ -7796963.89159999974072, -3530986.76069999858737 ], [ -7796967.009400000795722, -3530936.167700000107288 ], [ -7796942.150399999693036, -3530889.3191 ], [ -7796939.722999999299645, -3530837.033900000154972 ], [ -7796932.958799999207258, -3530784.788600001484156 ], [ -7796946.4857, -3530738.168999999761581 ], [ -7796972.630300000309944, -3530692.014800000935793 ], [ -7797018.635500000789762, -3530667.763099998235703 ], [ -7797046.58420000039041, -3530633.216099999845028 ], [ -7797010.944700000807643, -3530605.065900001674891 ], [ -7796963.587600000202656, -3530583.997499998658895 ], [ -7796930.723200000822544, -3530543.035599999129772 ], [ -7796916.488299999386072, -3530487.954300001263618 ], [ -7796939.803999999538064, -3530468.561200000345707 ], [ -7796992.324100000783801, -3530493.0691 ], [ -7797029.7347999997437, -3530525.271099999547005 ], [ -7797077.612400000914931, -3530496.352899998426437 ], [ -7797106.5713, -3530525.145399998873472 ], [ -7797138.82799999974668, -3530570.761799998581409 ], [ -7797138.43019999936223, -3530614.354200001806021 ], [ -7797142.137199999764562, -3530660.23369999974966 ], [ -7797181.387700000777841, -3530695.905900001525879 ], [ -7797235.195699999108911, -3530702.965700000524521 ], [ -7797273.826999999582767, -3530674.712699998170137 ], [ -7797307.05460000038147, -3530632.561000000685453 ], [ -7797333.967299999669194, -3530587.561700001358986 ], [ -7797339.582299999892712, -3530537.528299998492002 ], [ -7797312.92119999974966, -3530491.279800001531839 ], [ -7797272.608200000599027, -3530457.94310000166297 ], [ -7797225.699799999594688, -3530434.5471 ], [ -7797175.650399999693036, -3530423.38459999859333 ], [ -7797125.917500000447035, -3530419.193 ], [ -7797088.200899999588728, -3530381.182599999010563 ], [ -7797053.5307, -3530344.306499999016523 ], [ -7797017.616100000217557, -3530305.698300000280142 ], [ -7797016.898499999195337, -3530258.630199998617172 ], [ -7797018.492900000885129, -3530207.472899999469519 ], [ -7796995.54869999922812, -3530128.645500000566244 ], [ -7796968.466600000858307, -3530083.563900001347065 ], [ -7796921.241100000217557, -3530064.819600000977516 ], [ -7796868.78800000064075, -3530055.421700000762939 ], [ -7796816.542099999263883, -3530048.927499998360872 ], [ -7796775.253200000151992, -3530078.945500001311302 ], [ -7796731.057199999690056, -3530107.2467 ], [ -7796712.811899999156594, -3530155.650499999523163 ], [ -7796690.808299999684095, -3530204.089000001549721 ], [ -7796708.901699999347329, -3530250.416400000452995 ], [ -7796726.567099999636412, -3530297.329100001603365 ], [ -7796699.106300000101328, -3530345.818199999630451 ], [ -7796650.3783, -3530356.726100001484156 ], [ -7796596.5456000007689, -3530346.758299998939037 ], [ -7796577.042999999597669, -3530300.443300001323223 ], [ -7796525.043099999427795, -3530289.296100001782179 ], [ -7796500.068299999460578, -3530329.044399999082088 ], [ -7796454.012700000777841, -3530359.686900001019239 ], [ -7796411.289100000634789, -3530343.223799999803305 ], [ -7796391.838300000876188, -3530294.583299998193979 ], [ -7796375.79450000077486, -3530243.005899999290705 ], [ -7796334.865599999204278, -3530213.159499999135733 ], [ -7796287.159499999135733, -3530221.150600001215935 ], [ -7796278.102700000628829, -3530274.700899999588728 ], [ -7796276.128900000825524, -3530328.186599999666214 ], [ -7796291.629699999466538, -3530375.701099999248981 ], [ -7796339.971300000324845, -3530397.92509999871254 ], [ -7796380.441500000655651, -3530428.938499998301268 ], [ -7796392.608200000599027, -3530479.389699999243021 ], [ -7796381.584300000220537, -3530531.215500000864267 ], [ -7796371.737199999392033, -3530581.287200000137091 ], [ -7796396.304300000891089, -3530628.1385000012815 ], [ -7796408.40430000051856, -3530679.172200001776218 ], [ -7796411.443900000303984, -3530731.451400000602007 ], [ -7796402.908299999311566, -3530782.6743 ], [ -7796395.678999999538064, -3530834.466600000858307 ], [ -7796397.092299999669194, -3530886.761300001293421 ], [ -7796389.682199999690056, -3530938.555799998342991 ], [ -7796409.179999999701977, -3530984.292199999094009 ], [ -7796406.364900000393391, -3531036.626200001686811 ], [ -7796376.4221, -3531078.746899999678135 ], [ -7796351.936899999156594, -3531124.886100001633167 ], [ -7796335.651000000536442, -3531174.437800001353025 ], [ -7796294.543299999088049, -3531205.03660000115633 ], [ -7796248.342800000682473, -3531224.057500001043081 ], [ -7796227.822599999606609, -3531273.0669 ], [ -7796224.645300000905991, -3531325.4054000005126 ], [ -7796225.55210000090301, -3531377.706700000911951 ], [ -7796200.26549999974668, -3531423.272900000214577 ], [ -7796177.632799999788404, -3531470.558600001037121 ], [ -7796146.087400000542402, -3531511.532299999147654 ], [ -7796108.836100000888109, -3531549.070799998939037 ], [ -7796089.527899999171495, -3531596.326499998569489 ], [ -7796098.519500000402331, -3531647.392799999564886 ], [ -7796112.937699999660254, -3531698.990899998694658 ], [ -7796099.634199999272823, -3531746.773600000888109 ], [ -7796075.054199999198318, -3531794.659299999475479 ], [ -7796040.103900000452995, -3531826.9463 ], [ -7795988.246200000867248, -3531840.206500001251698 ], [ -7795960.504799999296665, -3531882.308800000697374 ], [ -7795961.813300000503659, -3531935.190000001341105 ], [ -7795969.575799999758601, -3531986.268899999558926 ], [ -7795974.400299999862909, -3532036.21229999884963 ], [ -7795963.946599999442697, -3532087.457600001245737 ], [ -7795959.962500000372529, -3532138.644200000911951 ], [ -7795935.153799999505281, -3532185.370700001716614 ], [ -7795933.6327, -3532237.116399999707937 ], [ -7795942.990800000727177, -3532288.763300001621246 ], [ -7795961.038699999451637, -3532338.006000000983477 ], [ -7795967.681099999696016, -3532389.096700001507998 ], [ -7795963.4543999992311, -3532441.449200000613928 ], [ -7795959.119300000369549, -3532493.80290000140667 ], [ -7795967.156199999153614, -3532547.206599999219179 ], [ -7796008.343699999153614, -3532568.919399999082088 ], [ -7796022.281700000166893, -3532615.294199999421835 ], [ -7796019.506300000473857, -3532668.215700000524521 ], [ -7795994.8618, -3532713.199000000953674 ], [ -7795993.593900000676513, -3532764.944499999284744 ], [ -7795981.358200000599027, -3532815.046500001102686 ], [ -7795976.605000000447035, -3532869.149399999529123 ], [ -7795949.190899999812245, -3532903.695300001651049 ], [ -7795922.897600000724196, -3532942.30009999871254 ], [ -7795917.705299999564886, -3532995.826299998909235 ], [ -7795921.807600000873208, -3533049.849199999123812 ], [ -7795897.424599999561906, -3533087.855700001120567 ], [ -7795853.221599999815226, -3533116.741999998688698 ], [ -7795828.658399999141693, -3533162.888300001621246 ], [ -7795828.551799999549985, -3533215.206500001251698 ], [ -7795825.7807, -3533268.71169999986887 ], [ -7795787.71199999935925, -3533300.448800001293421 ], [ -7795776.409499999135733, -3533349.962900001555681 ], [ -7795806.071100000292063, -3533392.128400001674891 ], [ -7795794.649700000882149, -3533440.481300000101328 ], [ -7795778.916799999773502, -3533491.780200000852346 ], [ -7795766.2511, -3533542.469999998807907 ], [ -7795748.658700000494719, -3533592.042300000786781 ], [ -7795710.06220000050962, -3533625.528799999505281 ], [ -7795671.161299999803305, -3533661.343299999833107 ], [ -7795673.165699999779463, -3533711.318999998271465 ], [ -7795634.3158, -3533744.807900000363588 ], [ -7795619.8936, -3533797.258600000292063 ], [ -7795648.165500000119209, -3533829.5559 ], [ -7795670.511099999770522, -3533878.184599999338388 ], [ -7795720.3761, -3533883.544199999421835 ], [ -7795762.7043999992311, -3533911.063000001013279 ], [ -7795808.187100000679493, -3533931.576900001615286 ], [ -7795862.771500000730157, -3533931.079599998891354 ], [ -7795870.378799999132752, -3533972.866500001400709 ] ] ] ] } },
{ "type": "Feature", "properties": { "objectid": 13588, "st_area_sh": 639.41305825999996, "st_length_": 119.849134349, "Nombre": "Embalse La Laguna", "Tipo": "Embalse", "objectid_2": 71, "shape_leng": 607750.25861999998, "dis_elec": 5, "cir_sena": 5, "cod_comuna": 4106, "codregion": 4, "st_area_sh_2": 10115172701.4, "st_length__2": 701236.04761000001, "Region": "Región de Coquimbo", "Comuna": "Vicuña", "Provincia": "Elqui" }, "geometry": { "type": "MultiPolygon", "coordinates": [ [ [ [ -7795896.9452, -3533988.320500001311302 ], [ -7795870.378799999132752, -3533972.866500001400709 ], [ -7795866.636099999770522, -3534018.826299998909235 ], [ -7795896.9452, -3533988.320500001311302 ] ] ] ] } },
{ "type": "Feature", "properties": { "objectid": 13589, "st_area_sh": 22017.3229531, "st_length_": 620.00974806099998, "Nombre": null, "Tipo": "Laguna", "objectid_2": 71, "shape_leng": 607750.25861999998, "dis_elec": 5, "cir_sena": 5, "cod_comuna": 4106, "codregion": 4, "st_area_sh_2": 10115172701.4, "st_length__2": 701236.04761000001, "Region": "Región de Coquimbo", "Comuna": "Vicuña", "Provincia": "Elqui" }, "geometry": { "type": "MultiPolygon", "coordinates": [ [ [ [ -7811520.413200000301003, -3533880.997000001370907 ], [ -7811505.778200000524521, -3533842.781500000506639 ], [ -7811454.612400000914931, -3533845.055100001394749 ], [ -7811385.818499999120831, -3533852.161299999803305 ], [ -7811381.41950000077486, -3533909.757500000298023 ], [ -7811379.129300000146031, -3533965.006700001657009 ], [ -7811399.331599999219179, -3533996.1891999989748 ], [ -7811457.872899999842048, -3533986.863600000739098 ], [ -7811488.034199999645352, -3534016.199000000953674 ], [ -7811552.146999999880791, -3534017.860399998724461 ], [ -7811538.511099999770522, -3533985.447500001639128 ], [ -7811522.369599999859929, -3533948.40989999845624 ], [ -7811520.413200000301003, -3533880.997000001370907 ] ] ] ] } },
{ "type": "Feature", "properties": { "objectid": 13591, "st_area_sh": 32051.296455700001, "st_length_": 789.11910874600005, "Nombre": null, "Tipo": "Laguna", "objectid_2": 71, "shape_leng": 607750.25861999998, "dis_elec": 5, "cir_sena": 5, "cod_comuna": 4106, "codregion": 4, "st_area_sh_2": 10115172701.4, "st_length__2": 701236.04761000001, "Region": "Región de Coquimbo", "Comuna": "Vicuña", "Provincia": "Elqui" }, "geometry": { "type": "MultiPolygon", "coordinates": [ [ [ [ -7813342.353800000622869, -3534464.258299998939037 ], [ -7813373.109099999070168, -3534442.425599999725819 ], [ -7813369.046599999070168, -3534385.496800001710653 ], [ -7813406.17, -3534367.666700001806021 ], [ -7813408.180099999532104, -3534310.674400001764297 ], [ -7813382.230900000780821, -3534276.648200001567602 ], [ -7813367.074400000274181, -3534317.500900000333786 ], [ -7813332.1129, -3534299.846599999815226 ], [ -7813296.58530000038445, -3534283.360800001770258 ], [ -7813278.679099999368191, -3534244.017900001257658 ], [ -7813262.251000000163913, -3534284.302400000393391 ], [ -7813227.284499999135733, -3534300.946699999272823 ], [ -7813193.420399999246001, -3534319.323399998247623 ], [ -7813190.674100000411272, -3534368.18470000103116 ], [ -7813194.506799999624491, -3534423.953200001269579 ], [ -7813229.396500000730157, -3534459.049100000411272 ], [ -7813288.402599999681115, -3534463.080699998885393 ], [ -7813342.353800000622869, -3534464.258299998939037 ] ] ] ] } },
{ "type": "Feature", "properties": { "objectid": 13596, "st_area_sh": 25815.726490100002, "st_length_": 652.68392092900001, "Nombre": null, "Tipo": "Laguna", "objectid_2": 71, "shape_leng": 607750.25861999998, "dis_elec": 5, "cir_sena": 5, "cod_comuna": 4106, "codregion": 4, "st_area_sh_2": 10115172701.4, "st_length__2": 701236.04761000001, "Region": "Región de Coquimbo", "Comuna": "Vicuña", "Provincia": "Elqui" }, "geometry": { "type": "MultiPolygon", "coordinates": [ [ [ [ -7811716.13539999909699, -3535768.394299998879433 ], [ -7811745.348799999803305, -3535740.183800000697374 ], [ -7811782.430099999532104, -3535724.682500001043081 ], [ -7811808.642699999734759, -3535696.503100000321865 ], [ -7811823.770300000905991, -3535648.67119999974966 ], [ -7811794.327299999073148, -3535619.325599998235703 ], [ -7811739.213899999856949, -3535621.641800001263618 ], [ -7811684.883899999782443, -3535622.786800000816584 ], [ -7811659.207699999213219, -3535587.006400000303984 ], [ -7811608.082699999213219, -3535593.931800000369549 ], [ -7811603.329800000414252, -3535641.655699998140335 ], [ -7811607.607899999246001, -3535699.170000001788139 ], [ -7811642.413499999791384, -3535726.135000001639128 ], [ -7811672.489299999549985, -3535753.730500001460314 ], [ -7811716.13539999909699, -3535768.394299998879433 ] ] ] ] } },
{ "type": "Feature", "properties": { "objectid": 13606, "st_area_sh": 33260.372216000011, "st_length_": 808.00679894100006, "Nombre": null, "Tipo": "Laguna", "objectid_2": 71, "shape_leng": 607750.25861999998, "dis_elec": 5, "cir_sena": 5, "cod_comuna": 4106, "codregion": 4, "st_area_sh_2": 10115172701.4, "st_length__2": 701236.04761000001, "Region": "Región de Coquimbo", "Comuna": "Vicuña", "Provincia": "Elqui" }, "geometry": { "type": "MultiPolygon", "coordinates": [ [ [ [ -7813120.0757, -3542769.125 ], [ -7813174.658900000154972, -3542765.061299998313189 ], [ -7813193.683900000527501, -3542729.958299998193979 ], [ -7813216.00029999949038, -3542694.820700000971556 ], [ -7813194.802300000563264, -3542656.650199998170137 ], [ -7813177.884800000116229, -3542623.088500000536442 ], [ -7813121.493699999526143, -3542627.17119999974966 ], [ -7813105.510700000450015, -3542589.527699999511242 ], [ -7813056.142699999734759, -3542583.647199999541044 ], [ -7813000.396600000560284, -3542583.650499999523163 ], [ -7812947.4901, -3542588.859299998730421 ], [ -7812930.942399999126792, -3542625.680799998342991 ], [ -7812969.206000000238419, -3542638.6587999984622 ], [ -7812965.698599999770522, -3542694.540399998426437 ], [ -7813002.100199999287724, -3542730.224899999797344 ], [ -7813057.623700000345707, -3542726.151900000870228 ], [ -7813106.202500000596046, -3542729.132100000977516 ], [ -7813120.0757, -3542769.125 ] ] ] ] } },
{ "type": "Feature", "properties": { "objectid": 13610, "st_area_sh": 65450.593346200003, "st_length_": 1418.15252093, "Nombre": null, "Tipo": "Laguna", "objectid_2": 71, "shape_leng": 607750.25861999998, "dis_elec": 5, "cir_sena": 5, "cod_comuna": 4106, "codregion": 4, "st_area_sh_2": 10115172701.4, "st_length__2": 701236.04761000001, "Region": "Región de Coquimbo", "Comuna": "Vicuña", "Provincia": "Elqui" }, "geometry": { "type": "MultiPolygon", "coordinates": [ [ [ [ -7810125.026799999177456, -3546003.018699999898672 ], [ -7810180.509999999776483, -3546007.685400001704693 ], [ -7810196.00870000012219, -3545969.704599998891354 ], [ -7810250.99239999987185, -3545967.975699998438358 ], [ -7810267.278899999335408, -3546007.375300001353025 ], [ -7810292.94370000064373, -3545972.780999999493361 ], [ -7810331.775900000706315, -3545952.016199998557568 ], [ -7810292.389599999412894, -3545936.129099998623133 ], [ -7810291.717599999159575, -3545884.350000001490116 ], [ -7810291.003399999812245, -3545831.989599999040365 ], [ -7810254.204800000414252, -3545814.330400001257658 ], [ -7810254.8421, -3545759.629000000655651 ], [ -7810224.665400000289083, -3545738.410500001162291 ], [ -7810187.2697, -3545722.50279999896884 ], [ -7810133.625800000503659, -3545724.217700000852346 ], [ -7810079.336300000548363, -3545726.520799998193979 ], [ -7810050.302899999544024, -3545689.5801 ], [ -7810031.463500000536442, -3545726.430399999022484 ], [ -7810011.080700000748038, -3545760.969300001859665 ], [ -7810045.599600000306964, -3545778.65260000154376 ], [ -7810046.131799999624491, -3545831.014600001275539 ], [ -7810046.664000000804663, -3545883.376899998635054 ], [ -7810047.196100000292063, -3545935.73930000141263 ], [ -7810047.72829999960959, -3545988.102000001817942 ], [ -7810048.260600000619888, -3546040.464899998158216 ], [ -7810110.576999999582767, -3546040.988699998706579 ], [ -7810125.026799999177456, -3546003.018699999898672 ] ], [ [ -7810076.878599999472499, -3545926.124699998646975 ], [ -7810153.105200000107288, -3545899.739599999040365 ], [ -7810117.507400000467896, -3545939.672200001776218 ], [ -7810076.878599999472499, -3545926.124699998646975 ] ] ] ] } },
{ "type": "Feature", "properties": { "objectid": 13611, "st_area_sh": 1052.33740719, "st_length_": 176.98782313800001, "Nombre": null, "Tipo": "Laguna", "objectid_2": 71, "shape_leng": 607750.25861999998, "dis_elec": 5, "cir_sena": 5, "cod_comuna": 4106, "codregion": 4, "st_area_sh_2": 10115172701.4, "st_length__2": 701236.04761000001, "Region": "Región de Coquimbo", "Comuna": "Vicuña", "Provincia": "Elqui" }, "geometry": { "type": "MultiPolygon", "coordinates": [ [ [ [ -7810117.507400000467896, -3545939.672200001776218 ], [ -7810153.105200000107288, -3545899.739599999040365 ], [ -7810076.878599999472499, -3545926.124699998646975 ], [ -7810117.507400000467896, -3545939.672200001776218 ] ] ] ] } },
{ "type": "Feature", "properties": { "objectid": 13729, "st_area_sh": 9292058.6588400006, "st_length_": 24652.617624899998, "Nombre": "Embalse Puclaro", "Tipo": "Embalse", "objectid_2": 71, "shape_leng": 607750.25861999998, "dis_elec": 5, "cir_sena": 5, "cod_comuna": 4106, "codregion": 4, "st_area_sh_2": 10115172701.4, "st_length__2": 701236.04761000001, "Region": "Región de Coquimbo", "Comuna": "Vicuña", "Provincia": "Elqui" }, "geometry": { "type": "MultiPolygon", "coordinates": [ [ [ [ -7886855.131699999794364, -3501799.354899998754263 ], [ -7886834.7204, -3501849.730399999767542 ], [ -7886821.604299999773502, -3501906.324000000953674 ], [ -7886815.49860000051558, -3501962.804200001060963 ], [ -7886809.392799999564886, -3502019.284600000828505 ], [ -7886824.318399999290705, -3502075.424400001764297 ], [ -7886853.152000000700355, -3502124.29109999909997 ], [ -7886881.9857, -3502173.157800000160933 ], [ -7886931.398700000718236, -3502193.499600000679493 ], [ -7886980.925000000745058, -3502220.88740000128746 ], [ -7887016.6568, -3502262.594300001859665 ], [ -7886996.417500000447035, -3502312.2577 ], [ -7886954.9199, -3502348.170299999415874 ], [ -7886969.846599999815226, -3502404.311299998313189 ], [ -7886949.606899999082088, -3502453.975099999457598 ], [ -7886957.523, -3502510.23030000180006 ], [ -7886986.357999999076128, -3502559.098200000822544 ], [ -7887029.101700000464916, -3502600.692499998956919 ], [ -7887078.629799999296665, -3502628.080600000917912 ], [ -7887134.715600000694394, -3502627.1699 ], [ -7887190.801599999889731, -3502626.258900001645088 ], [ -7887246.887499999254942, -3502625.347699999809265 ], [ -7887303.313500000163913, -3502645.574799999594688 ], [ -7887359.626299999654293, -3502658.755399998277426 ], [ -7887402.257999999448657, -3502693.302499998360872 ], [ -7887353.636099999770522, -3502722.285399999469519 ], [ -7887280.30629999935627, -3502741.097500000149012 ], [ -7887224.44649999961257, -3502756.101399999111891 ], [ -7887168.473400000482798, -3502764.058699999004602 ], [ -7887112.0471, -3502743.830899998545647 ], [ -7887084.796700000762939, -3502793.610100001096725 ], [ -7887036.060499999672174, -3502815.5456000007689 ], [ -7887000.326999999582767, -3502773.836899999529123 ], [ -7886957.696000000461936, -3502739.28830000013113 ], [ -7886923.321000000461936, -3502782.13459999859333 ], [ -7886867.008099999278784, -3502768.9518 ], [ -7886824.377499999478459, -3502734.402699999511242 ], [ -7886768.064799999818206, -3502721.2195999994874 ], [ -7886718.650000000372529, -3502700.876400001347065 ], [ -7886669.00929999910295, -3502666.440499998629093 ], [ -7886619.594799999147654, -3502646.096900001168251 ], [ -7886563.282700000330806, -3502632.912999998778105 ], [ -7886506.970799999311566, -3502619.728700000792742 ], [ -7886450.658800000324845, -3502606.544199999421835 ], [ -7886394.347100000828505, -3502593.359499998390675 ], [ -7886337.809699999168515, -3502566.08219999819994 ], [ -7886302.07909999974072, -3502524.372099999338388 ], [ -7886280.25730000063777, -3502475.3893 ], [ -7886223.9463, -3502462.203899998217821 ], [ -7886168.086200000718236, -3502477.202799998223782 ], [ -7886111.7752, -3502464.0168999992311 ], [ -7886063.151100000366569, -3502492.9945 ], [ -7886084.972200000658631, -3502541.977800000458956 ], [ -7886106.793400000780821, -3502590.961300000548363 ], [ -7886086.550000000745058, -3502640.624600000679493 ], [ -7886059.295700000599027, -3502690.401299998164177 ], [ -7886010.783399999141693, -3502726.4254 ], [ -7885969.281500000506639, -3502762.336199998855591 ], [ -7885963.171700000762939, -3502818.819899998605251 ], [ -7885921.669600000604987, -3502854.730799999088049 ], [ -7885901.425100000575185, -3502904.394900001585484 ], [ -7885916.347899999469519, -3502960.539700001478195 ], [ -7885881.968699999153614, -3503003.384100001305342 ], [ -7885818.9824, -3503011.449000000953674 ], [ -7885762.669399999082088, -3502998.261100001633167 ], [ -7885706.693900000303984, -3503006.21229999884963 ], [ -7885650.830800000578165, -3503021.209699999541044 ], [ -7885602.091099999845028, -3503043.140299998223782 ], [ -7885545.89049999974668, -3503036.997900001704693 ], [ -7885504.386299999430776, -3503072.90819999948144 ], [ -7885448.297900000587106, -3503073.811799999326468 ], [ -7885398.883600000292063, -3503053.462799999862909 ], [ -7885342.570800000801682, -3503040.272999998182058 ], [ -7885327.6502, -3502984.127099998295307 ], [ -7885271.225400000810623, -3502963.890500001609325 ], [ -7885251.090500000864267, -3503020.600699998438358 ], [ -7885216.821100000292063, -3503070.4901 ], [ -7885196.5735, -3503120.154100000858307 ], [ -7885140.709300000220537, -3503135.149399999529123 ], [ -7885098.081800000742078, -3503100.593299999833107 ], [ -7885069.252399999648333, -3503051.718699999153614 ], [ -7885040.4233, -3503002.844300001859665 ], [ -7884991.009800000116229, -3502982.493900001049042 ], [ -7884955.2820999994874, -3502940.778499998152256 ], [ -7884933.464600000530481, -3502891.791600000113249 ], [ -7884890.838400000706315, -3502857.235399998724461 ], [ -7884841.425699999555945, -3502836.884500000625849 ], [ -7884785.338300000876188, -3502837.785100001841784 ], [ -7884750.95549999922514, -3502880.626299999654293 ], [ -7884702.214600000530481, -3502902.553300000727177 ], [ -7884713.570699999108911, -3502955.232599999755621 ], [ -7884714.466399999335408, -3503011.604400001466274 ], [ -7884722.373199999332428, -3503067.863800000399351 ], [ -7884737.291200000792742, -3503124.010899998247623 ], [ -7884745.198100000619888, -3503180.270799998193979 ], [ -7884760.116399999707937, -3503236.418400000780821 ], [ -7884781.933900000527501, -3503285.407000001519918 ], [ -7884803.751599999144673, -3503334.395700000226498 ], [ -7884804.64780000038445, -3503390.769000001251698 ], [ -7884770.263699999079108, -3503433.612100001424551 ], [ -7884743.11460000090301, -3503490.436200000345707 ], [ -7884680.2368, -3503505.542500000447035 ], [ -7884631.717299999669194, -3503541.563999999314547 ], [ -7884618.590099999681115, -3503598.163199998438358 ], [ -7884612.474199999123812, -3503654.650199998170137 ], [ -7884563.8421, -3503683.624899998307228 ], [ -7884507.974500000476837, -3503698.6184 ], [ -7884452.106799999251962, -3503713.6114999987185 ], [ -7884460.013000000268221, -3503769.874099999666214 ], [ -7884495.741599999368191, -3503811.593499999493361 ], [ -7884524.570699999108911, -3503860.472199998795986 ], [ -7884539.488900000229478, -3503916.623100001364946 ], [ -7884505.10249999910593, -3503959.467199999839067 ], [ -7884498.985999999567866, -3504015.955800000578165 ], [ -7884436.105399999767542, -3504031.061799999326468 ], [ -7884380.236099999397993, -3504046.054999999701977 ], [ -7884324.478499999269843, -3504068.095199998468161 ], [ -7884261.373800000175834, -3504069.106199998408556 ], [ -7884205.2807, -3504070.004599999636412 ], [ -7884156.646099999547005, -3504098.978799998760223 ], [ -7884100.664599999785423, -3504106.923900000751019 ], [ -7884051.136399999260902, -3504079.520899999886751 ], [ -7883994.931600000709295, -3504073.371399998664856 ], [ -7883946.184900000691414, -3504095.297800000756979 ], [ -7883904.67259999923408, -3504131.206000000238419 ], [ -7883877.4068, -3504180.984499998390675 ], [ -7883843.017400000244379, -3504223.8279 ], [ -7883808.627800000831485, -3504266.671500001102686 ], [ -7883767.114700000733137, -3504302.579700000584126 ], [ -7883718.366699999198318, -3504324.505699999630451 ], [ -7883676.8531, -3504360.414000000804663 ], [ -7883642.462500000372529, -3504403.257599998265505 ], [ -7883600.948599999770522, -3504439.165899999439716 ], [ -7883552.199699999764562, -3504461.091400001198053 ], [ -7883503.562000000849366, -3504490.0641999989748 ], [ -7883447.46680000051856, -3504490.959399998188019 ], [ -7883391.3717, -3504491.854299999773502 ], [ -7883342.7335, -3504520.826499998569489 ], [ -7883293.983799999579787, -3504542.751299999654293 ], [ -7883237.888299999758601, -3504543.645599998533726 ], [ -7883196.3728, -3504579.552999999374151 ], [ -7883204.274299999698997, -3504635.82039999961853 ], [ -7883198.151699999347329, -3504692.311599999666214 ], [ -7883149.512299999594688, -3504721.283599998801947 ], [ -7883086.5152000002563, -3504729.336399998515844 ], [ -7883037.875399999320507, -3504758.3081 ], [ -7883010.604699999094009, -3504808.087200000882149 ], [ -7883069.596300000324845, -3504768.3766999989748 ], [ -7883028.0793999992311, -3504804.284299999475479 ], [ -7882993.796599999070168, -3504854.175200000405312 ], [ -7882987.6732, -3504910.667399998754263 ], [ -7883009.487099999561906, -3504959.665500000119209 ], [ -7882982.216099999845028, -3505009.44539999961853 ], [ -7882954.94480000063777, -3505059.225400000810623 ], [ -7882920.550000000745058, -3505102.069600000977516 ], [ -7882907.413899999111891, -3505158.674400001764297 ], [ -7882887.15430000051856, -3505208.343299999833107 ], [ -7882881.030200000852346, -3505264.836800001561642 ], [ -7882867.893799999728799, -3505321.442299999296665 ], [ -7882861.7697, -3505377.936500001698732 ], [ -7882862.6579, -3505434.319200001657009 ], [ -7882884.472400000318885, -3505483.319499999284744 ], [ -7882892.373299999162555, -3505539.5912000015378 ], [ -7882900.274299999698997, -3505595.863099999725819 ], [ -7882915.187899999320507, -3505652.023499999195337 ], [ -7882923.088899999856949, -3505708.295800000429153 ], [ -7882923.97749999910593, -3505764.680100001394749 ], [ -7882903.717199999839067, -3505814.351300001144409 ], [ -7882890.580399999395013, -3505870.959199998527765 ], [ -7882856.183299999684095, -3505913.806000001728535 ], [ -7882807.538499999791384, -3505942.779599998146296 ], [ -7882744.646099999547005, -3505957.879900000989437 ], [ -7882695.890000000596046, -3505979.80519999936223 ], [ -7882647.133600000292063, -3506001.730200000107288 ], [ -7882591.1425, -3506009.670200001448393 ], [ -7882535.0406, -3506010.561700001358986 ], [ -7882479.0493, -3506018.501299999654293 ], [ -7882423.168800000101328, -3506033.488800000399351 ], [ -7882381.646199999377131, -3506069.397999998182058 ], [ -7882332.888900000602007, -3506091.32209999859333 ], [ -7882277.00789999961853, -3506106.309000000357628 ], [ -7882213.8926, -3506107.310499999672174 ], [ -7882157.90059999935329, -3506115.248700000345707 ], [ -7882116.376900000497699, -3506151.157200001180172 ], [ -7882067.618899999186397, -3506173.080400001257658 ], [ -7882018.860600000247359, -3506195.003499999642372 ], [ -7881970.212799999862909, -3506223.974700000137091 ], [ -7881949.948000000789762, -3506273.64640000090003 ], [ -7881950.832499999552965, -3506330.033399999141693 ], [ -7881965.742900000885129, -3506386.198399998247623 ], [ -7881980.6535, -3506442.363400001078844 ], [ -7882002.577299999073148, -3506498.417700000107288 ], [ -7882031.403699999675155, -3506547.312399998307228 ], [ -7882067.132799999788404, -3506589.047600001096725 ], [ -7882102.862199999392033, -3506630.782699998468161 ], [ -7882106.430099999532104, -3506680.811099998652935 ], [ -7882100.738800000399351, -3506718.94539999961853 ], [ -7882059.212999999523163, -3506754.855700001120567 ], [ -7882003.2182, -3506762.793600000441074 ], [ -7881982.9527000002563, -3506812.467500001192093 ], [ -7881976.824300000444055, -3506868.967999998480082 ], [ -7881956.558599999174476, -3506918.642200000584126 ], [ -7881992.288599999621511, -3506960.378800000995398 ], [ -7882048.61629999987781, -3506973.586800001561642 ], [ -7882104.943900000303984, -3506986.794599998742342 ], [ -7882147.577199999243021, -3507021.370900001376867 ], [ -7882203.905200000852346, -3507034.578200001269579 ], [ -7882260.011800000444055, -3507033.687800001353025 ], [ -7882316.1184, -3507032.797200001776218 ], [ -7882358.752399999648333, -3507067.3728 ], [ -7882408.289100000634789, -3507094.788199998438358 ], [ -7882457.049900000914931, -3507072.861999999731779 ], [ -7882498.5756, -3507036.949700001627207 ], [ -7882540.1009, -3507001.037200000137091 ], [ -7882567.377699999138713, -3506951.250399999320507 ], [ -7882601.778400000184774, -3506908.400699999183416 ], [ -7882629.054700000211596, -3506858.614100001752377 ], [ -7882670.579, -3506822.7018 ], [ -7882726.462600000202656, -3506807.712200000882149 ], [ -7882782.790200000628829, -3506820.916700001806021 ], [ -7882838.895600000396371, -3506820.023800000548363 ], [ -7882887.6546, -3506798.096500001847744 ], [ -7882954.224199999123812, -3506793.511399999260902 ], [ -7882992.741100000217557, -3506789.372699998319149 ], [ -7883048.846400000154972, -3506788.478900000452995 ], [ -7883104.95160000026226, -3506787.584899999201298 ], [ -7883160.945699999108911, -3506779.6418999992311 ], [ -7883217.050899999216199, -3506778.747400000691414 ], [ -7883258.573300000280142, -3506742.833399999886751 ], [ -7883314.455700000748038, -3506727.841400001198053 ], [ -7883363.213500000536442, -3506705.912399999797344 ], [ -7883397.6108, -3506663.061700001358986 ], [ -7883446.368200000375509, -3506641.132599998265505 ], [ -7883495.014000000432134, -3506612.154899999499321 ], [ -7883550.67259999923408, -3506583.064899999648333 ], [ -7883577.944499999284744, -3506533.277699999511242 ], [ -7883619.465099999681115, -3506497.363299999386072 ], [ -7883660.985400000587106, -3506461.449099998921156 ], [ -7883702.505599999800324, -3506425.534699998795986 ], [ -7883747.1415, -3506364.894900001585484 ], [ -7883781.536599999293685, -3506322.044399999082088 ], [ -7883823.0559, -3506286.129999998956919 ], [ -7883857.4506, -3506243.279500000178814 ], [ -7883891.845000000670552, -3506200.429099999368191 ], [ -7883940.599700000137091, -3506178.499000001698732 ], [ -7883996.478800000622869, -3506163.504700001329184 ], [ -7884037.996899999678135, -3506127.59010000154376 ], [ -7884072.3904, -3506084.739700000733137 ], [ -7884113.90819999948144, -3506048.825100000947714 ], [ -7884148.301300000399351, -3506005.974599998444319 ], [ -7884197.0548, -3505984.0439000017941 ], [ -7884245.8081, -3505962.113099999725819 ], [ -7884294.449400000274181, -3505933.13399999961257 ], [ -7884343.20240000076592, -3505911.2029 ], [ -7884384.718699999153614, -3505875.287999998778105 ], [ -7884433.359400000423193, -3505846.308499999344349 ], [ -7884482.1118, -3505824.377099998295307 ], [ -7884516.502900000661612, -3505781.526500001549721 ], [ -7884536.756899999454618, -3505731.853100001811981 ], [ -7884592.521199999377131, -3505709.808800000697374 ], [ -7884642.056900000199676, -3505737.212699998170137 ], [ -7884677.791799999773502, -3505778.937600001692772 ], [ -7884734.340399999171495, -3505806.228500001132488 ], [ -7884783.092199999839067, -3505784.296 ], [ -7884831.619400000199676, -3505748.267400000244379 ], [ -7884858.884500000625849, -3505698.480999998748302 ], [ -7884886.0373, -3505641.646699998527765 ], [ -7884913.30210000090301, -3505591.860599998384714 ], [ -7884947.579, -3505541.961899999529123 ], [ -7884960.706299999728799, -3505485.353700000792742 ], [ -7885009.456299999728799, -3505463.420899998396635 ], [ -7885038.291400000452995, -3505512.304499998688698 ], [ -7885079.804500000551343, -3505476.388599999248981 ], [ -7885085.918800000101328, -3505419.893399998545647 ], [ -7885141.905300000682473, -3505411.942899998277426 ], [ -7885191.328500000759959, -3505432.29619999974966 ], [ -7885240.0779, -3505410.36259999871254 ], [ -7885232.166899999603629, -3505354.093600001186132 ], [ -7885238.280600000172853, -3505297.598900001496077 ], [ -7885244.394200000911951, -3505241.104400001466274 ], [ -7885229.471000000834465, -3505184.949000000953674 ], [ -7885228.5724, -3505128.568 ], [ -7885277.320599999278784, -3505106.634799998253584 ], [ -7885333.305600000545382, -3505098.683899998664856 ], [ -7885318.38230000063777, -3505042.529100000858307 ], [ -7885282.647600000724196, -3505000.808499999344349 ], [ -7885295.773, -3504944.202399998903275 ], [ -7885294.874199999496341, -3504887.8224 ], [ -7885279.951400000602007, -3504831.668600000441074 ], [ -7885258.129000000655651, -3504782.675200000405312 ], [ -7885236.307, -3504733.68189999833703 ], [ -7885256.556500000879169, -3504684.011599998921156 ], [ -7885255.6579, -3504627.632800001651049 ], [ -7885314.079500000923872, -3504552.676300000399351 ], [ -7885341.340399999171495, -3504502.8935999982059 ], [ -7885312.506699999794364, -3504454.014499999582767 ], [ -7885318.50730000063777, -3504390.476599998772144 ], [ -7885345.767899999395013, -3504340.694600000977516 ], [ -7885387.276399999856949, -3504304.781100001186132 ], [ -7885428.784800000488758, -3504268.867600001394749 ], [ -7885456.044600000604987, -3504219.085900001227856 ], [ -7885469.168600000441074, -3504162.4831000007689 ], [ -7885468.269200000911951, -3504106.106600001454353 ], [ -7885502.652699999511242, -3504063.259500000625849 ], [ -7885558.520500000566244, -3504048.261300001293421 ], [ -7885621.399599999189377, -3504033.149900000542402 ], [ -7885677.379599999636412, -3504025.198100000619888 ], [ -7885733.246899999678135, -3504010.199299998581409 ], [ -7885789.226700000464916, -3504002.247099999338388 ], [ -7885837.9695999994874, -3503980.314100001007318 ], [ -7885879.3629, -3503937.353100001811981 ], [ -7885892.4847999997437, -3503880.751299999654293 ], [ -7885933.990299999713898, -3503844.837499998509884 ], [ -7885982.7324, -3503822.904100000858307 ], [ -7886031.474199999123812, -3503800.970600001513958 ], [ -7886094.351600000634789, -3503785.857200000435114 ], [ -7886150.33, -3503777.903599999845028 ], [ -7886191.721699999645352, -3503734.942499998956919 ], [ -7886233.22580000013113, -3503699.028099998831749 ], [ -7886296.215199999511242, -3503690.96059999987483 ], [ -7886352.30599999986589, -3503690.053100001066923 ], [ -7886408.396800000220537, -3503689.145300000905991 ], [ -7886471.6119, -3503695.170499999076128 ], [ -7886527.9287, -3503708.355799999088049 ], [ -7886584.245500000193715, -3503721.540800001472235 ], [ -7886640.223300000652671, -3503713.585200000554323 ], [ -7886681.725999999791384, -3503677.66950000077486 ], [ -7886731.1447, -3503698.014199998229742 ], [ -7886766.880000000819564, -3503739.726599998772144 ], [ -7886788.819199999794364, -3503795.760099999606609 ], [ -7886782.712899999693036, -3503852.248500000685453 ], [ -7886769.595000000670552, -3503908.850900001823902 ], [ -7886805.3311, -3503950.563799999654293 ], [ -7886861.309800000861287, -3503942.607099998742342 ], [ -7886895.687999999150634, -3503899.756799999624491 ], [ -7886915.92989999987185, -3503850.087400000542402 ], [ -7886957.31900000013411, -3503807.123700000345707 ], [ -7886991.5833, -3503757.227000001817942 ], [ -7886997.575500000268221, -3503693.69200000166893 ], [ -7887017.816600000485778, -3503644.023299999535084 ], [ -7887045.06900000013411, -3503594.240800000727177 ], [ -7887072.321100000292063, -3503544.458599999547005 ], [ -7887128.297800000756979, -3503536.500999998301268 ], [ -7887184.614299999549985, -3503549.683200001716614 ], [ -7887240.704299999400973, -3503548.771800000220537 ], [ -7887303.578600000590086, -3503533.652800001204014 ], [ -7887359.328199999406934, -3503511.60080000013113 ], [ -7887415.304500000551343, -3503503.6418999992311 ], [ -7887471.053600000217557, -3503481.589600000530481 ], [ -7887527.029699999839067, -3503473.630300000309944 ], [ -7887575.540200000628829, -3503437.598400000482798 ], [ -7887595.778799999505281, -3503387.9298 ], [ -7887608.8925, -3503331.329 ], [ -7887650.391200000420213, -3503295.411400001496077 ], [ -7887706.7072, -3503308.591099999845028 ], [ -7887679.458100000396371, -3503358.373700000345707 ], [ -7887659.219799999147654, -3503408.042300000786781 ], [ -7887688.059699999168515, -3503456.911699999123812 ], [ -7887716.899900000542402, -3503505.781300000846386 ], [ -7887752.637800000607967, -3503547.4901 ], [ -7887795.273499999195337, -3503582.037999998778105 ], [ -7887838.023, -3503623.632599998265505 ], [ -7887894.113199999555945, -3503622.718299999833107 ], [ -7887949.975700000301003, -3503607.710299998521805 ], [ -7887977.224300000816584, -3503557.926300000399351 ], [ -7888033.5417, -3503571.104600001126528 ], [ -7888082.96169999986887, -3503591.443799998611212 ], [ -7888124.459799999371171, -3503555.524000000208616 ], [ -7888068.028699999675155, -3503535.299400001764297 ], [ -7888025.392400000244379, -3503500.752500001341105 ], [ -7887969.189200000837445, -3503494.620700001716614 ], [ -7887947.245500000193715, -3503438.590900000184774 ], [ -7887953.3465, -3503382.103900000452995 ], [ -7887959.447599999606609, -3503325.617199998348951 ], [ -7887958.537599999457598, -3503269.245099999010563 ], [ -7887964.638599999248981, -3503212.7588 ], [ -7888013.260700000450015, -3503183.772599998861551 ], [ -7888076.3597999997437, -3503182.743200000375509 ], [ -7888132.220200000330806, -3503167.735100001096725 ], [ -7888159.4671, -3503117.952199999243021 ], [ -7888215.668800000101328, -3503124.083099998533726 ], [ -7888211.633300000801682, -3502440.484499998390675 ], [ -7888140.389000000432134, -3502371.168400000780821 ], [ -7888097.642799999564886, -3502329.578699998557568 ], [ -7888055.010600000619888, -3502295.035000000149012 ], [ -7888005.48200000077486, -3502267.651500001549721 ], [ -7887956.749500000849366, -3502289.589600000530481 ], [ -7887915.254899999126792, -3502325.505199998617172 ], [ -7887888.008400000631809, -3502375.284299999475479 ], [ -7887831.810200000181794, -3502369.152199998497963 ], [ -7887789.064899999648333, -3502327.561500001698732 ], [ -7887767.2379, -3502278.58219999819994 ], [ -7887766.329, -3502222.214499998837709 ], [ -7887730.595000000670552, -3502180.509799998253584 ], [ -7887715.665300000458956, -3502124.370900001376867 ], [ -7887693.839099999517202, -3502075.392299998551607 ], [ -7887637.755699999630451, -3502076.305300001055002 ], [ -7887581.558800000697374, -3502070.1721 ], [ -7887582.46680000051856, -3502126.539200000464916 ], [ -7887583.374900000169873, -3502182.906399998813868 ], [ -7887563.138000000268221, -3502232.570300001651049 ], [ -7887500.38370000012219, -3502254.734700001776218 ], [ -7887480.146500000730157, -3502304.398600000888109 ], [ -7887459.908900000154972, -3502354.062800001353025 ], [ -7887411.402000000700355, -3502390.090999998152256 ], [ -7887355.203700000420213, -3502383.956900000572205 ], [ -7887298.778799999505281, -3502363.730399999767542 ], [ -7887235.796800000593066, -3502371.801699999719858 ], [ -7887186.269400000572205, -3502344.414700001478195 ], [ -7887192.37360000051558, -3502287.932799998670816 ], [ -7887219.622600000351667, -3502238.1554000005126 ], [ -7887232.737099999561906, -3502181.559999998658895 ], [ -7887217.809599999338388, -3502125.420299999415874 ], [ -7887182.077600000426173, -3502083.714400000870228 ], [ -7887139.448599999770522, -3502049.168000001460314 ], [ -7887083.025499999523163, -3502028.940999999642372 ], [ -7887026.942099999636412, -3502029.851300001144409 ], [ -7886978.208699999377131, -3502051.785199999809265 ], [ -7886922.012199999764562, -3502045.649099998176098 ], [ -7886900.18889999948442, -3501996.669300001114607 ], [ -7886899.283900000154972, -3501940.302700001746416 ], [ -7886912.399599999189377, -3501883.708799999207258 ], [ -7886890.5767, -3501834.729499999433756 ], [ -7886855.131699999794364, -3501799.354899998754263 ] ] ] ] } },
{ "type": "Feature", "properties": { "objectid": 13731, "st_area_sh": 32828.7516464, "st_length_": 854.53296249799996, "Nombre": null, "Tipo": "Laguna", "objectid_2": 71, "shape_leng": 607750.25861999998, "dis_elec": 5, "cir_sena": 5, "cod_comuna": 4106, "codregion": 4, "st_area_sh_2": 10115172701.4, "st_length__2": 701236.04761000001, "Region": "Región de Coquimbo", "Comuna": "Vicuña", "Provincia": "Elqui" }, "geometry": { "type": "MultiPolygon", "coordinates": [ [ [ [ -7832667.775699999183416, -3453305.865699999034405 ], [ -7832700.116800000891089, -3453276.021200001239777 ], [ -7832703.1414, -3453227.458999998867512 ], [ -7832731.13880000077188, -3453204.020599998533726 ], [ -7832737.187300000339746, -3453165.243700001388788 ], [ -7832698.404799999669194, -3453154.147900000214577 ], [ -7832700.378599999472499, -3453098.666299998760223 ], [ -7832700.63289999961853, -3453046.671399999409914 ], [ -7832700.240800000727177, -3452994.684300001710653 ], [ -7832630.503000000491738, -3453005.905999999493361 ], [ -7832633.025299999862909, -3453061.911800000816584 ], [ -7832597.382099999114871, -3453079.663100000470877 ], [ -7832563.947799999266863, -3453102.009799998253584 ], [ -7832562.372899999842048, -3453151.709800001233816 ], [ -7832566.569700000807643, -3453206.54109999909997 ], [ -7832600.6064, -3453204.984000001102686 ], [ -7832612.270099999383092, -3453274.747499998658895 ], [ -7832635.60869999974966, -3453304.512299999594688 ], [ -7832667.775699999183416, -3453305.865699999034405 ] ] ] ] } }
]
}
