{"type":"FeatureCollection","name":"geonoxa_tosearch_relaves","crs":{"type":"name","properties":{"name":"urn:ogc:def:crs:OGC:1.3:CRS84"}},"features":[{"type":"Feature","properties":{"familia":"relaves","tipo_objeto":"Relave","id_objeto":"0001-1N","nombre_objeto":"COLLAHUASI","nombre_relave":"COLLAHUASI","titular":"CIA. MINERA DOÑA INES DE COLLAHUASI","empresa":"CIA. MINERA DOÑA INES DE COLLAHUASI","faena":"COLLAHUASI","recurso":"COBRE-MOLIBDENO","comuna":"Pica","tipo_deposito":"EMBALSE","metodo_constructivo":"AGUAS ABAJO","shape_area_m2":17895471.86,"bbox":[-68.60401418,-20.9432343,-68.60401418,-20.9432343],"lat":-20.9432343,"lon":-68.60401418,"nombre_busq":"0001-1N COLLAHUASI CIA. MINERA DOÑA INES DE COLLAHUASI COBRE-MOLIBDENO Pica EMBALSE AGUAS ABAJO","source_file":"geonoxa_relaves_panel.geojson"},"geometry":{"type":"Point","coordinates":[-68.60401418,-20.9432343]}},{"type":"Feature","properties":{"familia":"relaves","tipo_objeto":"Relave","id_objeto":"0002-1N","nombre_objeto":"LA DIAMANTINA","nombre_relave":"LA DIAMANTINA","titular":"DESCONOCIDO","empresa":"DESCONOCIDO","faena":"LA DIAMANTINA","recurso":"COBRE","comuna":"Pozo Almonte","tipo_deposito":"TRANQUE DE RELAVE","metodo_constructivo":"","shape_area_m2":1499.600552,"bbox":[-69.69016352,-20.60911586,-69.69016352,-20.60911586],"lat":-20.60911586,"lon":-69.69016352,"nombre_busq":"0002-1N LA DIAMANTINA DESCONOCIDO COBRE Pozo Almonte TRANQUE DE RELAVE","source_file":"geonoxa_relaves_panel.geojson"},"geometry":{"type":"Point","coordinates":[-69.69016352,-20.60911586]}},{"type":"Feature","properties":{"familia":"relaves","tipo_objeto":"Relave","id_objeto":"0003-1N","nombre_objeto":"PIRQUINEROS DE CHOJA","nombre_relave":"PIRQUINEROS DE CHOJA","titular":"ENAMI","empresa":"ENAMI","faena":"PIRQUINEROS DE CHOJA","recurso":"ORO","comuna":"Pica","tipo_deposito":"EMBALSE","metodo_constructivo":"","shape_area_m2":193.7341673,"bbox":[-68.87800544,-21.06457807,-68.87800544,-21.06457807],"lat":-21.06457807,"lon":-68.87800544,"nombre_busq":"0003-1N PIRQUINEROS DE CHOJA ENAMI ORO Pica EMBALSE","source_file":"geonoxa_relaves_panel.geojson"},"geometry":{"type":"Point","coordinates":[-68.87800544,-21.06457807]}},{"type":"Feature","properties":{"familia":"relaves","tipo_objeto":"Relave","id_objeto":"0004-1N","nombre_objeto":"PIRQUINEROS DE CHOJA","nombre_relave":"PIRQUINEROS DE CHOJA","titular":"ENAMI","empresa":"ENAMI","faena":"PIRQUINEROS DE CHOJA","recurso":"ORO","comuna":"Pica","tipo_deposito":"TRANQUE DE RELAVE","metodo_constructivo":"","shape_area_m2":109.0208736,"bbox":[-68.87786176,-21.06454609,-68.87786176,-21.06454609],"lat":-21.06454609,"lon":-68.87786176,"nombre_busq":"0004-1N PIRQUINEROS DE CHOJA ENAMI ORO Pica TRANQUE DE RELAVE","source_file":"geonoxa_relaves_panel.geojson"},"geometry":{"type":"Point","coordinates":[-68.87786176,-21.06454609]}},{"type":"Feature","properties":{"familia":"relaves","tipo_objeto":"Relave","id_objeto":"0005-1N","nombre_objeto":"PIRQUINEROS DE CHOJA","nombre_relave":"PIRQUINEROS DE CHOJA","titular":"ENAMI","empresa":"ENAMI","faena":"PIRQUINEROS DE CHOJA","recurso":"ORO","comuna":"Pica","tipo_deposito":"TRANQUE DE RELAVE","metodo_constructivo":"","shape_area_m2":377.142505,"bbox":[-68.87761868,-21.06457268,-68.87761868,-21.06457268],"lat":-21.06457268,"lon":-68.87761868,"nombre_busq":"0005-1N PIRQUINEROS DE CHOJA ENAMI ORO Pica TRANQUE DE RELAVE","source_file":"geonoxa_relaves_panel.geojson"},"geometry":{"type":"Point","coordinates":[-68.87761868,-21.06457268]}},{"type":"Feature","properties":{"familia":"relaves","tipo_objeto":"Relave","id_objeto":"0006-2N","nombre_objeto":"PLANTA JOSE ANTONIO MORENO","nombre_relave":"PLANTA JOSE ANTONIO MORENO","titular":"ENAMI","empresa":"ENAMI","faena":"PLANTA JOSE ANTONIO MORENO","recurso":"COBRE","comuna":"Taltal","tipo_deposito":"TRANQUE DE RELAVE","metodo_constructivo":"","shape_area_m2":179250.7845,"bbox":[-70.45628997,-25.38802076,-70.45628997,-25.38802076],"lat":-25.38802076,"lon":-70.45628997,"nombre_busq":"0006-2N PLANTA JOSE ANTONIO MORENO ENAMI COBRE Taltal TRANQUE DE RELAVE","source_file":"geonoxa_relaves_panel.geojson"},"geometry":{"type":"Point","coordinates":[-70.45628997,-25.38802076]}},{"type":"Feature","properties":{"familia":"relaves","tipo_objeto":"Relave","id_objeto":"0007-2N","nombre_objeto":"PLANTA JOSE ANTONIO MORENO","nombre_relave":"PLANTA JOSE ANTONIO MORENO","titular":"ENAMI","empresa":"ENAMI","faena":"PLANTA JOSE ANTONIO MORENO","recurso":"COBRE","comuna":"Taltal","tipo_deposito":"EMBALSE","metodo_constructivo":"EXCAVACION TERRENO","shape_area_m2":24063.309,"bbox":[-70.45435745,-25.38913714,-70.45435745,-25.38913714],"lat":-25.38913714,"lon":-70.45435745,"nombre_busq":"0007-2N PLANTA JOSE ANTONIO MORENO ENAMI COBRE Taltal EMBALSE EXCAVACION TERRENO","source_file":"geonoxa_relaves_panel.geojson"},"geometry":{"type":"Point","coordinates":[-70.45435745,-25.38913714]}},{"type":"Feature","properties":{"familia":"relaves","tipo_objeto":"Relave","id_objeto":"0008-2N","nombre_objeto":"PLANTA JOSE ANTONIO MORENO","nombre_relave":"PLANTA JOSE ANTONIO MORENO","titular":"ENAMI","empresa":"ENAMI","faena":"PLANTA JOSE ANTONIO MORENO","recurso":"COBRE","comuna":"Taltal","tipo_deposito":"ACOPIO","metodo_constructivo":"NO APLICA","shape_area_m2":6566.257809,"bbox":[-70.47564165,-25.39592727,-70.47564165,-25.39592727],"lat":-25.39592727,"lon":-70.47564165,"nombre_busq":"0008-2N PLANTA JOSE ANTONIO MORENO ENAMI COBRE Taltal ACOPIO NO APLICA","source_file":"geonoxa_relaves_panel.geojson"},"geometry":{"type":"Point","coordinates":[-70.47564165,-25.39592727]}},{"type":"Feature","properties":{"familia":"relaves","tipo_objeto":"Relave","id_objeto":"0009-3N","nombre_objeto":"PLANTA MATTA","nombre_relave":"PLANTA MATTA","titular":"ENAMI","empresa":"ENAMI","faena":"PLANTA MATTA","recurso":"COBRE","comuna":"Copiapó","tipo_deposito":"TRANQUE DE RELAVE","metodo_constructivo":"EJE CENTRAL","shape_area_m2":907988.2906,"bbox":[-70.25336756,-27.40252642,-70.25336756,-27.40252642],"lat":-27.40252642,"lon":-70.25336756,"nombre_busq":"0009-3N PLANTA MATTA ENAMI COBRE Copiapó TRANQUE DE RELAVE EJE CENTRAL","source_file":"geonoxa_relaves_panel.geojson"},"geometry":{"type":"Point","coordinates":[-70.25336756,-27.40252642]}},{"type":"Feature","properties":{"familia":"relaves","tipo_objeto":"Relave","id_objeto":"0010-3N","nombre_objeto":"PLANTA MATTA","nombre_relave":"PLANTA MATTA","titular":"ENAMI","empresa":"ENAMI","faena":"PLANTA MATTA","recurso":"COBRE","comuna":"Copiapó","tipo_deposito":"FILTRADO","metodo_constructivo":"NO APLICA","shape_area_m2":691985.3448,"bbox":[-70.26161128,-27.40480403,-70.26161128,-27.40480403],"lat":-27.40480403,"lon":-70.26161128,"nombre_busq":"0010-3N PLANTA MATTA ENAMI COBRE Copiapó FILTRADO NO APLICA","source_file":"geonoxa_relaves_panel.geojson"},"geometry":{"type":"Point","coordinates":[-70.26161128,-27.40480403]}},{"type":"Feature","properties":{"familia":"relaves","tipo_objeto":"Relave","id_objeto":"0011-3N","nombre_objeto":"PLANTA VALLENAR","nombre_relave":"PLANTA VALLENAR","titular":"ENAMI","empresa":"ENAMI","faena":"PLANTA VALLENAR","recurso":"COBRE","comuna":"Vallenar","tipo_deposito":"TRANQUE DE RELAVE","metodo_constructivo":"AGUAS ABAJO","shape_area_m2":155706.2943,"bbox":[-70.73483734,-28.56499325,-70.73483734,-28.56499325],"lat":-28.56499325,"lon":-70.73483734,"nombre_busq":"0011-3N PLANTA VALLENAR ENAMI COBRE Vallenar TRANQUE DE RELAVE AGUAS ABAJO","source_file":"geonoxa_relaves_panel.geojson"},"geometry":{"type":"Point","coordinates":[-70.73483734,-28.56499325]}},{"type":"Feature","properties":{"familia":"relaves","tipo_objeto":"Relave","id_objeto":"0012-3N","nombre_objeto":"PLANTA MATTA","nombre_relave":"PLANTA MATTA","titular":"ENAMI","empresa":"ENAMI","faena":"PLANTA MATTA","recurso":"COBRE","comuna":"Copiapó","tipo_deposito":"TRANQUE DE RELAVE","metodo_constructivo":"","shape_area_m2":38583.07045,"bbox":[-70.25283414,-27.40879454,-70.25283414,-27.40879454],"lat":-27.40879454,"lon":-70.25283414,"nombre_busq":"0012-3N PLANTA MATTA ENAMI COBRE Copiapó TRANQUE DE RELAVE","source_file":"geonoxa_relaves_panel.geojson"},"geometry":{"type":"Point","coordinates":[-70.25283414,-27.40879454]}},{"type":"Feature","properties":{"familia":"relaves","tipo_objeto":"Relave","id_objeto":"0013-3N","nombre_objeto":"PLANTA MATTA","nombre_relave":"PLANTA MATTA","titular":"ENAMI","empresa":"ENAMI","faena":"PLANTA MATTA","recurso":"COBRE","comuna":"Copiapó","tipo_deposito":"TRANQUE DE RELAVE","metodo_constructivo":"","shape_area_m2":135258.0774,"bbox":[-70.25427263,-27.41122093,-70.25427263,-27.41122093],"lat":-27.41122093,"lon":-70.25427263,"nombre_busq":"0013-3N PLANTA MATTA ENAMI COBRE Copiapó TRANQUE DE RELAVE","source_file":"geonoxa_relaves_panel.geojson"},"geometry":{"type":"Point","coordinates":[-70.25427263,-27.41122093]}},{"type":"Feature","properties":{"familia":"relaves","tipo_objeto":"Relave","id_objeto":"0014-3N","nombre_objeto":"EL SALADO","nombre_relave":"EL SALADO","titular":"ENAMI","empresa":"ENAMI","faena":"EL SALADO","recurso":"COBRE-ORO","comuna":"Chañaral","tipo_deposito":"TRANQUE DE RELAVE","metodo_constructivo":"","shape_area_m2":46634.50702,"bbox":[-70.3335714,-26.41556074,-70.3335714,-26.41556074],"lat":-26.41556074,"lon":-70.3335714,"nombre_busq":"0014-3N EL SALADO ENAMI COBRE-ORO Chañaral TRANQUE DE RELAVE","source_file":"geonoxa_relaves_panel.geojson"},"geometry":{"type":"Point","coordinates":[-70.3335714,-26.41556074]}},{"type":"Feature","properties":{"familia":"relaves","tipo_objeto":"Relave","id_objeto":"0015-3N","nombre_objeto":"PLANTA VALLENAR","nombre_relave":"PLANTA VALLENAR","titular":"ENAMI","empresa":"ENAMI","faena":"PLANTA VALLENAR","recurso":"COBRE","comuna":"Vallenar","tipo_deposito":"TRANQUE DE RELAVE","metodo_constructivo":"AGUAS ABAJO","shape_area_m2":96845.14226,"bbox":[-70.7426187,-28.56203938,-70.7426187,-28.56203938],"lat":-28.56203938,"lon":-70.7426187,"nombre_busq":"0015-3N PLANTA VALLENAR ENAMI COBRE Vallenar TRANQUE DE RELAVE AGUAS ABAJO","source_file":"geonoxa_relaves_panel.geojson"},"geometry":{"type":"Point","coordinates":[-70.7426187,-28.56203938]}},{"type":"Feature","properties":{"familia":"relaves","tipo_objeto":"Relave","id_objeto":"0016-3N","nombre_objeto":"PLANTA VALLENAR","nombre_relave":"PLANTA VALLENAR","titular":"ENAMI","empresa":"ENAMI","faena":"PLANTA VALLENAR","recurso":"COBRE","comuna":"Vallenar","tipo_deposito":"TRANQUE DE RELAVE","metodo_constructivo":"AGUAS ABAJO","shape_area_m2":88021.14074,"bbox":[-70.73903752,-28.56344499,-70.73903752,-28.56344499],"lat":-28.56344499,"lon":-70.73903752,"nombre_busq":"0016-3N PLANTA VALLENAR ENAMI COBRE Vallenar TRANQUE DE RELAVE AGUAS ABAJO","source_file":"geonoxa_relaves_panel.geojson"},"geometry":{"type":"Point","coordinates":[-70.73903752,-28.56344499]}},{"type":"Feature","properties":{"familia":"relaves","tipo_objeto":"Relave","id_objeto":"0017-3N","nombre_objeto":"PLANTA VALLENAR","nombre_relave":"PLANTA VALLENAR","titular":"ENAMI","empresa":"ENAMI","faena":"PLANTA VALLENAR","recurso":"COBRE","comuna":"Vallenar","tipo_deposito":"ESPESADO","metodo_constructivo":"AGUAS ABAJO","shape_area_m2":117191.5111,"bbox":[-70.74308977,-28.55740867,-70.74308977,-28.55740867],"lat":-28.55740867,"lon":-70.74308977,"nombre_busq":"0017-3N PLANTA VALLENAR ENAMI COBRE Vallenar ESPESADO AGUAS ABAJO","source_file":"geonoxa_relaves_panel.geojson"},"geometry":{"type":"Point","coordinates":[-70.74308977,-28.55740867]}},{"type":"Feature","properties":{"familia":"relaves","tipo_objeto":"Relave","id_objeto":"0018-4N","nombre_objeto":"FAENA DELTA","nombre_relave":"FAENA DELTA","titular":"ENAMI","empresa":"ENAMI","faena":"FAENA DELTA","recurso":"COBRE","comuna":"Ovalle","tipo_deposito":"ESPESADO","metodo_constructivo":"NO APLICA","shape_area_m2":1001746.83,"bbox":[-71.22812158,-30.5086341,-71.22812158,-30.5086341],"lat":-30.5086341,"lon":-71.22812158,"nombre_busq":"0018-4N FAENA DELTA ENAMI COBRE Ovalle ESPESADO NO APLICA","source_file":"geonoxa_relaves_panel.geojson"},"geometry":{"type":"Point","coordinates":[-71.22812158,-30.5086341]}},{"type":"Feature","properties":{"familia":"relaves","tipo_objeto":"Relave","id_objeto":"0019-4N","nombre_objeto":"PLANTA OVALLE","nombre_relave":"PLANTA OVALLE","titular":"ENAMI","empresa":"ENAMI","faena":"PLANTA OVALLE","recurso":"COBRE-ORO","comuna":"Ovalle","tipo_deposito":"TRANQUE DE RELAVE","metodo_constructivo":"","shape_area_m2":32215.669,"bbox":[-71.17563528,-30.54914663,-71.17563528,-30.54914663],"lat":-30.54914663,"lon":-71.17563528,"nombre_busq":"0019-4N PLANTA OVALLE ENAMI COBRE-ORO Ovalle TRANQUE DE RELAVE","source_file":"geonoxa_relaves_panel.geojson"},"geometry":{"type":"Point","coordinates":[-71.17563528,-30.54914663]}},{"type":"Feature","properties":{"familia":"relaves","tipo_objeto":"Relave","id_objeto":"0020-4N","nombre_objeto":"PLANTA OVALLE","nombre_relave":"PLANTA OVALLE","titular":"ENAMI","empresa":"ENAMI","faena":"PLANTA OVALLE","recurso":"COBRE-ORO","comuna":"Ovalle","tipo_deposito":"TRANQUE DE RELAVE","metodo_constructivo":"","shape_area_m2":53905.27798,"bbox":[-71.17760274,-30.55135009,-71.17760274,-30.55135009],"lat":-30.55135009,"lon":-71.17760274,"nombre_busq":"0020-4N PLANTA OVALLE ENAMI COBRE-ORO Ovalle TRANQUE DE RELAVE","source_file":"geonoxa_relaves_panel.geojson"},"geometry":{"type":"Point","coordinates":[-71.17760274,-30.55135009]}},{"type":"Feature","properties":{"familia":"relaves","tipo_objeto":"Relave","id_objeto":"0021-4N","nombre_objeto":"PLANTA OVALLE","nombre_relave":"PLANTA OVALLE","titular":"ENAMI","empresa":"ENAMI","faena":"PLANTA OVALLE","recurso":"COBRE-ORO","comuna":"Ovalle","tipo_deposito":"EMBALSE","metodo_constructivo":"","shape_area_m2":81769.90864,"bbox":[-71.17899338,-30.55387639,-71.17899338,-30.55387639],"lat":-30.55387639,"lon":-71.17899338,"nombre_busq":"0021-4N PLANTA OVALLE ENAMI COBRE-ORO Ovalle EMBALSE","source_file":"geonoxa_relaves_panel.geojson"},"geometry":{"type":"Point","coordinates":[-71.17899338,-30.55387639]}},{"type":"Feature","properties":{"familia":"relaves","tipo_objeto":"Relave","id_objeto":"0022-1N","nombre_objeto":"QUEBRADA BLANCA","nombre_relave":"QUEBRADA BLANCA","titular":"CIA. MINERA TECK QUEBRADA BLANCA","empresa":"CIA. MINERA TECK QUEBRADA BLANCA","faena":"QUEBRADA BLANCA","recurso":"COBRE","comuna":"Pica","tipo_deposito":"TRANQUE DE RELAVE","metodo_constructivo":"EJE CENTRAL","shape_area_m2":841055.5818,"bbox":[-68.84773161,-21.05444688,-68.84773161,-21.05444688],"lat":-21.05444688,"lon":-68.84773161,"nombre_busq":"0022-1N QUEBRADA BLANCA CIA. MINERA TECK QUEBRADA BLANCA COBRE Pica TRANQUE DE RELAVE EJE CENTRAL","source_file":"geonoxa_relaves_panel.geojson"},"geometry":{"type":"Point","coordinates":[-68.84773161,-21.05444688]}},{"type":"Feature","properties":{"familia":"relaves","tipo_objeto":"Relave","id_objeto":"0023-4N","nombre_objeto":"TECK-CDA","nombre_relave":"TECK-CDA","titular":"CIA. MINERA TECK CDA","empresa":"CIA. MINERA TECK CDA","faena":"TECK-CDA","recurso":"COBRE","comuna":"Andacollo","tipo_deposito":"EMBALSE","metodo_constructivo":"AGUAS ABAJO","shape_area_m2":4678263.502,"bbox":[-71.10575468,-30.27133585,-71.10575468,-30.27133585],"lat":-30.27133585,"lon":-71.10575468,"nombre_busq":"0023-4N TECK-CDA CIA. MINERA TECK CDA COBRE Andacollo EMBALSE AGUAS ABAJO","source_file":"geonoxa_relaves_panel.geojson"},"geometry":{"type":"Point","coordinates":[-71.10575468,-30.27133585]}},{"type":"Feature","properties":{"familia":"relaves","tipo_objeto":"Relave","id_objeto":"0024-2N","nombre_objeto":"MANTOS BLANCOS","nombre_relave":"MANTOS BLANCOS","titular":"MANTOS COPPER","empresa":"MANTOS COPPER","faena":"MANTOS BLANCOS","recurso":"COBRE","comuna":"Antofagasta","tipo_deposito":"TRANQUE DE RELAVE","metodo_constructivo":"","shape_area_m2":754496.7478,"bbox":[-70.04574472,-23.44270704,-70.04574472,-23.44270704],"lat":-23.44270704,"lon":-70.04574472,"nombre_busq":"0024-2N MANTOS BLANCOS MANTOS COPPER COBRE Antofagasta TRANQUE DE RELAVE","source_file":"geonoxa_relaves_panel.geojson"},"geometry":{"type":"Point","coordinates":[-70.04574472,-23.44270704]}},{"type":"Feature","properties":{"familia":"relaves","tipo_objeto":"Relave","id_objeto":"0025-2N","nombre_objeto":"MANTOS BLANCOS","nombre_relave":"MANTOS BLANCOS","titular":"MANTOS COPPER","empresa":"MANTOS COPPER","faena":"MANTOS BLANCOS","recurso":"COBRE","comuna":"Antofagasta","tipo_deposito":"FILTRADO","metodo_constructivo":"NO APLICA","shape_area_m2":635395.9816,"bbox":[-70.05626323,-23.44444578,-70.05626323,-23.44444578],"lat":-23.44444578,"lon":-70.05626323,"nombre_busq":"0025-2N MANTOS BLANCOS MANTOS COPPER COBRE Antofagasta FILTRADO NO APLICA","source_file":"geonoxa_relaves_panel.geojson"},"geometry":{"type":"Point","coordinates":[-70.05626323,-23.44444578]}},{"type":"Feature","properties":{"familia":"relaves","tipo_objeto":"Relave","id_objeto":"0026-2N","nombre_objeto":"MANTOS BLANCOS","nombre_relave":"MANTOS BLANCOS","titular":"MANTOS COPPER","empresa":"MANTOS COPPER","faena":"MANTOS BLANCOS","recurso":"COBRE","comuna":"Antofagasta","tipo_deposito":"FILTRADO","metodo_constructivo":"NO APLICA","shape_area_m2":300430.9393,"bbox":[-70.09201865,-23.43343288,-70.09201865,-23.43343288],"lat":-23.43343288,"lon":-70.09201865,"nombre_busq":"0026-2N MANTOS BLANCOS MANTOS COPPER COBRE Antofagasta FILTRADO NO APLICA","source_file":"geonoxa_relaves_panel.geojson"},"geometry":{"type":"Point","coordinates":[-70.09201865,-23.43343288]}},{"type":"Feature","properties":{"familia":"relaves","tipo_objeto":"Relave","id_objeto":"0027-3N","nombre_objeto":"MANTOVERDE","nombre_relave":"MANTOVERDE","titular":"CAPSTONE COPPER","empresa":"CAPSTONE COPPER","faena":"MANTOVERDE","recurso":"COBRE","comuna":"Chañaral","tipo_deposito":"TRANQUE DE RELAVE","metodo_constructivo":"EJE CENTRAL","shape_area_m2":2516500.103,"bbox":[-70.36380796,-26.5630622,-70.36380796,-26.5630622],"lat":-26.5630622,"lon":-70.36380796,"nombre_busq":"0027-3N MANTOVERDE CAPSTONE COPPER COBRE Chañaral TRANQUE DE RELAVE EJE CENTRAL","source_file":"geonoxa_relaves_panel.geojson"},"geometry":{"type":"Point","coordinates":[-70.36380796,-26.5630622]}},{"type":"Feature","properties":{"familia":"relaves","tipo_objeto":"Relave","id_objeto":"0028-2N","nombre_objeto":"MINERA CRISTAL LIMITADA","nombre_relave":"MINERA CRISTAL LIMITADA","titular":"MINERA CRISTAL LIMITADA","empresa":"MINERA CRISTAL LIMITADA","faena":"MINERA CRISTAL LIMITADA","recurso":"COBRE","comuna":"Calama","tipo_deposito":"EMBALSE","metodo_constructivo":"AGUAS ABAJO","shape_area_m2":13247.29551,"bbox":[-68.43530645,-22.53936396,-68.43530645,-22.53936396],"lat":-22.53936396,"lon":-68.43530645,"nombre_busq":"0028-2N MINERA CRISTAL LIMITADA MINERA CRISTAL LIMITADA COBRE Calama EMBALSE AGUAS ABAJO","source_file":"geonoxa_relaves_panel.geojson"},"geometry":{"type":"Point","coordinates":[-68.43530645,-22.53936396]}},{"type":"Feature","properties":{"familia":"relaves","tipo_objeto":"Relave","id_objeto":"0029-2N","nombre_objeto":"ESCONDIDA","nombre_relave":"ESCONDIDA","titular":"MINERA ESCONDIDA LTDA.","empresa":"MINERA ESCONDIDA LTDA.","faena":"ESCONDIDA","recurso":"COBRE","comuna":"Antofagasta","tipo_deposito":"EMBALSE","metodo_constructivo":"NO APLICA","shape_area_m2":25152.25876,"bbox":[-69.06809147,-24.34069755,-69.06809147,-24.34069755],"lat":-24.34069755,"lon":-69.06809147,"nombre_busq":"0029-2N ESCONDIDA MINERA ESCONDIDA LTDA. COBRE Antofagasta EMBALSE NO APLICA","source_file":"geonoxa_relaves_panel.geojson"},"geometry":{"type":"Point","coordinates":[-69.06809147,-24.34069755]}},{"type":"Feature","properties":{"familia":"relaves","tipo_objeto":"Relave","id_objeto":"0030-2N","nombre_objeto":"ESCONDIDA","nombre_relave":"ESCONDIDA","titular":"MINERA ESCONDIDA LTDA.","empresa":"MINERA ESCONDIDA LTDA.","faena":"ESCONDIDA","recurso":"COBRE","comuna":"Antofagasta","tipo_deposito":"EMBALSE","metodo_constructivo":"AGUAS ABAJO","shape_area_m2":61325387.51,"bbox":[-69.12065542,-24.41856794,-69.12065542,-24.41856794],"lat":-24.41856794,"lon":-69.12065542,"nombre_busq":"0030-2N ESCONDIDA MINERA ESCONDIDA LTDA. COBRE Antofagasta EMBALSE AGUAS ABAJO","source_file":"geonoxa_relaves_panel.geojson"},"geometry":{"type":"Point","coordinates":[-69.12065542,-24.41856794]}},{"type":"Feature","properties":{"familia":"relaves","tipo_objeto":"Relave","id_objeto":"0031-2N","nombre_objeto":"ESCONDIDA","nombre_relave":"ESCONDIDA","titular":"MINERA ESCONDIDA LTDA.","empresa":"MINERA ESCONDIDA LTDA.","faena":"ESCONDIDA","recurso":"COBRE","comuna":"Antofagasta","tipo_deposito":"TRANQUE DE RELAVE","metodo_constructivo":"","shape_area_m2":6343941.502,"bbox":[-69.05018998,-24.29633875,-69.05018998,-24.29633875],"lat":-24.29633875,"lon":-69.05018998,"nombre_busq":"0031-2N ESCONDIDA MINERA ESCONDIDA LTDA. COBRE Antofagasta TRANQUE DE RELAVE","source_file":"geonoxa_relaves_panel.geojson"},"geometry":{"type":"Point","coordinates":[-69.05018998,-24.29633875]}},{"type":"Feature","properties":{"familia":"relaves","tipo_objeto":"Relave","id_objeto":"0032-2N","nombre_objeto":"ESCONDIDA","nombre_relave":"ESCONDIDA","titular":"MINERA ESCONDIDA LTDA.","empresa":"MINERA ESCONDIDA LTDA.","faena":"ESCONDIDA","recurso":"COBRE","comuna":"Antofagasta","tipo_deposito":"FILTRADO","metodo_constructivo":"NO APLICA","shape_area_m2":15019.96751,"bbox":[-69.08531529,-24.35821898,-69.08531529,-24.35821898],"lat":-24.35821898,"lon":-69.08531529,"nombre_busq":"0032-2N ESCONDIDA MINERA ESCONDIDA LTDA. COBRE Antofagasta FILTRADO NO APLICA","source_file":"geonoxa_relaves_panel.geojson"},"geometry":{"type":"Point","coordinates":[-69.08531529,-24.35821898]}},{"type":"Feature","properties":{"familia":"relaves","tipo_objeto":"Relave","id_objeto":"0033-2N","nombre_objeto":"PLANTA CALLEJAS ZAMORA","nombre_relave":"PLANTA CALLEJAS ZAMORA","titular":"CIA. MINERA CERRO DOMINADOR","empresa":"CIA. MINERA CERRO DOMINADOR","faena":"PLANTA CALLEJAS ZAMORA","recurso":"COBRE","comuna":"Sierra Gorda","tipo_deposito":"TRANQUE DE RELAVE","metodo_constructivo":"","shape_area_m2":12080.59273,"bbox":[-69.39106342,-22.80800285,-69.39106342,-22.80800285],"lat":-22.80800285,"lon":-69.39106342,"nombre_busq":"0033-2N PLANTA CALLEJAS ZAMORA CIA. MINERA CERRO DOMINADOR COBRE Sierra Gorda TRANQUE DE RELAVE","source_file":"geonoxa_relaves_panel.geojson"},"geometry":{"type":"Point","coordinates":[-69.39106342,-22.80800285]}},{"type":"Feature","properties":{"familia":"relaves","tipo_objeto":"Relave","id_objeto":"0034-2N","nombre_objeto":"PLANTA CALLEJAS ZAMORA","nombre_relave":"PLANTA CALLEJAS ZAMORA","titular":"CIA. MINERA CERRO DOMINADOR","empresa":"CIA. MINERA CERRO DOMINADOR","faena":"PLANTA CALLEJAS ZAMORA","recurso":"COBRE","comuna":"Sierra Gorda","tipo_deposito":"EMBALSE","metodo_constructivo":"NO APLICA","shape_area_m2":21324.29891,"bbox":[-69.39555573,-22.81011885,-69.39555573,-22.81011885],"lat":-22.81011885,"lon":-69.39555573,"nombre_busq":"0034-2N PLANTA CALLEJAS ZAMORA CIA. MINERA CERRO DOMINADOR COBRE Sierra Gorda EMBALSE NO APLICA","source_file":"geonoxa_relaves_panel.geojson"},"geometry":{"type":"Point","coordinates":[-69.39555573,-22.81011885]}},{"type":"Feature","properties":{"familia":"relaves","tipo_objeto":"Relave","id_objeto":"0035-2N","nombre_objeto":"PLANTA CALLEJAS ZAMORA","nombre_relave":"PLANTA CALLEJAS ZAMORA","titular":"CIA. MINERA CERRO DOMINADOR","empresa":"CIA. MINERA CERRO DOMINADOR","faena":"PLANTA CALLEJAS ZAMORA","recurso":"COBRE","comuna":"Sierra Gorda","tipo_deposito":"EMBALSE","metodo_constructivo":"NO APLICA","shape_area_m2":32959.34922,"bbox":[-69.39727477,-22.81096099,-69.39727477,-22.81096099],"lat":-22.81096099,"lon":-69.39727477,"nombre_busq":"0035-2N PLANTA CALLEJAS ZAMORA CIA. MINERA CERRO DOMINADOR COBRE Sierra Gorda EMBALSE NO APLICA","source_file":"geonoxa_relaves_panel.geojson"},"geometry":{"type":"Point","coordinates":[-69.39727477,-22.81096099]}},{"type":"Feature","properties":{"familia":"relaves","tipo_objeto":"Relave","id_objeto":"0036-2N","nombre_objeto":"PLANTA CALLEJAS ZAMORA","nombre_relave":"PLANTA CALLEJAS ZAMORA","titular":"CIA. MINERA CERRO DOMINADOR","empresa":"CIA. MINERA CERRO DOMINADOR","faena":"PLANTA CALLEJAS ZAMORA","recurso":"COBRE","comuna":"Sierra Gorda","tipo_deposito":"EMBALSE","metodo_constructivo":"NO APLICA","shape_area_m2":35025.16927,"bbox":[-69.39190746,-22.81043867,-69.39190746,-22.81043867],"lat":-22.81043867,"lon":-69.39190746,"nombre_busq":"0036-2N PLANTA CALLEJAS ZAMORA CIA. MINERA CERRO DOMINADOR COBRE Sierra Gorda EMBALSE NO APLICA","source_file":"geonoxa_relaves_panel.geojson"},"geometry":{"type":"Point","coordinates":[-69.39190746,-22.81043867]}},{"type":"Feature","properties":{"familia":"relaves","tipo_objeto":"Relave","id_objeto":"0037-2N","nombre_objeto":"PLANTA CALLEJAS ZAMORA","nombre_relave":"PLANTA CALLEJAS ZAMORA","titular":"CIA. MINERA CERRO DOMINADOR","empresa":"CIA. MINERA CERRO DOMINADOR","faena":"PLANTA CALLEJAS ZAMORA","recurso":"COBRE","comuna":"Sierra Gorda","tipo_deposito":"EMBALSE","metodo_constructivo":"NO APLICA","shape_area_m2":9600.075099,"bbox":[-69.39618688,-22.8082187,-69.39618688,-22.8082187],"lat":-22.8082187,"lon":-69.39618688,"nombre_busq":"0037-2N PLANTA CALLEJAS ZAMORA CIA. MINERA CERRO DOMINADOR COBRE Sierra Gorda EMBALSE NO APLICA","source_file":"geonoxa_relaves_panel.geojson"},"geometry":{"type":"Point","coordinates":[-69.39618688,-22.8082187]}},{"type":"Feature","properties":{"familia":"relaves","tipo_objeto":"Relave","id_objeto":"0038-2N","nombre_objeto":"ZALDIVAR","nombre_relave":"ZALDIVAR","titular":"CIA. MINERA ZALDIVAR","empresa":"CIA. MINERA ZALDIVAR","faena":"ZALDIVAR","recurso":"COBRE","comuna":"Antofagasta","tipo_deposito":"EMBALSE","metodo_constructivo":"NO APLICA","shape_area_m2":1615678.171,"bbox":[-69.03879953,-24.17463238,-69.03879953,-24.17463238],"lat":-24.17463238,"lon":-69.03879953,"nombre_busq":"0038-2N ZALDIVAR CIA. MINERA ZALDIVAR COBRE Antofagasta EMBALSE NO APLICA","source_file":"geonoxa_relaves_panel.geojson"},"geometry":{"type":"Point","coordinates":[-69.03879953,-24.17463238]}},{"type":"Feature","properties":{"familia":"relaves","tipo_objeto":"Relave","id_objeto":"0039-2N","nombre_objeto":"FAENA ALTONORTE","nombre_relave":"FAENA ALTONORTE","titular":"ALTONORTE","empresa":"ALTONORTE","faena":"FAENA ALTONORTE","recurso":"COBRE","comuna":"Antofagasta","tipo_deposito":"EMBALSE","metodo_constructivo":"AGUAS ABAJO","shape_area_m2":552253.0402,"bbox":[-70.34511911,-23.80628984,-70.34511911,-23.80628984],"lat":-23.80628984,"lon":-70.34511911,"nombre_busq":"0039-2N FAENA ALTONORTE ALTONORTE COBRE Antofagasta EMBALSE AGUAS ABAJO","source_file":"geonoxa_relaves_panel.geojson"},"geometry":{"type":"Point","coordinates":[-70.34511911,-23.80628984]}},{"type":"Feature","properties":{"familia":"relaves","tipo_objeto":"Relave","id_objeto":"0040-2N","nombre_objeto":"EL PEÑON","nombre_relave":"EL PEÑON","titular":"MINERA MERIDIAN","empresa":"MINERA MERIDIAN","faena":"EL PEÑON","recurso":"ORO","comuna":"Antofagasta","tipo_deposito":"FILTRADO","metodo_constructivo":"NO APLICA","shape_area_m2":270326.7349,"bbox":[-69.49007351,-24.41636233,-69.49007351,-24.41636233],"lat":-24.41636233,"lon":-69.49007351,"nombre_busq":"0040-2N EL PEÑON MINERA MERIDIAN ORO Antofagasta FILTRADO NO APLICA","source_file":"geonoxa_relaves_panel.geojson"},"geometry":{"type":"Point","coordinates":[-69.49007351,-24.41636233]}},{"type":"Feature","properties":{"familia":"relaves","tipo_objeto":"Relave","id_objeto":"0041-2N","nombre_objeto":"EL PEÑON","nombre_relave":"EL PEÑON","titular":"MINERA MERIDIAN","empresa":"MINERA MERIDIAN","faena":"EL PEÑON","recurso":"ORO-PLATA","comuna":"Antofagasta","tipo_deposito":"FILTRADO","metodo_constructivo":"NO APLICA","shape_area_m2":294491.954,"bbox":[-69.48862128,-24.41187756,-69.48862128,-24.41187756],"lat":-24.41187756,"lon":-69.48862128,"nombre_busq":"0041-2N EL PEÑON MINERA MERIDIAN ORO-PLATA Antofagasta FILTRADO NO APLICA","source_file":"geonoxa_relaves_panel.geojson"},"geometry":{"type":"Point","coordinates":[-69.48862128,-24.41187756]}},{"type":"Feature","properties":{"familia":"relaves","tipo_objeto":"Relave","id_objeto":"0042-2N","nombre_objeto":"LOS PIMIENTOS","nombre_relave":"LOS PIMIENTOS","titular":"DESCONOCIDO","empresa":"DESCONOCIDO","faena":"LOS PIMIENTOS","recurso":"COBRE-ORO","comuna":"Taltal","tipo_deposito":"TRANQUE DE RELAVE","metodo_constructivo":"AGUAS ARRIBA","shape_area_m2":3046.945804,"bbox":[-70.00203249,-25.41860048,-70.00203249,-25.41860048],"lat":-25.41860048,"lon":-70.00203249,"nombre_busq":"0042-2N LOS PIMIENTOS DESCONOCIDO COBRE-ORO Taltal TRANQUE DE RELAVE AGUAS ARRIBA","source_file":"geonoxa_relaves_panel.geojson"},"geometry":{"type":"Point","coordinates":[-70.00203249,-25.41860048]}},{"type":"Feature","properties":{"familia":"relaves","tipo_objeto":"Relave","id_objeto":"0043-2N","nombre_objeto":"LOS PIMIENTOS","nombre_relave":"LOS PIMIENTOS","titular":"DESCONOCIDO","empresa":"DESCONOCIDO","faena":"LOS PIMIENTOS","recurso":"COBRE-ORO","comuna":"Taltal","tipo_deposito":"TRANQUE DE RELAVE","metodo_constructivo":"AGUAS ARRIBA","shape_area_m2":1569.410019,"bbox":[-70.00194368,-25.41897159,-70.00194368,-25.41897159],"lat":-25.41897159,"lon":-70.00194368,"nombre_busq":"0043-2N LOS PIMIENTOS DESCONOCIDO COBRE-ORO Taltal TRANQUE DE RELAVE AGUAS ARRIBA","source_file":"geonoxa_relaves_panel.geojson"},"geometry":{"type":"Point","coordinates":[-70.00194368,-25.41897159]}},{"type":"Feature","properties":{"familia":"relaves","tipo_objeto":"Relave","id_objeto":"0044-2N","nombre_objeto":"LOS PIMIENTOS","nombre_relave":"LOS PIMIENTOS","titular":"DESCONOCIDO","empresa":"DESCONOCIDO","faena":"LOS PIMIENTOS","recurso":"COBRE-ORO","comuna":"Taltal","tipo_deposito":"TRANQUE DE RELAVE","metodo_constructivo":"AGUAS ARRIBA","shape_area_m2":3655.63373,"bbox":[-70.00152856,-25.41923531,-70.00152856,-25.41923531],"lat":-25.41923531,"lon":-70.00152856,"nombre_busq":"0044-2N LOS PIMIENTOS DESCONOCIDO COBRE-ORO Taltal TRANQUE DE RELAVE AGUAS ARRIBA","source_file":"geonoxa_relaves_panel.geojson"},"geometry":{"type":"Point","coordinates":[-70.00152856,-25.41923531]}},{"type":"Feature","properties":{"familia":"relaves","tipo_objeto":"Relave","id_objeto":"0045-2N","nombre_objeto":"LOS PIMIENTOS","nombre_relave":"LOS PIMIENTOS","titular":"DESCONOCIDO","empresa":"DESCONOCIDO","faena":"LOS PIMIENTOS","recurso":"COBRE-ORO","comuna":"Taltal","tipo_deposito":"TRANQUE DE RELAVE","metodo_constructivo":"AGUAS ARRIBA","shape_area_m2":1906.312744,"bbox":[-70.00251272,-25.41863356,-70.00251272,-25.41863356],"lat":-25.41863356,"lon":-70.00251272,"nombre_busq":"0045-2N LOS PIMIENTOS DESCONOCIDO COBRE-ORO Taltal TRANQUE DE RELAVE AGUAS ARRIBA","source_file":"geonoxa_relaves_panel.geojson"},"geometry":{"type":"Point","coordinates":[-70.00251272,-25.41863356]}},{"type":"Feature","properties":{"familia":"relaves","tipo_objeto":"Relave","id_objeto":"0046-2N","nombre_objeto":"PLANTA SANTO DOMINGO","nombre_relave":"PLANTA SANTO DOMINGO","titular":"CIA. MINERA NOVA VENTURA","empresa":"CIA. MINERA NOVA VENTURA","faena":"PLANTA SANTO DOMINGO","recurso":"COBRE","comuna":"Taltal","tipo_deposito":"EMBALSE","metodo_constructivo":"NO APLICA","shape_area_m2":77361.78431,"bbox":[-70.49044022,-25.09870918,-70.49044022,-25.09870918],"lat":-25.09870918,"lon":-70.49044022,"nombre_busq":"0046-2N PLANTA SANTO DOMINGO CIA. MINERA NOVA VENTURA COBRE Taltal EMBALSE NO APLICA","source_file":"geonoxa_relaves_panel.geojson"},"geometry":{"type":"Point","coordinates":[-70.49044022,-25.09870918]}},{"type":"Feature","properties":{"familia":"relaves","tipo_objeto":"Relave","id_objeto":"0047-2N","nombre_objeto":"PLANTA SANTO DOMINGO","nombre_relave":"PLANTA SANTO DOMINGO","titular":"CIA. MINERA NOVA VENTURA","empresa":"CIA. MINERA NOVA VENTURA","faena":"PLANTA SANTO DOMINGO","recurso":"COBRE","comuna":"Taltal","tipo_deposito":"TRANQUE DE RELAVE","metodo_constructivo":"","shape_area_m2":303446.5663,"bbox":[-70.49960789,-25.09917324,-70.49960789,-25.09917324],"lat":-25.09917324,"lon":-70.49960789,"nombre_busq":"0047-2N PLANTA SANTO DOMINGO CIA. MINERA NOVA VENTURA COBRE Taltal TRANQUE DE RELAVE","source_file":"geonoxa_relaves_panel.geojson"},"geometry":{"type":"Point","coordinates":[-70.49960789,-25.09917324]}},{"type":"Feature","properties":{"familia":"relaves","tipo_objeto":"Relave","id_objeto":"0048-2N","nombre_objeto":"PLANTA SANTO DOMINGO","nombre_relave":"PLANTA SANTO DOMINGO","titular":"CIA. MINERA NOVA VENTURA","empresa":"CIA. MINERA NOVA VENTURA","faena":"PLANTA SANTO DOMINGO","recurso":"COBRE","comuna":"Taltal","tipo_deposito":"TRANQUE DE RELAVE","metodo_constructivo":"","shape_area_m2":122711.8861,"bbox":[-70.50110146,-25.10713255,-70.50110146,-25.10713255],"lat":-25.10713255,"lon":-70.50110146,"nombre_busq":"0048-2N PLANTA SANTO DOMINGO CIA. MINERA NOVA VENTURA COBRE Taltal TRANQUE DE RELAVE","source_file":"geonoxa_relaves_panel.geojson"},"geometry":{"type":"Point","coordinates":[-70.50110146,-25.10713255]}},{"type":"Feature","properties":{"familia":"relaves","tipo_objeto":"Relave","id_objeto":"0049-2N","nombre_objeto":"LAS CENIZAS TALTAL","nombre_relave":"LAS CENIZAS TALTAL","titular":"MINERA LAS CENIZAS S.A.","empresa":"MINERA LAS CENIZAS S.A.","faena":"LAS CENIZAS TALTAL","recurso":"COBRE","comuna":"Taltal","tipo_deposito":"TRANQUE DE RELAVE","metodo_constructivo":"AGUAS ABAJO","shape_area_m2":298630.9069,"bbox":[-70.5834103,-25.66587993,-70.5834103,-25.66587993],"lat":-25.66587993,"lon":-70.5834103,"nombre_busq":"0049-2N LAS CENIZAS TALTAL MINERA LAS CENIZAS S.A. COBRE Taltal TRANQUE DE RELAVE AGUAS ABAJO","source_file":"geonoxa_relaves_panel.geojson"},"geometry":{"type":"Point","coordinates":[-70.5834103,-25.66587993]}},{"type":"Feature","properties":{"familia":"relaves","tipo_objeto":"Relave","id_objeto":"0050-2N","nombre_objeto":"LAS CENIZAS TALTAL","nombre_relave":"LAS CENIZAS TALTAL","titular":"MINERA LAS CENIZAS S.A.","empresa":"MINERA LAS CENIZAS S.A.","faena":"LAS CENIZAS TALTAL","recurso":"COBRE","comuna":"Taltal","tipo_deposito":"TRANQUE DE RELAVE","metodo_constructivo":"","shape_area_m2":236771.4465,"bbox":[-70.589999,-25.66126254,-70.589999,-25.66126254],"lat":-25.66126254,"lon":-70.589999,"nombre_busq":"0050-2N LAS CENIZAS TALTAL MINERA LAS CENIZAS S.A. COBRE Taltal TRANQUE DE RELAVE","source_file":"geonoxa_relaves_panel.geojson"},"geometry":{"type":"Point","coordinates":[-70.589999,-25.66126254]}},{"type":"Feature","properties":{"familia":"relaves","tipo_objeto":"Relave","id_objeto":"0051-2N","nombre_objeto":"LAS CENIZAS TALTAL","nombre_relave":"LAS CENIZAS TALTAL","titular":"MINERA LAS CENIZAS S.A.","empresa":"MINERA LAS CENIZAS S.A.","faena":"LAS CENIZAS TALTAL","recurso":"COBRE","comuna":"Taltal","tipo_deposito":"ESPESADO","metodo_constructivo":"NO APLICA","shape_area_m2":395816.3404,"bbox":[-70.57175766,-25.67357417,-70.57175766,-25.67357417],"lat":-25.67357417,"lon":-70.57175766,"nombre_busq":"0051-2N LAS CENIZAS TALTAL MINERA LAS CENIZAS S.A. COBRE Taltal ESPESADO NO APLICA","source_file":"geonoxa_relaves_panel.geojson"},"geometry":{"type":"Point","coordinates":[-70.57175766,-25.67357417]}},{"type":"Feature","properties":{"familia":"relaves","tipo_objeto":"Relave","id_objeto":"0052-2N","nombre_objeto":"PLANTA SOLEDAD","nombre_relave":"PLANTA SOLEDAD","titular":"CIA. MINERA SOLEDAD","empresa":"CIA. MINERA SOLEDAD","faena":"PLANTA SOLEDAD","recurso":"ORO","comuna":"Taltal","tipo_deposito":"TRANQUE DE RELAVE","metodo_constructivo":"","shape_area_m2":6891.899383,"bbox":[-69.54878642,-25.11341083,-69.54878642,-25.11341083],"lat":-25.11341083,"lon":-69.54878642,"nombre_busq":"0052-2N PLANTA SOLEDAD CIA. MINERA SOLEDAD ORO Taltal TRANQUE DE RELAVE","source_file":"geonoxa_relaves_panel.geojson"},"geometry":{"type":"Point","coordinates":[-69.54878642,-25.11341083]}},{"type":"Feature","properties":{"familia":"relaves","tipo_objeto":"Relave","id_objeto":"0053-2N","nombre_objeto":"PLANTA SOLEDAD","nombre_relave":"PLANTA SOLEDAD","titular":"CIA. MINERA SOLEDAD","empresa":"CIA. MINERA SOLEDAD","faena":"PLANTA SOLEDAD","recurso":"COBRE","comuna":"Taltal","tipo_deposito":"EMBALSE","metodo_constructivo":"NO APLICA","shape_area_m2":32282.08677,"bbox":[-69.54778316,-25.11416609,-69.54778316,-25.11416609],"lat":-25.11416609,"lon":-69.54778316,"nombre_busq":"0053-2N PLANTA SOLEDAD CIA. MINERA SOLEDAD COBRE Taltal EMBALSE NO APLICA","source_file":"geonoxa_relaves_panel.geojson"},"geometry":{"type":"Point","coordinates":[-69.54778316,-25.11416609]}},{"type":"Feature","properties":{"familia":"relaves","tipo_objeto":"Relave","id_objeto":"0054-2N","nombre_objeto":"PLANTA SOLEDAD","nombre_relave":"PLANTA SOLEDAD","titular":"CIA. MINERA SOLEDAD","empresa":"CIA. MINERA SOLEDAD","faena":"PLANTA SOLEDAD","recurso":"ORO","comuna":"Taltal","tipo_deposito":"TRANQUE DE RELAVE","metodo_constructivo":"EXCAVACION TERRENO","shape_area_m2":1670.478872,"bbox":[-69.54638384,-25.1134165,-69.54638384,-25.1134165],"lat":-25.1134165,"lon":-69.54638384,"nombre_busq":"0054-2N PLANTA SOLEDAD CIA. MINERA SOLEDAD ORO Taltal TRANQUE DE RELAVE EXCAVACION TERRENO","source_file":"geonoxa_relaves_panel.geojson"},"geometry":{"type":"Point","coordinates":[-69.54638384,-25.1134165]}},{"type":"Feature","properties":{"familia":"relaves","tipo_objeto":"Relave","id_objeto":"0055-2N","nombre_objeto":"PLANTA SOLEDAD","nombre_relave":"PLANTA SOLEDAD","titular":"CIA. MINERA SOLEDAD","empresa":"CIA. MINERA SOLEDAD","faena":"PLANTA SOLEDAD","recurso":"ORO","comuna":"Taltal","tipo_deposito":"TRANQUE DE RELAVE","metodo_constructivo":"EXCAVACION TERRENO","shape_area_m2":1399.154674,"bbox":[-69.54683818,-25.11326547,-69.54683818,-25.11326547],"lat":-25.11326547,"lon":-69.54683818,"nombre_busq":"0055-2N PLANTA SOLEDAD CIA. MINERA SOLEDAD ORO Taltal TRANQUE DE RELAVE EXCAVACION TERRENO","source_file":"geonoxa_relaves_panel.geojson"},"geometry":{"type":"Point","coordinates":[-69.54683818,-25.11326547]}},{"type":"Feature","properties":{"familia":"relaves","tipo_objeto":"Relave","id_objeto":"0056-2N","nombre_objeto":"PROYECTO ESPERANZA","nombre_relave":"PROYECTO ESPERANZA","titular":"CIA. MINERA CENTINELA","empresa":"CIA. MINERA CENTINELA","faena":"PROYECTO ESPERANZA","recurso":"COBRE-ORO","comuna":"Sierra Gorda","tipo_deposito":"ESPESADO","metodo_constructivo":"NO APLICA","shape_area_m2":13253069.2,"bbox":[-69.12313422,-22.989994,-69.12313422,-22.989994],"lat":-22.989994,"lon":-69.12313422,"nombre_busq":"0056-2N PROYECTO ESPERANZA CIA. MINERA CENTINELA COBRE-ORO Sierra Gorda ESPESADO NO APLICA","source_file":"geonoxa_relaves_panel.geojson"},"geometry":{"type":"Point","coordinates":[-69.12313422,-22.989994]}},{"type":"Feature","properties":{"familia":"relaves","tipo_objeto":"Relave","id_objeto":"0057-2N","nombre_objeto":"CHUQUICAMATA","nombre_relave":"CHUQUICAMATA","titular":"CODELCO","empresa":"CODELCO","faena":"CHUQUICAMATA","recurso":"COBRE-MOLIBDENO","comuna":"Calama","tipo_deposito":"TRANQUE DE RELAVE","metodo_constructivo":"EJE CENTRAL","shape_area_m2":70459651.75,"bbox":[-68.76296525,-22.37945843,-68.76296525,-22.37945843],"lat":-22.37945843,"lon":-68.76296525,"nombre_busq":"0057-2N CHUQUICAMATA CODELCO COBRE-MOLIBDENO Calama TRANQUE DE RELAVE EJE CENTRAL","source_file":"geonoxa_relaves_panel.geojson"},"geometry":{"type":"Point","coordinates":[-68.76296525,-22.37945843]}},{"type":"Feature","properties":{"familia":"relaves","tipo_objeto":"Relave","id_objeto":"0058-3N","nombre_objeto":"SALVADOR","nombre_relave":"SALVADOR","titular":"CODELCO","empresa":"CODELCO","faena":"SALVADOR","recurso":"COBRE-MOLIBDENO","comuna":"Diego de Almagro","tipo_deposito":"EMBALSE","metodo_constructivo":"AGUAS ABAJO","shape_area_m2":18119093.18,"bbox":[-70.08221504,-26.25078973,-70.08221504,-26.25078973],"lat":-26.25078973,"lon":-70.08221504,"nombre_busq":"0058-3N SALVADOR CODELCO COBRE-MOLIBDENO Diego de Almagro EMBALSE AGUAS ABAJO","source_file":"geonoxa_relaves_panel.geojson"},"geometry":{"type":"Point","coordinates":[-70.08221504,-26.25078973]}},{"type":"Feature","properties":{"familia":"relaves","tipo_objeto":"Relave","id_objeto":"0059-3N","nombre_objeto":"SALVADOR","nombre_relave":"SALVADOR","titular":"CODELCO","empresa":"CODELCO","faena":"SALVADOR","recurso":"COBRE-MOLIBDENO","comuna":"Diego de Almagro","tipo_deposito":"FILTRADO","metodo_constructivo":"NO APLICA","shape_area_m2":39493.82941,"bbox":[-69.49151433,-26.42684846,-69.49151433,-26.42684846],"lat":-26.42684846,"lon":-69.49151433,"nombre_busq":"0059-3N SALVADOR CODELCO COBRE-MOLIBDENO Diego de Almagro FILTRADO NO APLICA","source_file":"geonoxa_relaves_panel.geojson"},"geometry":{"type":"Point","coordinates":[-69.49151433,-26.42684846]}},{"type":"Feature","properties":{"familia":"relaves","tipo_objeto":"Relave","id_objeto":"0060-3N","nombre_objeto":"SALVADOR","nombre_relave":"SALVADOR","titular":"CODELCO","empresa":"CODELCO","faena":"SALVADOR","recurso":"COBRE-MOLIBDENO","comuna":"Diego de Almagro","tipo_deposito":"TRANQUE DE RELAVE","metodo_constructivo":"AGUAS ARRIBA","shape_area_m2":1186569.409,"bbox":[-69.4933303,-26.43969172,-69.4933303,-26.43969172],"lat":-26.43969172,"lon":-69.4933303,"nombre_busq":"0060-3N SALVADOR CODELCO COBRE-MOLIBDENO Diego de Almagro TRANQUE DE RELAVE AGUAS ARRIBA","source_file":"geonoxa_relaves_panel.geojson"},"geometry":{"type":"Point","coordinates":[-69.4933303,-26.43969172]}},{"type":"Feature","properties":{"familia":"relaves","tipo_objeto":"Relave","id_objeto":"0061-3N","nombre_objeto":"SALVADOR","nombre_relave":"SALVADOR","titular":"CODELCO","empresa":"CODELCO","faena":"SALVADOR","recurso":"COBRE-MOLIBDENO","comuna":"Diego de Almagro","tipo_deposito":"PRETILES DE RELAVE","metodo_constructivo":"NO APLICA","shape_area_m2":19372345.26,"bbox":[-69.78325321,-26.22959742,-69.78325321,-26.22959742],"lat":-26.22959742,"lon":-69.78325321,"nombre_busq":"0061-3N SALVADOR CODELCO COBRE-MOLIBDENO Diego de Almagro PRETILES DE RELAVE NO APLICA","source_file":"geonoxa_relaves_panel.geojson"},"geometry":{"type":"Point","coordinates":[-69.78325321,-26.22959742]}},{"type":"Feature","properties":{"familia":"relaves","tipo_objeto":"Relave","id_objeto":"0062-3N","nombre_objeto":"SALVADOR","nombre_relave":"SALVADOR","titular":"CODELCO","empresa":"CODELCO","faena":"SALVADOR","recurso":"COBRE-MOLIBDENO","comuna":"Diego de Almagro","tipo_deposito":"TRANQUE DE RELAVE","metodo_constructivo":"","shape_area_m2":45707.66846,"bbox":[-69.60861363,-26.27660762,-69.60861363,-26.27660762],"lat":-26.27660762,"lon":-69.60861363,"nombre_busq":"0062-3N SALVADOR CODELCO COBRE-MOLIBDENO Diego de Almagro TRANQUE DE RELAVE","source_file":"geonoxa_relaves_panel.geojson"},"geometry":{"type":"Point","coordinates":[-69.60861363,-26.27660762]}},{"type":"Feature","properties":{"familia":"relaves","tipo_objeto":"Relave","id_objeto":"0063-3N","nombre_objeto":"SALVADOR","nombre_relave":"SALVADOR","titular":"CODELCO","empresa":"CODELCO","faena":"SALVADOR","recurso":"COBRE-MOLIBDENO","comuna":"Diego de Almagro","tipo_deposito":"TRANQUE DE RELAVE","metodo_constructivo":"","shape_area_m2":12160.63249,"bbox":[-69.60979959,-26.27868096,-69.60979959,-26.27868096],"lat":-26.27868096,"lon":-69.60979959,"nombre_busq":"0063-3N SALVADOR CODELCO COBRE-MOLIBDENO Diego de Almagro TRANQUE DE RELAVE","source_file":"geonoxa_relaves_panel.geojson"},"geometry":{"type":"Point","coordinates":[-69.60979959,-26.27868096]}},{"type":"Feature","properties":{"familia":"relaves","tipo_objeto":"Relave","id_objeto":"0064-3N","nombre_objeto":"SALVADOR","nombre_relave":"SALVADOR","titular":"CODELCO","empresa":"CODELCO","faena":"SALVADOR","recurso":"COBRE-MOLIBDENO","comuna":"Diego de Almagro","tipo_deposito":"FILTRADO","metodo_constructivo":"NO APLICA","shape_area_m2":51576.15184,"bbox":[-69.47967755,-26.43186992,-69.47967755,-26.43186992],"lat":-26.43186992,"lon":-69.47967755,"nombre_busq":"0064-3N SALVADOR CODELCO COBRE-MOLIBDENO Diego de Almagro FILTRADO NO APLICA","source_file":"geonoxa_relaves_panel.geojson"},"geometry":{"type":"Point","coordinates":[-69.47967755,-26.43186992]}},{"type":"Feature","properties":{"familia":"relaves","tipo_objeto":"Relave","id_objeto":"0065-5C","nombre_objeto":"ANDINA","nombre_relave":"ANDINA","titular":"CODELCO","empresa":"CODELCO","faena":"ANDINA","recurso":"COBRE-MOLIBDENO","comuna":"Los Andes","tipo_deposito":"EMBALSE","metodo_constructivo":"","shape_area_m2":2688187.891,"bbox":[-70.2389458,-32.98220054,-70.2389458,-32.98220054],"lat":-32.98220054,"lon":-70.2389458,"nombre_busq":"0065-5C ANDINA CODELCO COBRE-MOLIBDENO Los Andes EMBALSE","source_file":"geonoxa_relaves_panel.geojson"},"geometry":{"type":"Point","coordinates":[-70.2389458,-32.98220054]}},{"type":"Feature","properties":{"familia":"relaves","tipo_objeto":"Relave","id_objeto":"0066-5C","nombre_objeto":"ANDINA","nombre_relave":"ANDINA","titular":"CODELCO","empresa":"CODELCO","faena":"ANDINA","recurso":"COBRE-MOLIBDENO","comuna":"Los Andes","tipo_deposito":"TRANQUE DE RELAVE","metodo_constructivo":"AGUAS ABAJO","shape_area_m2":1208272.273,"bbox":[-70.25527618,-32.99928376,-70.25527618,-32.99928376],"lat":-32.99928376,"lon":-70.25527618,"nombre_busq":"0066-5C ANDINA CODELCO COBRE-MOLIBDENO Los Andes TRANQUE DE RELAVE AGUAS ABAJO","source_file":"geonoxa_relaves_panel.geojson"},"geometry":{"type":"Point","coordinates":[-70.25527618,-32.99928376]}},{"type":"Feature","properties":{"familia":"relaves","tipo_objeto":"Relave","id_objeto":"0067-RM","nombre_objeto":"ANDINA","nombre_relave":"ANDINA","titular":"CODELCO","empresa":"CODELCO","faena":"ANDINA","recurso":"COBRE","comuna":"Tiltil","tipo_deposito":"TRANQUE DE RELAVE","metodo_constructivo":"AGUAS ABAJO","shape_area_m2":12682170.46,"bbox":[-70.79554575,-33.03969603,-70.79554575,-33.03969603],"lat":-33.03969603,"lon":-70.79554575,"nombre_busq":"0067-RM ANDINA CODELCO COBRE Tiltil TRANQUE DE RELAVE AGUAS ABAJO","source_file":"geonoxa_relaves_panel.geojson"},"geometry":{"type":"Point","coordinates":[-70.79554575,-33.03969603]}},{"type":"Feature","properties":{"familia":"relaves","tipo_objeto":"Relave","id_objeto":"0068-6C","nombre_objeto":"EL TENIENTE","nombre_relave":"EL TENIENTE","titular":"CODELCO","empresa":"CODELCO","faena":"EL TENIENTE","recurso":"COBRE","comuna":"Doñihue","tipo_deposito":"EMBALSE","metodo_constructivo":"EXCAVACION TERRENO","shape_area_m2":7012.924028,"bbox":[-70.85363166,-34.19582512,-70.85363166,-34.19582512],"lat":-34.19582512,"lon":-70.85363166,"nombre_busq":"0068-6C EL TENIENTE CODELCO COBRE Doñihue EMBALSE EXCAVACION TERRENO","source_file":"geonoxa_relaves_panel.geojson"},"geometry":{"type":"Point","coordinates":[-70.85363166,-34.19582512]}},{"type":"Feature","properties":{"familia":"relaves","tipo_objeto":"Relave","id_objeto":"0069-6C","nombre_objeto":"EL TENIENTE","nombre_relave":"EL TENIENTE","titular":"CODELCO","empresa":"CODELCO","faena":"EL TENIENTE","recurso":"COBRE","comuna":"Requínoa","tipo_deposito":"EMBALSE","metodo_constructivo":"EXCAVACION TERRENO","shape_area_m2":58533.71103,"bbox":[-70.68345218,-34.2309553,-70.68345218,-34.2309553],"lat":-34.2309553,"lon":-70.68345218,"nombre_busq":"0069-6C EL TENIENTE CODELCO COBRE Requínoa EMBALSE EXCAVACION TERRENO","source_file":"geonoxa_relaves_panel.geojson"},"geometry":{"type":"Point","coordinates":[-70.68345218,-34.2309553]}},{"type":"Feature","properties":{"familia":"relaves","tipo_objeto":"Relave","id_objeto":"0070-11S","nombre_objeto":"LAGUNA VERDE","nombre_relave":"LAGUNA VERDE","titular":"C.M. CERRO BAYO LTDA.","empresa":"C.M. CERRO BAYO LTDA.","faena":"LAGUNA VERDE","recurso":"ORO","comuna":"Chile Chico","tipo_deposito":"EMBALSE","metodo_constructivo":"AGUAS ABAJO","shape_area_m2":304767.3796,"bbox":[-71.99745926,-46.5499449,-71.99745926,-46.5499449],"lat":-46.5499449,"lon":-71.99745926,"nombre_busq":"0070-11S LAGUNA VERDE C.M. CERRO BAYO LTDA. ORO Chile Chico EMBALSE AGUAS ABAJO","source_file":"geonoxa_relaves_panel.geojson"},"geometry":{"type":"Point","coordinates":[-71.99745926,-46.5499449]}},{"type":"Feature","properties":{"familia":"relaves","tipo_objeto":"Relave","id_objeto":"0071-6C","nombre_objeto":"EL TENIENTE","nombre_relave":"EL TENIENTE","titular":"CODELCO","empresa":"CODELCO","faena":"EL TENIENTE","recurso":"COBRE","comuna":"Doñihue","tipo_deposito":"EMBALSE","metodo_constructivo":"EXCAVACION TERRENO","shape_area_m2":23456.60732,"bbox":[-70.85083874,-34.19483426,-70.85083874,-34.19483426],"lat":-34.19483426,"lon":-70.85083874,"nombre_busq":"0071-6C EL TENIENTE CODELCO COBRE Doñihue EMBALSE EXCAVACION TERRENO","source_file":"geonoxa_relaves_panel.geojson"},"geometry":{"type":"Point","coordinates":[-70.85083874,-34.19483426]}},{"type":"Feature","properties":{"familia":"relaves","tipo_objeto":"Relave","id_objeto":"0072-6C","nombre_objeto":"EL TENIENTE","nombre_relave":"EL TENIENTE","titular":"CODELCO","empresa":"CODELCO","faena":"EL TENIENTE","recurso":"COBRE","comuna":"Requínoa","tipo_deposito":"EMBALSE","metodo_constructivo":"EXCAVACION TERRENO","shape_area_m2":90979.33992,"bbox":[-70.68088999,-34.23147118,-70.68088999,-34.23147118],"lat":-34.23147118,"lon":-70.68088999,"nombre_busq":"0072-6C EL TENIENTE CODELCO COBRE Requínoa EMBALSE EXCAVACION TERRENO","source_file":"geonoxa_relaves_panel.geojson"},"geometry":{"type":"Point","coordinates":[-70.68088999,-34.23147118]}},{"type":"Feature","properties":{"familia":"relaves","tipo_objeto":"Relave","id_objeto":"0073-RM","nombre_objeto":"EL TENIENTE","nombre_relave":"EL TENIENTE","titular":"CODELCO","empresa":"CODELCO","faena":"EL TENIENTE","recurso":"COBRE-MOLIBDENO","comuna":"Alhué","tipo_deposito":"EMBALSE","metodo_constructivo":"AGUAS ABAJO","shape_area_m2":24212527.63,"bbox":[-71.13644727,-34.11273676,-71.13644727,-34.11273676],"lat":-34.11273676,"lon":-71.13644727,"nombre_busq":"0073-RM EL TENIENTE CODELCO COBRE-MOLIBDENO Alhué EMBALSE AGUAS ABAJO","source_file":"geonoxa_relaves_panel.geojson"},"geometry":{"type":"Point","coordinates":[-71.13644727,-34.11273676]}},{"type":"Feature","properties":{"familia":"relaves","tipo_objeto":"Relave","id_objeto":"0074-6C","nombre_objeto":"EL TENIENTE","nombre_relave":"EL TENIENTE","titular":"CODELCO","empresa":"CODELCO","faena":"EL TENIENTE","recurso":"COBRE-MOLIBDENO","comuna":"Machalí","tipo_deposito":"TRANQUE DE RELAVE","metodo_constructivo":"AGUAS ARRIBA","shape_area_m2":2287609.071,"bbox":[-70.50651977,-34.07971091,-70.50651977,-34.07971091],"lat":-34.07971091,"lon":-70.50651977,"nombre_busq":"0074-6C EL TENIENTE CODELCO COBRE-MOLIBDENO Machalí TRANQUE DE RELAVE AGUAS ARRIBA","source_file":"geonoxa_relaves_panel.geojson"},"geometry":{"type":"Point","coordinates":[-70.50651977,-34.07971091]}},{"type":"Feature","properties":{"familia":"relaves","tipo_objeto":"Relave","id_objeto":"0075-6C","nombre_objeto":"EL TENIENTE","nombre_relave":"EL TENIENTE","titular":"CODELCO","empresa":"CODELCO","faena":"EL TENIENTE","recurso":"COBRE","comuna":"Machalí","tipo_deposito":"ACOPIO","metodo_constructivo":"NO APLICA","shape_area_m2":13256.70852,"bbox":[-70.40603202,-34.09072291,-70.40603202,-34.09072291],"lat":-34.09072291,"lon":-70.40603202,"nombre_busq":"0075-6C EL TENIENTE CODELCO COBRE Machalí ACOPIO NO APLICA","source_file":"geonoxa_relaves_panel.geojson"},"geometry":{"type":"Point","coordinates":[-70.40603202,-34.09072291]}},{"type":"Feature","properties":{"familia":"relaves","tipo_objeto":"Relave","id_objeto":"0076-6C","nombre_objeto":"EL TENIENTE","nombre_relave":"EL TENIENTE","titular":"CODELCO","empresa":"CODELCO","faena":"EL TENIENTE","recurso":"COBRE","comuna":"Machalí","tipo_deposito":"ACOPIO","metodo_constructivo":"NO APLICA","shape_area_m2":4509.548242,"bbox":[-70.39711643,-34.09137426,-70.39711643,-34.09137426],"lat":-34.09137426,"lon":-70.39711643,"nombre_busq":"0076-6C EL TENIENTE CODELCO COBRE Machalí ACOPIO NO APLICA","source_file":"geonoxa_relaves_panel.geojson"},"geometry":{"type":"Point","coordinates":[-70.39711643,-34.09137426]}},{"type":"Feature","properties":{"familia":"relaves","tipo_objeto":"Relave","id_objeto":"0077-2N","nombre_objeto":"PLANTA MANUEL RODRIGUEZ","nombre_relave":"PLANTA MANUEL RODRIGUEZ","titular":"SOTRAMIN LTDA. TALTAL","empresa":"SOTRAMIN LTDA. TALTAL","faena":"PLANTA MANUEL RODRIGUEZ","recurso":"COBRE","comuna":"Taltal","tipo_deposito":"TRANQUE DE RELAVE","metodo_constructivo":"AGUAS ARRIBA","shape_area_m2":6958.262251,"bbox":[-70.47602693,-25.39767048,-70.47602693,-25.39767048],"lat":-25.39767048,"lon":-70.47602693,"nombre_busq":"0077-2N PLANTA MANUEL RODRIGUEZ SOTRAMIN LTDA. TALTAL COBRE Taltal TRANQUE DE RELAVE AGUAS ARRIBA","source_file":"geonoxa_relaves_panel.geojson"},"geometry":{"type":"Point","coordinates":[-70.47602693,-25.39767048]}},{"type":"Feature","properties":{"familia":"relaves","tipo_objeto":"Relave","id_objeto":"0078-2N","nombre_objeto":"PLANTA MANUEL RODRIGUEZ","nombre_relave":"PLANTA MANUEL RODRIGUEZ","titular":"SOTRAMIN LTDA. TALTAL","empresa":"SOTRAMIN LTDA. TALTAL","faena":"PLANTA MANUEL RODRIGUEZ","recurso":"COBRE","comuna":"Taltal","tipo_deposito":"TRANQUE DE RELAVE","metodo_constructivo":"AGUAS ARRIBA","shape_area_m2":4262.485124,"bbox":[-70.47674753,-25.39831078,-70.47674753,-25.39831078],"lat":-25.39831078,"lon":-70.47674753,"nombre_busq":"0078-2N PLANTA MANUEL RODRIGUEZ SOTRAMIN LTDA. TALTAL COBRE Taltal TRANQUE DE RELAVE AGUAS ARRIBA","source_file":"geonoxa_relaves_panel.geojson"},"geometry":{"type":"Point","coordinates":[-70.47674753,-25.39831078]}},{"type":"Feature","properties":{"familia":"relaves","tipo_objeto":"Relave","id_objeto":"0079-2N","nombre_objeto":"MICHILLA","nombre_relave":"MICHILLA","titular":"MINERA MICHILLA S.A.","empresa":"MINERA MICHILLA S.A.","faena":"MICHILLA","recurso":"COBRE","comuna":"Mejillones","tipo_deposito":"TRANQUE DE RELAVE","metodo_constructivo":"","shape_area_m2":216240.7417,"bbox":[-70.2879105,-22.74229498,-70.2879105,-22.74229498],"lat":-22.74229498,"lon":-70.2879105,"nombre_busq":"0079-2N MICHILLA MINERA MICHILLA S.A. COBRE Mejillones TRANQUE DE RELAVE","source_file":"geonoxa_relaves_panel.geojson"},"geometry":{"type":"Point","coordinates":[-70.2879105,-22.74229498]}},{"type":"Feature","properties":{"familia":"relaves","tipo_objeto":"Relave","id_objeto":"0080-2N","nombre_objeto":"PLANTA SAN IGNACIO","nombre_relave":"PLANTA SAN IGNACIO","titular":"CONSTRUCTORA RAM LIMITADA","empresa":"CONSTRUCTORA RAM LIMITADA","faena":"PLANTA SAN IGNACIO","recurso":"COBRE","comuna":"Antofagasta","tipo_deposito":"EMBALSE","metodo_constructivo":"NO APLICA","shape_area_m2":64853.04373,"bbox":[-70.13142496,-23.45895594,-70.13142496,-23.45895594],"lat":-23.45895594,"lon":-70.13142496,"nombre_busq":"0080-2N PLANTA SAN IGNACIO CONSTRUCTORA RAM LIMITADA COBRE Antofagasta EMBALSE NO APLICA","source_file":"geonoxa_relaves_panel.geojson"},"geometry":{"type":"Point","coordinates":[-70.13142496,-23.45895594]}},{"type":"Feature","properties":{"familia":"relaves","tipo_objeto":"Relave","id_objeto":"0081-2N","nombre_objeto":"PLANTA SAN IGNACIO","nombre_relave":"PLANTA SAN IGNACIO","titular":"CONSTRUCTORA RAM LIMITADA","empresa":"CONSTRUCTORA RAM LIMITADA","faena":"PLANTA SAN IGNACIO","recurso":"COBRE","comuna":"Antofagasta","tipo_deposito":"TRANQUE DE RELAVE","metodo_constructivo":"","shape_area_m2":16294.75535,"bbox":[-70.14245513,-23.45997622,-70.14245513,-23.45997622],"lat":-23.45997622,"lon":-70.14245513,"nombre_busq":"0081-2N PLANTA SAN IGNACIO CONSTRUCTORA RAM LIMITADA COBRE Antofagasta TRANQUE DE RELAVE","source_file":"geonoxa_relaves_panel.geojson"},"geometry":{"type":"Point","coordinates":[-70.14245513,-23.45997622]}},{"type":"Feature","properties":{"familia":"relaves","tipo_objeto":"Relave","id_objeto":"0082-2N","nombre_objeto":"DESCONOCIDO","nombre_relave":"DESCONOCIDO","titular":"DESCONOCIDO","empresa":"DESCONOCIDO","faena":"DESCONOCIDO","recurso":"COBRE","comuna":"Sierra Gorda","tipo_deposito":"ACOPIO","metodo_constructivo":"NO APLICA","shape_area_m2":4057.381961,"bbox":[-69.34952684,-22.93053376,-69.34952684,-22.93053376],"lat":-22.93053376,"lon":-69.34952684,"nombre_busq":"0082-2N DESCONOCIDO DESCONOCIDO COBRE Sierra Gorda ACOPIO NO APLICA","source_file":"geonoxa_relaves_panel.geojson"},"geometry":{"type":"Point","coordinates":[-69.34952684,-22.93053376]}},{"type":"Feature","properties":{"familia":"relaves","tipo_objeto":"Relave","id_objeto":"0083-2N","nombre_objeto":"PROYECTO SIERRA GORDA","nombre_relave":"PROYECTO SIERRA GORDA","titular":"SCM SIERRA GORDA","empresa":"SCM SIERRA GORDA","faena":"PROYECTO SIERRA GORDA","recurso":"COBRE","comuna":"Sierra Gorda","tipo_deposito":"ESPESADO","metodo_constructivo":"NO APLICA","shape_area_m2":17173517.9,"bbox":[-69.38984859,-22.85724066,-69.38984859,-22.85724066],"lat":-22.85724066,"lon":-69.38984859,"nombre_busq":"0083-2N PROYECTO SIERRA GORDA SCM SIERRA GORDA COBRE Sierra Gorda ESPESADO NO APLICA","source_file":"geonoxa_relaves_panel.geojson"},"geometry":{"type":"Point","coordinates":[-69.38984859,-22.85724066]}},{"type":"Feature","properties":{"familia":"relaves","tipo_objeto":"Relave","id_objeto":"0084-2N","nombre_objeto":"GUANACO","nombre_relave":"GUANACO","titular":"MINERA GUANACO SpA","empresa":"MINERA GUANACO SpA","faena":"GUANACO","recurso":"COBRE","comuna":"Taltal","tipo_deposito":"FILTRADO","metodo_constructivo":"NO APLICA","shape_area_m2":325496.0469,"bbox":[-69.53332176,-25.09032556,-69.53332176,-25.09032556],"lat":-25.09032556,"lon":-69.53332176,"nombre_busq":"0084-2N GUANACO MINERA GUANACO SpA COBRE Taltal FILTRADO NO APLICA","source_file":"geonoxa_relaves_panel.geojson"},"geometry":{"type":"Point","coordinates":[-69.53332176,-25.09032556]}},{"type":"Feature","properties":{"familia":"relaves","tipo_objeto":"Relave","id_objeto":"0085-2N","nombre_objeto":"VISTA AL MAR","nombre_relave":"VISTA AL MAR","titular":"CARLOS MARTINES","empresa":"CARLOS MARTINES","faena":"VISTA AL MAR","recurso":"ORO-COBRE","comuna":"Taltal","tipo_deposito":"ACOPIO","metodo_constructivo":"NO APLICA","shape_area_m2":3237.025927,"bbox":[-70.47383346,-25.39281009,-70.47383346,-25.39281009],"lat":-25.39281009,"lon":-70.47383346,"nombre_busq":"0085-2N VISTA AL MAR CARLOS MARTINES ORO-COBRE Taltal ACOPIO NO APLICA","source_file":"geonoxa_relaves_panel.geojson"},"geometry":{"type":"Point","coordinates":[-70.47383346,-25.39281009]}},{"type":"Feature","properties":{"familia":"relaves","tipo_objeto":"Relave","id_objeto":"0086-2N","nombre_objeto":"PLANTA TRAPICHES","nombre_relave":"PLANTA TRAPICHES","titular":"DESCONOCIDO","empresa":"DESCONOCIDO","faena":"PLANTA TRAPICHES","recurso":"COBRE","comuna":"Taltal","tipo_deposito":"TRANQUE DE RELAVE","metodo_constructivo":"","shape_area_m2":1017.037198,"bbox":[-70.38147612,-25.63989993,-70.38147612,-25.63989993],"lat":-25.63989993,"lon":-70.38147612,"nombre_busq":"0086-2N PLANTA TRAPICHES DESCONOCIDO COBRE Taltal TRANQUE DE RELAVE","source_file":"geonoxa_relaves_panel.geojson"},"geometry":{"type":"Point","coordinates":[-70.38147612,-25.63989993]}},{"type":"Feature","properties":{"familia":"relaves","tipo_objeto":"Relave","id_objeto":"0087-2N","nombre_objeto":"PLANTA SOEXSU","nombre_relave":"PLANTA SOEXSU","titular":"DESCONOCIDO","empresa":"DESCONOCIDO","faena":"PLANTA SOEXSU","recurso":"COBRE-ORO","comuna":"Antofagasta","tipo_deposito":"TRANQUE DE RELAVE","metodo_constructivo":"NO APLICA","shape_area_m2":2359.23662,"bbox":[-70.17800877,-23.48452354,-70.17800877,-23.48452354],"lat":-23.48452354,"lon":-70.17800877,"nombre_busq":"0087-2N PLANTA SOEXSU DESCONOCIDO COBRE-ORO Antofagasta TRANQUE DE RELAVE NO APLICA","source_file":"geonoxa_relaves_panel.geojson"},"geometry":{"type":"Point","coordinates":[-70.17800877,-23.48452354]}},{"type":"Feature","properties":{"familia":"relaves","tipo_objeto":"Relave","id_objeto":"0088-2N","nombre_objeto":"PLANTA CARACOLES (EX PLANTA FLOMAX)","nombre_relave":"PLANTA CARACOLES (EX PLANTA FLOMAX)","titular":"CIA. MINERA FLOMAX (RAFAEL GONZALEZ)","empresa":"CIA. MINERA FLOMAX (RAFAEL GONZALEZ)","faena":"PLANTA CARACOLES (EX PLANTA FLOMAX)","recurso":"COBRE","comuna":"Sierra Gorda","tipo_deposito":"TRANQUE DE RELAVE","metodo_constructivo":"","shape_area_m2":94366.50434,"bbox":[-69.33467377,-22.91466907,-69.33467377,-22.91466907],"lat":-22.91466907,"lon":-69.33467377,"nombre_busq":"0088-2N PLANTA CARACOLES (EX PLANTA FLOMAX) CIA. MINERA FLOMAX (RAFAEL GONZALEZ) COBRE Sierra Gorda TRANQUE DE RELAVE","source_file":"geonoxa_relaves_panel.geojson"},"geometry":{"type":"Point","coordinates":[-69.33467377,-22.91466907]}},{"type":"Feature","properties":{"familia":"relaves","tipo_objeto":"Relave","id_objeto":"0089-2N","nombre_objeto":"PLANTA SIERRA MIRANDA","nombre_relave":"PLANTA SIERRA MIRANDA","titular":"SIERRA MIRANDA SCM","empresa":"SIERRA MIRANDA SCM","faena":"PLANTA SIERRA MIRANDA","recurso":"COBRE","comuna":"Sierra Gorda","tipo_deposito":"TRANQUE DE RELAVE","metodo_constructivo":"","shape_area_m2":6347.089163,"bbox":[-69.34390045,-22.93751519,-69.34390045,-22.93751519],"lat":-22.93751519,"lon":-69.34390045,"nombre_busq":"0089-2N PLANTA SIERRA MIRANDA SIERRA MIRANDA SCM COBRE Sierra Gorda TRANQUE DE RELAVE","source_file":"geonoxa_relaves_panel.geojson"},"geometry":{"type":"Point","coordinates":[-69.34390045,-22.93751519]}},{"type":"Feature","properties":{"familia":"relaves","tipo_objeto":"Relave","id_objeto":"0090-2N","nombre_objeto":"FAENA TALTAL","nombre_relave":"FAENA TALTAL","titular":"DANIEL AMIGO","empresa":"DANIEL AMIGO","faena":"FAENA TALTAL","recurso":"ORO-COBRE","comuna":"Taltal","tipo_deposito":"ACOPIO","metodo_constructivo":"NO APLICA","shape_area_m2":2745.683355,"bbox":[-70.47268982,-25.39114177,-70.47268982,-25.39114177],"lat":-25.39114177,"lon":-70.47268982,"nombre_busq":"0090-2N FAENA TALTAL DANIEL AMIGO ORO-COBRE Taltal ACOPIO NO APLICA","source_file":"geonoxa_relaves_panel.geojson"},"geometry":{"type":"Point","coordinates":[-70.47268982,-25.39114177]}},{"type":"Feature","properties":{"familia":"relaves","tipo_objeto":"Relave","id_objeto":"0091-2N","nombre_objeto":"PLANTA QUEBRADA EL HUESO","nombre_relave":"PLANTA QUEBRADA EL HUESO","titular":"DESCONOCIDO","empresa":"DESCONOCIDO","faena":"PLANTA QUEBRADA EL HUESO","recurso":"COBRE","comuna":"Taltal","tipo_deposito":"ACOPIO","metodo_constructivo":"NO APLICA","shape_area_m2":800.4089951,"bbox":[-70.44974661,-25.40706848,-70.44974661,-25.40706848],"lat":-25.40706848,"lon":-70.44974661,"nombre_busq":"0091-2N PLANTA QUEBRADA EL HUESO DESCONOCIDO COBRE Taltal ACOPIO NO APLICA","source_file":"geonoxa_relaves_panel.geojson"},"geometry":{"type":"Point","coordinates":[-70.44974661,-25.40706848]}},{"type":"Feature","properties":{"familia":"relaves","tipo_objeto":"Relave","id_objeto":"0092-2N","nombre_objeto":"PUNTA LEQUENA","nombre_relave":"PUNTA LEQUENA","titular":"DESCONOCIDO","empresa":"DESCONOCIDO","faena":"PUNTA LEQUENA","recurso":"COBRE","comuna":"Calama","tipo_deposito":"TRANQUE DE RELAVE","metodo_constructivo":"","shape_area_m2":4664.264911,"bbox":[-68.98567229,-22.42323962,-68.98567229,-22.42323962],"lat":-22.42323962,"lon":-68.98567229,"nombre_busq":"0092-2N PUNTA LEQUENA DESCONOCIDO COBRE Calama TRANQUE DE RELAVE","source_file":"geonoxa_relaves_panel.geojson"},"geometry":{"type":"Point","coordinates":[-68.98567229,-22.42323962]}},{"type":"Feature","properties":{"familia":"relaves","tipo_objeto":"Relave","id_objeto":"0093-2N","nombre_objeto":"PUNTA LEQUENA","nombre_relave":"PUNTA LEQUENA","titular":"DESCONOCIDO","empresa":"DESCONOCIDO","faena":"PUNTA LEQUENA","recurso":"COBRE","comuna":"Calama","tipo_deposito":"TRANQUE DE RELAVE","metodo_constructivo":"","shape_area_m2":1080.369891,"bbox":[-68.98624134,-22.42438165,-68.98624134,-22.42438165],"lat":-22.42438165,"lon":-68.98624134,"nombre_busq":"0093-2N PUNTA LEQUENA DESCONOCIDO COBRE Calama TRANQUE DE RELAVE","source_file":"geonoxa_relaves_panel.geojson"},"geometry":{"type":"Point","coordinates":[-68.98624134,-22.42438165]}},{"type":"Feature","properties":{"familia":"relaves","tipo_objeto":"Relave","id_objeto":"0094-2N","nombre_objeto":"SPENCE","nombre_relave":"SPENCE","titular":"MINERA SPENCE","empresa":"MINERA SPENCE","faena":"SPENCE","recurso":"COBRE","comuna":"Sierra Gorda","tipo_deposito":"TRANQUE DE RELAVE","metodo_constructivo":"AGUAS ABAJO","shape_area_m2":7034139.536,"bbox":[-69.31676968,-22.75192071,-69.31676968,-22.75192071],"lat":-22.75192071,"lon":-69.31676968,"nombre_busq":"0094-2N SPENCE MINERA SPENCE COBRE Sierra Gorda TRANQUE DE RELAVE AGUAS ABAJO","source_file":"geonoxa_relaves_panel.geojson"},"geometry":{"type":"Point","coordinates":[-69.31676968,-22.75192071]}},{"type":"Feature","properties":{"familia":"relaves","tipo_objeto":"Relave","id_objeto":"0095-3N","nombre_objeto":"PLANTA CAPOTE AURIFERO","nombre_relave":"PLANTA CAPOTE AURIFERO","titular":"CESAR MOREN EIRL","empresa":"CESAR MOREN EIRL","faena":"PLANTA CAPOTE AURIFERO","recurso":"ORO","comuna":"Freirina","tipo_deposito":"EMBALSE","metodo_constructivo":"","shape_area_m2":31687.50213,"bbox":[-70.94970949,-28.31552455,-70.94970949,-28.31552455],"lat":-28.31552455,"lon":-70.94970949,"nombre_busq":"0095-3N PLANTA CAPOTE AURIFERO CESAR MOREN EIRL ORO Freirina EMBALSE","source_file":"geonoxa_relaves_panel.geojson"},"geometry":{"type":"Point","coordinates":[-70.94970949,-28.31552455]}},{"type":"Feature","properties":{"familia":"relaves","tipo_objeto":"Relave","id_objeto":"0096-3N","nombre_objeto":"PLANTA DAY","nombre_relave":"PLANTA DAY","titular":"MIGUEL DAY","empresa":"MIGUEL DAY","faena":"PLANTA DAY","recurso":"ORO","comuna":"Copiapó","tipo_deposito":"TRANQUE DE RELAVE","metodo_constructivo":"AGUAS ABAJO","shape_area_m2":7018.237896,"bbox":[-70.34126269,-27.39131356,-70.34126269,-27.39131356],"lat":-27.39131356,"lon":-70.34126269,"nombre_busq":"0096-3N PLANTA DAY MIGUEL DAY ORO Copiapó TRANQUE DE RELAVE AGUAS ABAJO","source_file":"geonoxa_relaves_panel.geojson"},"geometry":{"type":"Point","coordinates":[-70.34126269,-27.39131356]}},{"type":"Feature","properties":{"familia":"relaves","tipo_objeto":"Relave","id_objeto":"0097-3N","nombre_objeto":"PLANTA DAY","nombre_relave":"PLANTA DAY","titular":"MIGUEL DAY","empresa":"MIGUEL DAY","faena":"PLANTA DAY","recurso":"COBRE-ORO","comuna":"Copiapó","tipo_deposito":"TRANQUE DE RELAVE","metodo_constructivo":"AGUAS ARRIBA","shape_area_m2":7852.06697,"bbox":[-70.34326221,-27.39378709,-70.34326221,-27.39378709],"lat":-27.39378709,"lon":-70.34326221,"nombre_busq":"0097-3N PLANTA DAY MIGUEL DAY COBRE-ORO Copiapó TRANQUE DE RELAVE AGUAS ARRIBA","source_file":"geonoxa_relaves_panel.geojson"},"geometry":{"type":"Point","coordinates":[-70.34326221,-27.39378709]}},{"type":"Feature","properties":{"familia":"relaves","tipo_objeto":"Relave","id_objeto":"0098-3N","nombre_objeto":"PLANTA DAY","nombre_relave":"PLANTA DAY","titular":"MIGUEL DAY","empresa":"MIGUEL DAY","faena":"PLANTA DAY","recurso":"ORO","comuna":"Copiapó","tipo_deposito":"ACOPIO","metodo_constructivo":"NO APLICA","shape_area_m2":1562.893989,"bbox":[-70.3404399,-27.39204505,-70.3404399,-27.39204505],"lat":-27.39204505,"lon":-70.3404399,"nombre_busq":"0098-3N PLANTA DAY MIGUEL DAY ORO Copiapó ACOPIO NO APLICA","source_file":"geonoxa_relaves_panel.geojson"},"geometry":{"type":"Point","coordinates":[-70.3404399,-27.39204505]}},{"type":"Feature","properties":{"familia":"relaves","tipo_objeto":"Relave","id_objeto":"0099-3N","nombre_objeto":"PLANTA SANTA LAURA","nombre_relave":"PLANTA SANTA LAURA","titular":"JUAN ZUÑIGA VALENZUELA","empresa":"JUAN ZUÑIGA VALENZUELA","faena":"PLANTA SANTA LAURA","recurso":"COBRE","comuna":"Copiapó","tipo_deposito":"TRANQUE DE RELAVE","metodo_constructivo":"","shape_area_m2":5582.805099,"bbox":[-70.31644804,-27.426886,-70.31644804,-27.426886],"lat":-27.426886,"lon":-70.31644804,"nombre_busq":"0099-3N PLANTA SANTA LAURA JUAN ZUÑIGA VALENZUELA COBRE Copiapó TRANQUE DE RELAVE","source_file":"geonoxa_relaves_panel.geojson"},"geometry":{"type":"Point","coordinates":[-70.31644804,-27.426886]}},{"type":"Feature","properties":{"familia":"relaves","tipo_objeto":"Relave","id_objeto":"0100-3N","nombre_objeto":"PLANTA MARIA ISABEL","nombre_relave":"PLANTA MARIA ISABEL","titular":"LUIS CORTES JARA","empresa":"LUIS CORTES JARA","faena":"PLANTA MARIA ISABEL","recurso":"HIERRO","comuna":"Tierra Amarilla","tipo_deposito":"TRANQUE DE RELAVE","metodo_constructivo":"","shape_area_m2":9089.806825,"bbox":[-70.27132385,-27.43743908,-70.27132385,-27.43743908],"lat":-27.43743908,"lon":-70.27132385,"nombre_busq":"0100-3N PLANTA MARIA ISABEL LUIS CORTES JARA HIERRO Tierra Amarilla TRANQUE DE RELAVE","source_file":"geonoxa_relaves_panel.geojson"},"geometry":{"type":"Point","coordinates":[-70.27132385,-27.43743908]}},{"type":"Feature","properties":{"familia":"relaves","tipo_objeto":"Relave","id_objeto":"0101-3N","nombre_objeto":"PLANTA MARIA ISABEL","nombre_relave":"PLANTA MARIA ISABEL","titular":"LUIS CORTES JARA","empresa":"LUIS CORTES JARA","faena":"PLANTA MARIA ISABEL","recurso":"COBRE","comuna":"Tierra Amarilla","tipo_deposito":"ACOPIO","metodo_constructivo":"NO APLICA","shape_area_m2":1082.19695,"bbox":[-70.27070666,-27.44871621,-70.27070666,-27.44871621],"lat":-27.44871621,"lon":-70.27070666,"nombre_busq":"0101-3N PLANTA MARIA ISABEL LUIS CORTES JARA COBRE Tierra Amarilla ACOPIO NO APLICA","source_file":"geonoxa_relaves_panel.geojson"},"geometry":{"type":"Point","coordinates":[-70.27070666,-27.44871621]}},{"type":"Feature","properties":{"familia":"relaves","tipo_objeto":"Relave","id_objeto":"0102-3N","nombre_objeto":"PLANTA MARIA ISABEL","nombre_relave":"PLANTA MARIA ISABEL","titular":"LUIS CORTES JARA","empresa":"LUIS CORTES JARA","faena":"PLANTA MARIA ISABEL","recurso":"COBRE","comuna":"Tierra Amarilla","tipo_deposito":"ACOPIO","metodo_constructivo":"NO APLICA","shape_area_m2":545.3537004,"bbox":[-70.27059818,-27.4490578,-70.27059818,-27.4490578],"lat":-27.4490578,"lon":-70.27059818,"nombre_busq":"0102-3N PLANTA MARIA ISABEL LUIS CORTES JARA COBRE Tierra Amarilla ACOPIO NO APLICA","source_file":"geonoxa_relaves_panel.geojson"},"geometry":{"type":"Point","coordinates":[-70.27059818,-27.4490578]}},{"type":"Feature","properties":{"familia":"relaves","tipo_objeto":"Relave","id_objeto":"0103-3N","nombre_objeto":"PLANTA MARIA ISABEL","nombre_relave":"PLANTA MARIA ISABEL","titular":"LUIS CORTES JARA","empresa":"LUIS CORTES JARA","faena":"PLANTA MARIA ISABEL","recurso":"COBRE","comuna":"Tierra Amarilla","tipo_deposito":"ACOPIO","metodo_constructivo":"NO APLICA","shape_area_m2":1979.53174,"bbox":[-70.2706551,-27.44931689,-70.2706551,-27.44931689],"lat":-27.44931689,"lon":-70.2706551,"nombre_busq":"0103-3N PLANTA MARIA ISABEL LUIS CORTES JARA COBRE Tierra Amarilla ACOPIO NO APLICA","source_file":"geonoxa_relaves_panel.geojson"},"geometry":{"type":"Point","coordinates":[-70.2706551,-27.44931689]}},{"type":"Feature","properties":{"familia":"relaves","tipo_objeto":"Relave","id_objeto":"0104-3N","nombre_objeto":"PLANTA RAPELINA","nombre_relave":"PLANTA RAPELINA","titular":"PEDRO JESUS CASTILLO VEGA","empresa":"PEDRO JESUS CASTILLO VEGA","faena":"PLANTA RAPELINA","recurso":"ORO","comuna":"Copiapó","tipo_deposito":"EMBALSE","metodo_constructivo":"","shape_area_m2":6757.814671,"bbox":[-70.34206155,-27.39266649,-70.34206155,-27.39266649],"lat":-27.39266649,"lon":-70.34206155,"nombre_busq":"0104-3N PLANTA RAPELINA PEDRO JESUS CASTILLO VEGA ORO Copiapó EMBALSE","source_file":"geonoxa_relaves_panel.geojson"},"geometry":{"type":"Point","coordinates":[-70.34206155,-27.39266649]}},{"type":"Feature","properties":{"familia":"relaves","tipo_objeto":"Relave","id_objeto":"0105-3N","nombre_objeto":"PLANTA VIÑITA AZUL","nombre_relave":"PLANTA VIÑITA AZUL","titular":"SOC. CONTRACTUAL MINERA ALIANZA","empresa":"SOC. CONTRACTUAL MINERA ALIANZA","faena":"PLANTA VIÑITA AZUL","recurso":"ORO","comuna":"Copiapó","tipo_deposito":"TRANQUE DE RELAVE","metodo_constructivo":"AGUAS ARRIBA","shape_area_m2":3007.207022,"bbox":[-70.31763413,-27.41623501,-70.31763413,-27.41623501],"lat":-27.41623501,"lon":-70.31763413,"nombre_busq":"0105-3N PLANTA VIÑITA AZUL SOC. CONTRACTUAL MINERA ALIANZA ORO Copiapó TRANQUE DE RELAVE AGUAS ARRIBA","source_file":"geonoxa_relaves_panel.geojson"},"geometry":{"type":"Point","coordinates":[-70.31763413,-27.41623501]}},{"type":"Feature","properties":{"familia":"relaves","tipo_objeto":"Relave","id_objeto":"0106-3N","nombre_objeto":"PLANTA VIÑITA AZUL","nombre_relave":"PLANTA VIÑITA AZUL","titular":"SOC. CONTRACTUAL MINERA ALIANZA","empresa":"SOC. CONTRACTUAL MINERA ALIANZA","faena":"PLANTA VIÑITA AZUL","recurso":"COBRE","comuna":"Copiapó","tipo_deposito":"TRANQUE DE RELAVE","metodo_constructivo":"EJE CENTRAL","shape_area_m2":74060.31265,"bbox":[-70.31982962,-27.41724527,-70.31982962,-27.41724527],"lat":-27.41724527,"lon":-70.31982962,"nombre_busq":"0106-3N PLANTA VIÑITA AZUL SOC. CONTRACTUAL MINERA ALIANZA COBRE Copiapó TRANQUE DE RELAVE EJE CENTRAL","source_file":"geonoxa_relaves_panel.geojson"},"geometry":{"type":"Point","coordinates":[-70.31982962,-27.41724527]}},{"type":"Feature","properties":{"familia":"relaves","tipo_objeto":"Relave","id_objeto":"0107-3N","nombre_objeto":"PLANTA VIÑITA AZUL","nombre_relave":"PLANTA VIÑITA AZUL","titular":"SOC. CONTRACTUAL MINERA ALIANZA","empresa":"SOC. CONTRACTUAL MINERA ALIANZA","faena":"PLANTA VIÑITA AZUL","recurso":"COBRE","comuna":"Copiapó","tipo_deposito":"TRANQUE DE RELAVE","metodo_constructivo":"EJE CENTRAL","shape_area_m2":17069.61194,"bbox":[-70.32452082,-27.41663721,-70.32452082,-27.41663721],"lat":-27.41663721,"lon":-70.32452082,"nombre_busq":"0107-3N PLANTA VIÑITA AZUL SOC. CONTRACTUAL MINERA ALIANZA COBRE Copiapó TRANQUE DE RELAVE EJE CENTRAL","source_file":"geonoxa_relaves_panel.geojson"},"geometry":{"type":"Point","coordinates":[-70.32452082,-27.41663721]}},{"type":"Feature","properties":{"familia":"relaves","tipo_objeto":"Relave","id_objeto":"0108-3N","nombre_objeto":"PLANTA VIÑITA AZUL","nombre_relave":"PLANTA VIÑITA AZUL","titular":"SOC. CONTRACTUAL MINERA ALIANZA","empresa":"SOC. CONTRACTUAL MINERA ALIANZA","faena":"PLANTA VIÑITA AZUL","recurso":"COBRE","comuna":"Copiapó","tipo_deposito":"TRANQUE DE RELAVE","metodo_constructivo":"EJE CENTRAL","shape_area_m2":16586.42373,"bbox":[-70.32274862,-27.41683099,-70.32274862,-27.41683099],"lat":-27.41683099,"lon":-70.32274862,"nombre_busq":"0108-3N PLANTA VIÑITA AZUL SOC. CONTRACTUAL MINERA ALIANZA COBRE Copiapó TRANQUE DE RELAVE EJE CENTRAL","source_file":"geonoxa_relaves_panel.geojson"},"geometry":{"type":"Point","coordinates":[-70.32274862,-27.41683099]}},{"type":"Feature","properties":{"familia":"relaves","tipo_objeto":"Relave","id_objeto":"0109-3N","nombre_objeto":"PLANTA VIÑITA AZUL","nombre_relave":"PLANTA VIÑITA AZUL","titular":"SOC. CONTRACTUAL MINERA ALIANZA","empresa":"SOC. CONTRACTUAL MINERA ALIANZA","faena":"PLANTA VIÑITA AZUL","recurso":"COBRE","comuna":"Copiapó","tipo_deposito":"TRANQUE DE RELAVE","metodo_constructivo":"AGUAS ABAJO","shape_area_m2":18628.0536,"bbox":[-70.32327371,-27.4153298,-70.32327371,-27.4153298],"lat":-27.4153298,"lon":-70.32327371,"nombre_busq":"0109-3N PLANTA VIÑITA AZUL SOC. CONTRACTUAL MINERA ALIANZA COBRE Copiapó TRANQUE DE RELAVE AGUAS ABAJO","source_file":"geonoxa_relaves_panel.geojson"},"geometry":{"type":"Point","coordinates":[-70.32327371,-27.4153298]}},{"type":"Feature","properties":{"familia":"relaves","tipo_objeto":"Relave","id_objeto":"0110-3N","nombre_objeto":"PLANTA POZO SECO","nombre_relave":"PLANTA POZO SECO","titular":"SINDICATO ARTESANAL MINERO POZO SECO","empresa":"SINDICATO ARTESANAL MINERO POZO SECO","faena":"PLANTA POZO SECO","recurso":"ORO","comuna":"Vallenar","tipo_deposito":"EMBALSE","metodo_constructivo":"EXCAVACION TERRENO","shape_area_m2":4075.836252,"bbox":[-70.77371165,-28.75262791,-70.77371165,-28.75262791],"lat":-28.75262791,"lon":-70.77371165,"nombre_busq":"0110-3N PLANTA POZO SECO SINDICATO ARTESANAL MINERO POZO SECO ORO Vallenar EMBALSE EXCAVACION TERRENO","source_file":"geonoxa_relaves_panel.geojson"},"geometry":{"type":"Point","coordinates":[-70.77371165,-28.75262791]}},{"type":"Feature","properties":{"familia":"relaves","tipo_objeto":"Relave","id_objeto":"0111-3N","nombre_objeto":"PLANTA OP (EX FARAH)","nombre_relave":"PLANTA OP (EX FARAH)","titular":"OP MINING CHILE SpA","empresa":"OP MINING CHILE SpA","faena":"PLANTA OP (EX FARAH)","recurso":"COBRE-ORO-HIERRO","comuna":"Copiapó","tipo_deposito":"TRANQUE DE RELAVE","metodo_constructivo":"","shape_area_m2":151087.0291,"bbox":[-70.34599566,-27.4066315,-70.34599566,-27.4066315],"lat":-27.4066315,"lon":-70.34599566,"nombre_busq":"0111-3N PLANTA OP (EX FARAH) OP MINING CHILE SpA COBRE-ORO-HIERRO Copiapó TRANQUE DE RELAVE","source_file":"geonoxa_relaves_panel.geojson"},"geometry":{"type":"Point","coordinates":[-70.34599566,-27.4066315]}},{"type":"Feature","properties":{"familia":"relaves","tipo_objeto":"Relave","id_objeto":"0112-3N","nombre_objeto":"PLANTA OP (EX FARAH)","nombre_relave":"PLANTA OP (EX FARAH)","titular":"OP MINING CHILE SpA","empresa":"OP MINING CHILE SpA","faena":"PLANTA OP (EX FARAH)","recurso":"COBRE-ORO","comuna":"Copiapó","tipo_deposito":"EMBALSE","metodo_constructivo":"","shape_area_m2":12100.2579,"bbox":[-70.34418576,-27.40343088,-70.34418576,-27.40343088],"lat":-27.40343088,"lon":-70.34418576,"nombre_busq":"0112-3N PLANTA OP (EX FARAH) OP MINING CHILE SpA COBRE-ORO Copiapó EMBALSE","source_file":"geonoxa_relaves_panel.geojson"},"geometry":{"type":"Point","coordinates":[-70.34418576,-27.40343088]}},{"type":"Feature","properties":{"familia":"relaves","tipo_objeto":"Relave","id_objeto":"0113-3N","nombre_objeto":"PLANTA ARCADIO","nombre_relave":"PLANTA ARCADIO","titular":"INVERSIONES Y ASESORIAS DEL NORTE SPA","empresa":"INVERSIONES Y ASESORIAS DEL NORTE SPA","faena":"PLANTA ARCADIO","recurso":"COBRE-ORO","comuna":"Copiapó","tipo_deposito":"EMBALSE","metodo_constructivo":"","shape_area_m2":3174.677987,"bbox":[-70.35552504,-27.40800303,-70.35552504,-27.40800303],"lat":-27.40800303,"lon":-70.35552504,"nombre_busq":"0113-3N PLANTA ARCADIO INVERSIONES Y ASESORIAS DEL NORTE SPA COBRE-ORO Copiapó EMBALSE","source_file":"geonoxa_relaves_panel.geojson"},"geometry":{"type":"Point","coordinates":[-70.35552504,-27.40800303]}},{"type":"Feature","properties":{"familia":"relaves","tipo_objeto":"Relave","id_objeto":"0114-3N","nombre_objeto":"PLANTA LICEO MANUEL MAGALHAES","nombre_relave":"PLANTA LICEO MANUEL MAGALHAES","titular":"LOS COBRES DE ATACAMA","empresa":"LOS COBRES DE ATACAMA","faena":"PLANTA LICEO MANUEL MAGALHAES","recurso":"COBRE","comuna":"Diego de Almagro","tipo_deposito":"EMBALSE","metodo_constructivo":"AGUAS ABAJO","shape_area_m2":4023.319817,"bbox":[-70.05325373,-26.38931037,-70.05325373,-26.38931037],"lat":-26.38931037,"lon":-70.05325373,"nombre_busq":"0114-3N PLANTA LICEO MANUEL MAGALHAES LOS COBRES DE ATACAMA COBRE Diego de Almagro EMBALSE AGUAS ABAJO","source_file":"geonoxa_relaves_panel.geojson"},"geometry":{"type":"Point","coordinates":[-70.05325373,-26.38931037]}},{"type":"Feature","properties":{"familia":"relaves","tipo_objeto":"Relave","id_objeto":"0115-3N","nombre_objeto":"PLANTA ANDACOLLO","nombre_relave":"PLANTA ANDACOLLO","titular":"CRISTIAN VEGA PINTO","empresa":"CRISTIAN VEGA PINTO","faena":"PLANTA ANDACOLLO","recurso":"COBRE","comuna":"Copiapó","tipo_deposito":"EMBALSE","metodo_constructivo":"","shape_area_m2":2109.535506,"bbox":[-70.38736842,-27.41838268,-70.38736842,-27.41838268],"lat":-27.41838268,"lon":-70.38736842,"nombre_busq":"0115-3N PLANTA ANDACOLLO CRISTIAN VEGA PINTO COBRE Copiapó EMBALSE","source_file":"geonoxa_relaves_panel.geojson"},"geometry":{"type":"Point","coordinates":[-70.38736842,-27.41838268]}},{"type":"Feature","properties":{"familia":"relaves","tipo_objeto":"Relave","id_objeto":"0116-3N","nombre_objeto":"PLANTA ANDREA","nombre_relave":"PLANTA ANDREA","titular":"SCM SAN SEBASTIAN","empresa":"SCM SAN SEBASTIAN","faena":"PLANTA ANDREA","recurso":"COBRE-ORO","comuna":"Copiapó","tipo_deposito":"TRANQUE DE RELAVE","metodo_constructivo":"","shape_area_m2":2324.406634,"bbox":[-70.29027792,-27.37841808,-70.29027792,-27.37841808],"lat":-27.37841808,"lon":-70.29027792,"nombre_busq":"0116-3N PLANTA ANDREA SCM SAN SEBASTIAN COBRE-ORO Copiapó TRANQUE DE RELAVE","source_file":"geonoxa_relaves_panel.geojson"},"geometry":{"type":"Point","coordinates":[-70.29027792,-27.37841808]}},{"type":"Feature","properties":{"familia":"relaves","tipo_objeto":"Relave","id_objeto":"0117-3N","nombre_objeto":"PLANTA COBRE NORTE","nombre_relave":"PLANTA COBRE NORTE","titular":"INVERSIONES NUTRAM S.A.","empresa":"INVERSIONES NUTRAM S.A.","faena":"PLANTA COBRE NORTE","recurso":"COBRE","comuna":"Vallenar","tipo_deposito":"TRANQUE DE RELAVE","metodo_constructivo":"AGUAS ABAJO","shape_area_m2":101893.0578,"bbox":[-70.73705008,-28.54813861,-70.73705008,-28.54813861],"lat":-28.54813861,"lon":-70.73705008,"nombre_busq":"0117-3N PLANTA COBRE NORTE INVERSIONES NUTRAM S.A. COBRE Vallenar TRANQUE DE RELAVE AGUAS ABAJO","source_file":"geonoxa_relaves_panel.geojson"},"geometry":{"type":"Point","coordinates":[-70.73705008,-28.54813861]}},{"type":"Feature","properties":{"familia":"relaves","tipo_objeto":"Relave","id_objeto":"0118-3N","nombre_objeto":"PLANTA CARMEN","nombre_relave":"PLANTA CARMEN","titular":"DESCONOCIDO","empresa":"DESCONOCIDO","faena":"PLANTA CARMEN","recurso":"COBRE-ORO","comuna":"Vallenar","tipo_deposito":"ACOPIO","metodo_constructivo":"NO APLICA","shape_area_m2":9852.753443,"bbox":[-70.74782501,-28.58511393,-70.74782501,-28.58511393],"lat":-28.58511393,"lon":-70.74782501,"nombre_busq":"0118-3N PLANTA CARMEN DESCONOCIDO COBRE-ORO Vallenar ACOPIO NO APLICA","source_file":"geonoxa_relaves_panel.geojson"},"geometry":{"type":"Point","coordinates":[-70.74782501,-28.58511393]}},{"type":"Feature","properties":{"familia":"relaves","tipo_objeto":"Relave","id_objeto":"0119-3N","nombre_objeto":"PLANTA CALLEJAS VALLENAR","nombre_relave":"PLANTA CALLEJAS VALLENAR","titular":"DESCONOCIDO","empresa":"DESCONOCIDO","faena":"PLANTA CALLEJAS VALLENAR","recurso":"COBRE-ORO","comuna":"Vallenar","tipo_deposito":"ACOPIO","metodo_constructivo":"NO APLICA","shape_area_m2":2491.989104,"bbox":[-70.77052733,-28.57304202,-70.77052733,-28.57304202],"lat":-28.57304202,"lon":-70.77052733,"nombre_busq":"0119-3N PLANTA CALLEJAS VALLENAR DESCONOCIDO COBRE-ORO Vallenar ACOPIO NO APLICA","source_file":"geonoxa_relaves_panel.geojson"},"geometry":{"type":"Point","coordinates":[-70.77052733,-28.57304202]}},{"type":"Feature","properties":{"familia":"relaves","tipo_objeto":"Relave","id_objeto":"0120-3N","nombre_objeto":"PLANTA TORINO","nombre_relave":"PLANTA TORINO","titular":"DESCONOCIDO","empresa":"DESCONOCIDO","faena":"PLANTA TORINO","recurso":"COBRE-ORO","comuna":"Vallenar","tipo_deposito":"ACOPIO","metodo_constructivo":"NO APLICA","shape_area_m2":12982.14194,"bbox":[-70.74328298,-28.58682709,-70.74328298,-28.58682709],"lat":-28.58682709,"lon":-70.74328298,"nombre_busq":"0120-3N PLANTA TORINO DESCONOCIDO COBRE-ORO Vallenar ACOPIO NO APLICA","source_file":"geonoxa_relaves_panel.geojson"},"geometry":{"type":"Point","coordinates":[-70.74328298,-28.58682709]}},{"type":"Feature","properties":{"familia":"relaves","tipo_objeto":"Relave","id_objeto":"0121-3N","nombre_objeto":"PLANTA TORINO","nombre_relave":"PLANTA TORINO","titular":"DESCONOCIDO","empresa":"DESCONOCIDO","faena":"PLANTA TORINO","recurso":"COBRE-ORO","comuna":"Vallenar","tipo_deposito":"ACOPIO","metodo_constructivo":"NO APLICA","shape_area_m2":13923.67854,"bbox":[-70.7421009,-28.58778985,-70.7421009,-28.58778985],"lat":-28.58778985,"lon":-70.7421009,"nombre_busq":"0121-3N PLANTA TORINO DESCONOCIDO COBRE-ORO Vallenar ACOPIO NO APLICA","source_file":"geonoxa_relaves_panel.geojson"},"geometry":{"type":"Point","coordinates":[-70.7421009,-28.58778985]}},{"type":"Feature","properties":{"familia":"relaves","tipo_objeto":"Relave","id_objeto":"0122-3N","nombre_objeto":"PLANTA SANTA TERESA","nombre_relave":"PLANTA SANTA TERESA","titular":"ELIAS RESK CONTRERAS (SOC. MINERA SANTA TERESA)","empresa":"ELIAS RESK CONTRERAS (SOC. MINERA SANTA TERESA)","faena":"PLANTA SANTA TERESA","recurso":"ORO","comuna":"Copiapó","tipo_deposito":"TRANQUE DE RELAVE","metodo_constructivo":"EJE CENTRAL","shape_area_m2":2508.850229,"bbox":[-70.34614069,-27.39659407,-70.34614069,-27.39659407],"lat":-27.39659407,"lon":-70.34614069,"nombre_busq":"0122-3N PLANTA SANTA TERESA ELIAS RESK CONTRERAS (SOC. MINERA SANTA TERESA) ORO Copiapó TRANQUE DE RELAVE EJE CENTRAL","source_file":"geonoxa_relaves_panel.geojson"},"geometry":{"type":"Point","coordinates":[-70.34614069,-27.39659407]}},{"type":"Feature","properties":{"familia":"relaves","tipo_objeto":"Relave","id_objeto":"0123-3N","nombre_objeto":"PLANTA SANTA TERESA","nombre_relave":"PLANTA SANTA TERESA","titular":"ELIAS RESK CONTRERAS (SOC. MINERA SANTA TERESA)","empresa":"ELIAS RESK CONTRERAS (SOC. MINERA SANTA TERESA)","faena":"PLANTA SANTA TERESA","recurso":"ORO","comuna":"Copiapó","tipo_deposito":"TRANQUE DE RELAVE","metodo_constructivo":"EJE CENTRAL","shape_area_m2":2482.241093,"bbox":[-70.34568923,-27.39658403,-70.34568923,-27.39658403],"lat":-27.39658403,"lon":-70.34568923,"nombre_busq":"0123-3N PLANTA SANTA TERESA ELIAS RESK CONTRERAS (SOC. MINERA SANTA TERESA) ORO Copiapó TRANQUE DE RELAVE EJE CENTRAL","source_file":"geonoxa_relaves_panel.geojson"},"geometry":{"type":"Point","coordinates":[-70.34568923,-27.39658403]}},{"type":"Feature","properties":{"familia":"relaves","tipo_objeto":"Relave","id_objeto":"0124-3N","nombre_objeto":"PLANTA SANTA TERESA","nombre_relave":"PLANTA SANTA TERESA","titular":"ELIAS RESK CONTRERAS (SOC. MINERA SANTA TERESA)","empresa":"ELIAS RESK CONTRERAS (SOC. MINERA SANTA TERESA)","faena":"PLANTA SANTA TERESA","recurso":"ORO","comuna":"Copiapó","tipo_deposito":"TRANQUE DE RELAVE","metodo_constructivo":"EJE CENTRAL","shape_area_m2":1695.630201,"bbox":[-70.34532599,-27.39656821,-70.34532599,-27.39656821],"lat":-27.39656821,"lon":-70.34532599,"nombre_busq":"0124-3N PLANTA SANTA TERESA ELIAS RESK CONTRERAS (SOC. MINERA SANTA TERESA) ORO Copiapó TRANQUE DE RELAVE EJE CENTRAL","source_file":"geonoxa_relaves_panel.geojson"},"geometry":{"type":"Point","coordinates":[-70.34532599,-27.39656821]}},{"type":"Feature","properties":{"familia":"relaves","tipo_objeto":"Relave","id_objeto":"0125-3N","nombre_objeto":"PLANTA SANTA TERESA","nombre_relave":"PLANTA SANTA TERESA","titular":"ELIAS RESK CONTRERAS (SOC. MINERA SANTA TERESA)","empresa":"ELIAS RESK CONTRERAS (SOC. MINERA SANTA TERESA)","faena":"PLANTA SANTA TERESA","recurso":"ORO","comuna":"Copiapó","tipo_deposito":"TRANQUE DE RELAVE","metodo_constructivo":"EJE CENTRAL","shape_area_m2":5184.428141,"bbox":[-70.34497292,-27.39621762,-70.34497292,-27.39621762],"lat":-27.39621762,"lon":-70.34497292,"nombre_busq":"0125-3N PLANTA SANTA TERESA ELIAS RESK CONTRERAS (SOC. MINERA SANTA TERESA) ORO Copiapó TRANQUE DE RELAVE EJE CENTRAL","source_file":"geonoxa_relaves_panel.geojson"},"geometry":{"type":"Point","coordinates":[-70.34497292,-27.39621762]}},{"type":"Feature","properties":{"familia":"relaves","tipo_objeto":"Relave","id_objeto":"0126-3N","nombre_objeto":"PLANTA MONSERRAT","nombre_relave":"PLANTA MONSERRAT","titular":"OSCAR GOMEZ ESCOBAR","empresa":"OSCAR GOMEZ ESCOBAR","faena":"PLANTA MONSERRAT","recurso":"ORO","comuna":"Copiapó","tipo_deposito":"EMBALSE","metodo_constructivo":"AGUAS ABAJO","shape_area_m2":9750.196083,"bbox":[-70.35884087,-27.41151239,-70.35884087,-27.41151239],"lat":-27.41151239,"lon":-70.35884087,"nombre_busq":"0126-3N PLANTA MONSERRAT OSCAR GOMEZ ESCOBAR ORO Copiapó EMBALSE AGUAS ABAJO","source_file":"geonoxa_relaves_panel.geojson"},"geometry":{"type":"Point","coordinates":[-70.35884087,-27.41151239]}},{"type":"Feature","properties":{"familia":"relaves","tipo_objeto":"Relave","id_objeto":"0127-3N","nombre_objeto":"PLANTA COYANCURA","nombre_relave":"PLANTA COYANCURA","titular":"INVERSIONES E INMOBILARIA COYANCURA LTDA","empresa":"INVERSIONES E INMOBILARIA COYANCURA LTDA","faena":"PLANTA COYANCURA","recurso":"COBRE","comuna":"Tierra Amarilla","tipo_deposito":"EMBALSE","metodo_constructivo":"","shape_area_m2":25604.76354,"bbox":[-70.03575668,-28.07027905,-70.03575668,-28.07027905],"lat":-28.07027905,"lon":-70.03575668,"nombre_busq":"0127-3N PLANTA COYANCURA INVERSIONES E INMOBILARIA COYANCURA LTDA COBRE Tierra Amarilla EMBALSE","source_file":"geonoxa_relaves_panel.geojson"},"geometry":{"type":"Point","coordinates":[-70.03575668,-28.07027905]}},{"type":"Feature","properties":{"familia":"relaves","tipo_objeto":"Relave","id_objeto":"0128-3N","nombre_objeto":"PLANTA COYANCURA","nombre_relave":"PLANTA COYANCURA","titular":"INVERSIONES E INMOBILARIA COYANCURA LTDA","empresa":"INVERSIONES E INMOBILARIA COYANCURA LTDA","faena":"PLANTA COYANCURA","recurso":"COBRE","comuna":"Tierra Amarilla","tipo_deposito":"EMBALSE","metodo_constructivo":"","shape_area_m2":16990.43371,"bbox":[-70.03573198,-28.06448505,-70.03573198,-28.06448505],"lat":-28.06448505,"lon":-70.03573198,"nombre_busq":"0128-3N PLANTA COYANCURA INVERSIONES E INMOBILARIA COYANCURA LTDA COBRE Tierra Amarilla EMBALSE","source_file":"geonoxa_relaves_panel.geojson"},"geometry":{"type":"Point","coordinates":[-70.03573198,-28.06448505]}},{"type":"Feature","properties":{"familia":"relaves","tipo_objeto":"Relave","id_objeto":"0129-3N","nombre_objeto":"KOZAN","nombre_relave":"KOZAN","titular":"SCM ATACAMA KOZAN","empresa":"SCM ATACAMA KOZAN","faena":"KOZAN","recurso":"COBRE","comuna":"Copiapó","tipo_deposito":"TRANQUE DE RELAVE","metodo_constructivo":"AGUAS ABAJO","shape_area_m2":549558.2802,"bbox":[-70.26612764,-27.37625283,-70.26612764,-27.37625283],"lat":-27.37625283,"lon":-70.26612764,"nombre_busq":"0129-3N KOZAN SCM ATACAMA KOZAN COBRE Copiapó TRANQUE DE RELAVE AGUAS ABAJO","source_file":"geonoxa_relaves_panel.geojson"},"geometry":{"type":"Point","coordinates":[-70.26612764,-27.37625283]}},{"type":"Feature","properties":{"familia":"relaves","tipo_objeto":"Relave","id_objeto":"0130-3N","nombre_objeto":"KOZAN","nombre_relave":"KOZAN","titular":"SCM ATACAMA KOZAN","empresa":"SCM ATACAMA KOZAN","faena":"KOZAN","recurso":"COBRE","comuna":"Copiapó","tipo_deposito":"FILTRADO","metodo_constructivo":"NO APLICA","shape_area_m2":361497.847,"bbox":[-70.26126028,-27.38344094,-70.26126028,-27.38344094],"lat":-27.38344094,"lon":-70.26126028,"nombre_busq":"0130-3N KOZAN SCM ATACAMA KOZAN COBRE Copiapó FILTRADO NO APLICA","source_file":"geonoxa_relaves_panel.geojson"},"geometry":{"type":"Point","coordinates":[-70.26126028,-27.38344094]}},{"type":"Feature","properties":{"familia":"relaves","tipo_objeto":"Relave","id_objeto":"0131-3N","nombre_objeto":"PLANTA EL CATEADOR","nombre_relave":"PLANTA EL CATEADOR","titular":"SOTRATEC-MINART LTDA.","empresa":"SOTRATEC-MINART LTDA.","faena":"PLANTA EL CATEADOR","recurso":"COBRE","comuna":"Copiapó","tipo_deposito":"EMBALSE","metodo_constructivo":"","shape_area_m2":3481.556517,"bbox":[-70.35630726,-27.40803736,-70.35630726,-27.40803736],"lat":-27.40803736,"lon":-70.35630726,"nombre_busq":"0131-3N PLANTA EL CATEADOR SOTRATEC-MINART LTDA. COBRE Copiapó EMBALSE","source_file":"geonoxa_relaves_panel.geojson"},"geometry":{"type":"Point","coordinates":[-70.35630726,-27.40803736]}},{"type":"Feature","properties":{"familia":"relaves","tipo_objeto":"Relave","id_objeto":"0132-3N","nombre_objeto":"PLANTA NENITA I","nombre_relave":"PLANTA NENITA I","titular":"SLM NENITA PRIMERA","empresa":"SLM NENITA PRIMERA","faena":"PLANTA NENITA I","recurso":"ORO","comuna":"Diego de Almagro","tipo_deposito":"EMBALSE","metodo_constructivo":"","shape_area_m2":12361.28779,"bbox":[-69.90172439,-26.75032928,-69.90172439,-26.75032928],"lat":-26.75032928,"lon":-69.90172439,"nombre_busq":"0132-3N PLANTA NENITA I SLM NENITA PRIMERA ORO Diego de Almagro EMBALSE","source_file":"geonoxa_relaves_panel.geojson"},"geometry":{"type":"Point","coordinates":[-69.90172439,-26.75032928]}},{"type":"Feature","properties":{"familia":"relaves","tipo_objeto":"Relave","id_objeto":"0133-3N","nombre_objeto":"PLANTA CANDELARIA","nombre_relave":"PLANTA CANDELARIA","titular":"SLM ESCONDIDA UNA DE LAS SIERRAS RAJO DE ORO","empresa":"SLM ESCONDIDA UNA DE LAS SIERRAS RAJO DE ORO","faena":"PLANTA CANDELARIA","recurso":"COBRE","comuna":"Copiapó","tipo_deposito":"ACOPIO","metodo_constructivo":"NO APLICA","shape_area_m2":2253.621374,"bbox":[-70.31527967,-27.42513075,-70.31527967,-27.42513075],"lat":-27.42513075,"lon":-70.31527967,"nombre_busq":"0133-3N PLANTA CANDELARIA SLM ESCONDIDA UNA DE LAS SIERRAS RAJO DE ORO COBRE Copiapó ACOPIO NO APLICA","source_file":"geonoxa_relaves_panel.geojson"},"geometry":{"type":"Point","coordinates":[-70.31527967,-27.42513075]}},{"type":"Feature","properties":{"familia":"relaves","tipo_objeto":"Relave","id_objeto":"0134-3N","nombre_objeto":"PLANTA CANDELARIA","nombre_relave":"PLANTA CANDELARIA","titular":"SLM ESCONDIDA UNA DE LAS SIERRAS RAJO DE ORO","empresa":"SLM ESCONDIDA UNA DE LAS SIERRAS RAJO DE ORO","faena":"PLANTA CANDELARIA","recurso":"COBRE","comuna":"Copiapó","tipo_deposito":"ACOPIO","metodo_constructivo":"NO APLICA","shape_area_m2":5408.40896,"bbox":[-70.31507785,-27.42465927,-70.31507785,-27.42465927],"lat":-27.42465927,"lon":-70.31507785,"nombre_busq":"0134-3N PLANTA CANDELARIA SLM ESCONDIDA UNA DE LAS SIERRAS RAJO DE ORO COBRE Copiapó ACOPIO NO APLICA","source_file":"geonoxa_relaves_panel.geojson"},"geometry":{"type":"Point","coordinates":[-70.31507785,-27.42465927]}},{"type":"Feature","properties":{"familia":"relaves","tipo_objeto":"Relave","id_objeto":"0135-3N","nombre_objeto":"PLANTA CANDELARIA","nombre_relave":"PLANTA CANDELARIA","titular":"SLM ESCONDIDA UNA DE LAS SIERRAS RAJO DE ORO","empresa":"SLM ESCONDIDA UNA DE LAS SIERRAS RAJO DE ORO","faena":"PLANTA CANDELARIA","recurso":"COBRE","comuna":"Copiapó","tipo_deposito":"EMBALSE","metodo_constructivo":"","shape_area_m2":1559.443672,"bbox":[-70.31592607,-27.42439243,-70.31592607,-27.42439243],"lat":-27.42439243,"lon":-70.31592607,"nombre_busq":"0135-3N PLANTA CANDELARIA SLM ESCONDIDA UNA DE LAS SIERRAS RAJO DE ORO COBRE Copiapó EMBALSE","source_file":"geonoxa_relaves_panel.geojson"},"geometry":{"type":"Point","coordinates":[-70.31592607,-27.42439243]}},{"type":"Feature","properties":{"familia":"relaves","tipo_objeto":"Relave","id_objeto":"0136-3N","nombre_objeto":"PLANTA ANDREA","nombre_relave":"PLANTA ANDREA","titular":"COMERCIAL LEDESMA REPRESENTACIONES","empresa":"COMERCIAL LEDESMA REPRESENTACIONES","faena":"PLANTA ANDREA","recurso":"ORO-COBRE","comuna":"Copiapó","tipo_deposito":"EMBALSE","metodo_constructivo":"","shape_area_m2":4849.844551,"bbox":[-70.29056894,-27.37887164,-70.29056894,-27.37887164],"lat":-27.37887164,"lon":-70.29056894,"nombre_busq":"0136-3N PLANTA ANDREA COMERCIAL LEDESMA REPRESENTACIONES ORO-COBRE Copiapó EMBALSE","source_file":"geonoxa_relaves_panel.geojson"},"geometry":{"type":"Point","coordinates":[-70.29056894,-27.37887164]}},{"type":"Feature","properties":{"familia":"relaves","tipo_objeto":"Relave","id_objeto":"0137-3N","nombre_objeto":"LA COIPA","nombre_relave":"LA COIPA","titular":"CIA. MINERA MANTOS DE ORO","empresa":"CIA. MINERA MANTOS DE ORO","faena":"LA COIPA","recurso":"ORO-PLATA","comuna":"Copiapó","tipo_deposito":"FILTRADO","metodo_constructivo":"NO APLICA","shape_area_m2":640246.3118,"bbox":[-69.28176424,-26.82977405,-69.28176424,-26.82977405],"lat":-26.82977405,"lon":-69.28176424,"nombre_busq":"0137-3N LA COIPA CIA. MINERA MANTOS DE ORO ORO-PLATA Copiapó FILTRADO NO APLICA","source_file":"geonoxa_relaves_panel.geojson"},"geometry":{"type":"Point","coordinates":[-69.28176424,-26.82977405]}},{"type":"Feature","properties":{"familia":"relaves","tipo_objeto":"Relave","id_objeto":"0138-3N","nombre_objeto":"LA COIPA","nombre_relave":"LA COIPA","titular":"CIA. MINERA MANTOS DE ORO","empresa":"CIA. MINERA MANTOS DE ORO","faena":"LA COIPA","recurso":"ORO-PLATA","comuna":"Copiapó","tipo_deposito":"TRANQUE DE RELAVE","metodo_constructivo":"","shape_area_m2":761300.1787,"bbox":[-69.28027891,-26.83689104,-69.28027891,-26.83689104],"lat":-26.83689104,"lon":-69.28027891,"nombre_busq":"0138-3N LA COIPA CIA. MINERA MANTOS DE ORO ORO-PLATA Copiapó TRANQUE DE RELAVE","source_file":"geonoxa_relaves_panel.geojson"},"geometry":{"type":"Point","coordinates":[-69.28027891,-26.83689104]}},{"type":"Feature","properties":{"familia":"relaves","tipo_objeto":"Relave","id_objeto":"0139-3N","nombre_objeto":"PLANTA CORONA","nombre_relave":"PLANTA CORONA","titular":"SOC. MINERA CANDELARIA","empresa":"SOC. MINERA CANDELARIA","faena":"PLANTA CORONA","recurso":"COBRE","comuna":"Copiapó","tipo_deposito":"EMBALSE","metodo_constructivo":"EJE CENTRAL","shape_area_m2":6572.396197,"bbox":[-70.33782804,-27.3907709,-70.33782804,-27.3907709],"lat":-27.3907709,"lon":-70.33782804,"nombre_busq":"0139-3N PLANTA CORONA SOC. MINERA CANDELARIA COBRE Copiapó EMBALSE EJE CENTRAL","source_file":"geonoxa_relaves_panel.geojson"},"geometry":{"type":"Point","coordinates":[-70.33782804,-27.3907709]}},{"type":"Feature","properties":{"familia":"relaves","tipo_objeto":"Relave","id_objeto":"0140-3N","nombre_objeto":"PLANTA CORONA","nombre_relave":"PLANTA CORONA","titular":"SOC. MINERA CANDELARIA","empresa":"SOC. MINERA CANDELARIA","faena":"PLANTA CORONA","recurso":"COBRE","comuna":"Copiapó","tipo_deposito":"TRANQUE DE RELAVE","metodo_constructivo":"EJE CENTRAL","shape_area_m2":8424.328424,"bbox":[-70.33691387,-27.39111493,-70.33691387,-27.39111493],"lat":-27.39111493,"lon":-70.33691387,"nombre_busq":"0140-3N PLANTA CORONA SOC. MINERA CANDELARIA COBRE Copiapó TRANQUE DE RELAVE EJE CENTRAL","source_file":"geonoxa_relaves_panel.geojson"},"geometry":{"type":"Point","coordinates":[-70.33691387,-27.39111493]}},{"type":"Feature","properties":{"familia":"relaves","tipo_objeto":"Relave","id_objeto":"0141-3N","nombre_objeto":"PLANTA PUERTO RICO","nombre_relave":"PLANTA PUERTO RICO","titular":"MINE TRADE SPA","empresa":"MINE TRADE SPA","faena":"PLANTA PUERTO RICO","recurso":"COBRE","comuna":"Copiapó","tipo_deposito":"TRANQUE DE RELAVE","metodo_constructivo":"EJE CENTRAL","shape_area_m2":12395.79022,"bbox":[-70.3428889,-27.3897603,-70.3428889,-27.3897603],"lat":-27.3897603,"lon":-70.3428889,"nombre_busq":"0141-3N PLANTA PUERTO RICO MINE TRADE SPA COBRE Copiapó TRANQUE DE RELAVE EJE CENTRAL","source_file":"geonoxa_relaves_panel.geojson"},"geometry":{"type":"Point","coordinates":[-70.3428889,-27.3897603]}},{"type":"Feature","properties":{"familia":"relaves","tipo_objeto":"Relave","id_objeto":"0142-3N","nombre_objeto":"PLANTA SAN EDUARDO","nombre_relave":"PLANTA SAN EDUARDO","titular":"MINEX S.A.","empresa":"MINEX S.A.","faena":"PLANTA SAN EDUARDO","recurso":"COBRE","comuna":"Copiapó","tipo_deposito":"EMBALSE","metodo_constructivo":"EXCAVACION TERRENO","shape_area_m2":1245.77739,"bbox":[-70.35590733,-27.41422736,-70.35590733,-27.41422736],"lat":-27.41422736,"lon":-70.35590733,"nombre_busq":"0142-3N PLANTA SAN EDUARDO MINEX S.A. COBRE Copiapó EMBALSE EXCAVACION TERRENO","source_file":"geonoxa_relaves_panel.geojson"},"geometry":{"type":"Point","coordinates":[-70.35590733,-27.41422736]}},{"type":"Feature","properties":{"familia":"relaves","tipo_objeto":"Relave","id_objeto":"0143-3N","nombre_objeto":"PLANTA SAN EDUARDO","nombre_relave":"PLANTA SAN EDUARDO","titular":"MINEX S.A.","empresa":"MINEX S.A.","faena":"PLANTA SAN EDUARDO","recurso":"COBRE","comuna":"Copiapó","tipo_deposito":"EMBALSE","metodo_constructivo":"EXCAVACION TERRENO","shape_area_m2":795.3891344,"bbox":[-70.35650351,-27.41422946,-70.35650351,-27.41422946],"lat":-27.41422946,"lon":-70.35650351,"nombre_busq":"0143-3N PLANTA SAN EDUARDO MINEX S.A. COBRE Copiapó EMBALSE EXCAVACION TERRENO","source_file":"geonoxa_relaves_panel.geojson"},"geometry":{"type":"Point","coordinates":[-70.35650351,-27.41422946]}},{"type":"Feature","properties":{"familia":"relaves","tipo_objeto":"Relave","id_objeto":"0144-3N","nombre_objeto":"PLANTA SAN EDUARDO","nombre_relave":"PLANTA SAN EDUARDO","titular":"MINEX S.A.","empresa":"MINEX S.A.","faena":"PLANTA SAN EDUARDO","recurso":"COBRE","comuna":"Copiapó","tipo_deposito":"EMBALSE","metodo_constructivo":"EXCAVACION TERRENO","shape_area_m2":2798.996297,"bbox":[-70.3561687,-27.41470733,-70.3561687,-27.41470733],"lat":-27.41470733,"lon":-70.3561687,"nombre_busq":"0144-3N PLANTA SAN EDUARDO MINEX S.A. COBRE Copiapó EMBALSE EXCAVACION TERRENO","source_file":"geonoxa_relaves_panel.geojson"},"geometry":{"type":"Point","coordinates":[-70.3561687,-27.41470733]}},{"type":"Feature","properties":{"familia":"relaves","tipo_objeto":"Relave","id_objeto":"0145-3N","nombre_objeto":"PLANTA SAN JOAQUIN","nombre_relave":"PLANTA SAN JOAQUIN","titular":"SOC. MINERA SAN JOAQUIN","empresa":"SOC. MINERA SAN JOAQUIN","faena":"PLANTA SAN JOAQUIN","recurso":"COBRE-ORO","comuna":"Tierra Amarilla","tipo_deposito":"TRANQUE DE RELAVE","metodo_constructivo":"AGUAS ARRIBA","shape_area_m2":3873.090988,"bbox":[-70.27163051,-27.44325689,-70.27163051,-27.44325689],"lat":-27.44325689,"lon":-70.27163051,"nombre_busq":"0145-3N PLANTA SAN JOAQUIN SOC. MINERA SAN JOAQUIN COBRE-ORO Tierra Amarilla TRANQUE DE RELAVE AGUAS ARRIBA","source_file":"geonoxa_relaves_panel.geojson"},"geometry":{"type":"Point","coordinates":[-70.27163051,-27.44325689]}},{"type":"Feature","properties":{"familia":"relaves","tipo_objeto":"Relave","id_objeto":"0146-3N","nombre_objeto":"PLANTA SAN JOAQUIN","nombre_relave":"PLANTA SAN JOAQUIN","titular":"SOC. MINERA SAN JOAQUIN","empresa":"SOC. MINERA SAN JOAQUIN","faena":"PLANTA SAN JOAQUIN","recurso":"COBRE-ORO","comuna":"Tierra Amarilla","tipo_deposito":"TRANQUE DE RELAVE","metodo_constructivo":"AGUAS ARRIBA","shape_area_m2":1828.375235,"bbox":[-70.2726512,-27.442886,-70.2726512,-27.442886],"lat":-27.442886,"lon":-70.2726512,"nombre_busq":"0146-3N PLANTA SAN JOAQUIN SOC. MINERA SAN JOAQUIN COBRE-ORO Tierra Amarilla TRANQUE DE RELAVE AGUAS ARRIBA","source_file":"geonoxa_relaves_panel.geojson"},"geometry":{"type":"Point","coordinates":[-70.2726512,-27.442886]}},{"type":"Feature","properties":{"familia":"relaves","tipo_objeto":"Relave","id_objeto":"0147-3N","nombre_objeto":"PLANTA SAN JOAQUIN","nombre_relave":"PLANTA SAN JOAQUIN","titular":"SOC. MINERA SAN JOAQUIN","empresa":"SOC. MINERA SAN JOAQUIN","faena":"PLANTA SAN JOAQUIN","recurso":"COBRE-ORO","comuna":"Tierra Amarilla","tipo_deposito":"TRANQUE DE RELAVE","metodo_constructivo":"AGUAS ARRIBA","shape_area_m2":3167.459322,"bbox":[-70.27207116,-27.44293427,-70.27207116,-27.44293427],"lat":-27.44293427,"lon":-70.27207116,"nombre_busq":"0147-3N PLANTA SAN JOAQUIN SOC. MINERA SAN JOAQUIN COBRE-ORO Tierra Amarilla TRANQUE DE RELAVE AGUAS ARRIBA","source_file":"geonoxa_relaves_panel.geojson"},"geometry":{"type":"Point","coordinates":[-70.27207116,-27.44293427]}},{"type":"Feature","properties":{"familia":"relaves","tipo_objeto":"Relave","id_objeto":"0148-3N","nombre_objeto":"PLANTA FALDA VERDE","nombre_relave":"PLANTA FALDA VERDE","titular":"CIA. MINERA FALDA VERDE","empresa":"CIA. MINERA FALDA VERDE","faena":"PLANTA FALDA VERDE","recurso":"COBRE","comuna":"Chañaral","tipo_deposito":"EMBALSE","metodo_constructivo":"","shape_area_m2":49531.68798,"bbox":[-70.60552135,-26.32049595,-70.60552135,-26.32049595],"lat":-26.32049595,"lon":-70.60552135,"nombre_busq":"0148-3N PLANTA FALDA VERDE CIA. MINERA FALDA VERDE COBRE Chañaral EMBALSE","source_file":"geonoxa_relaves_panel.geojson"},"geometry":{"type":"Point","coordinates":[-70.60552135,-26.32049595]}},{"type":"Feature","properties":{"familia":"relaves","tipo_objeto":"Relave","id_objeto":"0149-3N","nombre_objeto":"PLANTA FALDA VERDE","nombre_relave":"PLANTA FALDA VERDE","titular":"CIA. MINERA FALDA VERDE","empresa":"CIA. MINERA FALDA VERDE","faena":"PLANTA FALDA VERDE","recurso":"ORO","comuna":"Chañaral","tipo_deposito":"EMBALSE","metodo_constructivo":"","shape_area_m2":29798.38422,"bbox":[-70.60906652,-26.31922442,-70.60906652,-26.31922442],"lat":-26.31922442,"lon":-70.60906652,"nombre_busq":"0149-3N PLANTA FALDA VERDE CIA. MINERA FALDA VERDE ORO Chañaral EMBALSE","source_file":"geonoxa_relaves_panel.geojson"},"geometry":{"type":"Point","coordinates":[-70.60906652,-26.31922442]}},{"type":"Feature","properties":{"familia":"relaves","tipo_objeto":"Relave","id_objeto":"0150-3N","nombre_objeto":"PLANTA FALDA VERDE","nombre_relave":"PLANTA FALDA VERDE","titular":"CIA. MINERA FALDA VERDE","empresa":"CIA. MINERA FALDA VERDE","faena":"PLANTA FALDA VERDE","recurso":"ORO","comuna":"Chañaral","tipo_deposito":"ACOPIO","metodo_constructivo":"NO APLICA","shape_area_m2":8026.478921,"bbox":[-70.6070758,-26.3201031,-70.6070758,-26.3201031],"lat":-26.3201031,"lon":-70.6070758,"nombre_busq":"0150-3N PLANTA FALDA VERDE CIA. MINERA FALDA VERDE ORO Chañaral ACOPIO NO APLICA","source_file":"geonoxa_relaves_panel.geojson"},"geometry":{"type":"Point","coordinates":[-70.6070758,-26.3201031]}},{"type":"Feature","properties":{"familia":"relaves","tipo_objeto":"Relave","id_objeto":"0151-3N","nombre_objeto":"PLANTA CERRILLOS","nombre_relave":"PLANTA CERRILLOS","titular":"GRUPO MINERO CAROLA COEMIN","empresa":"GRUPO MINERO CAROLA COEMIN","faena":"PLANTA CERRILLOS","recurso":"COBRE","comuna":"Tierra Amarilla","tipo_deposito":"TRANQUE DE RELAVE","metodo_constructivo":"AGUAS ABAJO","shape_area_m2":486615.8755,"bbox":[-70.24313962,-27.56367671,-70.24313962,-27.56367671],"lat":-27.56367671,"lon":-70.24313962,"nombre_busq":"0151-3N PLANTA CERRILLOS GRUPO MINERO CAROLA COEMIN COBRE Tierra Amarilla TRANQUE DE RELAVE AGUAS ABAJO","source_file":"geonoxa_relaves_panel.geojson"},"geometry":{"type":"Point","coordinates":[-70.24313962,-27.56367671]}},{"type":"Feature","properties":{"familia":"relaves","tipo_objeto":"Relave","id_objeto":"0152-3N","nombre_objeto":"PLANTA CERRILLOS","nombre_relave":"PLANTA CERRILLOS","titular":"GRUPO MINERO CAROLA COEMIN","empresa":"GRUPO MINERO CAROLA COEMIN","faena":"PLANTA CERRILLOS","recurso":"COBRE","comuna":"Tierra Amarilla","tipo_deposito":"TRANQUE DE RELAVE","metodo_constructivo":"EJE CENTRAL","shape_area_m2":220162.8785,"bbox":[-70.23295642,-27.57245539,-70.23295642,-27.57245539],"lat":-27.57245539,"lon":-70.23295642,"nombre_busq":"0152-3N PLANTA CERRILLOS GRUPO MINERO CAROLA COEMIN COBRE Tierra Amarilla TRANQUE DE RELAVE EJE CENTRAL","source_file":"geonoxa_relaves_panel.geojson"},"geometry":{"type":"Point","coordinates":[-70.23295642,-27.57245539]}},{"type":"Feature","properties":{"familia":"relaves","tipo_objeto":"Relave","id_objeto":"0153-3N","nombre_objeto":"PLANTA CERRILLOS","nombre_relave":"PLANTA CERRILLOS","titular":"GRUPO MINERO CAROLA COEMIN","empresa":"GRUPO MINERO CAROLA COEMIN","faena":"PLANTA CERRILLOS","recurso":"COBRE","comuna":"Tierra Amarilla","tipo_deposito":"EN PASTA","metodo_constructivo":"EJE CENTRAL","shape_area_m2":575206.6014,"bbox":[-70.20121092,-27.56383674,-70.20121092,-27.56383674],"lat":-27.56383674,"lon":-70.20121092,"nombre_busq":"0153-3N PLANTA CERRILLOS GRUPO MINERO CAROLA COEMIN COBRE Tierra Amarilla EN PASTA EJE CENTRAL","source_file":"geonoxa_relaves_panel.geojson"},"geometry":{"type":"Point","coordinates":[-70.20121092,-27.56383674]}},{"type":"Feature","properties":{"familia":"relaves","tipo_objeto":"Relave","id_objeto":"0154-3N","nombre_objeto":"PLANTA ELISA DE BORDOS","nombre_relave":"PLANTA ELISA DE BORDOS","titular":"CIA. EXPLORACION DE MINAS SAN ANDRES","empresa":"CIA. EXPLORACION DE MINAS SAN ANDRES","faena":"PLANTA ELISA DE BORDOS","recurso":"COBRE","comuna":"Tierra Amarilla","tipo_deposito":"TRANQUE DE RELAVE","metodo_constructivo":"AGUAS ARRIBA","shape_area_m2":82437.35081,"bbox":[-70.18905457,-27.71884207,-70.18905457,-27.71884207],"lat":-27.71884207,"lon":-70.18905457,"nombre_busq":"0154-3N PLANTA ELISA DE BORDOS CIA. EXPLORACION DE MINAS SAN ANDRES COBRE Tierra Amarilla TRANQUE DE RELAVE AGUAS ARRIBA","source_file":"geonoxa_relaves_panel.geojson"},"geometry":{"type":"Point","coordinates":[-70.18905457,-27.71884207]}},{"type":"Feature","properties":{"familia":"relaves","tipo_objeto":"Relave","id_objeto":"0155-3N","nombre_objeto":"PLANTA ELISA DE BORDOS","nombre_relave":"PLANTA ELISA DE BORDOS","titular":"CIA. EXPLORACION DE MINAS SAN ANDRES","empresa":"CIA. EXPLORACION DE MINAS SAN ANDRES","faena":"PLANTA ELISA DE BORDOS","recurso":"COBRE","comuna":"Tierra Amarilla","tipo_deposito":"TRANQUE DE RELAVE","metodo_constructivo":"","shape_area_m2":55710.31736,"bbox":[-70.18904384,-27.71680134,-70.18904384,-27.71680134],"lat":-27.71680134,"lon":-70.18904384,"nombre_busq":"0155-3N PLANTA ELISA DE BORDOS CIA. EXPLORACION DE MINAS SAN ANDRES COBRE Tierra Amarilla TRANQUE DE RELAVE","source_file":"geonoxa_relaves_panel.geojson"},"geometry":{"type":"Point","coordinates":[-70.18904384,-27.71680134]}},{"type":"Feature","properties":{"familia":"relaves","tipo_objeto":"Relave","id_objeto":"0156-3N","nombre_objeto":"PLANTA ELISA DE BORDOS","nombre_relave":"PLANTA ELISA DE BORDOS","titular":"CIA. EXPLORACION DE MINAS SAN ANDRES","empresa":"CIA. EXPLORACION DE MINAS SAN ANDRES","faena":"PLANTA ELISA DE BORDOS","recurso":"COBRE","comuna":"Tierra Amarilla","tipo_deposito":"ACOPIO","metodo_constructivo":"NO APLICA","shape_area_m2":17616.96268,"bbox":[-70.1858573,-27.71796621,-70.1858573,-27.71796621],"lat":-27.71796621,"lon":-70.1858573,"nombre_busq":"0156-3N PLANTA ELISA DE BORDOS CIA. EXPLORACION DE MINAS SAN ANDRES COBRE Tierra Amarilla ACOPIO NO APLICA","source_file":"geonoxa_relaves_panel.geojson"},"geometry":{"type":"Point","coordinates":[-70.1858573,-27.71796621]}},{"type":"Feature","properties":{"familia":"relaves","tipo_objeto":"Relave","id_objeto":"0157-3N","nombre_objeto":"CANDELARIA","nombre_relave":"CANDELARIA","titular":"CIA. CONTRACTUAL MINERA CANDELARIA","empresa":"CIA. CONTRACTUAL MINERA CANDELARIA","faena":"CANDELARIA","recurso":"COBRE","comuna":"Tierra Amarilla","tipo_deposito":"TRANQUE DE RELAVE","metodo_constructivo":"AGUAS ABAJO","shape_area_m2":4751328.951,"bbox":[-70.31125548,-27.50606323,-70.31125548,-27.50606323],"lat":-27.50606323,"lon":-70.31125548,"nombre_busq":"0157-3N CANDELARIA CIA. CONTRACTUAL MINERA CANDELARIA COBRE Tierra Amarilla TRANQUE DE RELAVE AGUAS ABAJO","source_file":"geonoxa_relaves_panel.geojson"},"geometry":{"type":"Point","coordinates":[-70.31125548,-27.50606323]}},{"type":"Feature","properties":{"familia":"relaves","tipo_objeto":"Relave","id_objeto":"0158-3N","nombre_objeto":"PLANTA SAN ESTEBAN","nombre_relave":"PLANTA SAN ESTEBAN","titular":"CIA. CONTRACTUAL MINERA CANDELARIA","empresa":"CIA. CONTRACTUAL MINERA CANDELARIA","faena":"PLANTA SAN ESTEBAN","recurso":"COBRE","comuna":"Tierra Amarilla","tipo_deposito":"TRANQUE DE RELAVE","metodo_constructivo":"EJE CENTRAL","shape_area_m2":130124.9932,"bbox":[-70.29322209,-27.48547791,-70.29322209,-27.48547791],"lat":-27.48547791,"lon":-70.29322209,"nombre_busq":"0158-3N PLANTA SAN ESTEBAN CIA. CONTRACTUAL MINERA CANDELARIA COBRE Tierra Amarilla TRANQUE DE RELAVE EJE CENTRAL","source_file":"geonoxa_relaves_panel.geojson"},"geometry":{"type":"Point","coordinates":[-70.29322209,-27.48547791]}},{"type":"Feature","properties":{"familia":"relaves","tipo_objeto":"Relave","id_objeto":"0159-3N","nombre_objeto":"PLANTA SAN ESTEBAN","nombre_relave":"PLANTA SAN ESTEBAN","titular":"CIA. CONTRACTUAL MINERA CANDELARIA","empresa":"CIA. CONTRACTUAL MINERA CANDELARIA","faena":"PLANTA SAN ESTEBAN","recurso":"COBRE","comuna":"Tierra Amarilla","tipo_deposito":"TRANQUE DE RELAVE","metodo_constructivo":"AGUAS ARRIBA","shape_area_m2":32520.5833,"bbox":[-70.2900139,-27.48497086,-70.2900139,-27.48497086],"lat":-27.48497086,"lon":-70.2900139,"nombre_busq":"0159-3N PLANTA SAN ESTEBAN CIA. CONTRACTUAL MINERA CANDELARIA COBRE Tierra Amarilla TRANQUE DE RELAVE AGUAS ARRIBA","source_file":"geonoxa_relaves_panel.geojson"},"geometry":{"type":"Point","coordinates":[-70.2900139,-27.48497086]}},{"type":"Feature","properties":{"familia":"relaves","tipo_objeto":"Relave","id_objeto":"0160-3N","nombre_objeto":"PLANTA SAN ESTEBAN","nombre_relave":"PLANTA SAN ESTEBAN","titular":"CIA. CONTRACTUAL MINERA CANDELARIA","empresa":"CIA. CONTRACTUAL MINERA CANDELARIA","faena":"PLANTA SAN ESTEBAN","recurso":"COBRE","comuna":"Tierra Amarilla","tipo_deposito":"TRANQUE DE RELAVE","metodo_constructivo":"","shape_area_m2":44047.25645,"bbox":[-70.29431866,-27.48891528,-70.29431866,-27.48891528],"lat":-27.48891528,"lon":-70.29431866,"nombre_busq":"0160-3N PLANTA SAN ESTEBAN CIA. CONTRACTUAL MINERA CANDELARIA COBRE Tierra Amarilla TRANQUE DE RELAVE","source_file":"geonoxa_relaves_panel.geojson"},"geometry":{"type":"Point","coordinates":[-70.29431866,-27.48891528]}},{"type":"Feature","properties":{"familia":"relaves","tipo_objeto":"Relave","id_objeto":"0161-3N","nombre_objeto":"CANDELARIA","nombre_relave":"CANDELARIA","titular":"CIA. CONTRACTUAL MINERA CANDELARIA","empresa":"CIA. CONTRACTUAL MINERA CANDELARIA","faena":"CANDELARIA","recurso":"COBRE","comuna":"Tierra Amarilla","tipo_deposito":"ESPESADO","metodo_constructivo":"NO APLICA","shape_area_m2":3112085.878,"bbox":[-70.32253022,-27.5363842,-70.32253022,-27.5363842],"lat":-27.5363842,"lon":-70.32253022,"nombre_busq":"0161-3N CANDELARIA CIA. CONTRACTUAL MINERA CANDELARIA COBRE Tierra Amarilla ESPESADO NO APLICA","source_file":"geonoxa_relaves_panel.geojson"},"geometry":{"type":"Point","coordinates":[-70.32253022,-27.5363842]}},{"type":"Feature","properties":{"familia":"relaves","tipo_objeto":"Relave","id_objeto":"0162-3N","nombre_objeto":"OJANCOS","nombre_relave":"OJANCOS","titular":"CMC SALI HOCHSCHILD S.A.","empresa":"CMC SALI HOCHSCHILD S.A.","faena":"OJANCOS","recurso":"COBRE","comuna":"Copiapó","tipo_deposito":"TRANQUE DE RELAVE","metodo_constructivo":"AGUAS ARRIBA","shape_area_m2":51415.54799,"bbox":[-70.34545627,-27.36734848,-70.34545627,-27.36734848],"lat":-27.36734848,"lon":-70.34545627,"nombre_busq":"0162-3N OJANCOS CMC SALI HOCHSCHILD S.A. COBRE Copiapó TRANQUE DE RELAVE AGUAS ARRIBA","source_file":"geonoxa_relaves_panel.geojson"},"geometry":{"type":"Point","coordinates":[-70.34545627,-27.36734848]}},{"type":"Feature","properties":{"familia":"relaves","tipo_objeto":"Relave","id_objeto":"0163-3N","nombre_objeto":"OJANCOS","nombre_relave":"OJANCOS","titular":"CMC SALI HOCHSCHILD S.A.","empresa":"CMC SALI HOCHSCHILD S.A.","faena":"OJANCOS","recurso":"COBRE","comuna":"Copiapó","tipo_deposito":"TRANQUE DE RELAVE","metodo_constructivo":"AGUAS ARRIBA","shape_area_m2":62407.97725,"bbox":[-70.34992504,-27.3659159,-70.34992504,-27.3659159],"lat":-27.3659159,"lon":-70.34992504,"nombre_busq":"0163-3N OJANCOS CMC SALI HOCHSCHILD S.A. COBRE Copiapó TRANQUE DE RELAVE AGUAS ARRIBA","source_file":"geonoxa_relaves_panel.geojson"},"geometry":{"type":"Point","coordinates":[-70.34992504,-27.3659159]}},{"type":"Feature","properties":{"familia":"relaves","tipo_objeto":"Relave","id_objeto":"0164-3N","nombre_objeto":"BODEGA ALTO","nombre_relave":"BODEGA ALTO","titular":"CMC SALI HOCHSCHILD S.A.","empresa":"CMC SALI HOCHSCHILD S.A.","faena":"BODEGA ALTO","recurso":"COBRE-ORO","comuna":"Copiapó","tipo_deposito":"TRANQUE DE RELAVE","metodo_constructivo":"","shape_area_m2":74962.542,"bbox":[-70.36202225,-27.3530231,-70.36202225,-27.3530231],"lat":-27.3530231,"lon":-70.36202225,"nombre_busq":"0164-3N BODEGA ALTO CMC SALI HOCHSCHILD S.A. COBRE-ORO Copiapó TRANQUE DE RELAVE","source_file":"geonoxa_relaves_panel.geojson"},"geometry":{"type":"Point","coordinates":[-70.36202225,-27.3530231]}},{"type":"Feature","properties":{"familia":"relaves","tipo_objeto":"Relave","id_objeto":"0165-3N","nombre_objeto":"BODEGA ALTO","nombre_relave":"BODEGA ALTO","titular":"CMC SALI HOCHSCHILD S.A.","empresa":"CMC SALI HOCHSCHILD S.A.","faena":"BODEGA ALTO","recurso":"COBRE-ORO","comuna":"Copiapó","tipo_deposito":"TRANQUE DE RELAVE","metodo_constructivo":"","shape_area_m2":77802.37781,"bbox":[-70.37207615,-27.35371178,-70.37207615,-27.35371178],"lat":-27.35371178,"lon":-70.37207615,"nombre_busq":"0165-3N BODEGA ALTO CMC SALI HOCHSCHILD S.A. COBRE-ORO Copiapó TRANQUE DE RELAVE","source_file":"geonoxa_relaves_panel.geojson"},"geometry":{"type":"Point","coordinates":[-70.37207615,-27.35371178]}},{"type":"Feature","properties":{"familia":"relaves","tipo_objeto":"Relave","id_objeto":"0166-3N","nombre_objeto":"OJANCOS","nombre_relave":"OJANCOS","titular":"CMC SALI HOCHSCHILD S.A.","empresa":"CMC SALI HOCHSCHILD S.A.","faena":"OJANCOS","recurso":"COBRE","comuna":"Copiapó","tipo_deposito":"TRANQUE DE RELAVE","metodo_constructivo":"","shape_area_m2":4517.940477,"bbox":[-70.34343629,-27.36628814,-70.34343629,-27.36628814],"lat":-27.36628814,"lon":-70.34343629,"nombre_busq":"0166-3N OJANCOS CMC SALI HOCHSCHILD S.A. COBRE Copiapó TRANQUE DE RELAVE","source_file":"geonoxa_relaves_panel.geojson"},"geometry":{"type":"Point","coordinates":[-70.34343629,-27.36628814]}},{"type":"Feature","properties":{"familia":"relaves","tipo_objeto":"Relave","id_objeto":"0167-3N","nombre_objeto":"BODEGA ALTO","nombre_relave":"BODEGA ALTO","titular":"CMC SALI HOCHSCHILD S.A.","empresa":"CMC SALI HOCHSCHILD S.A.","faena":"BODEGA ALTO","recurso":"COBRE-ORO","comuna":"Copiapó","tipo_deposito":"TRANQUE DE RELAVE","metodo_constructivo":"","shape_area_m2":36179.89398,"bbox":[-70.36976599,-27.35237913,-70.36976599,-27.35237913],"lat":-27.35237913,"lon":-70.36976599,"nombre_busq":"0167-3N BODEGA ALTO CMC SALI HOCHSCHILD S.A. COBRE-ORO Copiapó TRANQUE DE RELAVE","source_file":"geonoxa_relaves_panel.geojson"},"geometry":{"type":"Point","coordinates":[-70.36976599,-27.35237913]}},{"type":"Feature","properties":{"familia":"relaves","tipo_objeto":"Relave","id_objeto":"0168-3N","nombre_objeto":"DESCONOCIDO","nombre_relave":"DESCONOCIDO","titular":"DESCONOCIDO","empresa":"DESCONOCIDO","faena":"DESCONOCIDO","recurso":"ORO","comuna":"Copiapó","tipo_deposito":"EMBALSE","metodo_constructivo":"","shape_area_m2":2228.272327,"bbox":[-70.31349154,-27.41775994,-70.31349154,-27.41775994],"lat":-27.41775994,"lon":-70.31349154,"nombre_busq":"0168-3N DESCONOCIDO DESCONOCIDO ORO Copiapó EMBALSE","source_file":"geonoxa_relaves_panel.geojson"},"geometry":{"type":"Point","coordinates":[-70.31349154,-27.41775994]}},{"type":"Feature","properties":{"familia":"relaves","tipo_objeto":"Relave","id_objeto":"0169-3N","nombre_objeto":"DESCONOCIDO","nombre_relave":"DESCONOCIDO","titular":"DESCONOCIDO","empresa":"DESCONOCIDO","faena":"DESCONOCIDO","recurso":"ORO","comuna":"Copiapó","tipo_deposito":"TRANQUE DE RELAVE","metodo_constructivo":"","shape_area_m2":3350.583514,"bbox":[-70.31273564,-27.41614891,-70.31273564,-27.41614891],"lat":-27.41614891,"lon":-70.31273564,"nombre_busq":"0169-3N DESCONOCIDO DESCONOCIDO ORO Copiapó TRANQUE DE RELAVE","source_file":"geonoxa_relaves_panel.geojson"},"geometry":{"type":"Point","coordinates":[-70.31273564,-27.41614891]}},{"type":"Feature","properties":{"familia":"relaves","tipo_objeto":"Relave","id_objeto":"0170-3N","nombre_objeto":"DESCONOCIDO","nombre_relave":"DESCONOCIDO","titular":"DESCONOCIDO","empresa":"DESCONOCIDO","faena":"DESCONOCIDO","recurso":"ORO","comuna":"Copiapó","tipo_deposito":"ACOPIO","metodo_constructivo":"NO APLICA","shape_area_m2":4242.832829,"bbox":[-70.31173681,-27.4157219,-70.31173681,-27.4157219],"lat":-27.4157219,"lon":-70.31173681,"nombre_busq":"0170-3N DESCONOCIDO DESCONOCIDO ORO Copiapó ACOPIO NO APLICA","source_file":"geonoxa_relaves_panel.geojson"},"geometry":{"type":"Point","coordinates":[-70.31173681,-27.4157219]}},{"type":"Feature","properties":{"familia":"relaves","tipo_objeto":"Relave","id_objeto":"0171-3N","nombre_objeto":"PLANTA PUERTO RICO","nombre_relave":"PLANTA PUERTO RICO","titular":"MINE TRADE SPA","empresa":"MINE TRADE SPA","faena":"PLANTA PUERTO RICO","recurso":"COBRE","comuna":"Copiapó","tipo_deposito":"EMBALSE","metodo_constructivo":"","shape_area_m2":12684.52298,"bbox":[-70.34078815,-27.38871094,-70.34078815,-27.38871094],"lat":-27.38871094,"lon":-70.34078815,"nombre_busq":"0171-3N PLANTA PUERTO RICO MINE TRADE SPA COBRE Copiapó EMBALSE","source_file":"geonoxa_relaves_panel.geojson"},"geometry":{"type":"Point","coordinates":[-70.34078815,-27.38871094]}},{"type":"Feature","properties":{"familia":"relaves","tipo_objeto":"Relave","id_objeto":"0172-3N","nombre_objeto":"DESCONOCIDO","nombre_relave":"DESCONOCIDO","titular":"DESCONOCIDO","empresa":"DESCONOCIDO","faena":"DESCONOCIDO","recurso":"ORO","comuna":"Freirina","tipo_deposito":"TRANQUE DE RELAVE","metodo_constructivo":"","shape_area_m2":62529.60197,"bbox":[-71.1281877,-28.86788722,-71.1281877,-28.86788722],"lat":-28.86788722,"lon":-71.1281877,"nombre_busq":"0172-3N DESCONOCIDO DESCONOCIDO ORO Freirina TRANQUE DE RELAVE","source_file":"geonoxa_relaves_panel.geojson"},"geometry":{"type":"Point","coordinates":[-71.1281877,-28.86788722]}},{"type":"Feature","properties":{"familia":"relaves","tipo_objeto":"Relave","id_objeto":"0173-3N","nombre_objeto":"DESCONOCIDO","nombre_relave":"DESCONOCIDO","titular":"DESCONOCIDO","empresa":"DESCONOCIDO","faena":"DESCONOCIDO","recurso":"ORO","comuna":"Freirina","tipo_deposito":"ACOPIO","metodo_constructivo":"NO APLICA","shape_area_m2":13145.16957,"bbox":[-71.14381396,-28.87696114,-71.14381396,-28.87696114],"lat":-28.87696114,"lon":-71.14381396,"nombre_busq":"0173-3N DESCONOCIDO DESCONOCIDO ORO Freirina ACOPIO NO APLICA","source_file":"geonoxa_relaves_panel.geojson"},"geometry":{"type":"Point","coordinates":[-71.14381396,-28.87696114]}},{"type":"Feature","properties":{"familia":"relaves","tipo_objeto":"Relave","id_objeto":"0174-3N","nombre_objeto":"PLANTA SAN CRISTOBAL","nombre_relave":"PLANTA SAN CRISTOBAL","titular":"INVERSIONES RAY LTDA.","empresa":"INVERSIONES RAY LTDA.","faena":"PLANTA SAN CRISTOBAL","recurso":"COBRE","comuna":"Copiapó","tipo_deposito":"ACOPIO","metodo_constructivo":"NO APLICA","shape_area_m2":909.4548776,"bbox":[-70.31230206,-27.45122802,-70.31230206,-27.45122802],"lat":-27.45122802,"lon":-70.31230206,"nombre_busq":"0174-3N PLANTA SAN CRISTOBAL INVERSIONES RAY LTDA. COBRE Copiapó ACOPIO NO APLICA","source_file":"geonoxa_relaves_panel.geojson"},"geometry":{"type":"Point","coordinates":[-70.31230206,-27.45122802]}},{"type":"Feature","properties":{"familia":"relaves","tipo_objeto":"Relave","id_objeto":"0175-3N","nombre_objeto":"PLANTA SAN CRISTOBAL","nombre_relave":"PLANTA SAN CRISTOBAL","titular":"INVERSIONES RAY LTDA.","empresa":"INVERSIONES RAY LTDA.","faena":"PLANTA SAN CRISTOBAL","recurso":"COBRE","comuna":"Copiapó","tipo_deposito":"ACOPIO","metodo_constructivo":"NO APLICA","shape_area_m2":1171.341683,"bbox":[-70.31254226,-27.45090544,-70.31254226,-27.45090544],"lat":-27.45090544,"lon":-70.31254226,"nombre_busq":"0175-3N PLANTA SAN CRISTOBAL INVERSIONES RAY LTDA. COBRE Copiapó ACOPIO NO APLICA","source_file":"geonoxa_relaves_panel.geojson"},"geometry":{"type":"Point","coordinates":[-70.31254226,-27.45090544]}},{"type":"Feature","properties":{"familia":"relaves","tipo_objeto":"Relave","id_objeto":"0176-3N","nombre_objeto":"PLANTA SANTA ESTEBAN (EX SANTA LAURA)","nombre_relave":"PLANTA SANTA ESTEBAN (EX SANTA LAURA)","titular":"CIA. MINERA SAN ESTEBAN PRIMERA","empresa":"CIA. MINERA SAN ESTEBAN PRIMERA","faena":"PLANTA SANTA ESTEBAN (EX SANTA LAURA)","recurso":"COBRE","comuna":"Copiapó","tipo_deposito":"TRANQUE DE RELAVE","metodo_constructivo":"","shape_area_m2":88163.19511,"bbox":[-70.32023749,-27.40586487,-70.32023749,-27.40586487],"lat":-27.40586487,"lon":-70.32023749,"nombre_busq":"0176-3N PLANTA SANTA ESTEBAN (EX SANTA LAURA) CIA. MINERA SAN ESTEBAN PRIMERA COBRE Copiapó TRANQUE DE RELAVE","source_file":"geonoxa_relaves_panel.geojson"},"geometry":{"type":"Point","coordinates":[-70.32023749,-27.40586487]}},{"type":"Feature","properties":{"familia":"relaves","tipo_objeto":"Relave","id_objeto":"0177-3N","nombre_objeto":"PLANTA SANTA ESTEBAN (EX SANTA LAURA)","nombre_relave":"PLANTA SANTA ESTEBAN (EX SANTA LAURA)","titular":"CIA. MINERA SAN ESTEBAN PRIMERA","empresa":"CIA. MINERA SAN ESTEBAN PRIMERA","faena":"PLANTA SANTA ESTEBAN (EX SANTA LAURA)","recurso":"COBRE","comuna":"Copiapó","tipo_deposito":"TRANQUE DE RELAVE","metodo_constructivo":"","shape_area_m2":105021.4328,"bbox":[-70.32091942,-27.40264774,-70.32091942,-27.40264774],"lat":-27.40264774,"lon":-70.32091942,"nombre_busq":"0177-3N PLANTA SANTA ESTEBAN (EX SANTA LAURA) CIA. MINERA SAN ESTEBAN PRIMERA COBRE Copiapó TRANQUE DE RELAVE","source_file":"geonoxa_relaves_panel.geojson"},"geometry":{"type":"Point","coordinates":[-70.32091942,-27.40264774]}},{"type":"Feature","properties":{"familia":"relaves","tipo_objeto":"Relave","id_objeto":"0178-3N","nombre_objeto":"PLANTA SANTA ESTEBAN (EX SANTA LAURA)","nombre_relave":"PLANTA SANTA ESTEBAN (EX SANTA LAURA)","titular":"CIA. MINERA SAN ESTEBAN PRIMERA","empresa":"CIA. MINERA SAN ESTEBAN PRIMERA","faena":"PLANTA SANTA ESTEBAN (EX SANTA LAURA)","recurso":"COBRE","comuna":"Copiapó","tipo_deposito":"TRANQUE DE RELAVE","metodo_constructivo":"","shape_area_m2":20430.71644,"bbox":[-70.31881838,-27.40326366,-70.31881838,-27.40326366],"lat":-27.40326366,"lon":-70.31881838,"nombre_busq":"0178-3N PLANTA SANTA ESTEBAN (EX SANTA LAURA) CIA. MINERA SAN ESTEBAN PRIMERA COBRE Copiapó TRANQUE DE RELAVE","source_file":"geonoxa_relaves_panel.geojson"},"geometry":{"type":"Point","coordinates":[-70.31881838,-27.40326366]}},{"type":"Feature","properties":{"familia":"relaves","tipo_objeto":"Relave","id_objeto":"0179-3N","nombre_objeto":"SANTA ROSA","nombre_relave":"SANTA ROSA","titular":"EXEQUIEL BUGUEÑO","empresa":"EXEQUIEL BUGUEÑO","faena":"SANTA ROSA","recurso":"ORO","comuna":"Copiapó","tipo_deposito":"EMBALSE","metodo_constructivo":"","shape_area_m2":9777.651951,"bbox":[-70.31287576,-27.42842737,-70.31287576,-27.42842737],"lat":-27.42842737,"lon":-70.31287576,"nombre_busq":"0179-3N SANTA ROSA EXEQUIEL BUGUEÑO ORO Copiapó EMBALSE","source_file":"geonoxa_relaves_panel.geojson"},"geometry":{"type":"Point","coordinates":[-70.31287576,-27.42842737]}},{"type":"Feature","properties":{"familia":"relaves","tipo_objeto":"Relave","id_objeto":"0180-3N","nombre_objeto":"SANTA ROSA","nombre_relave":"SANTA ROSA","titular":"EXEQUIEL BUGUEÑO","empresa":"EXEQUIEL BUGUEÑO","faena":"SANTA ROSA","recurso":"ORO","comuna":"Copiapó","tipo_deposito":"EMBALSE","metodo_constructivo":"","shape_area_m2":2704.782882,"bbox":[-70.31215513,-27.42837812,-70.31215513,-27.42837812],"lat":-27.42837812,"lon":-70.31215513,"nombre_busq":"0180-3N SANTA ROSA EXEQUIEL BUGUEÑO ORO Copiapó EMBALSE","source_file":"geonoxa_relaves_panel.geojson"},"geometry":{"type":"Point","coordinates":[-70.31215513,-27.42837812]}},{"type":"Feature","properties":{"familia":"relaves","tipo_objeto":"Relave","id_objeto":"0181-3N","nombre_objeto":"PLANTA LA UNION (EX SAN LORENZO)","nombre_relave":"PLANTA LA UNION (EX SAN LORENZO)","titular":"SOC. MINERA UNION","empresa":"SOC. MINERA UNION","faena":"PLANTA LA UNION (EX SAN LORENZO)","recurso":"COBRE","comuna":"Copiapó","tipo_deposito":"TRANQUE DE RELAVE","metodo_constructivo":"AGUAS ARRIBA","shape_area_m2":13077.90611,"bbox":[-70.3487871,-27.40041055,-70.3487871,-27.40041055],"lat":-27.40041055,"lon":-70.3487871,"nombre_busq":"0181-3N PLANTA LA UNION (EX SAN LORENZO) SOC. MINERA UNION COBRE Copiapó TRANQUE DE RELAVE AGUAS ARRIBA","source_file":"geonoxa_relaves_panel.geojson"},"geometry":{"type":"Point","coordinates":[-70.3487871,-27.40041055]}},{"type":"Feature","properties":{"familia":"relaves","tipo_objeto":"Relave","id_objeto":"0182-3N","nombre_objeto":"PLANTA ANDACOLLO","nombre_relave":"PLANTA ANDACOLLO","titular":"S. PIZARRO (EX RUBELINDO ALQUINTA)","empresa":"S. PIZARRO (EX RUBELINDO ALQUINTA)","faena":"PLANTA ANDACOLLO","recurso":"ORO","comuna":"Copiapó","tipo_deposito":"ACOPIO","metodo_constructivo":"NO APLICA","shape_area_m2":885.4995728,"bbox":[-70.38755394,-27.41812039,-70.38755394,-27.41812039],"lat":-27.41812039,"lon":-70.38755394,"nombre_busq":"0182-3N PLANTA ANDACOLLO S. PIZARRO (EX RUBELINDO ALQUINTA) ORO Copiapó ACOPIO NO APLICA","source_file":"geonoxa_relaves_panel.geojson"},"geometry":{"type":"Point","coordinates":[-70.38755394,-27.41812039]}},{"type":"Feature","properties":{"familia":"relaves","tipo_objeto":"Relave","id_objeto":"0183-3N","nombre_objeto":"PLANTA ANDACOLLO","nombre_relave":"PLANTA ANDACOLLO","titular":"S. PIZARRO (EX RUBELINDO ALQUINTA)","empresa":"S. PIZARRO (EX RUBELINDO ALQUINTA)","faena":"PLANTA ANDACOLLO","recurso":"ORO","comuna":"Copiapó","tipo_deposito":"ACOPIO","metodo_constructivo":"NO APLICA","shape_area_m2":567.4858383,"bbox":[-70.38768337,-27.41793815,-70.38768337,-27.41793815],"lat":-27.41793815,"lon":-70.38768337,"nombre_busq":"0183-3N PLANTA ANDACOLLO S. PIZARRO (EX RUBELINDO ALQUINTA) ORO Copiapó ACOPIO NO APLICA","source_file":"geonoxa_relaves_panel.geojson"},"geometry":{"type":"Point","coordinates":[-70.38768337,-27.41793815]}},{"type":"Feature","properties":{"familia":"relaves","tipo_objeto":"Relave","id_objeto":"0184-3N","nombre_objeto":"PLANTA PORVENIR","nombre_relave":"PLANTA PORVENIR","titular":"CARLOS SOTO FUENTEALBA","empresa":"CARLOS SOTO FUENTEALBA","faena":"PLANTA PORVENIR","recurso":"COBRE","comuna":"Copiapó","tipo_deposito":"TRANQUE DE RELAVE","metodo_constructivo":"EJE CENTRAL","shape_area_m2":8004.013209,"bbox":[-70.3299134,-27.3898641,-70.3299134,-27.3898641],"lat":-27.3898641,"lon":-70.3299134,"nombre_busq":"0184-3N PLANTA PORVENIR CARLOS SOTO FUENTEALBA COBRE Copiapó TRANQUE DE RELAVE EJE CENTRAL","source_file":"geonoxa_relaves_panel.geojson"},"geometry":{"type":"Point","coordinates":[-70.3299134,-27.3898641]}},{"type":"Feature","properties":{"familia":"relaves","tipo_objeto":"Relave","id_objeto":"0185-3N","nombre_objeto":"PLANTA PORVENIR","nombre_relave":"PLANTA PORVENIR","titular":"CARLOS SOTO FUENTEALBA","empresa":"CARLOS SOTO FUENTEALBA","faena":"PLANTA PORVENIR","recurso":"COBRE","comuna":"Copiapó","tipo_deposito":"ACOPIO","metodo_constructivo":"NO APLICA","shape_area_m2":2100.207235,"bbox":[-70.3304097,-27.39152577,-70.3304097,-27.39152577],"lat":-27.39152577,"lon":-70.3304097,"nombre_busq":"0185-3N PLANTA PORVENIR CARLOS SOTO FUENTEALBA COBRE Copiapó ACOPIO NO APLICA","source_file":"geonoxa_relaves_panel.geojson"},"geometry":{"type":"Point","coordinates":[-70.3304097,-27.39152577]}},{"type":"Feature","properties":{"familia":"relaves","tipo_objeto":"Relave","id_objeto":"0186-3N","nombre_objeto":"PLANTA CUESTA CARDONES","nombre_relave":"PLANTA CUESTA CARDONES","titular":"MANUEL ACHU PEREZ","empresa":"MANUEL ACHU PEREZ","faena":"PLANTA CUESTA CARDONES","recurso":"COBRE-ORO","comuna":"Copiapó","tipo_deposito":"TRANQUE DE RELAVE","metodo_constructivo":"EJE CENTRAL","shape_area_m2":858.3638282,"bbox":[-70.33676464,-27.38843092,-70.33676464,-27.38843092],"lat":-27.38843092,"lon":-70.33676464,"nombre_busq":"0186-3N PLANTA CUESTA CARDONES MANUEL ACHU PEREZ COBRE-ORO Copiapó TRANQUE DE RELAVE EJE CENTRAL","source_file":"geonoxa_relaves_panel.geojson"},"geometry":{"type":"Point","coordinates":[-70.33676464,-27.38843092]}},{"type":"Feature","properties":{"familia":"relaves","tipo_objeto":"Relave","id_objeto":"0187-3N","nombre_objeto":"LUIS MORALES","nombre_relave":"DESCONOCIDO","titular":"LUIS MORALES","empresa":"LUIS MORALES","faena":"DESCONOCIDO","recurso":"COBRE","comuna":"Copiapó","tipo_deposito":"TRANQUE DE RELAVE","metodo_constructivo":"AGUAS ARRIBA","shape_area_m2":71474.53272,"bbox":[-70.34457159,-27.36888492,-70.34457159,-27.36888492],"lat":-27.36888492,"lon":-70.34457159,"nombre_busq":"0187-3N DESCONOCIDO LUIS MORALES COBRE Copiapó TRANQUE DE RELAVE AGUAS ARRIBA","source_file":"geonoxa_relaves_panel.geojson"},"geometry":{"type":"Point","coordinates":[-70.34457159,-27.36888492]}},{"type":"Feature","properties":{"familia":"relaves","tipo_objeto":"Relave","id_objeto":"0188-3N","nombre_objeto":"PLANTA PURIFICACION","nombre_relave":"PLANTA PURIFICACION","titular":"JORGE SANCHEZ ARAYA","empresa":"JORGE SANCHEZ ARAYA","faena":"PLANTA PURIFICACION","recurso":"ORO","comuna":"Copiapó","tipo_deposito":"TRANQUE DE RELAVE","metodo_constructivo":"AGUAS ARRIBA","shape_area_m2":2878.94979,"bbox":[-70.31530261,-27.4184236,-70.31530261,-27.4184236],"lat":-27.4184236,"lon":-70.31530261,"nombre_busq":"0188-3N PLANTA PURIFICACION JORGE SANCHEZ ARAYA ORO Copiapó TRANQUE DE RELAVE AGUAS ARRIBA","source_file":"geonoxa_relaves_panel.geojson"},"geometry":{"type":"Point","coordinates":[-70.31530261,-27.4184236]}},{"type":"Feature","properties":{"familia":"relaves","tipo_objeto":"Relave","id_objeto":"0189-3N","nombre_objeto":"PLANTA PURIFICACION","nombre_relave":"PLANTA PURIFICACION","titular":"JORGE SANCHEZ ARAYA","empresa":"JORGE SANCHEZ ARAYA","faena":"PLANTA PURIFICACION","recurso":"ORO","comuna":"Copiapó","tipo_deposito":"TRANQUE DE RELAVE","metodo_constructivo":"AGUAS ARRIBA","shape_area_m2":5777.37925,"bbox":[-70.31514875,-27.41788734,-70.31514875,-27.41788734],"lat":-27.41788734,"lon":-70.31514875,"nombre_busq":"0189-3N PLANTA PURIFICACION JORGE SANCHEZ ARAYA ORO Copiapó TRANQUE DE RELAVE AGUAS ARRIBA","source_file":"geonoxa_relaves_panel.geojson"},"geometry":{"type":"Point","coordinates":[-70.31514875,-27.41788734]}},{"type":"Feature","properties":{"familia":"relaves","tipo_objeto":"Relave","id_objeto":"0190-3N","nombre_objeto":"PLANTA PURIFICACION","nombre_relave":"PLANTA PURIFICACION","titular":"JORGE SANCHEZ ARAYA","empresa":"JORGE SANCHEZ ARAYA","faena":"PLANTA PURIFICACION","recurso":"ORO","comuna":"Copiapó","tipo_deposito":"TRANQUE DE RELAVE","metodo_constructivo":"AGUAS ARRIBA","shape_area_m2":1323.284804,"bbox":[-70.31519711,-27.4174121,-70.31519711,-27.4174121],"lat":-27.4174121,"lon":-70.31519711,"nombre_busq":"0190-3N PLANTA PURIFICACION JORGE SANCHEZ ARAYA ORO Copiapó TRANQUE DE RELAVE AGUAS ARRIBA","source_file":"geonoxa_relaves_panel.geojson"},"geometry":{"type":"Point","coordinates":[-70.31519711,-27.4174121]}},{"type":"Feature","properties":{"familia":"relaves","tipo_objeto":"Relave","id_objeto":"0191-3N","nombre_objeto":"PLANTA PURIFICACION","nombre_relave":"PLANTA PURIFICACION","titular":"JORGE SANCHEZ ARAYA","empresa":"JORGE SANCHEZ ARAYA","faena":"PLANTA PURIFICACION","recurso":"ORO","comuna":"Copiapó","tipo_deposito":"EMBALSE","metodo_constructivo":"EXCAVACION TERRENO","shape_area_m2":1574.988533,"bbox":[-70.31420175,-27.41834072,-70.31420175,-27.41834072],"lat":-27.41834072,"lon":-70.31420175,"nombre_busq":"0191-3N PLANTA PURIFICACION JORGE SANCHEZ ARAYA ORO Copiapó EMBALSE EXCAVACION TERRENO","source_file":"geonoxa_relaves_panel.geojson"},"geometry":{"type":"Point","coordinates":[-70.31420175,-27.41834072]}},{"type":"Feature","properties":{"familia":"relaves","tipo_objeto":"Relave","id_objeto":"0192-3N","nombre_objeto":"PLANTA LLAUCAVEN","nombre_relave":"PLANTA LLAUCAVEN","titular":"NUÑEZ HNOS","empresa":"NUÑEZ HNOS","faena":"PLANTA LLAUCAVEN","recurso":"ORO-COBRE","comuna":"Copiapó","tipo_deposito":"TRANQUE DE RELAVE","metodo_constructivo":"AGUAS ARRIBA","shape_area_m2":17579.50759,"bbox":[-70.30770458,-27.40422103,-70.30770458,-27.40422103],"lat":-27.40422103,"lon":-70.30770458,"nombre_busq":"0192-3N PLANTA LLAUCAVEN NUÑEZ HNOS ORO-COBRE Copiapó TRANQUE DE RELAVE AGUAS ARRIBA","source_file":"geonoxa_relaves_panel.geojson"},"geometry":{"type":"Point","coordinates":[-70.30770458,-27.40422103]}},{"type":"Feature","properties":{"familia":"relaves","tipo_objeto":"Relave","id_objeto":"0193-3N","nombre_objeto":"PLANTA LLAUCAVEN","nombre_relave":"PLANTA LLAUCAVEN","titular":"NUÑEZ HNOS","empresa":"NUÑEZ HNOS","faena":"PLANTA LLAUCAVEN","recurso":"ORO-COBRE","comuna":"Copiapó","tipo_deposito":"TRANQUE DE RELAVE","metodo_constructivo":"AGUAS ARRIBA","shape_area_m2":16280.83354,"bbox":[-70.30875292,-27.40325484,-70.30875292,-27.40325484],"lat":-27.40325484,"lon":-70.30875292,"nombre_busq":"0193-3N PLANTA LLAUCAVEN NUÑEZ HNOS ORO-COBRE Copiapó TRANQUE DE RELAVE AGUAS ARRIBA","source_file":"geonoxa_relaves_panel.geojson"},"geometry":{"type":"Point","coordinates":[-70.30875292,-27.40325484]}},{"type":"Feature","properties":{"familia":"relaves","tipo_objeto":"Relave","id_objeto":"0194-3N","nombre_objeto":"PLANTA TANIA","nombre_relave":"PLANTA TANIA","titular":"DELIA NIETO ROBLE","empresa":"DELIA NIETO ROBLE","faena":"PLANTA TANIA","recurso":"COBRE-ORO","comuna":"Copiapó","tipo_deposito":"TRANQUE DE RELAVE","metodo_constructivo":"AGUAS ARRIBA","shape_area_m2":1157.027979,"bbox":[-70.30606433,-27.40490146,-70.30606433,-27.40490146],"lat":-27.40490146,"lon":-70.30606433,"nombre_busq":"0194-3N PLANTA TANIA DELIA NIETO ROBLE COBRE-ORO Copiapó TRANQUE DE RELAVE AGUAS ARRIBA","source_file":"geonoxa_relaves_panel.geojson"},"geometry":{"type":"Point","coordinates":[-70.30606433,-27.40490146]}},{"type":"Feature","properties":{"familia":"relaves","tipo_objeto":"Relave","id_objeto":"0195-3N","nombre_objeto":"PLANTA GUGGIANA","nombre_relave":"PLANTA GUGGIANA","titular":"DOMINGO GUGGIANA","empresa":"DOMINGO GUGGIANA","faena":"PLANTA GUGGIANA","recurso":"ORO-COBRE","comuna":"Copiapó","tipo_deposito":"TRANQUE DE RELAVE","metodo_constructivo":"EJE CENTRAL","shape_area_m2":9306.622779,"bbox":[-70.35508792,-27.35406199,-70.35508792,-27.35406199],"lat":-27.35406199,"lon":-70.35508792,"nombre_busq":"0195-3N PLANTA GUGGIANA DOMINGO GUGGIANA ORO-COBRE Copiapó TRANQUE DE RELAVE EJE CENTRAL","source_file":"geonoxa_relaves_panel.geojson"},"geometry":{"type":"Point","coordinates":[-70.35508792,-27.35406199]}},{"type":"Feature","properties":{"familia":"relaves","tipo_objeto":"Relave","id_objeto":"0196-3N","nombre_objeto":"PLANTA DON LUIS","nombre_relave":"PLANTA DON LUIS","titular":"SCM ZEPOLAC","empresa":"SCM ZEPOLAC","faena":"PLANTA DON LUIS","recurso":"COBRE","comuna":"Tierra Amarilla","tipo_deposito":"TRANQUE DE RELAVE","metodo_constructivo":"AGUAS ARRIBA","shape_area_m2":21230.21698,"bbox":[-70.28987804,-27.48391387,-70.28987804,-27.48391387],"lat":-27.48391387,"lon":-70.28987804,"nombre_busq":"0196-3N PLANTA DON LUIS SCM ZEPOLAC COBRE Tierra Amarilla TRANQUE DE RELAVE AGUAS ARRIBA","source_file":"geonoxa_relaves_panel.geojson"},"geometry":{"type":"Point","coordinates":[-70.28987804,-27.48391387]}},{"type":"Feature","properties":{"familia":"relaves","tipo_objeto":"Relave","id_objeto":"0197-3N","nombre_objeto":"PLANTA LA FLORIDA","nombre_relave":"PLANTA LA FLORIDA","titular":"VICTOR JENSEN","empresa":"VICTOR JENSEN","faena":"PLANTA LA FLORIDA","recurso":"ORO","comuna":"Copiapó","tipo_deposito":"TRANQUE DE RELAVE","metodo_constructivo":"AGUAS ARRIBA","shape_area_m2":11393.11577,"bbox":[-70.26403762,-27.42651422,-70.26403762,-27.42651422],"lat":-27.42651422,"lon":-70.26403762,"nombre_busq":"0197-3N PLANTA LA FLORIDA VICTOR JENSEN ORO Copiapó TRANQUE DE RELAVE AGUAS ARRIBA","source_file":"geonoxa_relaves_panel.geojson"},"geometry":{"type":"Point","coordinates":[-70.26403762,-27.42651422]}},{"type":"Feature","properties":{"familia":"relaves","tipo_objeto":"Relave","id_objeto":"0198-3N","nombre_objeto":"PLANTA LA FLORIDA","nombre_relave":"PLANTA LA FLORIDA","titular":"VICTOR JENSEN","empresa":"VICTOR JENSEN","faena":"PLANTA LA FLORIDA","recurso":"ORO","comuna":"Copiapó","tipo_deposito":"TRANQUE DE RELAVE","metodo_constructivo":"AGUAS ARRIBA","shape_area_m2":5014.940766,"bbox":[-70.26302993,-27.42611482,-70.26302993,-27.42611482],"lat":-27.42611482,"lon":-70.26302993,"nombre_busq":"0198-3N PLANTA LA FLORIDA VICTOR JENSEN ORO Copiapó TRANQUE DE RELAVE AGUAS ARRIBA","source_file":"geonoxa_relaves_panel.geojson"},"geometry":{"type":"Point","coordinates":[-70.26302993,-27.42611482]}},{"type":"Feature","properties":{"familia":"relaves","tipo_objeto":"Relave","id_objeto":"0199-3N","nombre_objeto":"PLANTA IRMITA","nombre_relave":"PLANTA IRMITA","titular":"ACIBOL SpA","empresa":"ACIBOL SpA","faena":"PLANTA IRMITA","recurso":"COBRE","comuna":"Copiapó","tipo_deposito":"EMBALSE","metodo_constructivo":"","shape_area_m2":6374.273639,"bbox":[-70.35235921,-27.40481611,-70.35235921,-27.40481611],"lat":-27.40481611,"lon":-70.35235921,"nombre_busq":"0199-3N PLANTA IRMITA ACIBOL SpA COBRE Copiapó EMBALSE","source_file":"geonoxa_relaves_panel.geojson"},"geometry":{"type":"Point","coordinates":[-70.35235921,-27.40481611]}},{"type":"Feature","properties":{"familia":"relaves","tipo_objeto":"Relave","id_objeto":"0200-3N","nombre_objeto":"PROYECTO MARIPOSA","nombre_relave":"PROYECTO MARIPOSA","titular":"ADMIRALTY MINERALS CHILE PTY LTDA","empresa":"ADMIRALTY MINERALS CHILE PTY LTDA","faena":"PROYECTO MARIPOSA","recurso":"HIERRO","comuna":"Vallenar","tipo_deposito":"ESPESADO","metodo_constructivo":"AGUAS ABAJO","shape_area_m2":41574.81209,"bbox":[-70.82379833,-28.67984461,-70.82379833,-28.67984461],"lat":-28.67984461,"lon":-70.82379833,"nombre_busq":"0200-3N PROYECTO MARIPOSA ADMIRALTY MINERALS CHILE PTY LTDA HIERRO Vallenar ESPESADO AGUAS ABAJO","source_file":"geonoxa_relaves_panel.geojson"},"geometry":{"type":"Point","coordinates":[-70.82379833,-28.67984461]}},{"type":"Feature","properties":{"familia":"relaves","tipo_objeto":"Relave","id_objeto":"0201-3N","nombre_objeto":"AMANDA","nombre_relave":"AMANDA","titular":"DANISA REYES ITURRIZAGASTA","empresa":"DANISA REYES ITURRIZAGASTA","faena":"AMANDA","recurso":"ORO","comuna":"Copiapó","tipo_deposito":"TRANQUE DE RELAVE","metodo_constructivo":"","shape_area_m2":8794.132893,"bbox":[-70.36280117,-27.41130149,-70.36280117,-27.41130149],"lat":-27.41130149,"lon":-70.36280117,"nombre_busq":"0201-3N AMANDA DANISA REYES ITURRIZAGASTA ORO Copiapó TRANQUE DE RELAVE","source_file":"geonoxa_relaves_panel.geojson"},"geometry":{"type":"Point","coordinates":[-70.36280117,-27.41130149]}},{"type":"Feature","properties":{"familia":"relaves","tipo_objeto":"Relave","id_objeto":"0202-3N","nombre_objeto":"PLANTA OJOS DE AGUA","nombre_relave":"PLANTA OJOS DE AGUA","titular":"NATIMAN FLORES DIAZ","empresa":"NATIMAN FLORES DIAZ","faena":"PLANTA OJOS DE AGUA","recurso":"ORO","comuna":"Copiapó","tipo_deposito":"EMBALSE","metodo_constructivo":"NO APLICA","shape_area_m2":8610.302867,"bbox":[-70.35233977,-27.40868516,-70.35233977,-27.40868516],"lat":-27.40868516,"lon":-70.35233977,"nombre_busq":"0202-3N PLANTA OJOS DE AGUA NATIMAN FLORES DIAZ ORO Copiapó EMBALSE NO APLICA","source_file":"geonoxa_relaves_panel.geojson"},"geometry":{"type":"Point","coordinates":[-70.35233977,-27.40868516]}},{"type":"Feature","properties":{"familia":"relaves","tipo_objeto":"Relave","id_objeto":"0203-3N","nombre_objeto":"CERRO NEGRO NORTE","nombre_relave":"CERRO NEGRO NORTE","titular":"CIA. MINERA DEL PACIFICO","empresa":"CIA. MINERA DEL PACIFICO","faena":"CERRO NEGRO NORTE","recurso":"HIERRO","comuna":"Copiapó","tipo_deposito":"ESPESADO","metodo_constructivo":"NO APLICA","shape_area_m2":2066046.315,"bbox":[-70.36305707,-27.12767192,-70.36305707,-27.12767192],"lat":-27.12767192,"lon":-70.36305707,"nombre_busq":"0203-3N CERRO NEGRO NORTE CIA. MINERA DEL PACIFICO HIERRO Copiapó ESPESADO NO APLICA","source_file":"geonoxa_relaves_panel.geojson"},"geometry":{"type":"Point","coordinates":[-70.36305707,-27.12767192]}},{"type":"Feature","properties":{"familia":"relaves","tipo_objeto":"Relave","id_objeto":"0204-3N","nombre_objeto":"PLANTA PELLETS","nombre_relave":"PLANTA PELLETS","titular":"CIA. MINERA DEL PACIFICO","empresa":"CIA. MINERA DEL PACIFICO","faena":"PLANTA PELLETS","recurso":"HIERRO","comuna":"Huasco","tipo_deposito":"FILTRADO","metodo_constructivo":"NO APLICA","shape_area_m2":319389.3042,"bbox":[-71.25250003,-28.49386431,-71.25250003,-28.49386431],"lat":-28.49386431,"lon":-71.25250003,"nombre_busq":"0204-3N PLANTA PELLETS CIA. MINERA DEL PACIFICO HIERRO Huasco FILTRADO NO APLICA","source_file":"geonoxa_relaves_panel.geojson"},"geometry":{"type":"Point","coordinates":[-71.25250003,-28.49386431]}},{"type":"Feature","properties":{"familia":"relaves","tipo_objeto":"Relave","id_objeto":"0205-4N","nombre_objeto":"FAENAS EL ROMERAL","nombre_relave":"FAENAS EL ROMERAL","titular":"CIA. MINERA DEL PACIFICO","empresa":"CIA. MINERA DEL PACIFICO","faena":"FAENAS EL ROMERAL","recurso":"HIERRO","comuna":"La Serena","tipo_deposito":"EMBALSE","metodo_constructivo":"","shape_area_m2":235805.144,"bbox":[-71.22248594,-29.72570577,-71.22248594,-29.72570577],"lat":-29.72570577,"lon":-71.22248594,"nombre_busq":"0205-4N FAENAS EL ROMERAL CIA. MINERA DEL PACIFICO HIERRO La Serena EMBALSE","source_file":"geonoxa_relaves_panel.geojson"},"geometry":{"type":"Point","coordinates":[-71.22248594,-29.72570577]}},{"type":"Feature","properties":{"familia":"relaves","tipo_objeto":"Relave","id_objeto":"0206-4N","nombre_objeto":"FAENAS EL ROMERAL","nombre_relave":"FAENAS EL ROMERAL","titular":"CIA. MINERA DEL PACIFICO","empresa":"CIA. MINERA DEL PACIFICO","faena":"FAENAS EL ROMERAL","recurso":"HIERRO","comuna":"La Serena","tipo_deposito":"EMBALSE","metodo_constructivo":"AGUAS ABAJO","shape_area_m2":926040.791,"bbox":[-71.23635288,-29.75932412,-71.23635288,-29.75932412],"lat":-29.75932412,"lon":-71.23635288,"nombre_busq":"0206-4N FAENAS EL ROMERAL CIA. MINERA DEL PACIFICO HIERRO La Serena EMBALSE AGUAS ABAJO","source_file":"geonoxa_relaves_panel.geojson"},"geometry":{"type":"Point","coordinates":[-71.23635288,-29.75932412]}},{"type":"Feature","properties":{"familia":"relaves","tipo_objeto":"Relave","id_objeto":"0207-3N","nombre_objeto":"PLANTA SAN JOSE","nombre_relave":"PLANTA SAN JOSE","titular":"SOC. PUNTA DEL COBRE S.A.","empresa":"SOC. PUNTA DEL COBRE S.A.","faena":"PLANTA SAN JOSE","recurso":"COBRE","comuna":"Copiapó","tipo_deposito":"TRANQUE DE RELAVE","metodo_constructivo":"EJE CENTRAL","shape_area_m2":1733088.842,"bbox":[-70.32597202,-27.45046498,-70.32597202,-27.45046498],"lat":-27.45046498,"lon":-70.32597202,"nombre_busq":"0207-3N PLANTA SAN JOSE SOC. PUNTA DEL COBRE S.A. COBRE Copiapó TRANQUE DE RELAVE EJE CENTRAL","source_file":"geonoxa_relaves_panel.geojson"},"geometry":{"type":"Point","coordinates":[-70.32597202,-27.45046498]}},{"type":"Feature","properties":{"familia":"relaves","tipo_objeto":"Relave","id_objeto":"0208-3N","nombre_objeto":"PLANTA SAN JOSE","nombre_relave":"PLANTA SAN JOSE","titular":"SOC. PUNTA DEL COBRE S.A.","empresa":"SOC. PUNTA DEL COBRE S.A.","faena":"PLANTA SAN JOSE","recurso":"COBRE","comuna":"Copiapó","tipo_deposito":"FILTRADO","metodo_constructivo":"NO APLICA","shape_area_m2":1710678.786,"bbox":[-70.31157963,-27.44568524,-70.31157963,-27.44568524],"lat":-27.44568524,"lon":-70.31157963,"nombre_busq":"0208-3N PLANTA SAN JOSE SOC. PUNTA DEL COBRE S.A. COBRE Copiapó FILTRADO NO APLICA","source_file":"geonoxa_relaves_panel.geojson"},"geometry":{"type":"Point","coordinates":[-70.31157963,-27.44568524]}},{"type":"Feature","properties":{"familia":"relaves","tipo_objeto":"Relave","id_objeto":"0209-3N","nombre_objeto":"PLANTA PUCOBRE","nombre_relave":"PLANTA PUCOBRE","titular":"SOC. PUNTA DEL COBRE S.A.","empresa":"SOC. PUNTA DEL COBRE S.A.","faena":"PLANTA PUCOBRE","recurso":"COBRE","comuna":"Tierra Amarilla","tipo_deposito":"TRANQUE DE RELAVE","metodo_constructivo":"","shape_area_m2":348850.7117,"bbox":[-70.28831012,-27.48073144,-70.28831012,-27.48073144],"lat":-27.48073144,"lon":-70.28831012,"nombre_busq":"0209-3N PLANTA PUCOBRE SOC. PUNTA DEL COBRE S.A. COBRE Tierra Amarilla TRANQUE DE RELAVE","source_file":"geonoxa_relaves_panel.geojson"},"geometry":{"type":"Point","coordinates":[-70.28831012,-27.48073144]}},{"type":"Feature","properties":{"familia":"relaves","tipo_objeto":"Relave","id_objeto":"0210-3N","nombre_objeto":"PLANTA PUCOBRE","nombre_relave":"PLANTA PUCOBRE","titular":"SOC. PUNTA DEL COBRE S.A.","empresa":"SOC. PUNTA DEL COBRE S.A.","faena":"PLANTA PUCOBRE","recurso":"COBRE","comuna":"Tierra Amarilla","tipo_deposito":"TRANQUE DE RELAVE","metodo_constructivo":"EJE CENTRAL","shape_area_m2":107402.8191,"bbox":[-70.27904712,-27.48230531,-70.27904712,-27.48230531],"lat":-27.48230531,"lon":-70.27904712,"nombre_busq":"0210-3N PLANTA PUCOBRE SOC. PUNTA DEL COBRE S.A. COBRE Tierra Amarilla TRANQUE DE RELAVE EJE CENTRAL","source_file":"geonoxa_relaves_panel.geojson"},"geometry":{"type":"Point","coordinates":[-70.27904712,-27.48230531]}},{"type":"Feature","properties":{"familia":"relaves","tipo_objeto":"Relave","id_objeto":"0211-3N","nombre_objeto":"CASERONES","nombre_relave":"CASERONES","titular":"MINERA LUMINA COPPER CHILE LTDA.","empresa":"MINERA LUMINA COPPER CHILE LTDA.","faena":"CASERONES","recurso":"COBRE","comuna":"Tierra Amarilla","tipo_deposito":"TRANQUE DE RELAVE","metodo_constructivo":"NO APLICA","shape_area_m2":849639.2331,"bbox":[-69.55350672,-28.18960007,-69.55350672,-28.18960007],"lat":-28.18960007,"lon":-69.55350672,"nombre_busq":"0211-3N CASERONES MINERA LUMINA COPPER CHILE LTDA. COBRE Tierra Amarilla TRANQUE DE RELAVE NO APLICA","source_file":"geonoxa_relaves_panel.geojson"},"geometry":{"type":"Point","coordinates":[-69.55350672,-28.18960007]}},{"type":"Feature","properties":{"familia":"relaves","tipo_objeto":"Relave","id_objeto":"0212-3N","nombre_objeto":"CASERONES","nombre_relave":"CASERONES","titular":"MINERA LUMINA COPPER CHILE LTDA.","empresa":"MINERA LUMINA COPPER CHILE LTDA.","faena":"CASERONES","recurso":"COBRE","comuna":"Tierra Amarilla","tipo_deposito":"EMBALSE","metodo_constructivo":"AGUAS ABAJO","shape_area_m2":2647422.268,"bbox":[-69.6242701,-28.13268254,-69.6242701,-28.13268254],"lat":-28.13268254,"lon":-69.6242701,"nombre_busq":"0212-3N CASERONES MINERA LUMINA COPPER CHILE LTDA. COBRE Tierra Amarilla EMBALSE AGUAS ABAJO","source_file":"geonoxa_relaves_panel.geojson"},"geometry":{"type":"Point","coordinates":[-69.6242701,-28.13268254]}},{"type":"Feature","properties":{"familia":"relaves","tipo_objeto":"Relave","id_objeto":"0213-3N","nombre_objeto":"DESCONOCIDO","nombre_relave":"DESCONOCIDO","titular":"DESCONOCIDO","empresa":"DESCONOCIDO","faena":"DESCONOCIDO","recurso":"COBRE","comuna":"Tierra Amarilla","tipo_deposito":"ACOPIO","metodo_constructivo":"NO APLICA","shape_area_m2":37380.83294,"bbox":[-70.23568862,-27.65356719,-70.23568862,-27.65356719],"lat":-27.65356719,"lon":-70.23568862,"nombre_busq":"0213-3N DESCONOCIDO DESCONOCIDO COBRE Tierra Amarilla ACOPIO NO APLICA","source_file":"geonoxa_relaves_panel.geojson"},"geometry":{"type":"Point","coordinates":[-70.23568862,-27.65356719]}},{"type":"Feature","properties":{"familia":"relaves","tipo_objeto":"Relave","id_objeto":"0214-3N","nombre_objeto":"PLANTA RIO HUASCO","nombre_relave":"PLANTA RIO HUASCO","titular":"CIA. MINERA HUASCO","empresa":"CIA. MINERA HUASCO","faena":"PLANTA RIO HUASCO","recurso":"COBRE-ORO","comuna":"Caldera","tipo_deposito":"TRANQUE DE RELAVE","metodo_constructivo":"","shape_area_m2":168571.5767,"bbox":[-70.81483742,-27.03053216,-70.81483742,-27.03053216],"lat":-27.03053216,"lon":-70.81483742,"nombre_busq":"0214-3N PLANTA RIO HUASCO CIA. MINERA HUASCO COBRE-ORO Caldera TRANQUE DE RELAVE","source_file":"geonoxa_relaves_panel.geojson"},"geometry":{"type":"Point","coordinates":[-70.81483742,-27.03053216]}},{"type":"Feature","properties":{"familia":"relaves","tipo_objeto":"Relave","id_objeto":"0215-3N","nombre_objeto":"PLANTA DOMEYKO","nombre_relave":"PLANTA DOMEYKO","titular":"SOC. EXPLODESA DOS AMIGOS (EX MINERA DOMEYKO)","empresa":"SOC. EXPLODESA DOS AMIGOS (EX MINERA DOMEYKO)","faena":"PLANTA DOMEYKO","recurso":"ORO-COBRE-PLATA","comuna":"Vallenar","tipo_deposito":"TRANQUE DE RELAVE","metodo_constructivo":"","shape_area_m2":13954.47451,"bbox":[-70.88266927,-28.95775938,-70.88266927,-28.95775938],"lat":-28.95775938,"lon":-70.88266927,"nombre_busq":"0215-3N PLANTA DOMEYKO SOC. EXPLODESA DOS AMIGOS (EX MINERA DOMEYKO) ORO-COBRE-PLATA Vallenar TRANQUE DE RELAVE","source_file":"geonoxa_relaves_panel.geojson"},"geometry":{"type":"Point","coordinates":[-70.88266927,-28.95775938]}},{"type":"Feature","properties":{"familia":"relaves","tipo_objeto":"Relave","id_objeto":"0216-3N","nombre_objeto":"PLANTA DOMEYKO","nombre_relave":"PLANTA DOMEYKO","titular":"SOC. EXPLODESA DOS AMIGOS (EX MINERA DOMEYKO)","empresa":"SOC. EXPLODESA DOS AMIGOS (EX MINERA DOMEYKO)","faena":"PLANTA DOMEYKO","recurso":"ORO-COBRE-PLATA","comuna":"Vallenar","tipo_deposito":"TRANQUE DE RELAVE","metodo_constructivo":"","shape_area_m2":32637.36487,"bbox":[-70.88633471,-28.95656549,-70.88633471,-28.95656549],"lat":-28.95656549,"lon":-70.88633471,"nombre_busq":"0216-3N PLANTA DOMEYKO SOC. EXPLODESA DOS AMIGOS (EX MINERA DOMEYKO) ORO-COBRE-PLATA Vallenar TRANQUE DE RELAVE","source_file":"geonoxa_relaves_panel.geojson"},"geometry":{"type":"Point","coordinates":[-70.88633471,-28.95656549]}},{"type":"Feature","properties":{"familia":"relaves","tipo_objeto":"Relave","id_objeto":"0217-3N","nombre_objeto":"PLANTA DOMEYKO","nombre_relave":"PLANTA DOMEYKO","titular":"SOC. EXPLODESA DOS AMIGOS (EX MINERA DOMEYKO)","empresa":"SOC. EXPLODESA DOS AMIGOS (EX MINERA DOMEYKO)","faena":"PLANTA DOMEYKO","recurso":"ORO-COBRE-PLATA","comuna":"Vallenar","tipo_deposito":"TRANQUE DE RELAVE","metodo_constructivo":"","shape_area_m2":14788.99602,"bbox":[-70.88673954,-28.9551899,-70.88673954,-28.9551899],"lat":-28.9551899,"lon":-70.88673954,"nombre_busq":"0217-3N PLANTA DOMEYKO SOC. EXPLODESA DOS AMIGOS (EX MINERA DOMEYKO) ORO-COBRE-PLATA Vallenar TRANQUE DE RELAVE","source_file":"geonoxa_relaves_panel.geojson"},"geometry":{"type":"Point","coordinates":[-70.88673954,-28.9551899]}},{"type":"Feature","properties":{"familia":"relaves","tipo_objeto":"Relave","id_objeto":"0218-3N","nombre_objeto":"PLANTA DOMEYKO","nombre_relave":"PLANTA DOMEYKO","titular":"SOC. EXPLODESA DOS AMIGOS (EX MINERA DOMEYKO)","empresa":"SOC. EXPLODESA DOS AMIGOS (EX MINERA DOMEYKO)","faena":"PLANTA DOMEYKO","recurso":"ORO-COBRE-PLATA","comuna":"Vallenar","tipo_deposito":"TRANQUE DE RELAVE","metodo_constructivo":"","shape_area_m2":15167.02861,"bbox":[-70.88501523,-28.95526322,-70.88501523,-28.95526322],"lat":-28.95526322,"lon":-70.88501523,"nombre_busq":"0218-3N PLANTA DOMEYKO SOC. EXPLODESA DOS AMIGOS (EX MINERA DOMEYKO) ORO-COBRE-PLATA Vallenar TRANQUE DE RELAVE","source_file":"geonoxa_relaves_panel.geojson"},"geometry":{"type":"Point","coordinates":[-70.88501523,-28.95526322]}},{"type":"Feature","properties":{"familia":"relaves","tipo_objeto":"Relave","id_objeto":"0219-3N","nombre_objeto":"PLANTA DOMEYKO","nombre_relave":"PLANTA DOMEYKO","titular":"SOC. EXPLODESA DOS AMIGOS (EX MINERA DOMEYKO)","empresa":"SOC. EXPLODESA DOS AMIGOS (EX MINERA DOMEYKO)","faena":"PLANTA DOMEYKO","recurso":"ORO-COBRE-PLATA","comuna":"Vallenar","tipo_deposito":"TRANQUE DE RELAVE","metodo_constructivo":"","shape_area_m2":6083.615221,"bbox":[-70.88582135,-28.95517517,-70.88582135,-28.95517517],"lat":-28.95517517,"lon":-70.88582135,"nombre_busq":"0219-3N PLANTA DOMEYKO SOC. EXPLODESA DOS AMIGOS (EX MINERA DOMEYKO) ORO-COBRE-PLATA Vallenar TRANQUE DE RELAVE","source_file":"geonoxa_relaves_panel.geojson"},"geometry":{"type":"Point","coordinates":[-70.88582135,-28.95517517]}},{"type":"Feature","properties":{"familia":"relaves","tipo_objeto":"Relave","id_objeto":"0220-3N","nombre_objeto":"PLANTA SOLIS","nombre_relave":"PLANTA SOLIS","titular":"HERNAN SOLIS","empresa":"HERNAN SOLIS","faena":"PLANTA SOLIS","recurso":"ORO","comuna":"Vallenar","tipo_deposito":"TRANQUE DE RELAVE","metodo_constructivo":"AGUAS ARRIBA","shape_area_m2":6879.090526,"bbox":[-70.76288284,-28.55230358,-70.76288284,-28.55230358],"lat":-28.55230358,"lon":-70.76288284,"nombre_busq":"0220-3N PLANTA SOLIS HERNAN SOLIS ORO Vallenar TRANQUE DE RELAVE AGUAS ARRIBA","source_file":"geonoxa_relaves_panel.geojson"},"geometry":{"type":"Point","coordinates":[-70.76288284,-28.55230358]}},{"type":"Feature","properties":{"familia":"relaves","tipo_objeto":"Relave","id_objeto":"0221-3N","nombre_objeto":"PLANTA SOLIS","nombre_relave":"PLANTA SOLIS","titular":"HERNAN SOLIS","empresa":"HERNAN SOLIS","faena":"PLANTA SOLIS","recurso":"ORO","comuna":"Vallenar","tipo_deposito":"TRANQUE DE RELAVE","metodo_constructivo":"AGUAS ARRIBA","shape_area_m2":7174.067513,"bbox":[-70.76233753,-28.55184081,-70.76233753,-28.55184081],"lat":-28.55184081,"lon":-70.76233753,"nombre_busq":"0221-3N PLANTA SOLIS HERNAN SOLIS ORO Vallenar TRANQUE DE RELAVE AGUAS ARRIBA","source_file":"geonoxa_relaves_panel.geojson"},"geometry":{"type":"Point","coordinates":[-70.76233753,-28.55184081]}},{"type":"Feature","properties":{"familia":"relaves","tipo_objeto":"Relave","id_objeto":"0222-3N","nombre_objeto":"PLANTA FONSECA","nombre_relave":"PLANTA FONSECA","titular":"J. FONSECA","empresa":"J. FONSECA","faena":"PLANTA FONSECA","recurso":"ORO-COBRE","comuna":"Diego de Almagro","tipo_deposito":"ACOPIO","metodo_constructivo":"NO APLICA","shape_area_m2":4819.63059,"bbox":[-69.90837978,-26.75563229,-69.90837978,-26.75563229],"lat":-26.75563229,"lon":-69.90837978,"nombre_busq":"0222-3N PLANTA FONSECA J. FONSECA ORO-COBRE Diego de Almagro ACOPIO NO APLICA","source_file":"geonoxa_relaves_panel.geojson"},"geometry":{"type":"Point","coordinates":[-69.90837978,-26.75563229]}},{"type":"Feature","properties":{"familia":"relaves","tipo_objeto":"Relave","id_objeto":"0223-3N","nombre_objeto":"PLANTA HERNANDEZ","nombre_relave":"PLANTA HERNANDEZ","titular":"MARTIN HERNANDEZ","empresa":"MARTIN HERNANDEZ","faena":"PLANTA HERNANDEZ","recurso":"COBRE","comuna":"Diego de Almagro","tipo_deposito":"ACOPIO","metodo_constructivo":"NO APLICA","shape_area_m2":5044.058703,"bbox":[-69.91213596,-26.75598828,-69.91213596,-26.75598828],"lat":-26.75598828,"lon":-69.91213596,"nombre_busq":"0223-3N PLANTA HERNANDEZ MARTIN HERNANDEZ COBRE Diego de Almagro ACOPIO NO APLICA","source_file":"geonoxa_relaves_panel.geojson"},"geometry":{"type":"Point","coordinates":[-69.91213596,-26.75598828]}},{"type":"Feature","properties":{"familia":"relaves","tipo_objeto":"Relave","id_objeto":"0224-3N","nombre_objeto":"PLANTA OMEGA","nombre_relave":"PLANTA OMEGA","titular":"INCA DE ORO S.A","empresa":"INCA DE ORO S.A","faena":"PLANTA OMEGA","recurso":"ORO","comuna":"Diego de Almagro","tipo_deposito":"TRANQUE DE RELAVE","metodo_constructivo":"AGUAS ARRIBA","shape_area_m2":1626.528637,"bbox":[-69.91335429,-26.74898347,-69.91335429,-26.74898347],"lat":-26.74898347,"lon":-69.91335429,"nombre_busq":"0224-3N PLANTA OMEGA INCA DE ORO S.A ORO Diego de Almagro TRANQUE DE RELAVE AGUAS ARRIBA","source_file":"geonoxa_relaves_panel.geojson"},"geometry":{"type":"Point","coordinates":[-69.91335429,-26.74898347]}},{"type":"Feature","properties":{"familia":"relaves","tipo_objeto":"Relave","id_objeto":"0225-3N","nombre_objeto":"PLANTA OMEGA","nombre_relave":"PLANTA OMEGA","titular":"INCA DE ORO S.A","empresa":"INCA DE ORO S.A","faena":"PLANTA OMEGA","recurso":"ORO","comuna":"Diego de Almagro","tipo_deposito":"TRANQUE DE RELAVE","metodo_constructivo":"AGUAS ARRIBA","shape_area_m2":3205.677061,"bbox":[-69.91404106,-26.74901533,-69.91404106,-26.74901533],"lat":-26.74901533,"lon":-69.91404106,"nombre_busq":"0225-3N PLANTA OMEGA INCA DE ORO S.A ORO Diego de Almagro TRANQUE DE RELAVE AGUAS ARRIBA","source_file":"geonoxa_relaves_panel.geojson"},"geometry":{"type":"Point","coordinates":[-69.91404106,-26.74901533]}},{"type":"Feature","properties":{"familia":"relaves","tipo_objeto":"Relave","id_objeto":"0226-3N","nombre_objeto":"PLANTA OMEGA","nombre_relave":"PLANTA OMEGA","titular":"INCA DE ORO S.A","empresa":"INCA DE ORO S.A","faena":"PLANTA OMEGA","recurso":"ORO","comuna":"Diego de Almagro","tipo_deposito":"TRANQUE DE RELAVE","metodo_constructivo":"AGUAS ARRIBA","shape_area_m2":1835.205369,"bbox":[-69.91372913,-26.74894079,-69.91372913,-26.74894079],"lat":-26.74894079,"lon":-69.91372913,"nombre_busq":"0226-3N PLANTA OMEGA INCA DE ORO S.A ORO Diego de Almagro TRANQUE DE RELAVE AGUAS ARRIBA","source_file":"geonoxa_relaves_panel.geojson"},"geometry":{"type":"Point","coordinates":[-69.91372913,-26.74894079]}},{"type":"Feature","properties":{"familia":"relaves","tipo_objeto":"Relave","id_objeto":"0227-3N","nombre_objeto":"PLANTA DIEGO DE ALMAGRO","nombre_relave":"PLANTA DIEGO DE ALMAGRO","titular":"ASESORIÁS E INVERSIONES SANTANDER LTDA","empresa":"ASESORIÁS E INVERSIONES SANTANDER LTDA","faena":"PLANTA DIEGO DE ALMAGRO","recurso":"COBRE-ORO","comuna":"Diego de Almagro","tipo_deposito":"ACOPIO","metodo_constructivo":"NO APLICA","shape_area_m2":7003.674153,"bbox":[-70.06519024,-26.39747423,-70.06519024,-26.39747423],"lat":-26.39747423,"lon":-70.06519024,"nombre_busq":"0227-3N PLANTA DIEGO DE ALMAGRO ASESORIÁS E INVERSIONES SANTANDER LTDA COBRE-ORO Diego de Almagro ACOPIO NO APLICA","source_file":"geonoxa_relaves_panel.geojson"},"geometry":{"type":"Point","coordinates":[-70.06519024,-26.39747423]}},{"type":"Feature","properties":{"familia":"relaves","tipo_objeto":"Relave","id_objeto":"0228-3N","nombre_objeto":"PLANTA DIEGO DE ALMAGRO","nombre_relave":"PLANTA DIEGO DE ALMAGRO","titular":"ASESORIÁS E INVERSIONES SANTANDER LTDA","empresa":"ASESORIÁS E INVERSIONES SANTANDER LTDA","faena":"PLANTA DIEGO DE ALMAGRO","recurso":"COBRE-ORO","comuna":"Diego de Almagro","tipo_deposito":"EMBALSE","metodo_constructivo":"","shape_area_m2":6852.972674,"bbox":[-70.06849279,-26.39741585,-70.06849279,-26.39741585],"lat":-26.39741585,"lon":-70.06849279,"nombre_busq":"0228-3N PLANTA DIEGO DE ALMAGRO ASESORIÁS E INVERSIONES SANTANDER LTDA COBRE-ORO Diego de Almagro EMBALSE","source_file":"geonoxa_relaves_panel.geojson"},"geometry":{"type":"Point","coordinates":[-70.06849279,-26.39741585]}},{"type":"Feature","properties":{"familia":"relaves","tipo_objeto":"Relave","id_objeto":"0229-3N","nombre_objeto":"PLANTA CASTELLON","nombre_relave":"PLANTA CASTELLON","titular":"HECTOR CASTELLON","empresa":"HECTOR CASTELLON","faena":"PLANTA CASTELLON","recurso":"ORO","comuna":"Copiapó","tipo_deposito":"ACOPIO","metodo_constructivo":"NO APLICA","shape_area_m2":19375.03129,"bbox":[-70.3361344,-27.38647643,-70.3361344,-27.38647643],"lat":-27.38647643,"lon":-70.3361344,"nombre_busq":"0229-3N PLANTA CASTELLON HECTOR CASTELLON ORO Copiapó ACOPIO NO APLICA","source_file":"geonoxa_relaves_panel.geojson"},"geometry":{"type":"Point","coordinates":[-70.3361344,-27.38647643]}},{"type":"Feature","properties":{"familia":"relaves","tipo_objeto":"Relave","id_objeto":"0230-3N","nombre_objeto":"LUZ ELENA","nombre_relave":"LUZ ELENA","titular":"CARLOS IRIBARREN","empresa":"CARLOS IRIBARREN","faena":"LUZ ELENA","recurso":"COBRE-ORO","comuna":"Copiapó","tipo_deposito":"EMBALSE","metodo_constructivo":"","shape_area_m2":5825.736303,"bbox":[-70.35054765,-27.40544885,-70.35054765,-27.40544885],"lat":-27.40544885,"lon":-70.35054765,"nombre_busq":"0230-3N LUZ ELENA CARLOS IRIBARREN COBRE-ORO Copiapó EMBALSE","source_file":"geonoxa_relaves_panel.geojson"},"geometry":{"type":"Point","coordinates":[-70.35054765,-27.40544885]}},{"type":"Feature","properties":{"familia":"relaves","tipo_objeto":"Relave","id_objeto":"0231-3N","nombre_objeto":"LUZ ELENA","nombre_relave":"LUZ ELENA","titular":"CARLOS IRIBARREN","empresa":"CARLOS IRIBARREN","faena":"LUZ ELENA","recurso":"COBRE-ORO","comuna":"Copiapó","tipo_deposito":"EMBALSE","metodo_constructivo":"","shape_area_m2":6367.37109,"bbox":[-70.35152304,-27.4055799,-70.35152304,-27.4055799],"lat":-27.4055799,"lon":-70.35152304,"nombre_busq":"0231-3N LUZ ELENA CARLOS IRIBARREN COBRE-ORO Copiapó EMBALSE","source_file":"geonoxa_relaves_panel.geojson"},"geometry":{"type":"Point","coordinates":[-70.35152304,-27.4055799]}},{"type":"Feature","properties":{"familia":"relaves","tipo_objeto":"Relave","id_objeto":"0232-3N","nombre_objeto":"PLANTA LA PEPA","nombre_relave":"PLANTA LA PEPA","titular":"CIA. MINERA HORUS","empresa":"CIA. MINERA HORUS","faena":"PLANTA LA PEPA","recurso":"COBRE","comuna":"Tierra Amarilla","tipo_deposito":"TRANQUE DE RELAVE","metodo_constructivo":"EJE CENTRAL","shape_area_m2":63194.6969,"bbox":[-69.29051694,-27.26031298,-69.29051694,-27.26031298],"lat":-27.26031298,"lon":-69.29051694,"nombre_busq":"0232-3N PLANTA LA PEPA CIA. MINERA HORUS COBRE Tierra Amarilla TRANQUE DE RELAVE EJE CENTRAL","source_file":"geonoxa_relaves_panel.geojson"},"geometry":{"type":"Point","coordinates":[-69.29051694,-27.26031298]}},{"type":"Feature","properties":{"familia":"relaves","tipo_objeto":"Relave","id_objeto":"0233-3N","nombre_objeto":"PLANTA LA PEPA","nombre_relave":"PLANTA LA PEPA","titular":"CIA. MINERA HORUS","empresa":"CIA. MINERA HORUS","faena":"PLANTA LA PEPA","recurso":"COBRE","comuna":"Tierra Amarilla","tipo_deposito":"TRANQUE DE RELAVE","metodo_constructivo":"EJE CENTRAL","shape_area_m2":28484.15985,"bbox":[-69.29176719,-27.25774502,-69.29176719,-27.25774502],"lat":-27.25774502,"lon":-69.29176719,"nombre_busq":"0233-3N PLANTA LA PEPA CIA. MINERA HORUS COBRE Tierra Amarilla TRANQUE DE RELAVE EJE CENTRAL","source_file":"geonoxa_relaves_panel.geojson"},"geometry":{"type":"Point","coordinates":[-69.29176719,-27.25774502]}},{"type":"Feature","properties":{"familia":"relaves","tipo_objeto":"Relave","id_objeto":"0234-3N","nombre_objeto":"PLANTA SAN ESTEBAN","nombre_relave":"PLANTA SAN ESTEBAN","titular":"CIA. MINERA SAN ESTEBAN","empresa":"CIA. MINERA SAN ESTEBAN","faena":"PLANTA SAN ESTEBAN","recurso":"COBRE","comuna":"Copiapó","tipo_deposito":"TRANQUE DE RELAVE","metodo_constructivo":"","shape_area_m2":5198.259823,"bbox":[-70.31238242,-27.39497432,-70.31238242,-27.39497432],"lat":-27.39497432,"lon":-70.31238242,"nombre_busq":"0234-3N PLANTA SAN ESTEBAN CIA. MINERA SAN ESTEBAN COBRE Copiapó TRANQUE DE RELAVE","source_file":"geonoxa_relaves_panel.geojson"},"geometry":{"type":"Point","coordinates":[-70.31238242,-27.39497432]}},{"type":"Feature","properties":{"familia":"relaves","tipo_objeto":"Relave","id_objeto":"0235-3N","nombre_objeto":"PLANTA SAN ESTEBAN","nombre_relave":"PLANTA SAN ESTEBAN","titular":"CIA. MINERA SAN ESTEBAN","empresa":"CIA. MINERA SAN ESTEBAN","faena":"PLANTA SAN ESTEBAN","recurso":"COBRE","comuna":"Copiapó","tipo_deposito":"TRANQUE DE RELAVE","metodo_constructivo":"EJE CENTRAL","shape_area_m2":1752.228891,"bbox":[-70.31288069,-27.39560447,-70.31288069,-27.39560447],"lat":-27.39560447,"lon":-70.31288069,"nombre_busq":"0235-3N PLANTA SAN ESTEBAN CIA. MINERA SAN ESTEBAN COBRE Copiapó TRANQUE DE RELAVE EJE CENTRAL","source_file":"geonoxa_relaves_panel.geojson"},"geometry":{"type":"Point","coordinates":[-70.31288069,-27.39560447]}},{"type":"Feature","properties":{"familia":"relaves","tipo_objeto":"Relave","id_objeto":"0236-3N","nombre_objeto":"PLANTA SAN ESTEBAN","nombre_relave":"PLANTA SAN ESTEBAN","titular":"CIA. MINERA SAN ESTEBAN","empresa":"CIA. MINERA SAN ESTEBAN","faena":"PLANTA SAN ESTEBAN","recurso":"COBRE","comuna":"Copiapó","tipo_deposito":"TRANQUE DE RELAVE","metodo_constructivo":"EJE CENTRAL","shape_area_m2":9519.001823,"bbox":[-70.31353921,-27.3963127,-70.31353921,-27.3963127],"lat":-27.3963127,"lon":-70.31353921,"nombre_busq":"0236-3N PLANTA SAN ESTEBAN CIA. MINERA SAN ESTEBAN COBRE Copiapó TRANQUE DE RELAVE EJE CENTRAL","source_file":"geonoxa_relaves_panel.geojson"},"geometry":{"type":"Point","coordinates":[-70.31353921,-27.3963127]}},{"type":"Feature","properties":{"familia":"relaves","tipo_objeto":"Relave","id_objeto":"0237-3N","nombre_objeto":"PLANTA PEDRO AGUIRRE CERDA","nombre_relave":"PLANTA PEDRO AGUIRRE CERDA","titular":"CIA. MINERA OJOS DEL SALADO","empresa":"CIA. MINERA OJOS DEL SALADO","faena":"PLANTA PEDRO AGUIRRE CERDA","recurso":"COBRE-ORO","comuna":"Tierra Amarilla","tipo_deposito":"TRANQUE DE RELAVE","metodo_constructivo":"","shape_area_m2":8444.037772,"bbox":[-70.25946426,-27.49548819,-70.25946426,-27.49548819],"lat":-27.49548819,"lon":-70.25946426,"nombre_busq":"0237-3N PLANTA PEDRO AGUIRRE CERDA CIA. MINERA OJOS DEL SALADO COBRE-ORO Tierra Amarilla TRANQUE DE RELAVE","source_file":"geonoxa_relaves_panel.geojson"},"geometry":{"type":"Point","coordinates":[-70.25946426,-27.49548819]}},{"type":"Feature","properties":{"familia":"relaves","tipo_objeto":"Relave","id_objeto":"0238-3N","nombre_objeto":"PLANTA PEDRO AGUIRRE CERDA","nombre_relave":"PLANTA PEDRO AGUIRRE CERDA","titular":"CIA. MINERA OJOS DEL SALADO","empresa":"CIA. MINERA OJOS DEL SALADO","faena":"PLANTA PEDRO AGUIRRE CERDA","recurso":"COBRE-ORO","comuna":"Tierra Amarilla","tipo_deposito":"TRANQUE DE RELAVE","metodo_constructivo":"","shape_area_m2":8965.354402,"bbox":[-70.26041323,-27.49566749,-70.26041323,-27.49566749],"lat":-27.49566749,"lon":-70.26041323,"nombre_busq":"0238-3N PLANTA PEDRO AGUIRRE CERDA CIA. MINERA OJOS DEL SALADO COBRE-ORO Tierra Amarilla TRANQUE DE RELAVE","source_file":"geonoxa_relaves_panel.geojson"},"geometry":{"type":"Point","coordinates":[-70.26041323,-27.49566749]}},{"type":"Feature","properties":{"familia":"relaves","tipo_objeto":"Relave","id_objeto":"0239-3N","nombre_objeto":"PLANTA PEDRO AGUIRRE CERDA","nombre_relave":"PLANTA PEDRO AGUIRRE CERDA","titular":"CIA. MINERA OJOS DEL SALADO","empresa":"CIA. MINERA OJOS DEL SALADO","faena":"PLANTA PEDRO AGUIRRE CERDA","recurso":"COBRE-ORO","comuna":"Tierra Amarilla","tipo_deposito":"TRANQUE DE RELAVE","metodo_constructivo":"","shape_area_m2":8198.553565,"bbox":[-70.25993616,-27.49711153,-70.25993616,-27.49711153],"lat":-27.49711153,"lon":-70.25993616,"nombre_busq":"0239-3N PLANTA PEDRO AGUIRRE CERDA CIA. MINERA OJOS DEL SALADO COBRE-ORO Tierra Amarilla TRANQUE DE RELAVE","source_file":"geonoxa_relaves_panel.geojson"},"geometry":{"type":"Point","coordinates":[-70.25993616,-27.49711153]}},{"type":"Feature","properties":{"familia":"relaves","tipo_objeto":"Relave","id_objeto":"0240-3N","nombre_objeto":"PLANTA PEDRO AGUIRRE CERDA","nombre_relave":"PLANTA PEDRO AGUIRRE CERDA","titular":"CIA. MINERA OJOS DEL SALADO","empresa":"CIA. MINERA OJOS DEL SALADO","faena":"PLANTA PEDRO AGUIRRE CERDA","recurso":"COBRE-ORO","comuna":"Tierra Amarilla","tipo_deposito":"TRANQUE DE RELAVE","metodo_constructivo":"","shape_area_m2":50991.03979,"bbox":[-70.26169073,-27.49083455,-70.26169073,-27.49083455],"lat":-27.49083455,"lon":-70.26169073,"nombre_busq":"0240-3N PLANTA PEDRO AGUIRRE CERDA CIA. MINERA OJOS DEL SALADO COBRE-ORO Tierra Amarilla TRANQUE DE RELAVE","source_file":"geonoxa_relaves_panel.geojson"},"geometry":{"type":"Point","coordinates":[-70.26169073,-27.49083455]}},{"type":"Feature","properties":{"familia":"relaves","tipo_objeto":"Relave","id_objeto":"0241-3N","nombre_objeto":"PLANTA PEDRO AGUIRRE CERDA","nombre_relave":"PLANTA PEDRO AGUIRRE CERDA","titular":"CIA. MINERA OJOS DEL SALADO","empresa":"CIA. MINERA OJOS DEL SALADO","faena":"PLANTA PEDRO AGUIRRE CERDA","recurso":"COBRE-ORO","comuna":"Tierra Amarilla","tipo_deposito":"TRANQUE DE RELAVE","metodo_constructivo":"","shape_area_m2":2936.857685,"bbox":[-70.26110014,-27.49459544,-70.26110014,-27.49459544],"lat":-27.49459544,"lon":-70.26110014,"nombre_busq":"0241-3N PLANTA PEDRO AGUIRRE CERDA CIA. MINERA OJOS DEL SALADO COBRE-ORO Tierra Amarilla TRANQUE DE RELAVE","source_file":"geonoxa_relaves_panel.geojson"},"geometry":{"type":"Point","coordinates":[-70.26110014,-27.49459544]}},{"type":"Feature","properties":{"familia":"relaves","tipo_objeto":"Relave","id_objeto":"0242-3N","nombre_objeto":"PLANTA GOLD SILVER","nombre_relave":"PLANTA GOLD SILVER","titular":"OSCAR ROJAS GARIN","empresa":"OSCAR ROJAS GARIN","faena":"PLANTA GOLD SILVER","recurso":"ORO","comuna":"Diego de Almagro","tipo_deposito":"TRANQUE DE RELAVE","metodo_constructivo":"EJE CENTRAL","shape_area_m2":10580.23885,"bbox":[-69.90866442,-26.754204,-69.90866442,-26.754204],"lat":-26.754204,"lon":-69.90866442,"nombre_busq":"0242-3N PLANTA GOLD SILVER OSCAR ROJAS GARIN ORO Diego de Almagro TRANQUE DE RELAVE EJE CENTRAL","source_file":"geonoxa_relaves_panel.geojson"},"geometry":{"type":"Point","coordinates":[-69.90866442,-26.754204]}},{"type":"Feature","properties":{"familia":"relaves","tipo_objeto":"Relave","id_objeto":"0243-3N","nombre_objeto":"PLANTA AMOLANAS","nombre_relave":"PLANTA AMOLANAS","titular":"P.L. SERVICIOS LTDA.","empresa":"P.L. SERVICIOS LTDA.","faena":"PLANTA AMOLANAS","recurso":"COBRE","comuna":"Tierra Amarilla","tipo_deposito":"TRANQUE DE RELAVE","metodo_constructivo":"","shape_area_m2":25488.49897,"bbox":[-70.01467546,-28.00702125,-70.01467546,-28.00702125],"lat":-28.00702125,"lon":-70.01467546,"nombre_busq":"0243-3N PLANTA AMOLANAS P.L. SERVICIOS LTDA. COBRE Tierra Amarilla TRANQUE DE RELAVE","source_file":"geonoxa_relaves_panel.geojson"},"geometry":{"type":"Point","coordinates":[-70.01467546,-28.00702125]}},{"type":"Feature","properties":{"familia":"relaves","tipo_objeto":"Relave","id_objeto":"0244-3N","nombre_objeto":"PLANTA ELISA DE BORDOS","nombre_relave":"PLANTA ELISA DE BORDOS","titular":"CIA. EXPLO. DE MINAS SAN ANDRES","empresa":"CIA. EXPLO. DE MINAS SAN ANDRES","faena":"PLANTA ELISA DE BORDOS","recurso":"COBRE","comuna":"Tierra Amarilla","tipo_deposito":"TRANQUE DE RELAVE","metodo_constructivo":"AGUAS ABAJO","shape_area_m2":122951.3925,"bbox":[-70.18836141,-27.72315955,-70.18836141,-27.72315955],"lat":-27.72315955,"lon":-70.18836141,"nombre_busq":"0244-3N PLANTA ELISA DE BORDOS CIA. EXPLO. DE MINAS SAN ANDRES COBRE Tierra Amarilla TRANQUE DE RELAVE AGUAS ABAJO","source_file":"geonoxa_relaves_panel.geojson"},"geometry":{"type":"Point","coordinates":[-70.18836141,-27.72315955]}},{"type":"Feature","properties":{"familia":"relaves","tipo_objeto":"Relave","id_objeto":"0245-3N","nombre_objeto":"PLANTA LAS BOMBAS","nombre_relave":"PLANTA LAS BOMBAS","titular":"SOC. MINERA LORENZO ZAZZALI","empresa":"SOC. MINERA LORENZO ZAZZALI","faena":"PLANTA LAS BOMBAS","recurso":"ORO-COBRE","comuna":"Chañaral","tipo_deposito":"TRANQUE DE RELAVE","metodo_constructivo":"EJE CENTRAL","shape_area_m2":12541.25216,"bbox":[-70.4342852,-26.03354355,-70.4342852,-26.03354355],"lat":-26.03354355,"lon":-70.4342852,"nombre_busq":"0245-3N PLANTA LAS BOMBAS SOC. MINERA LORENZO ZAZZALI ORO-COBRE Chañaral TRANQUE DE RELAVE EJE CENTRAL","source_file":"geonoxa_relaves_panel.geojson"},"geometry":{"type":"Point","coordinates":[-70.4342852,-26.03354355]}},{"type":"Feature","properties":{"familia":"relaves","tipo_objeto":"Relave","id_objeto":"0246-3N","nombre_objeto":"PLANTA LAS BOMBAS","nombre_relave":"PLANTA LAS BOMBAS","titular":"SOC. MINERA LORENZO ZAZZALI","empresa":"SOC. MINERA LORENZO ZAZZALI","faena":"PLANTA LAS BOMBAS","recurso":"ORO-COBRE","comuna":"Chañaral","tipo_deposito":"TRANQUE DE RELAVE","metodo_constructivo":"EJE CENTRAL","shape_area_m2":1081.103168,"bbox":[-70.43519535,-26.03400562,-70.43519535,-26.03400562],"lat":-26.03400562,"lon":-70.43519535,"nombre_busq":"0246-3N PLANTA LAS BOMBAS SOC. MINERA LORENZO ZAZZALI ORO-COBRE Chañaral TRANQUE DE RELAVE EJE CENTRAL","source_file":"geonoxa_relaves_panel.geojson"},"geometry":{"type":"Point","coordinates":[-70.43519535,-26.03400562]}},{"type":"Feature","properties":{"familia":"relaves","tipo_objeto":"Relave","id_objeto":"0247-3N","nombre_objeto":"PLANTA LAS BOMBAS","nombre_relave":"PLANTA LAS BOMBAS","titular":"SOC. MINERA LORENZO ZAZZALI","empresa":"SOC. MINERA LORENZO ZAZZALI","faena":"PLANTA LAS BOMBAS","recurso":"ORO-COBRE","comuna":"Chañaral","tipo_deposito":"TRANQUE DE RELAVE","metodo_constructivo":"EJE CENTRAL","shape_area_m2":2771.089397,"bbox":[-70.43560772,-26.03384792,-70.43560772,-26.03384792],"lat":-26.03384792,"lon":-70.43560772,"nombre_busq":"0247-3N PLANTA LAS BOMBAS SOC. MINERA LORENZO ZAZZALI ORO-COBRE Chañaral TRANQUE DE RELAVE EJE CENTRAL","source_file":"geonoxa_relaves_panel.geojson"},"geometry":{"type":"Point","coordinates":[-70.43560772,-26.03384792]}},{"type":"Feature","properties":{"familia":"relaves","tipo_objeto":"Relave","id_objeto":"0248-3N","nombre_objeto":"PLANTA JOFRE","nombre_relave":"PLANTA JOFRE","titular":"RUBEN JOFRE","empresa":"RUBEN JOFRE","faena":"PLANTA JOFRE","recurso":"COBRE-ORO","comuna":"Freirina","tipo_deposito":"ACOPIO","metodo_constructivo":"NO APLICA","shape_area_m2":61013.45347,"bbox":[-71.04780849,-28.5169398,-71.04780849,-28.5169398],"lat":-28.5169398,"lon":-71.04780849,"nombre_busq":"0248-3N PLANTA JOFRE RUBEN JOFRE COBRE-ORO Freirina ACOPIO NO APLICA","source_file":"geonoxa_relaves_panel.geojson"},"geometry":{"type":"Point","coordinates":[-71.04780849,-28.5169398]}},{"type":"Feature","properties":{"familia":"relaves","tipo_objeto":"Relave","id_objeto":"0249-3N","nombre_objeto":"PLANTA CHARLOTTE","nombre_relave":"PLANTA CHARLOTTE","titular":"SLM CHARLOTTE (JESSICA VELIZ)","empresa":"SLM CHARLOTTE (JESSICA VELIZ)","faena":"PLANTA CHARLOTTE","recurso":"COBRE","comuna":"Vallenar","tipo_deposito":"TRANQUE DE RELAVE","metodo_constructivo":"EJE CENTRAL","shape_area_m2":5641.444565,"bbox":[-70.74117022,-28.53493943,-70.74117022,-28.53493943],"lat":-28.53493943,"lon":-70.74117022,"nombre_busq":"0249-3N PLANTA CHARLOTTE SLM CHARLOTTE (JESSICA VELIZ) COBRE Vallenar TRANQUE DE RELAVE EJE CENTRAL","source_file":"geonoxa_relaves_panel.geojson"},"geometry":{"type":"Point","coordinates":[-70.74117022,-28.53493943]}},{"type":"Feature","properties":{"familia":"relaves","tipo_objeto":"Relave","id_objeto":"0250-3N","nombre_objeto":"EL DONKEY","nombre_relave":"EL DONKEY","titular":"ASOCIACION GREMIAL MINERA EL DONKEY","empresa":"ASOCIACION GREMIAL MINERA EL DONKEY","faena":"EL DONKEY","recurso":"ORO","comuna":"Vallenar","tipo_deposito":"ACOPIO","metodo_constructivo":"NO APLICA","shape_area_m2":25504.27433,"bbox":[-70.59990709,-28.16810512,-70.59990709,-28.16810512],"lat":-28.16810512,"lon":-70.59990709,"nombre_busq":"0250-3N EL DONKEY ASOCIACION GREMIAL MINERA EL DONKEY ORO Vallenar ACOPIO NO APLICA","source_file":"geonoxa_relaves_panel.geojson"},"geometry":{"type":"Point","coordinates":[-70.59990709,-28.16810512]}},{"type":"Feature","properties":{"familia":"relaves","tipo_objeto":"Relave","id_objeto":"0251-3N","nombre_objeto":"BOQUERON CHAÑAR","nombre_relave":"BOQUERON CHAÑAR","titular":"CESAR FLORES","empresa":"CESAR FLORES","faena":"BOQUERON CHAÑAR","recurso":"COBRE","comuna":"Vallenar","tipo_deposito":"TRANQUE DE RELAVE","metodo_constructivo":"AGUAS ARRIBA","shape_area_m2":118638.2206,"bbox":[-70.69185846,-28.06105567,-70.69185846,-28.06105567],"lat":-28.06105567,"lon":-70.69185846,"nombre_busq":"0251-3N BOQUERON CHAÑAR CESAR FLORES COBRE Vallenar TRANQUE DE RELAVE AGUAS ARRIBA","source_file":"geonoxa_relaves_panel.geojson"},"geometry":{"type":"Point","coordinates":[-70.69185846,-28.06105567]}},{"type":"Feature","properties":{"familia":"relaves","tipo_objeto":"Relave","id_objeto":"0252-3N","nombre_objeto":"PLANTA CASERON","nombre_relave":"PLANTA CASERON","titular":"LUIS PADILLA","empresa":"LUIS PADILLA","faena":"PLANTA CASERON","recurso":"COBRE","comuna":"Copiapó","tipo_deposito":"TRANQUE DE RELAVE","metodo_constructivo":"","shape_area_m2":7673.213946,"bbox":[-70.64300978,-27.40767962,-70.64300978,-27.40767962],"lat":-27.40767962,"lon":-70.64300978,"nombre_busq":"0252-3N PLANTA CASERON LUIS PADILLA COBRE Copiapó TRANQUE DE RELAVE","source_file":"geonoxa_relaves_panel.geojson"},"geometry":{"type":"Point","coordinates":[-70.64300978,-27.40767962]}},{"type":"Feature","properties":{"familia":"relaves","tipo_objeto":"Relave","id_objeto":"0253-3N","nombre_objeto":"PLANTA LA CHIMBA","nombre_relave":"PLANTA LA CHIMBA","titular":"DESCONOCIDO","empresa":"DESCONOCIDO","faena":"PLANTA LA CHIMBA","recurso":"COBRE","comuna":"Copiapó","tipo_deposito":"TRANQUE DE RELAVE","metodo_constructivo":"AGUAS ARRIBA","shape_area_m2":10848.69081,"bbox":[-70.35392622,-27.35530693,-70.35392622,-27.35530693],"lat":-27.35530693,"lon":-70.35392622,"nombre_busq":"0253-3N PLANTA LA CHIMBA DESCONOCIDO COBRE Copiapó TRANQUE DE RELAVE AGUAS ARRIBA","source_file":"geonoxa_relaves_panel.geojson"},"geometry":{"type":"Point","coordinates":[-70.35392622,-27.35530693]}},{"type":"Feature","properties":{"familia":"relaves","tipo_objeto":"Relave","id_objeto":"0254-3N","nombre_objeto":"PLANTA ALEMANA","nombre_relave":"PLANTA ALEMANA","titular":"ANA MARIA MUNIZAGA","empresa":"ANA MARIA MUNIZAGA","faena":"PLANTA ALEMANA","recurso":"ORO-COBRE","comuna":"Copiapó","tipo_deposito":"EMBALSE","metodo_constructivo":"","shape_area_m2":3391.032378,"bbox":[-70.35500668,-27.40680679,-70.35500668,-27.40680679],"lat":-27.40680679,"lon":-70.35500668,"nombre_busq":"0254-3N PLANTA ALEMANA ANA MARIA MUNIZAGA ORO-COBRE Copiapó EMBALSE","source_file":"geonoxa_relaves_panel.geojson"},"geometry":{"type":"Point","coordinates":[-70.35500668,-27.40680679]}},{"type":"Feature","properties":{"familia":"relaves","tipo_objeto":"Relave","id_objeto":"0255-3N","nombre_objeto":"AURICOP","nombre_relave":"AURICOP","titular":"GONZALO ASTORGA SAA","empresa":"GONZALO ASTORGA SAA","faena":"AURICOP","recurso":"ORO-COBRE","comuna":"Copiapó","tipo_deposito":"EMBALSE","metodo_constructivo":"","shape_area_m2":6801.557099,"bbox":[-70.35292627,-27.4061492,-70.35292627,-27.4061492],"lat":-27.4061492,"lon":-70.35292627,"nombre_busq":"0255-3N AURICOP GONZALO ASTORGA SAA ORO-COBRE Copiapó EMBALSE","source_file":"geonoxa_relaves_panel.geojson"},"geometry":{"type":"Point","coordinates":[-70.35292627,-27.4061492]}},{"type":"Feature","properties":{"familia":"relaves","tipo_objeto":"Relave","id_objeto":"0256-3N","nombre_objeto":"PLANTA CACHIYUYO","nombre_relave":"PLANTA CACHIYUYO","titular":"DESCONOCIDO","empresa":"DESCONOCIDO","faena":"PLANTA CACHIYUYO","recurso":"COBRE-ORO","comuna":"Vallenar","tipo_deposito":"EMBALSE","metodo_constructivo":"","shape_area_m2":1613.683628,"bbox":[-70.88776686,-29.0476452,-70.88776686,-29.0476452],"lat":-29.0476452,"lon":-70.88776686,"nombre_busq":"0256-3N PLANTA CACHIYUYO DESCONOCIDO COBRE-ORO Vallenar EMBALSE","source_file":"geonoxa_relaves_panel.geojson"},"geometry":{"type":"Point","coordinates":[-70.88776686,-29.0476452]}},{"type":"Feature","properties":{"familia":"relaves","tipo_objeto":"Relave","id_objeto":"0257-3N","nombre_objeto":"SAN PATRICIO","nombre_relave":"SAN PATRICIO","titular":"CIA. MINERA SAN PATRICIO","empresa":"CIA. MINERA SAN PATRICIO","faena":"SAN PATRICIO","recurso":"COBRE","comuna":"Copiapó","tipo_deposito":"TRANQUE DE RELAVE","metodo_constructivo":"","shape_area_m2":2205.33041,"bbox":[-70.34290436,-27.39191865,-70.34290436,-27.39191865],"lat":-27.39191865,"lon":-70.34290436,"nombre_busq":"0257-3N SAN PATRICIO CIA. MINERA SAN PATRICIO COBRE Copiapó TRANQUE DE RELAVE","source_file":"geonoxa_relaves_panel.geojson"},"geometry":{"type":"Point","coordinates":[-70.34290436,-27.39191865]}},{"type":"Feature","properties":{"familia":"relaves","tipo_objeto":"Relave","id_objeto":"0258-3N","nombre_objeto":"DIEGO DE ALMEYDA","nombre_relave":"DIEGO DE ALMEYDA","titular":"CIA. MINERA POTRERILLOS","empresa":"CIA. MINERA POTRERILLOS","faena":"DIEGO DE ALMEYDA","recurso":"COBRE","comuna":"Diego de Almagro","tipo_deposito":"FILTRADO","metodo_constructivo":"NO APLICA","shape_area_m2":67303.14915,"bbox":[-70.0108882,-26.35808682,-70.0108882,-26.35808682],"lat":-26.35808682,"lon":-70.0108882,"nombre_busq":"0258-3N DIEGO DE ALMEYDA CIA. MINERA POTRERILLOS COBRE Diego de Almagro FILTRADO NO APLICA","source_file":"geonoxa_relaves_panel.geojson"},"geometry":{"type":"Point","coordinates":[-70.0108882,-26.35808682]}},{"type":"Feature","properties":{"familia":"relaves","tipo_objeto":"Relave","id_objeto":"0259-3N","nombre_objeto":"SANTO DOMINGO","nombre_relave":"SANTO DOMINGO","titular":"MINERA SANTO DOMINGO SCM","empresa":"MINERA SANTO DOMINGO SCM","faena":"SANTO DOMINGO","recurso":"COBRE","comuna":"Diego de Almagro","tipo_deposito":"ESPESADO","metodo_constructivo":"NO APLICA","shape_area_m2":9861066.833,"bbox":[-69.97485482,-26.46163485,-69.97485482,-26.46163485],"lat":-26.46163485,"lon":-69.97485482,"nombre_busq":"0259-3N SANTO DOMINGO MINERA SANTO DOMINGO SCM COBRE Diego de Almagro ESPESADO NO APLICA","source_file":"geonoxa_relaves_panel.geojson"},"geometry":{"type":"Point","coordinates":[-69.97485482,-26.46163485]}},{"type":"Feature","properties":{"familia":"relaves","tipo_objeto":"Relave","id_objeto":"0260-3N","nombre_objeto":"SALARES NORTE","nombre_relave":"SALARES NORTE","titular":"MINERA GOLD FIELDS SALARAES NORTE SpA","empresa":"MINERA GOLD FIELDS SALARAES NORTE SpA","faena":"SALARES NORTE","recurso":"COBRE","comuna":"Diego de Almagro","tipo_deposito":"FILTRADO","metodo_constructivo":"NO APLICA","shape_area_m2":240438.6555,"bbox":[-68.87681183,-26.01643799,-68.87681183,-26.01643799],"lat":-26.01643799,"lon":-68.87681183,"nombre_busq":"0260-3N SALARES NORTE MINERA GOLD FIELDS SALARAES NORTE SpA COBRE Diego de Almagro FILTRADO NO APLICA","source_file":"geonoxa_relaves_panel.geojson"},"geometry":{"type":"Point","coordinates":[-68.87681183,-26.01643799]}},{"type":"Feature","properties":{"familia":"relaves","tipo_objeto":"Relave","id_objeto":"0261-3N","nombre_objeto":"PLANTA VICTORIA","nombre_relave":"PLANTA VICTORIA","titular":"VICTOR LEIVA AGUIRRE","empresa":"VICTOR LEIVA AGUIRRE","faena":"PLANTA VICTORIA","recurso":"COBRE","comuna":"Copiapó","tipo_deposito":"TRANQUE DE RELAVE","metodo_constructivo":"","shape_area_m2":5420.666283,"bbox":[-70.33413205,-27.37357409,-70.33413205,-27.37357409],"lat":-27.37357409,"lon":-70.33413205,"nombre_busq":"0261-3N PLANTA VICTORIA VICTOR LEIVA AGUIRRE COBRE Copiapó TRANQUE DE RELAVE","source_file":"geonoxa_relaves_panel.geojson"},"geometry":{"type":"Point","coordinates":[-70.33413205,-27.37357409]}},{"type":"Feature","properties":{"familia":"relaves","tipo_objeto":"Relave","id_objeto":"0262-3N","nombre_objeto":"PLANTA PAPAPIETRO","nombre_relave":"PLANTA PAPAPIETRO","titular":"SOCIEDAD MINERA PAPAPIETRO LTDA.","empresa":"SOCIEDAD MINERA PAPAPIETRO LTDA.","faena":"PLANTA PAPAPIETRO","recurso":"COBRE","comuna":"Copiapó","tipo_deposito":"EMBALSE","metodo_constructivo":"AGUAS ABAJO","shape_area_m2":4302.0135,"bbox":[-70.29415967,-27.41871747,-70.29415967,-27.41871747],"lat":-27.41871747,"lon":-70.29415967,"nombre_busq":"0262-3N PLANTA PAPAPIETRO SOCIEDAD MINERA PAPAPIETRO LTDA. COBRE Copiapó EMBALSE AGUAS ABAJO","source_file":"geonoxa_relaves_panel.geojson"},"geometry":{"type":"Point","coordinates":[-70.29415967,-27.41871747]}},{"type":"Feature","properties":{"familia":"relaves","tipo_objeto":"Relave","id_objeto":"0263-3N","nombre_objeto":"PAPAPIETRO","nombre_relave":"PAPAPIETRO","titular":"SOCIEDAD MINERA PAPAPIETRO LTDA.","empresa":"SOCIEDAD MINERA PAPAPIETRO LTDA.","faena":"PAPAPIETRO","recurso":"COBRE","comuna":"Copiapó","tipo_deposito":"TRANQUE DE RELAVE","metodo_constructivo":"","shape_area_m2":16132.5534,"bbox":[-70.32745282,-27.38112803,-70.32745282,-27.38112803],"lat":-27.38112803,"lon":-70.32745282,"nombre_busq":"0263-3N PAPAPIETRO SOCIEDAD MINERA PAPAPIETRO LTDA. COBRE Copiapó TRANQUE DE RELAVE","source_file":"geonoxa_relaves_panel.geojson"},"geometry":{"type":"Point","coordinates":[-70.32745282,-27.38112803]}},{"type":"Feature","properties":{"familia":"relaves","tipo_objeto":"Relave","id_objeto":"0264-1N","nombre_objeto":"OF. NENA VILLANA","nombre_relave":"OF. NENA VILLANA","titular":"DESCONOCIDO","empresa":"DESCONOCIDO","faena":"OF. NENA VILLANA","recurso":"COBRE","comuna":"Pozo Almonte","tipo_deposito":"ACOPIO","metodo_constructivo":"","shape_area_m2":191.7200465,"bbox":[-69.68782701,-20.61284585,-69.68782701,-20.61284585],"lat":-20.61284585,"lon":-69.68782701,"nombre_busq":"0264-1N OF. NENA VILLANA DESCONOCIDO COBRE Pozo Almonte ACOPIO","source_file":"geonoxa_relaves_panel.geojson"},"geometry":{"type":"Point","coordinates":[-69.68782701,-20.61284585]}},{"type":"Feature","properties":{"familia":"relaves","tipo_objeto":"Relave","id_objeto":"0265-1N","nombre_objeto":"LA DIAMANTINA","nombre_relave":"LA DIAMANTINA","titular":"DESCONOCIDO","empresa":"DESCONOCIDO","faena":"LA DIAMANTINA","recurso":"COBRE","comuna":"Pozo Almonte","tipo_deposito":"EMBALSE","metodo_constructivo":"EXCAVACION TERRENO","shape_area_m2":1741.17224,"bbox":[-69.68927058,-20.61005453,-69.68927058,-20.61005453],"lat":-20.61005453,"lon":-69.68927058,"nombre_busq":"0265-1N LA DIAMANTINA DESCONOCIDO COBRE Pozo Almonte EMBALSE EXCAVACION TERRENO","source_file":"geonoxa_relaves_panel.geojson"},"geometry":{"type":"Point","coordinates":[-69.68927058,-20.61005453]}},{"type":"Feature","properties":{"familia":"relaves","tipo_objeto":"Relave","id_objeto":"0266-4N","nombre_objeto":"PLANTA EL PINGO","nombre_relave":"PLANTA EL PINGO","titular":"MINERA LA FORTUNA RESOURCES SPA","empresa":"MINERA LA FORTUNA RESOURCES SPA","faena":"PLANTA EL PINGO","recurso":"COBRE-ORO","comuna":"Monte Patria","tipo_deposito":"FILTRADO","metodo_constructivo":"NO APLICA","shape_area_m2":7336.034694,"bbox":[-70.58264881,-30.84066075,-70.58264881,-30.84066075],"lat":-30.84066075,"lon":-70.58264881,"nombre_busq":"0266-4N PLANTA EL PINGO MINERA LA FORTUNA RESOURCES SPA COBRE-ORO Monte Patria FILTRADO NO APLICA","source_file":"geonoxa_relaves_panel.geojson"},"geometry":{"type":"Point","coordinates":[-70.58264881,-30.84066075]}},{"type":"Feature","properties":{"familia":"relaves","tipo_objeto":"Relave","id_objeto":"0267-4N","nombre_objeto":"PLANTAS EL PINGO Y SANTA MARIA","nombre_relave":"PLANTAS EL PINGO Y SANTA MARIA","titular":"MINERA LAS JUNTAS (EX MINAS SAN ANDRES)","empresa":"MINERA LAS JUNTAS (EX MINAS SAN ANDRES)","faena":"PLANTAS EL PINGO Y SANTA MARIA","recurso":"COBRE-ORO","comuna":"Monte Patria","tipo_deposito":"TRANQUE DE RELAVE","metodo_constructivo":"","shape_area_m2":6201.125457,"bbox":[-70.5818336,-30.84216985,-70.5818336,-30.84216985],"lat":-30.84216985,"lon":-70.5818336,"nombre_busq":"0267-4N PLANTAS EL PINGO Y SANTA MARIA MINERA LAS JUNTAS (EX MINAS SAN ANDRES) COBRE-ORO Monte Patria TRANQUE DE RELAVE","source_file":"geonoxa_relaves_panel.geojson"},"geometry":{"type":"Point","coordinates":[-70.5818336,-30.84216985]}},{"type":"Feature","properties":{"familia":"relaves","tipo_objeto":"Relave","id_objeto":"0268-4N","nombre_objeto":"FAENA SAN MIGUEL (EX-ANDACOLLO)","nombre_relave":"FAENA SAN MIGUEL (EX-ANDACOLLO)","titular":"SOC. MINERA SAN MIGUEL","empresa":"SOC. MINERA SAN MIGUEL","faena":"FAENA SAN MIGUEL (EX-ANDACOLLO)","recurso":"ORO-COBRE","comuna":"Andacollo","tipo_deposito":"TRANQUE DE RELAVE","metodo_constructivo":"AGUAS ARRIBA","shape_area_m2":11778.55933,"bbox":[-71.06573664,-30.23402918,-71.06573664,-30.23402918],"lat":-30.23402918,"lon":-71.06573664,"nombre_busq":"0268-4N FAENA SAN MIGUEL (EX-ANDACOLLO) SOC. MINERA SAN MIGUEL ORO-COBRE Andacollo TRANQUE DE RELAVE AGUAS ARRIBA","source_file":"geonoxa_relaves_panel.geojson"},"geometry":{"type":"Point","coordinates":[-71.06573664,-30.23402918]}},{"type":"Feature","properties":{"familia":"relaves","tipo_objeto":"Relave","id_objeto":"0269-4N","nombre_objeto":"FAENA SAN MIGUEL (EX-ANDACOLLO)","nombre_relave":"FAENA SAN MIGUEL (EX-ANDACOLLO)","titular":"SOC. MINERA SAN MIGUEL","empresa":"SOC. MINERA SAN MIGUEL","faena":"FAENA SAN MIGUEL (EX-ANDACOLLO)","recurso":"ORO","comuna":"Andacollo","tipo_deposito":"TRANQUE DE RELAVE","metodo_constructivo":"AGUAS ARRIBA","shape_area_m2":8203.785281,"bbox":[-71.06746951,-30.23316707,-71.06746951,-30.23316707],"lat":-30.23316707,"lon":-71.06746951,"nombre_busq":"0269-4N FAENA SAN MIGUEL (EX-ANDACOLLO) SOC. MINERA SAN MIGUEL ORO Andacollo TRANQUE DE RELAVE AGUAS ARRIBA","source_file":"geonoxa_relaves_panel.geojson"},"geometry":{"type":"Point","coordinates":[-71.06746951,-30.23316707]}},{"type":"Feature","properties":{"familia":"relaves","tipo_objeto":"Relave","id_objeto":"0270-4N","nombre_objeto":"FAENA SAN MIGUEL (EX-ANDACOLLO)","nombre_relave":"FAENA SAN MIGUEL (EX-ANDACOLLO)","titular":"SOC. MINERA SAN MIGUEL","empresa":"SOC. MINERA SAN MIGUEL","faena":"FAENA SAN MIGUEL (EX-ANDACOLLO)","recurso":"ORO","comuna":"Andacollo","tipo_deposito":"TRANQUE DE RELAVE","metodo_constructivo":"AGUAS ARRIBA","shape_area_m2":9603.428413,"bbox":[-71.06735254,-30.23394121,-71.06735254,-30.23394121],"lat":-30.23394121,"lon":-71.06735254,"nombre_busq":"0270-4N FAENA SAN MIGUEL (EX-ANDACOLLO) SOC. MINERA SAN MIGUEL ORO Andacollo TRANQUE DE RELAVE AGUAS ARRIBA","source_file":"geonoxa_relaves_panel.geojson"},"geometry":{"type":"Point","coordinates":[-71.06735254,-30.23394121]}},{"type":"Feature","properties":{"familia":"relaves","tipo_objeto":"Relave","id_objeto":"0271-4N","nombre_objeto":"FAENA SAN MIGUEL (EX-ANDACOLLO)","nombre_relave":"FAENA SAN MIGUEL (EX-ANDACOLLO)","titular":"SOC. MINERA SAN MIGUEL","empresa":"SOC. MINERA SAN MIGUEL","faena":"FAENA SAN MIGUEL (EX-ANDACOLLO)","recurso":"ORO","comuna":"Andacollo","tipo_deposito":"TRANQUE DE RELAVE","metodo_constructivo":"AGUAS ARRIBA","shape_area_m2":5365.641348,"bbox":[-71.06705294,-30.23266083,-71.06705294,-30.23266083],"lat":-30.23266083,"lon":-71.06705294,"nombre_busq":"0271-4N FAENA SAN MIGUEL (EX-ANDACOLLO) SOC. MINERA SAN MIGUEL ORO Andacollo TRANQUE DE RELAVE AGUAS ARRIBA","source_file":"geonoxa_relaves_panel.geojson"},"geometry":{"type":"Point","coordinates":[-71.06705294,-30.23266083]}},{"type":"Feature","properties":{"familia":"relaves","tipo_objeto":"Relave","id_objeto":"0272-4N","nombre_objeto":"FAENA SAN MIGUEL (EX-ANDACOLLO)","nombre_relave":"FAENA SAN MIGUEL (EX-ANDACOLLO)","titular":"SOC. MINERA SAN MIGUEL","empresa":"SOC. MINERA SAN MIGUEL","faena":"FAENA SAN MIGUEL (EX-ANDACOLLO)","recurso":"ORO","comuna":"Andacollo","tipo_deposito":"TRANQUE DE RELAVE","metodo_constructivo":"AGUAS ARRIBA","shape_area_m2":7458.375282,"bbox":[-71.06644238,-30.23333235,-71.06644238,-30.23333235],"lat":-30.23333235,"lon":-71.06644238,"nombre_busq":"0272-4N FAENA SAN MIGUEL (EX-ANDACOLLO) SOC. MINERA SAN MIGUEL ORO Andacollo TRANQUE DE RELAVE AGUAS ARRIBA","source_file":"geonoxa_relaves_panel.geojson"},"geometry":{"type":"Point","coordinates":[-71.06644238,-30.23333235]}},{"type":"Feature","properties":{"familia":"relaves","tipo_objeto":"Relave","id_objeto":"0273-4N","nombre_objeto":"FAENA SAN MIGUEL (EX-ANDACOLLO)","nombre_relave":"FAENA SAN MIGUEL (EX-ANDACOLLO)","titular":"SOC. MINERA SAN MIGUEL","empresa":"SOC. MINERA SAN MIGUEL","faena":"FAENA SAN MIGUEL (EX-ANDACOLLO)","recurso":"ORO","comuna":"Andacollo","tipo_deposito":"TRANQUE DE RELAVE","metodo_constructivo":"AGUAS ARRIBA","shape_area_m2":11266.50009,"bbox":[-71.06560266,-30.23309648,-71.06560266,-30.23309648],"lat":-30.23309648,"lon":-71.06560266,"nombre_busq":"0273-4N FAENA SAN MIGUEL (EX-ANDACOLLO) SOC. MINERA SAN MIGUEL ORO Andacollo TRANQUE DE RELAVE AGUAS ARRIBA","source_file":"geonoxa_relaves_panel.geojson"},"geometry":{"type":"Point","coordinates":[-71.06560266,-30.23309648]}},{"type":"Feature","properties":{"familia":"relaves","tipo_objeto":"Relave","id_objeto":"0274-4N","nombre_objeto":"PLANTA PUNITAQUI","nombre_relave":"PLANTA PUNITAQUI","titular":"WALDO FERREL OJAVO","empresa":"WALDO FERREL OJAVO","faena":"PLANTA PUNITAQUI","recurso":"ORO","comuna":"Punitaqui","tipo_deposito":"ACOPIO","metodo_constructivo":"NO APLICA","shape_area_m2":1538.165975,"bbox":[-71.24946605,-30.83990245,-71.24946605,-30.83990245],"lat":-30.83990245,"lon":-71.24946605,"nombre_busq":"0274-4N PLANTA PUNITAQUI WALDO FERREL OJAVO ORO Punitaqui ACOPIO NO APLICA","source_file":"geonoxa_relaves_panel.geojson"},"geometry":{"type":"Point","coordinates":[-71.24946605,-30.83990245]}},{"type":"Feature","properties":{"familia":"relaves","tipo_objeto":"Relave","id_objeto":"0275-4N","nombre_objeto":"PLANTA PUNITAQUI","nombre_relave":"PLANTA PUNITAQUI","titular":"WALDO FERREL OJAVO","empresa":"WALDO FERREL OJAVO","faena":"PLANTA PUNITAQUI","recurso":"ORO","comuna":"Punitaqui","tipo_deposito":"ACOPIO","metodo_constructivo":"NO APLICA","shape_area_m2":3259.442257,"bbox":[-71.24978688,-30.83974075,-71.24978688,-30.83974075],"lat":-30.83974075,"lon":-71.24978688,"nombre_busq":"0275-4N PLANTA PUNITAQUI WALDO FERREL OJAVO ORO Punitaqui ACOPIO NO APLICA","source_file":"geonoxa_relaves_panel.geojson"},"geometry":{"type":"Point","coordinates":[-71.24978688,-30.83974075]}},{"type":"Feature","properties":{"familia":"relaves","tipo_objeto":"Relave","id_objeto":"0276-4N","nombre_objeto":"PLANTA EL TRIUNFO","nombre_relave":"PLANTA EL TRIUNFO","titular":"SOC. ZEPEDA Y ALVAREZ","empresa":"SOC. ZEPEDA Y ALVAREZ","faena":"PLANTA EL TRIUNFO","recurso":"ORO","comuna":"Punitaqui","tipo_deposito":"ACOPIO","metodo_constructivo":"NO APLICA","shape_area_m2":16216.38265,"bbox":[-71.07289596,-30.82455628,-71.07289596,-30.82455628],"lat":-30.82455628,"lon":-71.07289596,"nombre_busq":"0276-4N PLANTA EL TRIUNFO SOC. ZEPEDA Y ALVAREZ ORO Punitaqui ACOPIO NO APLICA","source_file":"geonoxa_relaves_panel.geojson"},"geometry":{"type":"Point","coordinates":[-71.07289596,-30.82455628]}},{"type":"Feature","properties":{"familia":"relaves","tipo_objeto":"Relave","id_objeto":"0277-4N","nombre_objeto":"PLANTA PUNITAQUI 1-2","nombre_relave":"PLANTA PUNITAQUI 1-2","titular":"MATILDE VIUDA DE ALFARO","empresa":"MATILDE VIUDA DE ALFARO","faena":"PLANTA PUNITAQUI 1-2","recurso":"ORO","comuna":"Punitaqui","tipo_deposito":"ACOPIO","metodo_constructivo":"NO APLICA","shape_area_m2":16275.88286,"bbox":[-71.25310309,-30.84851248,-71.25310309,-30.84851248],"lat":-30.84851248,"lon":-71.25310309,"nombre_busq":"0277-4N PLANTA PUNITAQUI 1-2 MATILDE VIUDA DE ALFARO ORO Punitaqui ACOPIO NO APLICA","source_file":"geonoxa_relaves_panel.geojson"},"geometry":{"type":"Point","coordinates":[-71.25310309,-30.84851248]}},{"type":"Feature","properties":{"familia":"relaves","tipo_objeto":"Relave","id_objeto":"0278-4N","nombre_objeto":"SANTA CAMILA","nombre_relave":"SANTA CAMILA","titular":"SOC. SANTA CAMILA","empresa":"SOC. SANTA CAMILA","faena":"SANTA CAMILA","recurso":"ORO","comuna":"Punitaqui","tipo_deposito":"ACOPIO","metodo_constructivo":"NO APLICA","shape_area_m2":4366.162854,"bbox":[-71.24778994,-30.86283463,-71.24778994,-30.86283463],"lat":-30.86283463,"lon":-71.24778994,"nombre_busq":"0278-4N SANTA CAMILA SOC. SANTA CAMILA ORO Punitaqui ACOPIO NO APLICA","source_file":"geonoxa_relaves_panel.geojson"},"geometry":{"type":"Point","coordinates":[-71.24778994,-30.86283463]}},{"type":"Feature","properties":{"familia":"relaves","tipo_objeto":"Relave","id_objeto":"0279-4N","nombre_objeto":"PLANTA HERNANDEZ","nombre_relave":"PLANTA HERNANDEZ","titular":"LEOPOLDO HERNANDEZ","empresa":"LEOPOLDO HERNANDEZ","faena":"PLANTA HERNANDEZ","recurso":"COBRE-ORO","comuna":"Illapel","tipo_deposito":"EMBALSE","metodo_constructivo":"","shape_area_m2":1193.917436,"bbox":[-71.12839746,-31.60682804,-71.12839746,-31.60682804],"lat":-31.60682804,"lon":-71.12839746,"nombre_busq":"0279-4N PLANTA HERNANDEZ LEOPOLDO HERNANDEZ COBRE-ORO Illapel EMBALSE","source_file":"geonoxa_relaves_panel.geojson"},"geometry":{"type":"Point","coordinates":[-71.12839746,-31.60682804]}},{"type":"Feature","properties":{"familia":"relaves","tipo_objeto":"Relave","id_objeto":"0280-4N","nombre_objeto":"PLANTA HERNANDEZ","nombre_relave":"PLANTA HERNANDEZ","titular":"LEOPOLDO HERNANDEZ","empresa":"LEOPOLDO HERNANDEZ","faena":"PLANTA HERNANDEZ","recurso":"COBRE","comuna":"Illapel","tipo_deposito":"EMBALSE","metodo_constructivo":"","shape_area_m2":1099.989038,"bbox":[-71.12797758,-31.60716547,-71.12797758,-31.60716547],"lat":-31.60716547,"lon":-71.12797758,"nombre_busq":"0280-4N PLANTA HERNANDEZ LEOPOLDO HERNANDEZ COBRE Illapel EMBALSE","source_file":"geonoxa_relaves_panel.geojson"},"geometry":{"type":"Point","coordinates":[-71.12797758,-31.60716547]}},{"type":"Feature","properties":{"familia":"relaves","tipo_objeto":"Relave","id_objeto":"0281-4N","nombre_objeto":"FAENA EL INDIO","nombre_relave":"FAENA EL INDIO","titular":"COMPAÑIA MINERA ZALDIVAR LTDA.","empresa":"COMPAÑIA MINERA ZALDIVAR LTDA.","faena":"FAENA EL INDIO","recurso":"COBRE","comuna":"Vicuña","tipo_deposito":"TRANQUE DE RELAVE","metodo_constructivo":"AGUAS ABAJO","shape_area_m2":263962.8433,"bbox":[-69.98842947,-29.78408781,-69.98842947,-29.78408781],"lat":-29.78408781,"lon":-69.98842947,"nombre_busq":"0281-4N FAENA EL INDIO COMPAÑIA MINERA ZALDIVAR LTDA. COBRE Vicuña TRANQUE DE RELAVE AGUAS ABAJO","source_file":"geonoxa_relaves_panel.geojson"},"geometry":{"type":"Point","coordinates":[-69.98842947,-29.78408781]}},{"type":"Feature","properties":{"familia":"relaves","tipo_objeto":"Relave","id_objeto":"0282-4N","nombre_objeto":"FAENA EL INDIO","nombre_relave":"FAENA EL INDIO","titular":"COMPAÑIA MINERA ZALDIVAR LTDA.","empresa":"COMPAÑIA MINERA ZALDIVAR LTDA.","faena":"FAENA EL INDIO","recurso":"COBRE","comuna":"Vicuña","tipo_deposito":"TRANQUE DE RELAVE","metodo_constructivo":"AGUAS ABAJO","shape_area_m2":85348.86571,"bbox":[-70.00050584,-29.79426039,-70.00050584,-29.79426039],"lat":-29.79426039,"lon":-70.00050584,"nombre_busq":"0282-4N FAENA EL INDIO COMPAÑIA MINERA ZALDIVAR LTDA. COBRE Vicuña TRANQUE DE RELAVE AGUAS ABAJO","source_file":"geonoxa_relaves_panel.geojson"},"geometry":{"type":"Point","coordinates":[-70.00050584,-29.79426039]}},{"type":"Feature","properties":{"familia":"relaves","tipo_objeto":"Relave","id_objeto":"0283-4N","nombre_objeto":"DESCONOCIDO","nombre_relave":"DESCONOCIDO","titular":"DESCONOCIDO","empresa":"DESCONOCIDO","faena":"DESCONOCIDO","recurso":"COBRE-ORO","comuna":"Andacollo","tipo_deposito":"ACOPIO","metodo_constructivo":"NO APLICA","shape_area_m2":14077.38991,"bbox":[-71.08908547,-30.23469089,-71.08908547,-30.23469089],"lat":-30.23469089,"lon":-71.08908547,"nombre_busq":"0283-4N DESCONOCIDO DESCONOCIDO COBRE-ORO Andacollo ACOPIO NO APLICA","source_file":"geonoxa_relaves_panel.geojson"},"geometry":{"type":"Point","coordinates":[-71.08908547,-30.23469089]}},{"type":"Feature","properties":{"familia":"relaves","tipo_objeto":"Relave","id_objeto":"0284-4N","nombre_objeto":"PLANTA LOS LEONES","nombre_relave":"PLANTA LOS LEONES","titular":"ALVARO MARIAN AMENABAR","empresa":"ALVARO MARIAN AMENABAR","faena":"PLANTA LOS LEONES","recurso":"ORO","comuna":"Andacollo","tipo_deposito":"TRANQUE DE RELAVE","metodo_constructivo":"AGUAS ARRIBA","shape_area_m2":10491.32145,"bbox":[-71.0539368,-30.22656242,-71.0539368,-30.22656242],"lat":-30.22656242,"lon":-71.0539368,"nombre_busq":"0284-4N PLANTA LOS LEONES ALVARO MARIAN AMENABAR ORO Andacollo TRANQUE DE RELAVE AGUAS ARRIBA","source_file":"geonoxa_relaves_panel.geojson"},"geometry":{"type":"Point","coordinates":[-71.0539368,-30.22656242]}},{"type":"Feature","properties":{"familia":"relaves","tipo_objeto":"Relave","id_objeto":"0285-4N","nombre_objeto":"PLANTA LOS LEONES","nombre_relave":"PLANTA LOS LEONES","titular":"ALVARO MARIAN AMENABAR","empresa":"ALVARO MARIAN AMENABAR","faena":"PLANTA LOS LEONES","recurso":"ORO","comuna":"Andacollo","tipo_deposito":"TRANQUE DE RELAVE","metodo_constructivo":"AGUAS ARRIBA","shape_area_m2":3984.585963,"bbox":[-71.05422929,-30.22763146,-71.05422929,-30.22763146],"lat":-30.22763146,"lon":-71.05422929,"nombre_busq":"0285-4N PLANTA LOS LEONES ALVARO MARIAN AMENABAR ORO Andacollo TRANQUE DE RELAVE AGUAS ARRIBA","source_file":"geonoxa_relaves_panel.geojson"},"geometry":{"type":"Point","coordinates":[-71.05422929,-30.22763146]}},{"type":"Feature","properties":{"familia":"relaves","tipo_objeto":"Relave","id_objeto":"0286-4N","nombre_objeto":"PLANTA LOS LEONES","nombre_relave":"PLANTA LOS LEONES","titular":"ALVARO MARIAN AMENABAR","empresa":"ALVARO MARIAN AMENABAR","faena":"PLANTA LOS LEONES","recurso":"ORO","comuna":"Andacollo","tipo_deposito":"ACOPIO","metodo_constructivo":"NO APLICA","shape_area_m2":3441.876608,"bbox":[-71.05396769,-30.22582256,-71.05396769,-30.22582256],"lat":-30.22582256,"lon":-71.05396769,"nombre_busq":"0286-4N PLANTA LOS LEONES ALVARO MARIAN AMENABAR ORO Andacollo ACOPIO NO APLICA","source_file":"geonoxa_relaves_panel.geojson"},"geometry":{"type":"Point","coordinates":[-71.05396769,-30.22582256]}},{"type":"Feature","properties":{"familia":"relaves","tipo_objeto":"Relave","id_objeto":"0287-4N","nombre_objeto":"PLANTA SILVA","nombre_relave":"PLANTA SILVA","titular":"A. SILVA","empresa":"A. SILVA","faena":"PLANTA SILVA","recurso":"ORO","comuna":"Andacollo","tipo_deposito":"TRANQUE DE RELAVE","metodo_constructivo":"AGUAS ARRIBA","shape_area_m2":2342.021423,"bbox":[-71.08772064,-30.22537857,-71.08772064,-30.22537857],"lat":-30.22537857,"lon":-71.08772064,"nombre_busq":"0287-4N PLANTA SILVA A. SILVA ORO Andacollo TRANQUE DE RELAVE AGUAS ARRIBA","source_file":"geonoxa_relaves_panel.geojson"},"geometry":{"type":"Point","coordinates":[-71.08772064,-30.22537857]}},{"type":"Feature","properties":{"familia":"relaves","tipo_objeto":"Relave","id_objeto":"0288-4N","nombre_objeto":"PLANTA PALMIRA","nombre_relave":"PLANTA PALMIRA","titular":"CIA. MINERA ARENILLAS (BELTRAN AMENABAR)","empresa":"CIA. MINERA ARENILLAS (BELTRAN AMENABAR)","faena":"PLANTA PALMIRA","recurso":"ORO","comuna":"Andacollo","tipo_deposito":"TRANQUE DE RELAVE","metodo_constructivo":"AGUAS ARRIBA","shape_area_m2":6485.225911,"bbox":[-71.08148432,-30.22494954,-71.08148432,-30.22494954],"lat":-30.22494954,"lon":-71.08148432,"nombre_busq":"0288-4N PLANTA PALMIRA CIA. MINERA ARENILLAS (BELTRAN AMENABAR) ORO Andacollo TRANQUE DE RELAVE AGUAS ARRIBA","source_file":"geonoxa_relaves_panel.geojson"},"geometry":{"type":"Point","coordinates":[-71.08148432,-30.22494954]}},{"type":"Feature","properties":{"familia":"relaves","tipo_objeto":"Relave","id_objeto":"0289-4N","nombre_objeto":"PLANTA PALMIRA","nombre_relave":"PLANTA PALMIRA","titular":"CIA. MINERA ARENILLAS (BELTRAN AMENABAR)","empresa":"CIA. MINERA ARENILLAS (BELTRAN AMENABAR)","faena":"PLANTA PALMIRA","recurso":"ORO","comuna":"Andacollo","tipo_deposito":"TRANQUE DE RELAVE","metodo_constructivo":"AGUAS ARRIBA","shape_area_m2":8694.216787,"bbox":[-71.08220442,-30.22541498,-71.08220442,-30.22541498],"lat":-30.22541498,"lon":-71.08220442,"nombre_busq":"0289-4N PLANTA PALMIRA CIA. MINERA ARENILLAS (BELTRAN AMENABAR) ORO Andacollo TRANQUE DE RELAVE AGUAS ARRIBA","source_file":"geonoxa_relaves_panel.geojson"},"geometry":{"type":"Point","coordinates":[-71.08220442,-30.22541498]}},{"type":"Feature","properties":{"familia":"relaves","tipo_objeto":"Relave","id_objeto":"0290-4N","nombre_objeto":"PLANTA PALMIRA","nombre_relave":"PLANTA PALMIRA","titular":"CIA. MINERA ARENILLAS (BELTRAN AMENABAR)","empresa":"CIA. MINERA ARENILLAS (BELTRAN AMENABAR)","faena":"PLANTA PALMIRA","recurso":"COBRE-ORO","comuna":"Andacollo","tipo_deposito":"ACOPIO","metodo_constructivo":"NO APLICA","shape_area_m2":649.3251151,"bbox":[-71.08101755,-30.22415618,-71.08101755,-30.22415618],"lat":-30.22415618,"lon":-71.08101755,"nombre_busq":"0290-4N PLANTA PALMIRA CIA. MINERA ARENILLAS (BELTRAN AMENABAR) COBRE-ORO Andacollo ACOPIO NO APLICA","source_file":"geonoxa_relaves_panel.geojson"},"geometry":{"type":"Point","coordinates":[-71.08101755,-30.22415618]}},{"type":"Feature","properties":{"familia":"relaves","tipo_objeto":"Relave","id_objeto":"0291-4N","nombre_objeto":"PLANTA SAN JUAN","nombre_relave":"PLANTA SAN JUAN","titular":"SUC. GODOY ALBALLAY (EX SANTIAGO AGUILERA)","empresa":"SUC. GODOY ALBALLAY (EX SANTIAGO AGUILERA)","faena":"PLANTA SAN JUAN","recurso":"ORO","comuna":"Andacollo","tipo_deposito":"ACOPIO","metodo_constructivo":"NO APLICA","shape_area_m2":2663.51533,"bbox":[-71.08976283,-30.24188882,-71.08976283,-30.24188882],"lat":-30.24188882,"lon":-71.08976283,"nombre_busq":"0291-4N PLANTA SAN JUAN SUC. GODOY ALBALLAY (EX SANTIAGO AGUILERA) ORO Andacollo ACOPIO NO APLICA","source_file":"geonoxa_relaves_panel.geojson"},"geometry":{"type":"Point","coordinates":[-71.08976283,-30.24188882]}},{"type":"Feature","properties":{"familia":"relaves","tipo_objeto":"Relave","id_objeto":"0292-4N","nombre_objeto":"PLANTA IRENE","nombre_relave":"PLANTA IRENE","titular":"PIZARRO, GUERRA Y CIA. (WILSON PIZARRO GUERRA)","empresa":"PIZARRO, GUERRA Y CIA. (WILSON PIZARRO GUERRA)","faena":"PLANTA IRENE","recurso":"ORO","comuna":"Andacollo","tipo_deposito":"TRANQUE DE RELAVE","metodo_constructivo":"AGUAS ARRIBA","shape_area_m2":5332.471966,"bbox":[-71.07056197,-30.226441,-71.07056197,-30.226441],"lat":-30.226441,"lon":-71.07056197,"nombre_busq":"0292-4N PLANTA IRENE PIZARRO, GUERRA Y CIA. (WILSON PIZARRO GUERRA) ORO Andacollo TRANQUE DE RELAVE AGUAS ARRIBA","source_file":"geonoxa_relaves_panel.geojson"},"geometry":{"type":"Point","coordinates":[-71.07056197,-30.226441]}},{"type":"Feature","properties":{"familia":"relaves","tipo_objeto":"Relave","id_objeto":"0293-4N","nombre_objeto":"PLANTA IRENE","nombre_relave":"PLANTA IRENE","titular":"PIZARRO, GUERRA Y CIA. (WILSON PIZARRO GUERRA)","empresa":"PIZARRO, GUERRA Y CIA. (WILSON PIZARRO GUERRA)","faena":"PLANTA IRENE","recurso":"ORO","comuna":"Andacollo","tipo_deposito":"TRANQUE DE RELAVE","metodo_constructivo":"AGUAS ARRIBA","shape_area_m2":3137.906137,"bbox":[-71.07141099,-30.22670306,-71.07141099,-30.22670306],"lat":-30.22670306,"lon":-71.07141099,"nombre_busq":"0293-4N PLANTA IRENE PIZARRO, GUERRA Y CIA. (WILSON PIZARRO GUERRA) ORO Andacollo TRANQUE DE RELAVE AGUAS ARRIBA","source_file":"geonoxa_relaves_panel.geojson"},"geometry":{"type":"Point","coordinates":[-71.07141099,-30.22670306]}},{"type":"Feature","properties":{"familia":"relaves","tipo_objeto":"Relave","id_objeto":"0294-4N","nombre_objeto":"PLANTA IRENE","nombre_relave":"PLANTA IRENE","titular":"PIZARRO, GUERRA Y CIA. (WILSON PIZARRO GUERRA)","empresa":"PIZARRO, GUERRA Y CIA. (WILSON PIZARRO GUERRA)","faena":"PLANTA IRENE","recurso":"ORO","comuna":"Andacollo","tipo_deposito":"TRANQUE DE RELAVE","metodo_constructivo":"AGUAS ARRIBA","shape_area_m2":1827.815662,"bbox":[-71.07071632,-30.2268102,-71.07071632,-30.2268102],"lat":-30.2268102,"lon":-71.07071632,"nombre_busq":"0294-4N PLANTA IRENE PIZARRO, GUERRA Y CIA. (WILSON PIZARRO GUERRA) ORO Andacollo TRANQUE DE RELAVE AGUAS ARRIBA","source_file":"geonoxa_relaves_panel.geojson"},"geometry":{"type":"Point","coordinates":[-71.07071632,-30.2268102]}},{"type":"Feature","properties":{"familia":"relaves","tipo_objeto":"Relave","id_objeto":"0295-4N","nombre_objeto":"PLANTA LOS LITRES","nombre_relave":"PLANTA LOS LITRES","titular":"WALTER MUÑOZ TABILO","empresa":"WALTER MUÑOZ TABILO","faena":"PLANTA LOS LITRES","recurso":"ORO","comuna":"Andacollo","tipo_deposito":"ACOPIO","metodo_constructivo":"NO APLICA","shape_area_m2":1067.196347,"bbox":[-71.0991358,-30.22039214,-71.0991358,-30.22039214],"lat":-30.22039214,"lon":-71.0991358,"nombre_busq":"0295-4N PLANTA LOS LITRES WALTER MUÑOZ TABILO ORO Andacollo ACOPIO NO APLICA","source_file":"geonoxa_relaves_panel.geojson"},"geometry":{"type":"Point","coordinates":[-71.0991358,-30.22039214]}},{"type":"Feature","properties":{"familia":"relaves","tipo_objeto":"Relave","id_objeto":"0296-4N","nombre_objeto":"PLANTA PUNTA CALETONES","nombre_relave":"PLANTA PUNTA CALETONES","titular":"DARIO CORTES","empresa":"DARIO CORTES","faena":"PLANTA PUNTA CALETONES","recurso":"COBRE-ORO","comuna":"Andacollo","tipo_deposito":"TRANQUE DE RELAVE","metodo_constructivo":"AGUAS ARRIBA","shape_area_m2":5421.765033,"bbox":[-71.07426904,-30.22294778,-71.07426904,-30.22294778],"lat":-30.22294778,"lon":-71.07426904,"nombre_busq":"0296-4N PLANTA PUNTA CALETONES DARIO CORTES COBRE-ORO Andacollo TRANQUE DE RELAVE AGUAS ARRIBA","source_file":"geonoxa_relaves_panel.geojson"},"geometry":{"type":"Point","coordinates":[-71.07426904,-30.22294778]}},{"type":"Feature","properties":{"familia":"relaves","tipo_objeto":"Relave","id_objeto":"0297-4N","nombre_objeto":"PLANTA PUNTA CALETONES","nombre_relave":"PLANTA PUNTA CALETONES","titular":"DARIO CORTES","empresa":"DARIO CORTES","faena":"PLANTA PUNTA CALETONES","recurso":"COBRE-ORO","comuna":"Andacollo","tipo_deposito":"TRANQUE DE RELAVE","metodo_constructivo":"AGUAS ARRIBA","shape_area_m2":4845.387493,"bbox":[-71.07552417,-30.22282017,-71.07552417,-30.22282017],"lat":-30.22282017,"lon":-71.07552417,"nombre_busq":"0297-4N PLANTA PUNTA CALETONES DARIO CORTES COBRE-ORO Andacollo TRANQUE DE RELAVE AGUAS ARRIBA","source_file":"geonoxa_relaves_panel.geojson"},"geometry":{"type":"Point","coordinates":[-71.07552417,-30.22282017]}},{"type":"Feature","properties":{"familia":"relaves","tipo_objeto":"Relave","id_objeto":"0298-4N","nombre_objeto":"PLANTA PUNTA CALETONES","nombre_relave":"PLANTA PUNTA CALETONES","titular":"DARIO CORTES","empresa":"DARIO CORTES","faena":"PLANTA PUNTA CALETONES","recurso":"COBRE-ORO","comuna":"Andacollo","tipo_deposito":"TRANQUE DE RELAVE","metodo_constructivo":"AGUAS ARRIBA","shape_area_m2":6706.120661,"bbox":[-71.0759098,-30.22337371,-71.0759098,-30.22337371],"lat":-30.22337371,"lon":-71.0759098,"nombre_busq":"0298-4N PLANTA PUNTA CALETONES DARIO CORTES COBRE-ORO Andacollo TRANQUE DE RELAVE AGUAS ARRIBA","source_file":"geonoxa_relaves_panel.geojson"},"geometry":{"type":"Point","coordinates":[-71.0759098,-30.22337371]}},{"type":"Feature","properties":{"familia":"relaves","tipo_objeto":"Relave","id_objeto":"0299-4N","nombre_objeto":"PLANTA PUNTA CALETONES","nombre_relave":"PLANTA PUNTA CALETONES","titular":"DARIO CORTES","empresa":"DARIO CORTES","faena":"PLANTA PUNTA CALETONES","recurso":"COBRE-ORO","comuna":"Andacollo","tipo_deposito":"TRANQUE DE RELAVE","metodo_constructivo":"AGUAS ARRIBA","shape_area_m2":6800.664369,"bbox":[-71.07527178,-30.22352755,-71.07527178,-30.22352755],"lat":-30.22352755,"lon":-71.07527178,"nombre_busq":"0299-4N PLANTA PUNTA CALETONES DARIO CORTES COBRE-ORO Andacollo TRANQUE DE RELAVE AGUAS ARRIBA","source_file":"geonoxa_relaves_panel.geojson"},"geometry":{"type":"Point","coordinates":[-71.07527178,-30.22352755]}},{"type":"Feature","properties":{"familia":"relaves","tipo_objeto":"Relave","id_objeto":"0300-4N","nombre_objeto":"PLANTA AZULINA, NUEVA ESPERANZA, RENACIMIENTO","nombre_relave":"PLANTA AZULINA, NUEVA ESPERANZA, RENACIMIENTO","titular":"EDUARDO MUÑOZ R.","empresa":"EDUARDO MUÑOZ R.","faena":"PLANTA AZULINA, NUEVA ESPERANZA, RENACIMIENTO","recurso":"COBRE","comuna":"Andacollo","tipo_deposito":"ACOPIO","metodo_constructivo":"NO APLICA","shape_area_m2":6529.356321,"bbox":[-71.07567472,-30.25635378,-71.07567472,-30.25635378],"lat":-30.25635378,"lon":-71.07567472,"nombre_busq":"0300-4N PLANTA AZULINA, NUEVA ESPERANZA, RENACIMIENTO EDUARDO MUÑOZ R. COBRE Andacollo ACOPIO NO APLICA","source_file":"geonoxa_relaves_panel.geojson"},"geometry":{"type":"Point","coordinates":[-71.07567472,-30.25635378]}},{"type":"Feature","properties":{"familia":"relaves","tipo_objeto":"Relave","id_objeto":"0301-4N","nombre_objeto":"PLANTA AZULINA, NUEVA ESPERANZA, RENACIMIENTO","nombre_relave":"PLANTA AZULINA, NUEVA ESPERANZA, RENACIMIENTO","titular":"EDUARDO MUÑOZ R.","empresa":"EDUARDO MUÑOZ R.","faena":"PLANTA AZULINA, NUEVA ESPERANZA, RENACIMIENTO","recurso":"ORO","comuna":"Andacollo","tipo_deposito":"ACOPIO","metodo_constructivo":"NO APLICA","shape_area_m2":8338.447946,"bbox":[-71.07673659,-30.25705595,-71.07673659,-30.25705595],"lat":-30.25705595,"lon":-71.07673659,"nombre_busq":"0301-4N PLANTA AZULINA, NUEVA ESPERANZA, RENACIMIENTO EDUARDO MUÑOZ R. ORO Andacollo ACOPIO NO APLICA","source_file":"geonoxa_relaves_panel.geojson"},"geometry":{"type":"Point","coordinates":[-71.07673659,-30.25705595]}},{"type":"Feature","properties":{"familia":"relaves","tipo_objeto":"Relave","id_objeto":"0302-4N","nombre_objeto":"PLANTA AZULINA, NUEVA ESPERANZA, RENACIMIENTO","nombre_relave":"PLANTA AZULINA, NUEVA ESPERANZA, RENACIMIENTO","titular":"EDUARDO MUÑOZ R.","empresa":"EDUARDO MUÑOZ R.","faena":"PLANTA AZULINA, NUEVA ESPERANZA, RENACIMIENTO","recurso":"ORO","comuna":"Andacollo","tipo_deposito":"ACOPIO","metodo_constructivo":"NO APLICA","shape_area_m2":3439.785847,"bbox":[-71.07745958,-30.25708358,-71.07745958,-30.25708358],"lat":-30.25708358,"lon":-71.07745958,"nombre_busq":"0302-4N PLANTA AZULINA, NUEVA ESPERANZA, RENACIMIENTO EDUARDO MUÑOZ R. ORO Andacollo ACOPIO NO APLICA","source_file":"geonoxa_relaves_panel.geojson"},"geometry":{"type":"Point","coordinates":[-71.07745958,-30.25708358]}},{"type":"Feature","properties":{"familia":"relaves","tipo_objeto":"Relave","id_objeto":"0303-4N","nombre_objeto":"PLANTA ROSARIO DE COGOTI","nombre_relave":"PLANTA ROSARIO DE COGOTI","titular":"ALEJANDRO BOU BOU","empresa":"ALEJANDRO BOU BOU","faena":"PLANTA ROSARIO DE COGOTI","recurso":"COBRE","comuna":"Combarbalá","tipo_deposito":"TRANQUE DE RELAVE","metodo_constructivo":"","shape_area_m2":4619.862237,"bbox":[-70.91951169,-31.09575646,-70.91951169,-31.09575646],"lat":-31.09575646,"lon":-70.91951169,"nombre_busq":"0303-4N PLANTA ROSARIO DE COGOTI ALEJANDRO BOU BOU COBRE Combarbalá TRANQUE DE RELAVE","source_file":"geonoxa_relaves_panel.geojson"},"geometry":{"type":"Point","coordinates":[-70.91951169,-31.09575646]}},{"type":"Feature","properties":{"familia":"relaves","tipo_objeto":"Relave","id_objeto":"0304-4N","nombre_objeto":"PLANTA ROSARIO DE COGOTI","nombre_relave":"PLANTA ROSARIO DE COGOTI","titular":"ALEJANDRO BOU BOU","empresa":"ALEJANDRO BOU BOU","faena":"PLANTA ROSARIO DE COGOTI","recurso":"COBRE","comuna":"Combarbalá","tipo_deposito":"TRANQUE DE RELAVE","metodo_constructivo":"EJE CENTRAL","shape_area_m2":5477.461591,"bbox":[-70.91978174,-31.09618635,-70.91978174,-31.09618635],"lat":-31.09618635,"lon":-70.91978174,"nombre_busq":"0304-4N PLANTA ROSARIO DE COGOTI ALEJANDRO BOU BOU COBRE Combarbalá TRANQUE DE RELAVE EJE CENTRAL","source_file":"geonoxa_relaves_panel.geojson"},"geometry":{"type":"Point","coordinates":[-70.91978174,-31.09618635]}},{"type":"Feature","properties":{"familia":"relaves","tipo_objeto":"Relave","id_objeto":"0305-4N","nombre_objeto":"PLANTA ROSARIO DE COGOTI","nombre_relave":"PLANTA ROSARIO DE COGOTI","titular":"ALEJANDRO BOU BOU","empresa":"ALEJANDRO BOU BOU","faena":"PLANTA ROSARIO DE COGOTI","recurso":"COBRE","comuna":"Combarbalá","tipo_deposito":"TRANQUE DE RELAVE","metodo_constructivo":"","shape_area_m2":2112.133666,"bbox":[-70.92058859,-31.09673866,-70.92058859,-31.09673866],"lat":-31.09673866,"lon":-70.92058859,"nombre_busq":"0305-4N PLANTA ROSARIO DE COGOTI ALEJANDRO BOU BOU COBRE Combarbalá TRANQUE DE RELAVE","source_file":"geonoxa_relaves_panel.geojson"},"geometry":{"type":"Point","coordinates":[-70.92058859,-31.09673866]}},{"type":"Feature","properties":{"familia":"relaves","tipo_objeto":"Relave","id_objeto":"0306-4N","nombre_objeto":"PLANTA PRINCESA Y ANDRONICA","nombre_relave":"PLANTA PRINCESA Y ANDRONICA","titular":"FREDDY ROJAS VERGARA","empresa":"FREDDY ROJAS VERGARA","faena":"PLANTA PRINCESA Y ANDRONICA","recurso":"ORO-COBRE-PLATA","comuna":"Andacollo","tipo_deposito":"TRANQUE DE RELAVE","metodo_constructivo":"AGUAS ARRIBA","shape_area_m2":4880.180897,"bbox":[-71.1075506,-30.22171632,-71.1075506,-30.22171632],"lat":-30.22171632,"lon":-71.1075506,"nombre_busq":"0306-4N PLANTA PRINCESA Y ANDRONICA FREDDY ROJAS VERGARA ORO-COBRE-PLATA Andacollo TRANQUE DE RELAVE AGUAS ARRIBA","source_file":"geonoxa_relaves_panel.geojson"},"geometry":{"type":"Point","coordinates":[-71.1075506,-30.22171632]}},{"type":"Feature","properties":{"familia":"relaves","tipo_objeto":"Relave","id_objeto":"0307-4N","nombre_objeto":"PLANTA PRINCESA Y ANDRONICA","nombre_relave":"PLANTA PRINCESA Y ANDRONICA","titular":"FREDDY ROJAS VERGARA","empresa":"FREDDY ROJAS VERGARA","faena":"PLANTA PRINCESA Y ANDRONICA","recurso":"ORO-COBRE-PLATA","comuna":"Andacollo","tipo_deposito":"TRANQUE DE RELAVE","metodo_constructivo":"AGUAS ARRIBA","shape_area_m2":3130.134931,"bbox":[-71.107839,-30.2220816,-71.107839,-30.2220816],"lat":-30.2220816,"lon":-71.107839,"nombre_busq":"0307-4N PLANTA PRINCESA Y ANDRONICA FREDDY ROJAS VERGARA ORO-COBRE-PLATA Andacollo TRANQUE DE RELAVE AGUAS ARRIBA","source_file":"geonoxa_relaves_panel.geojson"},"geometry":{"type":"Point","coordinates":[-71.107839,-30.2220816]}},{"type":"Feature","properties":{"familia":"relaves","tipo_objeto":"Relave","id_objeto":"0308-4N","nombre_objeto":"PLANTA PRINCESA Y ANDRONICA","nombre_relave":"PLANTA PRINCESA Y ANDRONICA","titular":"FREDDY ROJAS VERGARA","empresa":"FREDDY ROJAS VERGARA","faena":"PLANTA PRINCESA Y ANDRONICA","recurso":"ORO-COBRE-PLATA","comuna":"Andacollo","tipo_deposito":"TRANQUE DE RELAVE","metodo_constructivo":"AGUAS ARRIBA","shape_area_m2":4335.617618,"bbox":[-71.10828452,-30.2216643,-71.10828452,-30.2216643],"lat":-30.2216643,"lon":-71.10828452,"nombre_busq":"0308-4N PLANTA PRINCESA Y ANDRONICA FREDDY ROJAS VERGARA ORO-COBRE-PLATA Andacollo TRANQUE DE RELAVE AGUAS ARRIBA","source_file":"geonoxa_relaves_panel.geojson"},"geometry":{"type":"Point","coordinates":[-71.10828452,-30.2216643]}},{"type":"Feature","properties":{"familia":"relaves","tipo_objeto":"Relave","id_objeto":"0309-4N","nombre_objeto":"PLANTA PRINCESA Y ANDRONICA","nombre_relave":"PLANTA PRINCESA Y ANDRONICA","titular":"FREDDY ROJAS VERGARA","empresa":"FREDDY ROJAS VERGARA","faena":"PLANTA PRINCESA Y ANDRONICA","recurso":"ORO-COBRE-PLATA","comuna":"Andacollo","tipo_deposito":"TRANQUE DE RELAVE","metodo_constructivo":"EJE CENTRAL","shape_area_m2":10252.02035,"bbox":[-71.10795771,-30.22065637,-71.10795771,-30.22065637],"lat":-30.22065637,"lon":-71.10795771,"nombre_busq":"0309-4N PLANTA PRINCESA Y ANDRONICA FREDDY ROJAS VERGARA ORO-COBRE-PLATA Andacollo TRANQUE DE RELAVE EJE CENTRAL","source_file":"geonoxa_relaves_panel.geojson"},"geometry":{"type":"Point","coordinates":[-71.10795771,-30.22065637]}},{"type":"Feature","properties":{"familia":"relaves","tipo_objeto":"Relave","id_objeto":"0310-4N","nombre_objeto":"PLANTA PRINCESA Y ANDRONICA","nombre_relave":"PLANTA PRINCESA Y ANDRONICA","titular":"FREDDY ROJAS VERGARA","empresa":"FREDDY ROJAS VERGARA","faena":"PLANTA PRINCESA Y ANDRONICA","recurso":"ORO-COBRE-PLATA","comuna":"Andacollo","tipo_deposito":"TRANQUE DE RELAVE","metodo_constructivo":"AGUAS ARRIBA","shape_area_m2":4172.658322,"bbox":[-71.10780216,-30.22006202,-71.10780216,-30.22006202],"lat":-30.22006202,"lon":-71.10780216,"nombre_busq":"0310-4N PLANTA PRINCESA Y ANDRONICA FREDDY ROJAS VERGARA ORO-COBRE-PLATA Andacollo TRANQUE DE RELAVE AGUAS ARRIBA","source_file":"geonoxa_relaves_panel.geojson"},"geometry":{"type":"Point","coordinates":[-71.10780216,-30.22006202]}},{"type":"Feature","properties":{"familia":"relaves","tipo_objeto":"Relave","id_objeto":"0311-4N","nombre_objeto":"WILSON AQUILES","nombre_relave":"WILSON AQUILES","titular":"ALTIPLANO MINERALS CHILE SPA","empresa":"ALTIPLANO MINERALS CHILE SPA","faena":"WILSON AQUILES","recurso":"COBRE-ORO","comuna":"Coquimbo","tipo_deposito":"ACOPIO","metodo_constructivo":"NO APLICA","shape_area_m2":363.8173649,"bbox":[-71.20945627,-30.12423794,-71.20945627,-30.12423794],"lat":-30.12423794,"lon":-71.20945627,"nombre_busq":"0311-4N WILSON AQUILES ALTIPLANO MINERALS CHILE SPA COBRE-ORO Coquimbo ACOPIO NO APLICA","source_file":"geonoxa_relaves_panel.geojson"},"geometry":{"type":"Point","coordinates":[-71.20945627,-30.12423794]}},{"type":"Feature","properties":{"familia":"relaves","tipo_objeto":"Relave","id_objeto":"0312-4N","nombre_objeto":"WILSON AQUILES","nombre_relave":"WILSON AQUILES","titular":"ALTIPLANO MINERALS CHILE SPA","empresa":"ALTIPLANO MINERALS CHILE SPA","faena":"WILSON AQUILES","recurso":"COBRE-ORO","comuna":"Coquimbo","tipo_deposito":"FILTRADO","metodo_constructivo":"NO APLICA","shape_area_m2":10526.84087,"bbox":[-71.20991383,-30.12429528,-71.20991383,-30.12429528],"lat":-30.12429528,"lon":-71.20991383,"nombre_busq":"0312-4N WILSON AQUILES ALTIPLANO MINERALS CHILE SPA COBRE-ORO Coquimbo FILTRADO NO APLICA","source_file":"geonoxa_relaves_panel.geojson"},"geometry":{"type":"Point","coordinates":[-71.20991383,-30.12429528]}},{"type":"Feature","properties":{"familia":"relaves","tipo_objeto":"Relave","id_objeto":"0313-4N","nombre_objeto":"PLANTA BUFALO (EX PLANTA TAPIA)","nombre_relave":"PLANTA BUFALO (EX PLANTA TAPIA)","titular":"HORACIO TAPIA","empresa":"HORACIO TAPIA","faena":"PLANTA BUFALO (EX PLANTA TAPIA)","recurso":"ORO","comuna":"Andacollo","tipo_deposito":"ACOPIO","metodo_constructivo":"NO APLICA","shape_area_m2":46505.18031,"bbox":[-71.05686529,-30.23107493,-71.05686529,-30.23107493],"lat":-30.23107493,"lon":-71.05686529,"nombre_busq":"0313-4N PLANTA BUFALO (EX PLANTA TAPIA) HORACIO TAPIA ORO Andacollo ACOPIO NO APLICA","source_file":"geonoxa_relaves_panel.geojson"},"geometry":{"type":"Point","coordinates":[-71.05686529,-30.23107493]}},{"type":"Feature","properties":{"familia":"relaves","tipo_objeto":"Relave","id_objeto":"0314-4N","nombre_objeto":"PLANTA MARY","nombre_relave":"PLANTA MARY","titular":"ISAAC PEREZ","empresa":"ISAAC PEREZ","faena":"PLANTA MARY","recurso":"ORO","comuna":"Andacollo","tipo_deposito":"ACOPIO","metodo_constructivo":"NO APLICA","shape_area_m2":11598.86554,"bbox":[-71.08347274,-30.22677119,-71.08347274,-30.22677119],"lat":-30.22677119,"lon":-71.08347274,"nombre_busq":"0314-4N PLANTA MARY ISAAC PEREZ ORO Andacollo ACOPIO NO APLICA","source_file":"geonoxa_relaves_panel.geojson"},"geometry":{"type":"Point","coordinates":[-71.08347274,-30.22677119]}},{"type":"Feature","properties":{"familia":"relaves","tipo_objeto":"Relave","id_objeto":"0315-4N","nombre_objeto":"PLANTA GONZALEZ","nombre_relave":"PLANTA GONZALEZ","titular":"JOAQUIN GONZÁLEZ","empresa":"JOAQUIN GONZÁLEZ","faena":"PLANTA GONZALEZ","recurso":"ORO","comuna":"Andacollo","tipo_deposito":"TRANQUE DE RELAVE","metodo_constructivo":"AGUAS ARRIBA","shape_area_m2":6596.677497,"bbox":[-71.08408272,-30.2360557,-71.08408272,-30.2360557],"lat":-30.2360557,"lon":-71.08408272,"nombre_busq":"0315-4N PLANTA GONZALEZ JOAQUIN GONZÁLEZ ORO Andacollo TRANQUE DE RELAVE AGUAS ARRIBA","source_file":"geonoxa_relaves_panel.geojson"},"geometry":{"type":"Point","coordinates":[-71.08408272,-30.2360557]}},{"type":"Feature","properties":{"familia":"relaves","tipo_objeto":"Relave","id_objeto":"0316-4N","nombre_objeto":"LAS TAZAS - CHISPERA (EX PLANTA LA EXOTICA)","nombre_relave":"LAS TAZAS - CHISPERA (EX PLANTA LA EXOTICA)","titular":"JUAN PERINES PERINES","empresa":"JUAN PERINES PERINES","faena":"LAS TAZAS - CHISPERA (EX PLANTA LA EXOTICA)","recurso":"ORO","comuna":"Andacollo","tipo_deposito":"TRANQUE DE RELAVE","metodo_constructivo":"AGUAS ARRIBA","shape_area_m2":1552.87262,"bbox":[-71.09470161,-30.23833024,-71.09470161,-30.23833024],"lat":-30.23833024,"lon":-71.09470161,"nombre_busq":"0316-4N LAS TAZAS - CHISPERA (EX PLANTA LA EXOTICA) JUAN PERINES PERINES ORO Andacollo TRANQUE DE RELAVE AGUAS ARRIBA","source_file":"geonoxa_relaves_panel.geojson"},"geometry":{"type":"Point","coordinates":[-71.09470161,-30.23833024]}},{"type":"Feature","properties":{"familia":"relaves","tipo_objeto":"Relave","id_objeto":"0317-4N","nombre_objeto":"LAS TAZAS - CHISPERA (EX PLANTA LA EXOTICA)","nombre_relave":"LAS TAZAS - CHISPERA (EX PLANTA LA EXOTICA)","titular":"JUAN PERINES PERINES","empresa":"JUAN PERINES PERINES","faena":"LAS TAZAS - CHISPERA (EX PLANTA LA EXOTICA)","recurso":"ORO","comuna":"Andacollo","tipo_deposito":"TRANQUE DE RELAVE","metodo_constructivo":"AGUAS ARRIBA","shape_area_m2":6986.886547,"bbox":[-71.09421787,-30.23829382,-71.09421787,-30.23829382],"lat":-30.23829382,"lon":-71.09421787,"nombre_busq":"0317-4N LAS TAZAS - CHISPERA (EX PLANTA LA EXOTICA) JUAN PERINES PERINES ORO Andacollo TRANQUE DE RELAVE AGUAS ARRIBA","source_file":"geonoxa_relaves_panel.geojson"},"geometry":{"type":"Point","coordinates":[-71.09421787,-30.23829382]}},{"type":"Feature","properties":{"familia":"relaves","tipo_objeto":"Relave","id_objeto":"0318-4N","nombre_objeto":"MASTER( EX YABU)","nombre_relave":"MASTER( EX YABU)","titular":"INVERSIONES VALLE NEVADO SpA","empresa":"INVERSIONES VALLE NEVADO SpA","faena":"MASTER( EX YABU)","recurso":"COBRE-ORO","comuna":"Combarbalá","tipo_deposito":"TRANQUE DE RELAVE","metodo_constructivo":"AGUAS ARRIBA","shape_area_m2":24378.86047,"bbox":[-71.01307852,-31.16962698,-71.01307852,-31.16962698],"lat":-31.16962698,"lon":-71.01307852,"nombre_busq":"0318-4N MASTER( EX YABU) INVERSIONES VALLE NEVADO SpA COBRE-ORO Combarbalá TRANQUE DE RELAVE AGUAS ARRIBA","source_file":"geonoxa_relaves_panel.geojson"},"geometry":{"type":"Point","coordinates":[-71.01307852,-31.16962698]}},{"type":"Feature","properties":{"familia":"relaves","tipo_objeto":"Relave","id_objeto":"0319-4N","nombre_objeto":"MASTER( EX YABU)","nombre_relave":"MASTER( EX YABU)","titular":"INVERSIONES VALLE NEVADO SpA","empresa":"INVERSIONES VALLE NEVADO SpA","faena":"MASTER( EX YABU)","recurso":"COBRE-ORO","comuna":"Combarbalá","tipo_deposito":"TRANQUE DE RELAVE","metodo_constructivo":"AGUAS ARRIBA","shape_area_m2":15829.08786,"bbox":[-71.01221484,-31.16898972,-71.01221484,-31.16898972],"lat":-31.16898972,"lon":-71.01221484,"nombre_busq":"0319-4N MASTER( EX YABU) INVERSIONES VALLE NEVADO SpA COBRE-ORO Combarbalá TRANQUE DE RELAVE AGUAS ARRIBA","source_file":"geonoxa_relaves_panel.geojson"},"geometry":{"type":"Point","coordinates":[-71.01221484,-31.16898972]}},{"type":"Feature","properties":{"familia":"relaves","tipo_objeto":"Relave","id_objeto":"0320-4N","nombre_objeto":"PLANTA ARIZONA","nombre_relave":"PLANTA ARIZONA","titular":"LUIS DONOSO GARCIA HUIDOBRO","empresa":"LUIS DONOSO GARCIA HUIDOBRO","faena":"PLANTA ARIZONA","recurso":"ORO-COBRE-PLATA","comuna":"Andacollo","tipo_deposito":"TRANQUE DE RELAVE","metodo_constructivo":"AGUAS ARRIBA","shape_area_m2":6914.134767,"bbox":[-71.07852336,-30.22492887,-71.07852336,-30.22492887],"lat":-30.22492887,"lon":-71.07852336,"nombre_busq":"0320-4N PLANTA ARIZONA LUIS DONOSO GARCIA HUIDOBRO ORO-COBRE-PLATA Andacollo TRANQUE DE RELAVE AGUAS ARRIBA","source_file":"geonoxa_relaves_panel.geojson"},"geometry":{"type":"Point","coordinates":[-71.07852336,-30.22492887]}},{"type":"Feature","properties":{"familia":"relaves","tipo_objeto":"Relave","id_objeto":"0321-4N","nombre_objeto":"PLANTA ARIZONA","nombre_relave":"PLANTA ARIZONA","titular":"LUIS DONOSO GARCIA HUIDOBRO","empresa":"LUIS DONOSO GARCIA HUIDOBRO","faena":"PLANTA ARIZONA","recurso":"ORO-COBRE-PLATA","comuna":"Andacollo","tipo_deposito":"TRANQUE DE RELAVE","metodo_constructivo":"AGUAS ARRIBA","shape_area_m2":3323.746847,"bbox":[-71.07819866,-30.22525221,-71.07819866,-30.22525221],"lat":-30.22525221,"lon":-71.07819866,"nombre_busq":"0321-4N PLANTA ARIZONA LUIS DONOSO GARCIA HUIDOBRO ORO-COBRE-PLATA Andacollo TRANQUE DE RELAVE AGUAS ARRIBA","source_file":"geonoxa_relaves_panel.geojson"},"geometry":{"type":"Point","coordinates":[-71.07819866,-30.22525221]}},{"type":"Feature","properties":{"familia":"relaves","tipo_objeto":"Relave","id_objeto":"0322-4N","nombre_objeto":"PLANTA MONREAL I","nombre_relave":"PLANTA MONREAL I","titular":"MANUEL MONREAL VILLAREAL","empresa":"MANUEL MONREAL VILLAREAL","faena":"PLANTA MONREAL I","recurso":"COBRE-ORO-PLATA","comuna":"Andacollo","tipo_deposito":"TRANQUE DE RELAVE","metodo_constructivo":"AGUAS ARRIBA","shape_area_m2":4051.666225,"bbox":[-71.09055782,-30.2311352,-71.09055782,-30.2311352],"lat":-30.2311352,"lon":-71.09055782,"nombre_busq":"0322-4N PLANTA MONREAL I MANUEL MONREAL VILLAREAL COBRE-ORO-PLATA Andacollo TRANQUE DE RELAVE AGUAS ARRIBA","source_file":"geonoxa_relaves_panel.geojson"},"geometry":{"type":"Point","coordinates":[-71.09055782,-30.2311352]}},{"type":"Feature","properties":{"familia":"relaves","tipo_objeto":"Relave","id_objeto":"0323-4N","nombre_objeto":"PLANTA RUIZ","nombre_relave":"PLANTA RUIZ","titular":"MARIANO RUIZ","empresa":"MARIANO RUIZ","faena":"PLANTA RUIZ","recurso":"ORO","comuna":"Andacollo","tipo_deposito":"TRANQUE DE RELAVE","metodo_constructivo":"AGUAS ARRIBA","shape_area_m2":11589.50479,"bbox":[-71.07043606,-30.22571308,-71.07043606,-30.22571308],"lat":-30.22571308,"lon":-71.07043606,"nombre_busq":"0323-4N PLANTA RUIZ MARIANO RUIZ ORO Andacollo TRANQUE DE RELAVE AGUAS ARRIBA","source_file":"geonoxa_relaves_panel.geojson"},"geometry":{"type":"Point","coordinates":[-71.07043606,-30.22571308]}},{"type":"Feature","properties":{"familia":"relaves","tipo_objeto":"Relave","id_objeto":"0324-4N","nombre_objeto":"LA BRILLANTE","nombre_relave":"LA BRILLANTE","titular":"JUAN QUINTANA (LA BRILLANTE LTDA.)","empresa":"JUAN QUINTANA (LA BRILLANTE LTDA.)","faena":"LA BRILLANTE","recurso":"ORO","comuna":"Andacollo","tipo_deposito":"ACOPIO","metodo_constructivo":"NO APLICA","shape_area_m2":21698.95758,"bbox":[-71.04975156,-30.22963917,-71.04975156,-30.22963917],"lat":-30.22963917,"lon":-71.04975156,"nombre_busq":"0324-4N LA BRILLANTE JUAN QUINTANA (LA BRILLANTE LTDA.) ORO Andacollo ACOPIO NO APLICA","source_file":"geonoxa_relaves_panel.geojson"},"geometry":{"type":"Point","coordinates":[-71.04975156,-30.22963917]}},{"type":"Feature","properties":{"familia":"relaves","tipo_objeto":"Relave","id_objeto":"0325-4N","nombre_objeto":"PLANTA MILITZA","nombre_relave":"PLANTA MILITZA","titular":"NOVAK SPASOJEVIC","empresa":"NOVAK SPASOJEVIC","faena":"PLANTA MILITZA","recurso":"ORO","comuna":"Andacollo","tipo_deposito":"TRANQUE DE RELAVE","metodo_constructivo":"AGUAS ARRIBA","shape_area_m2":4366.10964,"bbox":[-71.10574964,-30.17165205,-71.10574964,-30.17165205],"lat":-30.17165205,"lon":-71.10574964,"nombre_busq":"0325-4N PLANTA MILITZA NOVAK SPASOJEVIC ORO Andacollo TRANQUE DE RELAVE AGUAS ARRIBA","source_file":"geonoxa_relaves_panel.geojson"},"geometry":{"type":"Point","coordinates":[-71.10574964,-30.17165205]}},{"type":"Feature","properties":{"familia":"relaves","tipo_objeto":"Relave","id_objeto":"0326-4N","nombre_objeto":"PLANTA JOHN KENNEDY","nombre_relave":"PLANTA JOHN KENNEDY","titular":"PEDRO ESPINOZA HONORES","empresa":"PEDRO ESPINOZA HONORES","faena":"PLANTA JOHN KENNEDY","recurso":"ORO","comuna":"Andacollo","tipo_deposito":"TRANQUE DE RELAVE","metodo_constructivo":"AGUAS ARRIBA","shape_area_m2":3979.266736,"bbox":[-71.05593283,-30.22434409,-71.05593283,-30.22434409],"lat":-30.22434409,"lon":-71.05593283,"nombre_busq":"0326-4N PLANTA JOHN KENNEDY PEDRO ESPINOZA HONORES ORO Andacollo TRANQUE DE RELAVE AGUAS ARRIBA","source_file":"geonoxa_relaves_panel.geojson"},"geometry":{"type":"Point","coordinates":[-71.05593283,-30.22434409]}},{"type":"Feature","properties":{"familia":"relaves","tipo_objeto":"Relave","id_objeto":"0327-4N","nombre_objeto":"PLANTA JOHN KENNEDY","nombre_relave":"PLANTA JOHN KENNEDY","titular":"PEDRO ESPINOZA HONORES","empresa":"PEDRO ESPINOZA HONORES","faena":"PLANTA JOHN KENNEDY","recurso":"ORO","comuna":"Andacollo","tipo_deposito":"TRANQUE DE RELAVE","metodo_constructivo":"AGUAS ARRIBA","shape_area_m2":7355.654021,"bbox":[-71.05635356,-30.22402596,-71.05635356,-30.22402596],"lat":-30.22402596,"lon":-71.05635356,"nombre_busq":"0327-4N PLANTA JOHN KENNEDY PEDRO ESPINOZA HONORES ORO Andacollo TRANQUE DE RELAVE AGUAS ARRIBA","source_file":"geonoxa_relaves_panel.geojson"},"geometry":{"type":"Point","coordinates":[-71.05635356,-30.22402596]}},{"type":"Feature","properties":{"familia":"relaves","tipo_objeto":"Relave","id_objeto":"0328-4N","nombre_objeto":"PLANTA MARTINEZ","nombre_relave":"PLANTA MARTINEZ","titular":"PEDRO MARTINEZ ULLOA","empresa":"PEDRO MARTINEZ ULLOA","faena":"PLANTA MARTINEZ","recurso":"ORO","comuna":"Andacollo","tipo_deposito":"ACOPIO","metodo_constructivo":"NO APLICA","shape_area_m2":10085.40168,"bbox":[-71.0837524,-30.24789525,-71.0837524,-30.24789525],"lat":-30.24789525,"lon":-71.0837524,"nombre_busq":"0328-4N PLANTA MARTINEZ PEDRO MARTINEZ ULLOA ORO Andacollo ACOPIO NO APLICA","source_file":"geonoxa_relaves_panel.geojson"},"geometry":{"type":"Point","coordinates":[-71.0837524,-30.24789525]}},{"type":"Feature","properties":{"familia":"relaves","tipo_objeto":"Relave","id_objeto":"0329-4N","nombre_objeto":"PLANTA CENTRAL","nombre_relave":"PLANTA CENTRAL","titular":"RAUL MENA DIAZ","empresa":"RAUL MENA DIAZ","faena":"PLANTA CENTRAL","recurso":"ORO","comuna":"Andacollo","tipo_deposito":"ACOPIO","metodo_constructivo":"NO APLICA","shape_area_m2":1856.399151,"bbox":[-71.07671137,-30.22547609,-71.07671137,-30.22547609],"lat":-30.22547609,"lon":-71.07671137,"nombre_busq":"0329-4N PLANTA CENTRAL RAUL MENA DIAZ ORO Andacollo ACOPIO NO APLICA","source_file":"geonoxa_relaves_panel.geojson"},"geometry":{"type":"Point","coordinates":[-71.07671137,-30.22547609]}},{"type":"Feature","properties":{"familia":"relaves","tipo_objeto":"Relave","id_objeto":"0330-4N","nombre_objeto":"PLANTA INDEY","nombre_relave":"PLANTA INDEY","titular":"RUBEN ROJAS IDNEY","empresa":"RUBEN ROJAS IDNEY","faena":"PLANTA INDEY","recurso":"ORO-COBRE-PLATA","comuna":"Andacollo","tipo_deposito":"TRANQUE DE RELAVE","metodo_constructivo":"AGUAS ARRIBA","shape_area_m2":4027.44362,"bbox":[-71.08454309,-30.24972873,-71.08454309,-30.24972873],"lat":-30.24972873,"lon":-71.08454309,"nombre_busq":"0330-4N PLANTA INDEY RUBEN ROJAS IDNEY ORO-COBRE-PLATA Andacollo TRANQUE DE RELAVE AGUAS ARRIBA","source_file":"geonoxa_relaves_panel.geojson"},"geometry":{"type":"Point","coordinates":[-71.08454309,-30.24972873]}},{"type":"Feature","properties":{"familia":"relaves","tipo_objeto":"Relave","id_objeto":"0331-4N","nombre_objeto":"PLANTA INDEY","nombre_relave":"PLANTA INDEY","titular":"RUBEN ROJAS IDNEY","empresa":"RUBEN ROJAS IDNEY","faena":"PLANTA INDEY","recurso":"ORO-COBRE-PLATA","comuna":"Andacollo","tipo_deposito":"TRANQUE DE RELAVE","metodo_constructivo":"AGUAS ARRIBA","shape_area_m2":2858.771922,"bbox":[-71.08529943,-30.24986795,-71.08529943,-30.24986795],"lat":-30.24986795,"lon":-71.08529943,"nombre_busq":"0331-4N PLANTA INDEY RUBEN ROJAS IDNEY ORO-COBRE-PLATA Andacollo TRANQUE DE RELAVE AGUAS ARRIBA","source_file":"geonoxa_relaves_panel.geojson"},"geometry":{"type":"Point","coordinates":[-71.08529943,-30.24986795]}},{"type":"Feature","properties":{"familia":"relaves","tipo_objeto":"Relave","id_objeto":"0332-4N","nombre_objeto":"PLANTA INDEY","nombre_relave":"PLANTA INDEY","titular":"RUBEN ROJAS IDNEY","empresa":"RUBEN ROJAS IDNEY","faena":"PLANTA INDEY","recurso":"ORO-COBRE-PLATA","comuna":"Andacollo","tipo_deposito":"TRANQUE DE RELAVE","metodo_constructivo":"AGUAS ARRIBA","shape_area_m2":6550.52958,"bbox":[-71.08441761,-30.25061204,-71.08441761,-30.25061204],"lat":-30.25061204,"lon":-71.08441761,"nombre_busq":"0332-4N PLANTA INDEY RUBEN ROJAS IDNEY ORO-COBRE-PLATA Andacollo TRANQUE DE RELAVE AGUAS ARRIBA","source_file":"geonoxa_relaves_panel.geojson"},"geometry":{"type":"Point","coordinates":[-71.08441761,-30.25061204]}},{"type":"Feature","properties":{"familia":"relaves","tipo_objeto":"Relave","id_objeto":"0333-4N","nombre_objeto":"PLANTA INDEY","nombre_relave":"PLANTA INDEY","titular":"RUBEN ROJAS IDNEY","empresa":"RUBEN ROJAS IDNEY","faena":"PLANTA INDEY","recurso":"ORO-COBRE-PLATA","comuna":"Andacollo","tipo_deposito":"TRANQUE DE RELAVE","metodo_constructivo":"AGUAS ARRIBA","shape_area_m2":2120.517325,"bbox":[-71.08494246,-30.25047738,-71.08494246,-30.25047738],"lat":-30.25047738,"lon":-71.08494246,"nombre_busq":"0333-4N PLANTA INDEY RUBEN ROJAS IDNEY ORO-COBRE-PLATA Andacollo TRANQUE DE RELAVE AGUAS ARRIBA","source_file":"geonoxa_relaves_panel.geojson"},"geometry":{"type":"Point","coordinates":[-71.08494246,-30.25047738]}},{"type":"Feature","properties":{"familia":"relaves","tipo_objeto":"Relave","id_objeto":"0334-4N","nombre_objeto":"PLANTA JERALDO I","nombre_relave":"PLANTA JERALDO I","titular":"SLM.AU. JERALDO","empresa":"SLM.AU. JERALDO","faena":"PLANTA JERALDO I","recurso":"ORO","comuna":"Andacollo","tipo_deposito":"TRANQUE DE RELAVE","metodo_constructivo":"AGUAS ARRIBA","shape_area_m2":844.1474392,"bbox":[-71.08924538,-30.24062409,-71.08924538,-30.24062409],"lat":-30.24062409,"lon":-71.08924538,"nombre_busq":"0334-4N PLANTA JERALDO I SLM.AU. JERALDO ORO Andacollo TRANQUE DE RELAVE AGUAS ARRIBA","source_file":"geonoxa_relaves_panel.geojson"},"geometry":{"type":"Point","coordinates":[-71.08924538,-30.24062409]}},{"type":"Feature","properties":{"familia":"relaves","tipo_objeto":"Relave","id_objeto":"0335-4N","nombre_objeto":"PLANTA JERALDO II","nombre_relave":"PLANTA JERALDO II","titular":"SLM.AU. JERALDO","empresa":"SLM.AU. JERALDO","faena":"PLANTA JERALDO II","recurso":"ORO-COBRE-ORO","comuna":"Andacollo","tipo_deposito":"ACOPIO","metodo_constructivo":"NO APLICA","shape_area_m2":10103.07501,"bbox":[-71.05178663,-30.23328609,-71.05178663,-30.23328609],"lat":-30.23328609,"lon":-71.05178663,"nombre_busq":"0335-4N PLANTA JERALDO II SLM.AU. JERALDO ORO-COBRE-ORO Andacollo ACOPIO NO APLICA","source_file":"geonoxa_relaves_panel.geojson"},"geometry":{"type":"Point","coordinates":[-71.05178663,-30.23328609]}},{"type":"Feature","properties":{"familia":"relaves","tipo_objeto":"Relave","id_objeto":"0336-4N","nombre_objeto":"PLANTA JERALDO I","nombre_relave":"PLANTA JERALDO I","titular":"SLM.AU. JERALDO","empresa":"SLM.AU. JERALDO","faena":"PLANTA JERALDO I","recurso":"ORO","comuna":"Andacollo","tipo_deposito":"TRANQUE DE RELAVE","metodo_constructivo":"AGUAS ARRIBA","shape_area_m2":1613.300775,"bbox":[-71.08904467,-30.24111402,-71.08904467,-30.24111402],"lat":-30.24111402,"lon":-71.08904467,"nombre_busq":"0336-4N PLANTA JERALDO I SLM.AU. JERALDO ORO Andacollo TRANQUE DE RELAVE AGUAS ARRIBA","source_file":"geonoxa_relaves_panel.geojson"},"geometry":{"type":"Point","coordinates":[-71.08904467,-30.24111402]}},{"type":"Feature","properties":{"familia":"relaves","tipo_objeto":"Relave","id_objeto":"0337-4N","nombre_objeto":"PLANTA JERALDO I","nombre_relave":"PLANTA JERALDO I","titular":"SLM.AU. JERALDO","empresa":"SLM.AU. JERALDO","faena":"PLANTA JERALDO I","recurso":"ORO","comuna":"Andacollo","tipo_deposito":"TRANQUE DE RELAVE","metodo_constructivo":"AGUAS ARRIBA","shape_area_m2":3866.155617,"bbox":[-71.08958287,-30.24095154,-71.08958287,-30.24095154],"lat":-30.24095154,"lon":-71.08958287,"nombre_busq":"0337-4N PLANTA JERALDO I SLM.AU. JERALDO ORO Andacollo TRANQUE DE RELAVE AGUAS ARRIBA","source_file":"geonoxa_relaves_panel.geojson"},"geometry":{"type":"Point","coordinates":[-71.08958287,-30.24095154]}},{"type":"Feature","properties":{"familia":"relaves","tipo_objeto":"Relave","id_objeto":"0338-4N","nombre_objeto":"PLANTA GALVEZ","nombre_relave":"PLANTA GALVEZ","titular":"AQUILES GONZALEZ GARCIA","empresa":"AQUILES GONZALEZ GARCIA","faena":"PLANTA GALVEZ","recurso":"ORO","comuna":"Andacollo","tipo_deposito":"TRANQUE DE RELAVE","metodo_constructivo":"AGUAS ABAJO","shape_area_m2":5382.326291,"bbox":[-71.05176324,-30.22736962,-71.05176324,-30.22736962],"lat":-30.22736962,"lon":-71.05176324,"nombre_busq":"0338-4N PLANTA GALVEZ AQUILES GONZALEZ GARCIA ORO Andacollo TRANQUE DE RELAVE AGUAS ABAJO","source_file":"geonoxa_relaves_panel.geojson"},"geometry":{"type":"Point","coordinates":[-71.05176324,-30.22736962]}},{"type":"Feature","properties":{"familia":"relaves","tipo_objeto":"Relave","id_objeto":"0339-4N","nombre_objeto":"PLANTA CARLOS V","nombre_relave":"PLANTA CARLOS V","titular":"AQUILES GONZALEZ GARCIA","empresa":"AQUILES GONZALEZ GARCIA","faena":"PLANTA CARLOS V","recurso":"ORO","comuna":"Andacollo","tipo_deposito":"TRANQUE DE RELAVE","metodo_constructivo":"AGUAS ARRIBA","shape_area_m2":5017.594948,"bbox":[-71.09497031,-30.23873173,-71.09497031,-30.23873173],"lat":-30.23873173,"lon":-71.09497031,"nombre_busq":"0339-4N PLANTA CARLOS V AQUILES GONZALEZ GARCIA ORO Andacollo TRANQUE DE RELAVE AGUAS ARRIBA","source_file":"geonoxa_relaves_panel.geojson"},"geometry":{"type":"Point","coordinates":[-71.09497031,-30.23873173]}},{"type":"Feature","properties":{"familia":"relaves","tipo_objeto":"Relave","id_objeto":"0340-4N","nombre_objeto":"PLANTA HILDA","nombre_relave":"PLANTA HILDA","titular":"BELTRAN GODOY RIVERA","empresa":"BELTRAN GODOY RIVERA","faena":"PLANTA HILDA","recurso":"ORO","comuna":"Andacollo","tipo_deposito":"TRANQUE DE RELAVE","metodo_constructivo":"AGUAS ARRIBA","shape_area_m2":16029.31618,"bbox":[-71.10047823,-30.21048304,-71.10047823,-30.21048304],"lat":-30.21048304,"lon":-71.10047823,"nombre_busq":"0340-4N PLANTA HILDA BELTRAN GODOY RIVERA ORO Andacollo TRANQUE DE RELAVE AGUAS ARRIBA","source_file":"geonoxa_relaves_panel.geojson"},"geometry":{"type":"Point","coordinates":[-71.10047823,-30.21048304]}},{"type":"Feature","properties":{"familia":"relaves","tipo_objeto":"Relave","id_objeto":"0341-4N","nombre_objeto":"PLANTA EMA","nombre_relave":"PLANTA EMA","titular":"SMC GONZALEZ Y CIA.","empresa":"SMC GONZALEZ Y CIA.","faena":"PLANTA EMA","recurso":"ORO-COBRE","comuna":"Andacollo","tipo_deposito":"TRANQUE DE RELAVE","metodo_constructivo":"AGUAS ARRIBA","shape_area_m2":4890.344423,"bbox":[-71.08638908,-30.24284829,-71.08638908,-30.24284829],"lat":-30.24284829,"lon":-71.08638908,"nombre_busq":"0341-4N PLANTA EMA SMC GONZALEZ Y CIA. ORO-COBRE Andacollo TRANQUE DE RELAVE AGUAS ARRIBA","source_file":"geonoxa_relaves_panel.geojson"},"geometry":{"type":"Point","coordinates":[-71.08638908,-30.24284829]}},{"type":"Feature","properties":{"familia":"relaves","tipo_objeto":"Relave","id_objeto":"0342-4N","nombre_objeto":"PLANTA EMA","nombre_relave":"PLANTA EMA","titular":"SMC GONZALEZ Y CIA.","empresa":"SMC GONZALEZ Y CIA.","faena":"PLANTA EMA","recurso":"ORO-COBRE","comuna":"Andacollo","tipo_deposito":"TRANQUE DE RELAVE","metodo_constructivo":"AGUAS ARRIBA","shape_area_m2":5555.89267,"bbox":[-71.0862399,-30.24391523,-71.0862399,-30.24391523],"lat":-30.24391523,"lon":-71.0862399,"nombre_busq":"0342-4N PLANTA EMA SMC GONZALEZ Y CIA. ORO-COBRE Andacollo TRANQUE DE RELAVE AGUAS ARRIBA","source_file":"geonoxa_relaves_panel.geojson"},"geometry":{"type":"Point","coordinates":[-71.0862399,-30.24391523]}},{"type":"Feature","properties":{"familia":"relaves","tipo_objeto":"Relave","id_objeto":"0343-4N","nombre_objeto":"PLANTA JERALDO","nombre_relave":"PLANTA JERALDO","titular":"SUC. L. JERALDO U.","empresa":"SUC. L. JERALDO U.","faena":"PLANTA JERALDO","recurso":"ORO","comuna":"Andacollo","tipo_deposito":"TRANQUE DE RELAVE","metodo_constructivo":"AGUAS ARRIBA","shape_area_m2":7578.315378,"bbox":[-71.08633446,-30.2414549,-71.08633446,-30.2414549],"lat":-30.2414549,"lon":-71.08633446,"nombre_busq":"0343-4N PLANTA JERALDO SUC. L. JERALDO U. ORO Andacollo TRANQUE DE RELAVE AGUAS ARRIBA","source_file":"geonoxa_relaves_panel.geojson"},"geometry":{"type":"Point","coordinates":[-71.08633446,-30.2414549]}},{"type":"Feature","properties":{"familia":"relaves","tipo_objeto":"Relave","id_objeto":"0344-4N","nombre_objeto":"PLANTA MIRANDA","nombre_relave":"PLANTA MIRANDA","titular":"FELIPE NUÑEZ","empresa":"FELIPE NUÑEZ","faena":"PLANTA MIRANDA","recurso":"ORO","comuna":"Andacollo","tipo_deposito":"TRANQUE DE RELAVE","metodo_constructivo":"AGUAS ARRIBA","shape_area_m2":2060.489989,"bbox":[-71.08136007,-30.25092598,-71.08136007,-30.25092598],"lat":-30.25092598,"lon":-71.08136007,"nombre_busq":"0344-4N PLANTA MIRANDA FELIPE NUÑEZ ORO Andacollo TRANQUE DE RELAVE AGUAS ARRIBA","source_file":"geonoxa_relaves_panel.geojson"},"geometry":{"type":"Point","coordinates":[-71.08136007,-30.25092598]}},{"type":"Feature","properties":{"familia":"relaves","tipo_objeto":"Relave","id_objeto":"0345-4N","nombre_objeto":"PLANTA MIRANDA","nombre_relave":"PLANTA MIRANDA","titular":"FELIPE NUÑEZ","empresa":"FELIPE NUÑEZ","faena":"PLANTA MIRANDA","recurso":"ORO","comuna":"Andacollo","tipo_deposito":"TRANQUE DE RELAVE","metodo_constructivo":"AGUAS ARRIBA","shape_area_m2":5664.244006,"bbox":[-71.08094928,-30.25071024,-71.08094928,-30.25071024],"lat":-30.25071024,"lon":-71.08094928,"nombre_busq":"0345-4N PLANTA MIRANDA FELIPE NUÑEZ ORO Andacollo TRANQUE DE RELAVE AGUAS ARRIBA","source_file":"geonoxa_relaves_panel.geojson"},"geometry":{"type":"Point","coordinates":[-71.08094928,-30.25071024]}},{"type":"Feature","properties":{"familia":"relaves","tipo_objeto":"Relave","id_objeto":"0346-4N","nombre_objeto":"PLANTA MIRANDA","nombre_relave":"PLANTA MIRANDA","titular":"FELIPE NUÑEZ","empresa":"FELIPE NUÑEZ","faena":"PLANTA MIRANDA","recurso":"ORO","comuna":"Andacollo","tipo_deposito":"TRANQUE DE RELAVE","metodo_constructivo":"AGUAS ARRIBA","shape_area_m2":1734.617142,"bbox":[-71.08041266,-30.25058181,-71.08041266,-30.25058181],"lat":-30.25058181,"lon":-71.08041266,"nombre_busq":"0346-4N PLANTA MIRANDA FELIPE NUÑEZ ORO Andacollo TRANQUE DE RELAVE AGUAS ARRIBA","source_file":"geonoxa_relaves_panel.geojson"},"geometry":{"type":"Point","coordinates":[-71.08041266,-30.25058181]}},{"type":"Feature","properties":{"familia":"relaves","tipo_objeto":"Relave","id_objeto":"0347-4N","nombre_objeto":"PLANTA MIRANDA","nombre_relave":"PLANTA MIRANDA","titular":"FELIPE NUÑEZ","empresa":"FELIPE NUÑEZ","faena":"PLANTA MIRANDA","recurso":"ORO","comuna":"Andacollo","tipo_deposito":"TRANQUE DE RELAVE","metodo_constructivo":"AGUAS ARRIBA","shape_area_m2":3607.448624,"bbox":[-71.08039169,-30.25096985,-71.08039169,-30.25096985],"lat":-30.25096985,"lon":-71.08039169,"nombre_busq":"0347-4N PLANTA MIRANDA FELIPE NUÑEZ ORO Andacollo TRANQUE DE RELAVE AGUAS ARRIBA","source_file":"geonoxa_relaves_panel.geojson"},"geometry":{"type":"Point","coordinates":[-71.08039169,-30.25096985]}},{"type":"Feature","properties":{"familia":"relaves","tipo_objeto":"Relave","id_objeto":"0348-4N","nombre_objeto":"PLANTA MIRANDA","nombre_relave":"PLANTA MIRANDA","titular":"FELIPE NUÑEZ","empresa":"FELIPE NUÑEZ","faena":"PLANTA MIRANDA","recurso":"ORO","comuna":"Andacollo","tipo_deposito":"TRANQUE DE RELAVE","metodo_constructivo":"AGUAS ARRIBA","shape_area_m2":4881.242598,"bbox":[-71.08118731,-30.25143744,-71.08118731,-30.25143744],"lat":-30.25143744,"lon":-71.08118731,"nombre_busq":"0348-4N PLANTA MIRANDA FELIPE NUÑEZ ORO Andacollo TRANQUE DE RELAVE AGUAS ARRIBA","source_file":"geonoxa_relaves_panel.geojson"},"geometry":{"type":"Point","coordinates":[-71.08118731,-30.25143744]}},{"type":"Feature","properties":{"familia":"relaves","tipo_objeto":"Relave","id_objeto":"0349-4N","nombre_objeto":"PLANTA MIRANDA","nombre_relave":"PLANTA MIRANDA","titular":"FELIPE NUÑEZ","empresa":"FELIPE NUÑEZ","faena":"PLANTA MIRANDA","recurso":"ORO","comuna":"Andacollo","tipo_deposito":"ACOPIO","metodo_constructivo":"NO APLICA","shape_area_m2":1182.695526,"bbox":[-71.08095157,-30.25216047,-71.08095157,-30.25216047],"lat":-30.25216047,"lon":-71.08095157,"nombre_busq":"0349-4N PLANTA MIRANDA FELIPE NUÑEZ ORO Andacollo ACOPIO NO APLICA","source_file":"geonoxa_relaves_panel.geojson"},"geometry":{"type":"Point","coordinates":[-71.08095157,-30.25216047]}},{"type":"Feature","properties":{"familia":"relaves","tipo_objeto":"Relave","id_objeto":"0350-4N","nombre_objeto":"PLANTA MIRANDA","nombre_relave":"PLANTA MIRANDA","titular":"FELIPE NUÑEZ","empresa":"FELIPE NUÑEZ","faena":"PLANTA MIRANDA","recurso":"ORO","comuna":"Andacollo","tipo_deposito":"EMBALSE","metodo_constructivo":"AGUAS ARRIBA","shape_area_m2":1020.035293,"bbox":[-71.08076816,-30.25175036,-71.08076816,-30.25175036],"lat":-30.25175036,"lon":-71.08076816,"nombre_busq":"0350-4N PLANTA MIRANDA FELIPE NUÑEZ ORO Andacollo EMBALSE AGUAS ARRIBA","source_file":"geonoxa_relaves_panel.geojson"},"geometry":{"type":"Point","coordinates":[-71.08076816,-30.25175036]}},{"type":"Feature","properties":{"familia":"relaves","tipo_objeto":"Relave","id_objeto":"0351-4N","nombre_objeto":"PLANTA MIRAFLORES","nombre_relave":"PLANTA MIRAFLORES","titular":"SUC. MIRTA ROJAS MUNIZAGA","empresa":"SUC. MIRTA ROJAS MUNIZAGA","faena":"PLANTA MIRAFLORES","recurso":"COBRE","comuna":"Andacollo","tipo_deposito":"TRANQUE DE RELAVE","metodo_constructivo":"AGUAS ARRIBA","shape_area_m2":8689.725876,"bbox":[-71.0882301,-30.24082505,-71.0882301,-30.24082505],"lat":-30.24082505,"lon":-71.0882301,"nombre_busq":"0351-4N PLANTA MIRAFLORES SUC. MIRTA ROJAS MUNIZAGA COBRE Andacollo TRANQUE DE RELAVE AGUAS ARRIBA","source_file":"geonoxa_relaves_panel.geojson"},"geometry":{"type":"Point","coordinates":[-71.0882301,-30.24082505]}},{"type":"Feature","properties":{"familia":"relaves","tipo_objeto":"Relave","id_objeto":"0352-4N","nombre_objeto":"PLANTA MIRAFLORES","nombre_relave":"PLANTA MIRAFLORES","titular":"SUC. MIRTA ROJAS MUNIZAGA","empresa":"SUC. MIRTA ROJAS MUNIZAGA","faena":"PLANTA MIRAFLORES","recurso":"ORO","comuna":"Andacollo","tipo_deposito":"TRANQUE DE RELAVE","metodo_constructivo":"AGUAS ARRIBA","shape_area_m2":2215.793972,"bbox":[-71.08896007,-30.24040488,-71.08896007,-30.24040488],"lat":-30.24040488,"lon":-71.08896007,"nombre_busq":"0352-4N PLANTA MIRAFLORES SUC. MIRTA ROJAS MUNIZAGA ORO Andacollo TRANQUE DE RELAVE AGUAS ARRIBA","source_file":"geonoxa_relaves_panel.geojson"},"geometry":{"type":"Point","coordinates":[-71.08896007,-30.24040488]}},{"type":"Feature","properties":{"familia":"relaves","tipo_objeto":"Relave","id_objeto":"0353-4N","nombre_objeto":"PLANTA MIRAFLORES","nombre_relave":"PLANTA MIRAFLORES","titular":"SUC. MIRTA ROJAS MUNIZAGA","empresa":"SUC. MIRTA ROJAS MUNIZAGA","faena":"PLANTA MIRAFLORES","recurso":"ORO","comuna":"Andacollo","tipo_deposito":"TRANQUE DE RELAVE","metodo_constructivo":"AGUAS ARRIBA","shape_area_m2":6973.853437,"bbox":[-71.08912061,-30.23949168,-71.08912061,-30.23949168],"lat":-30.23949168,"lon":-71.08912061,"nombre_busq":"0353-4N PLANTA MIRAFLORES SUC. MIRTA ROJAS MUNIZAGA ORO Andacollo TRANQUE DE RELAVE AGUAS ARRIBA","source_file":"geonoxa_relaves_panel.geojson"},"geometry":{"type":"Point","coordinates":[-71.08912061,-30.23949168]}},{"type":"Feature","properties":{"familia":"relaves","tipo_objeto":"Relave","id_objeto":"0354-4N","nombre_objeto":"PLANTA WHITTLE","nombre_relave":"PLANTA WHITTLE","titular":"SUC. TOMAS WHITTLE","empresa":"SUC. TOMAS WHITTLE","faena":"PLANTA WHITTLE","recurso":"ORO","comuna":"Andacollo","tipo_deposito":"TRANQUE DE RELAVE","metodo_constructivo":"","shape_area_m2":5040.762316,"bbox":[-71.08374947,-30.23039352,-71.08374947,-30.23039352],"lat":-30.23039352,"lon":-71.08374947,"nombre_busq":"0354-4N PLANTA WHITTLE SUC. TOMAS WHITTLE ORO Andacollo TRANQUE DE RELAVE","source_file":"geonoxa_relaves_panel.geojson"},"geometry":{"type":"Point","coordinates":[-71.08374947,-30.23039352]}},{"type":"Feature","properties":{"familia":"relaves","tipo_objeto":"Relave","id_objeto":"0355-4N","nombre_objeto":"PLANTA CANALES-GARCIA","nombre_relave":"PLANTA CANALES-GARCIA","titular":"SOC. CANALES-GARCIA","empresa":"SOC. CANALES-GARCIA","faena":"PLANTA CANALES-GARCIA","recurso":"ORO","comuna":"Andacollo","tipo_deposito":"ACOPIO","metodo_constructivo":"NO APLICA","shape_area_m2":38724.89871,"bbox":[-71.05163646,-30.2289551,-71.05163646,-30.2289551],"lat":-30.2289551,"lon":-71.05163646,"nombre_busq":"0355-4N PLANTA CANALES-GARCIA SOC. CANALES-GARCIA ORO Andacollo ACOPIO NO APLICA","source_file":"geonoxa_relaves_panel.geojson"},"geometry":{"type":"Point","coordinates":[-71.05163646,-30.2289551]}},{"type":"Feature","properties":{"familia":"relaves","tipo_objeto":"Relave","id_objeto":"0356-4N","nombre_objeto":"PLANTA CONCEPCION","nombre_relave":"PLANTA CONCEPCION","titular":"CHRISTIAN GUERRA ARAYA","empresa":"CHRISTIAN GUERRA ARAYA","faena":"PLANTA CONCEPCION","recurso":"ORO","comuna":"Andacollo","tipo_deposito":"TRANQUE DE RELAVE","metodo_constructivo":"AGUAS ARRIBA","shape_area_m2":3224.668559,"bbox":[-71.1163287,-30.230486,-71.1163287,-30.230486],"lat":-30.230486,"lon":-71.1163287,"nombre_busq":"0356-4N PLANTA CONCEPCION CHRISTIAN GUERRA ARAYA ORO Andacollo TRANQUE DE RELAVE AGUAS ARRIBA","source_file":"geonoxa_relaves_panel.geojson"},"geometry":{"type":"Point","coordinates":[-71.1163287,-30.230486]}},{"type":"Feature","properties":{"familia":"relaves","tipo_objeto":"Relave","id_objeto":"0357-4N","nombre_objeto":"PLANTA CONCEPCION","nombre_relave":"PLANTA CONCEPCION","titular":"CHRISTIAN GUERRA ARAYA","empresa":"CHRISTIAN GUERRA ARAYA","faena":"PLANTA CONCEPCION","recurso":"ORO","comuna":"Andacollo","tipo_deposito":"TRANQUE DE RELAVE","metodo_constructivo":"AGUAS ARRIBA","shape_area_m2":1385.609627,"bbox":[-71.11587192,-30.23031576,-71.11587192,-30.23031576],"lat":-30.23031576,"lon":-71.11587192,"nombre_busq":"0357-4N PLANTA CONCEPCION CHRISTIAN GUERRA ARAYA ORO Andacollo TRANQUE DE RELAVE AGUAS ARRIBA","source_file":"geonoxa_relaves_panel.geojson"},"geometry":{"type":"Point","coordinates":[-71.11587192,-30.23031576]}},{"type":"Feature","properties":{"familia":"relaves","tipo_objeto":"Relave","id_objeto":"0358-4N","nombre_objeto":"PLANTA FLORA","nombre_relave":"PLANTA FLORA","titular":"ALEJANDRO MONREAL","empresa":"ALEJANDRO MONREAL","faena":"PLANTA FLORA","recurso":"COBRE","comuna":"Andacollo","tipo_deposito":"TRANQUE DE RELAVE","metodo_constructivo":"AGUAS ARRIBA","shape_area_m2":1901.971366,"bbox":[-71.08654132,-30.22605434,-71.08654132,-30.22605434],"lat":-30.22605434,"lon":-71.08654132,"nombre_busq":"0358-4N PLANTA FLORA ALEJANDRO MONREAL COBRE Andacollo TRANQUE DE RELAVE AGUAS ARRIBA","source_file":"geonoxa_relaves_panel.geojson"},"geometry":{"type":"Point","coordinates":[-71.08654132,-30.22605434]}},{"type":"Feature","properties":{"familia":"relaves","tipo_objeto":"Relave","id_objeto":"0359-4N","nombre_objeto":"PLANTA FLORA","nombre_relave":"PLANTA FLORA","titular":"ALEJANDRO MONREAL","empresa":"ALEJANDRO MONREAL","faena":"PLANTA FLORA","recurso":"COBRE","comuna":"Andacollo","tipo_deposito":"TRANQUE DE RELAVE","metodo_constructivo":"AGUAS ARRIBA","shape_area_m2":7193.069767,"bbox":[-71.0872502,-30.22588259,-71.0872502,-30.22588259],"lat":-30.22588259,"lon":-71.0872502,"nombre_busq":"0359-4N PLANTA FLORA ALEJANDRO MONREAL COBRE Andacollo TRANQUE DE RELAVE AGUAS ARRIBA","source_file":"geonoxa_relaves_panel.geojson"},"geometry":{"type":"Point","coordinates":[-71.0872502,-30.22588259]}},{"type":"Feature","properties":{"familia":"relaves","tipo_objeto":"Relave","id_objeto":"0360-4N","nombre_objeto":"PLANTA FLORA","nombre_relave":"PLANTA FLORA","titular":"ALEJANDRO MONREAL","empresa":"ALEJANDRO MONREAL","faena":"PLANTA FLORA","recurso":"ORO","comuna":"Andacollo","tipo_deposito":"TRANQUE DE RELAVE","metodo_constructivo":"AGUAS ARRIBA","shape_area_m2":1996.336064,"bbox":[-71.08825392,-30.22563495,-71.08825392,-30.22563495],"lat":-30.22563495,"lon":-71.08825392,"nombre_busq":"0360-4N PLANTA FLORA ALEJANDRO MONREAL ORO Andacollo TRANQUE DE RELAVE AGUAS ARRIBA","source_file":"geonoxa_relaves_panel.geojson"},"geometry":{"type":"Point","coordinates":[-71.08825392,-30.22563495]}},{"type":"Feature","properties":{"familia":"relaves","tipo_objeto":"Relave","id_objeto":"0361-4N","nombre_objeto":"PLANTA LOS VALIENTES II","nombre_relave":"PLANTA LOS VALIENTES II","titular":"RUBILIAN GONZÁLEZ GARCIA","empresa":"RUBILIAN GONZÁLEZ GARCIA","faena":"PLANTA LOS VALIENTES II","recurso":"COBRE-ORO","comuna":"Andacollo","tipo_deposito":"TRANQUE DE RELAVE","metodo_constructivo":"AGUAS ARRIBA","shape_area_m2":1996.55001,"bbox":[-71.09435841,-30.24016236,-71.09435841,-30.24016236],"lat":-30.24016236,"lon":-71.09435841,"nombre_busq":"0361-4N PLANTA LOS VALIENTES II RUBILIAN GONZÁLEZ GARCIA COBRE-ORO Andacollo TRANQUE DE RELAVE AGUAS ARRIBA","source_file":"geonoxa_relaves_panel.geojson"},"geometry":{"type":"Point","coordinates":[-71.09435841,-30.24016236]}},{"type":"Feature","properties":{"familia":"relaves","tipo_objeto":"Relave","id_objeto":"0362-4N","nombre_objeto":"PLANTA RUBILAN","nombre_relave":"PLANTA RUBILAN","titular":"RUBILAN GONZALEZ","empresa":"RUBILAN GONZALEZ","faena":"PLANTA RUBILAN","recurso":"ORO","comuna":"Andacollo","tipo_deposito":"TRANQUE DE RELAVE","metodo_constructivo":"","shape_area_m2":11318.066,"bbox":[-71.104243,-30.24871312,-71.104243,-30.24871312],"lat":-30.24871312,"lon":-71.104243,"nombre_busq":"0362-4N PLANTA RUBILAN RUBILAN GONZALEZ ORO Andacollo TRANQUE DE RELAVE","source_file":"geonoxa_relaves_panel.geojson"},"geometry":{"type":"Point","coordinates":[-71.104243,-30.24871312]}},{"type":"Feature","properties":{"familia":"relaves","tipo_objeto":"Relave","id_objeto":"0363-4N","nombre_objeto":"PLANTA URQUIETA","nombre_relave":"PLANTA URQUIETA","titular":"SOC. URQUIETA, FERNANDEZ","empresa":"SOC. URQUIETA, FERNANDEZ","faena":"PLANTA URQUIETA","recurso":"ORO","comuna":"Andacollo","tipo_deposito":"TRANQUE DE RELAVE","metodo_constructivo":"","shape_area_m2":3507.9464,"bbox":[-71.10698484,-30.25047171,-71.10698484,-30.25047171],"lat":-30.25047171,"lon":-71.10698484,"nombre_busq":"0363-4N PLANTA URQUIETA SOC. URQUIETA, FERNANDEZ ORO Andacollo TRANQUE DE RELAVE","source_file":"geonoxa_relaves_panel.geojson"},"geometry":{"type":"Point","coordinates":[-71.10698484,-30.25047171]}},{"type":"Feature","properties":{"familia":"relaves","tipo_objeto":"Relave","id_objeto":"0364-4N","nombre_objeto":"PLANTA URQUIETA","nombre_relave":"PLANTA URQUIETA","titular":"SOC. URQUIETA, FERNANDEZ","empresa":"SOC. URQUIETA, FERNANDEZ","faena":"PLANTA URQUIETA","recurso":"ORO","comuna":"Andacollo","tipo_deposito":"TRANQUE DE RELAVE","metodo_constructivo":"","shape_area_m2":13305.66192,"bbox":[-71.10617496,-30.25027497,-71.10617496,-30.25027497],"lat":-30.25027497,"lon":-71.10617496,"nombre_busq":"0364-4N PLANTA URQUIETA SOC. URQUIETA, FERNANDEZ ORO Andacollo TRANQUE DE RELAVE","source_file":"geonoxa_relaves_panel.geojson"},"geometry":{"type":"Point","coordinates":[-71.10617496,-30.25027497]}},{"type":"Feature","properties":{"familia":"relaves","tipo_objeto":"Relave","id_objeto":"0365-4N","nombre_objeto":"FAENA TAMBILLOS","nombre_relave":"FAENA TAMBILLOS","titular":"COMPAÑIA MINERA FLORIDA S.A.","empresa":"COMPAÑIA MINERA FLORIDA S.A.","faena":"FAENA TAMBILLOS","recurso":"ORO-COBRE","comuna":"Coquimbo","tipo_deposito":"TRANQUE DE RELAVE","metodo_constructivo":"AGUAS ARRIBA","shape_area_m2":23668.64777,"bbox":[-71.2452443,-30.20157001,-71.2452443,-30.20157001],"lat":-30.20157001,"lon":-71.2452443,"nombre_busq":"0365-4N FAENA TAMBILLOS COMPAÑIA MINERA FLORIDA S.A. ORO-COBRE Coquimbo TRANQUE DE RELAVE AGUAS ARRIBA","source_file":"geonoxa_relaves_panel.geojson"},"geometry":{"type":"Point","coordinates":[-71.2452443,-30.20157001]}},{"type":"Feature","properties":{"familia":"relaves","tipo_objeto":"Relave","id_objeto":"0366-4N","nombre_objeto":"FAENA TAMBILLOS","nombre_relave":"FAENA TAMBILLOS","titular":"COMPAÑIA MINERA FLORIDA S.A.","empresa":"COMPAÑIA MINERA FLORIDA S.A.","faena":"FAENA TAMBILLOS","recurso":"ORO-COBRE","comuna":"Coquimbo","tipo_deposito":"TRANQUE DE RELAVE","metodo_constructivo":"AGUAS ARRIBA","shape_area_m2":37588.08491,"bbox":[-71.24473653,-30.19877634,-71.24473653,-30.19877634],"lat":-30.19877634,"lon":-71.24473653,"nombre_busq":"0366-4N FAENA TAMBILLOS COMPAÑIA MINERA FLORIDA S.A. ORO-COBRE Coquimbo TRANQUE DE RELAVE AGUAS ARRIBA","source_file":"geonoxa_relaves_panel.geojson"},"geometry":{"type":"Point","coordinates":[-71.24473653,-30.19877634]}},{"type":"Feature","properties":{"familia":"relaves","tipo_objeto":"Relave","id_objeto":"0367-4N","nombre_objeto":"FAENA TAMBILLOS","nombre_relave":"FAENA TAMBILLOS","titular":"COMPAÑIA MINERA FLORIDA S.A.","empresa":"COMPAÑIA MINERA FLORIDA S.A.","faena":"FAENA TAMBILLOS","recurso":"COBRE","comuna":"Coquimbo","tipo_deposito":"TRANQUE DE RELAVE","metodo_constructivo":"AGUAS ARRIBA","shape_area_m2":29542.69408,"bbox":[-71.24385519,-30.2015582,-71.24385519,-30.2015582],"lat":-30.2015582,"lon":-71.24385519,"nombre_busq":"0367-4N FAENA TAMBILLOS COMPAÑIA MINERA FLORIDA S.A. COBRE Coquimbo TRANQUE DE RELAVE AGUAS ARRIBA","source_file":"geonoxa_relaves_panel.geojson"},"geometry":{"type":"Point","coordinates":[-71.24385519,-30.2015582]}},{"type":"Feature","properties":{"familia":"relaves","tipo_objeto":"Relave","id_objeto":"0368-4N","nombre_objeto":"FAENA TAMBILLOS","nombre_relave":"FAENA TAMBILLOS","titular":"COMPAÑIA MINERA FLORIDA S.A.","empresa":"COMPAÑIA MINERA FLORIDA S.A.","faena":"FAENA TAMBILLOS","recurso":"COBRE","comuna":"Coquimbo","tipo_deposito":"TRANQUE DE RELAVE","metodo_constructivo":"AGUAS ARRIBA","shape_area_m2":40150.6691,"bbox":[-71.24081383,-30.2017278,-71.24081383,-30.2017278],"lat":-30.2017278,"lon":-71.24081383,"nombre_busq":"0368-4N FAENA TAMBILLOS COMPAÑIA MINERA FLORIDA S.A. COBRE Coquimbo TRANQUE DE RELAVE AGUAS ARRIBA","source_file":"geonoxa_relaves_panel.geojson"},"geometry":{"type":"Point","coordinates":[-71.24081383,-30.2017278]}},{"type":"Feature","properties":{"familia":"relaves","tipo_objeto":"Relave","id_objeto":"0369-4N","nombre_objeto":"FAENA TAMBILLOS","nombre_relave":"FAENA TAMBILLOS","titular":"COMPAÑIA MINERA FLORIDA S.A.","empresa":"COMPAÑIA MINERA FLORIDA S.A.","faena":"FAENA TAMBILLOS","recurso":"COBRE","comuna":"Coquimbo","tipo_deposito":"TRANQUE DE RELAVE","metodo_constructivo":"AGUAS ARRIBA","shape_area_m2":29227.75484,"bbox":[-71.24242254,-30.20156184,-71.24242254,-30.20156184],"lat":-30.20156184,"lon":-71.24242254,"nombre_busq":"0369-4N FAENA TAMBILLOS COMPAÑIA MINERA FLORIDA S.A. COBRE Coquimbo TRANQUE DE RELAVE AGUAS ARRIBA","source_file":"geonoxa_relaves_panel.geojson"},"geometry":{"type":"Point","coordinates":[-71.24242254,-30.20156184]}},{"type":"Feature","properties":{"familia":"relaves","tipo_objeto":"Relave","id_objeto":"0370-4N","nombre_objeto":"FAENA TAMBILLOS","nombre_relave":"FAENA TAMBILLOS","titular":"COMPAÑIA MINERA FLORIDA S.A.","empresa":"COMPAÑIA MINERA FLORIDA S.A.","faena":"FAENA TAMBILLOS","recurso":"ORO-COBRE","comuna":"Coquimbo","tipo_deposito":"ACOPIO","metodo_constructivo":"AGUAS ARRIBA","shape_area_m2":3029.672762,"bbox":[-71.24489753,-30.19987756,-71.24489753,-30.19987756],"lat":-30.19987756,"lon":-71.24489753,"nombre_busq":"0370-4N FAENA TAMBILLOS COMPAÑIA MINERA FLORIDA S.A. ORO-COBRE Coquimbo ACOPIO AGUAS ARRIBA","source_file":"geonoxa_relaves_panel.geojson"},"geometry":{"type":"Point","coordinates":[-71.24489753,-30.19987756]}},{"type":"Feature","properties":{"familia":"relaves","tipo_objeto":"Relave","id_objeto":"0371-4N","nombre_objeto":"FAENA TAMBILLOS","nombre_relave":"FAENA TAMBILLOS","titular":"COMPAÑIA MINERA FLORIDA S.A.","empresa":"COMPAÑIA MINERA FLORIDA S.A.","faena":"FAENA TAMBILLOS","recurso":"COBRE","comuna":"Coquimbo","tipo_deposito":"EMBALSE","metodo_constructivo":"","shape_area_m2":148800.4835,"bbox":[-71.24221694,-30.19810974,-71.24221694,-30.19810974],"lat":-30.19810974,"lon":-71.24221694,"nombre_busq":"0371-4N FAENA TAMBILLOS COMPAÑIA MINERA FLORIDA S.A. COBRE Coquimbo EMBALSE","source_file":"geonoxa_relaves_panel.geojson"},"geometry":{"type":"Point","coordinates":[-71.24221694,-30.19810974]}},{"type":"Feature","properties":{"familia":"relaves","tipo_objeto":"Relave","id_objeto":"0372-4N","nombre_objeto":"FAENA TAMBILLOS","nombre_relave":"FAENA TAMBILLOS","titular":"COMPAÑIA MINERA FLORIDA S.A.","empresa":"COMPAÑIA MINERA FLORIDA S.A.","faena":"FAENA TAMBILLOS","recurso":"COBRE","comuna":"Coquimbo","tipo_deposito":"FILTRADO","metodo_constructivo":"NO APLICA","shape_area_m2":206370.0625,"bbox":[-71.24129522,-30.20369278,-71.24129522,-30.20369278],"lat":-30.20369278,"lon":-71.24129522,"nombre_busq":"0372-4N FAENA TAMBILLOS COMPAÑIA MINERA FLORIDA S.A. COBRE Coquimbo FILTRADO NO APLICA","source_file":"geonoxa_relaves_panel.geojson"},"geometry":{"type":"Point","coordinates":[-71.24129522,-30.20369278]}},{"type":"Feature","properties":{"familia":"relaves","tipo_objeto":"Relave","id_objeto":"0373-RM","nombre_objeto":"PLANTA EL MEMBRILLO","nombre_relave":"PLANTA EL MEMBRILLO","titular":"SERVICIOS Y OPERACIONES MINERAS DEL NORTE S.A.","empresa":"SERVICIOS Y OPERACIONES MINERAS DEL NORTE S.A.","faena":"PLANTA EL MEMBRILLO","recurso":"ORO","comuna":"Alhué","tipo_deposito":"TRANQUE DE RELAVE","metodo_constructivo":"","shape_area_m2":10069.36828,"bbox":[-70.91690834,-34.03003913,-70.91690834,-34.03003913],"lat":-34.03003913,"lon":-70.91690834,"nombre_busq":"0373-RM PLANTA EL MEMBRILLO SERVICIOS Y OPERACIONES MINERAS DEL NORTE S.A. ORO Alhué TRANQUE DE RELAVE","source_file":"geonoxa_relaves_panel.geojson"},"geometry":{"type":"Point","coordinates":[-70.91690834,-34.03003913]}},{"type":"Feature","properties":{"familia":"relaves","tipo_objeto":"Relave","id_objeto":"0374-7C","nombre_objeto":"LAS PALMAS","nombre_relave":"LAS PALMAS","titular":"LAS PALMAS SPA","empresa":"LAS PALMAS SPA","faena":"LAS PALMAS","recurso":"COBRE-ORO","comuna":"Pencahue","tipo_deposito":"TRANQUE DE RELAVE","metodo_constructivo":"","shape_area_m2":102547.4321,"bbox":[-71.75874776,-35.18584026,-71.75874776,-35.18584026],"lat":-35.18584026,"lon":-71.75874776,"nombre_busq":"0374-7C LAS PALMAS LAS PALMAS SPA COBRE-ORO Pencahue TRANQUE DE RELAVE","source_file":"geonoxa_relaves_panel.geojson"},"geometry":{"type":"Point","coordinates":[-71.75874776,-35.18584026]}},{"type":"Feature","properties":{"familia":"relaves","tipo_objeto":"Relave","id_objeto":"0375-4N","nombre_objeto":"PLANTA DINA","nombre_relave":"PLANTA DINA","titular":"HUGO ARAYA (MINERA ARAYA Y ARAYA)","empresa":"HUGO ARAYA (MINERA ARAYA Y ARAYA)","faena":"PLANTA DINA","recurso":"COBRE-ORO-PLATA","comuna":"Coquimbo","tipo_deposito":"ACOPIO","metodo_constructivo":"NO APLICA","shape_area_m2":29758.90861,"bbox":[-71.31914746,-29.96266197,-71.31914746,-29.96266197],"lat":-29.96266197,"lon":-71.31914746,"nombre_busq":"0375-4N PLANTA DINA HUGO ARAYA (MINERA ARAYA Y ARAYA) COBRE-ORO-PLATA Coquimbo ACOPIO NO APLICA","source_file":"geonoxa_relaves_panel.geojson"},"geometry":{"type":"Point","coordinates":[-71.31914746,-29.96266197]}},{"type":"Feature","properties":{"familia":"relaves","tipo_objeto":"Relave","id_objeto":"0376-4N","nombre_objeto":"PLANTA SAN RAMON","nombre_relave":"PLANTA SAN RAMON","titular":"MARCELO BALDO","empresa":"MARCELO BALDO","faena":"PLANTA SAN RAMON","recurso":"ORO","comuna":"Coquimbo","tipo_deposito":"ACOPIO","metodo_constructivo":"NO APLICA","shape_area_m2":12147.00464,"bbox":[-71.23822334,-29.98620648,-71.23822334,-29.98620648],"lat":-29.98620648,"lon":-71.23822334,"nombre_busq":"0376-4N PLANTA SAN RAMON MARCELO BALDO ORO Coquimbo ACOPIO NO APLICA","source_file":"geonoxa_relaves_panel.geojson"},"geometry":{"type":"Point","coordinates":[-71.23822334,-29.98620648]}},{"type":"Feature","properties":{"familia":"relaves","tipo_objeto":"Relave","id_objeto":"0377-4N","nombre_objeto":"PLANTA DON MOISES","nombre_relave":"PLANTA DON MOISES","titular":"MOISES GONZALEZ GONZALEZ","empresa":"MOISES GONZALEZ GONZALEZ","faena":"PLANTA DON MOISES","recurso":"ORO-COBRE","comuna":"La Higuera","tipo_deposito":"TRANQUE DE RELAVE","metodo_constructivo":"AGUAS ARRIBA","shape_area_m2":6779.898209,"bbox":[-71.08007336,-29.37325128,-71.08007336,-29.37325128],"lat":-29.37325128,"lon":-71.08007336,"nombre_busq":"0377-4N PLANTA DON MOISES MOISES GONZALEZ GONZALEZ ORO-COBRE La Higuera TRANQUE DE RELAVE AGUAS ARRIBA","source_file":"geonoxa_relaves_panel.geojson"},"geometry":{"type":"Point","coordinates":[-71.08007336,-29.37325128]}},{"type":"Feature","properties":{"familia":"relaves","tipo_objeto":"Relave","id_objeto":"0378-4N","nombre_objeto":"PLANTA DON MOISES","nombre_relave":"PLANTA DON MOISES","titular":"MOISES GONZALEZ GONZALEZ","empresa":"MOISES GONZALEZ GONZALEZ","faena":"PLANTA DON MOISES","recurso":"ORO-COBRE","comuna":"La Higuera","tipo_deposito":"TRANQUE DE RELAVE","metodo_constructivo":"AGUAS ARRIBA","shape_area_m2":8033.048105,"bbox":[-71.08049359,-29.37245084,-71.08049359,-29.37245084],"lat":-29.37245084,"lon":-71.08049359,"nombre_busq":"0378-4N PLANTA DON MOISES MOISES GONZALEZ GONZALEZ ORO-COBRE La Higuera TRANQUE DE RELAVE AGUAS ARRIBA","source_file":"geonoxa_relaves_panel.geojson"},"geometry":{"type":"Point","coordinates":[-71.08049359,-29.37245084]}},{"type":"Feature","properties":{"familia":"relaves","tipo_objeto":"Relave","id_objeto":"0379-4N","nombre_objeto":"PLANTA DON MOISES","nombre_relave":"PLANTA DON MOISES","titular":"MOISES GONZALEZ GONZALEZ","empresa":"MOISES GONZALEZ GONZALEZ","faena":"PLANTA DON MOISES","recurso":"ORO-COBRE","comuna":"La Higuera","tipo_deposito":"ACOPIO","metodo_constructivo":"NO APLICA","shape_area_m2":8299.506021,"bbox":[-71.08109149,-29.37283013,-71.08109149,-29.37283013],"lat":-29.37283013,"lon":-71.08109149,"nombre_busq":"0379-4N PLANTA DON MOISES MOISES GONZALEZ GONZALEZ ORO-COBRE La Higuera ACOPIO NO APLICA","source_file":"geonoxa_relaves_panel.geojson"},"geometry":{"type":"Point","coordinates":[-71.08109149,-29.37283013]}},{"type":"Feature","properties":{"familia":"relaves","tipo_objeto":"Relave","id_objeto":"0380-4N","nombre_objeto":"PLANTA ELENA","nombre_relave":"PLANTA ELENA","titular":"SOC. CORRIDA UNA DEL TORNO","empresa":"SOC. CORRIDA UNA DEL TORNO","faena":"PLANTA ELENA","recurso":"ORO","comuna":"La Higuera","tipo_deposito":"ACOPIO","metodo_constructivo":"NO APLICA","shape_area_m2":2376.650487,"bbox":[-71.11941845,-29.36113761,-71.11941845,-29.36113761],"lat":-29.36113761,"lon":-71.11941845,"nombre_busq":"0380-4N PLANTA ELENA SOC. CORRIDA UNA DEL TORNO ORO La Higuera ACOPIO NO APLICA","source_file":"geonoxa_relaves_panel.geojson"},"geometry":{"type":"Point","coordinates":[-71.11941845,-29.36113761]}},{"type":"Feature","properties":{"familia":"relaves","tipo_objeto":"Relave","id_objeto":"0381-4N","nombre_objeto":"PLANTA ELENA","nombre_relave":"PLANTA ELENA","titular":"SOC. CORRIDA UNA DEL TORNO","empresa":"SOC. CORRIDA UNA DEL TORNO","faena":"PLANTA ELENA","recurso":"ORO","comuna":"La Higuera","tipo_deposito":"ACOPIO","metodo_constructivo":"NO APLICA","shape_area_m2":2606.00803,"bbox":[-71.12038997,-29.36068124,-71.12038997,-29.36068124],"lat":-29.36068124,"lon":-71.12038997,"nombre_busq":"0381-4N PLANTA ELENA SOC. CORRIDA UNA DEL TORNO ORO La Higuera ACOPIO NO APLICA","source_file":"geonoxa_relaves_panel.geojson"},"geometry":{"type":"Point","coordinates":[-71.12038997,-29.36068124]}},{"type":"Feature","properties":{"familia":"relaves","tipo_objeto":"Relave","id_objeto":"0382-4N","nombre_objeto":"PLANTA ELENA","nombre_relave":"PLANTA ELENA","titular":"SOC. CORRIDA UNA DEL TORNO","empresa":"SOC. CORRIDA UNA DEL TORNO","faena":"PLANTA ELENA","recurso":"ORO","comuna":"La Higuera","tipo_deposito":"ACOPIO","metodo_constructivo":"NO APLICA","shape_area_m2":2794.849045,"bbox":[-71.11990336,-29.36083312,-71.11990336,-29.36083312],"lat":-29.36083312,"lon":-71.11990336,"nombre_busq":"0382-4N PLANTA ELENA SOC. CORRIDA UNA DEL TORNO ORO La Higuera ACOPIO NO APLICA","source_file":"geonoxa_relaves_panel.geojson"},"geometry":{"type":"Point","coordinates":[-71.11990336,-29.36083312]}},{"type":"Feature","properties":{"familia":"relaves","tipo_objeto":"Relave","id_objeto":"0383-4N","nombre_objeto":"FAENA BLANCA AURORA","nombre_relave":"FAENA BLANCA AURORA","titular":"GESTIONES E INVERSIONES SAN FRANCISCO SPA","empresa":"GESTIONES E INVERSIONES SAN FRANCISCO SPA","faena":"FAENA BLANCA AURORA","recurso":"COBRE","comuna":"La Higuera","tipo_deposito":"TRANQUE DE RELAVE","metodo_constructivo":"AGUAS ABAJO","shape_area_m2":10094.42288,"bbox":[-71.10113809,-29.37149795,-71.10113809,-29.37149795],"lat":-29.37149795,"lon":-71.10113809,"nombre_busq":"0383-4N FAENA BLANCA AURORA GESTIONES E INVERSIONES SAN FRANCISCO SPA COBRE La Higuera TRANQUE DE RELAVE AGUAS ABAJO","source_file":"geonoxa_relaves_panel.geojson"},"geometry":{"type":"Point","coordinates":[-71.10113809,-29.37149795]}},{"type":"Feature","properties":{"familia":"relaves","tipo_objeto":"Relave","id_objeto":"0384-4N","nombre_objeto":"PLANTA SANTA ROSA","nombre_relave":"PLANTA SANTA ROSA","titular":"MINERA RCL (RICARDO ROJAS)","empresa":"MINERA RCL (RICARDO ROJAS)","faena":"PLANTA SANTA ROSA","recurso":"COBRE-ORO","comuna":"La Higuera","tipo_deposito":"ACOPIO","metodo_constructivo":"NO APLICA","shape_area_m2":639.6651218,"bbox":[-71.12823283,-29.35564348,-71.12823283,-29.35564348],"lat":-29.35564348,"lon":-71.12823283,"nombre_busq":"0384-4N PLANTA SANTA ROSA MINERA RCL (RICARDO ROJAS) COBRE-ORO La Higuera ACOPIO NO APLICA","source_file":"geonoxa_relaves_panel.geojson"},"geometry":{"type":"Point","coordinates":[-71.12823283,-29.35564348]}},{"type":"Feature","properties":{"familia":"relaves","tipo_objeto":"Relave","id_objeto":"0385-4N","nombre_objeto":"PLANTA SANTA ROSA","nombre_relave":"PLANTA SANTA ROSA","titular":"MINERA RCL (RICARDO ROJAS)","empresa":"MINERA RCL (RICARDO ROJAS)","faena":"PLANTA SANTA ROSA","recurso":"COBRE-ORO","comuna":"La Higuera","tipo_deposito":"ACOPIO","metodo_constructivo":"NO APLICA","shape_area_m2":650.9671484,"bbox":[-71.12801029,-29.35552114,-71.12801029,-29.35552114],"lat":-29.35552114,"lon":-71.12801029,"nombre_busq":"0385-4N PLANTA SANTA ROSA MINERA RCL (RICARDO ROJAS) COBRE-ORO La Higuera ACOPIO NO APLICA","source_file":"geonoxa_relaves_panel.geojson"},"geometry":{"type":"Point","coordinates":[-71.12801029,-29.35552114]}},{"type":"Feature","properties":{"familia":"relaves","tipo_objeto":"Relave","id_objeto":"0386-4N","nombre_objeto":"PLANTA SANTA ROSA","nombre_relave":"PLANTA SANTA ROSA","titular":"MINERA RCL (RICARDO ROJAS)","empresa":"MINERA RCL (RICARDO ROJAS)","faena":"PLANTA SANTA ROSA","recurso":"ORO","comuna":"La Higuera","tipo_deposito":"TRANQUE DE RELAVE","metodo_constructivo":"AGUAS ARRIBA","shape_area_m2":14534.34171,"bbox":[-71.12860505,-29.35645123,-71.12860505,-29.35645123],"lat":-29.35645123,"lon":-71.12860505,"nombre_busq":"0386-4N PLANTA SANTA ROSA MINERA RCL (RICARDO ROJAS) ORO La Higuera TRANQUE DE RELAVE AGUAS ARRIBA","source_file":"geonoxa_relaves_panel.geojson"},"geometry":{"type":"Point","coordinates":[-71.12860505,-29.35645123]}},{"type":"Feature","properties":{"familia":"relaves","tipo_objeto":"Relave","id_objeto":"0387-4N","nombre_objeto":"RELAVES NADER","nombre_relave":"RELAVES NADER","titular":"CIA. MINERA EL TRAPICHE/INVERFAZ SpA","empresa":"CIA. MINERA EL TRAPICHE/INVERFAZ SpA","faena":"RELAVES NADER","recurso":"ORO","comuna":"La Higuera","tipo_deposito":"TRANQUE DE RELAVE","metodo_constructivo":"AGUAS ARRIBA","shape_area_m2":3947.626444,"bbox":[-71.13379308,-29.35152457,-71.13379308,-29.35152457],"lat":-29.35152457,"lon":-71.13379308,"nombre_busq":"0387-4N RELAVES NADER CIA. MINERA EL TRAPICHE/INVERFAZ SpA ORO La Higuera TRANQUE DE RELAVE AGUAS ARRIBA","source_file":"geonoxa_relaves_panel.geojson"},"geometry":{"type":"Point","coordinates":[-71.13379308,-29.35152457]}},{"type":"Feature","properties":{"familia":"relaves","tipo_objeto":"Relave","id_objeto":"0388-4N","nombre_objeto":"RELAVES NADER","nombre_relave":"RELAVES NADER","titular":"CIA. MINERA EL TRAPICHE/INVERFAZ SpA","empresa":"CIA. MINERA EL TRAPICHE/INVERFAZ SpA","faena":"RELAVES NADER","recurso":"ORO","comuna":"La Higuera","tipo_deposito":"TRANQUE DE RELAVE","metodo_constructivo":"AGUAS ARRIBA","shape_area_m2":2318.742546,"bbox":[-71.13433057,-29.35121812,-71.13433057,-29.35121812],"lat":-29.35121812,"lon":-71.13433057,"nombre_busq":"0388-4N RELAVES NADER CIA. MINERA EL TRAPICHE/INVERFAZ SpA ORO La Higuera TRANQUE DE RELAVE AGUAS ARRIBA","source_file":"geonoxa_relaves_panel.geojson"},"geometry":{"type":"Point","coordinates":[-71.13433057,-29.35121812]}},{"type":"Feature","properties":{"familia":"relaves","tipo_objeto":"Relave","id_objeto":"0389-4N","nombre_objeto":"TRAPICHE AGUA GRANDE","nombre_relave":"TRAPICHE AGUA GRANDE","titular":"NICOLAS KRIUKOV","empresa":"NICOLAS KRIUKOV","faena":"TRAPICHE AGUA GRANDE","recurso":"ORO","comuna":"La Higuera","tipo_deposito":"ACOPIO","metodo_constructivo":"NO APLICA","shape_area_m2":1132.013381,"bbox":[-71.06645116,-29.49422801,-71.06645116,-29.49422801],"lat":-29.49422801,"lon":-71.06645116,"nombre_busq":"0389-4N TRAPICHE AGUA GRANDE NICOLAS KRIUKOV ORO La Higuera ACOPIO NO APLICA","source_file":"geonoxa_relaves_panel.geojson"},"geometry":{"type":"Point","coordinates":[-71.06645116,-29.49422801]}},{"type":"Feature","properties":{"familia":"relaves","tipo_objeto":"Relave","id_objeto":"0390-4N","nombre_objeto":"PLANTA BLANQUITA","nombre_relave":"PLANTA BLANQUITA","titular":"HECTOR GAHONA","empresa":"HECTOR GAHONA","faena":"PLANTA BLANQUITA","recurso":"COBRE-ORO","comuna":"La Higuera","tipo_deposito":"ACOPIO","metodo_constructivo":"NO APLICA","shape_area_m2":6084.450407,"bbox":[-71.21747013,-29.51125019,-71.21747013,-29.51125019],"lat":-29.51125019,"lon":-71.21747013,"nombre_busq":"0390-4N PLANTA BLANQUITA HECTOR GAHONA COBRE-ORO La Higuera ACOPIO NO APLICA","source_file":"geonoxa_relaves_panel.geojson"},"geometry":{"type":"Point","coordinates":[-71.21747013,-29.51125019]}},{"type":"Feature","properties":{"familia":"relaves","tipo_objeto":"Relave","id_objeto":"0391-4N","nombre_objeto":"PLANTA LA HIGUERA (EX LOS MOLLES)","nombre_relave":"PLANTA LA HIGUERA (EX LOS MOLLES)","titular":"MINERA SANTA SILVIA S.A.","empresa":"MINERA SANTA SILVIA S.A.","faena":"PLANTA LA HIGUERA (EX LOS MOLLES)","recurso":"COBRE-ORO","comuna":"La Higuera","tipo_deposito":"TRANQUE DE RELAVE","metodo_constructivo":"AGUAS ARRIBA","shape_area_m2":9162.725301,"bbox":[-71.22930472,-29.5192244,-71.22930472,-29.5192244],"lat":-29.5192244,"lon":-71.22930472,"nombre_busq":"0391-4N PLANTA LA HIGUERA (EX LOS MOLLES) MINERA SANTA SILVIA S.A. COBRE-ORO La Higuera TRANQUE DE RELAVE AGUAS ARRIBA","source_file":"geonoxa_relaves_panel.geojson"},"geometry":{"type":"Point","coordinates":[-71.22930472,-29.5192244]}},{"type":"Feature","properties":{"familia":"relaves","tipo_objeto":"Relave","id_objeto":"0392-4N","nombre_objeto":"PLANTA LA HIGUERA (EX LOS MOLLES)","nombre_relave":"PLANTA LA HIGUERA (EX LOS MOLLES)","titular":"MINERA SANTA SILVIA S.A.","empresa":"MINERA SANTA SILVIA S.A.","faena":"PLANTA LA HIGUERA (EX LOS MOLLES)","recurso":"COBRE-ORO","comuna":"La Higuera","tipo_deposito":"TRANQUE DE RELAVE","metodo_constructivo":"AGUAS ARRIBA","shape_area_m2":15090.47656,"bbox":[-71.22973726,-29.518275,-71.22973726,-29.518275],"lat":-29.518275,"lon":-71.22973726,"nombre_busq":"0392-4N PLANTA LA HIGUERA (EX LOS MOLLES) MINERA SANTA SILVIA S.A. COBRE-ORO La Higuera TRANQUE DE RELAVE AGUAS ARRIBA","source_file":"geonoxa_relaves_panel.geojson"},"geometry":{"type":"Point","coordinates":[-71.22973726,-29.518275]}},{"type":"Feature","properties":{"familia":"relaves","tipo_objeto":"Relave","id_objeto":"0393-4N","nombre_objeto":"PLANTA LA HIGUERA (EX LOS MOLLES)","nombre_relave":"PLANTA LA HIGUERA (EX LOS MOLLES)","titular":"MINERA SANTA SILVIA S.A.","empresa":"MINERA SANTA SILVIA S.A.","faena":"PLANTA LA HIGUERA (EX LOS MOLLES)","recurso":"COBRE-ORO","comuna":"La Higuera","tipo_deposito":"TRANQUE DE RELAVE","metodo_constructivo":"AGUAS ARRIBA","shape_area_m2":7697.608393,"bbox":[-71.22984093,-29.51923825,-71.22984093,-29.51923825],"lat":-29.51923825,"lon":-71.22984093,"nombre_busq":"0393-4N PLANTA LA HIGUERA (EX LOS MOLLES) MINERA SANTA SILVIA S.A. COBRE-ORO La Higuera TRANQUE DE RELAVE AGUAS ARRIBA","source_file":"geonoxa_relaves_panel.geojson"},"geometry":{"type":"Point","coordinates":[-71.22984093,-29.51923825]}},{"type":"Feature","properties":{"familia":"relaves","tipo_objeto":"Relave","id_objeto":"0394-4N","nombre_objeto":"PLANTA LA HIGUERA (EX LOS MOLLES)","nombre_relave":"PLANTA LA HIGUERA (EX LOS MOLLES)","titular":"MINERA SANTA SILVIA S.A.","empresa":"MINERA SANTA SILVIA S.A.","faena":"PLANTA LA HIGUERA (EX LOS MOLLES)","recurso":"COBRE-ORO","comuna":"La Higuera","tipo_deposito":"TRANQUE DE RELAVE","metodo_constructivo":"AGUAS ARRIBA","shape_area_m2":16884.40863,"bbox":[-71.22986976,-29.52022935,-71.22986976,-29.52022935],"lat":-29.52022935,"lon":-71.22986976,"nombre_busq":"0394-4N PLANTA LA HIGUERA (EX LOS MOLLES) MINERA SANTA SILVIA S.A. COBRE-ORO La Higuera TRANQUE DE RELAVE AGUAS ARRIBA","source_file":"geonoxa_relaves_panel.geojson"},"geometry":{"type":"Point","coordinates":[-71.22986976,-29.52022935]}},{"type":"Feature","properties":{"familia":"relaves","tipo_objeto":"Relave","id_objeto":"0395-4N","nombre_objeto":"PLANTA LA HIGUERA (EX LOS MOLLES)","nombre_relave":"PLANTA LA HIGUERA (EX LOS MOLLES)","titular":"MINERA SANTA SILVIA S.A.","empresa":"MINERA SANTA SILVIA S.A.","faena":"PLANTA LA HIGUERA (EX LOS MOLLES)","recurso":"COBRE-ORO","comuna":"La Higuera","tipo_deposito":"TRANQUE DE RELAVE","metodo_constructivo":"AGUAS ARRIBA","shape_area_m2":22986.96105,"bbox":[-71.2300297,-29.51693164,-71.2300297,-29.51693164],"lat":-29.51693164,"lon":-71.2300297,"nombre_busq":"0395-4N PLANTA LA HIGUERA (EX LOS MOLLES) MINERA SANTA SILVIA S.A. COBRE-ORO La Higuera TRANQUE DE RELAVE AGUAS ARRIBA","source_file":"geonoxa_relaves_panel.geojson"},"geometry":{"type":"Point","coordinates":[-71.2300297,-29.51693164]}},{"type":"Feature","properties":{"familia":"relaves","tipo_objeto":"Relave","id_objeto":"0396-4N","nombre_objeto":"PLANTA PUNTA COLORADA","nombre_relave":"PLANTA PUNTA COLORADA","titular":"MARIO ALVAREZ","empresa":"MARIO ALVAREZ","faena":"PLANTA PUNTA COLORADA","recurso":"ORO","comuna":"La Higuera","tipo_deposito":"ACOPIO","metodo_constructivo":"NO APLICA","shape_area_m2":2337.818408,"bbox":[-71.01761551,-29.35581168,-71.01761551,-29.35581168],"lat":-29.35581168,"lon":-71.01761551,"nombre_busq":"0396-4N PLANTA PUNTA COLORADA MARIO ALVAREZ ORO La Higuera ACOPIO NO APLICA","source_file":"geonoxa_relaves_panel.geojson"},"geometry":{"type":"Point","coordinates":[-71.01761551,-29.35581168]}},{"type":"Feature","properties":{"familia":"relaves","tipo_objeto":"Relave","id_objeto":"0397-4N","nombre_objeto":"FAENA SOR TERESA","nombre_relave":"FAENA SOR TERESA","titular":"INDUSTRIAL MINERA EL TRAPICHE SPA","empresa":"INDUSTRIAL MINERA EL TRAPICHE SPA","faena":"FAENA SOR TERESA","recurso":"COBRE-ORO","comuna":"La Higuera","tipo_deposito":"TRANQUE DE RELAVE","metodo_constructivo":"EJE CENTRAL","shape_area_m2":7310.750436,"bbox":[-71.12122956,-29.3597134,-71.12122956,-29.3597134],"lat":-29.3597134,"lon":-71.12122956,"nombre_busq":"0397-4N FAENA SOR TERESA INDUSTRIAL MINERA EL TRAPICHE SPA COBRE-ORO La Higuera TRANQUE DE RELAVE EJE CENTRAL","source_file":"geonoxa_relaves_panel.geojson"},"geometry":{"type":"Point","coordinates":[-71.12122956,-29.3597134]}},{"type":"Feature","properties":{"familia":"relaves","tipo_objeto":"Relave","id_objeto":"0398-4N","nombre_objeto":"PROFESOR ALDO LETTURA","nombre_relave":"PROFESOR ALDO LETTURA","titular":"LA HIGUERA MINERALS SPA","empresa":"LA HIGUERA MINERALS SPA","faena":"PROFESOR ALDO LETTURA","recurso":"COBRE-ORO","comuna":"La Higuera","tipo_deposito":"TRANQUE DE RELAVE","metodo_constructivo":"AGUAS ABAJO","shape_area_m2":52911.52186,"bbox":[-71.15077224,-29.34245543,-71.15077224,-29.34245543],"lat":-29.34245543,"lon":-71.15077224,"nombre_busq":"0398-4N PROFESOR ALDO LETTURA LA HIGUERA MINERALS SPA COBRE-ORO La Higuera TRANQUE DE RELAVE AGUAS ABAJO","source_file":"geonoxa_relaves_panel.geojson"},"geometry":{"type":"Point","coordinates":[-71.15077224,-29.34245543]}},{"type":"Feature","properties":{"familia":"relaves","tipo_objeto":"Relave","id_objeto":"0399-4N","nombre_objeto":"PROFESOR ALDO LETTURA","nombre_relave":"PROFESOR ALDO LETTURA","titular":"LA HIGUERA MINERALS SPA","empresa":"LA HIGUERA MINERALS SPA","faena":"PROFESOR ALDO LETTURA","recurso":"COBRE","comuna":"La Higuera","tipo_deposito":"EMBALSE","metodo_constructivo":"EXCAVACION TERRENO","shape_area_m2":8159.404928,"bbox":[-71.14775291,-29.34249087,-71.14775291,-29.34249087],"lat":-29.34249087,"lon":-71.14775291,"nombre_busq":"0399-4N PROFESOR ALDO LETTURA LA HIGUERA MINERALS SPA COBRE La Higuera EMBALSE EXCAVACION TERRENO","source_file":"geonoxa_relaves_panel.geojson"},"geometry":{"type":"Point","coordinates":[-71.14775291,-29.34249087]}},{"type":"Feature","properties":{"familia":"relaves","tipo_objeto":"Relave","id_objeto":"0400-4N","nombre_objeto":"PROFESOR ALDO LETTURA","nombre_relave":"PROFESOR ALDO LETTURA","titular":"LA HIGUERA MINERALS SPA","empresa":"LA HIGUERA MINERALS SPA","faena":"PROFESOR ALDO LETTURA","recurso":"COBRE","comuna":"La Higuera","tipo_deposito":"ACOPIO","metodo_constructivo":"NO APLICA","shape_area_m2":5202.462012,"bbox":[-71.14952776,-29.34277324,-71.14952776,-29.34277324],"lat":-29.34277324,"lon":-71.14952776,"nombre_busq":"0400-4N PROFESOR ALDO LETTURA LA HIGUERA MINERALS SPA COBRE La Higuera ACOPIO NO APLICA","source_file":"geonoxa_relaves_panel.geojson"},"geometry":{"type":"Point","coordinates":[-71.14952776,-29.34277324]}},{"type":"Feature","properties":{"familia":"relaves","tipo_objeto":"Relave","id_objeto":"0401-4N","nombre_objeto":"PLANTA LA PAJITA","nombre_relave":"PLANTA LA PAJITA","titular":"OSCAR GONZÁLEZ","empresa":"OSCAR GONZÁLEZ","faena":"PLANTA LA PAJITA","recurso":"ORO","comuna":"La Higuera","tipo_deposito":"TRANQUE DE RELAVE","metodo_constructivo":"AGUAS ARRIBA","shape_area_m2":4999.520044,"bbox":[-71.21598497,-29.51820428,-71.21598497,-29.51820428],"lat":-29.51820428,"lon":-71.21598497,"nombre_busq":"0401-4N PLANTA LA PAJITA OSCAR GONZÁLEZ ORO La Higuera TRANQUE DE RELAVE AGUAS ARRIBA","source_file":"geonoxa_relaves_panel.geojson"},"geometry":{"type":"Point","coordinates":[-71.21598497,-29.51820428]}},{"type":"Feature","properties":{"familia":"relaves","tipo_objeto":"Relave","id_objeto":"0402-4N","nombre_objeto":"PLANTA EL TRAPICHE","nombre_relave":"PLANTA EL TRAPICHE","titular":"CIA. MINERA QUEBRADA HONDA","empresa":"CIA. MINERA QUEBRADA HONDA","faena":"PLANTA EL TRAPICHE","recurso":"COBRE-ORO","comuna":"La Higuera","tipo_deposito":"TRANQUE DE RELAVE","metodo_constructivo":"EJE CENTRAL","shape_area_m2":29417.46645,"bbox":[-71.12434109,-29.35583969,-71.12434109,-29.35583969],"lat":-29.35583969,"lon":-71.12434109,"nombre_busq":"0402-4N PLANTA EL TRAPICHE CIA. MINERA QUEBRADA HONDA COBRE-ORO La Higuera TRANQUE DE RELAVE EJE CENTRAL","source_file":"geonoxa_relaves_panel.geojson"},"geometry":{"type":"Point","coordinates":[-71.12434109,-29.35583969]}},{"type":"Feature","properties":{"familia":"relaves","tipo_objeto":"Relave","id_objeto":"0403-4N","nombre_objeto":"PLANTA SAN ALEJANDRO (EX TRAPICHE)","nombre_relave":"PLANTA SAN ALEJANDRO (EX TRAPICHE)","titular":"CIA. MINERA QUEBRADA HONDA","empresa":"CIA. MINERA QUEBRADA HONDA","faena":"PLANTA SAN ALEJANDRO (EX TRAPICHE)","recurso":"COBRE-ORO","comuna":"La Higuera","tipo_deposito":"TRANQUE DE RELAVE","metodo_constructivo":"","shape_area_m2":4305.494002,"bbox":[-71.12370007,-29.35765191,-71.12370007,-29.35765191],"lat":-29.35765191,"lon":-71.12370007,"nombre_busq":"0403-4N PLANTA SAN ALEJANDRO (EX TRAPICHE) CIA. MINERA QUEBRADA HONDA COBRE-ORO La Higuera TRANQUE DE RELAVE","source_file":"geonoxa_relaves_panel.geojson"},"geometry":{"type":"Point","coordinates":[-71.12370007,-29.35765191]}},{"type":"Feature","properties":{"familia":"relaves","tipo_objeto":"Relave","id_objeto":"0404-4N","nombre_objeto":"PLANTA LAS BREAS","nombre_relave":"PLANTA LAS BREAS","titular":"V. ALDAY","empresa":"V. ALDAY","faena":"PLANTA LAS BREAS","recurso":"COBRE-ORO","comuna":"La Higuera","tipo_deposito":"ACOPIO","metodo_constructivo":"NO APLICA","shape_area_m2":678.9831448,"bbox":[-70.64154236,-29.46633165,-70.64154236,-29.46633165],"lat":-29.46633165,"lon":-70.64154236,"nombre_busq":"0404-4N PLANTA LAS BREAS V. ALDAY COBRE-ORO La Higuera ACOPIO NO APLICA","source_file":"geonoxa_relaves_panel.geojson"},"geometry":{"type":"Point","coordinates":[-70.64154236,-29.46633165]}},{"type":"Feature","properties":{"familia":"relaves","tipo_objeto":"Relave","id_objeto":"0405-4N","nombre_objeto":"PLANTA PLANTILE","nombre_relave":"PLANTA PLANTILE","titular":"DESCONOCIDO","empresa":"DESCONOCIDO","faena":"PLANTA PLANTILE","recurso":"ORO","comuna":"La Higuera","tipo_deposito":"ACOPIO","metodo_constructivo":"NO APLICA","shape_area_m2":4405.893333,"bbox":[-71.19891597,-29.5080435,-71.19891597,-29.5080435],"lat":-29.5080435,"lon":-71.19891597,"nombre_busq":"0405-4N PLANTA PLANTILE DESCONOCIDO ORO La Higuera ACOPIO NO APLICA","source_file":"geonoxa_relaves_panel.geojson"},"geometry":{"type":"Point","coordinates":[-71.19891597,-29.5080435]}},{"type":"Feature","properties":{"familia":"relaves","tipo_objeto":"Relave","id_objeto":"0406-4N","nombre_objeto":"PLANTA ALIAGA","nombre_relave":"PLANTA ALIAGA","titular":"JUAN ALIAGA","empresa":"JUAN ALIAGA","faena":"PLANTA ALIAGA","recurso":"COBRE-ORO-PLATA","comuna":"La Serena","tipo_deposito":"ACOPIO","metodo_constructivo":"NO APLICA","shape_area_m2":244.5375604,"bbox":[-71.03652484,-30.01559444,-71.03652484,-30.01559444],"lat":-30.01559444,"lon":-71.03652484,"nombre_busq":"0406-4N PLANTA ALIAGA JUAN ALIAGA COBRE-ORO-PLATA La Serena ACOPIO NO APLICA","source_file":"geonoxa_relaves_panel.geojson"},"geometry":{"type":"Point","coordinates":[-71.03652484,-30.01559444]}},{"type":"Feature","properties":{"familia":"relaves","tipo_objeto":"Relave","id_objeto":"0407-4N","nombre_objeto":"PLANTA SAN CRISTOBAL","nombre_relave":"PLANTA SAN CRISTOBAL","titular":"MINERA CONDOR S.A.","empresa":"MINERA CONDOR S.A.","faena":"PLANTA SAN CRISTOBAL","recurso":"COBRE","comuna":"La Serena","tipo_deposito":"TRANQUE DE RELAVE","metodo_constructivo":"AGUAS ARRIBA","shape_area_m2":19403.01422,"bbox":[-71.03780848,-30.01361193,-71.03780848,-30.01361193],"lat":-30.01361193,"lon":-71.03780848,"nombre_busq":"0407-4N PLANTA SAN CRISTOBAL MINERA CONDOR S.A. COBRE La Serena TRANQUE DE RELAVE AGUAS ARRIBA","source_file":"geonoxa_relaves_panel.geojson"},"geometry":{"type":"Point","coordinates":[-71.03780848,-30.01361193]}},{"type":"Feature","properties":{"familia":"relaves","tipo_objeto":"Relave","id_objeto":"0408-4N","nombre_objeto":"PLANTA SAN CRISTOBAL","nombre_relave":"PLANTA SAN CRISTOBAL","titular":"MINERA CONDOR S.A.","empresa":"MINERA CONDOR S.A.","faena":"PLANTA SAN CRISTOBAL","recurso":"COBRE","comuna":"La Serena","tipo_deposito":"TRANQUE DE RELAVE","metodo_constructivo":"AGUAS ARRIBA","shape_area_m2":15783.81093,"bbox":[-71.03797824,-30.01507132,-71.03797824,-30.01507132],"lat":-30.01507132,"lon":-71.03797824,"nombre_busq":"0408-4N PLANTA SAN CRISTOBAL MINERA CONDOR S.A. COBRE La Serena TRANQUE DE RELAVE AGUAS ARRIBA","source_file":"geonoxa_relaves_panel.geojson"},"geometry":{"type":"Point","coordinates":[-71.03797824,-30.01507132]}},{"type":"Feature","properties":{"familia":"relaves","tipo_objeto":"Relave","id_objeto":"0409-4N","nombre_objeto":"PLANTA LAMBERT","nombre_relave":"PLANTA LAMBERT","titular":"MINERA CONDOR S.A.","empresa":"MINERA CONDOR S.A.","faena":"PLANTA LAMBERT","recurso":"ORO","comuna":"La Serena","tipo_deposito":"ACOPIO","metodo_constructivo":"NO APLICA","shape_area_m2":1881.5668,"bbox":[-71.12182696,-29.84642265,-71.12182696,-29.84642265],"lat":-29.84642265,"lon":-71.12182696,"nombre_busq":"0409-4N PLANTA LAMBERT MINERA CONDOR S.A. ORO La Serena ACOPIO NO APLICA","source_file":"geonoxa_relaves_panel.geojson"},"geometry":{"type":"Point","coordinates":[-71.12182696,-29.84642265]}},{"type":"Feature","properties":{"familia":"relaves","tipo_objeto":"Relave","id_objeto":"0410-4N","nombre_objeto":"PLANTA LAMBERT","nombre_relave":"PLANTA LAMBERT","titular":"MINERA CONDOR S.A.","empresa":"MINERA CONDOR S.A.","faena":"PLANTA LAMBERT","recurso":"ORO","comuna":"La Serena","tipo_deposito":"ACOPIO","metodo_constructivo":"NO APLICA","shape_area_m2":4169.015373,"bbox":[-71.12253655,-29.84635063,-71.12253655,-29.84635063],"lat":-29.84635063,"lon":-71.12253655,"nombre_busq":"0410-4N PLANTA LAMBERT MINERA CONDOR S.A. ORO La Serena ACOPIO NO APLICA","source_file":"geonoxa_relaves_panel.geojson"},"geometry":{"type":"Point","coordinates":[-71.12253655,-29.84635063]}},{"type":"Feature","properties":{"familia":"relaves","tipo_objeto":"Relave","id_objeto":"0411-4N","nombre_objeto":"PLANTA LAMBERT","nombre_relave":"PLANTA LAMBERT","titular":"MINERA CONDOR S.A.","empresa":"MINERA CONDOR S.A.","faena":"PLANTA LAMBERT","recurso":"ORO","comuna":"La Serena","tipo_deposito":"ACOPIO","metodo_constructivo":"NO APLICA","shape_area_m2":1191.345963,"bbox":[-71.1220091,-29.84615878,-71.1220091,-29.84615878],"lat":-29.84615878,"lon":-71.1220091,"nombre_busq":"0411-4N PLANTA LAMBERT MINERA CONDOR S.A. ORO La Serena ACOPIO NO APLICA","source_file":"geonoxa_relaves_panel.geojson"},"geometry":{"type":"Point","coordinates":[-71.1220091,-29.84615878]}},{"type":"Feature","properties":{"familia":"relaves","tipo_objeto":"Relave","id_objeto":"0412-4N","nombre_objeto":"TALCUNA","nombre_relave":"TALCUNA","titular":"CIA. MINERA SAN GERONIMO","empresa":"CIA. MINERA SAN GERONIMO","faena":"TALCUNA","recurso":"COBRE","comuna":"Vicuña","tipo_deposito":"TRANQUE DE RELAVE","metodo_constructivo":"EJE CENTRAL","shape_area_m2":44016.02012,"bbox":[-70.89663753,-29.88870587,-70.89663753,-29.88870587],"lat":-29.88870587,"lon":-70.89663753,"nombre_busq":"0412-4N TALCUNA CIA. MINERA SAN GERONIMO COBRE Vicuña TRANQUE DE RELAVE EJE CENTRAL","source_file":"geonoxa_relaves_panel.geojson"},"geometry":{"type":"Point","coordinates":[-70.89663753,-29.88870587]}},{"type":"Feature","properties":{"familia":"relaves","tipo_objeto":"Relave","id_objeto":"0413-4N","nombre_objeto":"TALCUNA","nombre_relave":"TALCUNA","titular":"CIA. MINERA SAN GERONIMO","empresa":"CIA. MINERA SAN GERONIMO","faena":"TALCUNA","recurso":"COBRE","comuna":"Vicuña","tipo_deposito":"TRANQUE DE RELAVE","metodo_constructivo":"AGUAS ABAJO","shape_area_m2":104664.0065,"bbox":[-70.89383792,-29.88555295,-70.89383792,-29.88555295],"lat":-29.88555295,"lon":-70.89383792,"nombre_busq":"0413-4N TALCUNA CIA. MINERA SAN GERONIMO COBRE Vicuña TRANQUE DE RELAVE AGUAS ABAJO","source_file":"geonoxa_relaves_panel.geojson"},"geometry":{"type":"Point","coordinates":[-70.89383792,-29.88555295]}},{"type":"Feature","properties":{"familia":"relaves","tipo_objeto":"Relave","id_objeto":"0414-4N","nombre_objeto":"TALCUNA","nombre_relave":"TALCUNA","titular":"CIA. MINERA SAN GERONIMO","empresa":"CIA. MINERA SAN GERONIMO","faena":"TALCUNA","recurso":"COBRE","comuna":"Vicuña","tipo_deposito":"TRANQUE DE RELAVE","metodo_constructivo":"AGUAS ABAJO","shape_area_m2":354830.5532,"bbox":[-70.95747879,-29.89407826,-70.95747879,-29.89407826],"lat":-29.89407826,"lon":-70.95747879,"nombre_busq":"0414-4N TALCUNA CIA. MINERA SAN GERONIMO COBRE Vicuña TRANQUE DE RELAVE AGUAS ABAJO","source_file":"geonoxa_relaves_panel.geojson"},"geometry":{"type":"Point","coordinates":[-70.95747879,-29.89407826]}},{"type":"Feature","properties":{"familia":"relaves","tipo_objeto":"Relave","id_objeto":"0415-4N","nombre_objeto":"TALCUNA","nombre_relave":"TALCUNA","titular":"CIA. MINERA SAN GERONIMO","empresa":"CIA. MINERA SAN GERONIMO","faena":"TALCUNA","recurso":"ORO","comuna":"Vicuña","tipo_deposito":"TRANQUE DE RELAVE","metodo_constructivo":"EJE CENTRAL","shape_area_m2":29076.92711,"bbox":[-70.8931902,-29.88868017,-70.8931902,-29.88868017],"lat":-29.88868017,"lon":-70.8931902,"nombre_busq":"0415-4N TALCUNA CIA. MINERA SAN GERONIMO ORO Vicuña TRANQUE DE RELAVE EJE CENTRAL","source_file":"geonoxa_relaves_panel.geojson"},"geometry":{"type":"Point","coordinates":[-70.8931902,-29.88868017]}},{"type":"Feature","properties":{"familia":"relaves","tipo_objeto":"Relave","id_objeto":"0416-4N","nombre_objeto":"PLANTA ROLEX","nombre_relave":"PLANTA ROLEX","titular":"FAISAL HARCHA","empresa":"FAISAL HARCHA","faena":"PLANTA ROLEX","recurso":"ORO","comuna":"La Serena","tipo_deposito":"ACOPIO","metodo_constructivo":"NO APLICA","shape_area_m2":5396.831644,"bbox":[-71.0645155,-29.98275623,-71.0645155,-29.98275623],"lat":-29.98275623,"lon":-71.0645155,"nombre_busq":"0416-4N PLANTA ROLEX FAISAL HARCHA ORO La Serena ACOPIO NO APLICA","source_file":"geonoxa_relaves_panel.geojson"},"geometry":{"type":"Point","coordinates":[-71.0645155,-29.98275623]}},{"type":"Feature","properties":{"familia":"relaves","tipo_objeto":"Relave","id_objeto":"0417-4N","nombre_objeto":"PLANTA ROLEX","nombre_relave":"PLANTA ROLEX","titular":"FAISAL HARCHA","empresa":"FAISAL HARCHA","faena":"PLANTA ROLEX","recurso":"ORO","comuna":"La Serena","tipo_deposito":"ACOPIO","metodo_constructivo":"NO APLICA","shape_area_m2":2042.231521,"bbox":[-71.06401402,-29.98231065,-71.06401402,-29.98231065],"lat":-29.98231065,"lon":-71.06401402,"nombre_busq":"0417-4N PLANTA ROLEX FAISAL HARCHA ORO La Serena ACOPIO NO APLICA","source_file":"geonoxa_relaves_panel.geojson"},"geometry":{"type":"Point","coordinates":[-71.06401402,-29.98231065]}},{"type":"Feature","properties":{"familia":"relaves","tipo_objeto":"Relave","id_objeto":"0418-4N","nombre_objeto":"PLANTA ITAMAR","nombre_relave":"PLANTA ITAMAR","titular":"ELQUI SOL YESOS","empresa":"ELQUI SOL YESOS","faena":"PLANTA ITAMAR","recurso":"ORO","comuna":"La Serena","tipo_deposito":"ACOPIO","metodo_constructivo":"NO APLICA","shape_area_m2":4356.715445,"bbox":[-71.12389401,-29.84515251,-71.12389401,-29.84515251],"lat":-29.84515251,"lon":-71.12389401,"nombre_busq":"0418-4N PLANTA ITAMAR ELQUI SOL YESOS ORO La Serena ACOPIO NO APLICA","source_file":"geonoxa_relaves_panel.geojson"},"geometry":{"type":"Point","coordinates":[-71.12389401,-29.84515251]}},{"type":"Feature","properties":{"familia":"relaves","tipo_objeto":"Relave","id_objeto":"0419-4N","nombre_objeto":"PLANTA EL SAUCE","nombre_relave":"PLANTA EL SAUCE","titular":"WALDO SALINAS CABELLO","empresa":"WALDO SALINAS CABELLO","faena":"PLANTA EL SAUCE","recurso":"COBRE-ORO","comuna":"La Serena","tipo_deposito":"ACOPIO","metodo_constructivo":"NO APLICA","shape_area_m2":6417.162375,"bbox":[-71.06031519,-30.00618871,-71.06031519,-30.00618871],"lat":-30.00618871,"lon":-71.06031519,"nombre_busq":"0419-4N PLANTA EL SAUCE WALDO SALINAS CABELLO COBRE-ORO La Serena ACOPIO NO APLICA","source_file":"geonoxa_relaves_panel.geojson"},"geometry":{"type":"Point","coordinates":[-71.06031519,-30.00618871]}},{"type":"Feature","properties":{"familia":"relaves","tipo_objeto":"Relave","id_objeto":"0420-4N","nombre_objeto":"PAJONALES","nombre_relave":"PAJONALES","titular":"INVERSIONES TRES PLUMAS LTDA","empresa":"INVERSIONES TRES PLUMAS LTDA","faena":"PAJONALES","recurso":"COBRE","comuna":"La Serena","tipo_deposito":"TRANQUE DE RELAVE","metodo_constructivo":"AGUAS ARRIBA","shape_area_m2":27814.0648,"bbox":[-71.1326311,-29.94575013,-71.1326311,-29.94575013],"lat":-29.94575013,"lon":-71.1326311,"nombre_busq":"0420-4N PAJONALES INVERSIONES TRES PLUMAS LTDA COBRE La Serena TRANQUE DE RELAVE AGUAS ARRIBA","source_file":"geonoxa_relaves_panel.geojson"},"geometry":{"type":"Point","coordinates":[-71.1326311,-29.94575013]}},{"type":"Feature","properties":{"familia":"relaves","tipo_objeto":"Relave","id_objeto":"0421-4N","nombre_objeto":"LAXNAR","nombre_relave":"LAXNAR","titular":"ALBERTO MAURICIO FUENTES RIVERA","empresa":"ALBERTO MAURICIO FUENTES RIVERA","faena":"LAXNAR","recurso":"COBRE","comuna":"La Higuera","tipo_deposito":"EMBALSE","metodo_constructivo":"EXCAVACION TERRENO","shape_area_m2":2764.655131,"bbox":[-70.73656639,-29.43183833,-70.73656639,-29.43183833],"lat":-29.43183833,"lon":-70.73656639,"nombre_busq":"0421-4N LAXNAR ALBERTO MAURICIO FUENTES RIVERA COBRE La Higuera EMBALSE EXCAVACION TERRENO","source_file":"geonoxa_relaves_panel.geojson"},"geometry":{"type":"Point","coordinates":[-70.73656639,-29.43183833]}},{"type":"Feature","properties":{"familia":"relaves","tipo_objeto":"Relave","id_objeto":"0422-4N","nombre_objeto":"FAENA LAS VACAS","nombre_relave":"FAENA LAS VACAS","titular":"MINERA DON ALBERTO","empresa":"MINERA DON ALBERTO","faena":"FAENA LAS VACAS","recurso":"ORO","comuna":"Los Vilos","tipo_deposito":"TRANQUE DE RELAVE","metodo_constructivo":"AGUAS ABAJO","shape_area_m2":52065.09236,"bbox":[-71.32011813,-31.86774841,-71.32011813,-31.86774841],"lat":-31.86774841,"lon":-71.32011813,"nombre_busq":"0422-4N FAENA LAS VACAS MINERA DON ALBERTO ORO Los Vilos TRANQUE DE RELAVE AGUAS ABAJO","source_file":"geonoxa_relaves_panel.geojson"},"geometry":{"type":"Point","coordinates":[-71.32011813,-31.86774841]}},{"type":"Feature","properties":{"familia":"relaves","tipo_objeto":"Relave","id_objeto":"0423-4N","nombre_objeto":"FAENA LAS VACAS","nombre_relave":"FAENA LAS VACAS","titular":"MINERA DON ALBERTO","empresa":"MINERA DON ALBERTO","faena":"FAENA LAS VACAS","recurso":"ORO","comuna":"Los Vilos","tipo_deposito":"TRANQUE DE RELAVE","metodo_constructivo":"AGUAS ARRIBA","shape_area_m2":36708.80037,"bbox":[-71.31804415,-31.86802033,-71.31804415,-31.86802033],"lat":-31.86802033,"lon":-71.31804415,"nombre_busq":"0423-4N FAENA LAS VACAS MINERA DON ALBERTO ORO Los Vilos TRANQUE DE RELAVE AGUAS ARRIBA","source_file":"geonoxa_relaves_panel.geojson"},"geometry":{"type":"Point","coordinates":[-71.31804415,-31.86802033]}},{"type":"Feature","properties":{"familia":"relaves","tipo_objeto":"Relave","id_objeto":"0424-4N","nombre_objeto":"FAENA LAS VACAS","nombre_relave":"FAENA LAS VACAS","titular":"MINERA DON ALBERTO","empresa":"MINERA DON ALBERTO","faena":"FAENA LAS VACAS","recurso":"COBRE","comuna":"Los Vilos","tipo_deposito":"EMBALSE","metodo_constructivo":"AGUAS ABAJO","shape_area_m2":123724.1565,"bbox":[-71.32058109,-31.87367461,-71.32058109,-31.87367461],"lat":-31.87367461,"lon":-71.32058109,"nombre_busq":"0424-4N FAENA LAS VACAS MINERA DON ALBERTO COBRE Los Vilos EMBALSE AGUAS ABAJO","source_file":"geonoxa_relaves_panel.geojson"},"geometry":{"type":"Point","coordinates":[-71.32058109,-31.87367461]}},{"type":"Feature","properties":{"familia":"relaves","tipo_objeto":"Relave","id_objeto":"0425-4N","nombre_objeto":"PLANTA SAN MARTIN","nombre_relave":"PLANTA SAN MARTIN","titular":"RUBILAN GONZÁLEZ (EX GUSTAVO ALVAREZ)","empresa":"RUBILAN GONZÁLEZ (EX GUSTAVO ALVAREZ)","faena":"PLANTA SAN MARTIN","recurso":"COBRE-ORO","comuna":"Combarbalá","tipo_deposito":"TRANQUE DE RELAVE","metodo_constructivo":"EJE CENTRAL","shape_area_m2":6583.469386,"bbox":[-71.00996561,-31.16947604,-71.00996561,-31.16947604],"lat":-31.16947604,"lon":-71.00996561,"nombre_busq":"0425-4N PLANTA SAN MARTIN RUBILAN GONZÁLEZ (EX GUSTAVO ALVAREZ) COBRE-ORO Combarbalá TRANQUE DE RELAVE EJE CENTRAL","source_file":"geonoxa_relaves_panel.geojson"},"geometry":{"type":"Point","coordinates":[-71.00996561,-31.16947604]}},{"type":"Feature","properties":{"familia":"relaves","tipo_objeto":"Relave","id_objeto":"0426-4N","nombre_objeto":"PLANTA SAN EMILIO","nombre_relave":"PLANTA SAN EMILIO","titular":"JOSE SARMIENTO AGUILERA","empresa":"JOSE SARMIENTO AGUILERA","faena":"PLANTA SAN EMILIO","recurso":"COBRE-ORO","comuna":"Combarbalá","tipo_deposito":"TRANQUE DE RELAVE","metodo_constructivo":"AGUAS ARRIBA","shape_area_m2":17043.53509,"bbox":[-71.0506426,-31.14456608,-71.0506426,-31.14456608],"lat":-31.14456608,"lon":-71.0506426,"nombre_busq":"0426-4N PLANTA SAN EMILIO JOSE SARMIENTO AGUILERA COBRE-ORO Combarbalá TRANQUE DE RELAVE AGUAS ARRIBA","source_file":"geonoxa_relaves_panel.geojson"},"geometry":{"type":"Point","coordinates":[-71.0506426,-31.14456608]}},{"type":"Feature","properties":{"familia":"relaves","tipo_objeto":"Relave","id_objeto":"0427-4N","nombre_objeto":"PLANTA COMBARBALA","nombre_relave":"PLANTA COMBARBALA","titular":"CIA. CERRO CENTINELA","empresa":"CIA. CERRO CENTINELA","faena":"PLANTA COMBARBALA","recurso":"ORO","comuna":"Combarbalá","tipo_deposito":"ACOPIO","metodo_constructivo":"NO APLICA","shape_area_m2":1875.161785,"bbox":[-71.01715843,-31.15553256,-71.01715843,-31.15553256],"lat":-31.15553256,"lon":-71.01715843,"nombre_busq":"0427-4N PLANTA COMBARBALA CIA. CERRO CENTINELA ORO Combarbalá ACOPIO NO APLICA","source_file":"geonoxa_relaves_panel.geojson"},"geometry":{"type":"Point","coordinates":[-71.01715843,-31.15553256]}},{"type":"Feature","properties":{"familia":"relaves","tipo_objeto":"Relave","id_objeto":"0428-4N","nombre_objeto":"PLANTA COMBARBALA","nombre_relave":"PLANTA COMBARBALA","titular":"CIA. CERRO CENTINELA","empresa":"CIA. CERRO CENTINELA","faena":"PLANTA COMBARBALA","recurso":"COBRE-ORO","comuna":"Combarbalá","tipo_deposito":"TRANQUE DE RELAVE","metodo_constructivo":"AGUAS ARRIBA","shape_area_m2":24492.21799,"bbox":[-71.03590388,-31.14298934,-71.03590388,-31.14298934],"lat":-31.14298934,"lon":-71.03590388,"nombre_busq":"0428-4N PLANTA COMBARBALA CIA. CERRO CENTINELA COBRE-ORO Combarbalá TRANQUE DE RELAVE AGUAS ARRIBA","source_file":"geonoxa_relaves_panel.geojson"},"geometry":{"type":"Point","coordinates":[-71.03590388,-31.14298934]}},{"type":"Feature","properties":{"familia":"relaves","tipo_objeto":"Relave","id_objeto":"0429-4N","nombre_objeto":"PLANTA COMBARBALA","nombre_relave":"PLANTA COMBARBALA","titular":"CIA. CERRO CENTINELA","empresa":"CIA. CERRO CENTINELA","faena":"PLANTA COMBARBALA","recurso":"COBRE-ORO","comuna":"Combarbalá","tipo_deposito":"TRANQUE DE RELAVE","metodo_constructivo":"AGUAS ARRIBA","shape_area_m2":55110.36613,"bbox":[-71.03655334,-31.1443754,-71.03655334,-31.1443754],"lat":-31.1443754,"lon":-71.03655334,"nombre_busq":"0429-4N PLANTA COMBARBALA CIA. CERRO CENTINELA COBRE-ORO Combarbalá TRANQUE DE RELAVE AGUAS ARRIBA","source_file":"geonoxa_relaves_panel.geojson"},"geometry":{"type":"Point","coordinates":[-71.03655334,-31.1443754]}},{"type":"Feature","properties":{"familia":"relaves","tipo_objeto":"Relave","id_objeto":"0430-4N","nombre_objeto":"PLANTA COMBARBALA","nombre_relave":"PLANTA COMBARBALA","titular":"CIA. CERRO CENTINELA","empresa":"CIA. CERRO CENTINELA","faena":"PLANTA COMBARBALA","recurso":"COBRE-ORO","comuna":"Combarbalá","tipo_deposito":"ACOPIO","metodo_constructivo":"NO APLICA","shape_area_m2":1556.639352,"bbox":[-71.03452686,-31.14353795,-71.03452686,-31.14353795],"lat":-31.14353795,"lon":-71.03452686,"nombre_busq":"0430-4N PLANTA COMBARBALA CIA. CERRO CENTINELA COBRE-ORO Combarbalá ACOPIO NO APLICA","source_file":"geonoxa_relaves_panel.geojson"},"geometry":{"type":"Point","coordinates":[-71.03452686,-31.14353795]}},{"type":"Feature","properties":{"familia":"relaves","tipo_objeto":"Relave","id_objeto":"0431-4N","nombre_objeto":"PLANTA EL BRONCE","nombre_relave":"PLANTA EL BRONCE","titular":"SOC. MINERA ALTAMIRA","empresa":"SOC. MINERA ALTAMIRA","faena":"PLANTA EL BRONCE","recurso":"COBRE-ORO","comuna":"Combarbalá","tipo_deposito":"TRANQUE DE RELAVE","metodo_constructivo":"AGUAS ARRIBA","shape_area_m2":4422.046419,"bbox":[-71.15780987,-31.11302405,-71.15780987,-31.11302405],"lat":-31.11302405,"lon":-71.15780987,"nombre_busq":"0431-4N PLANTA EL BRONCE SOC. MINERA ALTAMIRA COBRE-ORO Combarbalá TRANQUE DE RELAVE AGUAS ARRIBA","source_file":"geonoxa_relaves_panel.geojson"},"geometry":{"type":"Point","coordinates":[-71.15780987,-31.11302405]}},{"type":"Feature","properties":{"familia":"relaves","tipo_objeto":"Relave","id_objeto":"0432-4N","nombre_objeto":"PLANTA QUILITAPIA","nombre_relave":"PLANTA QUILITAPIA","titular":"SUC. CARVAJAL RIVERA","empresa":"SUC. CARVAJAL RIVERA","faena":"PLANTA QUILITAPIA","recurso":"ORO","comuna":"Combarbalá","tipo_deposito":"ACOPIO","metodo_constructivo":"NO APLICA","shape_area_m2":3082.982926,"bbox":[-71.16083619,-31.11408291,-71.16083619,-31.11408291],"lat":-31.11408291,"lon":-71.16083619,"nombre_busq":"0432-4N PLANTA QUILITAPIA SUC. CARVAJAL RIVERA ORO Combarbalá ACOPIO NO APLICA","source_file":"geonoxa_relaves_panel.geojson"},"geometry":{"type":"Point","coordinates":[-71.16083619,-31.11408291]}},{"type":"Feature","properties":{"familia":"relaves","tipo_objeto":"Relave","id_objeto":"0433-4N","nombre_objeto":"PLANTA CALIFORNIA","nombre_relave":"PLANTA CALIFORNIA","titular":"WALTER NAZER ESBIR (EX VICTOR NAZER ESBIR)","empresa":"WALTER NAZER ESBIR (EX VICTOR NAZER ESBIR)","faena":"PLANTA CALIFORNIA","recurso":"COBRE-ORO","comuna":"Illapel","tipo_deposito":"TRANQUE DE RELAVE","metodo_constructivo":"AGUAS ARRIBA","shape_area_m2":1188.570993,"bbox":[-71.14631303,-31.63423372,-71.14631303,-31.63423372],"lat":-31.63423372,"lon":-71.14631303,"nombre_busq":"0433-4N PLANTA CALIFORNIA WALTER NAZER ESBIR (EX VICTOR NAZER ESBIR) COBRE-ORO Illapel TRANQUE DE RELAVE AGUAS ARRIBA","source_file":"geonoxa_relaves_panel.geojson"},"geometry":{"type":"Point","coordinates":[-71.14631303,-31.63423372]}},{"type":"Feature","properties":{"familia":"relaves","tipo_objeto":"Relave","id_objeto":"0434-4N","nombre_objeto":"PLANTA CALIFORNIA","nombre_relave":"PLANTA CALIFORNIA","titular":"WALTER NAZER ESBIR (EX VICTOR NAZER ESBIR)","empresa":"WALTER NAZER ESBIR (EX VICTOR NAZER ESBIR)","faena":"PLANTA CALIFORNIA","recurso":"COBRE-ORO","comuna":"Illapel","tipo_deposito":"TRANQUE DE RELAVE","metodo_constructivo":"AGUAS ARRIBA","shape_area_m2":901.5766752,"bbox":[-71.14637638,-31.63500495,-71.14637638,-31.63500495],"lat":-31.63500495,"lon":-71.14637638,"nombre_busq":"0434-4N PLANTA CALIFORNIA WALTER NAZER ESBIR (EX VICTOR NAZER ESBIR) COBRE-ORO Illapel TRANQUE DE RELAVE AGUAS ARRIBA","source_file":"geonoxa_relaves_panel.geojson"},"geometry":{"type":"Point","coordinates":[-71.14637638,-31.63500495]}},{"type":"Feature","properties":{"familia":"relaves","tipo_objeto":"Relave","id_objeto":"0435-4N","nombre_objeto":"PLANTA CALIFORNIA","nombre_relave":"PLANTA CALIFORNIA","titular":"WALTER NAZER ESBIR (EX VICTOR NAZER ESBIR)","empresa":"WALTER NAZER ESBIR (EX VICTOR NAZER ESBIR)","faena":"PLANTA CALIFORNIA","recurso":"COBRE-ORO","comuna":"Illapel","tipo_deposito":"TRANQUE DE RELAVE","metodo_constructivo":"AGUAS ARRIBA","shape_area_m2":4736.031803,"bbox":[-71.1466284,-31.63498323,-71.1466284,-31.63498323],"lat":-31.63498323,"lon":-71.1466284,"nombre_busq":"0435-4N PLANTA CALIFORNIA WALTER NAZER ESBIR (EX VICTOR NAZER ESBIR) COBRE-ORO Illapel TRANQUE DE RELAVE AGUAS ARRIBA","source_file":"geonoxa_relaves_panel.geojson"},"geometry":{"type":"Point","coordinates":[-71.1466284,-31.63498323]}},{"type":"Feature","properties":{"familia":"relaves","tipo_objeto":"Relave","id_objeto":"0436-4N","nombre_objeto":"PLANTA CALIFORNIA","nombre_relave":"PLANTA CALIFORNIA","titular":"WALTER NAZER ESBIR (EX VICTOR NAZER ESBIR)","empresa":"WALTER NAZER ESBIR (EX VICTOR NAZER ESBIR)","faena":"PLANTA CALIFORNIA","recurso":"COBRE-ORO","comuna":"Illapel","tipo_deposito":"TRANQUE DE RELAVE","metodo_constructivo":"AGUAS ARRIBA","shape_area_m2":4043.978982,"bbox":[-71.14673624,-31.63451205,-71.14673624,-31.63451205],"lat":-31.63451205,"lon":-71.14673624,"nombre_busq":"0436-4N PLANTA CALIFORNIA WALTER NAZER ESBIR (EX VICTOR NAZER ESBIR) COBRE-ORO Illapel TRANQUE DE RELAVE AGUAS ARRIBA","source_file":"geonoxa_relaves_panel.geojson"},"geometry":{"type":"Point","coordinates":[-71.14673624,-31.63451205]}},{"type":"Feature","properties":{"familia":"relaves","tipo_objeto":"Relave","id_objeto":"0437-4N","nombre_objeto":"RAFAEL VALENCIA","nombre_relave":"RAFAEL VALENCIA","titular":"RAFAEL VALENCIA","empresa":"RAFAEL VALENCIA","faena":"RAFAEL VALENCIA","recurso":"COBRE-ORO","comuna":"Monte Patria","tipo_deposito":"ACOPIO","metodo_constructivo":"NO APLICA","shape_area_m2":1437.69656,"bbox":[-70.56346087,-30.8102102,-70.56346087,-30.8102102],"lat":-30.8102102,"lon":-70.56346087,"nombre_busq":"0437-4N RAFAEL VALENCIA RAFAEL VALENCIA COBRE-ORO Monte Patria ACOPIO NO APLICA","source_file":"geonoxa_relaves_panel.geojson"},"geometry":{"type":"Point","coordinates":[-70.56346087,-30.8102102]}},{"type":"Feature","properties":{"familia":"relaves","tipo_objeto":"Relave","id_objeto":"0438-4N","nombre_objeto":"PLANTA IVAN TELLO ANDRADE","nombre_relave":"PLANTA IVAN TELLO ANDRADE","titular":"IVAN ALFREDO TELLO ANDRADE","empresa":"IVAN ALFREDO TELLO ANDRADE","faena":"PLANTA IVAN TELLO ANDRADE","recurso":"ORO","comuna":"Ovalle","tipo_deposito":"TRANQUE DE RELAVE","metodo_constructivo":"EJE CENTRAL","shape_area_m2":3173.320566,"bbox":[-71.674024,-30.89984389,-71.674024,-30.89984389],"lat":-30.89984389,"lon":-71.674024,"nombre_busq":"0438-4N PLANTA IVAN TELLO ANDRADE IVAN ALFREDO TELLO ANDRADE ORO Ovalle TRANQUE DE RELAVE EJE CENTRAL","source_file":"geonoxa_relaves_panel.geojson"},"geometry":{"type":"Point","coordinates":[-71.674024,-30.89984389]}},{"type":"Feature","properties":{"familia":"relaves","tipo_objeto":"Relave","id_objeto":"0439-4N","nombre_objeto":"PLANTA IVAN TELLO ANDRADE","nombre_relave":"PLANTA IVAN TELLO ANDRADE","titular":"IVAN ALFREDO TELLO ANDRADE","empresa":"IVAN ALFREDO TELLO ANDRADE","faena":"PLANTA IVAN TELLO ANDRADE","recurso":"ORO","comuna":"Ovalle","tipo_deposito":"TRANQUE DE RELAVE","metodo_constructivo":"EJE CENTRAL","shape_area_m2":16027.26236,"bbox":[-71.67506246,-30.89961958,-71.67506246,-30.89961958],"lat":-30.89961958,"lon":-71.67506246,"nombre_busq":"0439-4N PLANTA IVAN TELLO ANDRADE IVAN ALFREDO TELLO ANDRADE ORO Ovalle TRANQUE DE RELAVE EJE CENTRAL","source_file":"geonoxa_relaves_panel.geojson"},"geometry":{"type":"Point","coordinates":[-71.67506246,-30.89961958]}},{"type":"Feature","properties":{"familia":"relaves","tipo_objeto":"Relave","id_objeto":"0440-4N","nombre_objeto":"PLANTA IVAN TELLO ANDRADE","nombre_relave":"PLANTA IVAN TELLO ANDRADE","titular":"IVAN ALFREDO TELLO ANDRADE","empresa":"IVAN ALFREDO TELLO ANDRADE","faena":"PLANTA IVAN TELLO ANDRADE","recurso":"ORO","comuna":"Ovalle","tipo_deposito":"TRANQUE DE RELAVE","metodo_constructivo":"EJE CENTRAL","shape_area_m2":20992.1518,"bbox":[-71.67676973,-30.89983376,-71.67676973,-30.89983376],"lat":-30.89983376,"lon":-71.67676973,"nombre_busq":"0440-4N PLANTA IVAN TELLO ANDRADE IVAN ALFREDO TELLO ANDRADE ORO Ovalle TRANQUE DE RELAVE EJE CENTRAL","source_file":"geonoxa_relaves_panel.geojson"},"geometry":{"type":"Point","coordinates":[-71.67676973,-30.89983376]}},{"type":"Feature","properties":{"familia":"relaves","tipo_objeto":"Relave","id_objeto":"0441-4N","nombre_objeto":"PLANTA IVAN TELLO ANDRADE","nombre_relave":"PLANTA IVAN TELLO ANDRADE","titular":"IVAN ALFREDO TELLO ANDRADE","empresa":"IVAN ALFREDO TELLO ANDRADE","faena":"PLANTA IVAN TELLO ANDRADE","recurso":"ORO","comuna":"Ovalle","tipo_deposito":"TRANQUE DE RELAVE","metodo_constructivo":"AGUAS ARRIBA","shape_area_m2":23073.56769,"bbox":[-71.67500142,-30.89753947,-71.67500142,-30.89753947],"lat":-30.89753947,"lon":-71.67500142,"nombre_busq":"0441-4N PLANTA IVAN TELLO ANDRADE IVAN ALFREDO TELLO ANDRADE ORO Ovalle TRANQUE DE RELAVE AGUAS ARRIBA","source_file":"geonoxa_relaves_panel.geojson"},"geometry":{"type":"Point","coordinates":[-71.67500142,-30.89753947]}},{"type":"Feature","properties":{"familia":"relaves","tipo_objeto":"Relave","id_objeto":"0442-4N","nombre_objeto":"PLANTA IVAN TELLO ANDRADE","nombre_relave":"PLANTA IVAN TELLO ANDRADE","titular":"IVAN ALFREDO TELLO ANDRADE","empresa":"IVAN ALFREDO TELLO ANDRADE","faena":"PLANTA IVAN TELLO ANDRADE","recurso":"ORO","comuna":"Ovalle","tipo_deposito":"EMBALSE","metodo_constructivo":"EXCAVACION TERRENO","shape_area_m2":32354.5101,"bbox":[-71.67220699,-30.89522511,-71.67220699,-30.89522511],"lat":-30.89522511,"lon":-71.67220699,"nombre_busq":"0442-4N PLANTA IVAN TELLO ANDRADE IVAN ALFREDO TELLO ANDRADE ORO Ovalle EMBALSE EXCAVACION TERRENO","source_file":"geonoxa_relaves_panel.geojson"},"geometry":{"type":"Point","coordinates":[-71.67220699,-30.89522511]}},{"type":"Feature","properties":{"familia":"relaves","tipo_objeto":"Relave","id_objeto":"0443-4N","nombre_objeto":"PLANTA EL HUILMO (EX SALINAS)","nombre_relave":"PLANTA EL HUILMO (EX SALINAS)","titular":"JUAN SALINAS","empresa":"JUAN SALINAS","faena":"PLANTA EL HUILMO (EX SALINAS)","recurso":"ORO","comuna":"Combarbalá","tipo_deposito":"TRANQUE DE RELAVE","metodo_constructivo":"AGUAS ARRIBA","shape_area_m2":435.0951885,"bbox":[-71.14830799,-30.8837515,-71.14830799,-30.8837515],"lat":-30.8837515,"lon":-71.14830799,"nombre_busq":"0443-4N PLANTA EL HUILMO (EX SALINAS) JUAN SALINAS ORO Combarbalá TRANQUE DE RELAVE AGUAS ARRIBA","source_file":"geonoxa_relaves_panel.geojson"},"geometry":{"type":"Point","coordinates":[-71.14830799,-30.8837515]}},{"type":"Feature","properties":{"familia":"relaves","tipo_objeto":"Relave","id_objeto":"0444-4N","nombre_objeto":"PLANTA EL HUILMO (EX SALINAS)","nombre_relave":"PLANTA EL HUILMO (EX SALINAS)","titular":"JUAN SALINAS","empresa":"JUAN SALINAS","faena":"PLANTA EL HUILMO (EX SALINAS)","recurso":"ORO","comuna":"Combarbalá","tipo_deposito":"TRANQUE DE RELAVE","metodo_constructivo":"AGUAS ARRIBA","shape_area_m2":752.4771182,"bbox":[-71.14808895,-30.88373401,-71.14808895,-30.88373401],"lat":-30.88373401,"lon":-71.14808895,"nombre_busq":"0444-4N PLANTA EL HUILMO (EX SALINAS) JUAN SALINAS ORO Combarbalá TRANQUE DE RELAVE AGUAS ARRIBA","source_file":"geonoxa_relaves_panel.geojson"},"geometry":{"type":"Point","coordinates":[-71.14808895,-30.88373401]}},{"type":"Feature","properties":{"familia":"relaves","tipo_objeto":"Relave","id_objeto":"0445-4N","nombre_objeto":"FAENA TRIMINERALS EX LA COLONIA","nombre_relave":"FAENA TRIMINERALS EX LA COLONIA","titular":"SCM VENTANA MINERALS","empresa":"SCM VENTANA MINERALS","faena":"FAENA TRIMINERALS EX LA COLONIA","recurso":"ORO","comuna":"Illapel","tipo_deposito":"TRANQUE DE RELAVE","metodo_constructivo":"AGUAS ARRIBA","shape_area_m2":4352.776984,"bbox":[-71.11706594,-31.58732676,-71.11706594,-31.58732676],"lat":-31.58732676,"lon":-71.11706594,"nombre_busq":"0445-4N FAENA TRIMINERALS EX LA COLONIA SCM VENTANA MINERALS ORO Illapel TRANQUE DE RELAVE AGUAS ARRIBA","source_file":"geonoxa_relaves_panel.geojson"},"geometry":{"type":"Point","coordinates":[-71.11706594,-31.58732676]}},{"type":"Feature","properties":{"familia":"relaves","tipo_objeto":"Relave","id_objeto":"0446-4N","nombre_objeto":"FAENA TRIMINERALS EX LA COLONIA","nombre_relave":"FAENA TRIMINERALS EX LA COLONIA","titular":"SCM VENTANA MINERALS","empresa":"SCM VENTANA MINERALS","faena":"FAENA TRIMINERALS EX LA COLONIA","recurso":"COBRE","comuna":"Illapel","tipo_deposito":"TRANQUE DE RELAVE","metodo_constructivo":"AGUAS ARRIBA","shape_area_m2":7067.852369,"bbox":[-71.11764398,-31.58786575,-71.11764398,-31.58786575],"lat":-31.58786575,"lon":-71.11764398,"nombre_busq":"0446-4N FAENA TRIMINERALS EX LA COLONIA SCM VENTANA MINERALS COBRE Illapel TRANQUE DE RELAVE AGUAS ARRIBA","source_file":"geonoxa_relaves_panel.geojson"},"geometry":{"type":"Point","coordinates":[-71.11764398,-31.58786575]}},{"type":"Feature","properties":{"familia":"relaves","tipo_objeto":"Relave","id_objeto":"0447-4N","nombre_objeto":"FAENA TUNQUEN EX EL ALMENDRO","nombre_relave":"FAENA TUNQUEN EX EL ALMENDRO","titular":"JUAN POLO DABED","empresa":"JUAN POLO DABED","faena":"FAENA TUNQUEN EX EL ALMENDRO","recurso":"COBRE-ORO","comuna":"Illapel","tipo_deposito":"TRANQUE DE RELAVE","metodo_constructivo":"AGUAS ARRIBA","shape_area_m2":10251.62071,"bbox":[-71.09897276,-31.46786162,-71.09897276,-31.46786162],"lat":-31.46786162,"lon":-71.09897276,"nombre_busq":"0447-4N FAENA TUNQUEN EX EL ALMENDRO JUAN POLO DABED COBRE-ORO Illapel TRANQUE DE RELAVE AGUAS ARRIBA","source_file":"geonoxa_relaves_panel.geojson"},"geometry":{"type":"Point","coordinates":[-71.09897276,-31.46786162]}},{"type":"Feature","properties":{"familia":"relaves","tipo_objeto":"Relave","id_objeto":"0448-4N","nombre_objeto":"FAENA TUNQUEN EX EL ALMENDRO","nombre_relave":"FAENA TUNQUEN EX EL ALMENDRO","titular":"JUAN POLO DABED","empresa":"JUAN POLO DABED","faena":"FAENA TUNQUEN EX EL ALMENDRO","recurso":"COBRE-ORO","comuna":"Illapel","tipo_deposito":"TRANQUE DE RELAVE","metodo_constructivo":"EJE CENTRAL","shape_area_m2":18520.73494,"bbox":[-71.09875112,-31.46915826,-71.09875112,-31.46915826],"lat":-31.46915826,"lon":-71.09875112,"nombre_busq":"0448-4N FAENA TUNQUEN EX EL ALMENDRO JUAN POLO DABED COBRE-ORO Illapel TRANQUE DE RELAVE EJE CENTRAL","source_file":"geonoxa_relaves_panel.geojson"},"geometry":{"type":"Point","coordinates":[-71.09875112,-31.46915826]}},{"type":"Feature","properties":{"familia":"relaves","tipo_objeto":"Relave","id_objeto":"0449-4N","nombre_objeto":"FAENA TUNQUEN","nombre_relave":"FAENA TUNQUEN","titular":"JUAN POLO DABED","empresa":"JUAN POLO DABED","faena":"FAENA TUNQUEN","recurso":"COBRE","comuna":"Illapel","tipo_deposito":"TRANQUE DE RELAVE","metodo_constructivo":"","shape_area_m2":35692.31258,"bbox":[-71.09054684,-31.47916712,-71.09054684,-31.47916712],"lat":-31.47916712,"lon":-71.09054684,"nombre_busq":"0449-4N FAENA TUNQUEN JUAN POLO DABED COBRE Illapel TRANQUE DE RELAVE","source_file":"geonoxa_relaves_panel.geojson"},"geometry":{"type":"Point","coordinates":[-71.09054684,-31.47916712]}},{"type":"Feature","properties":{"familia":"relaves","tipo_objeto":"Relave","id_objeto":"0450-4N","nombre_objeto":"PLANTA MINERA AURORA VILLABLANCA SPA","nombre_relave":"PLANTA MINERA AURORA VILLABLANCA SPA","titular":"SOC. MINERA MONTE ALTO SpA","empresa":"SOC. MINERA MONTE ALTO SpA","faena":"PLANTA MINERA AURORA VILLABLANCA SPA","recurso":"COBRE-ORO","comuna":"Combarbalá","tipo_deposito":"EMBALSE","metodo_constructivo":"AGUAS ABAJO","shape_area_m2":3675.979914,"bbox":[-71.17076372,-30.8982265,-71.17076372,-30.8982265],"lat":-30.8982265,"lon":-71.17076372,"nombre_busq":"0450-4N PLANTA MINERA AURORA VILLABLANCA SPA SOC. MINERA MONTE ALTO SpA COBRE-ORO Combarbalá EMBALSE AGUAS ABAJO","source_file":"geonoxa_relaves_panel.geojson"},"geometry":{"type":"Point","coordinates":[-71.17076372,-30.8982265]}},{"type":"Feature","properties":{"familia":"relaves","tipo_objeto":"Relave","id_objeto":"0451-4N","nombre_objeto":"PLANTA EL CISNE","nombre_relave":"PLANTA EL CISNE","titular":"SLM EL DORADO","empresa":"SLM EL DORADO","faena":"PLANTA EL CISNE","recurso":"ORO","comuna":"Punitaqui","tipo_deposito":"TRANQUE DE RELAVE","metodo_constructivo":"EJE CENTRAL","shape_area_m2":17277.18487,"bbox":[-71.24074683,-30.85984045,-71.24074683,-30.85984045],"lat":-30.85984045,"lon":-71.24074683,"nombre_busq":"0451-4N PLANTA EL CISNE SLM EL DORADO ORO Punitaqui TRANQUE DE RELAVE EJE CENTRAL","source_file":"geonoxa_relaves_panel.geojson"},"geometry":{"type":"Point","coordinates":[-71.24074683,-30.85984045]}},{"type":"Feature","properties":{"familia":"relaves","tipo_objeto":"Relave","id_objeto":"0452-4N","nombre_objeto":"ALTOS DE PUNITAQUI","nombre_relave":"ALTOS DE PUNITAQUI","titular":"MINERA BMR SPA","empresa":"MINERA BMR SPA","faena":"ALTOS DE PUNITAQUI","recurso":"COBRE","comuna":"Punitaqui","tipo_deposito":"TRANQUE DE RELAVE","metodo_constructivo":"EJE CENTRAL","shape_area_m2":86964.26327,"bbox":[-71.23287202,-30.85978612,-71.23287202,-30.85978612],"lat":-30.85978612,"lon":-71.23287202,"nombre_busq":"0452-4N ALTOS DE PUNITAQUI MINERA BMR SPA COBRE Punitaqui TRANQUE DE RELAVE EJE CENTRAL","source_file":"geonoxa_relaves_panel.geojson"},"geometry":{"type":"Point","coordinates":[-71.23287202,-30.85978612]}},{"type":"Feature","properties":{"familia":"relaves","tipo_objeto":"Relave","id_objeto":"0453-4N","nombre_objeto":"MINERA ALTO DE PUNITAQUI","nombre_relave":"DESCONOCIDO","titular":"MINERA ALTO DE PUNITAQUI","empresa":"MINERA ALTO DE PUNITAQUI","faena":"DESCONOCIDO","recurso":"COBRE","comuna":"Ovalle","tipo_deposito":"TRANQUE DE RELAVE","metodo_constructivo":"AGUAS ARRIBA","shape_area_m2":52532.63046,"bbox":[-71.36989899,-30.55645031,-71.36989899,-30.55645031],"lat":-30.55645031,"lon":-71.36989899,"nombre_busq":"0453-4N DESCONOCIDO MINERA ALTO DE PUNITAQUI COBRE Ovalle TRANQUE DE RELAVE AGUAS ARRIBA","source_file":"geonoxa_relaves_panel.geojson"},"geometry":{"type":"Point","coordinates":[-71.36989899,-30.55645031]}},{"type":"Feature","properties":{"familia":"relaves","tipo_objeto":"Relave","id_objeto":"0454-4N","nombre_objeto":"ALTOS DE PUNITAQUI","nombre_relave":"ALTOS DE PUNITAQUI","titular":"MINERA BMR SPA","empresa":"MINERA BMR SPA","faena":"ALTOS DE PUNITAQUI","recurso":"ORO","comuna":"Punitaqui","tipo_deposito":"TRANQUE DE RELAVE","metodo_constructivo":"EJE CENTRAL","shape_area_m2":205129.9104,"bbox":[-71.2261979,-30.85853821,-71.2261979,-30.85853821],"lat":-30.85853821,"lon":-71.2261979,"nombre_busq":"0454-4N ALTOS DE PUNITAQUI MINERA BMR SPA ORO Punitaqui TRANQUE DE RELAVE EJE CENTRAL","source_file":"geonoxa_relaves_panel.geojson"},"geometry":{"type":"Point","coordinates":[-71.2261979,-30.85853821]}},{"type":"Feature","properties":{"familia":"relaves","tipo_objeto":"Relave","id_objeto":"0455-4N","nombre_objeto":"ALTOS DE PUNITAQUI","nombre_relave":"ALTOS DE PUNITAQUI","titular":"MINERA BMR SPA","empresa":"MINERA BMR SPA","faena":"ALTOS DE PUNITAQUI","recurso":"ORO","comuna":"Punitaqui","tipo_deposito":"ESPESADO","metodo_constructivo":"EJE CENTRAL","shape_area_m2":111289.5692,"bbox":[-71.22705246,-30.86300374,-71.22705246,-30.86300374],"lat":-30.86300374,"lon":-71.22705246,"nombre_busq":"0455-4N ALTOS DE PUNITAQUI MINERA BMR SPA ORO Punitaqui ESPESADO EJE CENTRAL","source_file":"geonoxa_relaves_panel.geojson"},"geometry":{"type":"Point","coordinates":[-71.22705246,-30.86300374]}},{"type":"Feature","properties":{"familia":"relaves","tipo_objeto":"Relave","id_objeto":"0456-4N","nombre_objeto":"PLANTA LAS PALMAS","nombre_relave":"PLANTA LAS PALMAS","titular":"LEONEL ANGEL BRUNE","empresa":"LEONEL ANGEL BRUNE","faena":"PLANTA LAS PALMAS","recurso":"COBRE-ORO","comuna":"Río Hurtado","tipo_deposito":"TRANQUE DE RELAVE","metodo_constructivo":"EJE CENTRAL","shape_area_m2":3380.363974,"bbox":[-70.86771717,-30.39652296,-70.86771717,-30.39652296],"lat":-30.39652296,"lon":-70.86771717,"nombre_busq":"0456-4N PLANTA LAS PALMAS LEONEL ANGEL BRUNE COBRE-ORO Río Hurtado TRANQUE DE RELAVE EJE CENTRAL","source_file":"geonoxa_relaves_panel.geojson"},"geometry":{"type":"Point","coordinates":[-70.86771717,-30.39652296]}},{"type":"Feature","properties":{"familia":"relaves","tipo_objeto":"Relave","id_objeto":"0457-4N","nombre_objeto":"DESCONOCIDO","nombre_relave":"DESCONOCIDO","titular":"DESCONOCIDO","empresa":"DESCONOCIDO","faena":"DESCONOCIDO","recurso":"ORO","comuna":"Canela","tipo_deposito":"ACOPIO","metodo_constructivo":"NO APLICA","shape_area_m2":943.5776074,"bbox":[-71.33068219,-31.56999562,-71.33068219,-31.56999562],"lat":-31.56999562,"lon":-71.33068219,"nombre_busq":"0457-4N DESCONOCIDO DESCONOCIDO ORO Canela ACOPIO NO APLICA","source_file":"geonoxa_relaves_panel.geojson"},"geometry":{"type":"Point","coordinates":[-71.33068219,-31.56999562]}},{"type":"Feature","properties":{"familia":"relaves","tipo_objeto":"Relave","id_objeto":"0458-4N","nombre_objeto":"PLANTA ESPERANZA","nombre_relave":"PLANTA ESPERANZA","titular":"SUC. LUIS ALVAREZ SIERRA","empresa":"SUC. LUIS ALVAREZ SIERRA","faena":"PLANTA ESPERANZA","recurso":"COBRE-ORO","comuna":"Illapel","tipo_deposito":"TRANQUE DE RELAVE","metodo_constructivo":"AGUAS ARRIBA","shape_area_m2":6988.764756,"bbox":[-71.05576211,-31.39607956,-71.05576211,-31.39607956],"lat":-31.39607956,"lon":-71.05576211,"nombre_busq":"0458-4N PLANTA ESPERANZA SUC. LUIS ALVAREZ SIERRA COBRE-ORO Illapel TRANQUE DE RELAVE AGUAS ARRIBA","source_file":"geonoxa_relaves_panel.geojson"},"geometry":{"type":"Point","coordinates":[-71.05576211,-31.39607956]}},{"type":"Feature","properties":{"familia":"relaves","tipo_objeto":"Relave","id_objeto":"0459-4N","nombre_objeto":"PLANTA ESPERANZA","nombre_relave":"PLANTA ESPERANZA","titular":"SUC. LUIS ALVAREZ SIERRA","empresa":"SUC. LUIS ALVAREZ SIERRA","faena":"PLANTA ESPERANZA","recurso":"COBRE-ORO","comuna":"Illapel","tipo_deposito":"TRANQUE DE RELAVE","metodo_constructivo":"AGUAS ARRIBA","shape_area_m2":5626.398928,"bbox":[-71.05583177,-31.39686393,-71.05583177,-31.39686393],"lat":-31.39686393,"lon":-71.05583177,"nombre_busq":"0459-4N PLANTA ESPERANZA SUC. LUIS ALVAREZ SIERRA COBRE-ORO Illapel TRANQUE DE RELAVE AGUAS ARRIBA","source_file":"geonoxa_relaves_panel.geojson"},"geometry":{"type":"Point","coordinates":[-71.05583177,-31.39686393]}},{"type":"Feature","properties":{"familia":"relaves","tipo_objeto":"Relave","id_objeto":"0460-4N","nombre_objeto":"PLANTA ESPERANZA","nombre_relave":"PLANTA ESPERANZA","titular":"SUC. LUIS ALVAREZ SIERRA","empresa":"SUC. LUIS ALVAREZ SIERRA","faena":"PLANTA ESPERANZA","recurso":"COBRE-ORO","comuna":"Illapel","tipo_deposito":"TRANQUE DE RELAVE","metodo_constructivo":"AGUAS ARRIBA","shape_area_m2":10475.30635,"bbox":[-71.06155145,-31.40598841,-71.06155145,-31.40598841],"lat":-31.40598841,"lon":-71.06155145,"nombre_busq":"0460-4N PLANTA ESPERANZA SUC. LUIS ALVAREZ SIERRA COBRE-ORO Illapel TRANQUE DE RELAVE AGUAS ARRIBA","source_file":"geonoxa_relaves_panel.geojson"},"geometry":{"type":"Point","coordinates":[-71.06155145,-31.40598841]}},{"type":"Feature","properties":{"familia":"relaves","tipo_objeto":"Relave","id_objeto":"0461-4N","nombre_objeto":"PLANTA ESPERANZA 2","nombre_relave":"PLANTA ESPERANZA 2","titular":"SUC. LUIS ALVAREZ SIERRA","empresa":"SUC. LUIS ALVAREZ SIERRA","faena":"PLANTA ESPERANZA 2","recurso":"COBRE-ORO","comuna":"Illapel","tipo_deposito":"TRANQUE DE RELAVE","metodo_constructivo":"AGUAS ARRIBA","shape_area_m2":13720.07467,"bbox":[-71.16848918,-31.63673475,-71.16848918,-31.63673475],"lat":-31.63673475,"lon":-71.16848918,"nombre_busq":"0461-4N PLANTA ESPERANZA 2 SUC. LUIS ALVAREZ SIERRA COBRE-ORO Illapel TRANQUE DE RELAVE AGUAS ARRIBA","source_file":"geonoxa_relaves_panel.geojson"},"geometry":{"type":"Point","coordinates":[-71.16848918,-31.63673475]}},{"type":"Feature","properties":{"familia":"relaves","tipo_objeto":"Relave","id_objeto":"0462-4N","nombre_objeto":"PLANTA ESPERANZA","nombre_relave":"PLANTA ESPERANZA","titular":"SUC. LUIS ALVAREZ SIERRA","empresa":"SUC. LUIS ALVAREZ SIERRA","faena":"PLANTA ESPERANZA","recurso":"COBRE-ORO","comuna":"Illapel","tipo_deposito":"ACOPIO","metodo_constructivo":"NO APLICA","shape_area_m2":10445.66238,"bbox":[-71.06034762,-31.40058023,-71.06034762,-31.40058023],"lat":-31.40058023,"lon":-71.06034762,"nombre_busq":"0462-4N PLANTA ESPERANZA SUC. LUIS ALVAREZ SIERRA COBRE-ORO Illapel ACOPIO NO APLICA","source_file":"geonoxa_relaves_panel.geojson"},"geometry":{"type":"Point","coordinates":[-71.06034762,-31.40058023]}},{"type":"Feature","properties":{"familia":"relaves","tipo_objeto":"Relave","id_objeto":"0463-4N","nombre_objeto":"ANTA COLLA","nombre_relave":"ANTA COLLA","titular":"SLM ANTA COLLA","empresa":"SLM ANTA COLLA","faena":"ANTA COLLA","recurso":"COBRE-ORO","comuna":"Illapel","tipo_deposito":"TRANQUE DE RELAVE","metodo_constructivo":"AGUAS ARRIBA","shape_area_m2":5104.790483,"bbox":[-71.14264552,-31.62073315,-71.14264552,-31.62073315],"lat":-31.62073315,"lon":-71.14264552,"nombre_busq":"0463-4N ANTA COLLA SLM ANTA COLLA COBRE-ORO Illapel TRANQUE DE RELAVE AGUAS ARRIBA","source_file":"geonoxa_relaves_panel.geojson"},"geometry":{"type":"Point","coordinates":[-71.14264552,-31.62073315]}},{"type":"Feature","properties":{"familia":"relaves","tipo_objeto":"Relave","id_objeto":"0464-4N","nombre_objeto":"ANTA COLLA","nombre_relave":"ANTA COLLA","titular":"SLM ANTA COLLA","empresa":"SLM ANTA COLLA","faena":"ANTA COLLA","recurso":"COBRE-ORO","comuna":"Illapel","tipo_deposito":"TRANQUE DE RELAVE","metodo_constructivo":"AGUAS ARRIBA","shape_area_m2":4539.613647,"bbox":[-71.14300073,-31.62002777,-71.14300073,-31.62002777],"lat":-31.62002777,"lon":-71.14300073,"nombre_busq":"0464-4N ANTA COLLA SLM ANTA COLLA COBRE-ORO Illapel TRANQUE DE RELAVE AGUAS ARRIBA","source_file":"geonoxa_relaves_panel.geojson"},"geometry":{"type":"Point","coordinates":[-71.14300073,-31.62002777]}},{"type":"Feature","properties":{"familia":"relaves","tipo_objeto":"Relave","id_objeto":"0465-4N","nombre_objeto":"PLANTA ASIENTO VIEJO","nombre_relave":"PLANTA ASIENTO VIEJO","titular":"GUILLERMO DELGADO","empresa":"GUILLERMO DELGADO","faena":"PLANTA ASIENTO VIEJO","recurso":"ORO","comuna":"Illapel","tipo_deposito":"TRANQUE DE RELAVE","metodo_constructivo":"EJE CENTRAL","shape_area_m2":3044.493046,"bbox":[-71.12403309,-31.60302733,-71.12403309,-31.60302733],"lat":-31.60302733,"lon":-71.12403309,"nombre_busq":"0465-4N PLANTA ASIENTO VIEJO GUILLERMO DELGADO ORO Illapel TRANQUE DE RELAVE EJE CENTRAL","source_file":"geonoxa_relaves_panel.geojson"},"geometry":{"type":"Point","coordinates":[-71.12403309,-31.60302733]}},{"type":"Feature","properties":{"familia":"relaves","tipo_objeto":"Relave","id_objeto":"0466-4N","nombre_objeto":"PLANTA ASIENTO VIEJO","nombre_relave":"PLANTA ASIENTO VIEJO","titular":"GUILLERMO DELGADO","empresa":"GUILLERMO DELGADO","faena":"PLANTA ASIENTO VIEJO","recurso":"ORO","comuna":"Illapel","tipo_deposito":"TRANQUE DE RELAVE","metodo_constructivo":"EJE CENTRAL","shape_area_m2":4005.81041,"bbox":[-71.12431684,-31.60261706,-71.12431684,-31.60261706],"lat":-31.60261706,"lon":-71.12431684,"nombre_busq":"0466-4N PLANTA ASIENTO VIEJO GUILLERMO DELGADO ORO Illapel TRANQUE DE RELAVE EJE CENTRAL","source_file":"geonoxa_relaves_panel.geojson"},"geometry":{"type":"Point","coordinates":[-71.12431684,-31.60261706]}},{"type":"Feature","properties":{"familia":"relaves","tipo_objeto":"Relave","id_objeto":"0467-4N","nombre_objeto":"PLANTA ASIENTO VIEJO","nombre_relave":"PLANTA ASIENTO VIEJO","titular":"GUILLERMO DELGADO","empresa":"GUILLERMO DELGADO","faena":"PLANTA ASIENTO VIEJO","recurso":"ORO","comuna":"Illapel","tipo_deposito":"TRANQUE DE RELAVE","metodo_constructivo":"EJE CENTRAL","shape_area_m2":6990.801422,"bbox":[-71.12459722,-31.60189982,-71.12459722,-31.60189982],"lat":-31.60189982,"lon":-71.12459722,"nombre_busq":"0467-4N PLANTA ASIENTO VIEJO GUILLERMO DELGADO ORO Illapel TRANQUE DE RELAVE EJE CENTRAL","source_file":"geonoxa_relaves_panel.geojson"},"geometry":{"type":"Point","coordinates":[-71.12459722,-31.60189982]}},{"type":"Feature","properties":{"familia":"relaves","tipo_objeto":"Relave","id_objeto":"0468-4N","nombre_objeto":"PLANTA PORTEZUELO","nombre_relave":"PLANTA PORTEZUELO","titular":"CIA. MINERA PORTEZUELO","empresa":"CIA. MINERA PORTEZUELO","faena":"PLANTA PORTEZUELO","recurso":"ORO","comuna":"Illapel","tipo_deposito":"TRANQUE DE RELAVE","metodo_constructivo":"AGUAS ARRIBA","shape_area_m2":11943.6621,"bbox":[-71.12568208,-31.59791064,-71.12568208,-31.59791064],"lat":-31.59791064,"lon":-71.12568208,"nombre_busq":"0468-4N PLANTA PORTEZUELO CIA. MINERA PORTEZUELO ORO Illapel TRANQUE DE RELAVE AGUAS ARRIBA","source_file":"geonoxa_relaves_panel.geojson"},"geometry":{"type":"Point","coordinates":[-71.12568208,-31.59791064]}},{"type":"Feature","properties":{"familia":"relaves","tipo_objeto":"Relave","id_objeto":"0469-4N","nombre_objeto":"PLANTA AUCO (EX PLANTA JODE)","nombre_relave":"PLANTA AUCO (EX PLANTA JODE)","titular":"SLM AUCO (EX ODE AGUAD MONTENEGRO)","empresa":"SLM AUCO (EX ODE AGUAD MONTENEGRO)","faena":"PLANTA AUCO (EX PLANTA JODE)","recurso":"COBRE-ORO","comuna":"Illapel","tipo_deposito":"ACOPIO","metodo_constructivo":"NO APLICA","shape_area_m2":13575.27947,"bbox":[-71.10181306,-31.5706139,-71.10181306,-31.5706139],"lat":-31.5706139,"lon":-71.10181306,"nombre_busq":"0469-4N PLANTA AUCO (EX PLANTA JODE) SLM AUCO (EX ODE AGUAD MONTENEGRO) COBRE-ORO Illapel ACOPIO NO APLICA","source_file":"geonoxa_relaves_panel.geojson"},"geometry":{"type":"Point","coordinates":[-71.10181306,-31.5706139]}},{"type":"Feature","properties":{"familia":"relaves","tipo_objeto":"Relave","id_objeto":"0470-4N","nombre_objeto":"PLANTA DE BENEFICIO RCM FARELLON SANCHEZ","nombre_relave":"PLANTA DE BENEFICIO RCM FARELLON SANCHEZ","titular":"PLANTA DE BENEFICIO RCM FARELLON SANCHEZ SPA","empresa":"PLANTA DE BENEFICIO RCM FARELLON SANCHEZ SPA","faena":"PLANTA DE BENEFICIO RCM FARELLON SANCHEZ","recurso":"COBRE-ORO","comuna":"Illapel","tipo_deposito":"EMBALSE","metodo_constructivo":"EXCAVACION TERRENO","shape_area_m2":2722.654171,"bbox":[-71.02262392,-31.45121354,-71.02262392,-31.45121354],"lat":-31.45121354,"lon":-71.02262392,"nombre_busq":"0470-4N PLANTA DE BENEFICIO RCM FARELLON SANCHEZ PLANTA DE BENEFICIO RCM FARELLON SANCHEZ SPA COBRE-ORO Illapel EMBALSE EXCAVACION TERRENO","source_file":"geonoxa_relaves_panel.geojson"},"geometry":{"type":"Point","coordinates":[-71.02262392,-31.45121354]}},{"type":"Feature","properties":{"familia":"relaves","tipo_objeto":"Relave","id_objeto":"0471-4N","nombre_objeto":"FAENA SLM FLAMENCA UNA DE FARELLON SANCHEZ","nombre_relave":"FAENA SLM FLAMENCA UNA DE FARELLON SANCHEZ","titular":"SLM FLAMENCA UNA DE FARELLON SANCHEZ","empresa":"SLM FLAMENCA UNA DE FARELLON SANCHEZ","faena":"FAENA SLM FLAMENCA UNA DE FARELLON SANCHEZ","recurso":"ORO","comuna":"Illapel","tipo_deposito":"TRANQUE DE RELAVE","metodo_constructivo":"AGUAS ARRIBA","shape_area_m2":9056.175131,"bbox":[-71.02278307,-31.45330937,-71.02278307,-31.45330937],"lat":-31.45330937,"lon":-71.02278307,"nombre_busq":"0471-4N FAENA SLM FLAMENCA UNA DE FARELLON SANCHEZ SLM FLAMENCA UNA DE FARELLON SANCHEZ ORO Illapel TRANQUE DE RELAVE AGUAS ARRIBA","source_file":"geonoxa_relaves_panel.geojson"},"geometry":{"type":"Point","coordinates":[-71.02278307,-31.45330937]}},{"type":"Feature","properties":{"familia":"relaves","tipo_objeto":"Relave","id_objeto":"0472-4N","nombre_objeto":"FAENA SLM FLAMENCA UNA DE FARELLON SANCHEZ","nombre_relave":"FAENA SLM FLAMENCA UNA DE FARELLON SANCHEZ","titular":"SLM FLAMENCA UNA DE FARELLON SANCHEZ","empresa":"SLM FLAMENCA UNA DE FARELLON SANCHEZ","faena":"FAENA SLM FLAMENCA UNA DE FARELLON SANCHEZ","recurso":"ORO","comuna":"Illapel","tipo_deposito":"ACOPIO","metodo_constructivo":"NO APLICA","shape_area_m2":8618.665846,"bbox":[-71.02322047,-31.45441045,-71.02322047,-31.45441045],"lat":-31.45441045,"lon":-71.02322047,"nombre_busq":"0472-4N FAENA SLM FLAMENCA UNA DE FARELLON SANCHEZ SLM FLAMENCA UNA DE FARELLON SANCHEZ ORO Illapel ACOPIO NO APLICA","source_file":"geonoxa_relaves_panel.geojson"},"geometry":{"type":"Point","coordinates":[-71.02322047,-31.45441045]}},{"type":"Feature","properties":{"familia":"relaves","tipo_objeto":"Relave","id_objeto":"0473-4N","nombre_objeto":"PLANTA ANA MARIA","nombre_relave":"PLANTA ANA MARIA","titular":"MINERA DIAMANTINO LTDA.","empresa":"MINERA DIAMANTINO LTDA.","faena":"PLANTA ANA MARIA","recurso":"COBRE-ORO","comuna":"Illapel","tipo_deposito":"TRANQUE DE RELAVE","metodo_constructivo":"AGUAS ARRIBA","shape_area_m2":35227.49698,"bbox":[-71.01222949,-31.43093371,-71.01222949,-31.43093371],"lat":-31.43093371,"lon":-71.01222949,"nombre_busq":"0473-4N PLANTA ANA MARIA MINERA DIAMANTINO LTDA. COBRE-ORO Illapel TRANQUE DE RELAVE AGUAS ARRIBA","source_file":"geonoxa_relaves_panel.geojson"},"geometry":{"type":"Point","coordinates":[-71.01222949,-31.43093371]}},{"type":"Feature","properties":{"familia":"relaves","tipo_objeto":"Relave","id_objeto":"0474-4N","nombre_objeto":"PLANTA ANA MARIA","nombre_relave":"PLANTA ANA MARIA","titular":"MINERA DIAMANTINO LTDA.","empresa":"MINERA DIAMANTINO LTDA.","faena":"PLANTA ANA MARIA","recurso":"COBRE-ORO","comuna":"Illapel","tipo_deposito":"TRANQUE DE RELAVE","metodo_constructivo":"EJE CENTRAL","shape_area_m2":28762.82172,"bbox":[-71.01456652,-31.42718995,-71.01456652,-31.42718995],"lat":-31.42718995,"lon":-71.01456652,"nombre_busq":"0474-4N PLANTA ANA MARIA MINERA DIAMANTINO LTDA. COBRE-ORO Illapel TRANQUE DE RELAVE EJE CENTRAL","source_file":"geonoxa_relaves_panel.geojson"},"geometry":{"type":"Point","coordinates":[-71.01456652,-31.42718995]}},{"type":"Feature","properties":{"familia":"relaves","tipo_objeto":"Relave","id_objeto":"0475-4N","nombre_objeto":"FAENA LA FORTUNA","nombre_relave":"FAENA LA FORTUNA","titular":"MANUEL AGUIRRE BUSTAMANTE","empresa":"MANUEL AGUIRRE BUSTAMANTE","faena":"FAENA LA FORTUNA","recurso":"COBRE","comuna":"Illapel","tipo_deposito":"TRANQUE DE RELAVE","metodo_constructivo":"AGUAS ARRIBA","shape_area_m2":5372.604447,"bbox":[-71.08456739,-31.41034322,-71.08456739,-31.41034322],"lat":-31.41034322,"lon":-71.08456739,"nombre_busq":"0475-4N FAENA LA FORTUNA MANUEL AGUIRRE BUSTAMANTE COBRE Illapel TRANQUE DE RELAVE AGUAS ARRIBA","source_file":"geonoxa_relaves_panel.geojson"},"geometry":{"type":"Point","coordinates":[-71.08456739,-31.41034322]}},{"type":"Feature","properties":{"familia":"relaves","tipo_objeto":"Relave","id_objeto":"0476-4N","nombre_objeto":"FAENA LA FORTUNA","nombre_relave":"FAENA LA FORTUNA","titular":"MANUEL AGUIRRE BUSTAMANTE","empresa":"MANUEL AGUIRRE BUSTAMANTE","faena":"FAENA LA FORTUNA","recurso":"COBRE","comuna":"Illapel","tipo_deposito":"TRANQUE DE RELAVE","metodo_constructivo":"AGUAS ARRIBA","shape_area_m2":5780.026545,"bbox":[-71.08447597,-31.4108578,-71.08447597,-31.4108578],"lat":-31.4108578,"lon":-71.08447597,"nombre_busq":"0476-4N FAENA LA FORTUNA MANUEL AGUIRRE BUSTAMANTE COBRE Illapel TRANQUE DE RELAVE AGUAS ARRIBA","source_file":"geonoxa_relaves_panel.geojson"},"geometry":{"type":"Point","coordinates":[-71.08447597,-31.4108578]}},{"type":"Feature","properties":{"familia":"relaves","tipo_objeto":"Relave","id_objeto":"0477-4N","nombre_objeto":"PLANTA LA FORTUNA","nombre_relave":"PLANTA LA FORTUNA","titular":"MANUEL AGUIRRE BUSTAMANTE","empresa":"MANUEL AGUIRRE BUSTAMANTE","faena":"PLANTA LA FORTUNA","recurso":"COBRE-ORO","comuna":"Illapel","tipo_deposito":"TRANQUE DE RELAVE","metodo_constructivo":"AGUAS ARRIBA","shape_area_m2":6313.000434,"bbox":[-71.08467099,-31.41139483,-71.08467099,-31.41139483],"lat":-31.41139483,"lon":-71.08467099,"nombre_busq":"0477-4N PLANTA LA FORTUNA MANUEL AGUIRRE BUSTAMANTE COBRE-ORO Illapel TRANQUE DE RELAVE AGUAS ARRIBA","source_file":"geonoxa_relaves_panel.geojson"},"geometry":{"type":"Point","coordinates":[-71.08467099,-31.41139483]}},{"type":"Feature","properties":{"familia":"relaves","tipo_objeto":"Relave","id_objeto":"0478-4N","nombre_objeto":"FAENA LA FORTUNA","nombre_relave":"FAENA LA FORTUNA","titular":"MANUEL AGUIRRE BUSTAMANTE","empresa":"MANUEL AGUIRRE BUSTAMANTE","faena":"FAENA LA FORTUNA","recurso":"COBRE","comuna":"Illapel","tipo_deposito":"EMBALSE","metodo_constructivo":"","shape_area_m2":5405.314459,"bbox":[-71.08443411,-31.40971595,-71.08443411,-31.40971595],"lat":-31.40971595,"lon":-71.08443411,"nombre_busq":"0478-4N FAENA LA FORTUNA MANUEL AGUIRRE BUSTAMANTE COBRE Illapel EMBALSE","source_file":"geonoxa_relaves_panel.geojson"},"geometry":{"type":"Point","coordinates":[-71.08443411,-31.40971595]}},{"type":"Feature","properties":{"familia":"relaves","tipo_objeto":"Relave","id_objeto":"0479-4N","nombre_objeto":"FAENA KATTIA","nombre_relave":"FAENA KATTIA","titular":"EDUARDO LERY LERY","empresa":"EDUARDO LERY LERY","faena":"FAENA KATTIA","recurso":"COBRE","comuna":"Illapel","tipo_deposito":"TRANQUE DE RELAVE","metodo_constructivo":"AGUAS ARRIBA","shape_area_m2":13192.12242,"bbox":[-71.07040201,-31.37408468,-71.07040201,-31.37408468],"lat":-31.37408468,"lon":-71.07040201,"nombre_busq":"0479-4N FAENA KATTIA EDUARDO LERY LERY COBRE Illapel TRANQUE DE RELAVE AGUAS ARRIBA","source_file":"geonoxa_relaves_panel.geojson"},"geometry":{"type":"Point","coordinates":[-71.07040201,-31.37408468]}},{"type":"Feature","properties":{"familia":"relaves","tipo_objeto":"Relave","id_objeto":"0480-4N","nombre_objeto":"FAENA KATTIA","nombre_relave":"FAENA KATTIA","titular":"EDUARDO LERY LERY","empresa":"EDUARDO LERY LERY","faena":"FAENA KATTIA","recurso":"COBRE","comuna":"Illapel","tipo_deposito":"TRANQUE DE RELAVE","metodo_constructivo":"AGUAS ARRIBA","shape_area_m2":7490.171735,"bbox":[-71.07097581,-31.37276784,-71.07097581,-31.37276784],"lat":-31.37276784,"lon":-71.07097581,"nombre_busq":"0480-4N FAENA KATTIA EDUARDO LERY LERY COBRE Illapel TRANQUE DE RELAVE AGUAS ARRIBA","source_file":"geonoxa_relaves_panel.geojson"},"geometry":{"type":"Point","coordinates":[-71.07097581,-31.37276784]}},{"type":"Feature","properties":{"familia":"relaves","tipo_objeto":"Relave","id_objeto":"0481-4N","nombre_objeto":"FAENA KATTIA","nombre_relave":"FAENA KATTIA","titular":"EDUARDO LERY LERY","empresa":"EDUARDO LERY LERY","faena":"FAENA KATTIA","recurso":"COBRE","comuna":"Illapel","tipo_deposito":"TRANQUE DE RELAVE","metodo_constructivo":"AGUAS ARRIBA","shape_area_m2":18038.47964,"bbox":[-71.06862658,-31.37349717,-71.06862658,-31.37349717],"lat":-31.37349717,"lon":-71.06862658,"nombre_busq":"0481-4N FAENA KATTIA EDUARDO LERY LERY COBRE Illapel TRANQUE DE RELAVE AGUAS ARRIBA","source_file":"geonoxa_relaves_panel.geojson"},"geometry":{"type":"Point","coordinates":[-71.06862658,-31.37349717]}},{"type":"Feature","properties":{"familia":"relaves","tipo_objeto":"Relave","id_objeto":"0482-4N","nombre_objeto":"PLANTA SAN ALBERTO","nombre_relave":"PLANTA SAN ALBERTO","titular":"EDUARDO LERY LERY","empresa":"EDUARDO LERY LERY","faena":"PLANTA SAN ALBERTO","recurso":"ORO","comuna":"Canela","tipo_deposito":"ACOPIO","metodo_constructivo":"NO APLICA","shape_area_m2":3267.924647,"bbox":[-71.58329704,-31.23160747,-71.58329704,-31.23160747],"lat":-31.23160747,"lon":-71.58329704,"nombre_busq":"0482-4N PLANTA SAN ALBERTO EDUARDO LERY LERY ORO Canela ACOPIO NO APLICA","source_file":"geonoxa_relaves_panel.geojson"},"geometry":{"type":"Point","coordinates":[-71.58329704,-31.23160747]}},{"type":"Feature","properties":{"familia":"relaves","tipo_objeto":"Relave","id_objeto":"0483-4N","nombre_objeto":"PLANTA LOS CANELOS","nombre_relave":"PLANTA LOS CANELOS","titular":"CIA. MINERA KALLEU (GUILLERMO DELGADO)","empresa":"CIA. MINERA KALLEU (GUILLERMO DELGADO)","faena":"PLANTA LOS CANELOS","recurso":"COBRE-ORO","comuna":"Illapel","tipo_deposito":"ACOPIO","metodo_constructivo":"NO APLICA","shape_area_m2":8948.379272,"bbox":[-71.10183988,-31.36316867,-71.10183988,-31.36316867],"lat":-31.36316867,"lon":-71.10183988,"nombre_busq":"0483-4N PLANTA LOS CANELOS CIA. MINERA KALLEU (GUILLERMO DELGADO) COBRE-ORO Illapel ACOPIO NO APLICA","source_file":"geonoxa_relaves_panel.geojson"},"geometry":{"type":"Point","coordinates":[-71.10183988,-31.36316867]}},{"type":"Feature","properties":{"familia":"relaves","tipo_objeto":"Relave","id_objeto":"0484-4N","nombre_objeto":"PLANTA LOS CANELOS","nombre_relave":"PLANTA LOS CANELOS","titular":"CIA. MINERA KALLEU (GUILLERMO DELGADO)","empresa":"CIA. MINERA KALLEU (GUILLERMO DELGADO)","faena":"PLANTA LOS CANELOS","recurso":"COBRE-ORO","comuna":"Illapel","tipo_deposito":"ACOPIO","metodo_constructivo":"NO APLICA","shape_area_m2":2933.625127,"bbox":[-71.10237327,-31.36387923,-71.10237327,-31.36387923],"lat":-31.36387923,"lon":-71.10237327,"nombre_busq":"0484-4N PLANTA LOS CANELOS CIA. MINERA KALLEU (GUILLERMO DELGADO) COBRE-ORO Illapel ACOPIO NO APLICA","source_file":"geonoxa_relaves_panel.geojson"},"geometry":{"type":"Point","coordinates":[-71.10237327,-31.36387923]}},{"type":"Feature","properties":{"familia":"relaves","tipo_objeto":"Relave","id_objeto":"0485-4N","nombre_objeto":"PLANTA LOS CANELOS","nombre_relave":"PLANTA LOS CANELOS","titular":"CIA. MINERA KALLEU (GUILLERMO DELGADO)","empresa":"CIA. MINERA KALLEU (GUILLERMO DELGADO)","faena":"PLANTA LOS CANELOS","recurso":"COBRE-ORO","comuna":"Illapel","tipo_deposito":"ACOPIO","metodo_constructivo":"NO APLICA","shape_area_m2":3490.749925,"bbox":[-71.10094646,-31.36258404,-71.10094646,-31.36258404],"lat":-31.36258404,"lon":-71.10094646,"nombre_busq":"0485-4N PLANTA LOS CANELOS CIA. MINERA KALLEU (GUILLERMO DELGADO) COBRE-ORO Illapel ACOPIO NO APLICA","source_file":"geonoxa_relaves_panel.geojson"},"geometry":{"type":"Point","coordinates":[-71.10094646,-31.36258404]}},{"type":"Feature","properties":{"familia":"relaves","tipo_objeto":"Relave","id_objeto":"0486-4N","nombre_objeto":"FAENA DON MARCIAL GARCIA","nombre_relave":"FAENA DON MARCIAL GARCIA","titular":"SOC. MINERA LOS VILOS","empresa":"SOC. MINERA LOS VILOS","faena":"FAENA DON MARCIAL GARCIA","recurso":"ORO-COBRE","comuna":"Los Vilos","tipo_deposito":"EMBALSE","metodo_constructivo":"EXCAVACION TERRENO","shape_area_m2":40044.09087,"bbox":[-71.13033452,-31.93837738,-71.13033452,-31.93837738],"lat":-31.93837738,"lon":-71.13033452,"nombre_busq":"0486-4N FAENA DON MARCIAL GARCIA SOC. MINERA LOS VILOS ORO-COBRE Los Vilos EMBALSE EXCAVACION TERRENO","source_file":"geonoxa_relaves_panel.geojson"},"geometry":{"type":"Point","coordinates":[-71.13033452,-31.93837738]}},{"type":"Feature","properties":{"familia":"relaves","tipo_objeto":"Relave","id_objeto":"0487-4N","nombre_objeto":"FAENA DON MARCIAL GARCIA","nombre_relave":"FAENA DON MARCIAL GARCIA","titular":"SOC. MINERA LOS VILOS","empresa":"SOC. MINERA LOS VILOS","faena":"FAENA DON MARCIAL GARCIA","recurso":"ORO-COBRE","comuna":"Los Vilos","tipo_deposito":"ACOPIO","metodo_constructivo":"NO APLICA","shape_area_m2":1930.402868,"bbox":[-71.12879224,-31.93737942,-71.12879224,-31.93737942],"lat":-31.93737942,"lon":-71.12879224,"nombre_busq":"0487-4N FAENA DON MARCIAL GARCIA SOC. MINERA LOS VILOS ORO-COBRE Los Vilos ACOPIO NO APLICA","source_file":"geonoxa_relaves_panel.geojson"},"geometry":{"type":"Point","coordinates":[-71.12879224,-31.93737942]}},{"type":"Feature","properties":{"familia":"relaves","tipo_objeto":"Relave","id_objeto":"0488-4N","nombre_objeto":"FAENA LOS PELAMBRES","nombre_relave":"FAENA LOS PELAMBRES","titular":"MINERA LOS PELAMBRES","empresa":"MINERA LOS PELAMBRES","faena":"FAENA LOS PELAMBRES","recurso":"COBRE","comuna":"Salamanca","tipo_deposito":"TRANQUE DE RELAVE","metodo_constructivo":"","shape_area_m2":225033.4381,"bbox":[-70.59179172,-31.8438172,-70.59179172,-31.8438172],"lat":-31.8438172,"lon":-70.59179172,"nombre_busq":"0488-4N FAENA LOS PELAMBRES MINERA LOS PELAMBRES COBRE Salamanca TRANQUE DE RELAVE","source_file":"geonoxa_relaves_panel.geojson"},"geometry":{"type":"Point","coordinates":[-70.59179172,-31.8438172]}},{"type":"Feature","properties":{"familia":"relaves","tipo_objeto":"Relave","id_objeto":"0489-4N","nombre_objeto":"FAENA LOS PELAMBRES","nombre_relave":"FAENA LOS PELAMBRES","titular":"MINERA LOS PELAMBRES","empresa":"MINERA LOS PELAMBRES","faena":"FAENA LOS PELAMBRES","recurso":"COBRE","comuna":"Salamanca","tipo_deposito":"TRANQUE DE RELAVE","metodo_constructivo":"AGUAS ABAJO","shape_area_m2":3838398.503,"bbox":[-70.60553518,-31.84518172,-70.60553518,-31.84518172],"lat":-31.84518172,"lon":-70.60553518,"nombre_busq":"0489-4N FAENA LOS PELAMBRES MINERA LOS PELAMBRES COBRE Salamanca TRANQUE DE RELAVE AGUAS ABAJO","source_file":"geonoxa_relaves_panel.geojson"},"geometry":{"type":"Point","coordinates":[-70.60553518,-31.84518172]}},{"type":"Feature","properties":{"familia":"relaves","tipo_objeto":"Relave","id_objeto":"0490-4N","nombre_objeto":"FAENA LOS PELAMBRES","nombre_relave":"FAENA LOS PELAMBRES","titular":"MINERA LOS PELAMBRES","empresa":"MINERA LOS PELAMBRES","faena":"FAENA LOS PELAMBRES","recurso":"COBRE-MOLIBDENO","comuna":"Los Vilos","tipo_deposito":"TRANQUE DE RELAVE","metodo_constructivo":"AGUAS ABAJO","shape_area_m2":9939115.463,"bbox":[-71.02282728,-31.96527629,-71.02282728,-31.96527629],"lat":-31.96527629,"lon":-71.02282728,"nombre_busq":"0490-4N FAENA LOS PELAMBRES MINERA LOS PELAMBRES COBRE-MOLIBDENO Los Vilos TRANQUE DE RELAVE AGUAS ABAJO","source_file":"geonoxa_relaves_panel.geojson"},"geometry":{"type":"Point","coordinates":[-71.02282728,-31.96527629]}},{"type":"Feature","properties":{"familia":"relaves","tipo_objeto":"Relave","id_objeto":"0491-4N","nombre_objeto":"PLANTA TRINCHERA","nombre_relave":"PLANTA TRINCHERA","titular":"ENRIQUE MERINO M.","empresa":"ENRIQUE MERINO M.","faena":"PLANTA TRINCHERA","recurso":"COBRE-ORO","comuna":"Salamanca","tipo_deposito":"TRANQUE DE RELAVE","metodo_constructivo":"EJE CENTRAL","shape_area_m2":6795.314735,"bbox":[-70.93823866,-31.74388416,-70.93823866,-31.74388416],"lat":-31.74388416,"lon":-70.93823866,"nombre_busq":"0491-4N PLANTA TRINCHERA ENRIQUE MERINO M. COBRE-ORO Salamanca TRANQUE DE RELAVE EJE CENTRAL","source_file":"geonoxa_relaves_panel.geojson"},"geometry":{"type":"Point","coordinates":[-70.93823866,-31.74388416]}},{"type":"Feature","properties":{"familia":"relaves","tipo_objeto":"Relave","id_objeto":"0492-4N","nombre_objeto":"PLANTA SAN ELISEO","nombre_relave":"PLANTA SAN ELISEO","titular":"MARIA TAPIA OCARANZA","empresa":"MARIA TAPIA OCARANZA","faena":"PLANTA SAN ELISEO","recurso":"COBRE-ORO","comuna":"Salamanca","tipo_deposito":"TRANQUE DE RELAVE","metodo_constructivo":"EJE CENTRAL","shape_area_m2":3819.63026,"bbox":[-70.98495355,-31.77980682,-70.98495355,-31.77980682],"lat":-31.77980682,"lon":-70.98495355,"nombre_busq":"0492-4N PLANTA SAN ELISEO MARIA TAPIA OCARANZA COBRE-ORO Salamanca TRANQUE DE RELAVE EJE CENTRAL","source_file":"geonoxa_relaves_panel.geojson"},"geometry":{"type":"Point","coordinates":[-70.98495355,-31.77980682]}},{"type":"Feature","properties":{"familia":"relaves","tipo_objeto":"Relave","id_objeto":"0493-4N","nombre_objeto":"PLANTA SAN ELISEO","nombre_relave":"PLANTA SAN ELISEO","titular":"MARIA TAPIA OCARANZA","empresa":"MARIA TAPIA OCARANZA","faena":"PLANTA SAN ELISEO","recurso":"COBRE-ORO","comuna":"Salamanca","tipo_deposito":"TRANQUE DE RELAVE","metodo_constructivo":"EJE CENTRAL","shape_area_m2":4625.38813,"bbox":[-70.98445594,-31.77964991,-70.98445594,-31.77964991],"lat":-31.77964991,"lon":-70.98445594,"nombre_busq":"0493-4N PLANTA SAN ELISEO MARIA TAPIA OCARANZA COBRE-ORO Salamanca TRANQUE DE RELAVE EJE CENTRAL","source_file":"geonoxa_relaves_panel.geojson"},"geometry":{"type":"Point","coordinates":[-70.98445594,-31.77964991]}},{"type":"Feature","properties":{"familia":"relaves","tipo_objeto":"Relave","id_objeto":"0494-4N","nombre_objeto":"PLANTA SANTO DOMINGO","nombre_relave":"PLANTA SANTO DOMINGO","titular":"EDUARDO GOMEZ TORREJON","empresa":"EDUARDO GOMEZ TORREJON","faena":"PLANTA SANTO DOMINGO","recurso":"COBRE-ORO","comuna":"Salamanca","tipo_deposito":"ACOPIO","metodo_constructivo":"NO APLICA","shape_area_m2":11446.54035,"bbox":[-70.98085851,-31.77688834,-70.98085851,-31.77688834],"lat":-31.77688834,"lon":-70.98085851,"nombre_busq":"0494-4N PLANTA SANTO DOMINGO EDUARDO GOMEZ TORREJON COBRE-ORO Salamanca ACOPIO NO APLICA","source_file":"geonoxa_relaves_panel.geojson"},"geometry":{"type":"Point","coordinates":[-70.98085851,-31.77688834]}},{"type":"Feature","properties":{"familia":"relaves","tipo_objeto":"Relave","id_objeto":"0495-4N","nombre_objeto":"PLANTA EL ARENAL (EX LOS PELADEROS)","nombre_relave":"PLANTA EL ARENAL (EX LOS PELADEROS)","titular":"CIA. MINERA TAHUINCO","empresa":"CIA. MINERA TAHUINCO","faena":"PLANTA EL ARENAL (EX LOS PELADEROS)","recurso":"COBRE","comuna":"Salamanca","tipo_deposito":"ACOPIO","metodo_constructivo":"NO APLICA","shape_area_m2":6505.820555,"bbox":[-70.91598213,-31.97806436,-70.91598213,-31.97806436],"lat":-31.97806436,"lon":-70.91598213,"nombre_busq":"0495-4N PLANTA EL ARENAL (EX LOS PELADEROS) CIA. MINERA TAHUINCO COBRE Salamanca ACOPIO NO APLICA","source_file":"geonoxa_relaves_panel.geojson"},"geometry":{"type":"Point","coordinates":[-70.91598213,-31.97806436]}},{"type":"Feature","properties":{"familia":"relaves","tipo_objeto":"Relave","id_objeto":"0496-4N","nombre_objeto":"PLANTA MERINO","nombre_relave":"PLANTA MERINO","titular":"JULIO MERINO","empresa":"JULIO MERINO","faena":"PLANTA MERINO","recurso":"COBRE","comuna":"Salamanca","tipo_deposito":"ACOPIO","metodo_constructivo":"NO APLICA","shape_area_m2":2253.739952,"bbox":[-70.91589913,-31.97576009,-70.91589913,-31.97576009],"lat":-31.97576009,"lon":-70.91589913,"nombre_busq":"0496-4N PLANTA MERINO JULIO MERINO COBRE Salamanca ACOPIO NO APLICA","source_file":"geonoxa_relaves_panel.geojson"},"geometry":{"type":"Point","coordinates":[-70.91589913,-31.97576009]}},{"type":"Feature","properties":{"familia":"relaves","tipo_objeto":"Relave","id_objeto":"0497-4N","nombre_objeto":"NUEVA MOLLAQUITA","nombre_relave":"NUEVA MOLLAQUITA","titular":"OSVALDO GAMBOA VEGA","empresa":"OSVALDO GAMBOA VEGA","faena":"NUEVA MOLLAQUITA","recurso":"COBRE","comuna":"La Serena","tipo_deposito":"EMBALSE","metodo_constructivo":"EXCAVACION TERRENO","shape_area_m2":1996.765745,"bbox":[-71.12224221,-30.0741721,-71.12224221,-30.0741721],"lat":-30.0741721,"lon":-71.12224221,"nombre_busq":"0497-4N NUEVA MOLLAQUITA OSVALDO GAMBOA VEGA COBRE La Serena EMBALSE EXCAVACION TERRENO","source_file":"geonoxa_relaves_panel.geojson"},"geometry":{"type":"Point","coordinates":[-71.12224221,-30.0741721]}},{"type":"Feature","properties":{"familia":"relaves","tipo_objeto":"Relave","id_objeto":"0498-4N","nombre_objeto":"PLANTA CHINGOLES","nombre_relave":"PLANTA CHINGOLES","titular":"CEMIN","empresa":"CEMIN","faena":"PLANTA CHINGOLES","recurso":"COBRE","comuna":"La Higuera","tipo_deposito":"TRANQUE DE RELAVE","metodo_constructivo":"AGUAS ARRIBA","shape_area_m2":19305.53002,"bbox":[-70.75216151,-29.45083041,-70.75216151,-29.45083041],"lat":-29.45083041,"lon":-70.75216151,"nombre_busq":"0498-4N PLANTA CHINGOLES CEMIN COBRE La Higuera TRANQUE DE RELAVE AGUAS ARRIBA","source_file":"geonoxa_relaves_panel.geojson"},"geometry":{"type":"Point","coordinates":[-70.75216151,-29.45083041]}},{"type":"Feature","properties":{"familia":"relaves","tipo_objeto":"Relave","id_objeto":"0499-4N","nombre_objeto":"PLANTA CHINGOLES","nombre_relave":"PLANTA CHINGOLES","titular":"CEMIN","empresa":"CEMIN","faena":"PLANTA CHINGOLES","recurso":"COBRE","comuna":"La Higuera","tipo_deposito":"EMBALSE","metodo_constructivo":"","shape_area_m2":17061.31444,"bbox":[-70.75094668,-29.45068622,-70.75094668,-29.45068622],"lat":-29.45068622,"lon":-70.75094668,"nombre_busq":"0499-4N PLANTA CHINGOLES CEMIN COBRE La Higuera EMBALSE","source_file":"geonoxa_relaves_panel.geojson"},"geometry":{"type":"Point","coordinates":[-70.75094668,-29.45068622]}},{"type":"Feature","properties":{"familia":"relaves","tipo_objeto":"Relave","id_objeto":"0500-4N","nombre_objeto":"LOS PINGOS","nombre_relave":"LOS PINGOS","titular":"COMPAÑIA EXPLOTADORA DE MINAS SPA","empresa":"COMPAÑIA EXPLOTADORA DE MINAS SPA","faena":"LOS PINGOS","recurso":"COBRE","comuna":"Monte Patria","tipo_deposito":"TRANQUE DE RELAVE","metodo_constructivo":"","shape_area_m2":40268.84052,"bbox":[-70.49616686,-30.94811119,-70.49616686,-30.94811119],"lat":-30.94811119,"lon":-70.49616686,"nombre_busq":"0500-4N LOS PINGOS COMPAÑIA EXPLOTADORA DE MINAS SPA COBRE Monte Patria TRANQUE DE RELAVE","source_file":"geonoxa_relaves_panel.geojson"},"geometry":{"type":"Point","coordinates":[-70.49616686,-30.94811119]}},{"type":"Feature","properties":{"familia":"relaves","tipo_objeto":"Relave","id_objeto":"0501-RM","nombre_objeto":"PLANTA BATUCO","nombre_relave":"PLANTA BATUCO","titular":"CEMIN","empresa":"CEMIN","faena":"PLANTA BATUCO","recurso":"COBRE","comuna":"Lampa","tipo_deposito":"EMBALSE","metodo_constructivo":"","shape_area_m2":15584.50096,"bbox":[-70.83558177,-33.25653033,-70.83558177,-33.25653033],"lat":-33.25653033,"lon":-70.83558177,"nombre_busq":"0501-RM PLANTA BATUCO CEMIN COBRE Lampa EMBALSE","source_file":"geonoxa_relaves_panel.geojson"},"geometry":{"type":"Point","coordinates":[-70.83558177,-33.25653033]}},{"type":"Feature","properties":{"familia":"relaves","tipo_objeto":"Relave","id_objeto":"0502-RM","nombre_objeto":"PLANTA BATUCO","nombre_relave":"PLANTA BATUCO","titular":"CEMIN","empresa":"CEMIN","faena":"PLANTA BATUCO","recurso":"COBRE","comuna":"Lampa","tipo_deposito":"TRANQUE DE RELAVE","metodo_constructivo":"","shape_area_m2":80199.94991,"bbox":[-70.83881391,-33.25577111,-70.83881391,-33.25577111],"lat":-33.25577111,"lon":-70.83881391,"nombre_busq":"0502-RM PLANTA BATUCO CEMIN COBRE Lampa TRANQUE DE RELAVE","source_file":"geonoxa_relaves_panel.geojson"},"geometry":{"type":"Point","coordinates":[-70.83881391,-33.25577111]}},{"type":"Feature","properties":{"familia":"relaves","tipo_objeto":"Relave","id_objeto":"0503-RM","nombre_objeto":"PLANTA BATUCO","nombre_relave":"PLANTA BATUCO","titular":"CEMIN","empresa":"CEMIN","faena":"PLANTA BATUCO","recurso":"COBRE","comuna":"Lampa","tipo_deposito":"TRANQUE DE RELAVE","metodo_constructivo":"","shape_area_m2":12599.53124,"bbox":[-70.83644525,-33.2559125,-70.83644525,-33.2559125],"lat":-33.2559125,"lon":-70.83644525,"nombre_busq":"0503-RM PLANTA BATUCO CEMIN COBRE Lampa TRANQUE DE RELAVE","source_file":"geonoxa_relaves_panel.geojson"},"geometry":{"type":"Point","coordinates":[-70.83644525,-33.2559125]}},{"type":"Feature","properties":{"familia":"relaves","tipo_objeto":"Relave","id_objeto":"0504-4N","nombre_objeto":"PLANTA SAN MIGUEL","nombre_relave":"PLANTA SAN MIGUEL","titular":"NICANOR VILLALOBOS","empresa":"NICANOR VILLALOBOS","faena":"PLANTA SAN MIGUEL","recurso":"ORO","comuna":"Monte Patria","tipo_deposito":"ACOPIO","metodo_constructivo":"NO APLICA","shape_area_m2":2005.407283,"bbox":[-70.59681578,-30.82041463,-70.59681578,-30.82041463],"lat":-30.82041463,"lon":-70.59681578,"nombre_busq":"0504-4N PLANTA SAN MIGUEL NICANOR VILLALOBOS ORO Monte Patria ACOPIO NO APLICA","source_file":"geonoxa_relaves_panel.geojson"},"geometry":{"type":"Point","coordinates":[-70.59681578,-30.82041463]}},{"type":"Feature","properties":{"familia":"relaves","tipo_objeto":"Relave","id_objeto":"0505-4N","nombre_objeto":"FAENA TESORO","nombre_relave":"FAENA TESORO","titular":"SLM TESORO I DE LA HIGUERA","empresa":"SLM TESORO I DE LA HIGUERA","faena":"FAENA TESORO","recurso":"COBRE","comuna":"La Higuera","tipo_deposito":"TRANQUE DE RELAVE","metodo_constructivo":"AGUAS ARRIBA","shape_area_m2":20916.34999,"bbox":[-71.06616992,-29.36202777,-71.06616992,-29.36202777],"lat":-29.36202777,"lon":-71.06616992,"nombre_busq":"0505-4N FAENA TESORO SLM TESORO I DE LA HIGUERA COBRE La Higuera TRANQUE DE RELAVE AGUAS ARRIBA","source_file":"geonoxa_relaves_panel.geojson"},"geometry":{"type":"Point","coordinates":[-71.06616992,-29.36202777]}},{"type":"Feature","properties":{"familia":"relaves","tipo_objeto":"Relave","id_objeto":"0506-4N","nombre_objeto":"FAENA TESORO","nombre_relave":"FAENA TESORO","titular":"SLM TESORO I DE LA HIGUERA","empresa":"SLM TESORO I DE LA HIGUERA","faena":"FAENA TESORO","recurso":"COBRE","comuna":"La Higuera","tipo_deposito":"TRANQUE DE RELAVE","metodo_constructivo":"EJE CENTRAL","shape_area_m2":18361.2154,"bbox":[-71.06461281,-29.36224354,-71.06461281,-29.36224354],"lat":-29.36224354,"lon":-71.06461281,"nombre_busq":"0506-4N FAENA TESORO SLM TESORO I DE LA HIGUERA COBRE La Higuera TRANQUE DE RELAVE EJE CENTRAL","source_file":"geonoxa_relaves_panel.geojson"},"geometry":{"type":"Point","coordinates":[-71.06461281,-29.36224354]}},{"type":"Feature","properties":{"familia":"relaves","tipo_objeto":"Relave","id_objeto":"0507-4N","nombre_objeto":"FAENA TESORO","nombre_relave":"FAENA TESORO","titular":"SLM TESORO I DE LA HIGUERA","empresa":"SLM TESORO I DE LA HIGUERA","faena":"FAENA TESORO","recurso":"COBRE","comuna":"La Higuera","tipo_deposito":"EMBALSE","metodo_constructivo":"AGUAS ABAJO","shape_area_m2":28292.70358,"bbox":[-71.06408705,-29.35703609,-71.06408705,-29.35703609],"lat":-29.35703609,"lon":-71.06408705,"nombre_busq":"0507-4N FAENA TESORO SLM TESORO I DE LA HIGUERA COBRE La Higuera EMBALSE AGUAS ABAJO","source_file":"geonoxa_relaves_panel.geojson"},"geometry":{"type":"Point","coordinates":[-71.06408705,-29.35703609]}},{"type":"Feature","properties":{"familia":"relaves","tipo_objeto":"Relave","id_objeto":"0508-4N","nombre_objeto":"PLANTA DE BENEFICIO CARLOS ARAYA CAMPAÑA","nombre_relave":"PLANTA DE BENEFICIO CARLOS ARAYA CAMPAÑA","titular":"CARLOS GREGORIO ARAYA CAMPAÑA","empresa":"CARLOS GREGORIO ARAYA CAMPAÑA","faena":"PLANTA DE BENEFICIO CARLOS ARAYA CAMPAÑA","recurso":"COBRE","comuna":"Coquimbo","tipo_deposito":"ACOPIO","metodo_constructivo":"NO APLICA","shape_area_m2":7056.025636,"bbox":[-71.21353996,-30.20040446,-71.21353996,-30.20040446],"lat":-30.20040446,"lon":-71.21353996,"nombre_busq":"0508-4N PLANTA DE BENEFICIO CARLOS ARAYA CAMPAÑA CARLOS GREGORIO ARAYA CAMPAÑA COBRE Coquimbo ACOPIO NO APLICA","source_file":"geonoxa_relaves_panel.geojson"},"geometry":{"type":"Point","coordinates":[-71.21353996,-30.20040446]}},{"type":"Feature","properties":{"familia":"relaves","tipo_objeto":"Relave","id_objeto":"0509-4N","nombre_objeto":"SAN LUIS","nombre_relave":"SAN LUIS","titular":"DINKA RAMIREZ ALBALLAY","empresa":"DINKA RAMIREZ ALBALLAY","faena":"SAN LUIS","recurso":"COBRE","comuna":"La Serena","tipo_deposito":"TRANQUE DE RELAVE","metodo_constructivo":"AGUAS ARRIBA","shape_area_m2":3767.024468,"bbox":[-71.03632535,-30.02811648,-71.03632535,-30.02811648],"lat":-30.02811648,"lon":-71.03632535,"nombre_busq":"0509-4N SAN LUIS DINKA RAMIREZ ALBALLAY COBRE La Serena TRANQUE DE RELAVE AGUAS ARRIBA","source_file":"geonoxa_relaves_panel.geojson"},"geometry":{"type":"Point","coordinates":[-71.03632535,-30.02811648]}},{"type":"Feature","properties":{"familia":"relaves","tipo_objeto":"Relave","id_objeto":"0510-4N","nombre_objeto":"SAN LUIS","nombre_relave":"SAN LUIS","titular":"DINKA RAMIREZ ALBALLAY","empresa":"DINKA RAMIREZ ALBALLAY","faena":"SAN LUIS","recurso":"COBRE","comuna":"La Serena","tipo_deposito":"TRANQUE DE RELAVE","metodo_constructivo":"AGUAS ARRIBA","shape_area_m2":6452.599672,"bbox":[-71.03643399,-30.02889234,-71.03643399,-30.02889234],"lat":-30.02889234,"lon":-71.03643399,"nombre_busq":"0510-4N SAN LUIS DINKA RAMIREZ ALBALLAY COBRE La Serena TRANQUE DE RELAVE AGUAS ARRIBA","source_file":"geonoxa_relaves_panel.geojson"},"geometry":{"type":"Point","coordinates":[-71.03643399,-30.02889234]}},{"type":"Feature","properties":{"familia":"relaves","tipo_objeto":"Relave","id_objeto":"0511-4N","nombre_objeto":"SANTA TERESITA","nombre_relave":"SANTA TERESITA","titular":"MAURICIO ALBURQUENQUE NUÑEZ","empresa":"MAURICIO ALBURQUENQUE NUÑEZ","faena":"SANTA TERESITA","recurso":"ORO-COBRE","comuna":"Andacollo","tipo_deposito":"TRANQUE DE RELAVE","metodo_constructivo":"AGUAS ARRIBA","shape_area_m2":3362.689977,"bbox":[-71.06430756,-30.2277514,-71.06430756,-30.2277514],"lat":-30.2277514,"lon":-71.06430756,"nombre_busq":"0511-4N SANTA TERESITA MAURICIO ALBURQUENQUE NUÑEZ ORO-COBRE Andacollo TRANQUE DE RELAVE AGUAS ARRIBA","source_file":"geonoxa_relaves_panel.geojson"},"geometry":{"type":"Point","coordinates":[-71.06430756,-30.2277514]}},{"type":"Feature","properties":{"familia":"relaves","tipo_objeto":"Relave","id_objeto":"0512-4N","nombre_objeto":"SANTA TERESITA","nombre_relave":"SANTA TERESITA","titular":"MAURICIO ALBURQUENQUE NUÑEZ","empresa":"MAURICIO ALBURQUENQUE NUÑEZ","faena":"SANTA TERESITA","recurso":"ORO-COBRE","comuna":"Andacollo","tipo_deposito":"TRANQUE DE RELAVE","metodo_constructivo":"AGUAS ARRIBA","shape_area_m2":8542.503806,"bbox":[-71.06517211,-30.22726858,-71.06517211,-30.22726858],"lat":-30.22726858,"lon":-71.06517211,"nombre_busq":"0512-4N SANTA TERESITA MAURICIO ALBURQUENQUE NUÑEZ ORO-COBRE Andacollo TRANQUE DE RELAVE AGUAS ARRIBA","source_file":"geonoxa_relaves_panel.geojson"},"geometry":{"type":"Point","coordinates":[-71.06517211,-30.22726858]}},{"type":"Feature","properties":{"familia":"relaves","tipo_objeto":"Relave","id_objeto":"0513-4N","nombre_objeto":"PLANTA VICTORIA","nombre_relave":"PLANTA VICTORIA","titular":"JORGE HONORES MILLA","empresa":"JORGE HONORES MILLA","faena":"PLANTA VICTORIA","recurso":"COBRE-ORO","comuna":"Andacollo","tipo_deposito":"TRANQUE DE RELAVE","metodo_constructivo":"AGUAS ARRIBA","shape_area_m2":5164.426633,"bbox":[-71.07254742,-30.22896684,-71.07254742,-30.22896684],"lat":-30.22896684,"lon":-71.07254742,"nombre_busq":"0513-4N PLANTA VICTORIA JORGE HONORES MILLA COBRE-ORO Andacollo TRANQUE DE RELAVE AGUAS ARRIBA","source_file":"geonoxa_relaves_panel.geojson"},"geometry":{"type":"Point","coordinates":[-71.07254742,-30.22896684]}},{"type":"Feature","properties":{"familia":"relaves","tipo_objeto":"Relave","id_objeto":"0514-4N","nombre_objeto":"PLANTA VICTORIA","nombre_relave":"PLANTA VICTORIA","titular":"JORGE HONORES MILLA","empresa":"JORGE HONORES MILLA","faena":"PLANTA VICTORIA","recurso":"COBRE-ORO","comuna":"Andacollo","tipo_deposito":"TRANQUE DE RELAVE","metodo_constructivo":"AGUAS ARRIBA","shape_area_m2":5811.828948,"bbox":[-71.07202909,-30.22835266,-71.07202909,-30.22835266],"lat":-30.22835266,"lon":-71.07202909,"nombre_busq":"0514-4N PLANTA VICTORIA JORGE HONORES MILLA COBRE-ORO Andacollo TRANQUE DE RELAVE AGUAS ARRIBA","source_file":"geonoxa_relaves_panel.geojson"},"geometry":{"type":"Point","coordinates":[-71.07202909,-30.22835266]}},{"type":"Feature","properties":{"familia":"relaves","tipo_objeto":"Relave","id_objeto":"0515-4N","nombre_objeto":"PLANTA HUANA","nombre_relave":"PLANTA HUANA","titular":"HECTOR GONZALEZ CASTILLO","empresa":"HECTOR GONZALEZ CASTILLO","faena":"PLANTA HUANA","recurso":"COBRE","comuna":"Monte Patria","tipo_deposito":"ACOPIO","metodo_constructivo":"NO APLICA","shape_area_m2":3567.827765,"bbox":[-70.95368043,-30.70860353,-70.95368043,-30.70860353],"lat":-30.70860353,"lon":-70.95368043,"nombre_busq":"0515-4N PLANTA HUANA HECTOR GONZALEZ CASTILLO COBRE Monte Patria ACOPIO NO APLICA","source_file":"geonoxa_relaves_panel.geojson"},"geometry":{"type":"Point","coordinates":[-70.95368043,-30.70860353]}},{"type":"Feature","properties":{"familia":"relaves","tipo_objeto":"Relave","id_objeto":"0516-4N","nombre_objeto":"PLANTA HUANA","nombre_relave":"PLANTA HUANA","titular":"HECTOR GONZALEZ CASTILLO","empresa":"HECTOR GONZALEZ CASTILLO","faena":"PLANTA HUANA","recurso":"COBRE","comuna":"Monte Patria","tipo_deposito":"ACOPIO","metodo_constructivo":"NO APLICA","shape_area_m2":1745.750421,"bbox":[-70.95298005,-30.71017471,-70.95298005,-30.71017471],"lat":-30.71017471,"lon":-70.95298005,"nombre_busq":"0516-4N PLANTA HUANA HECTOR GONZALEZ CASTILLO COBRE Monte Patria ACOPIO NO APLICA","source_file":"geonoxa_relaves_panel.geojson"},"geometry":{"type":"Point","coordinates":[-70.95298005,-30.71017471]}},{"type":"Feature","properties":{"familia":"relaves","tipo_objeto":"Relave","id_objeto":"0517-4N","nombre_objeto":"PLANTA EL ALGARROBO","nombre_relave":"PLANTA EL ALGARROBO","titular":"J. HERNANDEZ","empresa":"J. HERNANDEZ","faena":"PLANTA EL ALGARROBO","recurso":"COBRE","comuna":"Río Hurtado","tipo_deposito":"TRANQUE DE RELAVE","metodo_constructivo":"AGUAS ARRIBA","shape_area_m2":8224.897888,"bbox":[-70.99589585,-30.45218115,-70.99589585,-30.45218115],"lat":-30.45218115,"lon":-70.99589585,"nombre_busq":"0517-4N PLANTA EL ALGARROBO J. HERNANDEZ COBRE Río Hurtado TRANQUE DE RELAVE AGUAS ARRIBA","source_file":"geonoxa_relaves_panel.geojson"},"geometry":{"type":"Point","coordinates":[-70.99589585,-30.45218115]}},{"type":"Feature","properties":{"familia":"relaves","tipo_objeto":"Relave","id_objeto":"0518-4N","nombre_objeto":"FAENA RIGOBERTO VASQUEZ VERA","nombre_relave":"FAENA RIGOBERTO VASQUEZ VERA","titular":"INVERSIONES SINAXIS S.A","empresa":"INVERSIONES SINAXIS S.A","faena":"FAENA RIGOBERTO VASQUEZ VERA","recurso":"COBRE-ORO","comuna":"Illapel","tipo_deposito":"TRANQUE DE RELAVE","metodo_constructivo":"EJE CENTRAL","shape_area_m2":14119.66179,"bbox":[-71.06702941,-31.37275862,-71.06702941,-31.37275862],"lat":-31.37275862,"lon":-71.06702941,"nombre_busq":"0518-4N FAENA RIGOBERTO VASQUEZ VERA INVERSIONES SINAXIS S.A COBRE-ORO Illapel TRANQUE DE RELAVE EJE CENTRAL","source_file":"geonoxa_relaves_panel.geojson"},"geometry":{"type":"Point","coordinates":[-71.06702941,-31.37275862]}},{"type":"Feature","properties":{"familia":"relaves","tipo_objeto":"Relave","id_objeto":"0519-4N","nombre_objeto":"FAENA RIGOBERTO VASQUEZ VERA","nombre_relave":"FAENA RIGOBERTO VASQUEZ VERA","titular":"INVERSIONES SINAXIS S.A","empresa":"INVERSIONES SINAXIS S.A","faena":"FAENA RIGOBERTO VASQUEZ VERA","recurso":"COBRE-ORO","comuna":"Illapel","tipo_deposito":"TRANQUE DE RELAVE","metodo_constructivo":"EJE CENTRAL","shape_area_m2":10094.585,"bbox":[-71.06713375,-31.37366776,-71.06713375,-31.37366776],"lat":-31.37366776,"lon":-71.06713375,"nombre_busq":"0519-4N FAENA RIGOBERTO VASQUEZ VERA INVERSIONES SINAXIS S.A COBRE-ORO Illapel TRANQUE DE RELAVE EJE CENTRAL","source_file":"geonoxa_relaves_panel.geojson"},"geometry":{"type":"Point","coordinates":[-71.06713375,-31.37366776]}},{"type":"Feature","properties":{"familia":"relaves","tipo_objeto":"Relave","id_objeto":"0520-4N","nombre_objeto":"FAENA MIGUEL AGUIRRE BUSTAMANTE","nombre_relave":"FAENA MIGUEL AGUIRRE BUSTAMANTE","titular":"MIGUEL AGUIRRE BUSTAMANTE","empresa":"MIGUEL AGUIRRE BUSTAMANTE","faena":"FAENA MIGUEL AGUIRRE BUSTAMANTE","recurso":"COBRE-ORO","comuna":"Illapel","tipo_deposito":"EMBALSE","metodo_constructivo":"","shape_area_m2":12305.71215,"bbox":[-71.17166384,-31.6392398,-71.17166384,-31.6392398],"lat":-31.6392398,"lon":-71.17166384,"nombre_busq":"0520-4N FAENA MIGUEL AGUIRRE BUSTAMANTE MIGUEL AGUIRRE BUSTAMANTE COBRE-ORO Illapel EMBALSE","source_file":"geonoxa_relaves_panel.geojson"},"geometry":{"type":"Point","coordinates":[-71.17166384,-31.6392398]}},{"type":"Feature","properties":{"familia":"relaves","tipo_objeto":"Relave","id_objeto":"0521-4N","nombre_objeto":"FAENA DOS ESPINOS","nombre_relave":"FAENA DOS ESPINOS","titular":"EDUARDO OLIVARES CAÑAS","empresa":"EDUARDO OLIVARES CAÑAS","faena":"FAENA DOS ESPINOS","recurso":"ORO","comuna":"La Higuera","tipo_deposito":"EMBALSE","metodo_constructivo":"EXCAVACION TERRENO","shape_area_m2":502.73565,"bbox":[-70.78877676,-29.44398961,-70.78877676,-29.44398961],"lat":-29.44398961,"lon":-70.78877676,"nombre_busq":"0521-4N FAENA DOS ESPINOS EDUARDO OLIVARES CAÑAS ORO La Higuera EMBALSE EXCAVACION TERRENO","source_file":"geonoxa_relaves_panel.geojson"},"geometry":{"type":"Point","coordinates":[-70.78877676,-29.44398961]}},{"type":"Feature","properties":{"familia":"relaves","tipo_objeto":"Relave","id_objeto":"0522-4N","nombre_objeto":"FAENA PONCE","nombre_relave":"FAENA PONCE","titular":"SLM NANCY PRIMERA (TOMAS PONCE)","empresa":"SLM NANCY PRIMERA (TOMAS PONCE)","faena":"FAENA PONCE","recurso":"COBRE-ORO","comuna":"Andacollo","tipo_deposito":"TRANQUE DE RELAVE","metodo_constructivo":"EJE CENTRAL","shape_area_m2":9755.58272,"bbox":[-71.07677344,-30.2508917,-71.07677344,-30.2508917],"lat":-30.2508917,"lon":-71.07677344,"nombre_busq":"0522-4N FAENA PONCE SLM NANCY PRIMERA (TOMAS PONCE) COBRE-ORO Andacollo TRANQUE DE RELAVE EJE CENTRAL","source_file":"geonoxa_relaves_panel.geojson"},"geometry":{"type":"Point","coordinates":[-71.07677344,-30.2508917]}},{"type":"Feature","properties":{"familia":"relaves","tipo_objeto":"Relave","id_objeto":"0523-4N","nombre_objeto":"FAENA PONCE","nombre_relave":"FAENA PONCE","titular":"SLM NANCY PRIMERA (TOMAS PONCE)","empresa":"SLM NANCY PRIMERA (TOMAS PONCE)","faena":"FAENA PONCE","recurso":"COBRE-ORO","comuna":"Andacollo","tipo_deposito":"TRANQUE DE RELAVE","metodo_constructivo":"AGUAS ARRIBA","shape_area_m2":1474.875659,"bbox":[-71.07797968,-30.2511135,-71.07797968,-30.2511135],"lat":-30.2511135,"lon":-71.07797968,"nombre_busq":"0523-4N FAENA PONCE SLM NANCY PRIMERA (TOMAS PONCE) COBRE-ORO Andacollo TRANQUE DE RELAVE AGUAS ARRIBA","source_file":"geonoxa_relaves_panel.geojson"},"geometry":{"type":"Point","coordinates":[-71.07797968,-30.2511135]}},{"type":"Feature","properties":{"familia":"relaves","tipo_objeto":"Relave","id_objeto":"0524-4N","nombre_objeto":"FAENA PONCE","nombre_relave":"FAENA PONCE","titular":"SLM NANCY PRIMERA (TOMAS PONCE)","empresa":"SLM NANCY PRIMERA (TOMAS PONCE)","faena":"FAENA PONCE","recurso":"COBRE-ORO","comuna":"Andacollo","tipo_deposito":"TRANQUE DE RELAVE","metodo_constructivo":"AGUAS ARRIBA","shape_area_m2":1330.961328,"bbox":[-71.0778974,-30.2517124,-71.0778974,-30.2517124],"lat":-30.2517124,"lon":-71.0778974,"nombre_busq":"0524-4N FAENA PONCE SLM NANCY PRIMERA (TOMAS PONCE) COBRE-ORO Andacollo TRANQUE DE RELAVE AGUAS ARRIBA","source_file":"geonoxa_relaves_panel.geojson"},"geometry":{"type":"Point","coordinates":[-71.0778974,-30.2517124]}},{"type":"Feature","properties":{"familia":"relaves","tipo_objeto":"Relave","id_objeto":"0525-4N","nombre_objeto":"FAENA PONCE","nombre_relave":"FAENA PONCE","titular":"SLM NANCY PRIMERA (TOMAS PONCE)","empresa":"SLM NANCY PRIMERA (TOMAS PONCE)","faena":"FAENA PONCE","recurso":"COBRE-ORO","comuna":"Andacollo","tipo_deposito":"TRANQUE DE RELAVE","metodo_constructivo":"AGUAS ARRIBA","shape_area_m2":3539.640012,"bbox":[-71.07780355,-30.2519429,-71.07780355,-30.2519429],"lat":-30.2519429,"lon":-71.07780355,"nombre_busq":"0525-4N FAENA PONCE SLM NANCY PRIMERA (TOMAS PONCE) COBRE-ORO Andacollo TRANQUE DE RELAVE AGUAS ARRIBA","source_file":"geonoxa_relaves_panel.geojson"},"geometry":{"type":"Point","coordinates":[-71.07780355,-30.2519429]}},{"type":"Feature","properties":{"familia":"relaves","tipo_objeto":"Relave","id_objeto":"0526-4N","nombre_objeto":"FAENA PONCE","nombre_relave":"FAENA PONCE","titular":"SLM NANCY PRIMERA (TOMAS PONCE)","empresa":"SLM NANCY PRIMERA (TOMAS PONCE)","faena":"FAENA PONCE","recurso":"COBRE-ORO","comuna":"Andacollo","tipo_deposito":"TRANQUE DE RELAVE","metodo_constructivo":"AGUAS ARRIBA","shape_area_m2":1187.840992,"bbox":[-71.07800182,-30.25143256,-71.07800182,-30.25143256],"lat":-30.25143256,"lon":-71.07800182,"nombre_busq":"0526-4N FAENA PONCE SLM NANCY PRIMERA (TOMAS PONCE) COBRE-ORO Andacollo TRANQUE DE RELAVE AGUAS ARRIBA","source_file":"geonoxa_relaves_panel.geojson"},"geometry":{"type":"Point","coordinates":[-71.07800182,-30.25143256]}},{"type":"Feature","properties":{"familia":"relaves","tipo_objeto":"Relave","id_objeto":"0527-4N","nombre_objeto":"FAENA PONCE","nombre_relave":"FAENA PONCE","titular":"SLM NANCY PRIMERA (TOMAS PONCE)","empresa":"SLM NANCY PRIMERA (TOMAS PONCE)","faena":"FAENA PONCE","recurso":"COBRE-ORO","comuna":"Andacollo","tipo_deposito":"TRANQUE DE RELAVE","metodo_constructivo":"AGUAS ARRIBA","shape_area_m2":5547.926713,"bbox":[-71.07729258,-30.25140234,-71.07729258,-30.25140234],"lat":-30.25140234,"lon":-71.07729258,"nombre_busq":"0527-4N FAENA PONCE SLM NANCY PRIMERA (TOMAS PONCE) COBRE-ORO Andacollo TRANQUE DE RELAVE AGUAS ARRIBA","source_file":"geonoxa_relaves_panel.geojson"},"geometry":{"type":"Point","coordinates":[-71.07729258,-30.25140234]}},{"type":"Feature","properties":{"familia":"relaves","tipo_objeto":"Relave","id_objeto":"0528-4N","nombre_objeto":"FAENA PONCE","nombre_relave":"FAENA PONCE","titular":"SLM NANCY PRIMERA (TOMAS PONCE)","empresa":"SLM NANCY PRIMERA (TOMAS PONCE)","faena":"FAENA PONCE","recurso":"COBRE-ORO","comuna":"Andacollo","tipo_deposito":"TRANQUE DE RELAVE","metodo_constructivo":"AGUAS ARRIBA","shape_area_m2":3802.141029,"bbox":[-71.07764226,-30.25086223,-71.07764226,-30.25086223],"lat":-30.25086223,"lon":-71.07764226,"nombre_busq":"0528-4N FAENA PONCE SLM NANCY PRIMERA (TOMAS PONCE) COBRE-ORO Andacollo TRANQUE DE RELAVE AGUAS ARRIBA","source_file":"geonoxa_relaves_panel.geojson"},"geometry":{"type":"Point","coordinates":[-71.07764226,-30.25086223]}},{"type":"Feature","properties":{"familia":"relaves","tipo_objeto":"Relave","id_objeto":"0529-4N","nombre_objeto":"FAENA MARIANITA","nombre_relave":"FAENA MARIANITA","titular":"INVERSIONES MINERAS PIZARRO SPA","empresa":"INVERSIONES MINERAS PIZARRO SPA","faena":"FAENA MARIANITA","recurso":"ORO","comuna":"Vicuña","tipo_deposito":"TRANQUE DE RELAVE","metodo_constructivo":"AGUAS ARRIBA","shape_area_m2":10313.53924,"bbox":[-71.00194928,-30.00113801,-71.00194928,-30.00113801],"lat":-30.00113801,"lon":-71.00194928,"nombre_busq":"0529-4N FAENA MARIANITA INVERSIONES MINERAS PIZARRO SPA ORO Vicuña TRANQUE DE RELAVE AGUAS ARRIBA","source_file":"geonoxa_relaves_panel.geojson"},"geometry":{"type":"Point","coordinates":[-71.00194928,-30.00113801]}},{"type":"Feature","properties":{"familia":"relaves","tipo_objeto":"Relave","id_objeto":"0530-4N","nombre_objeto":"FAENA MARIANITA","nombre_relave":"FAENA MARIANITA","titular":"INVERSIONES MINERAS PIZARRO SPA","empresa":"INVERSIONES MINERAS PIZARRO SPA","faena":"FAENA MARIANITA","recurso":"ORO","comuna":"Vicuña","tipo_deposito":"EMBALSE","metodo_constructivo":"EXCAVACION TERRENO","shape_area_m2":5400.840428,"bbox":[-71.00174873,-30.00056145,-71.00174873,-30.00056145],"lat":-30.00056145,"lon":-71.00174873,"nombre_busq":"0530-4N FAENA MARIANITA INVERSIONES MINERAS PIZARRO SPA ORO Vicuña EMBALSE EXCAVACION TERRENO","source_file":"geonoxa_relaves_panel.geojson"},"geometry":{"type":"Point","coordinates":[-71.00174873,-30.00056145]}},{"type":"Feature","properties":{"familia":"relaves","tipo_objeto":"Relave","id_objeto":"0531-4N","nombre_objeto":"PLANTA HORIZONTE","nombre_relave":"PLANTA HORIZONTE","titular":"PEDRO FLORES DIAZ","empresa":"PEDRO FLORES DIAZ","faena":"PLANTA HORIZONTE","recurso":"ORO","comuna":"Illapel","tipo_deposito":"TRANQUE DE RELAVE","metodo_constructivo":"AGUAS ARRIBA","shape_area_m2":3521.700298,"bbox":[-71.04742178,-31.45923474,-71.04742178,-31.45923474],"lat":-31.45923474,"lon":-71.04742178,"nombre_busq":"0531-4N PLANTA HORIZONTE PEDRO FLORES DIAZ ORO Illapel TRANQUE DE RELAVE AGUAS ARRIBA","source_file":"geonoxa_relaves_panel.geojson"},"geometry":{"type":"Point","coordinates":[-71.04742178,-31.45923474]}},{"type":"Feature","properties":{"familia":"relaves","tipo_objeto":"Relave","id_objeto":"0532-4N","nombre_objeto":"PLANTA HORIZONTE","nombre_relave":"PLANTA HORIZONTE","titular":"PEDRO FLORES DIAZ","empresa":"PEDRO FLORES DIAZ","faena":"PLANTA HORIZONTE","recurso":"ORO","comuna":"Illapel","tipo_deposito":"TRANQUE DE RELAVE","metodo_constructivo":"AGUAS ARRIBA","shape_area_m2":3136.127124,"bbox":[-71.04802173,-31.45908089,-71.04802173,-31.45908089],"lat":-31.45908089,"lon":-71.04802173,"nombre_busq":"0532-4N PLANTA HORIZONTE PEDRO FLORES DIAZ ORO Illapel TRANQUE DE RELAVE AGUAS ARRIBA","source_file":"geonoxa_relaves_panel.geojson"},"geometry":{"type":"Point","coordinates":[-71.04802173,-31.45908089]}},{"type":"Feature","properties":{"familia":"relaves","tipo_objeto":"Relave","id_objeto":"0533-4N","nombre_objeto":"PLANTA HORIZONTE","nombre_relave":"PLANTA HORIZONTE","titular":"PEDRO FLORES DIAZ","empresa":"PEDRO FLORES DIAZ","faena":"PLANTA HORIZONTE","recurso":"ORO","comuna":"Illapel","tipo_deposito":"TRANQUE DE RELAVE","metodo_constructivo":"AGUAS ARRIBA","shape_area_m2":958.5221046,"bbox":[-71.04868545,-31.45907967,-71.04868545,-31.45907967],"lat":-31.45907967,"lon":-71.04868545,"nombre_busq":"0533-4N PLANTA HORIZONTE PEDRO FLORES DIAZ ORO Illapel TRANQUE DE RELAVE AGUAS ARRIBA","source_file":"geonoxa_relaves_panel.geojson"},"geometry":{"type":"Point","coordinates":[-71.04868545,-31.45907967]}},{"type":"Feature","properties":{"familia":"relaves","tipo_objeto":"Relave","id_objeto":"0534-4N","nombre_objeto":"FAENA TUNQUEN","nombre_relave":"FAENA TUNQUEN","titular":"JUAN POLO OSSES","empresa":"JUAN POLO OSSES","faena":"FAENA TUNQUEN","recurso":"COBRE","comuna":"Illapel","tipo_deposito":"TRANQUE DE RELAVE","metodo_constructivo":"AGUAS ARRIBA","shape_area_m2":14421.22572,"bbox":[-71.09766644,-31.47346024,-71.09766644,-31.47346024],"lat":-31.47346024,"lon":-71.09766644,"nombre_busq":"0534-4N FAENA TUNQUEN JUAN POLO OSSES COBRE Illapel TRANQUE DE RELAVE AGUAS ARRIBA","source_file":"geonoxa_relaves_panel.geojson"},"geometry":{"type":"Point","coordinates":[-71.09766644,-31.47346024]}},{"type":"Feature","properties":{"familia":"relaves","tipo_objeto":"Relave","id_objeto":"0535-4N","nombre_objeto":"FAENA TUNQUEN","nombre_relave":"FAENA TUNQUEN","titular":"JUAN POLO OSSES","empresa":"JUAN POLO OSSES","faena":"FAENA TUNQUEN","recurso":"COBRE","comuna":"Illapel","tipo_deposito":"TRANQUE DE RELAVE","metodo_constructivo":"AGUAS ARRIBA","shape_area_m2":4289.284891,"bbox":[-71.09755905,-31.47458054,-71.09755905,-31.47458054],"lat":-31.47458054,"lon":-71.09755905,"nombre_busq":"0535-4N FAENA TUNQUEN JUAN POLO OSSES COBRE Illapel TRANQUE DE RELAVE AGUAS ARRIBA","source_file":"geonoxa_relaves_panel.geojson"},"geometry":{"type":"Point","coordinates":[-71.09755905,-31.47458054]}},{"type":"Feature","properties":{"familia":"relaves","tipo_objeto":"Relave","id_objeto":"0536-4N","nombre_objeto":"FAENA TUNQUEN","nombre_relave":"FAENA TUNQUEN","titular":"JUAN POLO OSSES","empresa":"JUAN POLO OSSES","faena":"FAENA TUNQUEN","recurso":"COBRE","comuna":"Illapel","tipo_deposito":"TRANQUE DE RELAVE","metodo_constructivo":"AGUAS ARRIBA","shape_area_m2":15057.82961,"bbox":[-71.09698525,-31.47550388,-71.09698525,-31.47550388],"lat":-31.47550388,"lon":-71.09698525,"nombre_busq":"0536-4N FAENA TUNQUEN JUAN POLO OSSES COBRE Illapel TRANQUE DE RELAVE AGUAS ARRIBA","source_file":"geonoxa_relaves_panel.geojson"},"geometry":{"type":"Point","coordinates":[-71.09698525,-31.47550388]}},{"type":"Feature","properties":{"familia":"relaves","tipo_objeto":"Relave","id_objeto":"0537-4N","nombre_objeto":"FAENA NUEVA CALIFORNIA","nombre_relave":"FAENA NUEVA CALIFORNIA","titular":"SOC. MINERA CALIFORNIA (VICTOR NAZER)","empresa":"SOC. MINERA CALIFORNIA (VICTOR NAZER)","faena":"FAENA NUEVA CALIFORNIA","recurso":"COBRE","comuna":"Illapel","tipo_deposito":"TRANQUE DE RELAVE","metodo_constructivo":"AGUAS ABAJO","shape_area_m2":21166.37912,"bbox":[-71.10090066,-31.56835685,-71.10090066,-31.56835685],"lat":-31.56835685,"lon":-71.10090066,"nombre_busq":"0537-4N FAENA NUEVA CALIFORNIA SOC. MINERA CALIFORNIA (VICTOR NAZER) COBRE Illapel TRANQUE DE RELAVE AGUAS ABAJO","source_file":"geonoxa_relaves_panel.geojson"},"geometry":{"type":"Point","coordinates":[-71.10090066,-31.56835685]}},{"type":"Feature","properties":{"familia":"relaves","tipo_objeto":"Relave","id_objeto":"0538-4N","nombre_objeto":"FAENA NUEVA CALIFORNIA","nombre_relave":"FAENA NUEVA CALIFORNIA","titular":"SOC. MINERA CALIFORNIA (VICTOR NAZER)","empresa":"SOC. MINERA CALIFORNIA (VICTOR NAZER)","faena":"FAENA NUEVA CALIFORNIA","recurso":"COBRE","comuna":"Illapel","tipo_deposito":"TRANQUE DE RELAVE","metodo_constructivo":"EJE CENTRAL","shape_area_m2":5528.52716,"bbox":[-71.10084757,-31.56751648,-71.10084757,-31.56751648],"lat":-31.56751648,"lon":-71.10084757,"nombre_busq":"0538-4N FAENA NUEVA CALIFORNIA SOC. MINERA CALIFORNIA (VICTOR NAZER) COBRE Illapel TRANQUE DE RELAVE EJE CENTRAL","source_file":"geonoxa_relaves_panel.geojson"},"geometry":{"type":"Point","coordinates":[-71.10084757,-31.56751648]}},{"type":"Feature","properties":{"familia":"relaves","tipo_objeto":"Relave","id_objeto":"0539-4N","nombre_objeto":"FAENA SAN JORGE","nombre_relave":"FAENA SAN JORGE","titular":"SOC. DABED POZO (RENE SOLIS)","empresa":"SOC. DABED POZO (RENE SOLIS)","faena":"FAENA SAN JORGE","recurso":"COBRE","comuna":"Illapel","tipo_deposito":"TRANQUE DE RELAVE","metodo_constructivo":"AGUAS ARRIBA","shape_area_m2":1401.609515,"bbox":[-71.16122565,-31.63270206,-71.16122565,-31.63270206],"lat":-31.63270206,"lon":-71.16122565,"nombre_busq":"0539-4N FAENA SAN JORGE SOC. DABED POZO (RENE SOLIS) COBRE Illapel TRANQUE DE RELAVE AGUAS ARRIBA","source_file":"geonoxa_relaves_panel.geojson"},"geometry":{"type":"Point","coordinates":[-71.16122565,-31.63270206]}},{"type":"Feature","properties":{"familia":"relaves","tipo_objeto":"Relave","id_objeto":"0540-4N","nombre_objeto":"FAENA SAN JORGE","nombre_relave":"FAENA SAN JORGE","titular":"SOC. DABED POZO (RENE SOLIS)","empresa":"SOC. DABED POZO (RENE SOLIS)","faena":"FAENA SAN JORGE","recurso":"COBRE","comuna":"Illapel","tipo_deposito":"TRANQUE DE RELAVE","metodo_constructivo":"AGUAS ARRIBA","shape_area_m2":3043.393082,"bbox":[-71.16142107,-31.63312678,-71.16142107,-31.63312678],"lat":-31.63312678,"lon":-71.16142107,"nombre_busq":"0540-4N FAENA SAN JORGE SOC. DABED POZO (RENE SOLIS) COBRE Illapel TRANQUE DE RELAVE AGUAS ARRIBA","source_file":"geonoxa_relaves_panel.geojson"},"geometry":{"type":"Point","coordinates":[-71.16142107,-31.63312678]}},{"type":"Feature","properties":{"familia":"relaves","tipo_objeto":"Relave","id_objeto":"0541-4N","nombre_objeto":"FAENA SAN JORGE","nombre_relave":"FAENA SAN JORGE","titular":"SOC. DABED POZO (RENE SOLIS)","empresa":"SOC. DABED POZO (RENE SOLIS)","faena":"FAENA SAN JORGE","recurso":"COBRE","comuna":"Illapel","tipo_deposito":"TRANQUE DE RELAVE","metodo_constructivo":"AGUAS ARRIBA","shape_area_m2":3127.024538,"bbox":[-71.16188694,-31.63341395,-71.16188694,-31.63341395],"lat":-31.63341395,"lon":-71.16188694,"nombre_busq":"0541-4N FAENA SAN JORGE SOC. DABED POZO (RENE SOLIS) COBRE Illapel TRANQUE DE RELAVE AGUAS ARRIBA","source_file":"geonoxa_relaves_panel.geojson"},"geometry":{"type":"Point","coordinates":[-71.16188694,-31.63341395]}},{"type":"Feature","properties":{"familia":"relaves","tipo_objeto":"Relave","id_objeto":"0542-4N","nombre_objeto":"SOC. DABED POZA LTDA.","nombre_relave":"SOC. DABED POZA LTDA.","titular":"SOC. DABED POZO (RENE SOLIS)","empresa":"SOC. DABED POZO (RENE SOLIS)","faena":"SOC. DABED POZA LTDA.","recurso":"COBRE","comuna":"Illapel","tipo_deposito":"TRANQUE DE RELAVE","metodo_constructivo":"AGUAS ARRIBA","shape_area_m2":3807.258942,"bbox":[-71.16258497,-31.63368111,-71.16258497,-31.63368111],"lat":-31.63368111,"lon":-71.16258497,"nombre_busq":"0542-4N SOC. DABED POZA LTDA. SOC. DABED POZO (RENE SOLIS) COBRE Illapel TRANQUE DE RELAVE AGUAS ARRIBA","source_file":"geonoxa_relaves_panel.geojson"},"geometry":{"type":"Point","coordinates":[-71.16258497,-31.63368111]}},{"type":"Feature","properties":{"familia":"relaves","tipo_objeto":"Relave","id_objeto":"0543-4N","nombre_objeto":"PLANTA PUENTE NEGRO","nombre_relave":"PLANTA PUENTE NEGRO","titular":"BIOMINERAL SERVICIOS LTDA","empresa":"BIOMINERAL SERVICIOS LTDA","faena":"PLANTA PUENTE NEGRO","recurso":"COBRE","comuna":"Illapel","tipo_deposito":"EMBALSE","metodo_constructivo":"","shape_area_m2":3679.282911,"bbox":[-71.26782837,-31.69331301,-71.26782837,-31.69331301],"lat":-31.69331301,"lon":-71.26782837,"nombre_busq":"0543-4N PLANTA PUENTE NEGRO BIOMINERAL SERVICIOS LTDA COBRE Illapel EMBALSE","source_file":"geonoxa_relaves_panel.geojson"},"geometry":{"type":"Point","coordinates":[-71.26782837,-31.69331301]}},{"type":"Feature","properties":{"familia":"relaves","tipo_objeto":"Relave","id_objeto":"0544-4N","nombre_objeto":"FAENA EL CANELILLO","nombre_relave":"FAENA EL CANELILLO","titular":"SLM LA FORTUNA (GABRIEL GUERRA OLIVARES)","empresa":"SLM LA FORTUNA (GABRIEL GUERRA OLIVARES)","faena":"FAENA EL CANELILLO","recurso":"COBRE","comuna":"Illapel","tipo_deposito":"TRANQUE DE RELAVE","metodo_constructivo":"AGUAS ARRIBA","shape_area_m2":8457.758571,"bbox":[-71.08421877,-31.41300942,-71.08421877,-31.41300942],"lat":-31.41300942,"lon":-71.08421877,"nombre_busq":"0544-4N FAENA EL CANELILLO SLM LA FORTUNA (GABRIEL GUERRA OLIVARES) COBRE Illapel TRANQUE DE RELAVE AGUAS ARRIBA","source_file":"geonoxa_relaves_panel.geojson"},"geometry":{"type":"Point","coordinates":[-71.08421877,-31.41300942]}},{"type":"Feature","properties":{"familia":"relaves","tipo_objeto":"Relave","id_objeto":"0545-4N","nombre_objeto":"TAMBO DE ORO","nombre_relave":"TAMBO DE ORO","titular":"SCM HMC GOLD","empresa":"SCM HMC GOLD","faena":"TAMBO DE ORO","recurso":"ORO","comuna":"Punitaqui","tipo_deposito":"FILTRADO","metodo_constructivo":"NO APLICA","shape_area_m2":163155.8938,"bbox":[-71.22365825,-30.85393495,-71.22365825,-30.85393495],"lat":-30.85393495,"lon":-71.22365825,"nombre_busq":"0545-4N TAMBO DE ORO SCM HMC GOLD ORO Punitaqui FILTRADO NO APLICA","source_file":"geonoxa_relaves_panel.geojson"},"geometry":{"type":"Point","coordinates":[-71.22365825,-30.85393495]}},{"type":"Feature","properties":{"familia":"relaves","tipo_objeto":"Relave","id_objeto":"0546-4N","nombre_objeto":"LOS MANTOS","nombre_relave":"LOS MANTOS","titular":"HUGO VEGA OLIVARES","empresa":"HUGO VEGA OLIVARES","faena":"LOS MANTOS","recurso":"COBRE","comuna":"Illapel","tipo_deposito":"EMBALSE","metodo_constructivo":"EXCAVACION TERRENO","shape_area_m2":4545.642121,"bbox":[-71.12751451,-31.72285439,-71.12751451,-31.72285439],"lat":-31.72285439,"lon":-71.12751451,"nombre_busq":"0546-4N LOS MANTOS HUGO VEGA OLIVARES COBRE Illapel EMBALSE EXCAVACION TERRENO","source_file":"geonoxa_relaves_panel.geojson"},"geometry":{"type":"Point","coordinates":[-71.12751451,-31.72285439]}},{"type":"Feature","properties":{"familia":"relaves","tipo_objeto":"Relave","id_objeto":"0547-4N","nombre_objeto":"FAENA EL ROMERO","nombre_relave":"FAENA EL ROMERO","titular":"JAIME PEREZ GOMEZ","empresa":"JAIME PEREZ GOMEZ","faena":"FAENA EL ROMERO","recurso":"COBRE-ORO","comuna":"Illapel","tipo_deposito":"TRANQUE DE RELAVE","metodo_constructivo":"AGUAS ARRIBA","shape_area_m2":11410.99146,"bbox":[-71.05875216,-31.41651444,-71.05875216,-31.41651444],"lat":-31.41651444,"lon":-71.05875216,"nombre_busq":"0547-4N FAENA EL ROMERO JAIME PEREZ GOMEZ COBRE-ORO Illapel TRANQUE DE RELAVE AGUAS ARRIBA","source_file":"geonoxa_relaves_panel.geojson"},"geometry":{"type":"Point","coordinates":[-71.05875216,-31.41651444]}},{"type":"Feature","properties":{"familia":"relaves","tipo_objeto":"Relave","id_objeto":"0548-4N","nombre_objeto":"FAENA EL ROMERO","nombre_relave":"FAENA EL ROMERO","titular":"JAIME PEREZ GOMEZ","empresa":"JAIME PEREZ GOMEZ","faena":"FAENA EL ROMERO","recurso":"COBRE","comuna":"Illapel","tipo_deposito":"TRANQUE DE RELAVE","metodo_constructivo":"EJE CENTRAL","shape_area_m2":14285.04473,"bbox":[-71.05945595,-31.41761776,-71.05945595,-31.41761776],"lat":-31.41761776,"lon":-71.05945595,"nombre_busq":"0548-4N FAENA EL ROMERO JAIME PEREZ GOMEZ COBRE Illapel TRANQUE DE RELAVE EJE CENTRAL","source_file":"geonoxa_relaves_panel.geojson"},"geometry":{"type":"Point","coordinates":[-71.05945595,-31.41761776]}},{"type":"Feature","properties":{"familia":"relaves","tipo_objeto":"Relave","id_objeto":"0549-4N","nombre_objeto":"PLANTA - TRAPICHE YOUNG (EX PLANTA CANELA)","nombre_relave":"PLANTA - TRAPICHE YOUNG (EX PLANTA CANELA)","titular":"FERNANDO YOUNG UGALDE","empresa":"FERNANDO YOUNG UGALDE","faena":"PLANTA - TRAPICHE YOUNG (EX PLANTA CANELA)","recurso":"ORO","comuna":"Canela","tipo_deposito":"EMBALSE","metodo_constructivo":"EJE CENTRAL","shape_area_m2":5736.707112,"bbox":[-71.46714149,-31.40684504,-71.46714149,-31.40684504],"lat":-31.40684504,"lon":-71.46714149,"nombre_busq":"0549-4N PLANTA - TRAPICHE YOUNG (EX PLANTA CANELA) FERNANDO YOUNG UGALDE ORO Canela EMBALSE EJE CENTRAL","source_file":"geonoxa_relaves_panel.geojson"},"geometry":{"type":"Point","coordinates":[-71.46714149,-31.40684504]}},{"type":"Feature","properties":{"familia":"relaves","tipo_objeto":"Relave","id_objeto":"0550-4N","nombre_objeto":"PLANTA SANTA CAMILA","nombre_relave":"PLANTA SANTA CAMILA","titular":"OSCAR SEGOVIA ORTIZ","empresa":"OSCAR SEGOVIA ORTIZ","faena":"PLANTA SANTA CAMILA","recurso":"COBRE","comuna":"Punitaqui","tipo_deposito":"TRANQUE DE RELAVE","metodo_constructivo":"EJE CENTRAL","shape_area_m2":4153.666672,"bbox":[-71.24494782,-30.86395384,-71.24494782,-30.86395384],"lat":-30.86395384,"lon":-71.24494782,"nombre_busq":"0550-4N PLANTA SANTA CAMILA OSCAR SEGOVIA ORTIZ COBRE Punitaqui TRANQUE DE RELAVE EJE CENTRAL","source_file":"geonoxa_relaves_panel.geojson"},"geometry":{"type":"Point","coordinates":[-71.24494782,-30.86395384]}},{"type":"Feature","properties":{"familia":"relaves","tipo_objeto":"Relave","id_objeto":"0551-4N","nombre_objeto":"PLANTA BELLAVISTA","nombre_relave":"PLANTA BELLAVISTA","titular":"SOC. COM. BELLAVISTA (J.GODOY ALBALLAY)","empresa":"SOC. COM. BELLAVISTA (J.GODOY ALBALLAY)","faena":"PLANTA BELLAVISTA","recurso":"ORO-COBRE","comuna":"Andacollo","tipo_deposito":"TRANQUE DE RELAVE","metodo_constructivo":"AGUAS ABAJO","shape_area_m2":6518.440971,"bbox":[-71.08193151,-30.25055771,-71.08193151,-30.25055771],"lat":-30.25055771,"lon":-71.08193151,"nombre_busq":"0551-4N PLANTA BELLAVISTA SOC. COM. BELLAVISTA (J.GODOY ALBALLAY) ORO-COBRE Andacollo TRANQUE DE RELAVE AGUAS ABAJO","source_file":"geonoxa_relaves_panel.geojson"},"geometry":{"type":"Point","coordinates":[-71.08193151,-30.25055771]}},{"type":"Feature","properties":{"familia":"relaves","tipo_objeto":"Relave","id_objeto":"0552-4N","nombre_objeto":"FAENA BELLAVISTA","nombre_relave":"FAENA BELLAVISTA","titular":"SOC. COM. BELLAVISTA (J.GODOY ALBALLAY)","empresa":"SOC. COM. BELLAVISTA (J.GODOY ALBALLAY)","faena":"FAENA BELLAVISTA","recurso":"ORO-COBRE","comuna":"Andacollo","tipo_deposito":"ACOPIO","metodo_constructivo":"NO APLICA","shape_area_m2":1456.491431,"bbox":[-71.07561782,-30.25352273,-71.07561782,-30.25352273],"lat":-30.25352273,"lon":-71.07561782,"nombre_busq":"0552-4N FAENA BELLAVISTA SOC. COM. BELLAVISTA (J.GODOY ALBALLAY) ORO-COBRE Andacollo ACOPIO NO APLICA","source_file":"geonoxa_relaves_panel.geojson"},"geometry":{"type":"Point","coordinates":[-71.07561782,-30.25352273]}},{"type":"Feature","properties":{"familia":"relaves","tipo_objeto":"Relave","id_objeto":"0553-4N","nombre_objeto":"FAENA BELLAVISTA","nombre_relave":"FAENA BELLAVISTA","titular":"SOC. COM. BELLAVISTA (J.GODOY ALBALLAY)","empresa":"SOC. COM. BELLAVISTA (J.GODOY ALBALLAY)","faena":"FAENA BELLAVISTA","recurso":"ORO-COBRE","comuna":"Andacollo","tipo_deposito":"ACOPIO","metodo_constructivo":"NO APLICA","shape_area_m2":975.5660625,"bbox":[-71.07578138,-30.25371337,-71.07578138,-30.25371337],"lat":-30.25371337,"lon":-71.07578138,"nombre_busq":"0553-4N FAENA BELLAVISTA SOC. COM. BELLAVISTA (J.GODOY ALBALLAY) ORO-COBRE Andacollo ACOPIO NO APLICA","source_file":"geonoxa_relaves_panel.geojson"},"geometry":{"type":"Point","coordinates":[-71.07578138,-30.25371337]}},{"type":"Feature","properties":{"familia":"relaves","tipo_objeto":"Relave","id_objeto":"0554-4N","nombre_objeto":"FAENA BELLAVISTA","nombre_relave":"FAENA BELLAVISTA","titular":"SOC. COM. BELLAVISTA (J.GODOY ALBALLAY)","empresa":"SOC. COM. BELLAVISTA (J.GODOY ALBALLAY)","faena":"FAENA BELLAVISTA","recurso":"ORO-COBRE","comuna":"Andacollo","tipo_deposito":"ACOPIO","metodo_constructivo":"NO APLICA","shape_area_m2":2111.629111,"bbox":[-71.07598741,-30.25393031,-71.07598741,-30.25393031],"lat":-30.25393031,"lon":-71.07598741,"nombre_busq":"0554-4N FAENA BELLAVISTA SOC. COM. BELLAVISTA (J.GODOY ALBALLAY) ORO-COBRE Andacollo ACOPIO NO APLICA","source_file":"geonoxa_relaves_panel.geojson"},"geometry":{"type":"Point","coordinates":[-71.07598741,-30.25393031]}},{"type":"Feature","properties":{"familia":"relaves","tipo_objeto":"Relave","id_objeto":"0555-4N","nombre_objeto":"FAENA BELLAVISTA","nombre_relave":"FAENA BELLAVISTA","titular":"SOC. COM. BELLAVISTA (J.GODOY ALBALLAY)","empresa":"SOC. COM. BELLAVISTA (J.GODOY ALBALLAY)","faena":"FAENA BELLAVISTA","recurso":"ORO-COBRE","comuna":"Andacollo","tipo_deposito":"TRANQUE DE RELAVE","metodo_constructivo":"AGUAS ARRIBA","shape_area_m2":3772.855135,"bbox":[-71.07604598,-30.25329419,-71.07604598,-30.25329419],"lat":-30.25329419,"lon":-71.07604598,"nombre_busq":"0555-4N FAENA BELLAVISTA SOC. COM. BELLAVISTA (J.GODOY ALBALLAY) ORO-COBRE Andacollo TRANQUE DE RELAVE AGUAS ARRIBA","source_file":"geonoxa_relaves_panel.geojson"},"geometry":{"type":"Point","coordinates":[-71.07604598,-30.25329419]}},{"type":"Feature","properties":{"familia":"relaves","tipo_objeto":"Relave","id_objeto":"0556-4N","nombre_objeto":"FAENA BELLAVISTA","nombre_relave":"FAENA BELLAVISTA","titular":"SOC. COM. BELLAVISTA (J.GODOY ALBALLAY)","empresa":"SOC. COM. BELLAVISTA (J.GODOY ALBALLAY)","faena":"FAENA BELLAVISTA","recurso":"ORO-COBRE","comuna":"Andacollo","tipo_deposito":"TRANQUE DE RELAVE","metodo_constructivo":"AGUAS ARRIBA","shape_area_m2":4810.753421,"bbox":[-71.0766002,-30.25337473,-71.0766002,-30.25337473],"lat":-30.25337473,"lon":-71.0766002,"nombre_busq":"0556-4N FAENA BELLAVISTA SOC. COM. BELLAVISTA (J.GODOY ALBALLAY) ORO-COBRE Andacollo TRANQUE DE RELAVE AGUAS ARRIBA","source_file":"geonoxa_relaves_panel.geojson"},"geometry":{"type":"Point","coordinates":[-71.0766002,-30.25337473]}},{"type":"Feature","properties":{"familia":"relaves","tipo_objeto":"Relave","id_objeto":"0557-4N","nombre_objeto":"PLANTA MINERA AURORA VILLABLANCA SPA","nombre_relave":"PLANTA MINERA AURORA VILLABLANCA SPA","titular":"AURORA IRENE VILLABLANCA GOMEZ","empresa":"AURORA IRENE VILLABLANCA GOMEZ","faena":"PLANTA MINERA AURORA VILLABLANCA SPA","recurso":"COBRE-ORO","comuna":"Combarbalá","tipo_deposito":"TRANQUE DE RELAVE","metodo_constructivo":"EJE CENTRAL","shape_area_m2":1451.708424,"bbox":[-71.17102794,-30.89869568,-71.17102794,-30.89869568],"lat":-30.89869568,"lon":-71.17102794,"nombre_busq":"0557-4N PLANTA MINERA AURORA VILLABLANCA SPA AURORA IRENE VILLABLANCA GOMEZ COBRE-ORO Combarbalá TRANQUE DE RELAVE EJE CENTRAL","source_file":"geonoxa_relaves_panel.geojson"},"geometry":{"type":"Point","coordinates":[-71.17102794,-30.89869568]}},{"type":"Feature","properties":{"familia":"relaves","tipo_objeto":"Relave","id_objeto":"0558-4N","nombre_objeto":"FAENA ENRIQUETA","nombre_relave":"FAENA ENRIQUETA","titular":"CIA. MINERA CLAUDIO ALBERTO ISA","empresa":"CIA. MINERA CLAUDIO ALBERTO ISA","faena":"FAENA ENRIQUETA","recurso":"COBRE","comuna":"La Higuera","tipo_deposito":"TRANQUE DE RELAVE","metodo_constructivo":"AGUAS ARRIBA","shape_area_m2":2443.373496,"bbox":[-71.11441255,-29.36509511,-71.11441255,-29.36509511],"lat":-29.36509511,"lon":-71.11441255,"nombre_busq":"0558-4N FAENA ENRIQUETA CIA. MINERA CLAUDIO ALBERTO ISA COBRE La Higuera TRANQUE DE RELAVE AGUAS ARRIBA","source_file":"geonoxa_relaves_panel.geojson"},"geometry":{"type":"Point","coordinates":[-71.11441255,-29.36509511]}},{"type":"Feature","properties":{"familia":"relaves","tipo_objeto":"Relave","id_objeto":"0559-4N","nombre_objeto":"FAENA ENRIQUETA","nombre_relave":"FAENA ENRIQUETA","titular":"CIA. MINERA CLAUDIO ALBERTO ISA","empresa":"CIA. MINERA CLAUDIO ALBERTO ISA","faena":"FAENA ENRIQUETA","recurso":"COBRE-ORO","comuna":"La Higuera","tipo_deposito":"TRANQUE DE RELAVE","metodo_constructivo":"AGUAS ARRIBA","shape_area_m2":16183.62522,"bbox":[-71.11593086,-29.36326596,-71.11593086,-29.36326596],"lat":-29.36326596,"lon":-71.11593086,"nombre_busq":"0559-4N FAENA ENRIQUETA CIA. MINERA CLAUDIO ALBERTO ISA COBRE-ORO La Higuera TRANQUE DE RELAVE AGUAS ARRIBA","source_file":"geonoxa_relaves_panel.geojson"},"geometry":{"type":"Point","coordinates":[-71.11593086,-29.36326596]}},{"type":"Feature","properties":{"familia":"relaves","tipo_objeto":"Relave","id_objeto":"0560-4N","nombre_objeto":"FAENA TRIMINERALS EX LA COLONIA","nombre_relave":"FAENA TRIMINERALS EX LA COLONIA","titular":"SCM VENTANA MINERALS","empresa":"SCM VENTANA MINERALS","faena":"FAENA TRIMINERALS EX LA COLONIA","recurso":"COBRE-ORO-PLATA","comuna":"Illapel","tipo_deposito":"EMBALSE","metodo_constructivo":"","shape_area_m2":37324.02864,"bbox":[-71.11714212,-31.59041973,-71.11714212,-31.59041973],"lat":-31.59041973,"lon":-71.11714212,"nombre_busq":"0560-4N FAENA TRIMINERALS EX LA COLONIA SCM VENTANA MINERALS COBRE-ORO-PLATA Illapel EMBALSE","source_file":"geonoxa_relaves_panel.geojson"},"geometry":{"type":"Point","coordinates":[-71.11714212,-31.59041973]}},{"type":"Feature","properties":{"familia":"relaves","tipo_objeto":"Relave","id_objeto":"0561-4N","nombre_objeto":"LOS CRISTALES","nombre_relave":"LOS CRISTALES","titular":"MINERA LOS CRISTALES","empresa":"MINERA LOS CRISTALES","faena":"LOS CRISTALES","recurso":"COBRE","comuna":"Punitaqui","tipo_deposito":"EMBALSE","metodo_constructivo":"","shape_area_m2":6067.660204,"bbox":[-71.14806583,-30.85895831,-71.14806583,-30.85895831],"lat":-30.85895831,"lon":-71.14806583,"nombre_busq":"0561-4N LOS CRISTALES MINERA LOS CRISTALES COBRE Punitaqui EMBALSE","source_file":"geonoxa_relaves_panel.geojson"},"geometry":{"type":"Point","coordinates":[-71.14806583,-30.85895831]}},{"type":"Feature","properties":{"familia":"relaves","tipo_objeto":"Relave","id_objeto":"0562-4N","nombre_objeto":"FAENA ILLAPEL","nombre_relave":"FAENA ILLAPEL","titular":"MILLAPEL S.A","empresa":"MILLAPEL S.A","faena":"FAENA ILLAPEL","recurso":"COBRE","comuna":"Illapel","tipo_deposito":"EMBALSE","metodo_constructivo":"","shape_area_m2":21767.14673,"bbox":[-71.0833393,-31.42067336,-71.0833393,-31.42067336],"lat":-31.42067336,"lon":-71.0833393,"nombre_busq":"0562-4N FAENA ILLAPEL MILLAPEL S.A COBRE Illapel EMBALSE","source_file":"geonoxa_relaves_panel.geojson"},"geometry":{"type":"Point","coordinates":[-71.0833393,-31.42067336]}},{"type":"Feature","properties":{"familia":"relaves","tipo_objeto":"Relave","id_objeto":"0563-4N","nombre_objeto":"NICOLAS YABER","nombre_relave":"NICOLAS YABER","titular":"SOC. EXPLOTADORA MINERA RA LTDA.","empresa":"SOC. EXPLOTADORA MINERA RA LTDA.","faena":"NICOLAS YABER","recurso":"COBRE","comuna":"La Higuera","tipo_deposito":"EMBALSE","metodo_constructivo":"AGUAS ABAJO","shape_area_m2":77814.68363,"bbox":[-71.14692067,-29.33264506,-71.14692067,-29.33264506],"lat":-29.33264506,"lon":-71.14692067,"nombre_busq":"0563-4N NICOLAS YABER SOC. EXPLOTADORA MINERA RA LTDA. COBRE La Higuera EMBALSE AGUAS ABAJO","source_file":"geonoxa_relaves_panel.geojson"},"geometry":{"type":"Point","coordinates":[-71.14692067,-29.33264506]}},{"type":"Feature","properties":{"familia":"relaves","tipo_objeto":"Relave","id_objeto":"0564-4N","nombre_objeto":"PLANTA MIRANDA","nombre_relave":"PLANTA MIRANDA","titular":"SANTA MARIA VERONICA SPA","empresa":"SANTA MARIA VERONICA SPA","faena":"PLANTA MIRANDA","recurso":"COBRE","comuna":"Andacollo","tipo_deposito":"TRANQUE DE RELAVE","metodo_constructivo":"EJE CENTRAL","shape_area_m2":9271.137854,"bbox":[-71.07897764,-30.25350394,-71.07897764,-30.25350394],"lat":-30.25350394,"lon":-71.07897764,"nombre_busq":"0564-4N PLANTA MIRANDA SANTA MARIA VERONICA SPA COBRE Andacollo TRANQUE DE RELAVE EJE CENTRAL","source_file":"geonoxa_relaves_panel.geojson"},"geometry":{"type":"Point","coordinates":[-71.07897764,-30.25350394]}},{"type":"Feature","properties":{"familia":"relaves","tipo_objeto":"Relave","id_objeto":"0565-4N","nombre_objeto":"PLANTA MIRANDA","nombre_relave":"PLANTA MIRANDA","titular":"SANTA MARIA VERONICA SPA","empresa":"SANTA MARIA VERONICA SPA","faena":"PLANTA MIRANDA","recurso":"COBRE","comuna":"Andacollo","tipo_deposito":"EMBALSE","metodo_constructivo":"","shape_area_m2":10101.7083,"bbox":[-71.07887294,-30.25263021,-71.07887294,-30.25263021],"lat":-30.25263021,"lon":-71.07887294,"nombre_busq":"0565-4N PLANTA MIRANDA SANTA MARIA VERONICA SPA COBRE Andacollo EMBALSE","source_file":"geonoxa_relaves_panel.geojson"},"geometry":{"type":"Point","coordinates":[-71.07887294,-30.25263021]}},{"type":"Feature","properties":{"familia":"relaves","tipo_objeto":"Relave","id_objeto":"0566-4N","nombre_objeto":"FAENA PEJERREYES","nombre_relave":"FAENA PEJERREYES","titular":"EMPRESA SERVICIOS GENERALES PARA MINERÍA LTDA.","empresa":"EMPRESA SERVICIOS GENERALES PARA MINERÍA LTDA.","faena":"FAENA PEJERREYES","recurso":"COBRE","comuna":"Ovalle","tipo_deposito":"EMBALSE","metodo_constructivo":"EXCAVACION TERRENO","shape_area_m2":43843.76453,"bbox":[-71.25391135,-30.39917439,-71.25391135,-30.39917439],"lat":-30.39917439,"lon":-71.25391135,"nombre_busq":"0566-4N FAENA PEJERREYES EMPRESA SERVICIOS GENERALES PARA MINERÍA LTDA. COBRE Ovalle EMBALSE EXCAVACION TERRENO","source_file":"geonoxa_relaves_panel.geojson"},"geometry":{"type":"Point","coordinates":[-71.25391135,-30.39917439]}},{"type":"Feature","properties":{"familia":"relaves","tipo_objeto":"Relave","id_objeto":"0567-4N","nombre_objeto":"FAENA EL MARAY","nombre_relave":"FAENA EL MARAY","titular":"MARAY S.A.","empresa":"MARAY S.A.","faena":"FAENA EL MARAY","recurso":"ORO","comuna":"Andacollo","tipo_deposito":"TRANQUE DE RELAVE","metodo_constructivo":"AGUAS ARRIBA","shape_area_m2":30727.77187,"bbox":[-71.05899976,-30.22733079,-71.05899976,-30.22733079],"lat":-30.22733079,"lon":-71.05899976,"nombre_busq":"0567-4N FAENA EL MARAY MARAY S.A. ORO Andacollo TRANQUE DE RELAVE AGUAS ARRIBA","source_file":"geonoxa_relaves_panel.geojson"},"geometry":{"type":"Point","coordinates":[-71.05899976,-30.22733079]}},{"type":"Feature","properties":{"familia":"relaves","tipo_objeto":"Relave","id_objeto":"0568-4N","nombre_objeto":"FAENA EL MARAY","nombre_relave":"FAENA EL MARAY","titular":"MARAY S.A.","empresa":"MARAY S.A.","faena":"FAENA EL MARAY","recurso":"ORO","comuna":"Andacollo","tipo_deposito":"TRANQUE DE RELAVE","metodo_constructivo":"AGUAS ARRIBA","shape_area_m2":8515.585272,"bbox":[-71.0588807,-30.22863953,-71.0588807,-30.22863953],"lat":-30.22863953,"lon":-71.0588807,"nombre_busq":"0568-4N FAENA EL MARAY MARAY S.A. ORO Andacollo TRANQUE DE RELAVE AGUAS ARRIBA","source_file":"geonoxa_relaves_panel.geojson"},"geometry":{"type":"Point","coordinates":[-71.0588807,-30.22863953]}},{"type":"Feature","properties":{"familia":"relaves","tipo_objeto":"Relave","id_objeto":"0569-4N","nombre_objeto":"PROYECTO LLANOS DE ARQUEROS","nombre_relave":"PROYECTO LLANOS DE ARQUEROS","titular":"COMPAÑIA MINERA ARQUEROS S.A.","empresa":"COMPAÑIA MINERA ARQUEROS S.A.","faena":"PROYECTO LLANOS DE ARQUEROS","recurso":"COBRE","comuna":"Vicuña","tipo_deposito":"ESPESADO","metodo_constructivo":"AGUAS ABAJO","shape_area_m2":1753537.946,"bbox":[-70.87919041,-29.81444532,-70.87919041,-29.81444532],"lat":-29.81444532,"lon":-70.87919041,"nombre_busq":"0569-4N PROYECTO LLANOS DE ARQUEROS COMPAÑIA MINERA ARQUEROS S.A. COBRE Vicuña ESPESADO AGUAS ABAJO","source_file":"geonoxa_relaves_panel.geojson"},"geometry":{"type":"Point","coordinates":[-70.87919041,-29.81444532]}},{"type":"Feature","properties":{"familia":"relaves","tipo_objeto":"Relave","id_objeto":"0570-4N","nombre_objeto":"FAENA LAS ROJAS","nombre_relave":"FAENA LAS ROJAS","titular":"CIA. MINERA DELIRIO EIRL (JOSE ALVAREZ)","empresa":"CIA. MINERA DELIRIO EIRL (JOSE ALVAREZ)","faena":"FAENA LAS ROJAS","recurso":"COBRE","comuna":"La Serena","tipo_deposito":"EMBALSE","metodo_constructivo":"EXCAVACION TERRENO","shape_area_m2":8722.919107,"bbox":[-71.05552362,-29.98084958,-71.05552362,-29.98084958],"lat":-29.98084958,"lon":-71.05552362,"nombre_busq":"0570-4N FAENA LAS ROJAS CIA. MINERA DELIRIO EIRL (JOSE ALVAREZ) COBRE La Serena EMBALSE EXCAVACION TERRENO","source_file":"geonoxa_relaves_panel.geojson"},"geometry":{"type":"Point","coordinates":[-71.05552362,-29.98084958]}},{"type":"Feature","properties":{"familia":"relaves","tipo_objeto":"Relave","id_objeto":"0571-4N","nombre_objeto":"FAENA LAS ROJAS","nombre_relave":"FAENA LAS ROJAS","titular":"CIA. MINERA DELIRIO EIRL (JOSE ALVAREZ)","empresa":"CIA. MINERA DELIRIO EIRL (JOSE ALVAREZ)","faena":"FAENA LAS ROJAS","recurso":"COBRE","comuna":"La Serena","tipo_deposito":"EMBALSE","metodo_constructivo":"EXCAVACION TERRENO","shape_area_m2":7560.696623,"bbox":[-71.05297898,-29.98075527,-71.05297898,-29.98075527],"lat":-29.98075527,"lon":-71.05297898,"nombre_busq":"0571-4N FAENA LAS ROJAS CIA. MINERA DELIRIO EIRL (JOSE ALVAREZ) COBRE La Serena EMBALSE EXCAVACION TERRENO","source_file":"geonoxa_relaves_panel.geojson"},"geometry":{"type":"Point","coordinates":[-71.05297898,-29.98075527]}},{"type":"Feature","properties":{"familia":"relaves","tipo_objeto":"Relave","id_objeto":"0572-4N","nombre_objeto":"FAENA LAS ROJAS","nombre_relave":"FAENA LAS ROJAS","titular":"CIA. MINERA DELIRIO EIRL (JOSE ALVAREZ)","empresa":"CIA. MINERA DELIRIO EIRL (JOSE ALVAREZ)","faena":"FAENA LAS ROJAS","recurso":"COBRE","comuna":"La Serena","tipo_deposito":"TRANQUE DE RELAVE","metodo_constructivo":"EJE CENTRAL","shape_area_m2":13423.40064,"bbox":[-71.05401201,-29.98093252,-71.05401201,-29.98093252],"lat":-29.98093252,"lon":-71.05401201,"nombre_busq":"0572-4N FAENA LAS ROJAS CIA. MINERA DELIRIO EIRL (JOSE ALVAREZ) COBRE La Serena TRANQUE DE RELAVE EJE CENTRAL","source_file":"geonoxa_relaves_panel.geojson"},"geometry":{"type":"Point","coordinates":[-71.05401201,-29.98093252]}},{"type":"Feature","properties":{"familia":"relaves","tipo_objeto":"Relave","id_objeto":"0573-4N","nombre_objeto":"FAENA LAS ROJAS","nombre_relave":"FAENA LAS ROJAS","titular":"CIA. MINERA DELIRIO EIRL (JOSE ALVAREZ)","empresa":"CIA. MINERA DELIRIO EIRL (JOSE ALVAREZ)","faena":"FAENA LAS ROJAS","recurso":"COBRE","comuna":"La Serena","tipo_deposito":"EMBALSE","metodo_constructivo":"EXCAVACION TERRENO","shape_area_m2":3809.161816,"bbox":[-71.05416677,-29.9795199,-71.05416677,-29.9795199],"lat":-29.9795199,"lon":-71.05416677,"nombre_busq":"0573-4N FAENA LAS ROJAS CIA. MINERA DELIRIO EIRL (JOSE ALVAREZ) COBRE La Serena EMBALSE EXCAVACION TERRENO","source_file":"geonoxa_relaves_panel.geojson"},"geometry":{"type":"Point","coordinates":[-71.05416677,-29.9795199]}},{"type":"Feature","properties":{"familia":"relaves","tipo_objeto":"Relave","id_objeto":"0574-4N","nombre_objeto":"FAENA LAS ROJAS","nombre_relave":"FAENA LAS ROJAS","titular":"CIA. MINERA DELIRIO EIRL (JOSE ALVAREZ)","empresa":"CIA. MINERA DELIRIO EIRL (JOSE ALVAREZ)","faena":"FAENA LAS ROJAS","recurso":"COBRE","comuna":"La Serena","tipo_deposito":"ACOPIO","metodo_constructivo":"NO APLICA","shape_area_m2":14591.1366,"bbox":[-71.05438728,-29.98165487,-71.05438728,-29.98165487],"lat":-29.98165487,"lon":-71.05438728,"nombre_busq":"0574-4N FAENA LAS ROJAS CIA. MINERA DELIRIO EIRL (JOSE ALVAREZ) COBRE La Serena ACOPIO NO APLICA","source_file":"geonoxa_relaves_panel.geojson"},"geometry":{"type":"Point","coordinates":[-71.05438728,-29.98165487]}},{"type":"Feature","properties":{"familia":"relaves","tipo_objeto":"Relave","id_objeto":"0575-4N","nombre_objeto":"FAENA TALCUNA","nombre_relave":"FAENA TALCUNA","titular":"OMINT SPA","empresa":"OMINT SPA","faena":"FAENA TALCUNA","recurso":"COBRE","comuna":"Vicuña","tipo_deposito":"TRANQUE DE RELAVE","metodo_constructivo":"EJE CENTRAL","shape_area_m2":138943.06,"bbox":[-70.92333227,-29.88826691,-70.92333227,-29.88826691],"lat":-29.88826691,"lon":-70.92333227,"nombre_busq":"0575-4N FAENA TALCUNA OMINT SPA COBRE Vicuña TRANQUE DE RELAVE EJE CENTRAL","source_file":"geonoxa_relaves_panel.geojson"},"geometry":{"type":"Point","coordinates":[-70.92333227,-29.88826691]}},{"type":"Feature","properties":{"familia":"relaves","tipo_objeto":"Relave","id_objeto":"0576-4N","nombre_objeto":"FAENA TALCUNA","nombre_relave":"FAENA TALCUNA","titular":"OMINT SPA","empresa":"OMINT SPA","faena":"FAENA TALCUNA","recurso":"COBRE","comuna":"Vicuña","tipo_deposito":"TRANQUE DE RELAVE","metodo_constructivo":"AGUAS ARRIBA","shape_area_m2":11360.5976,"bbox":[-70.88613795,-29.88951059,-70.88613795,-29.88951059],"lat":-29.88951059,"lon":-70.88613795,"nombre_busq":"0576-4N FAENA TALCUNA OMINT SPA COBRE Vicuña TRANQUE DE RELAVE AGUAS ARRIBA","source_file":"geonoxa_relaves_panel.geojson"},"geometry":{"type":"Point","coordinates":[-70.88613795,-29.88951059]}},{"type":"Feature","properties":{"familia":"relaves","tipo_objeto":"Relave","id_objeto":"0577-4N","nombre_objeto":"FAENA TALCUNA","nombre_relave":"FAENA TALCUNA","titular":"OMINT SPA","empresa":"OMINT SPA","faena":"FAENA TALCUNA","recurso":"COBRE","comuna":"Vicuña","tipo_deposito":"TRANQUE DE RELAVE","metodo_constructivo":"AGUAS ARRIBA","shape_area_m2":52478.60967,"bbox":[-70.8902513,-29.89252193,-70.8902513,-29.89252193],"lat":-29.89252193,"lon":-70.8902513,"nombre_busq":"0577-4N FAENA TALCUNA OMINT SPA COBRE Vicuña TRANQUE DE RELAVE AGUAS ARRIBA","source_file":"geonoxa_relaves_panel.geojson"},"geometry":{"type":"Point","coordinates":[-70.8902513,-29.89252193]}},{"type":"Feature","properties":{"familia":"relaves","tipo_objeto":"Relave","id_objeto":"0578-4N","nombre_objeto":"FAENA TALCUNA","nombre_relave":"FAENA TALCUNA","titular":"OMINT SPA","empresa":"OMINT SPA","faena":"FAENA TALCUNA","recurso":"COBRE","comuna":"Vicuña","tipo_deposito":"TRANQUE DE RELAVE","metodo_constructivo":"AGUAS ARRIBA","shape_area_m2":2751.104096,"bbox":[-70.88887551,-29.89080104,-70.88887551,-29.89080104],"lat":-29.89080104,"lon":-70.88887551,"nombre_busq":"0578-4N FAENA TALCUNA OMINT SPA COBRE Vicuña TRANQUE DE RELAVE AGUAS ARRIBA","source_file":"geonoxa_relaves_panel.geojson"},"geometry":{"type":"Point","coordinates":[-70.88887551,-29.89080104]}},{"type":"Feature","properties":{"familia":"relaves","tipo_objeto":"Relave","id_objeto":"0579-4N","nombre_objeto":"FAENA TALCUNA","nombre_relave":"FAENA TALCUNA","titular":"OMINT SPA","empresa":"OMINT SPA","faena":"FAENA TALCUNA","recurso":"COBRE","comuna":"Vicuña","tipo_deposito":"TRANQUE DE RELAVE","metodo_constructivo":"AGUAS ARRIBA","shape_area_m2":29130.57674,"bbox":[-70.89317323,-29.89170003,-70.89317323,-29.89170003],"lat":-29.89170003,"lon":-70.89317323,"nombre_busq":"0579-4N FAENA TALCUNA OMINT SPA COBRE Vicuña TRANQUE DE RELAVE AGUAS ARRIBA","source_file":"geonoxa_relaves_panel.geojson"},"geometry":{"type":"Point","coordinates":[-70.89317323,-29.89170003]}},{"type":"Feature","properties":{"familia":"relaves","tipo_objeto":"Relave","id_objeto":"0580-4N","nombre_objeto":"PLANTA ZEBALLOS","nombre_relave":"PLANTA ZEBALLOS","titular":"OMINT SPA","empresa":"OMINT SPA","faena":"PLANTA ZEBALLOS","recurso":"COBRE-ORO","comuna":"Vicuña","tipo_deposito":"TRANQUE DE RELAVE","metodo_constructivo":"AGUAS ARRIBA","shape_area_m2":5650.503692,"bbox":[-70.88247837,-29.88455393,-70.88247837,-29.88455393],"lat":-29.88455393,"lon":-70.88247837,"nombre_busq":"0580-4N PLANTA ZEBALLOS OMINT SPA COBRE-ORO Vicuña TRANQUE DE RELAVE AGUAS ARRIBA","source_file":"geonoxa_relaves_panel.geojson"},"geometry":{"type":"Point","coordinates":[-70.88247837,-29.88455393]}},{"type":"Feature","properties":{"familia":"relaves","tipo_objeto":"Relave","id_objeto":"0581-4N","nombre_objeto":"FAENA TALCUNA","nombre_relave":"FAENA TALCUNA","titular":"OMINT SPA","empresa":"OMINT SPA","faena":"FAENA TALCUNA","recurso":"COBRE","comuna":"Vicuña","tipo_deposito":"TRANQUE DE RELAVE","metodo_constructivo":"","shape_area_m2":110839.4473,"bbox":[-70.86725263,-29.8843792,-70.86725263,-29.8843792],"lat":-29.8843792,"lon":-70.86725263,"nombre_busq":"0581-4N FAENA TALCUNA OMINT SPA COBRE Vicuña TRANQUE DE RELAVE","source_file":"geonoxa_relaves_panel.geojson"},"geometry":{"type":"Point","coordinates":[-70.86725263,-29.8843792]}},{"type":"Feature","properties":{"familia":"relaves","tipo_objeto":"Relave","id_objeto":"0582-4N","nombre_objeto":"FAENA LINDEROS","nombre_relave":"FAENA LINDEROS","titular":"COMPAÑIA MINERA RINCONADA SPA","empresa":"COMPAÑIA MINERA RINCONADA SPA","faena":"FAENA LINDEROS","recurso":"COBRE","comuna":"Vicuña","tipo_deposito":"TRANQUE DE RELAVE","metodo_constructivo":"EJE CENTRAL","shape_area_m2":132425.7457,"bbox":[-70.99809448,-29.97239018,-70.99809448,-29.97239018],"lat":-29.97239018,"lon":-70.99809448,"nombre_busq":"0582-4N FAENA LINDEROS COMPAÑIA MINERA RINCONADA SPA COBRE Vicuña TRANQUE DE RELAVE EJE CENTRAL","source_file":"geonoxa_relaves_panel.geojson"},"geometry":{"type":"Point","coordinates":[-70.99809448,-29.97239018]}},{"type":"Feature","properties":{"familia":"relaves","tipo_objeto":"Relave","id_objeto":"0583-4N","nombre_objeto":"FAENA LINDEROS","nombre_relave":"FAENA LINDEROS","titular":"COMPAÑIA MINERA RINCONADA SPA","empresa":"COMPAÑIA MINERA RINCONADA SPA","faena":"FAENA LINDEROS","recurso":"COBRE-ORO","comuna":"Vicuña","tipo_deposito":"TRANQUE DE RELAVE","metodo_constructivo":"AGUAS ARRIBA","shape_area_m2":27978.32025,"bbox":[-70.99518666,-29.97533814,-70.99518666,-29.97533814],"lat":-29.97533814,"lon":-70.99518666,"nombre_busq":"0583-4N FAENA LINDEROS COMPAÑIA MINERA RINCONADA SPA COBRE-ORO Vicuña TRANQUE DE RELAVE AGUAS ARRIBA","source_file":"geonoxa_relaves_panel.geojson"},"geometry":{"type":"Point","coordinates":[-70.99518666,-29.97533814]}},{"type":"Feature","properties":{"familia":"relaves","tipo_objeto":"Relave","id_objeto":"0584-4N","nombre_objeto":"MARGARITA","nombre_relave":"MARGARITA","titular":"SOC DE SERVICIOS AGRICOLAS ALAMIRO ZUNIGA PIZARRO E HIJOS LTDA","empresa":"SOC DE SERVICIOS AGRICOLAS ALAMIRO ZUNIGA PIZARRO E HIJOS LTDA","faena":"MARGARITA","recurso":"ORO-COBRE","comuna":"Combarbalá","tipo_deposito":"FILTRADO","metodo_constructivo":"NO APLICA","shape_area_m2":17592.69044,"bbox":[-71.14819962,-30.88259126,-71.14819962,-30.88259126],"lat":-30.88259126,"lon":-71.14819962,"nombre_busq":"0584-4N MARGARITA SOC DE SERVICIOS AGRICOLAS ALAMIRO ZUNIGA PIZARRO E HIJOS LTDA ORO-COBRE Combarbalá FILTRADO NO APLICA","source_file":"geonoxa_relaves_panel.geojson"},"geometry":{"type":"Point","coordinates":[-71.14819962,-30.88259126]}},{"type":"Feature","properties":{"familia":"relaves","tipo_objeto":"Relave","id_objeto":"0585-4N","nombre_objeto":"FAENA EL MAITEN","nombre_relave":"FAENA EL MAITEN","titular":"SOC. AGUIRRE MOYANO LTDA.","empresa":"SOC. AGUIRRE MOYANO LTDA.","faena":"FAENA EL MAITEN","recurso":"ORO","comuna":"Illapel","tipo_deposito":"TRANQUE DE RELAVE","metodo_constructivo":"EJE CENTRAL","shape_area_m2":2999.29209,"bbox":[-71.25274401,-31.66428213,-71.25274401,-31.66428213],"lat":-31.66428213,"lon":-71.25274401,"nombre_busq":"0585-4N FAENA EL MAITEN SOC. AGUIRRE MOYANO LTDA. ORO Illapel TRANQUE DE RELAVE EJE CENTRAL","source_file":"geonoxa_relaves_panel.geojson"},"geometry":{"type":"Point","coordinates":[-71.25274401,-31.66428213]}},{"type":"Feature","properties":{"familia":"relaves","tipo_objeto":"Relave","id_objeto":"0586-4N","nombre_objeto":"FAENA EL MAITEN","nombre_relave":"FAENA EL MAITEN","titular":"SOC. AGUIRRE MOYANO LTDA.","empresa":"SOC. AGUIRRE MOYANO LTDA.","faena":"FAENA EL MAITEN","recurso":"ORO","comuna":"Illapel","tipo_deposito":"TRANQUE DE RELAVE","metodo_constructivo":"EJE CENTRAL","shape_area_m2":6779.685275,"bbox":[-71.25204536,-31.66372139,-71.25204536,-31.66372139],"lat":-31.66372139,"lon":-71.25204536,"nombre_busq":"0586-4N FAENA EL MAITEN SOC. AGUIRRE MOYANO LTDA. ORO Illapel TRANQUE DE RELAVE EJE CENTRAL","source_file":"geonoxa_relaves_panel.geojson"},"geometry":{"type":"Point","coordinates":[-71.25204536,-31.66372139]}},{"type":"Feature","properties":{"familia":"relaves","tipo_objeto":"Relave","id_objeto":"0587-4N","nombre_objeto":"FAENA EL MAITEN","nombre_relave":"FAENA EL MAITEN","titular":"SOC. AGUIRRE MOYANO LTDA.","empresa":"SOC. AGUIRRE MOYANO LTDA.","faena":"FAENA EL MAITEN","recurso":"ORO","comuna":"Illapel","tipo_deposito":"TRANQUE DE RELAVE","metodo_constructivo":"EJE CENTRAL","shape_area_m2":3244.424055,"bbox":[-71.25130136,-31.66367537,-71.25130136,-31.66367537],"lat":-31.66367537,"lon":-71.25130136,"nombre_busq":"0587-4N FAENA EL MAITEN SOC. AGUIRRE MOYANO LTDA. ORO Illapel TRANQUE DE RELAVE EJE CENTRAL","source_file":"geonoxa_relaves_panel.geojson"},"geometry":{"type":"Point","coordinates":[-71.25130136,-31.66367537]}},{"type":"Feature","properties":{"familia":"relaves","tipo_objeto":"Relave","id_objeto":"0588-4N","nombre_objeto":"FAENAS MINERA ARENILLAS","nombre_relave":"FAENAS MINERA ARENILLAS","titular":"CIA. MINERA ARENILLAS (BELTRAN AMENABAR)","empresa":"CIA. MINERA ARENILLAS (BELTRAN AMENABAR)","faena":"FAENAS MINERA ARENILLAS","recurso":"ORO","comuna":"Andacollo","tipo_deposito":"ACOPIO","metodo_constructivo":"NO APLICA","shape_area_m2":2205.766878,"bbox":[-71.0855082,-30.20360922,-71.0855082,-30.20360922],"lat":-30.20360922,"lon":-71.0855082,"nombre_busq":"0588-4N FAENAS MINERA ARENILLAS CIA. MINERA ARENILLAS (BELTRAN AMENABAR) ORO Andacollo ACOPIO NO APLICA","source_file":"geonoxa_relaves_panel.geojson"},"geometry":{"type":"Point","coordinates":[-71.0855082,-30.20360922]}},{"type":"Feature","properties":{"familia":"relaves","tipo_objeto":"Relave","id_objeto":"0589-4N","nombre_objeto":"FAENAS MINERA ARENILLAS","nombre_relave":"FAENAS MINERA ARENILLAS","titular":"CIA. MINERA ARENILLAS (BELTRAN AMENABAR)","empresa":"CIA. MINERA ARENILLAS (BELTRAN AMENABAR)","faena":"FAENAS MINERA ARENILLAS","recurso":"ORO","comuna":"Andacollo","tipo_deposito":"EMBALSE","metodo_constructivo":"","shape_area_m2":7957.45858,"bbox":[-71.08649671,-30.20310332,-71.08649671,-30.20310332],"lat":-30.20310332,"lon":-71.08649671,"nombre_busq":"0589-4N FAENAS MINERA ARENILLAS CIA. MINERA ARENILLAS (BELTRAN AMENABAR) ORO Andacollo EMBALSE","source_file":"geonoxa_relaves_panel.geojson"},"geometry":{"type":"Point","coordinates":[-71.08649671,-30.20310332]}},{"type":"Feature","properties":{"familia":"relaves","tipo_objeto":"Relave","id_objeto":"0590-4N","nombre_objeto":"FAENAS MINERA ARENILLAS","nombre_relave":"FAENAS MINERA ARENILLAS","titular":"CIA. MINERA ARENILLAS (BELTRAN AMENABAR)","empresa":"CIA. MINERA ARENILLAS (BELTRAN AMENABAR)","faena":"FAENAS MINERA ARENILLAS","recurso":"ORO","comuna":"Andacollo","tipo_deposito":"TRANQUE DE RELAVE","metodo_constructivo":"AGUAS ARRIBA","shape_area_m2":1360.234349,"bbox":[-71.08761167,-30.20102471,-71.08761167,-30.20102471],"lat":-30.20102471,"lon":-71.08761167,"nombre_busq":"0590-4N FAENAS MINERA ARENILLAS CIA. MINERA ARENILLAS (BELTRAN AMENABAR) ORO Andacollo TRANQUE DE RELAVE AGUAS ARRIBA","source_file":"geonoxa_relaves_panel.geojson"},"geometry":{"type":"Point","coordinates":[-71.08761167,-30.20102471]}},{"type":"Feature","properties":{"familia":"relaves","tipo_objeto":"Relave","id_objeto":"0591-4N","nombre_objeto":"FAENAS MINERA ARENILLAS","nombre_relave":"FAENAS MINERA ARENILLAS","titular":"CIA. MINERA ARENILLAS (BELTRAN AMENABAR)","empresa":"CIA. MINERA ARENILLAS (BELTRAN AMENABAR)","faena":"FAENAS MINERA ARENILLAS","recurso":"ORO","comuna":"Andacollo","tipo_deposito":"TRANQUE DE RELAVE","metodo_constructivo":"AGUAS ARRIBA","shape_area_m2":10955.06823,"bbox":[-71.08747414,-30.20187716,-71.08747414,-30.20187716],"lat":-30.20187716,"lon":-71.08747414,"nombre_busq":"0591-4N FAENAS MINERA ARENILLAS CIA. MINERA ARENILLAS (BELTRAN AMENABAR) ORO Andacollo TRANQUE DE RELAVE AGUAS ARRIBA","source_file":"geonoxa_relaves_panel.geojson"},"geometry":{"type":"Point","coordinates":[-71.08747414,-30.20187716]}},{"type":"Feature","properties":{"familia":"relaves","tipo_objeto":"Relave","id_objeto":"0592-4N","nombre_objeto":"PLANTA CANELA","nombre_relave":"PLANTA CANELA","titular":"SINDICATO DE TRABAJADORES INDEPENDIENTES PIRQUINEROS NUEVA ESPERANZA DE LA COMUNA DE CANELA","empresa":"SINDICATO DE TRABAJADORES INDEPENDIENTES PIRQUINEROS NUEVA ESPERANZA DE LA COMUNA DE CANELA","faena":"PLANTA CANELA","recurso":"ORO","comuna":"Canela","tipo_deposito":"EMBALSE","metodo_constructivo":"EXCAVACION TERRENO","shape_area_m2":4690.953184,"bbox":[-71.28161543,-31.38092252,-71.28161543,-31.38092252],"lat":-31.38092252,"lon":-71.28161543,"nombre_busq":"0592-4N PLANTA CANELA SINDICATO DE TRABAJADORES INDEPENDIENTES PIRQUINEROS NUEVA ESPERANZA DE LA COMUNA DE CANELA ORO Canela EMBALSE EXCAVACION TERRENO","source_file":"geonoxa_relaves_panel.geojson"},"geometry":{"type":"Point","coordinates":[-71.28161543,-31.38092252]}},{"type":"Feature","properties":{"familia":"relaves","tipo_objeto":"Relave","id_objeto":"0593-4N","nombre_objeto":"PLANTA MIRIAM","nombre_relave":"PLANTA MIRIAM","titular":"HERMAN CORTES (EX MIRIAM CORREA)","empresa":"HERMAN CORTES (EX MIRIAM CORREA)","faena":"PLANTA MIRIAM","recurso":"ORO","comuna":"Canela","tipo_deposito":"TRANQUE DE RELAVE","metodo_constructivo":"AGUAS ABAJO","shape_area_m2":3551.89723,"bbox":[-71.43855394,-31.3940215,-71.43855394,-31.3940215],"lat":-31.3940215,"lon":-71.43855394,"nombre_busq":"0593-4N PLANTA MIRIAM HERMAN CORTES (EX MIRIAM CORREA) ORO Canela TRANQUE DE RELAVE AGUAS ABAJO","source_file":"geonoxa_relaves_panel.geojson"},"geometry":{"type":"Point","coordinates":[-71.43855394,-31.3940215]}},{"type":"Feature","properties":{"familia":"relaves","tipo_objeto":"Relave","id_objeto":"0594-4N","nombre_objeto":"PLANTA VARIOLA","nombre_relave":"PLANTA VARIOLA","titular":"JUAN ANDRES BAZAN GARMENDIA","empresa":"JUAN ANDRES BAZAN GARMENDIA","faena":"PLANTA VARIOLA","recurso":"COBRE","comuna":"Monte Patria","tipo_deposito":"TRANQUE DE RELAVE","metodo_constructivo":"AGUAS ARRIBA","shape_area_m2":18691.3688,"bbox":[-70.94724522,-30.90341323,-70.94724522,-30.90341323],"lat":-30.90341323,"lon":-70.94724522,"nombre_busq":"0594-4N PLANTA VARIOLA JUAN ANDRES BAZAN GARMENDIA COBRE Monte Patria TRANQUE DE RELAVE AGUAS ARRIBA","source_file":"geonoxa_relaves_panel.geojson"},"geometry":{"type":"Point","coordinates":[-70.94724522,-30.90341323]}},{"type":"Feature","properties":{"familia":"relaves","tipo_objeto":"Relave","id_objeto":"0595-4N","nombre_objeto":"PLANTA LA CABRA Y TALINAY","nombre_relave":"PLANTA LA CABRA Y TALINAY","titular":"HUMBERTO RIVERA C.","empresa":"HUMBERTO RIVERA C.","faena":"PLANTA LA CABRA Y TALINAY","recurso":"COBRE","comuna":"Ovalle","tipo_deposito":"ACOPIO","metodo_constructivo":"NO APLICA","shape_area_m2":130612.1893,"bbox":[-71.68075285,-30.91536404,-71.68075285,-30.91536404],"lat":-30.91536404,"lon":-71.68075285,"nombre_busq":"0595-4N PLANTA LA CABRA Y TALINAY HUMBERTO RIVERA C. COBRE Ovalle ACOPIO NO APLICA","source_file":"geonoxa_relaves_panel.geojson"},"geometry":{"type":"Point","coordinates":[-71.68075285,-30.91536404]}},{"type":"Feature","properties":{"familia":"relaves","tipo_objeto":"Relave","id_objeto":"0596-4N","nombre_objeto":"PLANTA EL INCIENSO","nombre_relave":"PLANTA EL INCIENSO","titular":"GERARD FINDEL FINDEL","empresa":"GERARD FINDEL FINDEL","faena":"PLANTA EL INCIENSO","recurso":"COBRE","comuna":"Ovalle","tipo_deposito":"TRANQUE DE RELAVE","metodo_constructivo":"EJE CENTRAL","shape_area_m2":4189.695028,"bbox":[-71.16723419,-30.46715617,-71.16723419,-30.46715617],"lat":-30.46715617,"lon":-71.16723419,"nombre_busq":"0596-4N PLANTA EL INCIENSO GERARD FINDEL FINDEL COBRE Ovalle TRANQUE DE RELAVE EJE CENTRAL","source_file":"geonoxa_relaves_panel.geojson"},"geometry":{"type":"Point","coordinates":[-71.16723419,-30.46715617]}},{"type":"Feature","properties":{"familia":"relaves","tipo_objeto":"Relave","id_objeto":"0597-4N","nombre_objeto":"PLANTA EL INCIENSO","nombre_relave":"PLANTA EL INCIENSO","titular":"GERARD FINDEL FINDEL","empresa":"GERARD FINDEL FINDEL","faena":"PLANTA EL INCIENSO","recurso":"COBRE","comuna":"Ovalle","tipo_deposito":"TRANQUE DE RELAVE","metodo_constructivo":"EJE CENTRAL","shape_area_m2":6546.273656,"bbox":[-71.16637984,-30.46676651,-71.16637984,-30.46676651],"lat":-30.46676651,"lon":-71.16637984,"nombre_busq":"0597-4N PLANTA EL INCIENSO GERARD FINDEL FINDEL COBRE Ovalle TRANQUE DE RELAVE EJE CENTRAL","source_file":"geonoxa_relaves_panel.geojson"},"geometry":{"type":"Point","coordinates":[-71.16637984,-30.46676651]}},{"type":"Feature","properties":{"familia":"relaves","tipo_objeto":"Relave","id_objeto":"0598-4N","nombre_objeto":"BARRAZA","nombre_relave":"BARRAZA","titular":"HUMBERTO RIVERA C.","empresa":"HUMBERTO RIVERA C.","faena":"BARRAZA","recurso":"COBRE","comuna":"Ovalle","tipo_deposito":"TRANQUE DE RELAVE","metodo_constructivo":"AGUAS ARRIBA","shape_area_m2":10885.04707,"bbox":[-71.50704132,-30.70352206,-71.50704132,-30.70352206],"lat":-30.70352206,"lon":-71.50704132,"nombre_busq":"0598-4N BARRAZA HUMBERTO RIVERA C. COBRE Ovalle TRANQUE DE RELAVE AGUAS ARRIBA","source_file":"geonoxa_relaves_panel.geojson"},"geometry":{"type":"Point","coordinates":[-71.50704132,-30.70352206]}},{"type":"Feature","properties":{"familia":"relaves","tipo_objeto":"Relave","id_objeto":"0599-4N","nombre_objeto":"PLANTA CONTACTO","nombre_relave":"PLANTA CONTACTO","titular":"GERARDO FINDEL W.","empresa":"GERARDO FINDEL W.","faena":"PLANTA CONTACTO","recurso":"COBRE","comuna":"Paiguano","tipo_deposito":"TRANQUE DE RELAVE","metodo_constructivo":"AGUAS ARRIBA","shape_area_m2":5678.497179,"bbox":[-70.54190974,-29.98938441,-70.54190974,-29.98938441],"lat":-29.98938441,"lon":-70.54190974,"nombre_busq":"0599-4N PLANTA CONTACTO GERARDO FINDEL W. COBRE Paiguano TRANQUE DE RELAVE AGUAS ARRIBA","source_file":"geonoxa_relaves_panel.geojson"},"geometry":{"type":"Point","coordinates":[-70.54190974,-29.98938441]}},{"type":"Feature","properties":{"familia":"relaves","tipo_objeto":"Relave","id_objeto":"0600-4N","nombre_objeto":"ALMENDRAL","nombre_relave":"ALMENDRAL","titular":"RENE MARTIN JURE","empresa":"RENE MARTIN JURE","faena":"ALMENDRAL","recurso":"COBRE","comuna":"Vicuña","tipo_deposito":"ACOPIO","metodo_constructivo":"NO APLICA","shape_area_m2":2770.950985,"bbox":[-70.90380913,-29.98278841,-70.90380913,-29.98278841],"lat":-29.98278841,"lon":-70.90380913,"nombre_busq":"0600-4N ALMENDRAL RENE MARTIN JURE COBRE Vicuña ACOPIO NO APLICA","source_file":"geonoxa_relaves_panel.geojson"},"geometry":{"type":"Point","coordinates":[-70.90380913,-29.98278841]}},{"type":"Feature","properties":{"familia":"relaves","tipo_objeto":"Relave","id_objeto":"0601-4N","nombre_objeto":"LOS PINGOS","nombre_relave":"LOS PINGOS","titular":"CEMIN S.C.M.","empresa":"CEMIN S.C.M.","faena":"LOS PINGOS","recurso":"COBRE","comuna":"Monte Patria","tipo_deposito":"EMBALSE","metodo_constructivo":"EXCAVACION TERRENO","shape_area_m2":14318.42518,"bbox":[-70.4977542,-30.94827218,-70.4977542,-30.94827218],"lat":-30.94827218,"lon":-70.4977542,"nombre_busq":"0601-4N LOS PINGOS CEMIN S.C.M. COBRE Monte Patria EMBALSE EXCAVACION TERRENO","source_file":"geonoxa_relaves_panel.geojson"},"geometry":{"type":"Point","coordinates":[-70.4977542,-30.94827218]}},{"type":"Feature","properties":{"familia":"relaves","tipo_objeto":"Relave","id_objeto":"0602-4N","nombre_objeto":"PROYECTO EL ESPINO","nombre_relave":"PROYECTO EL ESPINO","titular":"SOCIEDAD PUNTA DEL COBRE S.A.","empresa":"SOCIEDAD PUNTA DEL COBRE S.A.","faena":"PROYECTO EL ESPINO","recurso":"COBRE","comuna":"Illapel","tipo_deposito":"ESPESADO","metodo_constructivo":"AGUAS ABAJO","shape_area_m2":1114908.45,"bbox":[-71.10102359,-31.41101345,-71.10102359,-31.41101345],"lat":-31.41101345,"lon":-71.10102359,"nombre_busq":"0602-4N PROYECTO EL ESPINO SOCIEDAD PUNTA DEL COBRE S.A. COBRE Illapel ESPESADO AGUAS ABAJO","source_file":"geonoxa_relaves_panel.geojson"},"geometry":{"type":"Point","coordinates":[-71.10102359,-31.41101345]}},{"type":"Feature","properties":{"familia":"relaves","tipo_objeto":"Relave","id_objeto":"0603-4N","nombre_objeto":"WOLFRAMIO LLAMUCO","nombre_relave":"WOLFRAMIO LLAMUCO","titular":"SOCIEDAD TUNGSTENO LLAMUCO SpA","empresa":"SOCIEDAD TUNGSTENO LLAMUCO SpA","faena":"WOLFRAMIO LLAMUCO","recurso":"COBRE-ORO","comuna":"Salamanca","tipo_deposito":"ACOPIO","metodo_constructivo":"NO APLICA","shape_area_m2":51085.32301,"bbox":[-70.77596211,-31.68932949,-70.77596211,-31.68932949],"lat":-31.68932949,"lon":-70.77596211,"nombre_busq":"0603-4N WOLFRAMIO LLAMUCO SOCIEDAD TUNGSTENO LLAMUCO SpA COBRE-ORO Salamanca ACOPIO NO APLICA","source_file":"geonoxa_relaves_panel.geojson"},"geometry":{"type":"Point","coordinates":[-70.77596211,-31.68932949]}},{"type":"Feature","properties":{"familia":"relaves","tipo_objeto":"Relave","id_objeto":"0604-4N","nombre_objeto":"WOLFRAMIO LLAMUCO","nombre_relave":"WOLFRAMIO LLAMUCO","titular":"SOCIEDAD TUNGSTENO LLAMUCO SpA","empresa":"SOCIEDAD TUNGSTENO LLAMUCO SpA","faena":"WOLFRAMIO LLAMUCO","recurso":"COBRE-ORO","comuna":"Salamanca","tipo_deposito":"ACOPIO","metodo_constructivo":"NO APLICA","shape_area_m2":21271.28962,"bbox":[-70.77698344,-31.6872152,-70.77698344,-31.6872152],"lat":-31.6872152,"lon":-70.77698344,"nombre_busq":"0604-4N WOLFRAMIO LLAMUCO SOCIEDAD TUNGSTENO LLAMUCO SpA COBRE-ORO Salamanca ACOPIO NO APLICA","source_file":"geonoxa_relaves_panel.geojson"},"geometry":{"type":"Point","coordinates":[-70.77698344,-31.6872152]}},{"type":"Feature","properties":{"familia":"relaves","tipo_objeto":"Relave","id_objeto":"0605-4N","nombre_objeto":"WOLFRAMIO LLAMUCO","nombre_relave":"WOLFRAMIO LLAMUCO","titular":"SOCIEDAD TUNGSTENO LLAMUCO SpA","empresa":"SOCIEDAD TUNGSTENO LLAMUCO SpA","faena":"WOLFRAMIO LLAMUCO","recurso":"COBRE-ORO","comuna":"Salamanca","tipo_deposito":"ACOPIO","metodo_constructivo":"NO APLICA","shape_area_m2":3766.85365,"bbox":[-70.77769864,-31.68870275,-70.77769864,-31.68870275],"lat":-31.68870275,"lon":-70.77769864,"nombre_busq":"0605-4N WOLFRAMIO LLAMUCO SOCIEDAD TUNGSTENO LLAMUCO SpA COBRE-ORO Salamanca ACOPIO NO APLICA","source_file":"geonoxa_relaves_panel.geojson"},"geometry":{"type":"Point","coordinates":[-70.77769864,-31.68870275]}},{"type":"Feature","properties":{"familia":"relaves","tipo_objeto":"Relave","id_objeto":"0606-4N","nombre_objeto":"DESCONOCIDO","nombre_relave":"DESCONOCIDO","titular":"DESCONOCIDO","empresa":"DESCONOCIDO","faena":"DESCONOCIDO","recurso":"COBRE-ORO","comuna":"Salamanca","tipo_deposito":"TRANQUE DE RELAVE","metodo_constructivo":"AGUAS ABAJO","shape_area_m2":47307.40278,"bbox":[-70.87959331,-31.9207998,-70.87959331,-31.9207998],"lat":-31.9207998,"lon":-70.87959331,"nombre_busq":"0606-4N DESCONOCIDO DESCONOCIDO COBRE-ORO Salamanca TRANQUE DE RELAVE AGUAS ABAJO","source_file":"geonoxa_relaves_panel.geojson"},"geometry":{"type":"Point","coordinates":[-70.87959331,-31.9207998]}},{"type":"Feature","properties":{"familia":"relaves","tipo_objeto":"Relave","id_objeto":"0607-4N","nombre_objeto":"EL ARENAL","nombre_relave":"EL ARENAL","titular":"MINERA LA PUNTILLA (PATRICIO GATICA R.)","empresa":"MINERA LA PUNTILLA (PATRICIO GATICA R.)","faena":"EL ARENAL","recurso":"COBRE-ORO","comuna":"Illapel","tipo_deposito":"TRANQUE DE RELAVE","metodo_constructivo":"AGUAS ARRIBA","shape_area_m2":34021.31443,"bbox":[-71.14385514,-31.61903901,-71.14385514,-31.61903901],"lat":-31.61903901,"lon":-71.14385514,"nombre_busq":"0607-4N EL ARENAL MINERA LA PUNTILLA (PATRICIO GATICA R.) COBRE-ORO Illapel TRANQUE DE RELAVE AGUAS ARRIBA","source_file":"geonoxa_relaves_panel.geojson"},"geometry":{"type":"Point","coordinates":[-71.14385514,-31.61903901]}},{"type":"Feature","properties":{"familia":"relaves","tipo_objeto":"Relave","id_objeto":"0608-4N","nombre_objeto":"EL ARENAL","nombre_relave":"EL ARENAL","titular":"MINERA LA PUNTILLA (PATRICIO GATICA R.)","empresa":"MINERA LA PUNTILLA (PATRICIO GATICA R.)","faena":"EL ARENAL","recurso":"COBRE-ORO","comuna":"Illapel","tipo_deposito":"TRANQUE DE RELAVE","metodo_constructivo":"AGUAS ARRIBA","shape_area_m2":18552.7542,"bbox":[-71.14408041,-31.61790699,-71.14408041,-31.61790699],"lat":-31.61790699,"lon":-71.14408041,"nombre_busq":"0608-4N EL ARENAL MINERA LA PUNTILLA (PATRICIO GATICA R.) COBRE-ORO Illapel TRANQUE DE RELAVE AGUAS ARRIBA","source_file":"geonoxa_relaves_panel.geojson"},"geometry":{"type":"Point","coordinates":[-71.14408041,-31.61790699]}},{"type":"Feature","properties":{"familia":"relaves","tipo_objeto":"Relave","id_objeto":"0609-4N","nombre_objeto":"EL ARENAL","nombre_relave":"EL ARENAL","titular":"MINERA LA PUNTILLA (PATRICIO GATICA R.)","empresa":"MINERA LA PUNTILLA (PATRICIO GATICA R.)","faena":"EL ARENAL","recurso":"ORO","comuna":"Illapel","tipo_deposito":"TRANQUE DE RELAVE","metodo_constructivo":"EJE CENTRAL","shape_area_m2":22868.66869,"bbox":[-71.14477147,-31.61654408,-71.14477147,-31.61654408],"lat":-31.61654408,"lon":-71.14477147,"nombre_busq":"0609-4N EL ARENAL MINERA LA PUNTILLA (PATRICIO GATICA R.) ORO Illapel TRANQUE DE RELAVE EJE CENTRAL","source_file":"geonoxa_relaves_panel.geojson"},"geometry":{"type":"Point","coordinates":[-71.14477147,-31.61654408]}},{"type":"Feature","properties":{"familia":"relaves","tipo_objeto":"Relave","id_objeto":"0610-4N","nombre_objeto":"SANTA FILOMENA","nombre_relave":"SANTA FILOMENA","titular":"MINERA LICANCABUR","empresa":"MINERA LICANCABUR","faena":"SANTA FILOMENA","recurso":"COBRE-ORO","comuna":"Salamanca","tipo_deposito":"ACOPIO","metodo_constructivo":"NO APLICA","shape_area_m2":3920.089609,"bbox":[-70.94253162,-31.72975963,-70.94253162,-31.72975963],"lat":-31.72975963,"lon":-70.94253162,"nombre_busq":"0610-4N SANTA FILOMENA MINERA LICANCABUR COBRE-ORO Salamanca ACOPIO NO APLICA","source_file":"geonoxa_relaves_panel.geojson"},"geometry":{"type":"Point","coordinates":[-70.94253162,-31.72975963]}},{"type":"Feature","properties":{"familia":"relaves","tipo_objeto":"Relave","id_objeto":"0611-4N","nombre_objeto":"EL COBRE","nombre_relave":"EL COBRE","titular":"DESCONOCIDO","empresa":"DESCONOCIDO","faena":"EL COBRE","recurso":"COBRE","comuna":"Andacollo","tipo_deposito":"ACOPIO","metodo_constructivo":"NO APLICA","shape_area_m2":805.6628165,"bbox":[-71.1399699,-30.37376261,-71.1399699,-30.37376261],"lat":-30.37376261,"lon":-71.1399699,"nombre_busq":"0611-4N EL COBRE DESCONOCIDO COBRE Andacollo ACOPIO NO APLICA","source_file":"geonoxa_relaves_panel.geojson"},"geometry":{"type":"Point","coordinates":[-71.1399699,-30.37376261]}},{"type":"Feature","properties":{"familia":"relaves","tipo_objeto":"Relave","id_objeto":"0612-4N","nombre_objeto":"LLAHUIN","nombre_relave":"LLAHUIN","titular":"ROBERTO CORTES","empresa":"ROBERTO CORTES","faena":"LLAHUIN","recurso":"ORO-PLATA","comuna":"Combarbalá","tipo_deposito":"ACOPIO","metodo_constructivo":"NO APLICA","shape_area_m2":1164.827543,"bbox":[-71.02505208,-31.3281925,-71.02505208,-31.3281925],"lat":-31.3281925,"lon":-71.02505208,"nombre_busq":"0612-4N LLAHUIN ROBERTO CORTES ORO-PLATA Combarbalá ACOPIO NO APLICA","source_file":"geonoxa_relaves_panel.geojson"},"geometry":{"type":"Point","coordinates":[-71.02505208,-31.3281925]}},{"type":"Feature","properties":{"familia":"relaves","tipo_objeto":"Relave","id_objeto":"0613-4N","nombre_objeto":"PLANTA PROFESOR ALDO LETTURA MATAS","nombre_relave":"PLANTA PROFESOR ALDO LETTURA MATAS","titular":"LA HIGUERA MINERALS SPA","empresa":"LA HIGUERA MINERALS SPA","faena":"PLANTA PROFESOR ALDO LETTURA MATAS","recurso":"COBRE","comuna":"La Higuera","tipo_deposito":"EMBALSE","metodo_constructivo":"EXCAVACION TERRENO","shape_area_m2":8340.510326,"bbox":[-71.14682095,-29.34348822,-71.14682095,-29.34348822],"lat":-29.34348822,"lon":-71.14682095,"nombre_busq":"0613-4N PLANTA PROFESOR ALDO LETTURA MATAS LA HIGUERA MINERALS SPA COBRE La Higuera EMBALSE EXCAVACION TERRENO","source_file":"geonoxa_relaves_panel.geojson"},"geometry":{"type":"Point","coordinates":[-71.14682095,-29.34348822]}},{"type":"Feature","properties":{"familia":"relaves","tipo_objeto":"Relave","id_objeto":"0614-4N","nombre_objeto":"DESCONOCIDO","nombre_relave":"DESCONOCIDO","titular":"DESCONOCIDO","empresa":"DESCONOCIDO","faena":"DESCONOCIDO","recurso":"COBRE","comuna":"Vicuña","tipo_deposito":"TRANQUE DE RELAVE","metodo_constructivo":"EJE CENTRAL","shape_area_m2":5584.974846,"bbox":[-70.89860635,-29.89141311,-70.89860635,-29.89141311],"lat":-29.89141311,"lon":-70.89860635,"nombre_busq":"0614-4N DESCONOCIDO DESCONOCIDO COBRE Vicuña TRANQUE DE RELAVE EJE CENTRAL","source_file":"geonoxa_relaves_panel.geojson"},"geometry":{"type":"Point","coordinates":[-70.89860635,-29.89141311]}},{"type":"Feature","properties":{"familia":"relaves","tipo_objeto":"Relave","id_objeto":"0615-4N","nombre_objeto":"EL HUILMO","nombre_relave":"EL HUILMO","titular":"COCAMBALA GOLD SPA","empresa":"COCAMBALA GOLD SPA","faena":"EL HUILMO","recurso":"COBRE-ORO","comuna":"Combarbalá","tipo_deposito":"EMBALSE","metodo_constructivo":"EXCAVACION TERRENO","shape_area_m2":2226.599169,"bbox":[-71.14871857,-30.88389692,-71.14871857,-30.88389692],"lat":-30.88389692,"lon":-71.14871857,"nombre_busq":"0615-4N EL HUILMO COCAMBALA GOLD SPA COBRE-ORO Combarbalá EMBALSE EXCAVACION TERRENO","source_file":"geonoxa_relaves_panel.geojson"},"geometry":{"type":"Point","coordinates":[-71.14871857,-30.88389692]}},{"type":"Feature","properties":{"familia":"relaves","tipo_objeto":"Relave","id_objeto":"0616-4N","nombre_objeto":"DESCONOCIDO","nombre_relave":"DESCONOCIDO","titular":"DESCONOCIDO","empresa":"DESCONOCIDO","faena":"DESCONOCIDO","recurso":"COBRE-ORO","comuna":"Combarbalá","tipo_deposito":"ACOPIO","metodo_constructivo":"NO APLICA","shape_area_m2":3830.603296,"bbox":[-71.15832359,-31.10703366,-71.15832359,-31.10703366],"lat":-31.10703366,"lon":-71.15832359,"nombre_busq":"0616-4N DESCONOCIDO DESCONOCIDO COBRE-ORO Combarbalá ACOPIO NO APLICA","source_file":"geonoxa_relaves_panel.geojson"},"geometry":{"type":"Point","coordinates":[-71.15832359,-31.10703366]}},{"type":"Feature","properties":{"familia":"relaves","tipo_objeto":"Relave","id_objeto":"0617-4N","nombre_objeto":"DESCONOCIDO","nombre_relave":"DESCONOCIDO","titular":"DESCONOCIDO","empresa":"DESCONOCIDO","faena":"DESCONOCIDO","recurso":"ORO","comuna":"Punitaqui","tipo_deposito":"ACOPIO","metodo_constructivo":"NO APLICA","shape_area_m2":53300.23236,"bbox":[-71.21922688,-30.86024387,-71.21922688,-30.86024387],"lat":-30.86024387,"lon":-71.21922688,"nombre_busq":"0617-4N DESCONOCIDO DESCONOCIDO ORO Punitaqui ACOPIO NO APLICA","source_file":"geonoxa_relaves_panel.geojson"},"geometry":{"type":"Point","coordinates":[-71.21922688,-30.86024387]}},{"type":"Feature","properties":{"familia":"relaves","tipo_objeto":"Relave","id_objeto":"0618-4N","nombre_objeto":"PLANTA LA CALDERA","nombre_relave":"PLANTA LA CALDERA","titular":"MINERA FORESTAL CAS (XAVIER BELTRAND)","empresa":"MINERA FORESTAL CAS (XAVIER BELTRAND)","faena":"PLANTA LA CALDERA","recurso":"COBRE","comuna":"Andacollo","tipo_deposito":"EMBALSE","metodo_constructivo":"EJE CENTRAL","shape_area_m2":3978.015449,"bbox":[-71.14230845,-30.30412221,-71.14230845,-30.30412221],"lat":-30.30412221,"lon":-71.14230845,"nombre_busq":"0618-4N PLANTA LA CALDERA MINERA FORESTAL CAS (XAVIER BELTRAND) COBRE Andacollo EMBALSE EJE CENTRAL","source_file":"geonoxa_relaves_panel.geojson"},"geometry":{"type":"Point","coordinates":[-71.14230845,-30.30412221]}},{"type":"Feature","properties":{"familia":"relaves","tipo_objeto":"Relave","id_objeto":"0619-4N","nombre_objeto":"PLANTA LAS ROJAS 1","nombre_relave":"PLANTA LAS ROJAS 1","titular":"SLM LAS ROJAS","empresa":"SLM LAS ROJAS","faena":"PLANTA LAS ROJAS 1","recurso":"COBRE","comuna":"La Serena","tipo_deposito":"EMBALSE","metodo_constructivo":"EXCAVACION TERRENO","shape_area_m2":12458.36092,"bbox":[-71.06654347,-29.98223155,-71.06654347,-29.98223155],"lat":-29.98223155,"lon":-71.06654347,"nombre_busq":"0619-4N PLANTA LAS ROJAS 1 SLM LAS ROJAS COBRE La Serena EMBALSE EXCAVACION TERRENO","source_file":"geonoxa_relaves_panel.geojson"},"geometry":{"type":"Point","coordinates":[-71.06654347,-29.98223155]}},{"type":"Feature","properties":{"familia":"relaves","tipo_objeto":"Relave","id_objeto":"0620-4N","nombre_objeto":"PLANTA SANTA ELENA","nombre_relave":"PLANTA SANTA ELENA","titular":"SOC. JUAN CONTRERAS Y OTROS","empresa":"SOC. JUAN CONTRERAS Y OTROS","faena":"PLANTA SANTA ELENA","recurso":"COBRE","comuna":"La Serena","tipo_deposito":"ACOPIO","metodo_constructivo":"NO APLICA","shape_area_m2":10210.39923,"bbox":[-71.12354979,-29.84679638,-71.12354979,-29.84679638],"lat":-29.84679638,"lon":-71.12354979,"nombre_busq":"0620-4N PLANTA SANTA ELENA SOC. JUAN CONTRERAS Y OTROS COBRE La Serena ACOPIO NO APLICA","source_file":"geonoxa_relaves_panel.geojson"},"geometry":{"type":"Point","coordinates":[-71.12354979,-29.84679638]}},{"type":"Feature","properties":{"familia":"relaves","tipo_objeto":"Relave","id_objeto":"0621-4N","nombre_objeto":"PLANTA RIVERA","nombre_relave":"PLANTA RIVERA","titular":"JUAN RIVERA CONTRERAS","empresa":"JUAN RIVERA CONTRERAS","faena":"PLANTA RIVERA","recurso":"S/I","comuna":"La Higuera","tipo_deposito":"ACOPIO","metodo_constructivo":"NO APLICA","shape_area_m2":7746.530371,"bbox":[-71.11471977,-29.36518453,-71.11471977,-29.36518453],"lat":-29.36518453,"lon":-71.11471977,"nombre_busq":"0621-4N PLANTA RIVERA JUAN RIVERA CONTRERAS S/I La Higuera ACOPIO NO APLICA","source_file":"geonoxa_relaves_panel.geojson"},"geometry":{"type":"Point","coordinates":[-71.11471977,-29.36518453]}},{"type":"Feature","properties":{"familia":"relaves","tipo_objeto":"Relave","id_objeto":"0622-4N","nombre_objeto":"PLANTA ECHEVARRIA","nombre_relave":"PLANTA ECHEVARRIA","titular":"GABRIEL ECHEVARRIA","empresa":"GABRIEL ECHEVARRIA","faena":"PLANTA ECHEVARRIA","recurso":"COBRE","comuna":"Combarbalá","tipo_deposito":"TRANQUE DE RELAVE","metodo_constructivo":"AGUAS ARRIBA","shape_area_m2":5669.983234,"bbox":[-71.01068382,-31.17536656,-71.01068382,-31.17536656],"lat":-31.17536656,"lon":-71.01068382,"nombre_busq":"0622-4N PLANTA ECHEVARRIA GABRIEL ECHEVARRIA COBRE Combarbalá TRANQUE DE RELAVE AGUAS ARRIBA","source_file":"geonoxa_relaves_panel.geojson"},"geometry":{"type":"Point","coordinates":[-71.01068382,-31.17536656]}},{"type":"Feature","properties":{"familia":"relaves","tipo_objeto":"Relave","id_objeto":"0623-4N","nombre_objeto":"PLANTA GUAYACAN","nombre_relave":"PLANTA GUAYACAN","titular":"DPTO. MINAS U. LA SERENA","empresa":"DPTO. MINAS U. LA SERENA","faena":"PLANTA GUAYACAN","recurso":"COBRE-ORO","comuna":"Coquimbo","tipo_deposito":"ACOPIO","metodo_constructivo":"NO APLICA","shape_area_m2":5895.645077,"bbox":[-71.34398496,-29.97207921,-71.34398496,-29.97207921],"lat":-29.97207921,"lon":-71.34398496,"nombre_busq":"0623-4N PLANTA GUAYACAN DPTO. MINAS U. LA SERENA COBRE-ORO Coquimbo ACOPIO NO APLICA","source_file":"geonoxa_relaves_panel.geojson"},"geometry":{"type":"Point","coordinates":[-71.34398496,-29.97207921]}},{"type":"Feature","properties":{"familia":"relaves","tipo_objeto":"Relave","id_objeto":"0624-4N","nombre_objeto":"PLANTA GUAYACAN","nombre_relave":"PLANTA GUAYACAN","titular":"DPTO. MINAS U. LA SERENA","empresa":"DPTO. MINAS U. LA SERENA","faena":"PLANTA GUAYACAN","recurso":"COBRE-ORO","comuna":"Coquimbo","tipo_deposito":"ACOPIO","metodo_constructivo":"NO APLICA","shape_area_m2":9243.647631,"bbox":[-71.34433767,-29.97154894,-71.34433767,-29.97154894],"lat":-29.97154894,"lon":-71.34433767,"nombre_busq":"0624-4N PLANTA GUAYACAN DPTO. MINAS U. LA SERENA COBRE-ORO Coquimbo ACOPIO NO APLICA","source_file":"geonoxa_relaves_panel.geojson"},"geometry":{"type":"Point","coordinates":[-71.34433767,-29.97154894]}},{"type":"Feature","properties":{"familia":"relaves","tipo_objeto":"Relave","id_objeto":"0625-4N","nombre_objeto":"PLANTA CAUPOLICAN","nombre_relave":"PLANTA CAUPOLICAN","titular":"ENRIQUE MERINO","empresa":"ENRIQUE MERINO","faena":"PLANTA CAUPOLICAN","recurso":"COBRE-ORO","comuna":"Salamanca","tipo_deposito":"EMBALSE","metodo_constructivo":"EXCAVACION TERRENO","shape_area_m2":9096.065952,"bbox":[-70.92620812,-31.92967379,-70.92620812,-31.92967379],"lat":-31.92967379,"lon":-70.92620812,"nombre_busq":"0625-4N PLANTA CAUPOLICAN ENRIQUE MERINO COBRE-ORO Salamanca EMBALSE EXCAVACION TERRENO","source_file":"geonoxa_relaves_panel.geojson"},"geometry":{"type":"Point","coordinates":[-70.92620812,-31.92967379]}},{"type":"Feature","properties":{"familia":"relaves","tipo_objeto":"Relave","id_objeto":"0626-4N","nombre_objeto":"PLANTA CHIRIPA","nombre_relave":"PLANTA CHIRIPA","titular":"ADRIAN VASQUEZ","empresa":"ADRIAN VASQUEZ","faena":"PLANTA CHIRIPA","recurso":"COBRE","comuna":"Salamanca","tipo_deposito":"ACOPIO","metodo_constructivo":"NO APLICA","shape_area_m2":5133.824648,"bbox":[-70.91539269,-31.97709456,-70.91539269,-31.97709456],"lat":-31.97709456,"lon":-70.91539269,"nombre_busq":"0626-4N PLANTA CHIRIPA ADRIAN VASQUEZ COBRE Salamanca ACOPIO NO APLICA","source_file":"geonoxa_relaves_panel.geojson"},"geometry":{"type":"Point","coordinates":[-70.91539269,-31.97709456]}},{"type":"Feature","properties":{"familia":"relaves","tipo_objeto":"Relave","id_objeto":"0627-4N","nombre_objeto":"PLANTA LA RESERVA","nombre_relave":"PLANTA LA RESERVA","titular":"CIA. MINERA RESERVA","empresa":"CIA. MINERA RESERVA","faena":"PLANTA LA RESERVA","recurso":"COBRE","comuna":"Vicuña","tipo_deposito":"ACOPIO","metodo_constructivo":"NO APLICA","shape_area_m2":7955.010338,"bbox":[-70.96657531,-29.96826091,-70.96657531,-29.96826091],"lat":-29.96826091,"lon":-70.96657531,"nombre_busq":"0627-4N PLANTA LA RESERVA CIA. MINERA RESERVA COBRE Vicuña ACOPIO NO APLICA","source_file":"geonoxa_relaves_panel.geojson"},"geometry":{"type":"Point","coordinates":[-70.96657531,-29.96826091]}},{"type":"Feature","properties":{"familia":"relaves","tipo_objeto":"Relave","id_objeto":"0628-4N","nombre_objeto":"PLANTA DELIRIO","nombre_relave":"PLANTA DELIRIO","titular":"CIA. MINERA TAMAYA","empresa":"CIA. MINERA TAMAYA","faena":"PLANTA DELIRIO","recurso":"COBRE-ORO","comuna":"Punitaqui","tipo_deposito":"TRANQUE DE RELAVE","metodo_constructivo":"AGUAS ARRIBA","shape_area_m2":14224.76457,"bbox":[-71.2407282,-30.87962344,-71.2407282,-30.87962344],"lat":-30.87962344,"lon":-71.2407282,"nombre_busq":"0628-4N PLANTA DELIRIO CIA. MINERA TAMAYA COBRE-ORO Punitaqui TRANQUE DE RELAVE AGUAS ARRIBA","source_file":"geonoxa_relaves_panel.geojson"},"geometry":{"type":"Point","coordinates":[-71.2407282,-30.87962344]}},{"type":"Feature","properties":{"familia":"relaves","tipo_objeto":"Relave","id_objeto":"0629-4N","nombre_objeto":"PLANTA DELIRIO","nombre_relave":"PLANTA DELIRIO","titular":"CIA. MINERA TAMAYA","empresa":"CIA. MINERA TAMAYA","faena":"PLANTA DELIRIO","recurso":"COBRE-ORO","comuna":"Punitaqui","tipo_deposito":"TRANQUE DE RELAVE","metodo_constructivo":"AGUAS ARRIBA","shape_area_m2":30485.8755,"bbox":[-71.24193202,-30.87893909,-71.24193202,-30.87893909],"lat":-30.87893909,"lon":-71.24193202,"nombre_busq":"0629-4N PLANTA DELIRIO CIA. MINERA TAMAYA COBRE-ORO Punitaqui TRANQUE DE RELAVE AGUAS ARRIBA","source_file":"geonoxa_relaves_panel.geojson"},"geometry":{"type":"Point","coordinates":[-71.24193202,-30.87893909]}},{"type":"Feature","properties":{"familia":"relaves","tipo_objeto":"Relave","id_objeto":"0630-4N","nombre_objeto":"QUIROGA","nombre_relave":"QUIROGA","titular":"DESCONOCIDO","empresa":"DESCONOCIDO","faena":"QUIROGA","recurso":"COBRE","comuna":"Ovalle","tipo_deposito":"TRANQUE DE RELAVE","metodo_constructivo":"AGUAS ARRIBA","shape_area_m2":13722.72693,"bbox":[-71.36823185,-30.55071097,-71.36823185,-30.55071097],"lat":-30.55071097,"lon":-71.36823185,"nombre_busq":"0630-4N QUIROGA DESCONOCIDO COBRE Ovalle TRANQUE DE RELAVE AGUAS ARRIBA","source_file":"geonoxa_relaves_panel.geojson"},"geometry":{"type":"Point","coordinates":[-71.36823185,-30.55071097]}},{"type":"Feature","properties":{"familia":"relaves","tipo_objeto":"Relave","id_objeto":"0631-4N","nombre_objeto":"SANTA ROSA","nombre_relave":"SANTA ROSA","titular":"RICARDO ROJAS LOBOS","empresa":"RICARDO ROJAS LOBOS","faena":"SANTA ROSA","recurso":"ORO","comuna":"La Higuera","tipo_deposito":"ACOPIO","metodo_constructivo":"NO APLICA","shape_area_m2":4050.51449,"bbox":[-71.12899244,-29.35465334,-71.12899244,-29.35465334],"lat":-29.35465334,"lon":-71.12899244,"nombre_busq":"0631-4N SANTA ROSA RICARDO ROJAS LOBOS ORO La Higuera ACOPIO NO APLICA","source_file":"geonoxa_relaves_panel.geojson"},"geometry":{"type":"Point","coordinates":[-71.12899244,-29.35465334]}},{"type":"Feature","properties":{"familia":"relaves","tipo_objeto":"Relave","id_objeto":"0632-4N","nombre_objeto":"PLANTA FLOR DE VALLE","nombre_relave":"PLANTA FLOR DE VALLE","titular":"JUAN MARIN","empresa":"JUAN MARIN","faena":"PLANTA FLOR DE VALLE","recurso":"COBRE","comuna":"Combarbalá","tipo_deposito":"TRANQUE DE RELAVE","metodo_constructivo":"EJE CENTRAL","shape_area_m2":1493.837748,"bbox":[-71.0595046,-31.22222653,-71.0595046,-31.22222653],"lat":-31.22222653,"lon":-71.0595046,"nombre_busq":"0632-4N PLANTA FLOR DE VALLE JUAN MARIN COBRE Combarbalá TRANQUE DE RELAVE EJE CENTRAL","source_file":"geonoxa_relaves_panel.geojson"},"geometry":{"type":"Point","coordinates":[-71.0595046,-31.22222653]}},{"type":"Feature","properties":{"familia":"relaves","tipo_objeto":"Relave","id_objeto":"0633-4N","nombre_objeto":"PLANTA FLOR DE VALLE","nombre_relave":"PLANTA FLOR DE VALLE","titular":"JUAN MARIN","empresa":"JUAN MARIN","faena":"PLANTA FLOR DE VALLE","recurso":"COBRE","comuna":"Combarbalá","tipo_deposito":"TRANQUE DE RELAVE","metodo_constructivo":"EJE CENTRAL","shape_area_m2":3170.779691,"bbox":[-71.05973163,-31.22214783,-71.05973163,-31.22214783],"lat":-31.22214783,"lon":-71.05973163,"nombre_busq":"0633-4N PLANTA FLOR DE VALLE JUAN MARIN COBRE Combarbalá TRANQUE DE RELAVE EJE CENTRAL","source_file":"geonoxa_relaves_panel.geojson"},"geometry":{"type":"Point","coordinates":[-71.05973163,-31.22214783]}},{"type":"Feature","properties":{"familia":"relaves","tipo_objeto":"Relave","id_objeto":"0634-4N","nombre_objeto":"PLANTA LOS VALIENTES II","nombre_relave":"PLANTA LOS VALIENTES II","titular":"RUBILIAN GONZÁLEZ GARCIA","empresa":"RUBILIAN GONZÁLEZ GARCIA","faena":"PLANTA LOS VALIENTES II","recurso":"COBRE-ORO","comuna":"Andacollo","tipo_deposito":"TRANQUE DE RELAVE","metodo_constructivo":"AGUAS ARRIBA","shape_area_m2":4253.981512,"bbox":[-71.0940459,-30.23982489,-71.0940459,-30.23982489],"lat":-30.23982489,"lon":-71.0940459,"nombre_busq":"0634-4N PLANTA LOS VALIENTES II RUBILIAN GONZÁLEZ GARCIA COBRE-ORO Andacollo TRANQUE DE RELAVE AGUAS ARRIBA","source_file":"geonoxa_relaves_panel.geojson"},"geometry":{"type":"Point","coordinates":[-71.0940459,-30.23982489]}},{"type":"Feature","properties":{"familia":"relaves","tipo_objeto":"Relave","id_objeto":"0635-4N","nombre_objeto":"PLANTA MIRANDA ABANDONADA","nombre_relave":"PLANTA MIRANDA ABANDONADA","titular":"SUC. LUIS MIRANDA ANSIETA","empresa":"SUC. LUIS MIRANDA ANSIETA","faena":"PLANTA MIRANDA ABANDONADA","recurso":"ORO","comuna":"Andacollo","tipo_deposito":"TRANQUE DE RELAVE","metodo_constructivo":"AGUAS ARRIBA","shape_area_m2":22633.36928,"bbox":[-71.08368623,-30.23775619,-71.08368623,-30.23775619],"lat":-30.23775619,"lon":-71.08368623,"nombre_busq":"0635-4N PLANTA MIRANDA ABANDONADA SUC. LUIS MIRANDA ANSIETA ORO Andacollo TRANQUE DE RELAVE AGUAS ARRIBA","source_file":"geonoxa_relaves_panel.geojson"},"geometry":{"type":"Point","coordinates":[-71.08368623,-30.23775619]}},{"type":"Feature","properties":{"familia":"relaves","tipo_objeto":"Relave","id_objeto":"0636-4N","nombre_objeto":"PLANTA AGUA GRANDE","nombre_relave":"PLANTA AGUA GRANDE","titular":"FELIPE CARVAJAL RIVERA","empresa":"FELIPE CARVAJAL RIVERA","faena":"PLANTA AGUA GRANDE","recurso":"ORO","comuna":"La Higuera","tipo_deposito":"ACOPIO","metodo_constructivo":"NO APLICA","shape_area_m2":1106.214669,"bbox":[-71.06326839,-29.49887004,-71.06326839,-29.49887004],"lat":-29.49887004,"lon":-71.06326839,"nombre_busq":"0636-4N PLANTA AGUA GRANDE FELIPE CARVAJAL RIVERA ORO La Higuera ACOPIO NO APLICA","source_file":"geonoxa_relaves_panel.geojson"},"geometry":{"type":"Point","coordinates":[-71.06326839,-29.49887004]}},{"type":"Feature","properties":{"familia":"relaves","tipo_objeto":"Relave","id_objeto":"0637-4N","nombre_objeto":"PLANTA ZEBALLOS","nombre_relave":"PLANTA ZEBALLOS","titular":"LUIS ZEBALLOS CERDA","empresa":"LUIS ZEBALLOS CERDA","faena":"PLANTA ZEBALLOS","recurso":"COBRE-ORO","comuna":"Vicuña","tipo_deposito":"TRANQUE DE RELAVE","metodo_constructivo":"AGUAS ABAJO","shape_area_m2":6855.818884,"bbox":[-70.88203022,-29.88279927,-70.88203022,-29.88279927],"lat":-29.88279927,"lon":-70.88203022,"nombre_busq":"0637-4N PLANTA ZEBALLOS LUIS ZEBALLOS CERDA COBRE-ORO Vicuña TRANQUE DE RELAVE AGUAS ABAJO","source_file":"geonoxa_relaves_panel.geojson"},"geometry":{"type":"Point","coordinates":[-70.88203022,-29.88279927]}},{"type":"Feature","properties":{"familia":"relaves","tipo_objeto":"Relave","id_objeto":"0638-4N","nombre_objeto":"PLANTAS EL PINGO Y SANTA MARIA","nombre_relave":"PLANTAS EL PINGO Y SANTA MARIA","titular":"CARLOS VALDIVIA","empresa":"CARLOS VALDIVIA","faena":"PLANTAS EL PINGO Y SANTA MARIA","recurso":"COBRE","comuna":"Monte Patria","tipo_deposito":"TRANQUE DE RELAVE","metodo_constructivo":"AGUAS ABAJO","shape_area_m2":1916.510128,"bbox":[-70.58310262,-30.84562876,-70.58310262,-30.84562876],"lat":-30.84562876,"lon":-70.58310262,"nombre_busq":"0638-4N PLANTAS EL PINGO Y SANTA MARIA CARLOS VALDIVIA COBRE Monte Patria TRANQUE DE RELAVE AGUAS ABAJO","source_file":"geonoxa_relaves_panel.geojson"},"geometry":{"type":"Point","coordinates":[-70.58310262,-30.84562876]}},{"type":"Feature","properties":{"familia":"relaves","tipo_objeto":"Relave","id_objeto":"0639-4N","nombre_objeto":"PLANTAS EL PINGO Y SANTA MARIA","nombre_relave":"PLANTAS EL PINGO Y SANTA MARIA","titular":"CARLOS VALDIVIA","empresa":"CARLOS VALDIVIA","faena":"PLANTAS EL PINGO Y SANTA MARIA","recurso":"COBRE","comuna":"Monte Patria","tipo_deposito":"TRANQUE DE RELAVE","metodo_constructivo":"AGUAS ABAJO","shape_area_m2":7682.194532,"bbox":[-70.58248941,-30.84583623,-70.58248941,-30.84583623],"lat":-30.84583623,"lon":-70.58248941,"nombre_busq":"0639-4N PLANTAS EL PINGO Y SANTA MARIA CARLOS VALDIVIA COBRE Monte Patria TRANQUE DE RELAVE AGUAS ABAJO","source_file":"geonoxa_relaves_panel.geojson"},"geometry":{"type":"Point","coordinates":[-70.58248941,-30.84583623]}},{"type":"Feature","properties":{"familia":"relaves","tipo_objeto":"Relave","id_objeto":"0640-4N","nombre_objeto":"PLANTAS EL PINGO Y SANTA MARIA","nombre_relave":"PLANTAS EL PINGO Y SANTA MARIA","titular":"CARLOS VALDIVIA","empresa":"CARLOS VALDIVIA","faena":"PLANTAS EL PINGO Y SANTA MARIA","recurso":"COBRE","comuna":"Monte Patria","tipo_deposito":"TRANQUE DE RELAVE","metodo_constructivo":"AGUAS ABAJO","shape_area_m2":2086.150485,"bbox":[-70.58347539,-30.84586889,-70.58347539,-30.84586889],"lat":-30.84586889,"lon":-70.58347539,"nombre_busq":"0640-4N PLANTAS EL PINGO Y SANTA MARIA CARLOS VALDIVIA COBRE Monte Patria TRANQUE DE RELAVE AGUAS ABAJO","source_file":"geonoxa_relaves_panel.geojson"},"geometry":{"type":"Point","coordinates":[-70.58347539,-30.84586889]}},{"type":"Feature","properties":{"familia":"relaves","tipo_objeto":"Relave","id_objeto":"0641-4N","nombre_objeto":"PLANTAS EL PINGO Y SANTA MARIA","nombre_relave":"PLANTAS EL PINGO Y SANTA MARIA","titular":"CARLOS VALDIVIA","empresa":"CARLOS VALDIVIA","faena":"PLANTAS EL PINGO Y SANTA MARIA","recurso":"COBRE","comuna":"Monte Patria","tipo_deposito":"TRANQUE DE RELAVE","metodo_constructivo":"AGUAS ARRIBA","shape_area_m2":2530.698279,"bbox":[-70.58177153,-30.84869438,-70.58177153,-30.84869438],"lat":-30.84869438,"lon":-70.58177153,"nombre_busq":"0641-4N PLANTAS EL PINGO Y SANTA MARIA CARLOS VALDIVIA COBRE Monte Patria TRANQUE DE RELAVE AGUAS ARRIBA","source_file":"geonoxa_relaves_panel.geojson"},"geometry":{"type":"Point","coordinates":[-70.58177153,-30.84869438]}},{"type":"Feature","properties":{"familia":"relaves","tipo_objeto":"Relave","id_objeto":"0642-4N","nombre_objeto":"FAENA ENRIQUETA","nombre_relave":"FAENA ENRIQUETA","titular":"CIA. MINERA CLAUDIO ALBERTO ISA","empresa":"CIA. MINERA CLAUDIO ALBERTO ISA","faena":"FAENA ENRIQUETA","recurso":"COBRE","comuna":"La Higuera","tipo_deposito":"TRANQUE DE RELAVE","metodo_constructivo":"AGUAS ARRIBA","shape_area_m2":13765.18397,"bbox":[-71.11670107,-29.3639201,-71.11670107,-29.3639201],"lat":-29.3639201,"lon":-71.11670107,"nombre_busq":"0642-4N FAENA ENRIQUETA CIA. MINERA CLAUDIO ALBERTO ISA COBRE La Higuera TRANQUE DE RELAVE AGUAS ARRIBA","source_file":"geonoxa_relaves_panel.geojson"},"geometry":{"type":"Point","coordinates":[-71.11670107,-29.3639201]}},{"type":"Feature","properties":{"familia":"relaves","tipo_objeto":"Relave","id_objeto":"0643-4N","nombre_objeto":"PLANTA EL TRAPICHE","nombre_relave":"PLANTA EL TRAPICHE","titular":"SLM SANTA ROSA","empresa":"SLM SANTA ROSA","faena":"PLANTA EL TRAPICHE","recurso":"COBRE-ORO","comuna":"La Higuera","tipo_deposito":"ACOPIO","metodo_constructivo":"NO APLICA","shape_area_m2":10825.14832,"bbox":[-71.12940575,-29.35508269,-71.12940575,-29.35508269],"lat":-29.35508269,"lon":-71.12940575,"nombre_busq":"0643-4N PLANTA EL TRAPICHE SLM SANTA ROSA COBRE-ORO La Higuera ACOPIO NO APLICA","source_file":"geonoxa_relaves_panel.geojson"},"geometry":{"type":"Point","coordinates":[-71.12940575,-29.35508269]}},{"type":"Feature","properties":{"familia":"relaves","tipo_objeto":"Relave","id_objeto":"0644-4N","nombre_objeto":"PLANTA EL TRAPICHE","nombre_relave":"PLANTA EL TRAPICHE","titular":"SLM SANTA ROSA","empresa":"SLM SANTA ROSA","faena":"PLANTA EL TRAPICHE","recurso":"COBRE-ORO","comuna":"La Higuera","tipo_deposito":"ACOPIO","metodo_constructivo":"NO APLICA","shape_area_m2":11376.29655,"bbox":[-71.1300222,-29.35535119,-71.1300222,-29.35535119],"lat":-29.35535119,"lon":-71.1300222,"nombre_busq":"0644-4N PLANTA EL TRAPICHE SLM SANTA ROSA COBRE-ORO La Higuera ACOPIO NO APLICA","source_file":"geonoxa_relaves_panel.geojson"},"geometry":{"type":"Point","coordinates":[-71.1300222,-29.35535119]}},{"type":"Feature","properties":{"familia":"relaves","tipo_objeto":"Relave","id_objeto":"0645-4N","nombre_objeto":"FAENA KATTIA","nombre_relave":"FAENA KATTIA","titular":"EMPRESA EDUARDO LERY LERY EIRL","empresa":"EMPRESA EDUARDO LERY LERY EIRL","faena":"FAENA KATTIA","recurso":"COBRE","comuna":"Illapel","tipo_deposito":"TRANQUE DE RELAVE","metodo_constructivo":"AGUAS ARRIBA","shape_area_m2":7834.704425,"bbox":[-71.07294586,-31.37350442,-71.07294586,-31.37350442],"lat":-31.37350442,"lon":-71.07294586,"nombre_busq":"0645-4N FAENA KATTIA EMPRESA EDUARDO LERY LERY EIRL COBRE Illapel TRANQUE DE RELAVE AGUAS ARRIBA","source_file":"geonoxa_relaves_panel.geojson"},"geometry":{"type":"Point","coordinates":[-71.07294586,-31.37350442]}},{"type":"Feature","properties":{"familia":"relaves","tipo_objeto":"Relave","id_objeto":"0646-4N","nombre_objeto":"DESCONOCIDO","nombre_relave":"DESCONOCIDO","titular":"DESCONOCIDO","empresa":"DESCONOCIDO","faena":"DESCONOCIDO","recurso":"COBRE","comuna":"Vicuña","tipo_deposito":"ACOPIO","metodo_constructivo":"NO APLICA","shape_area_m2":48090.0149,"bbox":[-70.89075533,-29.88880333,-70.89075533,-29.88880333],"lat":-29.88880333,"lon":-70.89075533,"nombre_busq":"0646-4N DESCONOCIDO DESCONOCIDO COBRE Vicuña ACOPIO NO APLICA","source_file":"geonoxa_relaves_panel.geojson"},"geometry":{"type":"Point","coordinates":[-70.89075533,-29.88880333]}},{"type":"Feature","properties":{"familia":"relaves","tipo_objeto":"Relave","id_objeto":"0647-4N","nombre_objeto":"DESCONOCIDO","nombre_relave":"DESCONOCIDO","titular":"DESCONOCIDO","empresa":"DESCONOCIDO","faena":"DESCONOCIDO","recurso":"COBRE-ORO","comuna":"Illapel","tipo_deposito":"ACOPIO","metodo_constructivo":"NO APLICA","shape_area_m2":13923.98571,"bbox":[-71.16979877,-31.63760597,-71.16979877,-31.63760597],"lat":-31.63760597,"lon":-71.16979877,"nombre_busq":"0647-4N DESCONOCIDO DESCONOCIDO COBRE-ORO Illapel ACOPIO NO APLICA","source_file":"geonoxa_relaves_panel.geojson"},"geometry":{"type":"Point","coordinates":[-71.16979877,-31.63760597]}},{"type":"Feature","properties":{"familia":"relaves","tipo_objeto":"Relave","id_objeto":"0648-4N","nombre_objeto":"DESCONOCIDO","nombre_relave":"DESCONOCIDO","titular":"DESCONOCIDO","empresa":"DESCONOCIDO","faena":"DESCONOCIDO","recurso":"ORO","comuna":"Andacollo","tipo_deposito":"ACOPIO","metodo_constructivo":"NO APLICA","shape_area_m2":6741.659124,"bbox":[-71.10671499,-30.24835673,-71.10671499,-30.24835673],"lat":-30.24835673,"lon":-71.10671499,"nombre_busq":"0648-4N DESCONOCIDO DESCONOCIDO ORO Andacollo ACOPIO NO APLICA","source_file":"geonoxa_relaves_panel.geojson"},"geometry":{"type":"Point","coordinates":[-71.10671499,-30.24835673]}},{"type":"Feature","properties":{"familia":"relaves","tipo_objeto":"Relave","id_objeto":"0649-4N","nombre_objeto":"FAENA SOR TERESA","nombre_relave":"FAENA SOR TERESA","titular":"INDUSTRIAL MINERA EL TRAPICHE SPA","empresa":"INDUSTRIAL MINERA EL TRAPICHE SPA","faena":"FAENA SOR TERESA","recurso":"COBRE-ORO","comuna":"La Higuera","tipo_deposito":"TRANQUE DE RELAVE","metodo_constructivo":"EJE CENTRAL","shape_area_m2":12224.34643,"bbox":[-71.12248395,-29.3590656,-71.12248395,-29.3590656],"lat":-29.3590656,"lon":-71.12248395,"nombre_busq":"0649-4N FAENA SOR TERESA INDUSTRIAL MINERA EL TRAPICHE SPA COBRE-ORO La Higuera TRANQUE DE RELAVE EJE CENTRAL","source_file":"geonoxa_relaves_panel.geojson"},"geometry":{"type":"Point","coordinates":[-71.12248395,-29.3590656]}},{"type":"Feature","properties":{"familia":"relaves","tipo_objeto":"Relave","id_objeto":"0650-4N","nombre_objeto":"DESCONOCIDO","nombre_relave":"DESCONOCIDO","titular":"DESCONOCIDO","empresa":"DESCONOCIDO","faena":"DESCONOCIDO","recurso":"COBRE-ORO","comuna":"Combarbalá","tipo_deposito":"ACOPIO","metodo_constructivo":"NO APLICA","shape_area_m2":9462.874774,"bbox":[-71.01552573,-31.24589309,-71.01552573,-31.24589309],"lat":-31.24589309,"lon":-71.01552573,"nombre_busq":"0650-4N DESCONOCIDO DESCONOCIDO COBRE-ORO Combarbalá ACOPIO NO APLICA","source_file":"geonoxa_relaves_panel.geojson"},"geometry":{"type":"Point","coordinates":[-71.01552573,-31.24589309]}},{"type":"Feature","properties":{"familia":"relaves","tipo_objeto":"Relave","id_objeto":"0651-4N","nombre_objeto":"EL ROMERO","nombre_relave":"EL ROMERO","titular":"JUAN PEREZ GOMEZ","empresa":"JUAN PEREZ GOMEZ","faena":"EL ROMERO","recurso":"COBRE-ORO","comuna":"Illapel","tipo_deposito":"EMBALSE","metodo_constructivo":"","shape_area_m2":3534.911881,"bbox":[-71.05900227,-31.41539562,-71.05900227,-31.41539562],"lat":-31.41539562,"lon":-71.05900227,"nombre_busq":"0651-4N EL ROMERO JUAN PEREZ GOMEZ COBRE-ORO Illapel EMBALSE","source_file":"geonoxa_relaves_panel.geojson"},"geometry":{"type":"Point","coordinates":[-71.05900227,-31.41539562]}},{"type":"Feature","properties":{"familia":"relaves","tipo_objeto":"Relave","id_objeto":"0652-4N","nombre_objeto":"PLANTA ESTRELLA","nombre_relave":"PLANTA ESTRELLA","titular":"LIVANS KLINT FREDES ORTIZ","empresa":"LIVANS KLINT FREDES ORTIZ","faena":"PLANTA ESTRELLA","recurso":"COBRE-ORO","comuna":"La Serena","tipo_deposito":"EMBALSE","metodo_constructivo":"EXCAVACION TERRENO","shape_area_m2":461.1604358,"bbox":[-71.11314193,-30.03514912,-71.11314193,-30.03514912],"lat":-30.03514912,"lon":-71.11314193,"nombre_busq":"0652-4N PLANTA ESTRELLA LIVANS KLINT FREDES ORTIZ COBRE-ORO La Serena EMBALSE EXCAVACION TERRENO","source_file":"geonoxa_relaves_panel.geojson"},"geometry":{"type":"Point","coordinates":[-71.11314193,-30.03514912]}},{"type":"Feature","properties":{"familia":"relaves","tipo_objeto":"Relave","id_objeto":"0653-4N","nombre_objeto":"DESCONOCIDO","nombre_relave":"DESCONOCIDO","titular":"DESCONOCIDO","empresa":"DESCONOCIDO","faena":"DESCONOCIDO","recurso":"COBRE-ORO","comuna":"Andacollo","tipo_deposito":"ACOPIO","metodo_constructivo":"NO APLICA","shape_area_m2":214.8117178,"bbox":[-71.07850655,-30.25631854,-71.07850655,-30.25631854],"lat":-30.25631854,"lon":-71.07850655,"nombre_busq":"0653-4N DESCONOCIDO DESCONOCIDO COBRE-ORO Andacollo ACOPIO NO APLICA","source_file":"geonoxa_relaves_panel.geojson"},"geometry":{"type":"Point","coordinates":[-71.07850655,-30.25631854]}},{"type":"Feature","properties":{"familia":"relaves","tipo_objeto":"Relave","id_objeto":"0654-4N","nombre_objeto":"DESCONOCIDO","nombre_relave":"DESCONOCIDO","titular":"DESCONOCIDO","empresa":"DESCONOCIDO","faena":"DESCONOCIDO","recurso":"COBRE-ORO","comuna":"Andacollo","tipo_deposito":"ACOPIO","metodo_constructivo":"NO APLICA","shape_area_m2":992.7285519,"bbox":[-71.07330003,-30.25607116,-71.07330003,-30.25607116],"lat":-30.25607116,"lon":-71.07330003,"nombre_busq":"0654-4N DESCONOCIDO DESCONOCIDO COBRE-ORO Andacollo ACOPIO NO APLICA","source_file":"geonoxa_relaves_panel.geojson"},"geometry":{"type":"Point","coordinates":[-71.07330003,-30.25607116]}},{"type":"Feature","properties":{"familia":"relaves","tipo_objeto":"Relave","id_objeto":"0655-4N","nombre_objeto":"DESCONOCIDO","nombre_relave":"DESCONOCIDO","titular":"DESCONOCIDO","empresa":"DESCONOCIDO","faena":"DESCONOCIDO","recurso":"COBRE-ORO","comuna":"Andacollo","tipo_deposito":"TRANQUE DE RELAVE","metodo_constructivo":"AGUAS ARRIBA","shape_area_m2":4395.956003,"bbox":[-71.09030018,-30.24095762,-71.09030018,-30.24095762],"lat":-30.24095762,"lon":-71.09030018,"nombre_busq":"0655-4N DESCONOCIDO DESCONOCIDO COBRE-ORO Andacollo TRANQUE DE RELAVE AGUAS ARRIBA","source_file":"geonoxa_relaves_panel.geojson"},"geometry":{"type":"Point","coordinates":[-71.09030018,-30.24095762]}},{"type":"Feature","properties":{"familia":"relaves","tipo_objeto":"Relave","id_objeto":"0656-4N","nombre_objeto":"DESCONOCIDO","nombre_relave":"DESCONOCIDO","titular":"DESCONOCIDO","empresa":"DESCONOCIDO","faena":"DESCONOCIDO","recurso":"COBRE-ORO","comuna":"Andacollo","tipo_deposito":"ACOPIO","metodo_constructivo":"NO APLICA","shape_area_m2":2728.876938,"bbox":[-71.06372378,-30.22654145,-71.06372378,-30.22654145],"lat":-30.22654145,"lon":-71.06372378,"nombre_busq":"0656-4N DESCONOCIDO DESCONOCIDO COBRE-ORO Andacollo ACOPIO NO APLICA","source_file":"geonoxa_relaves_panel.geojson"},"geometry":{"type":"Point","coordinates":[-71.06372378,-30.22654145]}},{"type":"Feature","properties":{"familia":"relaves","tipo_objeto":"Relave","id_objeto":"0657-4N","nombre_objeto":"VALLE HERMOSO","nombre_relave":"VALLE HERMOSO","titular":"SOCIEDAD DE EXPLOTACIONES MINERAS VALLE HERMOSO SPA","empresa":"SOCIEDAD DE EXPLOTACIONES MINERAS VALLE HERMOSO SPA","faena":"VALLE HERMOSO","recurso":"COBRE","comuna":"Combarbalá","tipo_deposito":"EMBALSE","metodo_constructivo":"EXCAVACION TERRENO","shape_area_m2":199.1313492,"bbox":[-71.00412436,-31.25658743,-71.00412436,-31.25658743],"lat":-31.25658743,"lon":-71.00412436,"nombre_busq":"0657-4N VALLE HERMOSO SOCIEDAD DE EXPLOTACIONES MINERAS VALLE HERMOSO SPA COBRE Combarbalá EMBALSE EXCAVACION TERRENO","source_file":"geonoxa_relaves_panel.geojson"},"geometry":{"type":"Point","coordinates":[-71.00412436,-31.25658743]}},{"type":"Feature","properties":{"familia":"relaves","tipo_objeto":"Relave","id_objeto":"0658-4N","nombre_objeto":"PLANTA BARBA","nombre_relave":"PLANTA BARBA","titular":"MINERA BARBA SCM","empresa":"MINERA BARBA SCM","faena":"PLANTA BARBA","recurso":"COBRE","comuna":"Combarbalá","tipo_deposito":"EMBALSE","metodo_constructivo":"EJE CENTRAL","shape_area_m2":16497.02037,"bbox":[-71.06121702,-31.21403929,-71.06121702,-31.21403929],"lat":-31.21403929,"lon":-71.06121702,"nombre_busq":"0658-4N PLANTA BARBA MINERA BARBA SCM COBRE Combarbalá EMBALSE EJE CENTRAL","source_file":"geonoxa_relaves_panel.geojson"},"geometry":{"type":"Point","coordinates":[-71.06121702,-31.21403929]}},{"type":"Feature","properties":{"familia":"relaves","tipo_objeto":"Relave","id_objeto":"0659-4N","nombre_objeto":"PLANTA NADZIEJA","nombre_relave":"PLANTA NADZIEJA","titular":"SOCIEDAD INVERSIONES NORTEBLANCO","empresa":"SOCIEDAD INVERSIONES NORTEBLANCO","faena":"PLANTA NADZIEJA","recurso":"COBRE-ORO","comuna":"Andacollo","tipo_deposito":"EMBALSE","metodo_constructivo":"EXCAVACION TERRENO","shape_area_m2":302.2240852,"bbox":[-71.01612584,-30.2596666,-71.01612584,-30.2596666],"lat":-30.2596666,"lon":-71.01612584,"nombre_busq":"0659-4N PLANTA NADZIEJA SOCIEDAD INVERSIONES NORTEBLANCO COBRE-ORO Andacollo EMBALSE EXCAVACION TERRENO","source_file":"geonoxa_relaves_panel.geojson"},"geometry":{"type":"Point","coordinates":[-71.01612584,-30.2596666]}},{"type":"Feature","properties":{"familia":"relaves","tipo_objeto":"Relave","id_objeto":"0660-4N","nombre_objeto":"DESCONOCIDO","nombre_relave":"DESCONOCIDO","titular":"DESCONOCIDO","empresa":"DESCONOCIDO","faena":"DESCONOCIDO","recurso":"COBRE","comuna":"La Higuera","tipo_deposito":"ACOPIO","metodo_constructivo":"NO APLICA","shape_area_m2":819.8266028,"bbox":[-71.07427874,-29.48080303,-71.07427874,-29.48080303],"lat":-29.48080303,"lon":-71.07427874,"nombre_busq":"0660-4N DESCONOCIDO DESCONOCIDO COBRE La Higuera ACOPIO NO APLICA","source_file":"geonoxa_relaves_panel.geojson"},"geometry":{"type":"Point","coordinates":[-71.07427874,-29.48080303]}},{"type":"Feature","properties":{"familia":"relaves","tipo_objeto":"Relave","id_objeto":"0661-4N","nombre_objeto":"DESCONOCIDO","nombre_relave":"DESCONOCIDO","titular":"DESCONOCIDO","empresa":"DESCONOCIDO","faena":"DESCONOCIDO","recurso":"COBRE-ORO","comuna":"Andacollo","tipo_deposito":"ACOPIO","metodo_constructivo":"NO APLICA","shape_area_m2":6987.884307,"bbox":[-71.05505578,-30.2254898,-71.05505578,-30.2254898],"lat":-30.2254898,"lon":-71.05505578,"nombre_busq":"0661-4N DESCONOCIDO DESCONOCIDO COBRE-ORO Andacollo ACOPIO NO APLICA","source_file":"geonoxa_relaves_panel.geojson"},"geometry":{"type":"Point","coordinates":[-71.05505578,-30.2254898]}},{"type":"Feature","properties":{"familia":"relaves","tipo_objeto":"Relave","id_objeto":"0662-4N","nombre_objeto":"DESCONOCIDO","nombre_relave":"DESCONOCIDO","titular":"DESCONOCIDO","empresa":"DESCONOCIDO","faena":"DESCONOCIDO","recurso":"COBRE-ORO","comuna":"Andacollo","tipo_deposito":"ACOPIO","metodo_constructivo":"NO APLICA","shape_area_m2":10328.89089,"bbox":[-71.07358884,-30.22265804,-71.07358884,-30.22265804],"lat":-30.22265804,"lon":-71.07358884,"nombre_busq":"0662-4N DESCONOCIDO DESCONOCIDO COBRE-ORO Andacollo ACOPIO NO APLICA","source_file":"geonoxa_relaves_panel.geojson"},"geometry":{"type":"Point","coordinates":[-71.07358884,-30.22265804]}},{"type":"Feature","properties":{"familia":"relaves","tipo_objeto":"Relave","id_objeto":"0663-4N","nombre_objeto":"DESCONOCIDO","nombre_relave":"DESCONOCIDO","titular":"DESCONOCIDO","empresa":"DESCONOCIDO","faena":"DESCONOCIDO","recurso":"COBRE-ORO","comuna":"Andacollo","tipo_deposito":"ACOPIO","metodo_constructivo":"NO APLICA","shape_area_m2":19034.38114,"bbox":[-71.08548389,-30.24466267,-71.08548389,-30.24466267],"lat":-30.24466267,"lon":-71.08548389,"nombre_busq":"0663-4N DESCONOCIDO DESCONOCIDO COBRE-ORO Andacollo ACOPIO NO APLICA","source_file":"geonoxa_relaves_panel.geojson"},"geometry":{"type":"Point","coordinates":[-71.08548389,-30.24466267]}},{"type":"Feature","properties":{"familia":"relaves","tipo_objeto":"Relave","id_objeto":"0664-4N","nombre_objeto":"DESCONOCIDO","nombre_relave":"DESCONOCIDO","titular":"DESCONOCIDO","empresa":"DESCONOCIDO","faena":"DESCONOCIDO","recurso":"COBRE-ORO","comuna":"Andacollo","tipo_deposito":"TRANQUE DE RELAVE","metodo_constructivo":"AGUAS ARRIBA","shape_area_m2":2448.96396,"bbox":[-71.09480842,-30.2317786,-71.09480842,-30.2317786],"lat":-30.2317786,"lon":-71.09480842,"nombre_busq":"0664-4N DESCONOCIDO DESCONOCIDO COBRE-ORO Andacollo TRANQUE DE RELAVE AGUAS ARRIBA","source_file":"geonoxa_relaves_panel.geojson"},"geometry":{"type":"Point","coordinates":[-71.09480842,-30.2317786]}},{"type":"Feature","properties":{"familia":"relaves","tipo_objeto":"Relave","id_objeto":"0665-4N","nombre_objeto":"PLANTA HONORES","nombre_relave":"PLANTA HONORES","titular":"DESCONOCIDO","empresa":"DESCONOCIDO","faena":"PLANTA HONORES","recurso":"COBRE-ORO","comuna":"Andacollo","tipo_deposito":"ACOPIO","metodo_constructivo":"NO APLICA","shape_area_m2":10484.60386,"bbox":[-71.08799234,-30.23387892,-71.08799234,-30.23387892],"lat":-30.23387892,"lon":-71.08799234,"nombre_busq":"0665-4N PLANTA HONORES DESCONOCIDO COBRE-ORO Andacollo ACOPIO NO APLICA","source_file":"geonoxa_relaves_panel.geojson"},"geometry":{"type":"Point","coordinates":[-71.08799234,-30.23387892]}},{"type":"Feature","properties":{"familia":"relaves","tipo_objeto":"Relave","id_objeto":"0666-4N","nombre_objeto":"PLANTA CALETONES","nombre_relave":"PLANTA CALETONES","titular":"HORACIO PASTEN","empresa":"HORACIO PASTEN","faena":"PLANTA CALETONES","recurso":"COBRE-ORO","comuna":"Andacollo","tipo_deposito":"EMBALSE","metodo_constructivo":"EXCAVACION TERRENO","shape_area_m2":6846.886584,"bbox":[-71.0745257,-30.22362294,-71.0745257,-30.22362294],"lat":-30.22362294,"lon":-71.0745257,"nombre_busq":"0666-4N PLANTA CALETONES HORACIO PASTEN COBRE-ORO Andacollo EMBALSE EXCAVACION TERRENO","source_file":"geonoxa_relaves_panel.geojson"},"geometry":{"type":"Point","coordinates":[-71.0745257,-30.22362294]}},{"type":"Feature","properties":{"familia":"relaves","tipo_objeto":"Relave","id_objeto":"0667-4N","nombre_objeto":"PLANTA CALETONES","nombre_relave":"PLANTA CALETONES","titular":"HORACIO PASTEN","empresa":"HORACIO PASTEN","faena":"PLANTA CALETONES","recurso":"COBRE-ORO","comuna":"Andacollo","tipo_deposito":"EMBALSE","metodo_constructivo":"EJE CENTRAL","shape_area_m2":5416.516371,"bbox":[-71.0752172,-30.22556254,-71.0752172,-30.22556254],"lat":-30.22556254,"lon":-71.0752172,"nombre_busq":"0667-4N PLANTA CALETONES HORACIO PASTEN COBRE-ORO Andacollo EMBALSE EJE CENTRAL","source_file":"geonoxa_relaves_panel.geojson"},"geometry":{"type":"Point","coordinates":[-71.0752172,-30.22556254]}},{"type":"Feature","properties":{"familia":"relaves","tipo_objeto":"Relave","id_objeto":"0668-4N","nombre_objeto":"EL CHACAY","nombre_relave":"EL CHACAY","titular":"WILSON RIVERA CARVAJAL","empresa":"WILSON RIVERA CARVAJAL","faena":"EL CHACAY","recurso":"ORO","comuna":"La Serena","tipo_deposito":"ACOPIO","metodo_constructivo":"NO APLICA","shape_area_m2":1063.625065,"bbox":[-71.17725837,-29.67305613,-71.17725837,-29.67305613],"lat":-29.67305613,"lon":-71.17725837,"nombre_busq":"0668-4N EL CHACAY WILSON RIVERA CARVAJAL ORO La Serena ACOPIO NO APLICA","source_file":"geonoxa_relaves_panel.geojson"},"geometry":{"type":"Point","coordinates":[-71.17725837,-29.67305613]}},{"type":"Feature","properties":{"familia":"relaves","tipo_objeto":"Relave","id_objeto":"0669-4N","nombre_objeto":"LA PALMA","nombre_relave":"LA PALMA","titular":"JOSE ASTORGA CASTILLO","empresa":"JOSE ASTORGA CASTILLO","faena":"LA PALMA","recurso":"COBRE","comuna":"Canela","tipo_deposito":"EMBALSE","metodo_constructivo":"EJE CENTRAL","shape_area_m2":3716.457994,"bbox":[-71.58367623,-31.23109512,-71.58367623,-31.23109512],"lat":-31.23109512,"lon":-71.58367623,"nombre_busq":"0669-4N LA PALMA JOSE ASTORGA CASTILLO COBRE Canela EMBALSE EJE CENTRAL","source_file":"geonoxa_relaves_panel.geojson"},"geometry":{"type":"Point","coordinates":[-71.58367623,-31.23109512]}},{"type":"Feature","properties":{"familia":"relaves","tipo_objeto":"Relave","id_objeto":"0670-3N","nombre_objeto":"PLANTA EL CATEADOR","nombre_relave":"PLANTA EL CATEADOR","titular":"SOTRATEC-MINART LTDA.","empresa":"SOTRATEC-MINART LTDA.","faena":"PLANTA EL CATEADOR","recurso":"COBRE","comuna":"Copiapó","tipo_deposito":"TRANQUE DE RELAVE","metodo_constructivo":"AGUAS ABAJO","shape_area_m2":3221.535948,"bbox":[-70.35532193,-27.40893924,-70.35532193,-27.40893924],"lat":-27.40893924,"lon":-70.35532193,"nombre_busq":"0670-3N PLANTA EL CATEADOR SOTRATEC-MINART LTDA. COBRE Copiapó TRANQUE DE RELAVE AGUAS ABAJO","source_file":"geonoxa_relaves_panel.geojson"},"geometry":{"type":"Point","coordinates":[-70.35532193,-27.40893924]}},{"type":"Feature","properties":{"familia":"relaves","tipo_objeto":"Relave","id_objeto":"0671-5C","nombre_objeto":"PLANTA CERRO NEGRO","nombre_relave":"PLANTA CERRO NEGRO","titular":"CIA. MINERA CERRO NEGRO S.A.","empresa":"CIA. MINERA CERRO NEGRO S.A.","faena":"PLANTA CERRO NEGRO","recurso":"COBRE-ORO","comuna":"Cabildo","tipo_deposito":"TRANQUE DE RELAVE","metodo_constructivo":"AGUAS ARRIBA","shape_area_m2":17316.17964,"bbox":[-70.87813196,-32.58337634,-70.87813196,-32.58337634],"lat":-32.58337634,"lon":-70.87813196,"nombre_busq":"0671-5C PLANTA CERRO NEGRO CIA. MINERA CERRO NEGRO S.A. COBRE-ORO Cabildo TRANQUE DE RELAVE AGUAS ARRIBA","source_file":"geonoxa_relaves_panel.geojson"},"geometry":{"type":"Point","coordinates":[-70.87813196,-32.58337634]}},{"type":"Feature","properties":{"familia":"relaves","tipo_objeto":"Relave","id_objeto":"0672-5C","nombre_objeto":"PLANTA CERRO NEGRO","nombre_relave":"PLANTA CERRO NEGRO","titular":"CIA. MINERA CERRO NEGRO S.A.","empresa":"CIA. MINERA CERRO NEGRO S.A.","faena":"PLANTA CERRO NEGRO","recurso":"COBRE-ORO","comuna":"Cabildo","tipo_deposito":"TRANQUE DE RELAVE","metodo_constructivo":"AGUAS ARRIBA","shape_area_m2":25742.88923,"bbox":[-70.87912526,-32.58247641,-70.87912526,-32.58247641],"lat":-32.58247641,"lon":-70.87912526,"nombre_busq":"0672-5C PLANTA CERRO NEGRO CIA. MINERA CERRO NEGRO S.A. COBRE-ORO Cabildo TRANQUE DE RELAVE AGUAS ARRIBA","source_file":"geonoxa_relaves_panel.geojson"},"geometry":{"type":"Point","coordinates":[-70.87912526,-32.58247641]}},{"type":"Feature","properties":{"familia":"relaves","tipo_objeto":"Relave","id_objeto":"0673-5C","nombre_objeto":"PLANTA CERRO NEGRO","nombre_relave":"PLANTA CERRO NEGRO","titular":"CIA. MINERA CERRO NEGRO S.A.","empresa":"CIA. MINERA CERRO NEGRO S.A.","faena":"PLANTA CERRO NEGRO","recurso":"COBRE-ORO","comuna":"Cabildo","tipo_deposito":"TRANQUE DE RELAVE","metodo_constructivo":"AGUAS ARRIBA","shape_area_m2":39287.58901,"bbox":[-70.88123585,-32.58097062,-70.88123585,-32.58097062],"lat":-32.58097062,"lon":-70.88123585,"nombre_busq":"0673-5C PLANTA CERRO NEGRO CIA. MINERA CERRO NEGRO S.A. COBRE-ORO Cabildo TRANQUE DE RELAVE AGUAS ARRIBA","source_file":"geonoxa_relaves_panel.geojson"},"geometry":{"type":"Point","coordinates":[-70.88123585,-32.58097062]}},{"type":"Feature","properties":{"familia":"relaves","tipo_objeto":"Relave","id_objeto":"0674-5C","nombre_objeto":"PLANTA CERRO NEGRO","nombre_relave":"PLANTA CERRO NEGRO","titular":"CIA. MINERA CERRO NEGRO S.A.","empresa":"CIA. MINERA CERRO NEGRO S.A.","faena":"PLANTA CERRO NEGRO","recurso":"COBRE-ORO","comuna":"Cabildo","tipo_deposito":"TRANQUE DE RELAVE","metodo_constructivo":"AGUAS ARRIBA","shape_area_m2":39161.72694,"bbox":[-70.88367491,-32.57996428,-70.88367491,-32.57996428],"lat":-32.57996428,"lon":-70.88367491,"nombre_busq":"0674-5C PLANTA CERRO NEGRO CIA. MINERA CERRO NEGRO S.A. COBRE-ORO Cabildo TRANQUE DE RELAVE AGUAS ARRIBA","source_file":"geonoxa_relaves_panel.geojson"},"geometry":{"type":"Point","coordinates":[-70.88367491,-32.57996428]}},{"type":"Feature","properties":{"familia":"relaves","tipo_objeto":"Relave","id_objeto":"0675-5C","nombre_objeto":"PLANTA CERRO NEGRO","nombre_relave":"PLANTA CERRO NEGRO","titular":"CIA. MINERA CERRO NEGRO S.A.","empresa":"CIA. MINERA CERRO NEGRO S.A.","faena":"PLANTA CERRO NEGRO","recurso":"COBRE-ORO","comuna":"Cabildo","tipo_deposito":"TRANQUE DE RELAVE","metodo_constructivo":"EJE CENTRAL","shape_area_m2":79304.91626,"bbox":[-70.8868939,-32.57851623,-70.8868939,-32.57851623],"lat":-32.57851623,"lon":-70.8868939,"nombre_busq":"0675-5C PLANTA CERRO NEGRO CIA. MINERA CERRO NEGRO S.A. COBRE-ORO Cabildo TRANQUE DE RELAVE EJE CENTRAL","source_file":"geonoxa_relaves_panel.geojson"},"geometry":{"type":"Point","coordinates":[-70.8868939,-32.57851623]}},{"type":"Feature","properties":{"familia":"relaves","tipo_objeto":"Relave","id_objeto":"0676-5C","nombre_objeto":"PLANTA CERRO NEGRO","nombre_relave":"PLANTA CERRO NEGRO","titular":"CIA. MINERA CERRO NEGRO S.A.","empresa":"CIA. MINERA CERRO NEGRO S.A.","faena":"PLANTA CERRO NEGRO","recurso":"COBRE-ORO","comuna":"Cabildo","tipo_deposito":"TRANQUE DE RELAVE","metodo_constructivo":"EJE CENTRAL","shape_area_m2":233486.0081,"bbox":[-70.89219144,-32.57582971,-70.89219144,-32.57582971],"lat":-32.57582971,"lon":-70.89219144,"nombre_busq":"0676-5C PLANTA CERRO NEGRO CIA. MINERA CERRO NEGRO S.A. COBRE-ORO Cabildo TRANQUE DE RELAVE EJE CENTRAL","source_file":"geonoxa_relaves_panel.geojson"},"geometry":{"type":"Point","coordinates":[-70.89219144,-32.57582971]}},{"type":"Feature","properties":{"familia":"relaves","tipo_objeto":"Relave","id_objeto":"0677-5C","nombre_objeto":"PLANTA CERRO NEGRO","nombre_relave":"PLANTA CERRO NEGRO","titular":"CIA. MINERA CERRO NEGRO S.A.","empresa":"CIA. MINERA CERRO NEGRO S.A.","faena":"PLANTA CERRO NEGRO","recurso":"COBRE-ORO","comuna":"Cabildo","tipo_deposito":"FILTRADO","metodo_constructivo":"NO APLICA","shape_area_m2":3607.830273,"bbox":[-70.8879994,-32.57945497,-70.8879994,-32.57945497],"lat":-32.57945497,"lon":-70.8879994,"nombre_busq":"0677-5C PLANTA CERRO NEGRO CIA. MINERA CERRO NEGRO S.A. COBRE-ORO Cabildo FILTRADO NO APLICA","source_file":"geonoxa_relaves_panel.geojson"},"geometry":{"type":"Point","coordinates":[-70.8879994,-32.57945497]}},{"type":"Feature","properties":{"familia":"relaves","tipo_objeto":"Relave","id_objeto":"0678-5C","nombre_objeto":"PLANTA VETA DEL AGUA","nombre_relave":"PLANTA VETA DEL AGUA","titular":"ALEJANDRO LOPEZ ALIAGA","empresa":"ALEJANDRO LOPEZ ALIAGA","faena":"PLANTA VETA DEL AGUA","recurso":"ORO","comuna":"Nogales","tipo_deposito":"EMBALSE","metodo_constructivo":"","shape_area_m2":25665.96773,"bbox":[-71.13123508,-32.6849797,-71.13123508,-32.6849797],"lat":-32.6849797,"lon":-71.13123508,"nombre_busq":"0678-5C PLANTA VETA DEL AGUA ALEJANDRO LOPEZ ALIAGA ORO Nogales EMBALSE","source_file":"geonoxa_relaves_panel.geojson"},"geometry":{"type":"Point","coordinates":[-71.13123508,-32.6849797]}},{"type":"Feature","properties":{"familia":"relaves","tipo_objeto":"Relave","id_objeto":"0679-5C","nombre_objeto":"PLANTA VETA DEL AGUA","nombre_relave":"PLANTA VETA DEL AGUA","titular":"ALEJANDRO LOPEZ ALIAGA","empresa":"ALEJANDRO LOPEZ ALIAGA","faena":"PLANTA VETA DEL AGUA","recurso":"ORO","comuna":"Nogales","tipo_deposito":"EMBALSE","metodo_constructivo":"","shape_area_m2":13780.32815,"bbox":[-71.12931763,-32.68413121,-71.12931763,-32.68413121],"lat":-32.68413121,"lon":-71.12931763,"nombre_busq":"0679-5C PLANTA VETA DEL AGUA ALEJANDRO LOPEZ ALIAGA ORO Nogales EMBALSE","source_file":"geonoxa_relaves_panel.geojson"},"geometry":{"type":"Point","coordinates":[-71.12931763,-32.68413121]}},{"type":"Feature","properties":{"familia":"relaves","tipo_objeto":"Relave","id_objeto":"0680-5C","nombre_objeto":"PLANTA VETA DEL AGUA","nombre_relave":"PLANTA VETA DEL AGUA","titular":"ALEJANDRO LOPEZ ALIAGA","empresa":"ALEJANDRO LOPEZ ALIAGA","faena":"PLANTA VETA DEL AGUA","recurso":"ORO","comuna":"Nogales","tipo_deposito":"EMBALSE","metodo_constructivo":"","shape_area_m2":13548.19885,"bbox":[-71.13536076,-32.68301051,-71.13536076,-32.68301051],"lat":-32.68301051,"lon":-71.13536076,"nombre_busq":"0680-5C PLANTA VETA DEL AGUA ALEJANDRO LOPEZ ALIAGA ORO Nogales EMBALSE","source_file":"geonoxa_relaves_panel.geojson"},"geometry":{"type":"Point","coordinates":[-71.13536076,-32.68301051]}},{"type":"Feature","properties":{"familia":"relaves","tipo_objeto":"Relave","id_objeto":"0681-5C","nombre_objeto":"EL ESCORIAL","nombre_relave":"EL ESCORIAL","titular":"CIA. MRA. DON PABLO","empresa":"CIA. MRA. DON PABLO","faena":"EL ESCORIAL","recurso":"COBRE-ORO","comuna":"Cabildo","tipo_deposito":"TRANQUE DE RELAVE","metodo_constructivo":"AGUAS ARRIBA","shape_area_m2":3127.599142,"bbox":[-71.06671559,-32.42378704,-71.06671559,-32.42378704],"lat":-32.42378704,"lon":-71.06671559,"nombre_busq":"0681-5C EL ESCORIAL CIA. MRA. DON PABLO COBRE-ORO Cabildo TRANQUE DE RELAVE AGUAS ARRIBA","source_file":"geonoxa_relaves_panel.geojson"},"geometry":{"type":"Point","coordinates":[-71.06671559,-32.42378704]}},{"type":"Feature","properties":{"familia":"relaves","tipo_objeto":"Relave","id_objeto":"0682-5C","nombre_objeto":"EL ESCORIAL","nombre_relave":"EL ESCORIAL","titular":"CIA. MRA. DON PABLO","empresa":"CIA. MRA. DON PABLO","faena":"EL ESCORIAL","recurso":"COBRE-ORO","comuna":"Cabildo","tipo_deposito":"TRANQUE DE RELAVE","metodo_constructivo":"AGUAS ARRIBA","shape_area_m2":2769.148383,"bbox":[-71.06714551,-32.42393613,-71.06714551,-32.42393613],"lat":-32.42393613,"lon":-71.06714551,"nombre_busq":"0682-5C EL ESCORIAL CIA. MRA. DON PABLO COBRE-ORO Cabildo TRANQUE DE RELAVE AGUAS ARRIBA","source_file":"geonoxa_relaves_panel.geojson"},"geometry":{"type":"Point","coordinates":[-71.06714551,-32.42393613]}},{"type":"Feature","properties":{"familia":"relaves","tipo_objeto":"Relave","id_objeto":"0683-5C","nombre_objeto":"EL ESCORIAL","nombre_relave":"EL ESCORIAL","titular":"CIA. MRA. DON PABLO","empresa":"CIA. MRA. DON PABLO","faena":"EL ESCORIAL","recurso":"COBRE-ORO","comuna":"Cabildo","tipo_deposito":"TRANQUE DE RELAVE","metodo_constructivo":"AGUAS ARRIBA","shape_area_m2":3438.105444,"bbox":[-71.06764216,-32.42415543,-71.06764216,-32.42415543],"lat":-32.42415543,"lon":-71.06764216,"nombre_busq":"0683-5C EL ESCORIAL CIA. MRA. DON PABLO COBRE-ORO Cabildo TRANQUE DE RELAVE AGUAS ARRIBA","source_file":"geonoxa_relaves_panel.geojson"},"geometry":{"type":"Point","coordinates":[-71.06764216,-32.42415543]}},{"type":"Feature","properties":{"familia":"relaves","tipo_objeto":"Relave","id_objeto":"0684-5C","nombre_objeto":"LA PACIENCIA","nombre_relave":"LA PACIENCIA","titular":"LA PACIENCIA (HANS HEIN STAEGER)","empresa":"LA PACIENCIA (HANS HEIN STAEGER)","faena":"LA PACIENCIA","recurso":"COBRE","comuna":"Rinconada","tipo_deposito":"TRANQUE DE RELAVE","metodo_constructivo":"","shape_area_m2":2225.868349,"bbox":[-70.71207563,-32.83726294,-70.71207563,-32.83726294],"lat":-32.83726294,"lon":-70.71207563,"nombre_busq":"0684-5C LA PACIENCIA LA PACIENCIA (HANS HEIN STAEGER) COBRE Rinconada TRANQUE DE RELAVE","source_file":"geonoxa_relaves_panel.geojson"},"geometry":{"type":"Point","coordinates":[-70.71207563,-32.83726294]}},{"type":"Feature","properties":{"familia":"relaves","tipo_objeto":"Relave","id_objeto":"0685-5C","nombre_objeto":"PLANTA EL SAUCE","nombre_relave":"PLANTA EL SAUCE","titular":"SOC. INMOBILIARIA EL SAUCE","empresa":"SOC. INMOBILIARIA EL SAUCE","faena":"PLANTA EL SAUCE","recurso":"COBRE","comuna":"Llaillay","tipo_deposito":"TRANQUE DE RELAVE","metodo_constructivo":"","shape_area_m2":20976.73234,"bbox":[-70.89572775,-32.86917701,-70.89572775,-32.86917701],"lat":-32.86917701,"lon":-70.89572775,"nombre_busq":"0685-5C PLANTA EL SAUCE SOC. INMOBILIARIA EL SAUCE COBRE Llaillay TRANQUE DE RELAVE","source_file":"geonoxa_relaves_panel.geojson"},"geometry":{"type":"Point","coordinates":[-70.89572775,-32.86917701]}},{"type":"Feature","properties":{"familia":"relaves","tipo_objeto":"Relave","id_objeto":"0686-5C","nombre_objeto":"PLANTA MINERA BLACK COLT","nombre_relave":"PLANTA MINERA BLACK COLT","titular":"COMERCIAL E INVERSIONES HASPARREN","empresa":"COMERCIAL E INVERSIONES HASPARREN","faena":"PLANTA MINERA BLACK COLT","recurso":"ORO","comuna":"Petorca","tipo_deposito":"EMBALSE","metodo_constructivo":"EJE CENTRAL","shape_area_m2":17770.88998,"bbox":[-70.87000328,-32.21551771,-70.87000328,-32.21551771],"lat":-32.21551771,"lon":-70.87000328,"nombre_busq":"0686-5C PLANTA MINERA BLACK COLT COMERCIAL E INVERSIONES HASPARREN ORO Petorca EMBALSE EJE CENTRAL","source_file":"geonoxa_relaves_panel.geojson"},"geometry":{"type":"Point","coordinates":[-70.87000328,-32.21551771]}},{"type":"Feature","properties":{"familia":"relaves","tipo_objeto":"Relave","id_objeto":"0687-5C","nombre_objeto":"PLANTA MINERA BLACK COLT","nombre_relave":"PLANTA MINERA BLACK COLT","titular":"COMERCIAL E INVERSIONES HASPARREN","empresa":"COMERCIAL E INVERSIONES HASPARREN","faena":"PLANTA MINERA BLACK COLT","recurso":"ORO","comuna":"Petorca","tipo_deposito":"EMBALSE","metodo_constructivo":"EJE CENTRAL","shape_area_m2":18259.70645,"bbox":[-70.86977785,-32.21669855,-70.86977785,-32.21669855],"lat":-32.21669855,"lon":-70.86977785,"nombre_busq":"0687-5C PLANTA MINERA BLACK COLT COMERCIAL E INVERSIONES HASPARREN ORO Petorca EMBALSE EJE CENTRAL","source_file":"geonoxa_relaves_panel.geojson"},"geometry":{"type":"Point","coordinates":[-70.86977785,-32.21669855]}},{"type":"Feature","properties":{"familia":"relaves","tipo_objeto":"Relave","id_objeto":"0688-5C","nombre_objeto":"PLANTA MINERA BLACK COLT","nombre_relave":"PLANTA MINERA BLACK COLT","titular":"COMERCIAL E INVERSIONES HASPARREN","empresa":"COMERCIAL E INVERSIONES HASPARREN","faena":"PLANTA MINERA BLACK COLT","recurso":"ORO","comuna":"Petorca","tipo_deposito":"FILTRADO","metodo_constructivo":"NO APLICA","shape_area_m2":17454.19484,"bbox":[-70.86962657,-32.21956065,-70.86962657,-32.21956065],"lat":-32.21956065,"lon":-70.86962657,"nombre_busq":"0688-5C PLANTA MINERA BLACK COLT COMERCIAL E INVERSIONES HASPARREN ORO Petorca FILTRADO NO APLICA","source_file":"geonoxa_relaves_panel.geojson"},"geometry":{"type":"Point","coordinates":[-70.86962657,-32.21956065]}},{"type":"Feature","properties":{"familia":"relaves","tipo_objeto":"Relave","id_objeto":"0689-5C","nombre_objeto":"PLANTA MINERA BLACK COLT","nombre_relave":"PLANTA MINERA BLACK COLT","titular":"COMERCIAL E INVERSIONES HASPARREN","empresa":"COMERCIAL E INVERSIONES HASPARREN","faena":"PLANTA MINERA BLACK COLT","recurso":"ORO","comuna":"Petorca","tipo_deposito":"EMBALSE","metodo_constructivo":"AGUAS ABAJO","shape_area_m2":20373.73754,"bbox":[-70.86956074,-32.21775933,-70.86956074,-32.21775933],"lat":-32.21775933,"lon":-70.86956074,"nombre_busq":"0689-5C PLANTA MINERA BLACK COLT COMERCIAL E INVERSIONES HASPARREN ORO Petorca EMBALSE AGUAS ABAJO","source_file":"geonoxa_relaves_panel.geojson"},"geometry":{"type":"Point","coordinates":[-70.86956074,-32.21775933]}},{"type":"Feature","properties":{"familia":"relaves","tipo_objeto":"Relave","id_objeto":"0690-5C","nombre_objeto":"MINAS Y PLANTA BELLAVISTA","nombre_relave":"MINAS Y PLANTA BELLAVISTA","titular":"MINERA PAKMIN SpA","empresa":"MINERA PAKMIN SpA","faena":"MINAS Y PLANTA BELLAVISTA","recurso":"COBRE-ORO","comuna":"San Felipe","tipo_deposito":"TRANQUE DE RELAVE","metodo_constructivo":"","shape_area_m2":34404.492,"bbox":[-70.79213108,-32.6908147,-70.79213108,-32.6908147],"lat":-32.6908147,"lon":-70.79213108,"nombre_busq":"0690-5C MINAS Y PLANTA BELLAVISTA MINERA PAKMIN SpA COBRE-ORO San Felipe TRANQUE DE RELAVE","source_file":"geonoxa_relaves_panel.geojson"},"geometry":{"type":"Point","coordinates":[-70.79213108,-32.6908147]}},{"type":"Feature","properties":{"familia":"relaves","tipo_objeto":"Relave","id_objeto":"0691-5C","nombre_objeto":"MINAS Y PLANTA BELLAVISTA","nombre_relave":"MINAS Y PLANTA BELLAVISTA","titular":"MINERA PAKMIN SpA","empresa":"MINERA PAKMIN SpA","faena":"MINAS Y PLANTA BELLAVISTA","recurso":"COBRE","comuna":"San Felipe","tipo_deposito":"EMBALSE","metodo_constructivo":"","shape_area_m2":21190.30198,"bbox":[-70.79037689,-32.69139144,-70.79037689,-32.69139144],"lat":-32.69139144,"lon":-70.79037689,"nombre_busq":"0691-5C MINAS Y PLANTA BELLAVISTA MINERA PAKMIN SpA COBRE San Felipe EMBALSE","source_file":"geonoxa_relaves_panel.geojson"},"geometry":{"type":"Point","coordinates":[-70.79037689,-32.69139144]}},{"type":"Feature","properties":{"familia":"relaves","tipo_objeto":"Relave","id_objeto":"0692-5C","nombre_objeto":"MINAS Y PLANTA BELLAVISTA","nombre_relave":"MINAS Y PLANTA BELLAVISTA","titular":"MINERA PAKMIN SpA","empresa":"MINERA PAKMIN SpA","faena":"MINAS Y PLANTA BELLAVISTA","recurso":"COBRE","comuna":"San Felipe","tipo_deposito":"EMBALSE","metodo_constructivo":"","shape_area_m2":16501.14585,"bbox":[-70.78938575,-32.6907833,-70.78938575,-32.6907833],"lat":-32.6907833,"lon":-70.78938575,"nombre_busq":"0692-5C MINAS Y PLANTA BELLAVISTA MINERA PAKMIN SpA COBRE San Felipe EMBALSE","source_file":"geonoxa_relaves_panel.geojson"},"geometry":{"type":"Point","coordinates":[-70.78938575,-32.6907833]}},{"type":"Feature","properties":{"familia":"relaves","tipo_objeto":"Relave","id_objeto":"0693-5C","nombre_objeto":"MINAS Y PLANTA BELLAVISTA","nombre_relave":"MINAS Y PLANTA BELLAVISTA","titular":"MINERA PAKMIN SpA","empresa":"MINERA PAKMIN SpA","faena":"MINAS Y PLANTA BELLAVISTA","recurso":"COBRE","comuna":"San Felipe","tipo_deposito":"EMBALSE","metodo_constructivo":"","shape_area_m2":2884.841181,"bbox":[-70.7909413,-32.69099353,-70.7909413,-32.69099353],"lat":-32.69099353,"lon":-70.7909413,"nombre_busq":"0693-5C MINAS Y PLANTA BELLAVISTA MINERA PAKMIN SpA COBRE San Felipe EMBALSE","source_file":"geonoxa_relaves_panel.geojson"},"geometry":{"type":"Point","coordinates":[-70.7909413,-32.69099353]}},{"type":"Feature","properties":{"familia":"relaves","tipo_objeto":"Relave","id_objeto":"0694-5C","nombre_objeto":"EL SOLDADO","nombre_relave":"EL SOLDADO","titular":"ANGLO AMERICAN SUR S.A.","empresa":"ANGLO AMERICAN SUR S.A.","faena":"EL SOLDADO","recurso":"COBRE","comuna":"Nogales","tipo_deposito":"TRANQUE DE RELAVE","metodo_constructivo":"AGUAS ARRIBA","shape_area_m2":24427.26408,"bbox":[-71.14749251,-32.66305624,-71.14749251,-32.66305624],"lat":-32.66305624,"lon":-71.14749251,"nombre_busq":"0694-5C EL SOLDADO ANGLO AMERICAN SUR S.A. COBRE Nogales TRANQUE DE RELAVE AGUAS ARRIBA","source_file":"geonoxa_relaves_panel.geojson"},"geometry":{"type":"Point","coordinates":[-71.14749251,-32.66305624]}},{"type":"Feature","properties":{"familia":"relaves","tipo_objeto":"Relave","id_objeto":"0695-5C","nombre_objeto":"EL SOLDADO","nombre_relave":"EL SOLDADO","titular":"ANGLO AMERICAN SUR S.A.","empresa":"ANGLO AMERICAN SUR S.A.","faena":"EL SOLDADO","recurso":"COBRE","comuna":"Nogales","tipo_deposito":"TRANQUE DE RELAVE","metodo_constructivo":"AGUAS ARRIBA","shape_area_m2":30297.16417,"bbox":[-71.14515841,-32.66731691,-71.14515841,-32.66731691],"lat":-32.66731691,"lon":-71.14515841,"nombre_busq":"0695-5C EL SOLDADO ANGLO AMERICAN SUR S.A. COBRE Nogales TRANQUE DE RELAVE AGUAS ARRIBA","source_file":"geonoxa_relaves_panel.geojson"},"geometry":{"type":"Point","coordinates":[-71.14515841,-32.66731691]}},{"type":"Feature","properties":{"familia":"relaves","tipo_objeto":"Relave","id_objeto":"0696-5C","nombre_objeto":"EL SOLDADO","nombre_relave":"EL SOLDADO","titular":"ANGLO AMERICAN SUR S.A.","empresa":"ANGLO AMERICAN SUR S.A.","faena":"EL SOLDADO","recurso":"COBRE","comuna":"Nogales","tipo_deposito":"TRANQUE DE RELAVE","metodo_constructivo":"AGUAS ABAJO","shape_area_m2":33807.4068,"bbox":[-71.14245487,-32.67223547,-71.14245487,-32.67223547],"lat":-32.67223547,"lon":-71.14245487,"nombre_busq":"0696-5C EL SOLDADO ANGLO AMERICAN SUR S.A. COBRE Nogales TRANQUE DE RELAVE AGUAS ABAJO","source_file":"geonoxa_relaves_panel.geojson"},"geometry":{"type":"Point","coordinates":[-71.14245487,-32.67223547]}},{"type":"Feature","properties":{"familia":"relaves","tipo_objeto":"Relave","id_objeto":"0697-5C","nombre_objeto":"EL SOLDADO","nombre_relave":"EL SOLDADO","titular":"ANGLO AMERICAN SUR S.A.","empresa":"ANGLO AMERICAN SUR S.A.","faena":"EL SOLDADO","recurso":"COBRE","comuna":"Nogales","tipo_deposito":"TRANQUE DE RELAVE","metodo_constructivo":"","shape_area_m2":1092609.151,"bbox":[-71.16428727,-32.65913054,-71.16428727,-32.65913054],"lat":-32.65913054,"lon":-71.16428727,"nombre_busq":"0697-5C EL SOLDADO ANGLO AMERICAN SUR S.A. COBRE Nogales TRANQUE DE RELAVE","source_file":"geonoxa_relaves_panel.geojson"},"geometry":{"type":"Point","coordinates":[-71.16428727,-32.65913054]}},{"type":"Feature","properties":{"familia":"relaves","tipo_objeto":"Relave","id_objeto":"0698-5C","nombre_objeto":"EL SOLDADO","nombre_relave":"EL SOLDADO","titular":"ANGLO AMERICAN SUR S.A.","empresa":"ANGLO AMERICAN SUR S.A.","faena":"EL SOLDADO","recurso":"COBRE","comuna":"Nogales","tipo_deposito":"TRANQUE DE RELAVE","metodo_constructivo":"EJE CENTRAL","shape_area_m2":2890122.185,"bbox":[-71.16279854,-32.64034477,-71.16279854,-32.64034477],"lat":-32.64034477,"lon":-71.16279854,"nombre_busq":"0698-5C EL SOLDADO ANGLO AMERICAN SUR S.A. COBRE Nogales TRANQUE DE RELAVE EJE CENTRAL","source_file":"geonoxa_relaves_panel.geojson"},"geometry":{"type":"Point","coordinates":[-71.16279854,-32.64034477]}},{"type":"Feature","properties":{"familia":"relaves","tipo_objeto":"Relave","id_objeto":"0699-RM","nombre_objeto":"LOS BRONCES","nombre_relave":"LOS BRONCES","titular":"ANGLO AMERICAN SUR S.A.","empresa":"ANGLO AMERICAN SUR S.A.","faena":"LOS BRONCES","recurso":"COBRE","comuna":"Lo Barnechea","tipo_deposito":"TRANQUE DE RELAVE","metodo_constructivo":"","shape_area_m2":119436.1803,"bbox":[-70.34056262,-33.20544631,-70.34056262,-33.20544631],"lat":-33.20544631,"lon":-70.34056262,"nombre_busq":"0699-RM LOS BRONCES ANGLO AMERICAN SUR S.A. COBRE Lo Barnechea TRANQUE DE RELAVE","source_file":"geonoxa_relaves_panel.geojson"},"geometry":{"type":"Point","coordinates":[-70.34056262,-33.20544631]}},{"type":"Feature","properties":{"familia":"relaves","tipo_objeto":"Relave","id_objeto":"0700-RM","nombre_objeto":"LOS BRONCES","nombre_relave":"LOS BRONCES","titular":"ANGLO AMERICAN SUR S.A.","empresa":"ANGLO AMERICAN SUR S.A.","faena":"LOS BRONCES","recurso":"COBRE","comuna":"Lo Barnechea","tipo_deposito":"TRANQUE DE RELAVE","metodo_constructivo":"","shape_area_m2":441869.3628,"bbox":[-70.34322943,-33.22113872,-70.34322943,-33.22113872],"lat":-33.22113872,"lon":-70.34322943,"nombre_busq":"0700-RM LOS BRONCES ANGLO AMERICAN SUR S.A. COBRE Lo Barnechea TRANQUE DE RELAVE","source_file":"geonoxa_relaves_panel.geojson"},"geometry":{"type":"Point","coordinates":[-70.34322943,-33.22113872]}},{"type":"Feature","properties":{"familia":"relaves","tipo_objeto":"Relave","id_objeto":"0701-RM","nombre_objeto":"LOS BRONCES","nombre_relave":"LOS BRONCES","titular":"ANGLO AMERICAN SUR S.A.","empresa":"ANGLO AMERICAN SUR S.A.","faena":"LOS BRONCES","recurso":"COBRE","comuna":"Lo Barnechea","tipo_deposito":"TRANQUE DE RELAVE","metodo_constructivo":"","shape_area_m2":251755.7392,"bbox":[-70.34178949,-33.21209023,-70.34178949,-33.21209023],"lat":-33.21209023,"lon":-70.34178949,"nombre_busq":"0701-RM LOS BRONCES ANGLO AMERICAN SUR S.A. COBRE Lo Barnechea TRANQUE DE RELAVE","source_file":"geonoxa_relaves_panel.geojson"},"geometry":{"type":"Point","coordinates":[-70.34178949,-33.21209023]}},{"type":"Feature","properties":{"familia":"relaves","tipo_objeto":"Relave","id_objeto":"0702-RM","nombre_objeto":"LOS BRONCES","nombre_relave":"LOS BRONCES","titular":"ANGLO AMERICAN SUR S.A.","empresa":"ANGLO AMERICAN SUR S.A.","faena":"LOS BRONCES","recurso":"COBRE","comuna":"Lo Barnechea","tipo_deposito":"TRANQUE DE RELAVE","metodo_constructivo":"","shape_area_m2":68503.42581,"bbox":[-70.33989181,-33.19992097,-70.33989181,-33.19992097],"lat":-33.19992097,"lon":-70.33989181,"nombre_busq":"0702-RM LOS BRONCES ANGLO AMERICAN SUR S.A. COBRE Lo Barnechea TRANQUE DE RELAVE","source_file":"geonoxa_relaves_panel.geojson"},"geometry":{"type":"Point","coordinates":[-70.33989181,-33.19992097]}},{"type":"Feature","properties":{"familia":"relaves","tipo_objeto":"Relave","id_objeto":"0703-RM","nombre_objeto":"LOS BRONCES","nombre_relave":"LOS BRONCES","titular":"ANGLO AMERICAN SUR S.A.","empresa":"ANGLO AMERICAN SUR S.A.","faena":"LOS BRONCES","recurso":"COBRE","comuna":"Colina","tipo_deposito":"TRANQUE DE RELAVE","metodo_constructivo":"AGUAS ABAJO","shape_area_m2":11702728.33,"bbox":[-70.73291727,-33.1299916,-70.73291727,-33.1299916],"lat":-33.1299916,"lon":-70.73291727,"nombre_busq":"0703-RM LOS BRONCES ANGLO AMERICAN SUR S.A. COBRE Colina TRANQUE DE RELAVE AGUAS ABAJO","source_file":"geonoxa_relaves_panel.geojson"},"geometry":{"type":"Point","coordinates":[-70.73291727,-33.1299916]}},{"type":"Feature","properties":{"familia":"relaves","tipo_objeto":"Relave","id_objeto":"0704-5C","nombre_objeto":"PLANTA PULLALLI","nombre_relave":"PLANTA PULLALLI","titular":"CIA. MINERA PULLALLI LTDA.","empresa":"CIA. MINERA PULLALLI LTDA.","faena":"PLANTA PULLALLI","recurso":"ORO","comuna":"La Ligua","tipo_deposito":"EN PASTA","metodo_constructivo":"NO APLICA","shape_area_m2":97428.85263,"bbox":[-71.31766902,-32.39739856,-71.31766902,-32.39739856],"lat":-32.39739856,"lon":-71.31766902,"nombre_busq":"0704-5C PLANTA PULLALLI CIA. MINERA PULLALLI LTDA. ORO La Ligua EN PASTA NO APLICA","source_file":"geonoxa_relaves_panel.geojson"},"geometry":{"type":"Point","coordinates":[-71.31766902,-32.39739856]}},{"type":"Feature","properties":{"familia":"relaves","tipo_objeto":"Relave","id_objeto":"0705-5C","nombre_objeto":"PLANTA PIMENTON","nombre_relave":"PLANTA PIMENTON","titular":"CIA. MINERA PIMENTON","empresa":"CIA. MINERA PIMENTON","faena":"PLANTA PIMENTON","recurso":"ORO","comuna":"San Esteban","tipo_deposito":"EMBALSE","metodo_constructivo":"AGUAS ABAJO","shape_area_m2":39598.57765,"bbox":[-70.20525574,-32.48494116,-70.20525574,-32.48494116],"lat":-32.48494116,"lon":-70.20525574,"nombre_busq":"0705-5C PLANTA PIMENTON CIA. MINERA PIMENTON ORO San Esteban EMBALSE AGUAS ABAJO","source_file":"geonoxa_relaves_panel.geojson"},"geometry":{"type":"Point","coordinates":[-70.20525574,-32.48494116]}},{"type":"Feature","properties":{"familia":"relaves","tipo_objeto":"Relave","id_objeto":"0706-5C","nombre_objeto":"LAS CENIZAS CABILDO","nombre_relave":"LAS CENIZAS CABILDO","titular":"MINERA LAS CENIZAS S.A.","empresa":"MINERA LAS CENIZAS S.A.","faena":"LAS CENIZAS CABILDO","recurso":"COBRE","comuna":"Cabildo","tipo_deposito":"TRANQUE DE RELAVE","metodo_constructivo":"AGUAS ARRIBA","shape_area_m2":68829.31739,"bbox":[-71.08172973,-32.43110505,-71.08172973,-32.43110505],"lat":-32.43110505,"lon":-71.08172973,"nombre_busq":"0706-5C LAS CENIZAS CABILDO MINERA LAS CENIZAS S.A. COBRE Cabildo TRANQUE DE RELAVE AGUAS ARRIBA","source_file":"geonoxa_relaves_panel.geojson"},"geometry":{"type":"Point","coordinates":[-71.08172973,-32.43110505]}},{"type":"Feature","properties":{"familia":"relaves","tipo_objeto":"Relave","id_objeto":"0707-5C","nombre_objeto":"LAS CENIZAS CABILDO","nombre_relave":"LAS CENIZAS CABILDO","titular":"MINERA LAS CENIZAS S.A.","empresa":"MINERA LAS CENIZAS S.A.","faena":"LAS CENIZAS CABILDO","recurso":"COBRE","comuna":"Cabildo","tipo_deposito":"TRANQUE DE RELAVE","metodo_constructivo":"AGUAS ARRIBA","shape_area_m2":44218.55005,"bbox":[-71.08296632,-32.43254757,-71.08296632,-32.43254757],"lat":-32.43254757,"lon":-71.08296632,"nombre_busq":"0707-5C LAS CENIZAS CABILDO MINERA LAS CENIZAS S.A. COBRE Cabildo TRANQUE DE RELAVE AGUAS ARRIBA","source_file":"geonoxa_relaves_panel.geojson"},"geometry":{"type":"Point","coordinates":[-71.08296632,-32.43254757]}},{"type":"Feature","properties":{"familia":"relaves","tipo_objeto":"Relave","id_objeto":"0708-5C","nombre_objeto":"LAS CENIZAS CABILDO","nombre_relave":"LAS CENIZAS CABILDO","titular":"MINERA LAS CENIZAS S.A.","empresa":"MINERA LAS CENIZAS S.A.","faena":"LAS CENIZAS CABILDO","recurso":"COBRE","comuna":"Cabildo","tipo_deposito":"TRANQUE DE RELAVE","metodo_constructivo":"EJE CENTRAL","shape_area_m2":100495.5128,"bbox":[-71.08440522,-32.43455926,-71.08440522,-32.43455926],"lat":-32.43455926,"lon":-71.08440522,"nombre_busq":"0708-5C LAS CENIZAS CABILDO MINERA LAS CENIZAS S.A. COBRE Cabildo TRANQUE DE RELAVE EJE CENTRAL","source_file":"geonoxa_relaves_panel.geojson"},"geometry":{"type":"Point","coordinates":[-71.08440522,-32.43455926]}},{"type":"Feature","properties":{"familia":"relaves","tipo_objeto":"Relave","id_objeto":"0709-5C","nombre_objeto":"LAS CENIZAS CABILDO","nombre_relave":"LAS CENIZAS CABILDO","titular":"MINERA LAS CENIZAS S.A.","empresa":"MINERA LAS CENIZAS S.A.","faena":"LAS CENIZAS CABILDO","recurso":"COBRE","comuna":"Cabildo","tipo_deposito":"TRANQUE DE RELAVE","metodo_constructivo":"EJE CENTRAL","shape_area_m2":334676.5016,"bbox":[-71.07976928,-32.42317764,-71.07976928,-32.42317764],"lat":-32.42317764,"lon":-71.07976928,"nombre_busq":"0709-5C LAS CENIZAS CABILDO MINERA LAS CENIZAS S.A. COBRE Cabildo TRANQUE DE RELAVE EJE CENTRAL","source_file":"geonoxa_relaves_panel.geojson"},"geometry":{"type":"Point","coordinates":[-71.07976928,-32.42317764]}},{"type":"Feature","properties":{"familia":"relaves","tipo_objeto":"Relave","id_objeto":"0710-5C","nombre_objeto":"PLANTA CABILDO","nombre_relave":"PLANTA CABILDO","titular":"MINERA LAS CENIZAS S.A.","empresa":"MINERA LAS CENIZAS S.A.","faena":"PLANTA CABILDO","recurso":"COBRE","comuna":"Cabildo","tipo_deposito":"DRIM","metodo_constructivo":"NO APLICA","shape_area_m2":16300.38013,"bbox":[-71.07490002,-32.43468851,-71.07490002,-32.43468851],"lat":-32.43468851,"lon":-71.07490002,"nombre_busq":"0710-5C PLANTA CABILDO MINERA LAS CENIZAS S.A. COBRE Cabildo DRIM NO APLICA","source_file":"geonoxa_relaves_panel.geojson"},"geometry":{"type":"Point","coordinates":[-71.07490002,-32.43468851]}},{"type":"Feature","properties":{"familia":"relaves","tipo_objeto":"Relave","id_objeto":"0711-5C","nombre_objeto":"LAS CENIZAS CABILDO","nombre_relave":"LAS CENIZAS CABILDO","titular":"MINERA LAS CENIZAS S.A.","empresa":"MINERA LAS CENIZAS S.A.","faena":"LAS CENIZAS CABILDO","recurso":"COBRE","comuna":"Cabildo","tipo_deposito":"EN PASTA","metodo_constructivo":"AGUAS ABAJO","shape_area_m2":426533.721,"bbox":[-71.08449229,-32.47135668,-71.08449229,-32.47135668],"lat":-32.47135668,"lon":-71.08449229,"nombre_busq":"0711-5C LAS CENIZAS CABILDO MINERA LAS CENIZAS S.A. COBRE Cabildo EN PASTA AGUAS ABAJO","source_file":"geonoxa_relaves_panel.geojson"},"geometry":{"type":"Point","coordinates":[-71.08449229,-32.47135668]}},{"type":"Feature","properties":{"familia":"relaves","tipo_objeto":"Relave","id_objeto":"0712-5C","nombre_objeto":"LA PATAGUA","nombre_relave":"LA PATAGUA","titular":"CIA. MINERA LA PATAGUA","empresa":"CIA. MINERA LA PATAGUA","faena":"LA PATAGUA","recurso":"COBRE","comuna":"La Ligua","tipo_deposito":"TRANQUE DE RELAVE","metodo_constructivo":"EJE CENTRAL","shape_area_m2":16313.01864,"bbox":[-71.13261784,-32.53991369,-71.13261784,-32.53991369],"lat":-32.53991369,"lon":-71.13261784,"nombre_busq":"0712-5C LA PATAGUA CIA. MINERA LA PATAGUA COBRE La Ligua TRANQUE DE RELAVE EJE CENTRAL","source_file":"geonoxa_relaves_panel.geojson"},"geometry":{"type":"Point","coordinates":[-71.13261784,-32.53991369]}},{"type":"Feature","properties":{"familia":"relaves","tipo_objeto":"Relave","id_objeto":"0713-5C","nombre_objeto":"LA PATAGUA","nombre_relave":"LA PATAGUA","titular":"CIA. MINERA LA PATAGUA","empresa":"CIA. MINERA LA PATAGUA","faena":"LA PATAGUA","recurso":"COBRE","comuna":"La Ligua","tipo_deposito":"TRANQUE DE RELAVE","metodo_constructivo":"EJE CENTRAL","shape_area_m2":40419.10851,"bbox":[-71.133826,-32.53846752,-71.133826,-32.53846752],"lat":-32.53846752,"lon":-71.133826,"nombre_busq":"0713-5C LA PATAGUA CIA. MINERA LA PATAGUA COBRE La Ligua TRANQUE DE RELAVE EJE CENTRAL","source_file":"geonoxa_relaves_panel.geojson"},"geometry":{"type":"Point","coordinates":[-71.133826,-32.53846752]}},{"type":"Feature","properties":{"familia":"relaves","tipo_objeto":"Relave","id_objeto":"0714-5C","nombre_objeto":"LA PATAGUA","nombre_relave":"LA PATAGUA","titular":"CIA. MINERA LA PATAGUA","empresa":"CIA. MINERA LA PATAGUA","faena":"LA PATAGUA","recurso":"COBRE","comuna":"La Ligua","tipo_deposito":"TRANQUE DE RELAVE","metodo_constructivo":"EJE CENTRAL","shape_area_m2":20899.03386,"bbox":[-71.13378421,-32.54013857,-71.13378421,-32.54013857],"lat":-32.54013857,"lon":-71.13378421,"nombre_busq":"0714-5C LA PATAGUA CIA. MINERA LA PATAGUA COBRE La Ligua TRANQUE DE RELAVE EJE CENTRAL","source_file":"geonoxa_relaves_panel.geojson"},"geometry":{"type":"Point","coordinates":[-71.13378421,-32.54013857]}},{"type":"Feature","properties":{"familia":"relaves","tipo_objeto":"Relave","id_objeto":"0715-5C","nombre_objeto":"LA PATAGUA","nombre_relave":"LA PATAGUA","titular":"CIA. MINERA LA PATAGUA","empresa":"CIA. MINERA LA PATAGUA","faena":"LA PATAGUA","recurso":"COBRE","comuna":"La Ligua","tipo_deposito":"TRANQUE DE RELAVE","metodo_constructivo":"","shape_area_m2":27305.30564,"bbox":[-71.13544317,-32.53912839,-71.13544317,-32.53912839],"lat":-32.53912839,"lon":-71.13544317,"nombre_busq":"0715-5C LA PATAGUA CIA. MINERA LA PATAGUA COBRE La Ligua TRANQUE DE RELAVE","source_file":"geonoxa_relaves_panel.geojson"},"geometry":{"type":"Point","coordinates":[-71.13544317,-32.53912839]}},{"type":"Feature","properties":{"familia":"relaves","tipo_objeto":"Relave","id_objeto":"0716-5C","nombre_objeto":"LA PATAGUA","nombre_relave":"LA PATAGUA","titular":"CIA. MINERA LA PATAGUA","empresa":"CIA. MINERA LA PATAGUA","faena":"LA PATAGUA","recurso":"COBRE","comuna":"La Ligua","tipo_deposito":"TRANQUE DE RELAVE","metodo_constructivo":"","shape_area_m2":43355.76974,"bbox":[-71.13690404,-32.53794794,-71.13690404,-32.53794794],"lat":-32.53794794,"lon":-71.13690404,"nombre_busq":"0716-5C LA PATAGUA CIA. MINERA LA PATAGUA COBRE La Ligua TRANQUE DE RELAVE","source_file":"geonoxa_relaves_panel.geojson"},"geometry":{"type":"Point","coordinates":[-71.13690404,-32.53794794]}},{"type":"Feature","properties":{"familia":"relaves","tipo_objeto":"Relave","id_objeto":"0717-5C","nombre_objeto":"LA PATAGUA","nombre_relave":"LA PATAGUA","titular":"CIA. MINERA LA PATAGUA","empresa":"CIA. MINERA LA PATAGUA","faena":"LA PATAGUA","recurso":"COBRE","comuna":"La Ligua","tipo_deposito":"EMBALSE","metodo_constructivo":"EXCAVACION TERRENO","shape_area_m2":1796.944695,"bbox":[-71.12760447,-32.54340506,-71.12760447,-32.54340506],"lat":-32.54340506,"lon":-71.12760447,"nombre_busq":"0717-5C LA PATAGUA CIA. MINERA LA PATAGUA COBRE La Ligua EMBALSE EXCAVACION TERRENO","source_file":"geonoxa_relaves_panel.geojson"},"geometry":{"type":"Point","coordinates":[-71.12760447,-32.54340506]}},{"type":"Feature","properties":{"familia":"relaves","tipo_objeto":"Relave","id_objeto":"0718-5C","nombre_objeto":"LA PATAGUA","nombre_relave":"LA PATAGUA","titular":"CIA. MINERA LA PATAGUA","empresa":"CIA. MINERA LA PATAGUA","faena":"LA PATAGUA","recurso":"COBRE","comuna":"La Ligua","tipo_deposito":"TRANQUE DE RELAVE","metodo_constructivo":"EJE CENTRAL","shape_area_m2":124196.851,"bbox":[-71.12527475,-32.54569013,-71.12527475,-32.54569013],"lat":-32.54569013,"lon":-71.12527475,"nombre_busq":"0718-5C LA PATAGUA CIA. MINERA LA PATAGUA COBRE La Ligua TRANQUE DE RELAVE EJE CENTRAL","source_file":"geonoxa_relaves_panel.geojson"},"geometry":{"type":"Point","coordinates":[-71.12527475,-32.54569013]}},{"type":"Feature","properties":{"familia":"relaves","tipo_objeto":"Relave","id_objeto":"0719-5C","nombre_objeto":"BRONCE DE PETORCA","nombre_relave":"BRONCE DE PETORCA","titular":"CIA. MINERA CAN CAN S. A.","empresa":"CIA. MINERA CAN CAN S. A.","faena":"BRONCE DE PETORCA","recurso":"ORO","comuna":"Petorca","tipo_deposito":"TRANQUE DE RELAVE","metodo_constructivo":"","shape_area_m2":45149.94661,"bbox":[-70.96079365,-32.22702603,-70.96079365,-32.22702603],"lat":-32.22702603,"lon":-70.96079365,"nombre_busq":"0719-5C BRONCE DE PETORCA CIA. MINERA CAN CAN S. A. ORO Petorca TRANQUE DE RELAVE","source_file":"geonoxa_relaves_panel.geojson"},"geometry":{"type":"Point","coordinates":[-70.96079365,-32.22702603]}},{"type":"Feature","properties":{"familia":"relaves","tipo_objeto":"Relave","id_objeto":"0720-5C","nombre_objeto":"BRONCE DE PETORCA","nombre_relave":"BRONCE DE PETORCA","titular":"CIA. MINERA CAN CAN S. A.","empresa":"CIA. MINERA CAN CAN S. A.","faena":"BRONCE DE PETORCA","recurso":"COBRE","comuna":"Petorca","tipo_deposito":"EMBALSE","metodo_constructivo":"","shape_area_m2":135913.1596,"bbox":[-70.9658858,-32.22546941,-70.9658858,-32.22546941],"lat":-32.22546941,"lon":-70.9658858,"nombre_busq":"0720-5C BRONCE DE PETORCA CIA. MINERA CAN CAN S. A. COBRE Petorca EMBALSE","source_file":"geonoxa_relaves_panel.geojson"},"geometry":{"type":"Point","coordinates":[-70.9658858,-32.22546941]}},{"type":"Feature","properties":{"familia":"relaves","tipo_objeto":"Relave","id_objeto":"0721-5C","nombre_objeto":"BRONCE DE PETORCA","nombre_relave":"BRONCE DE PETORCA","titular":"CIA. MINERA CAN CAN S. A.","empresa":"CIA. MINERA CAN CAN S. A.","faena":"BRONCE DE PETORCA","recurso":"ORO","comuna":"Petorca","tipo_deposito":"TRANQUE DE RELAVE","metodo_constructivo":"","shape_area_m2":30736.06569,"bbox":[-70.95803874,-32.22799435,-70.95803874,-32.22799435],"lat":-32.22799435,"lon":-70.95803874,"nombre_busq":"0721-5C BRONCE DE PETORCA CIA. MINERA CAN CAN S. A. ORO Petorca TRANQUE DE RELAVE","source_file":"geonoxa_relaves_panel.geojson"},"geometry":{"type":"Point","coordinates":[-70.95803874,-32.22799435]}},{"type":"Feature","properties":{"familia":"relaves","tipo_objeto":"Relave","id_objeto":"0722-5C","nombre_objeto":"BRONCE DE PETORCA","nombre_relave":"BRONCE DE PETORCA","titular":"CIA. MINERA CAN CAN S. A.","empresa":"CIA. MINERA CAN CAN S. A.","faena":"BRONCE DE PETORCA","recurso":"ORO","comuna":"Petorca","tipo_deposito":"TRANQUE DE RELAVE","metodo_constructivo":"AGUAS ABAJO","shape_area_m2":74366.59369,"bbox":[-70.94456256,-32.19380171,-70.94456256,-32.19380171],"lat":-32.19380171,"lon":-70.94456256,"nombre_busq":"0722-5C BRONCE DE PETORCA CIA. MINERA CAN CAN S. A. ORO Petorca TRANQUE DE RELAVE AGUAS ABAJO","source_file":"geonoxa_relaves_panel.geojson"},"geometry":{"type":"Point","coordinates":[-70.94456256,-32.19380171]}},{"type":"Feature","properties":{"familia":"relaves","tipo_objeto":"Relave","id_objeto":"0723-5C","nombre_objeto":"PETRONILA DIAZ","nombre_relave":"PETRONILA DIAZ","titular":"PETRONILA DÍAZ","empresa":"PETRONILA DÍAZ","faena":"PETRONILA DIAZ","recurso":"ORO","comuna":"Petorca","tipo_deposito":"ACOPIO","metodo_constructivo":"NO APLICA","shape_area_m2":5382.288952,"bbox":[-70.93424266,-32.2541955,-70.93424266,-32.2541955],"lat":-32.2541955,"lon":-70.93424266,"nombre_busq":"0723-5C PETRONILA DIAZ PETRONILA DÍAZ ORO Petorca ACOPIO NO APLICA","source_file":"geonoxa_relaves_panel.geojson"},"geometry":{"type":"Point","coordinates":[-70.93424266,-32.2541955]}},{"type":"Feature","properties":{"familia":"relaves","tipo_objeto":"Relave","id_objeto":"0724-5C","nombre_objeto":"PLANTA DIAMANTINO","nombre_relave":"PLANTA DIAMANTINO","titular":"SM. DIAMANTINA LTDA.","empresa":"SM. DIAMANTINA LTDA.","faena":"PLANTA DIAMANTINO","recurso":"COBRE","comuna":"Putaendo","tipo_deposito":"EMBALSE","metodo_constructivo":"","shape_area_m2":6882.8704,"bbox":[-70.6275479,-32.52304556,-70.6275479,-32.52304556],"lat":-32.52304556,"lon":-70.6275479,"nombre_busq":"0724-5C PLANTA DIAMANTINO SM. DIAMANTINA LTDA. COBRE Putaendo EMBALSE","source_file":"geonoxa_relaves_panel.geojson"},"geometry":{"type":"Point","coordinates":[-70.6275479,-32.52304556]}},{"type":"Feature","properties":{"familia":"relaves","tipo_objeto":"Relave","id_objeto":"0725-5C","nombre_objeto":"PLANTA PATS","nombre_relave":"PLANTA PATS","titular":"SOC. LEGAL MRA. BOTON DE ORO DE PETORCA","empresa":"SOC. LEGAL MRA. BOTON DE ORO DE PETORCA","faena":"PLANTA PATS","recurso":"ORO","comuna":"Petorca","tipo_deposito":"EMBALSE","metodo_constructivo":"","shape_area_m2":11561.85405,"bbox":[-70.87916663,-32.24250686,-70.87916663,-32.24250686],"lat":-32.24250686,"lon":-70.87916663,"nombre_busq":"0725-5C PLANTA PATS SOC. LEGAL MRA. BOTON DE ORO DE PETORCA ORO Petorca EMBALSE","source_file":"geonoxa_relaves_panel.geojson"},"geometry":{"type":"Point","coordinates":[-70.87916663,-32.24250686]}},{"type":"Feature","properties":{"familia":"relaves","tipo_objeto":"Relave","id_objeto":"0726-5C","nombre_objeto":"LOS MAITENES","nombre_relave":"LOS MAITENES","titular":"CIA. MINERA LOS MAITENES","empresa":"CIA. MINERA LOS MAITENES","faena":"LOS MAITENES","recurso":"COBRE","comuna":"Puchuncaví","tipo_deposito":"EMBALSE","metodo_constructivo":"EXCAVACION TERRENO","shape_area_m2":4018.344692,"bbox":[-71.46465802,-32.78695975,-71.46465802,-32.78695975],"lat":-32.78695975,"lon":-71.46465802,"nombre_busq":"0726-5C LOS MAITENES CIA. MINERA LOS MAITENES COBRE Puchuncaví EMBALSE EXCAVACION TERRENO","source_file":"geonoxa_relaves_panel.geojson"},"geometry":{"type":"Point","coordinates":[-71.46465802,-32.78695975]}},{"type":"Feature","properties":{"familia":"relaves","tipo_objeto":"Relave","id_objeto":"0727-5C","nombre_objeto":"LA VEGA","nombre_relave":"LA VEGA","titular":"SINDICATO PIRQUINEROS DE PETORCA","empresa":"SINDICATO PIRQUINEROS DE PETORCA","faena":"LA VEGA","recurso":"COBRE","comuna":"Petorca","tipo_deposito":"EMBALSE","metodo_constructivo":"","shape_area_m2":1237.698219,"bbox":[-70.87679484,-32.22213467,-70.87679484,-32.22213467],"lat":-32.22213467,"lon":-70.87679484,"nombre_busq":"0727-5C LA VEGA SINDICATO PIRQUINEROS DE PETORCA COBRE Petorca EMBALSE","source_file":"geonoxa_relaves_panel.geojson"},"geometry":{"type":"Point","coordinates":[-70.87679484,-32.22213467]}},{"type":"Feature","properties":{"familia":"relaves","tipo_objeto":"Relave","id_objeto":"0728-5C","nombre_objeto":"LA VEGA","nombre_relave":"LA VEGA","titular":"SINDICATO PIRQUINEROS DE PETORCA","empresa":"SINDICATO PIRQUINEROS DE PETORCA","faena":"LA VEGA","recurso":"COBRE","comuna":"Petorca","tipo_deposito":"EMBALSE","metodo_constructivo":"","shape_area_m2":2526.848993,"bbox":[-70.87728909,-32.22224285,-70.87728909,-32.22224285],"lat":-32.22224285,"lon":-70.87728909,"nombre_busq":"0728-5C LA VEGA SINDICATO PIRQUINEROS DE PETORCA COBRE Petorca EMBALSE","source_file":"geonoxa_relaves_panel.geojson"},"geometry":{"type":"Point","coordinates":[-70.87728909,-32.22224285]}},{"type":"Feature","properties":{"familia":"relaves","tipo_objeto":"Relave","id_objeto":"0729-5C","nombre_objeto":"PLANTA EL ARENAL","nombre_relave":"PLANTA EL ARENAL","titular":"SOC. MINERA SERPROMIN","empresa":"SOC. MINERA SERPROMIN","faena":"PLANTA EL ARENAL","recurso":"COBRE","comuna":"Putaendo","tipo_deposito":"EMBALSE","metodo_constructivo":"","shape_area_m2":9727.309613,"bbox":[-70.75545651,-32.6561909,-70.75545651,-32.6561909],"lat":-32.6561909,"lon":-70.75545651,"nombre_busq":"0729-5C PLANTA EL ARENAL SOC. MINERA SERPROMIN COBRE Putaendo EMBALSE","source_file":"geonoxa_relaves_panel.geojson"},"geometry":{"type":"Point","coordinates":[-70.75545651,-32.6561909]}},{"type":"Feature","properties":{"familia":"relaves","tipo_objeto":"Relave","id_objeto":"0730-5C","nombre_objeto":"PLANTA EL ARENAL","nombre_relave":"PLANTA EL ARENAL","titular":"SOC. MINERA SERPROMIN","empresa":"SOC. MINERA SERPROMIN","faena":"PLANTA EL ARENAL","recurso":"COBRE","comuna":"Putaendo","tipo_deposito":"EMBALSE","metodo_constructivo":"","shape_area_m2":3779.926352,"bbox":[-70.75584416,-32.65570063,-70.75584416,-32.65570063],"lat":-32.65570063,"lon":-70.75584416,"nombre_busq":"0730-5C PLANTA EL ARENAL SOC. MINERA SERPROMIN COBRE Putaendo EMBALSE","source_file":"geonoxa_relaves_panel.geojson"},"geometry":{"type":"Point","coordinates":[-70.75584416,-32.65570063]}},{"type":"Feature","properties":{"familia":"relaves","tipo_objeto":"Relave","id_objeto":"0731-5C","nombre_objeto":"PLANTA SAN SEBASTIAN","nombre_relave":"PLANTA SAN SEBASTIAN","titular":"MIGRIN S.A.","empresa":"MIGRIN S.A.","faena":"PLANTA SAN SEBASTIAN","recurso":"CARBONATO DE CALCIO","comuna":"Cartagena","tipo_deposito":"ACOPIO","metodo_constructivo":"NO APLICA","shape_area_m2":28545.04284,"bbox":[-71.5858939,-33.52378798,-71.5858939,-33.52378798],"lat":-33.52378798,"lon":-71.5858939,"nombre_busq":"0731-5C PLANTA SAN SEBASTIAN MIGRIN S.A. CARBONATO DE CALCIO Cartagena ACOPIO NO APLICA","source_file":"geonoxa_relaves_panel.geojson"},"geometry":{"type":"Point","coordinates":[-71.5858939,-33.52378798]}},{"type":"Feature","properties":{"familia":"relaves","tipo_objeto":"Relave","id_objeto":"0732-7C","nombre_objeto":"LAS PIEDRAS","nombre_relave":"LAS PIEDRAS","titular":"MIGRIN S.A.","empresa":"MIGRIN S.A.","faena":"LAS PIEDRAS","recurso":"SILICE","comuna":"Empedrado","tipo_deposito":"EMBALSE","metodo_constructivo":"","shape_area_m2":207754.043,"bbox":[-72.40269619,-35.5736603,-72.40269619,-35.5736603],"lat":-35.5736603,"lon":-72.40269619,"nombre_busq":"0732-7C LAS PIEDRAS MIGRIN S.A. SILICE Empedrado EMBALSE","source_file":"geonoxa_relaves_panel.geojson"},"geometry":{"type":"Point","coordinates":[-72.40269619,-35.5736603]}},{"type":"Feature","properties":{"familia":"relaves","tipo_objeto":"Relave","id_objeto":"0733-7C","nombre_objeto":"LAS PIEDRAS","nombre_relave":"LAS PIEDRAS","titular":"MIGRIN S.A.","empresa":"MIGRIN S.A.","faena":"LAS PIEDRAS","recurso":"SILICE","comuna":"Empedrado","tipo_deposito":"EMBALSE","metodo_constructivo":"","shape_area_m2":141135.3659,"bbox":[-72.40108726,-35.57707499,-72.40108726,-35.57707499],"lat":-35.57707499,"lon":-72.40108726,"nombre_busq":"0733-7C LAS PIEDRAS MIGRIN S.A. SILICE Empedrado EMBALSE","source_file":"geonoxa_relaves_panel.geojson"},"geometry":{"type":"Point","coordinates":[-72.40108726,-35.57707499]}},{"type":"Feature","properties":{"familia":"relaves","tipo_objeto":"Relave","id_objeto":"0734-5C","nombre_objeto":"ENCON","nombre_relave":"ENCON","titular":"SOC. EXPLORACION Y DESARROLLO MINERO (EXPLODESA)","empresa":"SOC. EXPLORACION Y DESARROLLO MINERO (EXPLODESA)","faena":"ENCON","recurso":"COBRE","comuna":"San Felipe","tipo_deposito":"ACOPIO","metodo_constructivo":"NO APLICA","shape_area_m2":18603.51615,"bbox":[-70.73474148,-32.73702407,-70.73474148,-32.73702407],"lat":-32.73702407,"lon":-70.73474148,"nombre_busq":"0734-5C ENCON SOC. EXPLORACION Y DESARROLLO MINERO (EXPLODESA) COBRE San Felipe ACOPIO NO APLICA","source_file":"geonoxa_relaves_panel.geojson"},"geometry":{"type":"Point","coordinates":[-70.73474148,-32.73702407]}},{"type":"Feature","properties":{"familia":"relaves","tipo_objeto":"Relave","id_objeto":"0735-5C","nombre_objeto":"PLANTA EL CERRADO","nombre_relave":"PLANTA EL CERRADO","titular":"SOCIEDAD EDMUNDO ELISSETCHE","empresa":"SOCIEDAD EDMUNDO ELISSETCHE","faena":"PLANTA EL CERRADO","recurso":"COBRE-ORO","comuna":"Cabildo","tipo_deposito":"TRANQUE DE RELAVE","metodo_constructivo":"AGUAS ARRIBA","shape_area_m2":30017.14937,"bbox":[-70.99725095,-32.60151525,-70.99725095,-32.60151525],"lat":-32.60151525,"lon":-70.99725095,"nombre_busq":"0735-5C PLANTA EL CERRADO SOCIEDAD EDMUNDO ELISSETCHE COBRE-ORO Cabildo TRANQUE DE RELAVE AGUAS ARRIBA","source_file":"geonoxa_relaves_panel.geojson"},"geometry":{"type":"Point","coordinates":[-70.99725095,-32.60151525]}},{"type":"Feature","properties":{"familia":"relaves","tipo_objeto":"Relave","id_objeto":"0736-5C","nombre_objeto":"PLANTA EL CERRADO","nombre_relave":"PLANTA EL CERRADO","titular":"SOCIEDAD EDMUNDO ELISSETCHE","empresa":"SOCIEDAD EDMUNDO ELISSETCHE","faena":"PLANTA EL CERRADO","recurso":"COBRE-ORO","comuna":"Cabildo","tipo_deposito":"TRANQUE DE RELAVE","metodo_constructivo":"EJE CENTRAL","shape_area_m2":31636.89719,"bbox":[-70.99475957,-32.59953272,-70.99475957,-32.59953272],"lat":-32.59953272,"lon":-70.99475957,"nombre_busq":"0736-5C PLANTA EL CERRADO SOCIEDAD EDMUNDO ELISSETCHE COBRE-ORO Cabildo TRANQUE DE RELAVE EJE CENTRAL","source_file":"geonoxa_relaves_panel.geojson"},"geometry":{"type":"Point","coordinates":[-70.99475957,-32.59953272]}},{"type":"Feature","properties":{"familia":"relaves","tipo_objeto":"Relave","id_objeto":"0737-5C","nombre_objeto":"PLANTA SAAVEDRA EL QUEMADO","nombre_relave":"PLANTA SAAVEDRA EL QUEMADO","titular":"HUGO HUMBERTO SAAVEDRA QUIROZ","empresa":"HUGO HUMBERTO SAAVEDRA QUIROZ","faena":"PLANTA SAAVEDRA EL QUEMADO","recurso":"ORO","comuna":"Cabildo","tipo_deposito":"TRANQUE DE RELAVE","metodo_constructivo":"AGUAS ARRIBA","shape_area_m2":6278.365502,"bbox":[-71.01151141,-32.44302482,-71.01151141,-32.44302482],"lat":-32.44302482,"lon":-71.01151141,"nombre_busq":"0737-5C PLANTA SAAVEDRA EL QUEMADO HUGO HUMBERTO SAAVEDRA QUIROZ ORO Cabildo TRANQUE DE RELAVE AGUAS ARRIBA","source_file":"geonoxa_relaves_panel.geojson"},"geometry":{"type":"Point","coordinates":[-71.01151141,-32.44302482]}},{"type":"Feature","properties":{"familia":"relaves","tipo_objeto":"Relave","id_objeto":"0738-5C","nombre_objeto":"PLANTA LOS MOLLES","nombre_relave":"PLANTA LOS MOLLES","titular":"SOC. MINERA GAMA","empresa":"SOC. MINERA GAMA","faena":"PLANTA LOS MOLLES","recurso":"ORO-COBRE","comuna":"La Ligua","tipo_deposito":"TRANQUE DE RELAVE","metodo_constructivo":"EJE CENTRAL","shape_area_m2":4867.843321,"bbox":[-71.48104447,-32.23450261,-71.48104447,-32.23450261],"lat":-32.23450261,"lon":-71.48104447,"nombre_busq":"0738-5C PLANTA LOS MOLLES SOC. MINERA GAMA ORO-COBRE La Ligua TRANQUE DE RELAVE EJE CENTRAL","source_file":"geonoxa_relaves_panel.geojson"},"geometry":{"type":"Point","coordinates":[-71.48104447,-32.23450261]}},{"type":"Feature","properties":{"familia":"relaves","tipo_objeto":"Relave","id_objeto":"0739-5C","nombre_objeto":"PLANTA HIERRO VIEJO","nombre_relave":"PLANTA HIERRO VIEJO","titular":"CIA. MINERA HIERRO VIEJO","empresa":"CIA. MINERA HIERRO VIEJO","faena":"PLANTA HIERRO VIEJO","recurso":"COBRE","comuna":"Petorca","tipo_deposito":"TRANQUE DE RELAVE","metodo_constructivo":"AGUAS ARRIBA","shape_area_m2":1192.82038,"bbox":[-71.01607132,-32.27765385,-71.01607132,-32.27765385],"lat":-32.27765385,"lon":-71.01607132,"nombre_busq":"0739-5C PLANTA HIERRO VIEJO CIA. MINERA HIERRO VIEJO COBRE Petorca TRANQUE DE RELAVE AGUAS ARRIBA","source_file":"geonoxa_relaves_panel.geojson"},"geometry":{"type":"Point","coordinates":[-71.01607132,-32.27765385]}},{"type":"Feature","properties":{"familia":"relaves","tipo_objeto":"Relave","id_objeto":"0740-5C","nombre_objeto":"PLANTA HIERRO VIEJO","nombre_relave":"PLANTA HIERRO VIEJO","titular":"CIA. MINERA HIERRO VIEJO","empresa":"CIA. MINERA HIERRO VIEJO","faena":"PLANTA HIERRO VIEJO","recurso":"COBRE","comuna":"Petorca","tipo_deposito":"TRANQUE DE RELAVE","metodo_constructivo":"AGUAS ARRIBA","shape_area_m2":3052.605528,"bbox":[-71.01642947,-32.27802037,-71.01642947,-32.27802037],"lat":-32.27802037,"lon":-71.01642947,"nombre_busq":"0740-5C PLANTA HIERRO VIEJO CIA. MINERA HIERRO VIEJO COBRE Petorca TRANQUE DE RELAVE AGUAS ARRIBA","source_file":"geonoxa_relaves_panel.geojson"},"geometry":{"type":"Point","coordinates":[-71.01642947,-32.27802037]}},{"type":"Feature","properties":{"familia":"relaves","tipo_objeto":"Relave","id_objeto":"0741-5C","nombre_objeto":"PLANTA CATEMU","nombre_relave":"PLANTA CATEMU","titular":"MINERA CEMIN-PULLALLI SPA","empresa":"MINERA CEMIN-PULLALLI SPA","faena":"PLANTA CATEMU","recurso":"COBRE","comuna":"Catemu","tipo_deposito":"TRANQUE DE RELAVE","metodo_constructivo":"AGUAS ABAJO","shape_area_m2":12230.1606,"bbox":[-70.99376666,-32.77188519,-70.99376666,-32.77188519],"lat":-32.77188519,"lon":-70.99376666,"nombre_busq":"0741-5C PLANTA CATEMU MINERA CEMIN-PULLALLI SPA COBRE Catemu TRANQUE DE RELAVE AGUAS ABAJO","source_file":"geonoxa_relaves_panel.geojson"},"geometry":{"type":"Point","coordinates":[-70.99376666,-32.77188519]}},{"type":"Feature","properties":{"familia":"relaves","tipo_objeto":"Relave","id_objeto":"0742-5C","nombre_objeto":"PLANTA CATEMU","nombre_relave":"PLANTA CATEMU","titular":"MINERA CEMIN-PULLALLI SPA","empresa":"MINERA CEMIN-PULLALLI SPA","faena":"PLANTA CATEMU","recurso":"COBRE","comuna":"Catemu","tipo_deposito":"TRANQUE DE RELAVE","metodo_constructivo":"AGUAS ABAJO","shape_area_m2":70459.19639,"bbox":[-70.99262837,-32.77283402,-70.99262837,-32.77283402],"lat":-32.77283402,"lon":-70.99262837,"nombre_busq":"0742-5C PLANTA CATEMU MINERA CEMIN-PULLALLI SPA COBRE Catemu TRANQUE DE RELAVE AGUAS ABAJO","source_file":"geonoxa_relaves_panel.geojson"},"geometry":{"type":"Point","coordinates":[-70.99262837,-32.77283402]}},{"type":"Feature","properties":{"familia":"relaves","tipo_objeto":"Relave","id_objeto":"0743-5C","nombre_objeto":"PLANTA CATEMU","nombre_relave":"PLANTA CATEMU","titular":"MINERA CEMIN-PULLALLI SPA","empresa":"MINERA CEMIN-PULLALLI SPA","faena":"PLANTA CATEMU","recurso":"COBRE","comuna":"Catemu","tipo_deposito":"TRANQUE DE RELAVE","metodo_constructivo":"AGUAS ABAJO","shape_area_m2":178530.1061,"bbox":[-70.99626296,-32.77032406,-70.99626296,-32.77032406],"lat":-32.77032406,"lon":-70.99626296,"nombre_busq":"0743-5C PLANTA CATEMU MINERA CEMIN-PULLALLI SPA COBRE Catemu TRANQUE DE RELAVE AGUAS ABAJO","source_file":"geonoxa_relaves_panel.geojson"},"geometry":{"type":"Point","coordinates":[-70.99626296,-32.77032406]}},{"type":"Feature","properties":{"familia":"relaves","tipo_objeto":"Relave","id_objeto":"0744-5C","nombre_objeto":"PLANTA CATEMU","nombre_relave":"PLANTA CATEMU","titular":"MINERA CEMIN-PULLALLI SPA","empresa":"MINERA CEMIN-PULLALLI SPA","faena":"PLANTA CATEMU","recurso":"COBRE","comuna":"Catemu","tipo_deposito":"TRANQUE DE RELAVE","metodo_constructivo":"EJE CENTRAL","shape_area_m2":121477.7768,"bbox":[-70.9923238,-32.77608493,-70.9923238,-32.77608493],"lat":-32.77608493,"lon":-70.9923238,"nombre_busq":"0744-5C PLANTA CATEMU MINERA CEMIN-PULLALLI SPA COBRE Catemu TRANQUE DE RELAVE EJE CENTRAL","source_file":"geonoxa_relaves_panel.geojson"},"geometry":{"type":"Point","coordinates":[-70.9923238,-32.77608493]}},{"type":"Feature","properties":{"familia":"relaves","tipo_objeto":"Relave","id_objeto":"0745-5C","nombre_objeto":"3 TRANQUES","nombre_relave":"3 TRANQUES","titular":"TRAPICHES","empresa":"TRAPICHES","faena":"3 TRANQUES","recurso":"ORO","comuna":"Petorca","tipo_deposito":"ACOPIO","metodo_constructivo":"NO APLICA","shape_area_m2":767.5584538,"bbox":[-70.94596245,-32.25662707,-70.94596245,-32.25662707],"lat":-32.25662707,"lon":-70.94596245,"nombre_busq":"0745-5C 3 TRANQUES TRAPICHES ORO Petorca ACOPIO NO APLICA","source_file":"geonoxa_relaves_panel.geojson"},"geometry":{"type":"Point","coordinates":[-70.94596245,-32.25662707]}},{"type":"Feature","properties":{"familia":"relaves","tipo_objeto":"Relave","id_objeto":"0746-5C","nombre_objeto":"PROQUIMIN","nombre_relave":"PROQUIMIN","titular":"PROQUIMIN","empresa":"PROQUIMIN","faena":"PROQUIMIN","recurso":"CAOLIN","comuna":"Calera","tipo_deposito":"ACOPIO","metodo_constructivo":"NO APLICA","shape_area_m2":2045.715653,"bbox":[-71.19879136,-32.79865203,-71.19879136,-32.79865203],"lat":-32.79865203,"lon":-71.19879136,"nombre_busq":"0746-5C PROQUIMIN PROQUIMIN CAOLIN Calera ACOPIO NO APLICA","source_file":"geonoxa_relaves_panel.geojson"},"geometry":{"type":"Point","coordinates":[-71.19879136,-32.79865203]}},{"type":"Feature","properties":{"familia":"relaves","tipo_objeto":"Relave","id_objeto":"0747-5C","nombre_objeto":"PLANTA CHINCOLCO","nombre_relave":"PLANTA CHINCOLCO","titular":"PLANTA CONCENTRADORA DE MINERALES CHINCOLCO SPA","empresa":"PLANTA CONCENTRADORA DE MINERALES CHINCOLCO SPA","faena":"PLANTA CHINCOLCO","recurso":"COBRE","comuna":"Petorca","tipo_deposito":"EMBALSE","metodo_constructivo":"","shape_area_m2":14700.77022,"bbox":[-70.87422001,-32.22132246,-70.87422001,-32.22132246],"lat":-32.22132246,"lon":-70.87422001,"nombre_busq":"0747-5C PLANTA CHINCOLCO PLANTA CONCENTRADORA DE MINERALES CHINCOLCO SPA COBRE Petorca EMBALSE","source_file":"geonoxa_relaves_panel.geojson"},"geometry":{"type":"Point","coordinates":[-70.87422001,-32.22132246]}},{"type":"Feature","properties":{"familia":"relaves","tipo_objeto":"Relave","id_objeto":"0748-5C","nombre_objeto":"PLANTA LOS MAQUIS","nombre_relave":"PLANTA LOS MAQUIS","titular":"MINERA LAS CENIZAS S.A.","empresa":"MINERA LAS CENIZAS S.A.","faena":"PLANTA LOS MAQUIS","recurso":"COBRE","comuna":"Cabildo","tipo_deposito":"TRANQUE DE RELAVE","metodo_constructivo":"AGUAS ARRIBA","shape_area_m2":2632.924857,"bbox":[-71.06890635,-32.46390145,-71.06890635,-32.46390145],"lat":-32.46390145,"lon":-71.06890635,"nombre_busq":"0748-5C PLANTA LOS MAQUIS MINERA LAS CENIZAS S.A. COBRE Cabildo TRANQUE DE RELAVE AGUAS ARRIBA","source_file":"geonoxa_relaves_panel.geojson"},"geometry":{"type":"Point","coordinates":[-71.06890635,-32.46390145]}},{"type":"Feature","properties":{"familia":"relaves","tipo_objeto":"Relave","id_objeto":"0749-5C","nombre_objeto":"ANTAWARA","nombre_relave":"ANTAWARA","titular":"ANTAWARA SpA","empresa":"ANTAWARA SpA","faena":"ANTAWARA","recurso":"COBRE","comuna":"Petorca","tipo_deposito":"EMBALSE","metodo_constructivo":"","shape_area_m2":21372.12802,"bbox":[-70.87226203,-32.2015084,-70.87226203,-32.2015084],"lat":-32.2015084,"lon":-70.87226203,"nombre_busq":"0749-5C ANTAWARA ANTAWARA SpA COBRE Petorca EMBALSE","source_file":"geonoxa_relaves_panel.geojson"},"geometry":{"type":"Point","coordinates":[-70.87226203,-32.2015084]}},{"type":"Feature","properties":{"familia":"relaves","tipo_objeto":"Relave","id_objeto":"0750-5C","nombre_objeto":"COBRE OXIDADO 1-5","nombre_relave":"COBRE OXIDADO 1-5","titular":"FIDEL CONTRERAS SALINAS","empresa":"FIDEL CONTRERAS SALINAS","faena":"COBRE OXIDADO 1-5","recurso":"COBRE","comuna":"Putaendo","tipo_deposito":"ACOPIO","metodo_constructivo":"NO APLICA","shape_area_m2":436.931618,"bbox":[-70.764752,-32.57533221,-70.764752,-32.57533221],"lat":-32.57533221,"lon":-70.764752,"nombre_busq":"0750-5C COBRE OXIDADO 1-5 FIDEL CONTRERAS SALINAS COBRE Putaendo ACOPIO NO APLICA","source_file":"geonoxa_relaves_panel.geojson"},"geometry":{"type":"Point","coordinates":[-70.764752,-32.57533221]}},{"type":"Feature","properties":{"familia":"relaves","tipo_objeto":"Relave","id_objeto":"0751-5C","nombre_objeto":"PLANTA DULCINEA","nombre_relave":"PLANTA DULCINEA","titular":"DESCONOCIDO","empresa":"DESCONOCIDO","faena":"PLANTA DULCINEA","recurso":"COBRE","comuna":"Petorca","tipo_deposito":"TRANQUE DE RELAVE","metodo_constructivo":"","shape_area_m2":37272.93913,"bbox":[-70.79912598,-32.14304249,-70.79912598,-32.14304249],"lat":-32.14304249,"lon":-70.79912598,"nombre_busq":"0751-5C PLANTA DULCINEA DESCONOCIDO COBRE Petorca TRANQUE DE RELAVE","source_file":"geonoxa_relaves_panel.geojson"},"geometry":{"type":"Point","coordinates":[-70.79912598,-32.14304249]}},{"type":"Feature","properties":{"familia":"relaves","tipo_objeto":"Relave","id_objeto":"0752-5C","nombre_objeto":"PLANTA TRANSITO (LAS PALMAS)","nombre_relave":"PLANTA TRANSITO (LAS PALMAS)","titular":"DESCONOCIDO","empresa":"DESCONOCIDO","faena":"PLANTA TRANSITO (LAS PALMAS)","recurso":"COBRE","comuna":"Petorca","tipo_deposito":"TRANQUE DE RELAVE","metodo_constructivo":"AGUAS ARRIBA","shape_area_m2":8266.019959,"bbox":[-71.1479111,-32.1725849,-71.1479111,-32.1725849],"lat":-32.1725849,"lon":-71.1479111,"nombre_busq":"0752-5C PLANTA TRANSITO (LAS PALMAS) DESCONOCIDO COBRE Petorca TRANQUE DE RELAVE AGUAS ARRIBA","source_file":"geonoxa_relaves_panel.geojson"},"geometry":{"type":"Point","coordinates":[-71.1479111,-32.1725849]}},{"type":"Feature","properties":{"familia":"relaves","tipo_objeto":"Relave","id_objeto":"0753-5C","nombre_objeto":"PLANTA DE BENEFICIO DE MINERALES","nombre_relave":"PLANTA DE BENEFICIO DE MINERALES","titular":"MINERA LA MERCED E.I.R.L.","empresa":"MINERA LA MERCED E.I.R.L.","faena":"PLANTA DE BENEFICIO DE MINERALES","recurso":"COBRE","comuna":"Petorca","tipo_deposito":"EMBALSE","metodo_constructivo":"EXCAVACION TERRENO","shape_area_m2":1412.655529,"bbox":[-70.87107027,-32.2195336,-70.87107027,-32.2195336],"lat":-32.2195336,"lon":-70.87107027,"nombre_busq":"0753-5C PLANTA DE BENEFICIO DE MINERALES MINERA LA MERCED E.I.R.L. COBRE Petorca EMBALSE EXCAVACION TERRENO","source_file":"geonoxa_relaves_panel.geojson"},"geometry":{"type":"Point","coordinates":[-70.87107027,-32.2195336]}},{"type":"Feature","properties":{"familia":"relaves","tipo_objeto":"Relave","id_objeto":"0754-5C","nombre_objeto":"PLANTA LOS HOYOS","nombre_relave":"PLANTA LOS HOYOS","titular":"DESCONOCIDO","empresa":"DESCONOCIDO","faena":"PLANTA LOS HOYOS","recurso":"ORO","comuna":"Petorca","tipo_deposito":"TRANQUE DE RELAVE","metodo_constructivo":"AGUAS ABAJO","shape_area_m2":5007.722324,"bbox":[-70.82815769,-32.06621879,-70.82815769,-32.06621879],"lat":-32.06621879,"lon":-70.82815769,"nombre_busq":"0754-5C PLANTA LOS HOYOS DESCONOCIDO ORO Petorca TRANQUE DE RELAVE AGUAS ABAJO","source_file":"geonoxa_relaves_panel.geojson"},"geometry":{"type":"Point","coordinates":[-70.82815769,-32.06621879]}},{"type":"Feature","properties":{"familia":"relaves","tipo_objeto":"Relave","id_objeto":"0755-5C","nombre_objeto":"RAMAYANA","nombre_relave":"RAMAYANA","titular":"DESCONOCIDO","empresa":"DESCONOCIDO","faena":"RAMAYANA","recurso":"COBRE","comuna":"Olmué","tipo_deposito":"TRANQUE DE RELAVE","metodo_constructivo":"AGUAS ARRIBA","shape_area_m2":9697.995368,"bbox":[-71.03570576,-33.06048934,-71.03570576,-33.06048934],"lat":-33.06048934,"lon":-71.03570576,"nombre_busq":"0755-5C RAMAYANA DESCONOCIDO COBRE Olmué TRANQUE DE RELAVE AGUAS ARRIBA","source_file":"geonoxa_relaves_panel.geojson"},"geometry":{"type":"Point","coordinates":[-71.03570576,-33.06048934]}},{"type":"Feature","properties":{"familia":"relaves","tipo_objeto":"Relave","id_objeto":"0756-5C","nombre_objeto":"RAMAYANA","nombre_relave":"RAMAYANA","titular":"DESCONOCIDO","empresa":"DESCONOCIDO","faena":"RAMAYANA","recurso":"COBRE","comuna":"Olmué","tipo_deposito":"ACOPIO","metodo_constructivo":"NO APLICA","shape_area_m2":7401.388711,"bbox":[-71.03051234,-33.07151776,-71.03051234,-33.07151776],"lat":-33.07151776,"lon":-71.03051234,"nombre_busq":"0756-5C RAMAYANA DESCONOCIDO COBRE Olmué ACOPIO NO APLICA","source_file":"geonoxa_relaves_panel.geojson"},"geometry":{"type":"Point","coordinates":[-71.03051234,-33.07151776]}},{"type":"Feature","properties":{"familia":"relaves","tipo_objeto":"Relave","id_objeto":"0757-RM","nombre_objeto":"PLANTA POLCURA INTEGRADA","nombre_relave":"PLANTA POLCURA INTEGRADA","titular":"MINERA SAN PEDRO S.A","empresa":"MINERA SAN PEDRO S.A","faena":"PLANTA POLCURA INTEGRADA","recurso":"COBRE","comuna":"Tiltil","tipo_deposito":"EMBALSE","metodo_constructivo":"","shape_area_m2":71598.48079,"bbox":[-70.91335896,-33.10365011,-70.91335896,-33.10365011],"lat":-33.10365011,"lon":-70.91335896,"nombre_busq":"0757-RM PLANTA POLCURA INTEGRADA MINERA SAN PEDRO S.A COBRE Tiltil EMBALSE","source_file":"geonoxa_relaves_panel.geojson"},"geometry":{"type":"Point","coordinates":[-70.91335896,-33.10365011]}},{"type":"Feature","properties":{"familia":"relaves","tipo_objeto":"Relave","id_objeto":"0758-RM","nombre_objeto":"PLANTA POLCURA INTEGRADA","nombre_relave":"PLANTA POLCURA INTEGRADA","titular":"MINERA SAN PEDRO S.A","empresa":"MINERA SAN PEDRO S.A","faena":"PLANTA POLCURA INTEGRADA","recurso":"COBRE","comuna":"Tiltil","tipo_deposito":"FILTRADO","metodo_constructivo":"NO APLICA","shape_area_m2":83878.87993,"bbox":[-70.90591877,-33.10182652,-70.90591877,-33.10182652],"lat":-33.10182652,"lon":-70.90591877,"nombre_busq":"0758-RM PLANTA POLCURA INTEGRADA MINERA SAN PEDRO S.A COBRE Tiltil FILTRADO NO APLICA","source_file":"geonoxa_relaves_panel.geojson"},"geometry":{"type":"Point","coordinates":[-70.90591877,-33.10182652]}},{"type":"Feature","properties":{"familia":"relaves","tipo_objeto":"Relave","id_objeto":"0759-RM","nombre_objeto":"CERRO BLANCO","nombre_relave":"CERRO BLANCO","titular":"CEMENTO POLPAICO S.A.","empresa":"CEMENTO POLPAICO S.A.","faena":"CERRO BLANCO","recurso":"CALIZA","comuna":"Tiltil","tipo_deposito":"TRANQUE DE RELAVE","metodo_constructivo":"EJE CENTRAL","shape_area_m2":581591.0601,"bbox":[-70.83126703,-33.1433976,-70.83126703,-33.1433976],"lat":-33.1433976,"lon":-70.83126703,"nombre_busq":"0759-RM CERRO BLANCO CEMENTO POLPAICO S.A. CALIZA Tiltil TRANQUE DE RELAVE EJE CENTRAL","source_file":"geonoxa_relaves_panel.geojson"},"geometry":{"type":"Point","coordinates":[-70.83126703,-33.1433976]}},{"type":"Feature","properties":{"familia":"relaves","tipo_objeto":"Relave","id_objeto":"0760-RM","nombre_objeto":"CERRO BLANCO","nombre_relave":"CERRO BLANCO","titular":"CEMENTO POLPAICO S.A.","empresa":"CEMENTO POLPAICO S.A.","faena":"CERRO BLANCO","recurso":"CARBONATO DE CALCIO","comuna":"Tiltil","tipo_deposito":"TRANQUE DE RELAVE","metodo_constructivo":"AGUAS ABAJO","shape_area_m2":436270.5484,"bbox":[-70.82481384,-33.1715898,-70.82481384,-33.1715898],"lat":-33.1715898,"lon":-70.82481384,"nombre_busq":"0760-RM CERRO BLANCO CEMENTO POLPAICO S.A. CARBONATO DE CALCIO Tiltil TRANQUE DE RELAVE AGUAS ABAJO","source_file":"geonoxa_relaves_panel.geojson"},"geometry":{"type":"Point","coordinates":[-70.82481384,-33.1715898]}},{"type":"Feature","properties":{"familia":"relaves","tipo_objeto":"Relave","id_objeto":"0761-RM","nombre_objeto":"PLANTA LA AFRICANA","nombre_relave":"PLANTA LA AFRICANA","titular":"MINERA NUEVA PUDAHUEL","empresa":"MINERA NUEVA PUDAHUEL","faena":"PLANTA LA AFRICANA","recurso":"COBRE","comuna":"Pudahuel","tipo_deposito":"TRANQUE DE RELAVE","metodo_constructivo":"","shape_area_m2":358366.63,"bbox":[-70.81467053,-33.46095278,-70.81467053,-33.46095278],"lat":-33.46095278,"lon":-70.81467053,"nombre_busq":"0761-RM PLANTA LA AFRICANA MINERA NUEVA PUDAHUEL COBRE Pudahuel TRANQUE DE RELAVE","source_file":"geonoxa_relaves_panel.geojson"},"geometry":{"type":"Point","coordinates":[-70.81467053,-33.46095278]}},{"type":"Feature","properties":{"familia":"relaves","tipo_objeto":"Relave","id_objeto":"0762-RM","nombre_objeto":"PLANTA LA AFRICANA","nombre_relave":"PLANTA LA AFRICANA","titular":"MINERA NUEVA PUDAHUEL","empresa":"MINERA NUEVA PUDAHUEL","faena":"PLANTA LA AFRICANA","recurso":"COBRE","comuna":"Maipú","tipo_deposito":"TRANQUE DE RELAVE","metodo_constructivo":"","shape_area_m2":74994.16462,"bbox":[-70.80860611,-33.4644728,-70.80860611,-33.4644728],"lat":-33.4644728,"lon":-70.80860611,"nombre_busq":"0762-RM PLANTA LA AFRICANA MINERA NUEVA PUDAHUEL COBRE Maipú TRANQUE DE RELAVE","source_file":"geonoxa_relaves_panel.geojson"},"geometry":{"type":"Point","coordinates":[-70.80860611,-33.4644728]}},{"type":"Feature","properties":{"familia":"relaves","tipo_objeto":"Relave","id_objeto":"0763-RM","nombre_objeto":"PLANTA ANITA","nombre_relave":"PLANTA ANITA","titular":"LUIS DONOSO SARMIENTO","empresa":"LUIS DONOSO SARMIENTO","faena":"PLANTA ANITA","recurso":"ORO","comuna":"Tiltil","tipo_deposito":"ACOPIO","metodo_constructivo":"NO APLICA","shape_area_m2":28419.4418,"bbox":[-70.94347182,-33.07623882,-70.94347182,-33.07623882],"lat":-33.07623882,"lon":-70.94347182,"nombre_busq":"0763-RM PLANTA ANITA LUIS DONOSO SARMIENTO ORO Tiltil ACOPIO NO APLICA","source_file":"geonoxa_relaves_panel.geojson"},"geometry":{"type":"Point","coordinates":[-70.94347182,-33.07623882]}},{"type":"Feature","properties":{"familia":"relaves","tipo_objeto":"Relave","id_objeto":"0764-RM","nombre_objeto":"LOS MAQUIS DE RANGUE (EX PLANTA ACULEO)","nombre_relave":"LOS MAQUIS DE RANGUE (EX PLANTA ACULEO)","titular":"OSCAR CUEVAS CONTRERAS","empresa":"OSCAR CUEVAS CONTRERAS","faena":"LOS MAQUIS DE RANGUE (EX PLANTA ACULEO)","recurso":"ORO","comuna":"Paine","tipo_deposito":"ACOPIO","metodo_constructivo":"NO APLICA","shape_area_m2":15088.55183,"bbox":[-70.95910496,-33.85020692,-70.95910496,-33.85020692],"lat":-33.85020692,"lon":-70.95910496,"nombre_busq":"0764-RM LOS MAQUIS DE RANGUE (EX PLANTA ACULEO) OSCAR CUEVAS CONTRERAS ORO Paine ACOPIO NO APLICA","source_file":"geonoxa_relaves_panel.geojson"},"geometry":{"type":"Point","coordinates":[-70.95910496,-33.85020692]}},{"type":"Feature","properties":{"familia":"relaves","tipo_objeto":"Relave","id_objeto":"0765-RM","nombre_objeto":"ALHUE","nombre_relave":"ALHUE","titular":"MINERA FLORIDA LTDA.","empresa":"MINERA FLORIDA LTDA.","faena":"ALHUE","recurso":"ORO-ZINC","comuna":"Alhué","tipo_deposito":"TRANQUE DE RELAVE","metodo_constructivo":"","shape_area_m2":417371.4535,"bbox":[-71.03178378,-34.04288629,-71.03178378,-34.04288629],"lat":-34.04288629,"lon":-71.03178378,"nombre_busq":"0765-RM ALHUE MINERA FLORIDA LTDA. ORO-ZINC Alhué TRANQUE DE RELAVE","source_file":"geonoxa_relaves_panel.geojson"},"geometry":{"type":"Point","coordinates":[-71.03178378,-34.04288629]}},{"type":"Feature","properties":{"familia":"relaves","tipo_objeto":"Relave","id_objeto":"0766-RM","nombre_objeto":"ALHUE","nombre_relave":"ALHUE","titular":"MINERA FLORIDA LTDA.","empresa":"MINERA FLORIDA LTDA.","faena":"ALHUE","recurso":"ORO-ZINC","comuna":"Alhué","tipo_deposito":"TRANQUE DE RELAVE","metodo_constructivo":"","shape_area_m2":301857.6151,"bbox":[-71.03116483,-34.0378048,-71.03116483,-34.0378048],"lat":-34.0378048,"lon":-71.03116483,"nombre_busq":"0766-RM ALHUE MINERA FLORIDA LTDA. ORO-ZINC Alhué TRANQUE DE RELAVE","source_file":"geonoxa_relaves_panel.geojson"},"geometry":{"type":"Point","coordinates":[-71.03116483,-34.0378048]}},{"type":"Feature","properties":{"familia":"relaves","tipo_objeto":"Relave","id_objeto":"0767-RM","nombre_objeto":"ALHUE","nombre_relave":"ALHUE","titular":"MINERA FLORIDA LTDA.","empresa":"MINERA FLORIDA LTDA.","faena":"ALHUE","recurso":"ORO-ZINC","comuna":"Alhué","tipo_deposito":"EN PASTA","metodo_constructivo":"NO APLICA","shape_area_m2":886966.342,"bbox":[-71.04028353,-34.04696336,-71.04028353,-34.04696336],"lat":-34.04696336,"lon":-71.04028353,"nombre_busq":"0767-RM ALHUE MINERA FLORIDA LTDA. ORO-ZINC Alhué EN PASTA NO APLICA","source_file":"geonoxa_relaves_panel.geojson"},"geometry":{"type":"Point","coordinates":[-71.04028353,-34.04696336]}},{"type":"Feature","properties":{"familia":"relaves","tipo_objeto":"Relave","id_objeto":"0768-RM","nombre_objeto":"PLANTA LO AGUILA","nombre_relave":"PLANTA LO AGUILA","titular":"LUIS RAMIREZ VALLE","empresa":"LUIS RAMIREZ VALLE","faena":"PLANTA LO AGUILA","recurso":"ORO","comuna":"Curacaví","tipo_deposito":"ACOPIO","metodo_constructivo":"","shape_area_m2":5614.989833,"bbox":[-71.14496642,-33.42318092,-71.14496642,-33.42318092],"lat":-33.42318092,"lon":-71.14496642,"nombre_busq":"0768-RM PLANTA LO AGUILA LUIS RAMIREZ VALLE ORO Curacaví ACOPIO","source_file":"geonoxa_relaves_panel.geojson"},"geometry":{"type":"Point","coordinates":[-71.14496642,-33.42318092]}},{"type":"Feature","properties":{"familia":"relaves","tipo_objeto":"Relave","id_objeto":"0769-RM","nombre_objeto":"PLANTA SAN FRANCISCO","nombre_relave":"PLANTA SAN FRANCISCO","titular":"ALMA MINERALS (EX RECICLOMET)","empresa":"ALMA MINERALS (EX RECICLOMET)","faena":"PLANTA SAN FRANCISCO","recurso":"COBRE","comuna":"Tiltil","tipo_deposito":"EMBALSE","metodo_constructivo":"EXCAVACION TERRENO","shape_area_m2":76994.50115,"bbox":[-70.92764584,-33.10544682,-70.92764584,-33.10544682],"lat":-33.10544682,"lon":-70.92764584,"nombre_busq":"0769-RM PLANTA SAN FRANCISCO ALMA MINERALS (EX RECICLOMET) COBRE Tiltil EMBALSE EXCAVACION TERRENO","source_file":"geonoxa_relaves_panel.geojson"},"geometry":{"type":"Point","coordinates":[-70.92764584,-33.10544682]}},{"type":"Feature","properties":{"familia":"relaves","tipo_objeto":"Relave","id_objeto":"0770-RM","nombre_objeto":"PLANTA RUNGUE","nombre_relave":"PLANTA RUNGUE","titular":"NOGAZ LIMITADA","empresa":"NOGAZ LIMITADA","faena":"PLANTA RUNGUE","recurso":"COBRE","comuna":"Tiltil","tipo_deposito":"ACOPIO","metodo_constructivo":"NO APLICA","shape_area_m2":88501.00332,"bbox":[-70.89113042,-33.00319838,-70.89113042,-33.00319838],"lat":-33.00319838,"lon":-70.89113042,"nombre_busq":"0770-RM PLANTA RUNGUE NOGAZ LIMITADA COBRE Tiltil ACOPIO NO APLICA","source_file":"geonoxa_relaves_panel.geojson"},"geometry":{"type":"Point","coordinates":[-70.89113042,-33.00319838]}},{"type":"Feature","properties":{"familia":"relaves","tipo_objeto":"Relave","id_objeto":"0771-RM","nombre_objeto":"EX PLANTA DEL GRINGO TICHAGUA","nombre_relave":"EX PLANTA DEL GRINGO TICHAGUA","titular":"DESCONOCIDO","empresa":"DESCONOCIDO","faena":"EX PLANTA DEL GRINGO TICHAGUA","recurso":"ORO","comuna":"Melipilla","tipo_deposito":"ACOPIO","metodo_constructivo":"NO APLICA","shape_area_m2":5298.515527,"bbox":[-71.09472946,-33.61454312,-71.09472946,-33.61454312],"lat":-33.61454312,"lon":-71.09472946,"nombre_busq":"0771-RM EX PLANTA DEL GRINGO TICHAGUA DESCONOCIDO ORO Melipilla ACOPIO NO APLICA","source_file":"geonoxa_relaves_panel.geojson"},"geometry":{"type":"Point","coordinates":[-71.09472946,-33.61454312]}},{"type":"Feature","properties":{"familia":"relaves","tipo_objeto":"Relave","id_objeto":"0772-RM","nombre_objeto":"PLANTA LOS CARRERAS","nombre_relave":"PLANTA LOS CARRERAS","titular":"DESCONOCIDO","empresa":"DESCONOCIDO","faena":"PLANTA LOS CARRERAS","recurso":"ORO","comuna":"Melipilla","tipo_deposito":"ACOPIO","metodo_constructivo":"NO APLICA","shape_area_m2":9569.533679,"bbox":[-71.09503005,-33.61539834,-71.09503005,-33.61539834],"lat":-33.61539834,"lon":-71.09503005,"nombre_busq":"0772-RM PLANTA LOS CARRERAS DESCONOCIDO ORO Melipilla ACOPIO NO APLICA","source_file":"geonoxa_relaves_panel.geojson"},"geometry":{"type":"Point","coordinates":[-71.09503005,-33.61539834]}},{"type":"Feature","properties":{"familia":"relaves","tipo_objeto":"Relave","id_objeto":"0773-6C","nombre_objeto":"PLANTA EL INGLES","nombre_relave":"PLANTA EL INGLES","titular":"CIA. MINERA EL INGLES","empresa":"CIA. MINERA EL INGLES","faena":"PLANTA EL INGLES","recurso":"ORO","comuna":"Rancagua","tipo_deposito":"EMBALSE","metodo_constructivo":"","shape_area_m2":40865.11107,"bbox":[-70.86181365,-34.07180272,-70.86181365,-34.07180272],"lat":-34.07180272,"lon":-70.86181365,"nombre_busq":"0773-6C PLANTA EL INGLES CIA. MINERA EL INGLES ORO Rancagua EMBALSE","source_file":"geonoxa_relaves_panel.geojson"},"geometry":{"type":"Point","coordinates":[-70.86181365,-34.07180272]}},{"type":"Feature","properties":{"familia":"relaves","tipo_objeto":"Relave","id_objeto":"0774-6C","nombre_objeto":"PLANTA EL INGLES","nombre_relave":"PLANTA EL INGLES","titular":"CIA. MINERA EL INGLES","empresa":"CIA. MINERA EL INGLES","faena":"PLANTA EL INGLES","recurso":"COBRE","comuna":"Rancagua","tipo_deposito":"TRANQUE DE RELAVE","metodo_constructivo":"AGUAS ARRIBA","shape_area_m2":19506.55854,"bbox":[-70.86400912,-34.07173802,-70.86400912,-34.07173802],"lat":-34.07173802,"lon":-70.86400912,"nombre_busq":"0774-6C PLANTA EL INGLES CIA. MINERA EL INGLES COBRE Rancagua TRANQUE DE RELAVE AGUAS ARRIBA","source_file":"geonoxa_relaves_panel.geojson"},"geometry":{"type":"Point","coordinates":[-70.86400912,-34.07173802]}},{"type":"Feature","properties":{"familia":"relaves","tipo_objeto":"Relave","id_objeto":"0775-6C","nombre_objeto":"PLANTA EL INGLES","nombre_relave":"PLANTA EL INGLES","titular":"CIA. MINERA EL INGLES","empresa":"CIA. MINERA EL INGLES","faena":"PLANTA EL INGLES","recurso":"ORO","comuna":"Rancagua","tipo_deposito":"TRANQUE DE RELAVE","metodo_constructivo":"AGUAS ARRIBA","shape_area_m2":11363.31567,"bbox":[-70.86473995,-34.07280144,-70.86473995,-34.07280144],"lat":-34.07280144,"lon":-70.86473995,"nombre_busq":"0775-6C PLANTA EL INGLES CIA. MINERA EL INGLES ORO Rancagua TRANQUE DE RELAVE AGUAS ARRIBA","source_file":"geonoxa_relaves_panel.geojson"},"geometry":{"type":"Point","coordinates":[-70.86473995,-34.07280144]}},{"type":"Feature","properties":{"familia":"relaves","tipo_objeto":"Relave","id_objeto":"0776-6C","nombre_objeto":"PLANTA EL INGLES","nombre_relave":"PLANTA EL INGLES","titular":"CIA. MINERA EL INGLES","empresa":"CIA. MINERA EL INGLES","faena":"PLANTA EL INGLES","recurso":"ORO","comuna":"Rancagua","tipo_deposito":"TRANQUE DE RELAVE","metodo_constructivo":"AGUAS ARRIBA","shape_area_m2":11263.46523,"bbox":[-70.86357901,-34.07327219,-70.86357901,-34.07327219],"lat":-34.07327219,"lon":-70.86357901,"nombre_busq":"0776-6C PLANTA EL INGLES CIA. MINERA EL INGLES ORO Rancagua TRANQUE DE RELAVE AGUAS ARRIBA","source_file":"geonoxa_relaves_panel.geojson"},"geometry":{"type":"Point","coordinates":[-70.86357901,-34.07327219]}},{"type":"Feature","properties":{"familia":"relaves","tipo_objeto":"Relave","id_objeto":"0777-6C","nombre_objeto":"EL TENIENTE","nombre_relave":"EL TENIENTE","titular":"MINERA VALLE CENTRAL S.A.","empresa":"MINERA VALLE CENTRAL S.A.","faena":"EL TENIENTE","recurso":"COBRE-MOLIBDENO","comuna":"Requínoa","tipo_deposito":"TRANQUE DE RELAVE","metodo_constructivo":"AGUAS ABAJO","shape_area_m2":7368838.161,"bbox":[-70.69474343,-34.29186914,-70.69474343,-34.29186914],"lat":-34.29186914,"lon":-70.69474343,"nombre_busq":"0777-6C EL TENIENTE MINERA VALLE CENTRAL S.A. COBRE-MOLIBDENO Requínoa TRANQUE DE RELAVE AGUAS ABAJO","source_file":"geonoxa_relaves_panel.geojson"},"geometry":{"type":"Point","coordinates":[-70.69474343,-34.29186914]}},{"type":"Feature","properties":{"familia":"relaves","tipo_objeto":"Relave","id_objeto":"0778-6C","nombre_objeto":"MINERA VALLE CENTRAL S.A.","nombre_relave":"MINERA VALLE CENTRAL S.A.","titular":"MINERA VALLE CENTRAL S.A.","empresa":"MINERA VALLE CENTRAL S.A.","faena":"MINERA VALLE CENTRAL S.A.","recurso":"COBRE","comuna":"Requínoa","tipo_deposito":"EMBALSE","metodo_constructivo":"","shape_area_m2":6787755.583,"bbox":[-70.67248087,-34.2620839,-70.67248087,-34.2620839],"lat":-34.2620839,"lon":-70.67248087,"nombre_busq":"0778-6C MINERA VALLE CENTRAL S.A. MINERA VALLE CENTRAL S.A. COBRE Requínoa EMBALSE","source_file":"geonoxa_relaves_panel.geojson"},"geometry":{"type":"Point","coordinates":[-70.67248087,-34.2620839]}},{"type":"Feature","properties":{"familia":"relaves","tipo_objeto":"Relave","id_objeto":"0779-6C","nombre_objeto":"EL TENIENTE","nombre_relave":"EL TENIENTE","titular":"CODELCO","empresa":"CODELCO","faena":"EL TENIENTE","recurso":"COBRE-MOLIBDENO","comuna":"Machalí","tipo_deposito":"TRANQUE DE RELAVE","metodo_constructivo":"AGUAS ARRIBA","shape_area_m2":1387639.896,"bbox":[-70.50743574,-34.0941884,-70.50743574,-34.0941884],"lat":-34.0941884,"lon":-70.50743574,"nombre_busq":"0779-6C EL TENIENTE CODELCO COBRE-MOLIBDENO Machalí TRANQUE DE RELAVE AGUAS ARRIBA","source_file":"geonoxa_relaves_panel.geojson"},"geometry":{"type":"Point","coordinates":[-70.50743574,-34.0941884]}},{"type":"Feature","properties":{"familia":"relaves","tipo_objeto":"Relave","id_objeto":"0780-6C","nombre_objeto":"PLANTA LA HIGUERA (EX PLANTA FLOR DE TE)","nombre_relave":"PLANTA LA HIGUERA (EX PLANTA FLOR DE TE)","titular":"TRANSPORTE JORGE ALBORNOZ HIJO LTDA. (EX SLM FLOR DE TE)","empresa":"TRANSPORTE JORGE ALBORNOZ HIJO LTDA. (EX SLM FLOR DE TE)","faena":"PLANTA LA HIGUERA (EX PLANTA FLOR DE TE)","recurso":"ORO","comuna":"Pichidegua","tipo_deposito":"EMBALSE","metodo_constructivo":"","shape_area_m2":2653.62804,"bbox":[-71.19911025,-34.42546432,-71.19911025,-34.42546432],"lat":-34.42546432,"lon":-71.19911025,"nombre_busq":"0780-6C PLANTA LA HIGUERA (EX PLANTA FLOR DE TE) TRANSPORTE JORGE ALBORNOZ HIJO LTDA. (EX SLM FLOR DE TE) ORO Pichidegua EMBALSE","source_file":"geonoxa_relaves_panel.geojson"},"geometry":{"type":"Point","coordinates":[-71.19911025,-34.42546432]}},{"type":"Feature","properties":{"familia":"relaves","tipo_objeto":"Relave","id_objeto":"0781-6C","nombre_objeto":"PODER DE COMPRAS PLANTA CHILENO RUMANA DE CHANCON","nombre_relave":"PODER DE COMPRAS PLANTA CHILENO RUMANA DE CHANCON","titular":"SOC. MINERA LOS ROBLES SpA","empresa":"SOC. MINERA LOS ROBLES SpA","faena":"PODER DE COMPRAS PLANTA CHILENO RUMANA DE CHANCON","recurso":"COBRE","comuna":"Rancagua","tipo_deposito":"TRANQUE DE RELAVE","metodo_constructivo":"","shape_area_m2":31211.27679,"bbox":[-70.81346883,-34.07832182,-70.81346883,-34.07832182],"lat":-34.07832182,"lon":-70.81346883,"nombre_busq":"0781-6C PODER DE COMPRAS PLANTA CHILENO RUMANA DE CHANCON SOC. MINERA LOS ROBLES SpA COBRE Rancagua TRANQUE DE RELAVE","source_file":"geonoxa_relaves_panel.geojson"},"geometry":{"type":"Point","coordinates":[-70.81346883,-34.07832182]}},{"type":"Feature","properties":{"familia":"relaves","tipo_objeto":"Relave","id_objeto":"0782-6C","nombre_objeto":"PODER DE COMPRAS PLANTA CHILENO RUMANA DE CHANCON","nombre_relave":"PODER DE COMPRAS PLANTA CHILENO RUMANA DE CHANCON","titular":"SOC. MINERA LOS ROBLES SpA","empresa":"SOC. MINERA LOS ROBLES SpA","faena":"PODER DE COMPRAS PLANTA CHILENO RUMANA DE CHANCON","recurso":"COBRE","comuna":"Rancagua","tipo_deposito":"EMBALSE","metodo_constructivo":"","shape_area_m2":20703.2344,"bbox":[-70.81422619,-34.07935091,-70.81422619,-34.07935091],"lat":-34.07935091,"lon":-70.81422619,"nombre_busq":"0782-6C PODER DE COMPRAS PLANTA CHILENO RUMANA DE CHANCON SOC. MINERA LOS ROBLES SpA COBRE Rancagua EMBALSE","source_file":"geonoxa_relaves_panel.geojson"},"geometry":{"type":"Point","coordinates":[-70.81422619,-34.07935091]}},{"type":"Feature","properties":{"familia":"relaves","tipo_objeto":"Relave","id_objeto":"0783-6C","nombre_objeto":"LOS MIRADORES","nombre_relave":"LOS MIRADORES","titular":"MIRADORES","empresa":"MIRADORES","faena":"LOS MIRADORES","recurso":"COBRE-ORO","comuna":"Las Cabras","tipo_deposito":"EMBALSE","metodo_constructivo":"","shape_area_m2":24662.67164,"bbox":[-71.30644754,-34.06340302,-71.30644754,-34.06340302],"lat":-34.06340302,"lon":-71.30644754,"nombre_busq":"0783-6C LOS MIRADORES MIRADORES COBRE-ORO Las Cabras EMBALSE","source_file":"geonoxa_relaves_panel.geojson"},"geometry":{"type":"Point","coordinates":[-71.30644754,-34.06340302]}},{"type":"Feature","properties":{"familia":"relaves","tipo_objeto":"Relave","id_objeto":"0784-6C","nombre_objeto":"DESCONOCIDO","nombre_relave":"DESCONOCIDO","titular":"DESCONOCIDO","empresa":"DESCONOCIDO","faena":"DESCONOCIDO","recurso":"DESCONOCIDO","comuna":"Litueche","tipo_deposito":"ACOPIO","metodo_constructivo":"","shape_area_m2":4335.141766,"bbox":[-71.72665627,-34.121992,-71.72665627,-34.121992],"lat":-34.121992,"lon":-71.72665627,"nombre_busq":"0784-6C DESCONOCIDO DESCONOCIDO DESCONOCIDO Litueche ACOPIO","source_file":"geonoxa_relaves_panel.geojson"},"geometry":{"type":"Point","coordinates":[-71.72665627,-34.121992]}},{"type":"Feature","properties":{"familia":"relaves","tipo_objeto":"Relave","id_objeto":"0785-7C","nombre_objeto":"CHEPICA","nombre_relave":"CHEPICA","titular":"SOCIEDAD CONTRACTUAL MINERA PAICAVI S.A.","empresa":"SOCIEDAD CONTRACTUAL MINERA PAICAVI S.A.","faena":"CHEPICA","recurso":"ORO-COBRE","comuna":"Pencahue","tipo_deposito":"EMBALSE","metodo_constructivo":"AGUAS ABAJO","shape_area_m2":56574.04935,"bbox":[-71.85401138,-35.37416482,-71.85401138,-35.37416482],"lat":-35.37416482,"lon":-71.85401138,"nombre_busq":"0785-7C CHEPICA SOCIEDAD CONTRACTUAL MINERA PAICAVI S.A. ORO-COBRE Pencahue EMBALSE AGUAS ABAJO","source_file":"geonoxa_relaves_panel.geojson"},"geometry":{"type":"Point","coordinates":[-71.85401138,-35.37416482]}},{"type":"Feature","properties":{"familia":"relaves","tipo_objeto":"Relave","id_objeto":"0786-7C","nombre_objeto":"ESTANCIA FLORA","nombre_relave":"ESTANCIA FLORA","titular":"MINERA TORO SPA","empresa":"MINERA TORO SPA","faena":"ESTANCIA FLORA","recurso":"SILICE","comuna":"Constitución","tipo_deposito":"TRANQUE DE RELAVE","metodo_constructivo":"","shape_area_m2":29946.94584,"bbox":[-72.58983758,-35.55786174,-72.58983758,-35.55786174],"lat":-35.55786174,"lon":-72.58983758,"nombre_busq":"0786-7C ESTANCIA FLORA MINERA TORO SPA SILICE Constitución TRANQUE DE RELAVE","source_file":"geonoxa_relaves_panel.geojson"},"geometry":{"type":"Point","coordinates":[-72.58983758,-35.55786174]}},{"type":"Feature","properties":{"familia":"relaves","tipo_objeto":"Relave","id_objeto":"0787-7C","nombre_objeto":"FARO CARRANZA","nombre_relave":"FARO CARRANZA","titular":"MINERA FARO CARRANZA","empresa":"MINERA FARO CARRANZA","faena":"FARO CARRANZA","recurso":"SILICE","comuna":"Chanco","tipo_deposito":"TRANQUE DE RELAVE","metodo_constructivo":"","shape_area_m2":38623.01823,"bbox":[-72.58686822,-35.57512556,-72.58686822,-35.57512556],"lat":-35.57512556,"lon":-72.58686822,"nombre_busq":"0787-7C FARO CARRANZA MINERA FARO CARRANZA SILICE Chanco TRANQUE DE RELAVE","source_file":"geonoxa_relaves_panel.geojson"},"geometry":{"type":"Point","coordinates":[-72.58686822,-35.57512556]}},{"type":"Feature","properties":{"familia":"relaves","tipo_objeto":"Relave","id_objeto":"0788-11S","nombre_objeto":"FAENA EL TOQUI","nombre_relave":"FAENA EL TOQUI","titular":"SOCIEDAD MINERA PACIFICO DEL SUR SPA","empresa":"SOCIEDAD MINERA PACIFICO DEL SUR SPA","faena":"FAENA EL TOQUI","recurso":"ZINC","comuna":"Coihaique","tipo_deposito":"TRANQUE DE RELAVE","metodo_constructivo":"","shape_area_m2":40908.878,"bbox":[-71.9431527,-45.03591677,-71.9431527,-45.03591677],"lat":-45.03591677,"lon":-71.9431527,"nombre_busq":"0788-11S FAENA EL TOQUI SOCIEDAD MINERA PACIFICO DEL SUR SPA ZINC Coihaique TRANQUE DE RELAVE","source_file":"geonoxa_relaves_panel.geojson"},"geometry":{"type":"Point","coordinates":[-71.9431527,-45.03591677]}},{"type":"Feature","properties":{"familia":"relaves","tipo_objeto":"Relave","id_objeto":"0789-11S","nombre_objeto":"FAENA EL TOQUI","nombre_relave":"FAENA EL TOQUI","titular":"SOCIEDAD MINERA PACIFICO DEL SUR SPA","empresa":"SOCIEDAD MINERA PACIFICO DEL SUR SPA","faena":"FAENA EL TOQUI","recurso":"ZINC","comuna":"Coihaique","tipo_deposito":"TRANQUE DE RELAVE","metodo_constructivo":"","shape_area_m2":258017.0667,"bbox":[-71.92677995,-45.03364649,-71.92677995,-45.03364649],"lat":-45.03364649,"lon":-71.92677995,"nombre_busq":"0789-11S FAENA EL TOQUI SOCIEDAD MINERA PACIFICO DEL SUR SPA ZINC Coihaique TRANQUE DE RELAVE","source_file":"geonoxa_relaves_panel.geojson"},"geometry":{"type":"Point","coordinates":[-71.92677995,-45.03364649]}},{"type":"Feature","properties":{"familia":"relaves","tipo_objeto":"Relave","id_objeto":"0790-11S","nombre_objeto":"FAENA EL TOQUI","nombre_relave":"FAENA EL TOQUI","titular":"SOCIEDAD MINERA PACIFICO DEL SUR SPA","empresa":"SOCIEDAD MINERA PACIFICO DEL SUR SPA","faena":"FAENA EL TOQUI","recurso":"ORO","comuna":"Coihaique","tipo_deposito":"TRANQUE DE RELAVE","metodo_constructivo":"","shape_area_m2":47219.02913,"bbox":[-71.94164848,-45.03349123,-71.94164848,-45.03349123],"lat":-45.03349123,"lon":-71.94164848,"nombre_busq":"0790-11S FAENA EL TOQUI SOCIEDAD MINERA PACIFICO DEL SUR SPA ORO Coihaique TRANQUE DE RELAVE","source_file":"geonoxa_relaves_panel.geojson"},"geometry":{"type":"Point","coordinates":[-71.94164848,-45.03349123]}},{"type":"Feature","properties":{"familia":"relaves","tipo_objeto":"Relave","id_objeto":"0791-11S","nombre_objeto":"FAENA EL TOQUI","nombre_relave":"FAENA EL TOQUI","titular":"SOCIEDAD MINERA PACIFICO DEL SUR SPA","empresa":"SOCIEDAD MINERA PACIFICO DEL SUR SPA","faena":"FAENA EL TOQUI","recurso":"ZINC-ORO","comuna":"Coihaique","tipo_deposito":"FILTRADO","metodo_constructivo":"NO APLICA","shape_area_m2":132570.1844,"bbox":[-71.9516437,-45.03702014,-71.9516437,-45.03702014],"lat":-45.03702014,"lon":-71.9516437,"nombre_busq":"0791-11S FAENA EL TOQUI SOCIEDAD MINERA PACIFICO DEL SUR SPA ZINC-ORO Coihaique FILTRADO NO APLICA","source_file":"geonoxa_relaves_panel.geojson"},"geometry":{"type":"Point","coordinates":[-71.9516437,-45.03702014]}},{"type":"Feature","properties":{"familia":"relaves","tipo_objeto":"Relave","id_objeto":"0792-11S","nombre_objeto":"LA ESCONDIDA","nombre_relave":"LA ESCONDIDA","titular":"MINERA AYSEN","empresa":"MINERA AYSEN","faena":"LA ESCONDIDA","recurso":"ZINC-PLOMO","comuna":"Chile Chico","tipo_deposito":"ACOPIO","metodo_constructivo":"","shape_area_m2":4098.66907,"bbox":[-72.66630851,-46.86235287,-72.66630851,-46.86235287],"lat":-46.86235287,"lon":-72.66630851,"nombre_busq":"0792-11S LA ESCONDIDA MINERA AYSEN ZINC-PLOMO Chile Chico ACOPIO","source_file":"geonoxa_relaves_panel.geojson"},"geometry":{"type":"Point","coordinates":[-72.66630851,-46.86235287]}},{"type":"Feature","properties":{"familia":"relaves","tipo_objeto":"Relave","id_objeto":"0793-11S","nombre_objeto":"LAS CHIVAS","nombre_relave":"LAS CHIVAS","titular":"MINERA AYSEN","empresa":"MINERA AYSEN","faena":"LAS CHIVAS","recurso":"ZINC","comuna":"Río Ibáñez","tipo_deposito":"ACOPIO","metodo_constructivo":"","shape_area_m2":204.3724371,"bbox":[-72.55101057,-46.58456008,-72.55101057,-46.58456008],"lat":-46.58456008,"lon":-72.55101057,"nombre_busq":"0793-11S LAS CHIVAS MINERA AYSEN ZINC Río Ibáñez ACOPIO","source_file":"geonoxa_relaves_panel.geojson"},"geometry":{"type":"Point","coordinates":[-72.55101057,-46.58456008]}},{"type":"Feature","properties":{"familia":"relaves","tipo_objeto":"Relave","id_objeto":"0794-11S","nombre_objeto":"PUERTO CRISTAL","nombre_relave":"PUERTO CRISTAL","titular":"CASANOVA Y SOTO LIMITADA","empresa":"CASANOVA Y SOTO LIMITADA","faena":"PUERTO CRISTAL","recurso":"ORO","comuna":"Río Ibáñez","tipo_deposito":"TRANQUE DE RELAVE","metodo_constructivo":"AGUAS ARRIBA","shape_area_m2":4468.316395,"bbox":[-72.38843251,-46.55847891,-72.38843251,-46.55847891],"lat":-46.55847891,"lon":-72.38843251,"nombre_busq":"0794-11S PUERTO CRISTAL CASANOVA Y SOTO LIMITADA ORO Río Ibáñez TRANQUE DE RELAVE AGUAS ARRIBA","source_file":"geonoxa_relaves_panel.geojson"},"geometry":{"type":"Point","coordinates":[-72.38843251,-46.55847891]}},{"type":"Feature","properties":{"familia":"relaves","tipo_objeto":"Relave","id_objeto":"0795-11S","nombre_objeto":"PUERTO CRISTAL","nombre_relave":"PUERTO CRISTAL","titular":"CASANOVA Y SOTO LIMITADA","empresa":"CASANOVA Y SOTO LIMITADA","faena":"PUERTO CRISTAL","recurso":"ORO","comuna":"Río Ibáñez","tipo_deposito":"TRANQUE DE RELAVE","metodo_constructivo":"AGUAS ARRIBA","shape_area_m2":4847.242867,"bbox":[-72.38932509,-46.55887754,-72.38932509,-46.55887754],"lat":-46.55887754,"lon":-72.38932509,"nombre_busq":"0795-11S PUERTO CRISTAL CASANOVA Y SOTO LIMITADA ORO Río Ibáñez TRANQUE DE RELAVE AGUAS ARRIBA","source_file":"geonoxa_relaves_panel.geojson"},"geometry":{"type":"Point","coordinates":[-72.38932509,-46.55887754]}},{"type":"Feature","properties":{"familia":"relaves","tipo_objeto":"Relave","id_objeto":"0796-11S","nombre_objeto":"PUERTO CRISTAL","nombre_relave":"PUERTO CRISTAL","titular":"CASANOVA Y SOTO LIMITADA","empresa":"CASANOVA Y SOTO LIMITADA","faena":"PUERTO CRISTAL","recurso":"ORO","comuna":"Río Ibáñez","tipo_deposito":"ACOPIO","metodo_constructivo":"NO APLICA","shape_area_m2":978.1690191,"bbox":[-72.39473561,-46.56113867,-72.39473561,-46.56113867],"lat":-46.56113867,"lon":-72.39473561,"nombre_busq":"0796-11S PUERTO CRISTAL CASANOVA Y SOTO LIMITADA ORO Río Ibáñez ACOPIO NO APLICA","source_file":"geonoxa_relaves_panel.geojson"},"geometry":{"type":"Point","coordinates":[-72.39473561,-46.56113867]}},{"type":"Feature","properties":{"familia":"relaves","tipo_objeto":"Relave","id_objeto":"0797-11S","nombre_objeto":"FAENA EL TOQUI","nombre_relave":"FAENA EL TOQUI","titular":"SOCIEDAD MINERA PACIFICO DEL SUR SPA","empresa":"SOCIEDAD MINERA PACIFICO DEL SUR SPA","faena":"FAENA EL TOQUI","recurso":"ORO","comuna":"Coihaique","tipo_deposito":"TRANQUE DE RELAVE","metodo_constructivo":"","shape_area_m2":14324.01429,"bbox":[-71.94399154,-45.03908647,-71.94399154,-45.03908647],"lat":-45.03908647,"lon":-71.94399154,"nombre_busq":"0797-11S FAENA EL TOQUI SOCIEDAD MINERA PACIFICO DEL SUR SPA ORO Coihaique TRANQUE DE RELAVE","source_file":"geonoxa_relaves_panel.geojson"},"geometry":{"type":"Point","coordinates":[-71.94399154,-45.03908647]}},{"type":"Feature","properties":{"familia":"relaves","tipo_objeto":"Relave","id_objeto":"0798-2N","nombre_objeto":"LA PUNTILLA","nombre_relave":"LA PUNTILLA","titular":"PEDRO RESTOVIC MATAS","empresa":"PEDRO RESTOVIC MATAS","faena":"LA PUNTILLA","recurso":"ORO","comuna":"Taltal","tipo_deposito":"ACOPIO","metodo_constructivo":"NO APLICA","shape_area_m2":3675.612321,"bbox":[-70.49377323,-25.40985924,-70.49377323,-25.40985924],"lat":-25.40985924,"lon":-70.49377323,"nombre_busq":"0798-2N LA PUNTILLA PEDRO RESTOVIC MATAS ORO Taltal ACOPIO NO APLICA","source_file":"geonoxa_relaves_panel.geojson"},"geometry":{"type":"Point","coordinates":[-70.49377323,-25.40985924]}},{"type":"Feature","properties":{"familia":"relaves","tipo_objeto":"Relave","id_objeto":"0799-2N","nombre_objeto":"PLANTA TRES PUNTAS","nombre_relave":"PLANTA TRES PUNTAS","titular":"INVERSIONES SMG CHILE SPA","empresa":"INVERSIONES SMG CHILE SPA","faena":"PLANTA TRES PUNTAS","recurso":"","comuna":"Tocopilla","tipo_deposito":"TRANQUE DE RELAVE","metodo_constructivo":"EJE CENTRAL","shape_area_m2":38066.39528,"bbox":[-70.09681812,-22.12343296,-70.09681812,-22.12343296],"lat":-22.12343296,"lon":-70.09681812,"nombre_busq":"0799-2N PLANTA TRES PUNTAS INVERSIONES SMG CHILE SPA Tocopilla TRANQUE DE RELAVE EJE CENTRAL","source_file":"geonoxa_relaves_panel.geojson"},"geometry":{"type":"Point","coordinates":[-70.09681812,-22.12343296]}},{"type":"Feature","properties":{"familia":"relaves","tipo_objeto":"Relave","id_objeto":"0800-2N","nombre_objeto":"PROYECTO ESPERANZA","nombre_relave":"PROYECTO ESPERANZA","titular":"CIA. MINERA CENTINELA","empresa":"CIA. MINERA CENTINELA","faena":"PROYECTO ESPERANZA","recurso":"COBRE","comuna":"Sierra Gorda","tipo_deposito":"EMBALSE","metodo_constructivo":"EXCAVACION TERRENO","shape_area_m2":1685438.398,"bbox":[-69.07977537,-22.95213316,-69.07977537,-22.95213316],"lat":-22.95213316,"lon":-69.07977537,"nombre_busq":"0800-2N PROYECTO ESPERANZA CIA. MINERA CENTINELA COBRE Sierra Gorda EMBALSE EXCAVACION TERRENO","source_file":"geonoxa_relaves_panel.geojson"},"geometry":{"type":"Point","coordinates":[-69.07977537,-22.95213316]}},{"type":"Feature","properties":{"familia":"relaves","tipo_objeto":"Relave","id_objeto":"0801-3N","nombre_objeto":"PLANTA MARIA ISABEL","nombre_relave":"PLANTA MARIA ISABEL","titular":"LUIS CORTES JARA","empresa":"LUIS CORTES JARA","faena":"PLANTA MARIA ISABEL","recurso":"S/I","comuna":"Tierra Amarilla","tipo_deposito":"TRANQUE DE RELAVE","metodo_constructivo":"EXCAVACION TERRENO","shape_area_m2":1102.868945,"bbox":[-70.27189957,-27.43843236,-70.27189957,-27.43843236],"lat":-27.43843236,"lon":-70.27189957,"nombre_busq":"0801-3N PLANTA MARIA ISABEL LUIS CORTES JARA S/I Tierra Amarilla TRANQUE DE RELAVE EXCAVACION TERRENO","source_file":"geonoxa_relaves_panel.geojson"},"geometry":{"type":"Point","coordinates":[-70.27189957,-27.43843236]}},{"type":"Feature","properties":{"familia":"relaves","tipo_objeto":"Relave","id_objeto":"0802-3N","nombre_objeto":"PLANTA MARIA ISABEL","nombre_relave":"PLANTA MARIA ISABEL","titular":"LUIS CORTES JARA","empresa":"LUIS CORTES JARA","faena":"PLANTA MARIA ISABEL","recurso":"S/I","comuna":"Tierra Amarilla","tipo_deposito":"EMBALSE","metodo_constructivo":"EXCAVACION TERRENO","shape_area_m2":295.7972935,"bbox":[-70.27204074,-27.43864568,-70.27204074,-27.43864568],"lat":-27.43864568,"lon":-70.27204074,"nombre_busq":"0802-3N PLANTA MARIA ISABEL LUIS CORTES JARA S/I Tierra Amarilla EMBALSE EXCAVACION TERRENO","source_file":"geonoxa_relaves_panel.geojson"},"geometry":{"type":"Point","coordinates":[-70.27204074,-27.43864568]}},{"type":"Feature","properties":{"familia":"relaves","tipo_objeto":"Relave","id_objeto":"0803-3N","nombre_objeto":"PLANTA MARIA ISABEL","nombre_relave":"PLANTA MARIA ISABEL","titular":"LUIS CORTES JARA","empresa":"LUIS CORTES JARA","faena":"PLANTA MARIA ISABEL","recurso":"S/I","comuna":"Tierra Amarilla","tipo_deposito":"EMBALSE","metodo_constructivo":"EXCAVACION TERRENO","shape_area_m2":159.0336428,"bbox":[-70.27213039,-27.43874493,-70.27213039,-27.43874493],"lat":-27.43874493,"lon":-70.27213039,"nombre_busq":"0803-3N PLANTA MARIA ISABEL LUIS CORTES JARA S/I Tierra Amarilla EMBALSE EXCAVACION TERRENO","source_file":"geonoxa_relaves_panel.geojson"},"geometry":{"type":"Point","coordinates":[-70.27213039,-27.43874493]}},{"type":"Feature","properties":{"familia":"relaves","tipo_objeto":"Relave","id_objeto":"0804-3N","nombre_objeto":"PLANTA MARIA ISABEL","nombre_relave":"PLANTA MARIA ISABEL","titular":"LUIS CORTES JARA","empresa":"LUIS CORTES JARA","faena":"PLANTA MARIA ISABEL","recurso":"S/I","comuna":"Tierra Amarilla","tipo_deposito":"EMBALSE","metodo_constructivo":"EXCAVACION TERRENO","shape_area_m2":834.7762643,"bbox":[-70.2722546,-27.43824394,-70.2722546,-27.43824394],"lat":-27.43824394,"lon":-70.2722546,"nombre_busq":"0804-3N PLANTA MARIA ISABEL LUIS CORTES JARA S/I Tierra Amarilla EMBALSE EXCAVACION TERRENO","source_file":"geonoxa_relaves_panel.geojson"},"geometry":{"type":"Point","coordinates":[-70.2722546,-27.43824394]}},{"type":"Feature","properties":{"familia":"relaves","tipo_objeto":"Relave","id_objeto":"0805-3N","nombre_objeto":"DESCONOCIDO","nombre_relave":"DESCONOCIDO","titular":"DESCONOCIDO","empresa":"DESCONOCIDO","faena":"DESCONOCIDO","recurso":"COBRE","comuna":"Tierra Amarilla","tipo_deposito":"ACOPIO","metodo_constructivo":"NO APLICA","shape_area_m2":4085.023744,"bbox":[-70.27024224,-27.44112549,-70.27024224,-27.44112549],"lat":-27.44112549,"lon":-70.27024224,"nombre_busq":"0805-3N DESCONOCIDO DESCONOCIDO COBRE Tierra Amarilla ACOPIO NO APLICA","source_file":"geonoxa_relaves_panel.geojson"},"geometry":{"type":"Point","coordinates":[-70.27024224,-27.44112549]}},{"type":"Feature","properties":{"familia":"relaves","tipo_objeto":"Relave","id_objeto":"0806-3N","nombre_objeto":"PLANTA SAN JOAQUIN","nombre_relave":"PLANTA SAN JOAQUIN","titular":"SOC. MINERA SAN JOAQUIN","empresa":"SOC. MINERA SAN JOAQUIN","faena":"PLANTA SAN JOAQUIN","recurso":"COBRE-ORO","comuna":"Tierra Amarilla","tipo_deposito":"TRANQUE DE RELAVE","metodo_constructivo":"AGUAS ARRIBA","shape_area_m2":5205.959145,"bbox":[-70.27331019,-27.44307229,-70.27331019,-27.44307229],"lat":-27.44307229,"lon":-70.27331019,"nombre_busq":"0806-3N PLANTA SAN JOAQUIN SOC. MINERA SAN JOAQUIN COBRE-ORO Tierra Amarilla TRANQUE DE RELAVE AGUAS ARRIBA","source_file":"geonoxa_relaves_panel.geojson"},"geometry":{"type":"Point","coordinates":[-70.27331019,-27.44307229]}},{"type":"Feature","properties":{"familia":"relaves","tipo_objeto":"Relave","id_objeto":"0807-3N","nombre_objeto":"PLANTA PUERTO RICO","nombre_relave":"PLANTA PUERTO RICO","titular":"MINE TRADE SPA","empresa":"MINE TRADE SPA","faena":"PLANTA PUERTO RICO","recurso":"COBRE","comuna":"Copiapó","tipo_deposito":"EMBALSE","metodo_constructivo":"EXCAVACION TERRENO","shape_area_m2":7215.188281,"bbox":[-70.34025663,-27.38926047,-70.34025663,-27.38926047],"lat":-27.38926047,"lon":-70.34025663,"nombre_busq":"0807-3N PLANTA PUERTO RICO MINE TRADE SPA COBRE Copiapó EMBALSE EXCAVACION TERRENO","source_file":"geonoxa_relaves_panel.geojson"},"geometry":{"type":"Point","coordinates":[-70.34025663,-27.38926047]}},{"type":"Feature","properties":{"familia":"relaves","tipo_objeto":"Relave","id_objeto":"0808-3N","nombre_objeto":"PLANTA PUERTO RICO","nombre_relave":"PLANTA PUERTO RICO","titular":"MINE TRADE SPA","empresa":"MINE TRADE SPA","faena":"PLANTA PUERTO RICO","recurso":"COBRE","comuna":"Copiapó","tipo_deposito":"EMBALSE","metodo_constructivo":"EXCAVACION TERRENO","shape_area_m2":24962.30679,"bbox":[-70.34134623,-27.38786583,-70.34134623,-27.38786583],"lat":-27.38786583,"lon":-70.34134623,"nombre_busq":"0808-3N PLANTA PUERTO RICO MINE TRADE SPA COBRE Copiapó EMBALSE EXCAVACION TERRENO","source_file":"geonoxa_relaves_panel.geojson"},"geometry":{"type":"Point","coordinates":[-70.34134623,-27.38786583]}},{"type":"Feature","properties":{"familia":"relaves","tipo_objeto":"Relave","id_objeto":"0809-3N","nombre_objeto":"PLANTA PUERTO RICO","nombre_relave":"PLANTA PUERTO RICO","titular":"MINE TRADE SPA","empresa":"MINE TRADE SPA","faena":"PLANTA PUERTO RICO","recurso":"COBRE","comuna":"Copiapó","tipo_deposito":"EMBALSE","metodo_constructivo":"EXCAVACION TERRENO","shape_area_m2":25043.54427,"bbox":[-70.34130263,-27.38659336,-70.34130263,-27.38659336],"lat":-27.38659336,"lon":-70.34130263,"nombre_busq":"0809-3N PLANTA PUERTO RICO MINE TRADE SPA COBRE Copiapó EMBALSE EXCAVACION TERRENO","source_file":"geonoxa_relaves_panel.geojson"},"geometry":{"type":"Point","coordinates":[-70.34130263,-27.38659336]}},{"type":"Feature","properties":{"familia":"relaves","tipo_objeto":"Relave","id_objeto":"0810-3N","nombre_objeto":"PLANTA PUERTO RICO","nombre_relave":"PLANTA PUERTO RICO","titular":"MINE TRADE SPA","empresa":"MINE TRADE SPA","faena":"PLANTA PUERTO RICO","recurso":"COBRE","comuna":"Copiapó","tipo_deposito":"EMBALSE","metodo_constructivo":"EXCAVACION TERRENO","shape_area_m2":5469.313567,"bbox":[-70.34485963,-27.39029673,-70.34485963,-27.39029673],"lat":-27.39029673,"lon":-70.34485963,"nombre_busq":"0810-3N PLANTA PUERTO RICO MINE TRADE SPA COBRE Copiapó EMBALSE EXCAVACION TERRENO","source_file":"geonoxa_relaves_panel.geojson"},"geometry":{"type":"Point","coordinates":[-70.34485963,-27.39029673]}},{"type":"Feature","properties":{"familia":"relaves","tipo_objeto":"Relave","id_objeto":"0811-3N","nombre_objeto":"PLANTA IRMITA","nombre_relave":"PLANTA IRMITA","titular":"ACIBOL SpA","empresa":"ACIBOL SpA","faena":"PLANTA IRMITA","recurso":"COBRE","comuna":"Copiapó","tipo_deposito":"EMBALSE","metodo_constructivo":"","shape_area_m2":7138.448719,"bbox":[-70.35163036,-27.40446382,-70.35163036,-27.40446382],"lat":-27.40446382,"lon":-70.35163036,"nombre_busq":"0811-3N PLANTA IRMITA ACIBOL SpA COBRE Copiapó EMBALSE","source_file":"geonoxa_relaves_panel.geojson"},"geometry":{"type":"Point","coordinates":[-70.35163036,-27.40446382]}},{"type":"Feature","properties":{"familia":"relaves","tipo_objeto":"Relave","id_objeto":"0812-3N","nombre_objeto":"AURICOP","nombre_relave":"AURICOP","titular":"GONZALO ASTORGA SAA","empresa":"GONZALO ASTORGA SAA","faena":"AURICOP","recurso":"ORO-COBRE","comuna":"Copiapó","tipo_deposito":"EMBALSE","metodo_constructivo":"","shape_area_m2":5850.781699,"bbox":[-70.35412323,-27.40641034,-70.35412323,-27.40641034],"lat":-27.40641034,"lon":-70.35412323,"nombre_busq":"0812-3N AURICOP GONZALO ASTORGA SAA ORO-COBRE Copiapó EMBALSE","source_file":"geonoxa_relaves_panel.geojson"},"geometry":{"type":"Point","coordinates":[-70.35412323,-27.40641034]}},{"type":"Feature","properties":{"familia":"relaves","tipo_objeto":"Relave","id_objeto":"0813-3N","nombre_objeto":"DIEGO DE ALMEYDA","nombre_relave":"DIEGO DE ALMEYDA","titular":"CIA. MINERA POTRERILLOS","empresa":"CIA. MINERA POTRERILLOS","faena":"DIEGO DE ALMEYDA","recurso":"COBRE","comuna":"Diego de Almagro","tipo_deposito":"FILTRADO","metodo_constructivo":"NO APLICA","shape_area_m2":245313.5755,"bbox":[-70.01024969,-26.35264728,-70.01024969,-26.35264728],"lat":-26.35264728,"lon":-70.01024969,"nombre_busq":"0813-3N DIEGO DE ALMEYDA CIA. MINERA POTRERILLOS COBRE Diego de Almagro FILTRADO NO APLICA","source_file":"geonoxa_relaves_panel.geojson"},"geometry":{"type":"Point","coordinates":[-70.01024969,-26.35264728]}},{"type":"Feature","properties":{"familia":"relaves","tipo_objeto":"Relave","id_objeto":"0814-3N","nombre_objeto":"PLANTA CORONA","nombre_relave":"PLANTA CORONA","titular":"SOC. MINERA CANDELARIA","empresa":"SOC. MINERA CANDELARIA","faena":"PLANTA CORONA","recurso":"COBRE","comuna":"Copiapó","tipo_deposito":"ESPESADO","metodo_constructivo":"NO APLICA","shape_area_m2":26642.72034,"bbox":[-70.34035018,-27.39779372,-70.34035018,-27.39779372],"lat":-27.39779372,"lon":-70.34035018,"nombre_busq":"0814-3N PLANTA CORONA SOC. MINERA CANDELARIA COBRE Copiapó ESPESADO NO APLICA","source_file":"geonoxa_relaves_panel.geojson"},"geometry":{"type":"Point","coordinates":[-70.34035018,-27.39779372]}},{"type":"Feature","properties":{"familia":"relaves","tipo_objeto":"Relave","id_objeto":"0815-3N","nombre_objeto":"PLANTA DELIA","nombre_relave":"PLANTA DELIA","titular":"GLOBAL OPEX ONE SPA","empresa":"GLOBAL OPEX ONE SPA","faena":"PLANTA DELIA","recurso":"COBRE","comuna":"Caldera","tipo_deposito":"TRANQUE DE RELAVE","metodo_constructivo":"AGUAS ABAJO","shape_area_m2":33966.39008,"bbox":[-70.85080728,-27.52447162,-70.85080728,-27.52447162],"lat":-27.52447162,"lon":-70.85080728,"nombre_busq":"0815-3N PLANTA DELIA GLOBAL OPEX ONE SPA COBRE Caldera TRANQUE DE RELAVE AGUAS ABAJO","source_file":"geonoxa_relaves_panel.geojson"},"geometry":{"type":"Point","coordinates":[-70.85080728,-27.52447162]}},{"type":"Feature","properties":{"familia":"relaves","tipo_objeto":"Relave","id_objeto":"0816-4N","nombre_objeto":"PLANTA SAN ALEJANDRO (EX TRAPICHE)","nombre_relave":"PLANTA SAN ALEJANDRO (EX TRAPICHE)","titular":"CIA. MINERA QUEBRADA HONDA","empresa":"CIA. MINERA QUEBRADA HONDA","faena":"PLANTA SAN ALEJANDRO (EX TRAPICHE)","recurso":"COBRE-ORO","comuna":"La Higuera","tipo_deposito":"TRANQUE DE RELAVE","metodo_constructivo":"","shape_area_m2":13336.31373,"bbox":[-71.12351351,-29.35831391,-71.12351351,-29.35831391],"lat":-29.35831391,"lon":-71.12351351,"nombre_busq":"0816-4N PLANTA SAN ALEJANDRO (EX TRAPICHE) CIA. MINERA QUEBRADA HONDA COBRE-ORO La Higuera TRANQUE DE RELAVE","source_file":"geonoxa_relaves_panel.geojson"},"geometry":{"type":"Point","coordinates":[-71.12351351,-29.35831391]}},{"type":"Feature","properties":{"familia":"relaves","tipo_objeto":"Relave","id_objeto":"0817-4N","nombre_objeto":"MANTOS DE HORNILLOS","nombre_relave":"MANTOS DE HORNILLOS","titular":"COMPAÑIA MINERA MANTOS DE HORNILLOS LTDA.","empresa":"COMPAÑIA MINERA MANTOS DE HORNILLOS LTDA.","faena":"MANTOS DE HORNILLOS","recurso":"COBRE-ORO","comuna":"Ovalle","tipo_deposito":"EMBALSE","metodo_constructivo":"AGUAS ABAJO","shape_area_m2":5257.049984,"bbox":[-71.59130721,-31.11877243,-71.59130721,-31.11877243],"lat":-31.11877243,"lon":-71.59130721,"nombre_busq":"0817-4N MANTOS DE HORNILLOS COMPAÑIA MINERA MANTOS DE HORNILLOS LTDA. COBRE-ORO Ovalle EMBALSE AGUAS ABAJO","source_file":"geonoxa_relaves_panel.geojson"},"geometry":{"type":"Point","coordinates":[-71.59130721,-31.11877243]}},{"type":"Feature","properties":{"familia":"relaves","tipo_objeto":"Relave","id_objeto":"0818-4N","nombre_objeto":"FAENA PONCE","nombre_relave":"FAENA PONCE","titular":"SLM NANCY PRIMERA (TOMAS PONCE)","empresa":"SLM NANCY PRIMERA (TOMAS PONCE)","faena":"FAENA PONCE","recurso":"COBRE-ORO","comuna":"Andacollo","tipo_deposito":"ACOPIO","metodo_constructivo":"NO APLICA","shape_area_m2":184.3468727,"bbox":[-71.07855047,-30.25072235,-71.07855047,-30.25072235],"lat":-30.25072235,"lon":-71.07855047,"nombre_busq":"0818-4N FAENA PONCE SLM NANCY PRIMERA (TOMAS PONCE) COBRE-ORO Andacollo ACOPIO NO APLICA","source_file":"geonoxa_relaves_panel.geojson"},"geometry":{"type":"Point","coordinates":[-71.07855047,-30.25072235]}},{"type":"Feature","properties":{"familia":"relaves","tipo_objeto":"Relave","id_objeto":"0819-4N","nombre_objeto":"FAENA PONCE","nombre_relave":"FAENA PONCE","titular":"SLM NANCY PRIMERA (TOMAS PONCE)","empresa":"SLM NANCY PRIMERA (TOMAS PONCE)","faena":"FAENA PONCE","recurso":"COBRE-ORO","comuna":"Andacollo","tipo_deposito":"EMBALSE","metodo_constructivo":"EXCAVACION TERRENO","shape_area_m2":7480.097098,"bbox":[-71.07663858,-30.25192077,-71.07663858,-30.25192077],"lat":-30.25192077,"lon":-71.07663858,"nombre_busq":"0819-4N FAENA PONCE SLM NANCY PRIMERA (TOMAS PONCE) COBRE-ORO Andacollo EMBALSE EXCAVACION TERRENO","source_file":"geonoxa_relaves_panel.geojson"},"geometry":{"type":"Point","coordinates":[-71.07663858,-30.25192077]}},{"type":"Feature","properties":{"familia":"relaves","tipo_objeto":"Relave","id_objeto":"0820-4N","nombre_objeto":"FAENA EL ROMERO","nombre_relave":"FAENA EL ROMERO","titular":"JAIME PEREZ GOMEZ","empresa":"JAIME PEREZ GOMEZ","faena":"FAENA EL ROMERO","recurso":"COBRE-ORO","comuna":"Illapel","tipo_deposito":"ACOPIO","metodo_constructivo":"NO APLICA","shape_area_m2":773.5459873,"bbox":[-71.05864867,-31.4145588,-71.05864867,-31.4145588],"lat":-31.4145588,"lon":-71.05864867,"nombre_busq":"0820-4N FAENA EL ROMERO JAIME PEREZ GOMEZ COBRE-ORO Illapel ACOPIO NO APLICA","source_file":"geonoxa_relaves_panel.geojson"},"geometry":{"type":"Point","coordinates":[-71.05864867,-31.4145588]}},{"type":"Feature","properties":{"familia":"relaves","tipo_objeto":"Relave","id_objeto":"0821-4N","nombre_objeto":"FAENA ILLAPEL","nombre_relave":"FAENA ILLAPEL","titular":"MILLAPEL S.A","empresa":"MILLAPEL S.A","faena":"FAENA ILLAPEL","recurso":"ORO","comuna":"Illapel","tipo_deposito":"ACOPIO","metodo_constructivo":"NO APLICA","shape_area_m2":7146.404193,"bbox":[-71.08364408,-31.4222415,-71.08364408,-31.4222415],"lat":-31.4222415,"lon":-71.08364408,"nombre_busq":"0821-4N FAENA ILLAPEL MILLAPEL S.A ORO Illapel ACOPIO NO APLICA","source_file":"geonoxa_relaves_panel.geojson"},"geometry":{"type":"Point","coordinates":[-71.08364408,-31.4222415]}},{"type":"Feature","properties":{"familia":"relaves","tipo_objeto":"Relave","id_objeto":"0822-4N","nombre_objeto":"FAENA ILLAPEL","nombre_relave":"FAENA ILLAPEL","titular":"MILLAPEL S.A","empresa":"MILLAPEL S.A","faena":"FAENA ILLAPEL","recurso":"ORO","comuna":"Illapel","tipo_deposito":"ACOPIO","metodo_constructivo":"NO APLICA","shape_area_m2":5881.907534,"bbox":[-71.08461251,-31.41967456,-71.08461251,-31.41967456],"lat":-31.41967456,"lon":-71.08461251,"nombre_busq":"0822-4N FAENA ILLAPEL MILLAPEL S.A ORO Illapel ACOPIO NO APLICA","source_file":"geonoxa_relaves_panel.geojson"},"geometry":{"type":"Point","coordinates":[-71.08461251,-31.41967456]}},{"type":"Feature","properties":{"familia":"relaves","tipo_objeto":"Relave","id_objeto":"0823-4N","nombre_objeto":"PLANTA MIRANDA","nombre_relave":"PLANTA MIRANDA","titular":"SANTA MARIA VERONICA SPA","empresa":"SANTA MARIA VERONICA SPA","faena":"PLANTA MIRANDA","recurso":"COBRE","comuna":"Andacollo","tipo_deposito":"EMBALSE","metodo_constructivo":"EXCAVACION TERRENO","shape_area_m2":11773.91193,"bbox":[-71.07850394,-30.25403872,-71.07850394,-30.25403872],"lat":-30.25403872,"lon":-71.07850394,"nombre_busq":"0823-4N PLANTA MIRANDA SANTA MARIA VERONICA SPA COBRE Andacollo EMBALSE EXCAVACION TERRENO","source_file":"geonoxa_relaves_panel.geojson"},"geometry":{"type":"Point","coordinates":[-71.07850394,-30.25403872]}},{"type":"Feature","properties":{"familia":"relaves","tipo_objeto":"Relave","id_objeto":"0824-4N","nombre_objeto":"PLANTA MIRANDA","nombre_relave":"PLANTA MIRANDA","titular":"SANTA MARIA VERONICA SPA","empresa":"SANTA MARIA VERONICA SPA","faena":"PLANTA MIRANDA","recurso":"COBRE","comuna":"Andacollo","tipo_deposito":"ACOPIO","metodo_constructivo":"NO APLICA","shape_area_m2":5208.619323,"bbox":[-71.07995003,-30.25398091,-71.07995003,-30.25398091],"lat":-30.25398091,"lon":-71.07995003,"nombre_busq":"0824-4N PLANTA MIRANDA SANTA MARIA VERONICA SPA COBRE Andacollo ACOPIO NO APLICA","source_file":"geonoxa_relaves_panel.geojson"},"geometry":{"type":"Point","coordinates":[-71.07995003,-30.25398091]}},{"type":"Feature","properties":{"familia":"relaves","tipo_objeto":"Relave","id_objeto":"0825-4N","nombre_objeto":"FAENAS MINERA ARENILLAS","nombre_relave":"FAENAS MINERA ARENILLAS","titular":"CIA. MINERA ARENILLAS (BELTRAN AMENABAR)","empresa":"CIA. MINERA ARENILLAS (BELTRAN AMENABAR)","faena":"FAENAS MINERA ARENILLAS","recurso":"ORO","comuna":"Andacollo","tipo_deposito":"FILTRADO","metodo_constructivo":"NO APLICA","shape_area_m2":885.2307992,"bbox":[-71.0879195,-30.20281805,-71.0879195,-30.20281805],"lat":-30.20281805,"lon":-71.0879195,"nombre_busq":"0825-4N FAENAS MINERA ARENILLAS CIA. MINERA ARENILLAS (BELTRAN AMENABAR) ORO Andacollo FILTRADO NO APLICA","source_file":"geonoxa_relaves_panel.geojson"},"geometry":{"type":"Point","coordinates":[-71.0879195,-30.20281805]}},{"type":"Feature","properties":{"familia":"relaves","tipo_objeto":"Relave","id_objeto":"0826-4N","nombre_objeto":"BARRAZA","nombre_relave":"BARRAZA","titular":"HUMBERTO RIVERA C.","empresa":"HUMBERTO RIVERA C.","faena":"BARRAZA","recurso":"COBRE","comuna":"Ovalle","tipo_deposito":"ACOPIO","metodo_constructivo":"NO APLICA","shape_area_m2":6342.990226,"bbox":[-71.50663859,-30.70004236,-71.50663859,-30.70004236],"lat":-30.70004236,"lon":-71.50663859,"nombre_busq":"0826-4N BARRAZA HUMBERTO RIVERA C. COBRE Ovalle ACOPIO NO APLICA","source_file":"geonoxa_relaves_panel.geojson"},"geometry":{"type":"Point","coordinates":[-71.50663859,-30.70004236]}},{"type":"Feature","properties":{"familia":"relaves","tipo_objeto":"Relave","id_objeto":"0827-4N","nombre_objeto":"BARRAZA","nombre_relave":"BARRAZA","titular":"HUMBERTO RIVERA C.","empresa":"HUMBERTO RIVERA C.","faena":"BARRAZA","recurso":"COBRE","comuna":"Ovalle","tipo_deposito":"TRANQUE DE RELAVE","metodo_constructivo":"AGUAS ARRIBA","shape_area_m2":32551.74174,"bbox":[-71.50820531,-30.70244158,-71.50820531,-30.70244158],"lat":-30.70244158,"lon":-71.50820531,"nombre_busq":"0827-4N BARRAZA HUMBERTO RIVERA C. COBRE Ovalle TRANQUE DE RELAVE AGUAS ARRIBA","source_file":"geonoxa_relaves_panel.geojson"},"geometry":{"type":"Point","coordinates":[-71.50820531,-30.70244158]}},{"type":"Feature","properties":{"familia":"relaves","tipo_objeto":"Relave","id_objeto":"0828-4N","nombre_objeto":"WOLFRAMIO LLAMUCO","nombre_relave":"WOLFRAMIO LLAMUCO","titular":"SOCIEDAD TUNGSTENO LLAMUCO SpA","empresa":"SOCIEDAD TUNGSTENO LLAMUCO SpA","faena":"WOLFRAMIO LLAMUCO","recurso":"COBRE-ORO","comuna":"Salamanca","tipo_deposito":"ACOPIO","metodo_constructivo":"NO APLICA","shape_area_m2":8513.220542,"bbox":[-70.77686035,-31.69206691,-70.77686035,-31.69206691],"lat":-31.69206691,"lon":-70.77686035,"nombre_busq":"0828-4N WOLFRAMIO LLAMUCO SOCIEDAD TUNGSTENO LLAMUCO SpA COBRE-ORO Salamanca ACOPIO NO APLICA","source_file":"geonoxa_relaves_panel.geojson"},"geometry":{"type":"Point","coordinates":[-70.77686035,-31.69206691]}},{"type":"Feature","properties":{"familia":"relaves","tipo_objeto":"Relave","id_objeto":"0829-4N","nombre_objeto":"DENVER","nombre_relave":"DENVER","titular":"MINERA LUIS MARIN FERNANDEZ EIRL","empresa":"MINERA LUIS MARIN FERNANDEZ EIRL","faena":"DENVER","recurso":"COBRE - ORO - PLATA","comuna":"Combarbalá","tipo_deposito":"EMBALSE","metodo_constructivo":"","shape_area_m2":8500.40493,"bbox":[-71.06498027,-31.21026574,-71.06498027,-31.21026574],"lat":-31.21026574,"lon":-71.06498027,"nombre_busq":"0829-4N DENVER MINERA LUIS MARIN FERNANDEZ EIRL COBRE - ORO - PLATA Combarbalá EMBALSE","source_file":"geonoxa_relaves_panel.geojson"},"geometry":{"type":"Point","coordinates":[-71.06498027,-31.21026574]}},{"type":"Feature","properties":{"familia":"relaves","tipo_objeto":"Relave","id_objeto":"0830-4N","nombre_objeto":"DENVER","nombre_relave":"DENVER","titular":"MINERA LUIS MARIN FERNANDEZ EIRL","empresa":"MINERA LUIS MARIN FERNANDEZ EIRL","faena":"DENVER","recurso":"COBRE - ORO - PLATA","comuna":"Combarbalá","tipo_deposito":"EMBALSE","metodo_constructivo":"","shape_area_m2":8306.43309,"bbox":[-71.06578367,-31.20977709,-71.06578367,-31.20977709],"lat":-31.20977709,"lon":-71.06578367,"nombre_busq":"0830-4N DENVER MINERA LUIS MARIN FERNANDEZ EIRL COBRE - ORO - PLATA Combarbalá EMBALSE","source_file":"geonoxa_relaves_panel.geojson"},"geometry":{"type":"Point","coordinates":[-71.06578367,-31.20977709]}},{"type":"Feature","properties":{"familia":"relaves","tipo_objeto":"Relave","id_objeto":"0831-4N","nombre_objeto":"PLANTA DELIRIO","nombre_relave":"PLANTA DELIRIO","titular":"CIA. MINERA TAMAYA","empresa":"CIA. MINERA TAMAYA","faena":"PLANTA DELIRIO","recurso":"COBRE-ORO","comuna":"Punitaqui","tipo_deposito":"TRANQUE DE RELAVE","metodo_constructivo":"AGUAS ARRIBA","shape_area_m2":21364.88175,"bbox":[-71.23954757,-30.87908248,-71.23954757,-30.87908248],"lat":-30.87908248,"lon":-71.23954757,"nombre_busq":"0831-4N PLANTA DELIRIO CIA. MINERA TAMAYA COBRE-ORO Punitaqui TRANQUE DE RELAVE AGUAS ARRIBA","source_file":"geonoxa_relaves_panel.geojson"},"geometry":{"type":"Point","coordinates":[-71.23954757,-30.87908248]}},{"type":"Feature","properties":{"familia":"relaves","tipo_objeto":"Relave","id_objeto":"0832-4N","nombre_objeto":"PLANTA FLOR DE VALLE","nombre_relave":"PLANTA FLOR DE VALLE","titular":"JUAN MARIN","empresa":"JUAN MARIN","faena":"PLANTA FLOR DE VALLE","recurso":"COBRE","comuna":"Combarbalá","tipo_deposito":"ACOPIO","metodo_constructivo":"NO APLICA","shape_area_m2":16608.41412,"bbox":[-71.06045913,-31.22197927,-71.06045913,-31.22197927],"lat":-31.22197927,"lon":-71.06045913,"nombre_busq":"0832-4N PLANTA FLOR DE VALLE JUAN MARIN COBRE Combarbalá ACOPIO NO APLICA","source_file":"geonoxa_relaves_panel.geojson"},"geometry":{"type":"Point","coordinates":[-71.06045913,-31.22197927]}},{"type":"Feature","properties":{"familia":"relaves","tipo_objeto":"Relave","id_objeto":"0833-5C","nombre_objeto":"LOS MAITENES","nombre_relave":"LOS MAITENES","titular":"CIA. MINERA LOS MAITENES","empresa":"CIA. MINERA LOS MAITENES","faena":"LOS MAITENES","recurso":"COBRE","comuna":"Puchuncaví","tipo_deposito":"ACOPIO","metodo_constructivo":"NO APLICA","shape_area_m2":939.6364469,"bbox":[-71.46291319,-32.78660206,-71.46291319,-32.78660206],"lat":-32.78660206,"lon":-71.46291319,"nombre_busq":"0833-5C LOS MAITENES CIA. MINERA LOS MAITENES COBRE Puchuncaví ACOPIO NO APLICA","source_file":"geonoxa_relaves_panel.geojson"},"geometry":{"type":"Point","coordinates":[-71.46291319,-32.78660206]}},{"type":"Feature","properties":{"familia":"relaves","tipo_objeto":"Relave","id_objeto":"0834-5C","nombre_objeto":"LAS CENIZAS CABILDO","nombre_relave":"LAS CENIZAS CABILDO","titular":"MINERA LAS CENIZAS S.A.","empresa":"MINERA LAS CENIZAS S.A.","faena":"LAS CENIZAS CABILDO","recurso":"COBRE","comuna":"Cabildo","tipo_deposito":"DRIM","metodo_constructivo":"NO APLICA","shape_area_m2":216.2070782,"bbox":[-71.06235934,-32.46425687,-71.06235934,-32.46425687],"lat":-32.46425687,"lon":-71.06235934,"nombre_busq":"0834-5C LAS CENIZAS CABILDO MINERA LAS CENIZAS S.A. COBRE Cabildo DRIM NO APLICA","source_file":"geonoxa_relaves_panel.geojson"},"geometry":{"type":"Point","coordinates":[-71.06235934,-32.46425687]}},{"type":"Feature","properties":{"familia":"relaves","tipo_objeto":"Relave","id_objeto":"0835-6C","nombre_objeto":"PLANTA BENEFICIO RELAVES LA ESCUELA","nombre_relave":"PLANTA BENEFICIO RELAVES LA ESCUELA","titular":"CAPASEMIN SPA","empresa":"CAPASEMIN SPA","faena":"PLANTA BENEFICIO RELAVES LA ESCUELA","recurso":"ORO","comuna":"Rancagua","tipo_deposito":"EMBALSE","metodo_constructivo":"EXCAVACION TERRENO","shape_area_m2":5231.62189,"bbox":[-70.83802962,-34.08054173,-70.83802962,-34.08054173],"lat":-34.08054173,"lon":-70.83802962,"nombre_busq":"0835-6C PLANTA BENEFICIO RELAVES LA ESCUELA CAPASEMIN SPA ORO Rancagua EMBALSE EXCAVACION TERRENO","source_file":"geonoxa_relaves_panel.geojson"},"geometry":{"type":"Point","coordinates":[-70.83802962,-34.08054173]}},{"type":"Feature","properties":{"familia":"relaves","tipo_objeto":"Relave","id_objeto":"0836-11S","nombre_objeto":"FAENA EL TOQUI","nombre_relave":"FAENA EL TOQUI","titular":"SOCIEDAD MINERA PACIFICO DEL SUR SPA","empresa":"SOCIEDAD MINERA PACIFICO DEL SUR SPA","faena":"FAENA EL TOQUI","recurso":"ZINC-ORO","comuna":"Coihaique","tipo_deposito":"DRIM","metodo_constructivo":"NO APLICA","shape_area_m2":1437.717197,"bbox":[-71.95062288,-45.03998909,-71.95062288,-45.03998909],"lat":-45.03998909,"lon":-71.95062288,"nombre_busq":"0836-11S FAENA EL TOQUI SOCIEDAD MINERA PACIFICO DEL SUR SPA ZINC-ORO Coihaique DRIM NO APLICA","source_file":"geonoxa_relaves_panel.geojson"},"geometry":{"type":"Point","coordinates":[-71.95062288,-45.03998909]}}]}