{
"type": "FeatureCollection",
"name": "Region_Región de Ñuble",
"crs": { "type": "name", "properties": { "name": "urn:ogc:def:crs:EPSG::3857" } },
"xy_coordinate_resolution": 1e-15,
"features": [
{ "type": "Feature", "properties": { "objectid": 13783, "st_area_sh": 19525.521820999998, "st_length_": 609.15127965299996, "Nombre": null, "Tipo": "Lago", "objectid_2": 237, "shape_leng": 113221.95529699999, "dis_elec": 19, "cir_sena": 10, "cod_comuna": 16102, "codregion": 16, "st_area_sh_2": 665415455.99100006, "st_length__2": 141408.537771, "Region": "Región de Ñuble", "Comuna": "Bulnes", "Provincia": "Ñuble" }, "geometry": { "type": "MultiPolygon", "coordinates": [ [ [ [ -8061327.045399999246001, -4401095.361000001430511 ], [ -8061348.686000000685453, -4401087.185499999672174 ], [ -8061349.492499999701977, -4401057.166499998420477 ], [ -8061345.900399999693036, -4401031.409499999135733 ], [ -8061339.186699999496341, -4400962.384399998933077 ], [ -8061327.267899999395013, -4400927.640000000596046 ], [ -8061306.333499999716878, -4400909.549100000411272 ], [ -8061285.5, -4400887.705800000578165 ], [ -8061259.814099999144673, -4400887.00959999859333 ], [ -8061246.775699999183416, -4400891.036899998784065 ], [ -8061229.550899999216199, -4400894.324999999254942 ], [ -8061216.590299999341369, -4400898.354400001466274 ], [ -8061195.067700000479817, -4400902.151799999177456 ], [ -8061186.035000000149012, -4400919.430500000715256 ], [ -8061189.744400000199676, -4400940.809599999338388 ], [ -8061202.352, -4400949.91330000013113 ], [ -8061227.920399999246001, -4400954.987399999052286 ], [ -8061240.427200000733137, -4400967.843299999833107 ], [ -8061240.074200000613928, -4400980.976599998772144 ], [ -8061239.502699999138713, -4401002.239799998700619 ], [ -8061238.91440000012517, -4401024.128400001674891 ], [ -8061251.381400000303984, -4401041.36430000141263 ], [ -8061259.708200000226498, -4401050.352000001817942 ], [ -8061297.884700000286102, -4401064.529699999839067 ], [ -8061327.045399999246001, -4401095.361000001430511 ] ] ] ] } },
{ "type": "Feature", "properties": { "objectid": 13792, "st_area_sh": 34203.290056799997, "st_length_": 722.69904139300002, "Nombre": null, "Tipo": "Lago", "objectid_2": 237, "shape_leng": 113221.95529699999, "dis_elec": 19, "cir_sena": 10, "cod_comuna": 16102, "codregion": 16, "st_area_sh_2": 665415455.99100006, "st_length__2": 141408.537771, "Region": "Región de Ñuble", "Comuna": "Bulnes", "Provincia": "Ñuble" }, "geometry": { "type": "MultiPolygon", "coordinates": [ [ [ [ -8046777.0669, -4408739.442499998956919 ], [ -8046803.150900000706315, -4408723.903000000864267 ], [ -8046816.974700000137091, -4408689.852000001817942 ], [ -8046822.708599999547005, -4408638.661100000143051 ], [ -8046811.201899999752641, -4408590.7364999987185 ], [ -8046799.245899999514222, -4408555.950899999588728 ], [ -8046787.120400000363588, -4408529.928300000727177 ], [ -8046783.455900000408292, -4408507.904599998146296 ], [ -8046770.852700000628829, -4408498.77760000154376 ], [ -8046736.58420000039041, -4408497.8004 ], [ -8046701.572499999776483, -4408523.105099998414516 ], [ -8046657.933399999514222, -4408547.537300001829863 ], [ -8046631.754100000485778, -4408563.699799999594688 ], [ -8046621.965700000524521, -4408606.633000001311302 ], [ -8046621.346300000324845, -4408628.534699998795986 ], [ -8046642.286599999293685, -4408646.041499998420477 ], [ -8046646.074699999764562, -4408663.685100000351667 ], [ -8046649.508899999782443, -4408693.844200000166893 ], [ -8046683.523299999535084, -4408701.077199999243021 ], [ -8046702.519999999552965, -4408699.113800000399351 ], [ -8046720.24239999987185, -4408700.871800001710653 ], [ -8046728.870200000703335, -4408729.300200000405312 ], [ -8046745.169399999082088, -4408737.2804000005126 ], [ -8046777.0669, -4408739.442499998956919 ] ] ] ] } },
{ "type": "Feature", "properties": { "objectid": 13793, "st_area_sh": 4138.0833994000004, "st_length_": 242.48827979699999, "Nombre": null, "Tipo": "Lago", "objectid_2": 237, "shape_leng": 113221.95529699999, "dis_elec": 19, "cir_sena": 10, "cod_comuna": 16102, "codregion": 16, "st_area_sh_2": 665415455.99100006, "st_length__2": 141408.537771, "Region": "Región de Ñuble", "Comuna": "Bulnes", "Provincia": "Ñuble" }, "geometry": { "type": "MultiPolygon", "coordinates": [ [ [ [ -8033800.7193, -4410014.899999998509884 ], [ -8033814.870300000533462, -4410000.288899999111891 ], [ -8033815.460799999535084, -4409980.263799998909235 ], [ -8033800.679199999198318, -4409942.24439999833703 ], [ -8033776.94649999961257, -4409943.417399998754263 ], [ -8033764.78999999910593, -4409951.198100000619888 ], [ -8033761.123099999502301, -4409959.231300000101328 ], [ -8033744.5456000007689, -4409966.254099998623133 ], [ -8033743.844200000166893, -4409990.033700000494719 ], [ -8033747.766799999400973, -4410007.687800001353025 ], [ -8033757.176699999719858, -4410011.099500000476837 ], [ -8033766.898199999704957, -4410014.520300000905991 ], [ -8033784.496400000527501, -4410012.538400001823902 ], [ -8033800.7193, -4410014.899999998509884 ] ] ] ] } },
{ "type": "Feature", "properties": { "objectid": 13794, "st_area_sh": 94994.235604999994, "st_length_": 1721.2073113700001, "Nombre": null, "Tipo": "Lago", "objectid_2": 237, "shape_leng": 113221.95529699999, "dis_elec": 19, "cir_sena": 10, "cod_comuna": 16102, "codregion": 16, "st_area_sh_2": 665415455.99100006, "st_length__2": 141408.537771, "Region": "Región de Ñuble", "Comuna": "Bulnes", "Provincia": "Ñuble" }, "geometry": { "type": "MultiPolygon", "coordinates": [ [ [ [ -8042953.464999999850988, -4410984.747499998658895 ], [ -8042976.198300000280142, -4410972.249699998646975 ], [ -8042976.718100000172853, -4410954.09910000115633 ], [ -8042991.012700000777841, -4410923.1919 ], [ -8043009.371099999174476, -4410905.556499999016523 ], [ -8043027.287799999117851, -4410906.073899999260902 ], [ -8043045.2043999992311, -4410906.591299999505281 ], [ -8043067.937599999830127, -4410894.093400001525879 ], [ -8043091.190099999308586, -4410863.44480000063777 ], [ -8043109.028899999335408, -4410863.959899999201298 ], [ -8043118.775399999693036, -4410836.679900001734495 ], [ -8043120.0472, -4410792.24269999936223 ], [ -8043112.2533, -4410751.302299998700619 ], [ -8043104.441500000655651, -4410710.988000001758337 ], [ -8043086.997300000861287, -4410696.703899998217821 ], [ -8043056.202199999243021, -4410677.649599999189377 ], [ -8043033.971200000494719, -4410672.622999999672174 ], [ -8043019.008099999278784, -4410661.542300000786781 ], [ -8043003.946900000795722, -4410626.656300000846386 ], [ -8042973.13429999910295, -4410608.227699998766184 ], [ -8042960.130400000140071, -4410594.071800000965595 ], [ -8042929.067099999636412, -4410584.405200000852346 ], [ -8042925.146800000220537, -4410566.127099998295307 ], [ -8042903.167099999263883, -4410552.338199999183416 ], [ -8042880.811000000685453, -4410551.692400000989437 ], [ -8042862.894999999552965, -4410551.174699999392033 ], [ -8042848.725999999791384, -4410577.699700001627207 ], [ -8042826.244400000199676, -4410581.434799998998642 ], [ -8042803.762800000607967, -4410585.169700000435114 ], [ -8042785.721200000494719, -4410589.032999999821186 ], [ -8042758.404799999669194, -4410606.408599998801947 ], [ -8042757.759199999272823, -4410628.9397 ], [ -8042775.298900000751019, -4410642.600600000470877 ], [ -8042806.140900000929832, -4410657.272300001233816 ], [ -8042828.371600000187755, -4410662.299400001764297 ], [ -8042841.202299999073148, -4410685.219900000840425 ], [ -8042813.431500000879169, -4410715.7368 ], [ -8042776.905600000172853, -4410741.615899998694658 ], [ -8042771.694299999624491, -4410768.399999998509884 ], [ -8042757.446900000795722, -4410794.923000000417233 ], [ -8042739.482899999246001, -4410798.788600001484156 ], [ -8042716.731799999251962, -4410811.91160000115633 ], [ -8042707.396800000220537, -4410824.796 ], [ -8042724.793099999427795, -4410843.464299999177456 ], [ -8042751.19539999961853, -4410858.008099999278784 ], [ -8042759.507999999448657, -4410880.798700001090765 ], [ -8042776.8445999994874, -4410898.838799998164177 ], [ -8042794.635700000450015, -4410903.737700000405312 ], [ -8042807.245200000703335, -4410931.663699999451637 ], [ -8042825.430800000205636, -4410922.793200001120567 ], [ -8042839.474899999797344, -4410900.648699998855591 ], [ -8042853.124399999156594, -4410892.273499999195337 ], [ -8042876.252000000327826, -4410866.006700001657009 ], [ -8042899.254100000485778, -4410844.120999999344349 ], [ -8042904.668500000610948, -4410812.957800000905991 ], [ -8042918.58669999986887, -4410795.194400001317263 ], [ -8042940.943299999460578, -4410795.840199999511242 ], [ -8042958.734300000593066, -4410800.738800000399351 ], [ -8042962.529200000688434, -4410823.398600000888109 ], [ -8042937.98589999973774, -4410899.109999999403954 ], [ -8042932.571599999442697, -4410930.273499999195337 ], [ -8042936.050100000575185, -4410966.705200001597404 ], [ -8042953.464999999850988, -4410984.747499998658895 ] ] ] ] } },
{ "type": "Feature", "properties": { "objectid": 13796, "st_area_sh": 838932.77265399997, "st_length_": 5576.0152294199997, "Nombre": "Laguna de Santa Elena", "Tipo": "Laguna", "objectid_2": 237, "shape_leng": 113221.95529699999, "dis_elec": 19, "cir_sena": 10, "cod_comuna": 16102, "codregion": 16, "st_area_sh_2": 665415455.99100006, "st_length__2": 141408.537771, "Region": "Región de Ñuble", "Comuna": "Bulnes", "Provincia": "Ñuble" }, "geometry": { "type": "MultiPolygon", "coordinates": [ [ [ [ -8057153.4145, -4412976.682199999690056 ], [ -8057190.563999999314547, -4412972.693399999290705 ], [ -8057241.530500000342727, -4412965.325899999588728 ], [ -8057270.159399999305606, -4412933.534499999135733 ], [ -8057285.294399999082088, -4412887.587799999862909 ], [ -8057305.163200000301003, -4412836.759500000625849 ], [ -8057320.041400000452995, -4412800.204 ], [ -8057353.779699999839067, -4412749.757800001651049 ], [ -8057377.971699999645352, -4412709.07319999858737 ], [ -8057407.744400000199676, -4412635.337000001221895 ], [ -8057413.469200000166893, -4412594.144499998539686 ], [ -8057428.483300000429153, -4412552.581300001591444 ], [ -8057466.424599999561906, -4412516.661200001835823 ], [ -8057499.648900000378489, -4412484.997099999338388 ], [ -8057524.2325, -4412429.914299998432398 ], [ -8057534.768400000408292, -4412383.842799998819828 ], [ -8057549.7039, -4412342.278099998831749 ], [ -8057569.314300000667572, -4412300.842099998146296 ], [ -8057584.054199999198318, -4412269.29619999974966 ], [ -8057621.618300000205636, -4412247.14919999986887 ], [ -8057650.12470000050962, -4412219.740800000727177 ], [ -8057669.973400000482798, -4412169.540800001472235 ], [ -8057680.269500000402331, -4412132.2346 ], [ -8057695.067399999126792, -4412095.678599998354912 ], [ -8057724.323999999091029, -4412040.725900001823902 ], [ -8057734.268699999898672, -4412013.434000000357628 ], [ -8057735.667899999767542, -4411962.101100001484156 ], [ -8057760.071100000292063, -4411916.412599999457598 ], [ -8057793.292600000277162, -4411884.749099999666214 ], [ -8057808.20920000039041, -4411843.811799999326468 ], [ -8057821.284499999135733, -4411704.468899998813868 ], [ -8057837.301999999210238, -4411625.974899999797344 ], [ -8057857.404400000348687, -4411566.387299999594688 ], [ -8057859.2972999997437, -4411496.902899999171495 ], [ -8057866.554300000891089, -4411399.376299999654293 ], [ -8057855.21000000089407, -4411306.350900001823902 ], [ -8057843.312999999150634, -4411236.48930000141263 ], [ -8057845.086400000378489, -4411171.388799998909235 ], [ -8057849.430800000205636, -4411106.359299998730421 ], [ -8057835.123800000175834, -4411027.662799999117851 ], [ -8057813.639399999752641, -4410966.309500001370907 ], [ -8057796.437400000169873, -4410919.481699999421835 ], [ -8057779.099099999293685, -4410877.661499999463558 ], [ -8057761.522099999710917, -4410844.605000000447035 ], [ -8057743.825799999758601, -4410815.929900001734495 ], [ -8057735.502800000831485, -4410783.754299998283386 ], [ -8057726.999600000679493, -4410755.332100000232458 ], [ -8057704.945900000631809, -4410717.767799999564886 ], [ -8057668.650000000372529, -4410693.5929000005126 ], [ -8057645.648700000718236, -4410687.949299998581409 ], [ -8057617.36089999973774, -4410710.348600000143051 ], [ -8057615.9616, -4410761.675500001758337 ], [ -8057596.491100000217557, -4410798.098299998790026 ], [ -8057577.13990000076592, -4410830.139400001615286 ], [ -8057566.981599999591708, -4410862.433600001037121 ], [ -8057542.777599999681115, -4410903.737799998372793 ], [ -8057541.139000000432134, -4410963.828899998217821 ], [ -8057548.949400000274181, -4411014.784000001847744 ], [ -8057570.432299999520183, -4411076.138099998235703 ], [ -8057587.138699999079108, -4411141.119800001382828 ], [ -8057585.995100000873208, -4411183.059300001710653 ], [ -8057543.247999999672174, -4411223.854600001126528 ], [ -8057518.428600000217557, -4411287.694899998605251 ], [ -8057499.076099999248981, -4411319.737500000745058 ], [ -8057470.82799999974668, -4411337.753400001674891 ], [ -8057387.578700000420213, -4411339.847800001502037 ], [ -8057337.020600000396371, -4411329.686000000685453 ], [ -8057286.360200000926852, -4411323.279800001531839 ], [ -8057249.806900000199676, -4411308.491700001060963 ], [ -8057204.316800000146031, -4411284.060699999332428 ], [ -8057179.003799999132752, -4411280.2314000017941 ], [ -8057157.740399999544024, -4411296.559599999338388 ], [ -8057148.212799999862909, -4411305.693799998611212 ], [ -8057115.838600000366569, -4411309.186999998986721 ], [ -8057104.707100000232458, -4411311.386100001633167 ], [ -8057106.503000000491738, -4411322.711599998176098 ], [ -8057126.725199999287724, -4411324.521600000560284 ], [ -8057146.869599999859929, -4411326.329300001263618 ], [ -8057161.072300000116229, -4411343.008000001311302 ], [ -8057174.307700000703335, -4411366.550900001078844 ], [ -8057200.642200000584126, -4411418.64469999819994 ], [ -8057236.307099999859929, -4411465.984000001102686 ], [ -8057258.104100000113249, -4411512.941599998623133 ], [ -8057294.384600000455976, -4411537.745700001716614 ], [ -8057307.005599999800324, -4411583.824400000274181 ], [ -8057309.569199999794364, -4411658.443599998950958 ], [ -8057303.588400000706315, -4411709.022399999201298 ], [ -8057297.351199999451637, -4411768.991300001740456 ], [ -8057295.0614, -4411852.875199999660254 ], [ -8057298.27419999986887, -4411903.708000000566244 ], [ -8057273.434299999848008, -4411968.177700001746416 ], [ -8057248.39670000039041, -4412037.027499999850988 ], [ -8057242.910900000482798, -4412069.453600000590086 ], [ -8057232.076099999248981, -4412129.297899998724461 ], [ -8057206.012000000104308, -4412235.71000000089407 ], [ -8057167.438400000333786, -4412294.791200000792742 ], [ -8057143.1096, -4412340.481899999082088 ], [ -8057141.844399999827147, -4412386.8081 ], [ -8057143.910700000822544, -4412479.587900001555681 ], [ -8057136.5263, -4412581.505699999630451 ], [ -8057149.626299999654293, -4412610.059900000691414 ], [ -8057166.8278, -4412656.896000001579523 ], [ -8057170.792500000447035, -4412680.186500001698732 ], [ -8057173.867900000885129, -4412736.031599998474121 ], [ -8057158.099999999627471, -4412805.1415 ], [ -8057143.555700000375509, -4412832.3081 ], [ -8057129.052999999374151, -4412855.089999999850988 ], [ -8057109.816199999302626, -4412882.753899998962879 ], [ -8057099.021299999207258, -4412938.2179000005126 ], [ -8057116.479599999263883, -4412975.664599999785423 ], [ -8057153.4145, -4412976.682199999690056 ] ] ] ] } },
{ "type": "Feature", "properties": { "objectid": 13797, "st_area_sh": 225370.42051, "st_length_": 3032.2342101300001, "Nombre": "Laguna de Buena Vista", "Tipo": "Laguna", "objectid_2": 237, "shape_leng": 113221.95529699999, "dis_elec": 19, "cir_sena": 10, "cod_comuna": 16102, "codregion": 16, "st_area_sh_2": 665415455.99100006, "st_length__2": 141408.537771, "Region": "Región de Ñuble", "Comuna": "Bulnes", "Provincia": "Ñuble" }, "geometry": { "type": "MultiPolygon", "coordinates": [ [ [ [ -8056161.38990000076592, -4413157.315099999308586 ], [ -8056184.574999999254942, -4413153.57039999961853 ], [ -8056194.242499999701977, -4413139.427000001072884 ], [ -8056204.270099999383092, -4413112.136300001293421 ], [ -8056191.034800000488758, -4413088.588199999183416 ], [ -8056163.6722, -4413074.047899998724461 ], [ -8056140.864700000733137, -4413064.019200000911951 ], [ -8056122.912000000476837, -4413044.726599998772144 ], [ -8056114.394600000232458, -4413016.923500001430511 ], [ -8056087.745100000873208, -4412979.220800001174212 ], [ -8056056.3004, -4412945.77140000090003 ], [ -8056039.240900000557303, -4412893.9239999987185 ], [ -8056031.238600000739098, -4412847.339499998837709 ], [ -8056025.855100000277162, -4412708.102099999785423 ], [ -8056008.5384, -4412665.646499998867512 ], [ -8056009.671399999409914, -4412624.3277000002563 ], [ -8056002.32179999910295, -4412553.954999998211861 ], [ -8055999.750399999320507, -4412479.955699998885393 ], [ -8055988.164300000295043, -4412396.310199998319149 ], [ -8055985.609999999403954, -4412321.686000000685453 ], [ -8055973.268899999558926, -4412265.586599998176098 ], [ -8055974.796700000762939, -4412209.870900001376867 ], [ -8055975.929700000211596, -4412168.554000001400709 ], [ -8055972.860600000247359, -4412112.71169999986887 ], [ -8055960.021800000220537, -4412074.767499998211861 ], [ -8055942.191299999132752, -4412051.094500001519918 ], [ -8055924.6184, -4412018.031300000846386 ], [ -8055902.353499999269843, -4411985.464999999850988 ], [ -8055884.403200000524521, -4411966.1739999987185 ], [ -8055881.214299999177456, -4411914.714899998158216 ], [ -8055877.493100000545382, -4411882.661800000816584 ], [ -8055818.057700000703335, -4411857.837699998170137 ], [ -8055785.861300000920892, -4411851.934999998658895 ], [ -8055743.955900000408292, -4411864.557399999350309 ], [ -8055738.723500000312924, -4411887.592099998146296 ], [ -8055723.44620000012219, -4411938.539900001138449 ], [ -8055675.456599999219179, -4412002.364999998360872 ], [ -8055669.845899999141693, -4412039.171900000423193 ], [ -8055668.694499999284744, -4412081.11430000141263 ], [ -8055658.54619999974966, -4412112.784000001847744 ], [ -8055657.515100000426173, -4412150.344700001180172 ], [ -8055665.893400000408292, -4412183.154100000858307 ], [ -8055683.482899999246001, -4412215.592099998146296 ], [ -8055687.444199999794364, -4412238.881999999284744 ], [ -8055700.024299999698997, -4412286.217300001531839 ], [ -8055717.734400000423193, -4412314.273400001227856 ], [ -8055753.653000000864267, -4412352.231199998408556 ], [ -8055808.098799999803305, -4412391.328200001269579 ], [ -8055835.261, -4412410.248500000685453 ], [ -8055848.357300000265241, -4412438.80350000038743 ], [ -8055850.292300000786781, -4412535.965700000524521 ], [ -8055863.2686, -4412568.903299998492002 ], [ -8055862.117900000885129, -4412610.847800001502037 ], [ -8055865.581399999558926, -4412652.293699998408556 ], [ -8055878.557900000363588, -4412685.231800001114607 ], [ -8055896.1316, -4412718.296999998390675 ], [ -8055904.63120000064373, -4412746.725699998438358 ], [ -8055916.911699999123812, -4412802.1996 ], [ -8055924.776100000366569, -4412853.792300000786781 ], [ -8055928.8581000007689, -4412872.701099999248981 ], [ -8055937.254899999126792, -4412904.886599998921156 ], [ -8055959.289100000634789, -4412943.088100001215935 ], [ -8055981.460899999365211, -4412976.281300000846386 ], [ -8056003.590399999171495, -4413013.859099999070168 ], [ -8056039.254799999296665, -4413061.209499999880791 ], [ -8056052.747099999338388, -4413075.366500001400709 ], [ -8056093.266799999400973, -4413113.453000001609325 ], [ -8056124.8322, -4413142.520500000566244 ], [ -8056161.38990000076592, -4413157.315099999308586 ] ] ] ] } },
{ "type": "Feature", "properties": { "objectid": 13798, "st_area_sh": 107301.195639, "st_length_": 1677.35665245, "Nombre": "Laguna de Santa Elena", "Tipo": "Laguna", "objectid_2": 237, "shape_leng": 113221.95529699999, "dis_elec": 19, "cir_sena": 10, "cod_comuna": 16102, "codregion": 16, "st_area_sh_2": 665415455.99100006, "st_length__2": 141408.537771, "Region": "Región de Ñuble", "Comuna": "Bulnes", "Provincia": "Ñuble" }, "geometry": { "type": "MultiPolygon", "coordinates": [ [ [ [ -8058577.023299999535084, -4412463.214299999177456 ], [ -8058596.37470000050962, -4412431.166299998760223 ], [ -8058592.4070999994874, -4412407.876899998635054 ], [ -8058579.286299999803305, -4412379.950899999588728 ], [ -8058570.898900000378489, -4412347.142700001597404 ], [ -8058553.691600000485778, -4412300.309999998658895 ], [ -8058554.695499999448657, -4412263.374000001698732 ], [ -8058551.3575, -4412216.921900000423193 ], [ -8058538.628399999812245, -4412174.597800001502037 ], [ -8058516.5691, -4412137.030000001192093 ], [ -8058498.732699999585748, -4412113.3607 ], [ -8058443.964199999347329, -4412088.678800001740456 ], [ -8058402.867799999192357, -4412068.757100000977516 ], [ -8058391.594200000166893, -4412064.688900001347065 ], [ -8058348.98509999923408, -4412011.521899998188019 ], [ -8058331.149299999698997, -4411987.852699998766184 ], [ -8058299.325400000438094, -4411968.185100000351667 ], [ -8058248.763299999758601, -4411958.026900000870228 ], [ -8058225.956000000238419, -4411948.003699999302626 ], [ -8058184.4858, -4411941.85359999909997 ], [ -8058152.270400000736117, -4411936.58390000090003 ], [ -8058133.923900000751019, -4411931.694899998605251 ], [ -8058096.992499999701977, -4411930.681000001728535 ], [ -8058055.463999999687076, -4411929.540600001811981 ], [ -8058040.964500000700355, -4411952.32209999859333 ], [ -8058044.9309, -4411975.6107 ], [ -8058049.111500000581145, -4411993.893500000238419 ], [ -8058048.736400000751019, -4412007.665800001472235 ], [ -8058052.447200000286102, -4412040.344900000840425 ], [ -8058093.20920000039041, -4412069.655999999493361 ], [ -8058143.379699999466538, -4412094.213599998503923 ], [ -8058202.447699999436736, -4412132.797899998724461 ], [ -8058261.301899999380112, -4412176.388000000268221 ], [ -8058324.848600000143051, -4412219.48030000180006 ], [ -8058401.914899999275804, -4412272.967300001531839 ], [ -8058447.115399999544024, -4412311.170499999076128 ], [ -8058491.669700000435114, -4412373.163100000470877 ], [ -8058518.326500000432134, -4412410.857900001108646 ], [ -8058540.5833, -4412444.046399999409914 ], [ -8058577.023299999535084, -4412463.214299999177456 ] ] ] ] } },
{ "type": "Feature", "properties": { "objectid": 13799, "st_area_sh": 223512.4964, "st_length_": 3450.4213129499999, "Nombre": "Laguna de Buena Vista", "Tipo": "Laguna", "objectid_2": 237, "shape_leng": 113221.95529699999, "dis_elec": 19, "cir_sena": 10, "cod_comuna": 16102, "codregion": 16, "st_area_sh_2": 665415455.99100006, "st_length__2": 141408.537771, "Region": "Región de Ñuble", "Comuna": "Bulnes", "Provincia": "Ñuble" }, "geometry": { "type": "MultiPolygon", "coordinates": [ [ [ [ -8054706.66609999909997, -4413499.195000000298023 ], [ -8054728.57799999974668, -4413482.260000001639128 ], [ -8054747.497400000691414, -4413418.249800000339746 ], [ -8054748.566600000485778, -4413379.432799998670816 ], [ -8054750.704800000414252, -4413301.799400001764297 ], [ -8054747.729499999433756, -4413254.098700001835823 ], [ -8054762.078600000590086, -4413203.120299998670816 ], [ -8054768.019500000402331, -4413143.136999998241663 ], [ -8054764.923499999567866, -4413099.819600000977516 ], [ -8054783.37639999948442, -4413052.714999999850988 ], [ -8054809.7971, -4413027.760800000280142 ], [ -8054823.4814, -4412998.067200001329184 ], [ -8054824.550100000575185, -4412959.2516999989748 ], [ -8054816.582299999892712, -4412937.101799998432398 ], [ -8054830.025100000202656, -4412916.173000000417233 ], [ -8054860.386199999600649, -4412903.859000001102686 ], [ -8054886.806399999186397, -4412878.904899999499321 ], [ -8054918.193, -4412832.160199999809265 ], [ -8054919.605900000780821, -4412780.824400000274181 ], [ -8054946.973200000822544, -4412721.438099998980761 ], [ -8054969.244999999180436, -4412691.35700000077486 ], [ -8054996.973500000312924, -4412618.824299998581409 ], [ -8055032.747600000351667, -4412568.44310000166297 ], [ -8055055.001700000837445, -4412538.988000001758337 ], [ -8055081.902499999850988, -4412496.5055 ], [ -8055117.494599999859929, -4412449.878400001674891 ], [ -8055113.915100000798702, -4412424.092599999159575 ], [ -8055088.443800000473857, -4412414.614900000393391 ], [ -8055089.149800000712276, -4412388.947900000959635 ], [ -8055120.456000000238419, -4412342.202500000596046 ], [ -8055147.115199999883771, -4412308.484700001776218 ], [ -8055182.543299999088049, -4412270.624699998646975 ], [ -8055195.743599999696016, -4412258.460900001227856 ], [ -8055200.751800000667572, -4412232.287099998444319 ], [ -8055188.601500000804663, -4412206.26410000026226 ], [ -8055172.045399999246001, -4412184.504299998283386 ], [ -8055128.649599999189377, -4412200.215799998492002 ], [ -8055102.455600000917912, -4412217.030799999833107 ], [ -8055063.646600000560284, -4412224.724899999797344 ], [ -8055033.227, -4412236.410799998790026 ], [ -8054997.755899999290705, -4412278.654399998486042 ], [ -8054971.096400000154972, -4412312.3717 ], [ -8054944.436799999326468, -4412346.089000001549721 ], [ -8054896.857899999246001, -4412357.924699999392033 ], [ -8054870.318499999120831, -4412387.259799998253584 ], [ -8054856.514499999582767, -4412421.334199998527765 ], [ -8054846.168700000271201, -4412485.576699998229742 ], [ -8054840.6941, -4412528.6537000015378 ], [ -8054817.612199999392033, -4412588.157699998468161 ], [ -8054803.445800000801682, -4412635.379299998283386 ], [ -8054781.311599999666214, -4412660.45160000026226 ], [ -8054776.422800000756979, -4412682.243900001049042 ], [ -8054766.601500000804663, -4412724.574400000274181 ], [ -8054746.908800000324845, -4412751.594300001859665 ], [ -8054726.842199999839067, -4412766.69990000128746 ], [ -8054709.096599999815226, -4412788.135099999606609 ], [ -8054686.7204, -4412821.972300000488758 ], [ -8054672.690999999642372, -4412864.186200000345707 ], [ -8054654.824300000444055, -4412890.004099998623133 ], [ -8054632.973600000143051, -4412901.927299998700619 ], [ -8054590.462799999862909, -4412888.215300001204014 ], [ -8054574.390100000426173, -4412848.923900000751019 ], [ -8054562.0165, -4412831.037200000137091 ], [ -8054540.933800000697374, -4412817.920699998736382 ], [ -8054502.406700000166893, -4412812.464099999517202 ], [ -8054476.106699999421835, -4412833.034600000828505 ], [ -8054483.607999999076128, -4412872.087799999862909 ], [ -8054495.99860000051558, -4412889.348600000143051 ], [ -8054534.042899999767542, -4412912.334800001233816 ], [ -8054551.064400000497699, -4412917.19370000064373 ], [ -8054580.477099999785423, -4412939.313299998641014 ], [ -8054609.768999999389052, -4412965.815200001001358 ], [ -8054634.637399999424815, -4412997.206500001251698 ], [ -8054638.052300000563264, -4413031.761 ], [ -8054639.612600000575185, -4413130.797699999064207 ], [ -8054651.158700000494719, -4413178.736000001430511 ], [ -8054658.074300000444055, -4413239.076699998229742 ], [ -8054674.630699999630451, -4413260.839499998837709 ], [ -8054677.9679000005126, -4413295.392499998211861 ], [ -8054668.206299999728799, -4413338.353500001132488 ], [ -8054675.121999999508262, -4413398.695099998265505 ], [ -8054678.096899999305606, -4413446.39640000090003 ], [ -8054681.5548, -4413476.567499998956919 ], [ -8054706.66609999909997, -4413499.195000000298023 ] ] ] ] } },
{ "type": "Feature", "properties": { "objectid": 13802, "st_area_sh": 20787.151036700001, "st_length_": 830.51232570499997, "Nombre": null, "Tipo": "Lago", "objectid_2": 237, "shape_leng": 113221.95529699999, "dis_elec": 19, "cir_sena": 10, "cod_comuna": 16102, "codregion": 16, "st_area_sh_2": 665415455.99100006, "st_length__2": 141408.537771, "Region": "Región de Ñuble", "Comuna": "Bulnes", "Provincia": "Ñuble" }, "geometry": { "type": "MultiPolygon", "coordinates": [ [ [ [ -8059798.631400000303984, -4413626.295800000429153 ], [ -8059833.140000000596046, -4413619.092500001192093 ], [ -8059842.186699999496341, -4413601.795299999415874 ], [ -8059851.453500000759959, -4413576.358600001782179 ], [ -8059877.762599999085069, -4413555.146699998527765 ], [ -8059870.003900000825524, -4413524.859400000423193 ], [ -8059848.692600000649691, -4413519.891600001603365 ], [ -8059836.292099999263883, -4413502.635600000619888 ], [ -8059824.60359999909997, -4413459.083099998533726 ], [ -8059826.230399999767542, -4413398.977099999785423 ], [ -8059836.784900000318885, -4413325.957400001585484 ], [ -8059829.501000000163913, -4413278.140000000596046 ], [ -8059808.308800000697374, -4413268.789700001478195 ], [ -8059790.334799999371171, -4413299.000300001353025 ], [ -8059802.379000000655651, -4413329.403999999165535 ], [ -8059797.161000000312924, -4413363.722500000149012 ], [ -8059783.5304000005126, -4413389.039500001817942 ], [ -8059769.858899999409914, -4413418.741300001740456 ], [ -8059760.117499999701977, -4413461.708399999886751 ], [ -8059759.185100000351667, -4413496.144400000572205 ], [ -8059771.11089999973774, -4413530.931400001049042 ], [ -8059778.869300000369549, -4413561.218800000846386 ], [ -8059778.276000000536442, -4413583.1327 ], [ -8059777.343800000846386, -4413617.568999998271465 ], [ -8059798.631400000303984, -4413626.295800000429153 ] ] ] ] } },
{ "type": "Feature", "properties": { "objectid": 13808, "st_area_sh": 28799.835660699999, "st_length_": 731.91325578199996, "Nombre": null, "Tipo": "Lago", "objectid_2": 237, "shape_leng": 113221.95529699999, "dis_elec": 19, "cir_sena": 10, "cod_comuna": 16102, "codregion": 16, "st_area_sh_2": 665415455.99100006, "st_length__2": 141408.537771, "Region": "Región de Ñuble", "Comuna": "Bulnes", "Provincia": "Ñuble" }, "geometry": { "type": "MultiPolygon", "coordinates": [ [ [ [ -8048586.208599999547005, -4414983.4560999982059 ], [ -8048609.39949999935925, -4414979.72749999910593 ], [ -8048633.259800000116229, -4414952.20549999922514 ], [ -8048652.582000000402331, -4414925.181499999016523 ], [ -8048680.370799999684095, -4414921.583099998533726 ], [ -8048695.157999999821186, -4414889.417300000786781 ], [ -8048695.562999999150634, -4414875.016100000590086 ], [ -8048686.940600000321865, -4414851.586100000888109 ], [ -8048669.122500000521541, -4414827.895199999213219 ], [ -8048651.040400000289083, -4414813.596400000154972 ], [ -8048651.956000000238419, -4414781.037399999797344 ], [ -8048657.406500000506639, -4414753.620299998670816 ], [ -8048667.1305, -4414735.097199998795986 ], [ -8048667.904999999329448, -4414707.547600001096725 ], [ -8048654.033600000664592, -4414707.154100000858307 ], [ -8048625.9814, -4414720.144299998879433 ], [ -8048616.32039999961853, -4414733.655999999493361 ], [ -8048583.838700000196695, -4414737.747600000351667 ], [ -8048560.524900000542402, -4414745.858899999409914 ], [ -8048541.263000000268221, -4414773.510800000280142 ], [ -8048535.749099999666214, -4414805.9391999989748 ], [ -8048534.8333, -4414838.498100001364946 ], [ -8048538.532700000330806, -4414870.561500001698732 ], [ -8048542.461300000548363, -4414894.485199999064207 ], [ -8048560.032700000330806, -4414926.942400000989437 ], [ -8048568.51380000077188, -4414955.381900001317263 ], [ -8048586.208599999547005, -4414983.4560999982059 ] ] ] ] } },
{ "type": "Feature", "properties": { "objectid": 13812, "st_area_sh": 21330.270227100002, "st_length_": 600.80113817899996, "Nombre": null, "Tipo": "Lago", "objectid_2": 237, "shape_leng": 113221.95529699999, "dis_elec": 19, "cir_sena": 10, "cod_comuna": 16102, "codregion": 16, "st_area_sh_2": 665415455.99100006, "st_length__2": 141408.537771, "Region": "Región de Ñuble", "Comuna": "Bulnes", "Provincia": "Ñuble" }, "geometry": { "type": "MultiPolygon", "coordinates": [ [ [ [ -8036165.9583, -4416253.715199999511242 ], [ -8036192.300100000575185, -4416233.1858000010252 ], [ -8036209.830600000917912, -4416220.543200001120567 ], [ -8036231.885800000280142, -4416199.8871 ], [ -8036232.766200000420213, -4416169.831700000911951 ], [ -8036224.450500000268221, -4416160.812300000339746 ], [ -8036221.172900000587106, -4416126.24720000103116 ], [ -8036179.190600000321865, -4416094.9254 ], [ -8036149.315099999308586, -4416089.655799999833107 ], [ -8036110.403899999335408, -4416097.279399998486042 ], [ -8036067.541300000622869, -4416096.01240000128746 ], [ -8036037.537399999797344, -4416095.125500001013279 ], [ -8036032.627100000157952, -4416116.287799999117851 ], [ -8036027.71680000051856, -4416137.450199998915195 ], [ -8036027.074500000104308, -4416159.365499999374151 ], [ -8036056.82149999961257, -4416169.018699999898672 ], [ -8036069.313500000163913, -4416181.921799998730421 ], [ -8036115.948999999091029, -4416200.847800001502037 ], [ -8036137.123800000175834, -4416210.247499998658895 ], [ -8036140.864199999719858, -4416231.665699999779463 ], [ -8036165.9583, -4416253.715199999511242 ] ] ] ] } },
{ "type": "Feature", "properties": { "objectid": 13815, "st_area_sh": 25743.445645600001, "st_length_": 661.84479415500005, "Nombre": null, "Tipo": "Lago", "objectid_2": 237, "shape_leng": 113221.95529699999, "dis_elec": 19, "cir_sena": 10, "cod_comuna": 16102, "codregion": 16, "st_area_sh_2": 665415455.99100006, "st_length__2": 141408.537771, "Region": "Región de Ñuble", "Comuna": "Bulnes", "Provincia": "Ñuble" }, "geometry": { "type": "MultiPolygon", "coordinates": [ [ [ [ -8054154.093299999833107, -4416702.336399998515844 ], [ -8054193.161299999803305, -4416685.875500001013279 ], [ -8054214.838700000196695, -4416677.704599998891354 ], [ -8054236.619899999350309, -4416665.776200000196695 ], [ -8054254.572300000116229, -4416639.9527000002563 ], [ -8054268.263299999758601, -4416610.25 ], [ -8054277.788100000470877, -4416576.044300001114607 ], [ -8054279.32660000026226, -4416520.307100001722574 ], [ -8054280.6403, -4416472.711500000208616 ], [ -8054259.326199999079108, -4416467.730900000780821 ], [ -8054242.100199999287724, -4416467.251299999654293 ], [ -8054220.4233, -4416475.4221 ], [ -8054198.504100000485778, -4416492.360300000756979 ], [ -8054184.9342, -4416517.678800001740456 ], [ -8054184.467299999669194, -4416534.587699998170137 ], [ -8054140.697799999266863, -4416565.959300000220537 ], [ -8054119.011700000613928, -4416571.622600000351667 ], [ -8054105.320299999788404, -4416601.324999999254942 ], [ -8054104.369100000709295, -4416635.769499998539686 ], [ -8054125.277000000700355, -4416658.287999998778105 ], [ -8054142.304199999198318, -4416663.149599999189377 ], [ -8054154.093299999833107, -4416702.336399998515844 ] ] ] ] } },
{ "type": "Feature", "properties": { "objectid": 13818, "st_area_sh": 24936.0676824, "st_length_": 804.61811790199999, "Nombre": null, "Tipo": "Lago", "objectid_2": 237, "shape_leng": 113221.95529699999, "dis_elec": 19, "cir_sena": 10, "cod_comuna": 16102, "codregion": 16, "st_area_sh_2": 665415455.99100006, "st_length__2": 141408.537771, "Region": "Región de Ñuble", "Comuna": "Bulnes", "Provincia": "Ñuble" }, "geometry": { "type": "MultiPolygon", "coordinates": [ [ [ [ -8052928.667899999767542, -4417853.378100000321865 ], [ -8052941.83420000039041, -4417845.597800001502037 ], [ -8052968.288799999281764, -4417820.011500000953674 ], [ -8052973.653000000864267, -4417781.299199998378754 ], [ -8052983.061699999496341, -4417751.475400000810623 ], [ -8052992.939200000837445, -4417704.74100000038743 ], [ -8053002.469200000166893, -4417670.533100001513958 ], [ -8053016.5296, -4417627.67680000141263 ], [ -8053026.059499999508262, -4417593.469300001859665 ], [ -8053043.816800000146031, -4417572.027699999511242 ], [ -8053057.8597999997437, -4417529.798099998384714 ], [ -8053036.787399999797344, -4417516.046100001782179 ], [ -8053006.654100000858307, -4417519.591099999845028 ], [ -8052975.808900000527501, -4417548.814800001680851 ], [ -8052953.53830000013113, -4417578.278200000524521 ], [ -8052953.051899999380112, -4417595.815000001341105 ], [ -8052943.4002, -4417634.406800001859665 ], [ -8052921.190300000831485, -4417658.857700001448393 ], [ -8052916.763900000602007, -4417663.7483000010252 ], [ -8052911.051999999210238, -4417714.986699998378754 ], [ -8052897.112600000575185, -4417753.45890000090003 ], [ -8052895.670700000599027, -4417805.443900000303984 ], [ -8052903.064400000497699, -4417848.274099998176098 ], [ -8052928.667899999767542, -4417853.378100000321865 ] ] ] ] } },
{ "type": "Feature", "properties": { "objectid": 13782, "st_area_sh": 20315.013678800002, "st_length_": 697.64556748699999, "Nombre": null, "Tipo": "Lago", "objectid_2": 239, "shape_leng": 87876.099606000003, "dis_elec": 19, "cir_sena": 10, "cod_comuna": 16103, "codregion": 16, "st_area_sh_2": 410061182.27899998, "st_length__2": 110512.800189, "Region": "Región de Ñuble", "Comuna": "Chillán Viejo", "Provincia": "Ñuble" }, "geometry": { "type": "MultiPolygon", "coordinates": [ [ [ [ -8042990.96680000051856, -4400740.253600001335144 ], [ -8043017.006400000303984, -4400728.488200001418591 ], [ -8043034.753200000151992, -4400707.096700001507998 ], [ -8043065.401000000536442, -4400686.7027000002563 ], [ -8043074.211799999698997, -4400678.19539999961853 ], [ -8043079.4748, -4400643.927999999374151 ], [ -8043080.832699999213219, -4400596.406399998813868 ], [ -8043086.09569999948144, -4400562.139199998229742 ], [ -8043091.2335, -4400532.249000001698732 ], [ -8043096.371400000527501, -4400502.359000001102686 ], [ -8043084.030899999663234, -4400484.481100000441074 ], [ -8043071.190199999138713, -4400484.111000001430511 ], [ -8043040.0428, -4400522.01240000128746 ], [ -8043035.137000000104308, -4400543.773899998515844 ], [ -8043034.404400000348687, -4400569.410300001502037 ], [ -8043025.11119999922812, -4400594.800200000405312 ], [ -8043007.489499999210238, -4400611.814500000327826 ], [ -8042989.760800000280142, -4400632.580600000917912 ], [ -8042980.6996, -4400649.84180000051856 ], [ -8042963.578400000929832, -4400649.348099999129772 ], [ -8042946.4572, -4400648.854499999433756 ], [ -8042928.853199999779463, -4400665.243500001728535 ], [ -8042923.947300000116229, -4400687.005100000649691 ], [ -8042919.184299999848008, -4400703.764499999582767 ], [ -8042927.369400000199676, -4400717.142400000244379 ], [ -8042939.853000000119209, -4400730.018500000238419 ], [ -8042961.0044, -4400739.389699999243021 ], [ -8042990.96680000051856, -4400740.253600001335144 ] ] ] ] } },
{ "type": "Feature", "properties": { "objectid": 13781, "st_area_sh": 20633.2011757, "st_length_": 557.55637630800004, "Nombre": null, "Tipo": "Lago", "objectid_2": 238, "shape_leng": 208927.65128399999, "dis_elec": 19, "cir_sena": 10, "cod_comuna": 16101, "codregion": 16, "st_area_sh_2": 738215799.722, "st_length__2": 261251.23661200001, "Region": "Región de Ñuble", "Comuna": "Chillán", "Provincia": "Ñuble" }, "geometry": { "type": "MultiPolygon", "coordinates": [ [ [ [ -8056249.799799999222159, -4393891.274999998509884 ], [ -8056267.150900000706315, -4393882.997000001370907 ], [ -8056288.89949999935925, -4393870.462099999189377 ], [ -8056306.23340000025928, -4393862.809099998325109 ], [ -8056327.940199999138713, -4393854.651000000536442 ], [ -8056337.195800000801682, -4393829.2635000012815 ], [ -8056351.087799999862909, -4393790.869899999350309 ], [ -8056347.406899999827147, -4393768.878800000995398 ], [ -8056335.3918999992311, -4393738.527699999511242 ], [ -8056331.694199999794364, -4393717.161699999123812 ], [ -8056323.496600000187755, -4393703.802200000733137 ], [ -8056302.267899999395013, -4393694.46169999986887 ], [ -8056285.155999999493361, -4393693.99040000140667 ], [ -8056267.685799999162555, -4393706.642799999564886 ], [ -8056245.715800000354648, -4393727.301899999380112 ], [ -8056219.450500000268221, -4393748.467799998819828 ], [ -8056197.3607, -4393773.501400001347065 ], [ -8056188.027000000700355, -4393798.886500000953674 ], [ -8056204.738800000399351, -4393816.858800001442432 ], [ -8056221.49239999987185, -4393830.454300001263618 ], [ -8056225.428899999707937, -4393843.0713 ], [ -8056229.007099999114871, -4393868.812300000339746 ], [ -8056232.687599999830127, -4393890.80350000038743 ], [ -8056249.799799999222159, -4393891.274999998509884 ] ] ] ] } },
{ "type": "Feature", "properties": { "objectid": 13839, "st_area_sh": 10200.4569935, "st_length_": 437.07078281899999, "Nombre": "Laguna Trilaleo", "Tipo": "Laguna", "objectid_2": 257, "shape_leng": 209264.01318499999, "dis_elec": 19, "cir_sena": 10, "cod_comuna": 16109, "codregion": 16, "st_area_sh_2": 1298237405.3900001, "st_length__2": 262411.86356500001, "Region": "Región de Ñuble", "Comuna": "Yungay", "Provincia": "Ñuble" }, "geometry": { "type": "MultiPolygon", "coordinates": [ [ [ [ -7971442.166999999433756, -4440867.522599998861551 ], [ -7971455.360500000417233, -4440859.202599998563528 ], [ -7971456.274000000208616, -4440833.485500000417233 ], [ -7971448.621999999508262, -4440806.833599999547005 ], [ -7971440.94789999909699, -4440780.809000000357628 ], [ -7971433.273600000888109, -4440754.784299999475479 ], [ -7971412.740299999713898, -4440727.67119999974966 ], [ -7971395.854699999094009, -4440718.901599999517202 ], [ -7971374.385700000450015, -4440718.132399998605251 ], [ -7971360.356599999591708, -4440747.775499999523163 ], [ -7971351.768899999558926, -4440747.467700000852346 ], [ -7971334.14780000038445, -4440759.397100001573563 ], [ -7971324.4682, -4440789.824099998921156 ], [ -7971350.075200000777841, -4440795.138000000268221 ], [ -7971383.902300000190735, -4440813.307300001382828 ], [ -7971400.45380000025034, -4440831.485599998384714 ], [ -7971421.165500000119209, -4440853.5810999982059 ], [ -7971442.166999999433756, -4440867.522599998861551 ] ] ] ] } },
{ "type": "Feature", "properties": { "objectid": 13840, "st_area_sh": 194206.38707299999, "st_length_": 1840.5220560400001, "Nombre": "Laguna Danicalqui", "Tipo": "Laguna", "objectid_2": 257, "shape_leng": 209264.01318499999, "dis_elec": 19, "cir_sena": 10, "cod_comuna": 16109, "codregion": 16, "st_area_sh_2": 1298237405.3900001, "st_length__2": 262411.86356500001, "Region": "Región de Ñuble", "Comuna": "Yungay", "Provincia": "Ñuble" }, "geometry": { "type": "MultiPolygon", "coordinates": [ [ [ [ -7973425.538499999791384, -4441237.979400001466274 ], [ -7973451.746500000357628, -4441226.352099999785423 ], [ -7973470.607200000435114, -4441179.291000001132488 ], [ -7973503.25870000012219, -4441106.970899999141693 ], [ -7973508.926599999889731, -4441068.2331000007689 ], [ -7973523.703700000420213, -4441017.258699998259544 ], [ -7973525.387900000438094, -4440969.586399998515844 ], [ -7973527.22690000012517, -4440917.523499999195337 ], [ -7973515.773700000718236, -4440874.407999999821186 ], [ -7973495.367499999701977, -4440843.534600000828505 ], [ -7973478.812300000339746, -4440825.359299998730421 ], [ -7973462.10190000012517, -4440811.57490000128746 ], [ -7973428.19370000064373, -4440797.805700000375509 ], [ -7973406.879200000315905, -4440792.64979999884963 ], [ -7973380.727299999445677, -4440800.510400000959635 ], [ -7973359.412799999117851, -4440795.354299999773502 ], [ -7973338.408800000324845, -4440781.416700001806021 ], [ -7973317.094399999827147, -4440776.260600000619888 ], [ -7973290.865399999544024, -4440788.514499999582767 ], [ -7973264.658399999141693, -4440800.140999998897314 ], [ -7973247.692900000140071, -4440791.371599998325109 ], [ -7973213.341700000688434, -4440790.146699998527765 ], [ -7973165.199300000444055, -4440814.1798 ], [ -7973135.452299999073148, -4440804.326299998909235 ], [ -7973114.060000000521541, -4440799.166999999433756 ], [ -7973092.878799999132752, -4440790.246899999678135 ], [ -7973071.875099999830127, -4440776.308699999004602 ], [ -7973058.9934, -4440775.849300000816584 ], [ -7973045.512700000777841, -4440792.325500000268221 ], [ -7973023.732599999755621, -4440800.341099999845028 ], [ -7973010.85080000013113, -4440799.881499998271465 ], [ -7972967.212300000712276, -4440815.909699998795986 ], [ -7972949.725999999791384, -4440824.078499998897314 ], [ -7972936.089700000360608, -4440844.945500001311302 ], [ -7972944.078400000929832, -4440862.187800001353025 ], [ -7972969.686599999666214, -4440867.4978 ], [ -7972969.065400000661612, -4440885.061099998652935 ], [ -7972955.584300000220537, -4440901.537300001829863 ], [ -7972937.942500000819564, -4440914.096900001168251 ], [ -7972919.701400000602007, -4440943.592399999499321 ], [ -7972914.3421, -4440973.547800000756979 ], [ -7972917.570800000801682, -4441003.809500001370907 ], [ -7972921.087999999523163, -4441025.917100001126528 ], [ -7972967.722799999639392, -4441044.538800001144409 ], [ -7973006.136299999430776, -4441054.702300000935793 ], [ -7973057.509099999442697, -4441060.931499999016523 ], [ -7973087.256699999794364, -4441070.785500001162291 ], [ -7973121.2982, -4441080.792700000107288 ], [ -7973154.8191, -4441107.738699998706579 ], [ -7973184.123299999162555, -4441130.138000000268221 ], [ -7973247.913200000301003, -4441149.998500000685453 ], [ -7973290.177999999374151, -4441172.8597999997437 ], [ -7973315.188500000163913, -4441195.105700001120567 ], [ -7973349.0757, -4441209.503199998289347 ], [ -7973382.885700000450015, -4441228.294300001114607 ], [ -7973425.538499999791384, -4441237.979400001466274 ] ] ] ] } },
{ "type": "Feature", "properties": { "objectid": 13845, "st_area_sh": 158428.598034, "st_length_": 2179.5084263099998, "Nombre": null, "Tipo": "Lago", "objectid_2": 257, "shape_leng": 209264.01318499999, "dis_elec": 19, "cir_sena": 10, "cod_comuna": 16109, "codregion": 16, "st_area_sh_2": 1298237405.3900001, "st_length__2": 262411.86356500001, "Region": "Región de Ñuble", "Comuna": "Yungay", "Provincia": "Ñuble" }, "geometry": { "type": "MultiPolygon", "coordinates": [ [ [ [ -8019697.903999999165535, -4446427.381999999284744 ], [ -8019786.341900000348687, -4446415.692499998956919 ], [ -8019846.8827, -4446408.15819999948144 ], [ -8019893.416400000452995, -4446400.8141999989748 ], [ -8019930.982200000435114, -4446387.5337999984622 ], [ -8019968.158600000664592, -4446384.29619999974966 ], [ -8020089.006100000813603, -4446374.245200000703335 ], [ -8020112.856100000441074, -4446351.737700000405312 ], [ -8020164.680400000885129, -4446325.076099999248981 ], [ -8020192.499600000679493, -4446325.944600000977516 ], [ -8020225.123099999502301, -4446318.164799999445677 ], [ -8020253.38910000026226, -4446304.593100000172853 ], [ -8020271.909099999815226, -4446305.171100001782179 ], [ -8020308.657800000160933, -4446315.744699999690056 ], [ -8020331.575200000777841, -4446325.886399999260902 ], [ -8020387.562699999660254, -4446313.807900000363588 ], [ -8020448.898499999195337, -4446278.015000000596046 ], [ -8020463.526499999687076, -4446255.219300001859665 ], [ -8020478.426200000569224, -4446223.633699998259544 ], [ -8020493.716600000858307, -4446192.060600001364946 ], [ -8020461.925699999555945, -4446157.762200001627207 ], [ -8020411.559299999848008, -4446137.337999999523163 ], [ -8020360.901799999177456, -4446126.331000000238419 ], [ -8020305.478499999269843, -4446120.202500000596046 ], [ -8020254.8213, -4446109.195099998265505 ], [ -8020218.2094, -4446094.22690000012517 ], [ -8020190.390799999237061, -4446093.3585 ], [ -8020120.631100000813603, -4446100.606800001114607 ], [ -8020087.638399999588728, -4446117.800999999046326 ], [ -8020063.342000000178814, -4446154.747900001704693 ], [ -8020030.193499999120831, -4446176.964499998837709 ], [ -8020002.374800000339746, -4446176.095600001513958 ], [ -8019960.452500000596046, -4446183.583999998867512 ], [ -8019923.41300000064075, -4446182.42680000141263 ], [ -8019886.2179000005126, -4446186.291999999433756 ], [ -8019843.342000000178814, -4446222.029699999839067 ], [ -8019827.701199999079108, -4446277.471500001847744 ], [ -8019808.7533, -4446290.704999998211861 ], [ -8019748.135500000789762, -4446303.264199998229742 ], [ -8019740.1402000002563, -4446260.909000001847744 ], [ -8019717.165699999779463, -4446255.163199998438358 ], [ -8019698.353800000622869, -4446264.001600001007318 ], [ -8019693.023199999704957, -4446287.087000001221895 ], [ -8019664.484200000762939, -4446309.446899998933077 ], [ -8019644.4244, -4446340.870000001043081 ], [ -8019621.237500000745058, -4446359.626499999314547 ], [ -8019597.130899999290705, -4446365.156899999827147 ], [ -8019564.664899999275804, -4446390.535999998450279 ], [ -8019577.776000000536442, -4446414.1985 ], [ -8019619.05489999987185, -4446409.833700001239777 ], [ -8019649.825099999085069, -4446418.965599998831749 ], [ -8019697.903999999165535, -4446427.381999999284744 ] ] ] ] } },
{ "type": "Feature", "properties": { "objectid": 13846, "st_area_sh": 46347.863087999998, "st_length_": 1035.2577994599999, "Nombre": null, "Tipo": "Lago", "objectid_2": 257, "shape_leng": 209264.01318499999, "dis_elec": 19, "cir_sena": 10, "cod_comuna": 16109, "codregion": 16, "st_area_sh_2": 1298237405.3900001, "st_length__2": 262411.86356500001, "Region": "Región de Ñuble", "Comuna": "Yungay", "Provincia": "Ñuble" }, "geometry": { "type": "MultiPolygon", "coordinates": [ [ [ [ -8012097.551799999549985, -4448326.981699999421835 ], [ -8012117.880799999460578, -4448312.5471 ], [ -8012128.603000000119209, -4448287.748500000685453 ], [ -8012153.994999999180436, -4448269.0760000012815 ], [ -8012178.528999999165535, -4448279.917700000107288 ], [ -8012187.6776, -4448304.723700001835823 ], [ -8012217.294600000604987, -4448310.699400000274181 ], [ -8012242.387800000607967, -4448301.44539999961853 ], [ -8012257.932299999520183, -4448282.457699999213219 ], [ -8012273.418600000441074, -4448262.839600000530481 ], [ -8012274.055800000205636, -4448242.7467 ], [ -8012294.543600000441074, -4448223.288600001484156 ], [ -8012280.0132, -4448212.767299998551607 ], [ -8012270.864299999549985, -4448187.96169999986887 ], [ -8012246.171299999579787, -4448182.143500000238419 ], [ -8012221.55629999935627, -4448176.327799998223782 ], [ -8012156.843299999833107, -4448179.285999998450279 ], [ -8012101.516100000590086, -4448202.028599999845028 ], [ -8012076.803099999204278, -4448196.838100001215935 ], [ -8012062.113600000739098, -4448191.339699998497963 ], [ -8012052.666500000283122, -4448175.952399998903275 ], [ -8012033.294099999591708, -4448160.247499998658895 ], [ -8012008.441700000315905, -4448159.451999999582767 ], [ -8011988.910000000149012, -4448148.770300000905991 ], [ -8011943.966399999335408, -4448157.388099998235703 ], [ -8011917.688500000163913, -4448186.716600000858307 ], [ -8011897.369899999350309, -4448215.607299998402596 ], [ -8011900.936499999836087, -4448260.976500000804663 ], [ -8011919.690999999642372, -4448296.146800000220537 ], [ -8011959.073799999430776, -4448307.464400000870228 ], [ -8012008.860400000587106, -4448304.029800001531839 ], [ -8012028.870699999853969, -4448299.6418999992311 ], [ -8012043.5603, -4448305.140299998223782 ], [ -8012062.933000000193715, -4448320.845400001853704 ], [ -8012097.551799999549985, -4448326.981699999421835 ] ] ] ] } },
{ "type": "Feature", "properties": { "objectid": 13847, "st_area_sh": 83477.481297799997, "st_length_": 1253.1975934500001, "Nombre": null, "Tipo": "Lago", "objectid_2": 257, "shape_leng": 209264.01318499999, "dis_elec": 19, "cir_sena": 10, "cod_comuna": 16109, "codregion": 16, "st_area_sh_2": 1298237405.3900001, "st_length__2": 262411.86356500001, "Region": "Región de Ñuble", "Comuna": "Yungay", "Provincia": "Ñuble" }, "geometry": { "type": "MultiPolygon", "coordinates": [ [ [ [ -7969522.508199999108911, -4453635.320099998265505 ], [ -7969542.703099999576807, -4453620.2566 ], [ -7969572.011700000613928, -4453606.837999999523163 ], [ -7969582.857599999755621, -4453596.701200000941753 ], [ -7969588.9857, -4453571.918200001120567 ], [ -7969589.549900000914931, -4453556.14640000090003 ], [ -7969595.489800000563264, -4453536.620799999684095 ], [ -7969606.570599999278784, -4453519.912599999457598 ], [ -7969616.577600000426173, -4453496.58559999987483 ], [ -7969631.490199999883771, -4453482.647599998861551 ], [ -7969640.39159999974072, -4453380.321699999272823 ], [ -7969647.365399999544024, -4453331.881900001317263 ], [ -7969641.574200000613928, -4453310.617400001734495 ], [ -7969626.340199999511242, -4453296.90819999948144 ], [ -7969608.536000000312924, -4453281.790199998766184 ], [ -7969590.167600000277162, -4453282.443599998950958 ], [ -7969561.706199999898672, -4453272.204900000244379 ], [ -7969539.494899999350309, -4453260.031599998474121 ], [ -7969519.358799999579787, -4453283.83669999986887 ], [ -7969506.828600000590086, -4453304.440099999308586 ], [ -7969489.533800000324845, -4453311.711800001561642 ], [ -7969467.333399999886751, -4453309.594700001180172 ], [ -7969453.126299999654293, -4453303.818 ], [ -7969447.6645, -4453273.35359999909997 ], [ -7969431.96059999987483, -4453272.786899998784065 ], [ -7969422.376700000837445, -4453284.284699998795986 ], [ -7969416.436699999496341, -4453303.809799998998642 ], [ -7969401.47690000012517, -4453319.061599999666214 ], [ -7969368.336899999529123, -4453329.708999998867512 ], [ -7969347.304199999198318, -4453331.581700000911951 ], [ -7969335.290899999439716, -4453337.727899998426437 ], [ -7969333.323699999600649, -4453356.080600000917912 ], [ -7969335.14130000025034, -4453378.517900001257658 ], [ -7969326.630599999800324, -4453396.634300000965595 ], [ -7969311.764699999243021, -4453409.257500000298023 ], [ -7969295.543099999427795, -4453423.147700000554323 ], [ -7969292.07880000025034, -4453446.710299998521805 ], [ -7969299.084000000730157, -4453470.651099998503923 ], [ -7969325.210699999704957, -4453472.910399999469519 ], [ -7969331.04839999973774, -4453492.861099999397993 ], [ -7969348.476199999451637, -4453518.494199998676777 ], [ -7969370.159399999305606, -4453535.068900000303984 ], [ -7969400.306399999186397, -4453534.8412000015378 ], [ -7969404.561699999496341, -4453525.782800000160933 ], [ -7969420.501199999824166, -4453519.778099998831749 ], [ -7969436.902799999341369, -4453537.478100001811981 ], [ -7969444.0494, -4453557.475999999791384 ], [ -7969451.431199999526143, -4453570.90260000154376 ], [ -7969470.779500000178814, -4453579.496899999678135 ], [ -7969484.2346, -4453606.3026 ], [ -7969495.260600000619888, -4453627.756700001657009 ], [ -7969522.508199999108911, -4453635.320099998265505 ] ] ] ] } },
{ "type": "Feature", "properties": { "objectid": 13785, "st_area_sh": 1689792.51082, "st_length_": 11038.560576, "Nombre": "Laguna Avendano", "Tipo": "Laguna", "objectid_2": 249, "shape_leng": 130454.91353599999, "dis_elec": 19, "cir_sena": 10, "cod_comuna": 16107, "codregion": 16, "st_area_sh_2": 634914423.29100001, "st_length__2": 162621.76958200001, "Region": "Región de Ñuble", "Comuna": "Quillón", "Provincia": "Ñuble" }, "geometry": { "type": "MultiPolygon", "coordinates": [ [ [ [ -8063929.957599999383092, -4407363.374800000339746 ], [ -8063947.425799999386072, -4407351.320000000298023 ], [ -8063935.158600000664592, -4407329.072599999606609 ], [ -8063922.424499999731779, -4407324.346599999815226 ], [ -8063909.790400000289083, -4407315.8662 ], [ -8063918.708000000566244, -4407302.955400001257658 ], [ -8063932.24269999936223, -4407277.644499998539686 ], [ -8063963.0285, -4407248.413899999111891 ], [ -8063989.430500000715256, -4407222.822799999266863 ], [ -8064024.010600000619888, -4407214.985199999064207 ], [ -8064045.428600000217557, -4407215.5608000010252 ], [ -8064088.597899999469519, -4407204.196699999272823 ], [ -8064102.132200000807643, -4407178.88569999858737 ], [ -8064129.100400000810623, -4407132.0185999982059 ], [ -8064146.917899999767542, -4407106.822799999266863 ], [ -8064181.614099999889731, -4407094.604600001126528 ], [ -8064199.098200000822544, -4407081.923900000751019 ], [ -8064225.932600000873208, -4407040.062899999320507 ], [ -8064252.21680000051856, -4407018.851799998432398 ], [ -8064257.183399999514222, -4406993.311000000685453 ], [ -8064270.50029999949038, -4406976.135000001639128 ], [ -8064275.46680000051856, -4406950.594300001859665 ], [ -8064271.8662, -4406924.823699999600649 ], [ -8064246.748500000685453, -4406902.2324 ], [ -8064229.947799999266863, -4406889.257399998605251 ], [ -8064213.0471, -4406880.036800000816584 ], [ -8064179.229299999773502, -4406862.221400000154972 ], [ -8064162.6787, -4406839.860199999064207 ], [ -8064159.800499999895692, -4406784.052200000733137 ], [ -8064165.195000000298023, -4406745.373700000345707 ], [ -8064178.9616, -4406711.303399998694658 ], [ -8064218.778300000354648, -4406664.782999999821186 ], [ -8064232.544800000265241, -4406630.712999999523163 ], [ -8064241.677799999713898, -4406609.668299999088049 ], [ -8064251.2774, -4406571.103199999779463 ], [ -8064269.110300000756979, -4406545.282800000160933 ], [ -8064299.504499999806285, -4406533.575399998575449 ], [ -8064368.270899999886751, -4406526.655000001192093 ], [ -8064407.270400000736117, -4406510.795099999755621 ], [ -8064455.280500000342727, -4406481.401099998503923 ], [ -8064494.396199999377131, -4406461.160900000482798 ], [ -8064512.328199999406934, -4406431.585999999195337 ], [ -8064518.109300000593066, -4406375.386300001293421 ], [ -8064515.307, -4406319.582899998873472 ], [ -8064507.88880000077188, -4406276.178899999707937 ], [ -8064505.203099999576807, -4406215.995999999344349 ], [ -8064502.301100000739098, -4406163.947599999606609 ], [ -8064503.332900000736117, -4406125.153999999165535 ], [ -8064540.343699999153614, -4406022.833000000566244 ], [ -8064572.117000000551343, -4405959.192600000649691 ], [ -8064603.130100000649691, -4405921.20380000025034 ], [ -8064625.227399999275804, -4405896.124800000339746 ], [ -8064656.123700000345707, -4405862.515900000929832 ], [ -8064699.3037, -4405850.524700000882149 ], [ -8064718.109999999403954, -4405790.920200001448393 ], [ -8064762.4199, -4405736.382599998265505 ], [ -8064773.0472999997437, -4405659.028099998831749 ], [ -8064787.276000000536442, -4405607.441500000655651 ], [ -8064809.8377, -4405564.843899998813868 ], [ -8064880.386900000274181, -4405493.478799998760223 ], [ -8064916.361600000411272, -4405429.953099999576807 ], [ -8064947.820499999448657, -4405375.07209999859333 ], [ -8064996.72069999948144, -4405311.893100000917912 ], [ -8065062.690500000491738, -4405248.5449 ], [ -8065085.017899999395013, -4405214.70719999819994 ], [ -8065112.153999999165535, -4405164.093800000846386 ], [ -8065143.511399999260902, -4405112.967399999499321 ], [ -8065148.939500000327826, -4405069.912599999457598 ], [ -8065158.417899999767542, -4405035.731499999761581 ], [ -8065176.345599999651313, -4405006.159200001507998 ], [ -8065219.737299999222159, -4404986.033399999141693 ], [ -8065258.708200000226498, -4404973.928199999034405 ], [ -8065272.236600000411272, -4404948.6206 ], [ -8065281.94679999910295, -4404905.6809 ], [ -8065308.207000000402331, -4404885.096700001507998 ], [ -8065338.30210000090301, -4404881.519000001251698 ], [ -8065360.279400000348687, -4404860.820099998265505 ], [ -8065370.066999999806285, -4404817.8827 ], [ -8065384.407600000500679, -4404761.919700000435114 ], [ -8065385.767400000244379, -4404710.6184 ], [ -8065391.426400000229478, -4404658.806400001049042 ], [ -8065406.214299999177456, -4404585.952500000596046 ], [ -8065412.204800000414252, -4404521.628600001335144 ], [ -8065413.232799999415874, -4404482.840700000524521 ], [ -8065402.093000000342727, -4404418.05970000103116 ], [ -8065395.119699999690056, -4404357.772700000554323 ], [ -8065392.893300000578165, -4404280.083700001239777 ], [ -8065389.755000000819564, -4404236.802999999374151 ], [ -8065374.023, -4404180.665100000798702 ], [ -8065370.768799999728799, -4404141.763900000602007 ], [ -8065367.6305, -4404098.483800001442432 ], [ -8065360.209899999201298, -4404055.089400000870228 ], [ -8065356.6074, -4404029.325800001621246 ], [ -8065331.593100000172853, -4404002.989900000393391 ], [ -8065323.724899999797344, -4403976.486600000411272 ], [ -8065341.76630000025034, -4403942.53770000115037 ], [ -8065376.936899999156594, -4403909.046799998730421 ], [ -8065395.055800000205636, -4403875.10020000115037 ], [ -8065400.48200000077486, -4403832.05009999871254 ], [ -8065414.339999999850988, -4403794.2335 ], [ -8065440.845799999311566, -4403764.267499998211861 ], [ -8065471.617200000211596, -4403735.041299998760223 ], [ -8065472.644799999892712, -4403696.25620000064373 ], [ -8065465.3235, -4403649.109999999403954 ], [ -8065466.234999999403954, -4403614.704100001603365 ], [ -8065454.764000000432134, -4403562.439399998635054 ], [ -8065442.597100000828505, -4403536.448399998247623 ], [ -8065430.54619999974966, -4403506.078299999237061 ], [ -8065409.715700000524521, -4403483.6118 ], [ -8065388.79079999960959, -4403461.7685999982059 ], [ -8065367.960400000214577, -4403439.302000001072884 ], [ -8065360.075799999758601, -4403413.425599999725819 ], [ -8065352.42339999973774, -4403378.791499998420477 ], [ -8065340.256999999284744, -4403352.800700001418591 ], [ -8065315.144799999892712, -4403330.219799999147654 ], [ -8065294.414200000464916, -4403304.000100001692772 ], [ -8065282.131899999454618, -4403282.3882 ], [ -8065257.157700000330806, -4403251.673300001770258 ], [ -8065223.24970000050962, -4403237.620799999684095 ], [ -8065197.789799999445677, -4403228.176100000739098 ], [ -8065167.699400000274181, -4403231.752999998629093 ], [ -8065145.862999999895692, -4403244.314500000327826 ], [ -8065119.258199999108911, -4403278.031700000166893 ], [ -8065088.487299999222159, -4403307.25560000166297 ], [ -8065053.317900000140071, -4403340.743700001388788 ], [ -8065026.480200000107288, -4403383.218699999153614 ], [ -8064999.796900000423193, -4403416.933800000697374 ], [ -8064985.008300000801682, -4403489.779100000858307 ], [ -8064978.783700000494719, -4403562.854299999773502 ], [ -8064969.189999999478459, -4403601.409400001168251 ], [ -8064950.018999999389052, -4403677.89469999819994 ], [ -8064926.781300000846386, -4403746.133499998599291 ], [ -8064921.569299999624491, -4403781.050500001758337 ], [ -8064902.39750000089407, -4403857.536899998784065 ], [ -8064892.221899999305606, -4403917.988099999725819 ], [ -8064886.345100000500679, -4403977.928899999707937 ], [ -8064880.584599999710917, -4404033.490800000727177 ], [ -8064857.832599999383092, -4404080.459600001573563 ], [ -8064848.470499999821186, -4404110.258299998939037 ], [ -8064842.3608, -4404178.958200000226498 ], [ -8064840.184499999508262, -4404260.910900000482798 ], [ -8064825.742200000211596, -4404320.624000001698732 ], [ -8064816.263399999588728, -4404354.8026 ], [ -8064801.588300000876188, -4404423.274599999189377 ], [ -8064782.514000000432134, -4404496.011700000613928 ], [ -8064777.08500000089407, -4404539.063900001347065 ], [ -8064740.880000000819564, -4404611.342500001192093 ], [ -8064740.314899999648333, -4404632.613600000739098 ], [ -8064730.64130000025034, -4404671.170099999755621 ], [ -8064716.979100000113249, -4404701.481100000441074 ], [ -8064707.167099999263883, -4404748.1732 ], [ -8064706.136600000783801, -4404786.961899999529123 ], [ -8064700.823200000450015, -4404825.636 ], [ -8064687.410000000149012, -4404846.563000001013279 ], [ -8064652.450300000607967, -4404871.920899998396635 ], [ -8064643.086899999529123, -4404901.721500001847744 ], [ -8064633.49070000089705, -4404940.281199999153614 ], [ -8064624.010700000450015, -4404974.461399998515844 ], [ -8064614.646999999880791, -4405004.262299999594688 ], [ -8064613.383199999108911, -4405051.8108000010252 ], [ -8064595.004899999126792, -4405098.274599999189377 ], [ -8064586.012199999764562, -4405111.18129999935627 ], [ -8064553.970300000160933, -4405187.957400001585484 ], [ -8064538.609999999403954, -4405282.085999999195337 ], [ -8064536.779999999329448, -4405350.907999999821186 ], [ -8064513.419199999421835, -4405423.535799998790026 ], [ -8064482.973200000822544, -4405440.25 ], [ -8064481.841700000688434, -4405482.795099999755621 ], [ -8064480.9265, -4405517.206700000911951 ], [ -8064475.495400000363588, -4405560.262899998575449 ], [ -8064470.064300000667572, -4405603.319200001657009 ], [ -8064456.183599999174476, -4405641.766100000590086 ], [ -8064433.659, -4405679.981300000101328 ], [ -8064411.678099999204278, -4405700.679699998348951 ], [ -8064368.149000000208616, -4405725.808699999004602 ], [ -8064324.636299999430776, -4405750.311999998986721 ], [ -8064297.028599999845028, -4405818.445099998265505 ], [ -8064283.030600000172853, -4405861.272300001233816 ], [ -8064268.8158, -4405912.233600001782179 ], [ -8064228.552400000393391, -4405975.64469999819994 ], [ -8064180.094399999827147, -4406021.930100001394749 ], [ -8064110.764599999412894, -4406050.1228 ], [ -8064071.416400000452995, -4406079.1206 ], [ -8064040.656500000506639, -4406104.592199999839067 ], [ -8064001.991599999368191, -4406107.936200000345707 ], [ -8063975.72580000013113, -4406128.519299998879433 ], [ -8063940.193399999290705, -4406175.151599999517202 ], [ -8063900.432900000363588, -4406216.661100000143051 ], [ -8063869.98369999974966, -4406233.374699998646975 ], [ -8063840.001299999654293, -4406232.568500000983477 ], [ -8063792.007500000298023, -4406261.333200000226498 ], [ -8063757.741800000891089, -4406260.411699999123812 ], [ -8063715.026699999347329, -4406254.879599999636412 ], [ -8063688.860200000926852, -4406271.708000000566244 ], [ -8063645.733200000599027, -4406278.687699999660254 ], [ -8063610.7665, -4406304.045299999415874 ], [ -8063601.398700000718236, -4406333.848799999803305 ], [ -8063613.79759999923408, -4406351.088799998164177 ], [ -8063656.396299999207258, -4406361.001299999654293 ], [ -8063695.1402000002563, -4406357.660599999129772 ], [ -8063725.339800000190735, -4406350.332899998873472 ], [ -8063768.405799999833107, -4406342.725099999457598 ], [ -8063807.032800000160933, -4406343.763999998569489 ], [ -8063827.99860000051558, -4406361.234099999070168 ], [ -8063848.614199999719858, -4406391.844200000166893 ], [ -8063882.413200000301003, -4406410.285500001162291 ], [ -8063920.923800000920892, -4406415.704 ], [ -8063951.590299999341369, -4406390.855700001120567 ], [ -8063965.023700000718236, -4406369.300999999046326 ], [ -8064004.489800000563264, -4406335.922899998724461 ], [ -8064030.53940000012517, -4406323.473700001835823 ], [ -8064044.072499999776483, -4406298.164900001138449 ], [ -8064078.749600000679493, -4406286.5735 ], [ -8064117.531899999827147, -4406278.84910000115633 ], [ -8064160.480699999257922, -4406275.619699999690056 ], [ -8064190.54109999909997, -4406276.427000001072884 ], [ -8064241.373500000685453, -4406299.081500001251698 ], [ -8064266.606599999591708, -4406317.291400000452995 ], [ -8064274.606699999421835, -4406338.7956000007689 ], [ -8064256.441099999472499, -4406377.129900000989437 ], [ -8064234.225099999457598, -4406406.589099999517202 ], [ -8064212.342299999669194, -4406423.534099999815226 ], [ -8064181.559599999338388, -4406452.763300001621246 ], [ -8064163.198899999260902, -4406495.47580000013113 ], [ -8064153.599199999123812, -4406534.040399998426437 ], [ -8064127.099199999123812, -4406563.3849 ], [ -8064109.282700000330806, -4406588.579300001263618 ], [ -8064082.199200000613928, -4406639.824299998581409 ], [ -8064072.598999999463558, -4406678.389400001615286 ], [ -8064062.665400000289083, -4406729.469300001859665 ], [ -8064052.831700000911951, -4406776.795000001788139 ], [ -8064051.464700000360608, -4406828.105599999427795 ], [ -8064054.93129999935627, -4406858.882100000977516 ], [ -8064080.181900000199676, -4406876.467700000852346 ], [ -8064126.950099999085069, -4406890.874200001358986 ], [ -8064156.717700000852346, -4406899.814399998635054 ], [ -8064169.062699999660254, -4406922.062800001353025 ], [ -8064167.229599999263883, -4406990.894999999552965 ], [ -8064110.199400000274181, -4407036.954100001603365 ], [ -8064092.048499999567866, -4407074.664599999785423 ], [ -8064074.097500000149012, -4407104.866300001740456 ], [ -8064051.646199999377131, -4407143.087699998170137 ], [ -8064037.878499999642372, -4407177.159099999815226 ], [ -8064011.765699999406934, -4407188.981499999761581 ], [ -8063981.5471, -4407196.936200000345707 ], [ -8063938.144099999219179, -4407217.060499999672174 ], [ -8063920.659499999135733, -4407229.740899998694658 ], [ -8063894.040500000119209, -4407263.466899998486042 ], [ -8063875.5603, -4407310.562300000339746 ], [ -8063887.72719999961555, -4407336.564300000667572 ], [ -8063908.656199999153614, -4407358.418499998748302 ], [ -8063929.957599999383092, -4407363.374800000339746 ] ] ] ] } },
{ "type": "Feature", "properties": { "objectid": 13828, "st_area_sh": 2760642.35378, "st_length_": 10376.326259900001, "Nombre": "Laguna Los Litres", "Tipo": "Laguna", "objectid_2": 249, "shape_leng": 130454.91353599999, "dis_elec": 19, "cir_sena": 10, "cod_comuna": 16107, "codregion": 16, "st_area_sh_2": 634914423.29100001, "st_length__2": 162621.76958200001, "Region": "Región de Ñuble", "Comuna": "Quillón", "Provincia": "Ñuble" }, "geometry": { "type": "MultiPolygon", "coordinates": [ [ [ [ -8063617.866399999707937, -4430905.894900001585484 ], [ -8063610.321900000795722, -4430866.7804000005126 ], [ -8063620.302500000223517, -4430814.960299998521805 ], [ -8063647.102399999275804, -4430776.774000000208616 ], [ -8063699.855799999088049, -4430734.895899999886751 ], [ -8063743.928099999204278, -4430693.410799998790026 ], [ -8063788.251800000667572, -4430642.518699999898672 ], [ -8063806.917899999767542, -4430587.168499998748302 ], [ -8063816.6228, -4430548.521099999547005 ], [ -8063835.523600000888109, -4430484.391800001263618 ], [ -8063836.7993, -4430436.731199998408556 ], [ -8063842.01549999974668, -4430402.355900000780821 ], [ -8063835.511199999600649, -4430324.362799998372793 ], [ -8063837.240000000223517, -4430259.771099999547005 ], [ -8063838.515599999576807, -4430212.1114999987185 ], [ -8063835.83420000039041, -4430151.794199999421835 ], [ -8063837.227399999275804, -4430099.74549999833107 ], [ -8063835.5866, -4430000.549400001764297 ], [ -8063836.862099999561906, -4429952.890900000929832 ], [ -8063833.710799999535084, -4429910.133400000631809 ], [ -8063830.811200000345707, -4429857.969999998807907 ], [ -8063810.545299999415874, -4429809.730599999427795 ], [ -8063798.590600000694394, -4429774.893800001591444 ], [ -8063773.170399999246001, -4429761.657000001519918 ], [ -8063739.181900000199676, -4429747.561200000345707 ], [ -8063713.879499999806285, -4429729.93470000103116 ], [ -8063701.746300000697374, -4429698.858300000429153 ], [ -8063693.9671, -4429668.527300000190735 ], [ -8063690.933800000697374, -4429621.381499998271465 ], [ -8063722.570900000631809, -4429565.759399998933077 ], [ -8063758.069700000807643, -4429523.419700000435114 ], [ -8063781.143799999728799, -4429463.80180000141263 ], [ -8063800.1601, -4429395.28940000012517 ], [ -8063826.83809999935329, -4429361.496899999678135 ], [ -8063858.003799999132752, -4429323.433200001716614 ], [ -8063885.956499999389052, -4429241.985399998724461 ], [ -8063916.808800000697374, -4429212.69819999858737 ], [ -8063939.528999999165535, -4429166.249299999326468 ], [ -8063944.526000000536442, -4429140.029599998146296 ], [ -8063966.558199999853969, -4429119.289500001817942 ], [ -8063984.392799999564886, -4429097.808600001037121 ], [ -8063994.117900000885129, -4429055.401900000870228 ], [ -8064012.327099999412894, -4429016.989100001752377 ], [ -8064048.392899999395013, -4428953.331399999558926 ], [ -8064070.893999999389052, -4428915.034699998795986 ], [ -8064072.520300000905991, -4428854.213500000536442 ], [ -8064064.740399999544024, -4428823.885099999606609 ], [ -8064039.556900000199676, -4428801.871899999678135 ], [ -8063996.986500000581145, -4428787.546700000762939 ], [ -8063936.347300000488758, -4428803.479899998754263 ], [ -8063909.45299999974668, -4428845.422200001776218 ], [ -8063839.658399999141693, -4428882.44200000166893 ], [ -8063809.612400000914931, -4428881.631000000983477 ], [ -8063784.0768, -4428872.784499999135733 ], [ -8063741.389000000432134, -4428862.847300000488758 ], [ -8063693.978399999439716, -4428865.959399998188019 ], [ -8063668.107300000265241, -4428869.653099998831749 ], [ -8063621.0099, -4428863.988699998706579 ], [ -8063608.60329999960959, -4428846.084399998188019 ], [ -8063591.92710000090301, -4428824.299800001084805 ], [ -8063588.105100000277162, -4428806.627399999648333 ], [ -8063571.389499999582767, -4428789.234200000762939 ], [ -8063554.455700000748038, -4428779.99210000038147 ], [ -8063528.9375, -4428770.518100000917912 ], [ -8063499.227800000458956, -4428757.166000001132488 ], [ -8063469.457000000402331, -4428743.184599999338388 ], [ -8063452.977, -4428717.0132 ], [ -8063437.085100000724196, -4428668.896600000560284 ], [ -8063404.024700000882149, -4428620.315999999642372 ], [ -8063380.456299999728799, -4428538.1096 ], [ -8063368.504200000315905, -4428503.276599999517202 ], [ -8063343.379300000146031, -4428476.24439999833703 ], [ -8063322.137399999424815, -4428467.513300001621246 ], [ -8063306.246300000697374, -4428419.39750000089407 ], [ -8063294.529899999499321, -4428375.786899998784065 ], [ -8063264.821699999272823, -4428362.434799998998642 ], [ -8063239.540100000798702, -4428344.182700000703335 ], [ -8063200.833599999547005, -4428343.135800000280142 ], [ -8063188.411499999463558, -4428325.858800001442432 ], [ -8063181.105399999767542, -4428277.975699998438358 ], [ -8063181.693900000303984, -4428256.031399998813868 ], [ -8063178.7807, -4428204.502900000661612 ], [ -8063175.884400000795722, -4428152.347699999809265 ], [ -8063172.517200000584126, -4428117.747999999672174 ], [ -8063156.038899999111891, -4428091.577599998563528 ], [ -8063139.560499999672174, -4428065.407400000840425 ], [ -8063127.391100000590086, -4428038.726300001144409 ], [ -8063119.732100000604987, -4428004.010800000280142 ], [ -8063120.53940000012517, -4427973.916400000452995 ], [ -8063112.998299999162555, -4427934.812399998307228 ], [ -8063100.616499999538064, -4427913.145300000905991 ], [ -8063083.684499999508262, -4427903.903200000524521 ], [ -8063070.926599999889731, -4427899.166200000792742 ], [ -8063040.176999999210238, -4427924.685600001364946 ], [ -8063009.32630000077188, -4427953.966699998825788 ], [ -8062995.643100000917912, -4427983.712499998509884 ], [ -8062986.133899999782443, -4428017.963199999183416 ], [ -8062976.66440000012517, -4428047.823300000280142 ], [ -8062949.987299999222159, -4428081.609400000423193 ], [ -8062932.230599999427795, -4428103.088700000196695 ], [ -8062874.93720000050962, -4428157.378499999642372 ], [ -8062809.200200000777841, -4428203.283100001513958 ], [ -8062731.018200000748038, -4428235.674100000411272 ], [ -8062713.772299999371171, -4428235.206700000911951 ], [ -8062675.026399999856949, -4428238.548900000751019 ], [ -8062648.246799999848008, -4428276.096799999475479 ], [ -8062643.129300000146031, -4428306.702599998563528 ], [ -8062667.83699999935925, -4428346.273600000888109 ], [ -8062680.376199999824166, -4428359.162099998444319 ], [ -8062675.27559999935329, -4428389.141199998557568 ], [ -8062665.765000000596046, -4428423.392900001257658 ], [ -8062652.181199999526143, -4428449.377599999308586 ], [ -8062650.917700000107288, -4428496.401999998837709 ], [ -8062667.496500000357628, -4428518.811999998986721 ], [ -8062684.0921, -4428540.595199998468161 ], [ -8062718.035399999469519, -4428559.083599999547005 ], [ -8062782.080399999395013, -4428573.367899999022484 ], [ -8062794.956900000572205, -4428573.716699998825788 ], [ -8062850.479100000113249, -4428588.397100001573563 ], [ -8062888.418099999427795, -4428615.150400001555681 ], [ -8062909.188699999824166, -4428641.4386 ], [ -8062946.539000000804663, -4428690.136900000274181 ], [ -8062967.034499999135733, -4428729.594500001519918 ], [ -8062965.536599999293685, -4428785.398400001227856 ], [ -8062963.214099999517202, -4428871.926399998366833 ], [ -8062953.979299999773502, -4428893.010400000959635 ], [ -8062923.58, -4428905.36430000141263 ], [ -8062884.713899999856949, -4428913.096400000154972 ], [ -8062850.039000000804663, -4428924.706900000572205 ], [ -8062828.223899999633431, -4428937.293000001460314 ], [ -8062801.466, -4428971.0793999992311 ], [ -8062787.427200000733137, -4429013.995099999010563 ], [ -8062786.04619999974966, -4429065.411299999803305 ], [ -8062784.176599999889731, -4429135.011500000953674 ], [ -8062775.370400000363588, -4429302.940900001674891 ], [ -8062756.920499999076128, -4429350.131000000983477 ], [ -8062747.190199999138713, -4429392.537399999797344 ], [ -8062728.621999999508262, -4429444.11710000038147 ], [ -8062705.30629999935627, -4429512.511100001633167 ], [ -8062670.0793999992311, -4429541.676899999380112 ], [ -8062648.144899999722838, -4429558.65260000154376 ], [ -8062621.580800000578165, -4429588.053199999034405 ], [ -8062604.073699999600649, -4429600.128800000995398 ], [ -8062569.733300000429153, -4429599.197700001299381 ], [ -8062543.7820999994874, -4429602.886599998921156 ], [ -8062508.851700000464916, -4429623.902399998158216 ], [ -8062482.641100000590086, -4429640.134500000625849 ], [ -8062447.946599999442697, -4429652.371300000697374 ], [ -8062353.095000000670552, -4429662.348299998790026 ], [ -8062323.0471, -4429661.532800000160933 ], [ -8062297.39299999922514, -4429657.071400001645088 ], [ -8062271.79590000025928, -4429647.591499999165535 ], [ -8062211.582100000232458, -4429650.349500000476837 ], [ -8062159.7741, -4429657.100600000470877 ], [ -8062120.786699999123812, -4429669.219700001180172 ], [ -8062085.872199999168515, -4429689.607200000435114 ], [ -8062050.4846, -4429727.552200000733137 ], [ -8062006.551899999380112, -4429760.872499998658895 ], [ -8061949.582599999383092, -4429802.623700000345707 ], [ -8061944.479000000283122, -4429832.606300000101328 ], [ -8061973.817800000309944, -4429859.759700000286102 ], [ -8061995.061300000175834, -4429868.494699999690056 ], [ -8062011.8772, -4429882.129700001329184 ], [ -8062028.652899999171495, -4429900.156500000506639 ], [ -8062062.419700000435114, -4429922.40989999845624 ], [ -8062118.106100000441074, -4429928.315000001341105 ], [ -8062186.9847, -4429925.79280000180006 ], [ -8062225.2642, -4429940.010400000959635 ], [ -8062250.446399999782443, -4429962.030200000852346 ], [ -8062271.217800000682473, -4429988.322999998927116 ], [ -8062322.335699999704957, -4430007.281500000506639 ], [ -8062382.315199999138713, -4430013.301899999380112 ], [ -8062425.438400000333786, -4430010.079100001603365 ], [ -8062473.34940000064671, -4429985.649900000542402 ], [ -8062533.565099999308586, -4429982.890299998223782 ], [ -8062583.655099999159575, -4430040.099500000476837 ], [ -8062616.378599999472499, -4430101.230799999088049 ], [ -8062597.808399999514222, -4430152.8136 ], [ -8062584.120899999514222, -4430182.564800001680851 ], [ -8062553.498299999162555, -4430203.071100000292063 ], [ -8062527.5456000007689, -4430206.760200001299381 ], [ -8062510.020300000905991, -4430219.463300000876188 ], [ -8062508.856799999251962, -4430262.732900001108646 ], [ -8062537.820900000631809, -4430306.819699998944998 ], [ -8062562.886600000783801, -4430333.229299999773502 ], [ -8062588.306399999186397, -4430346.469799999147654 ], [ -8062609.180600000545382, -4430369.000399999320507 ], [ -8062643.068299999460578, -4430386.863299999386072 ], [ -8062672.269400000572205, -4430422.170800000429153 ], [ -8062701.156600000336766, -4430466.255800001323223 ], [ -8062726.441999999806285, -4430484.513000000268221 ], [ -8062764.741100000217557, -4430498.102299999445677 ], [ -8062794.63370000012219, -4430507.698300000280142 ], [ -8062818.773900000378489, -4430568.599199999123812 ], [ -8062830.608200000599027, -4430607.829300001263618 ], [ -8062868.318399999290705, -4430643.367600001394749 ], [ -8062893.958200000226498, -4430648.455299999564886 ], [ -8062923.851299999281764, -4430658.050999999046326 ], [ -8062962.488099999725819, -4430659.09739999845624 ], [ -8063005.872400000691414, -4430643.3277000002563 ], [ -8063075.681600000709295, -4430606.3081 ], [ -8063098.4254, -4430559.228300001472235 ], [ -8063099.233300000429153, -4430529.1266999989748 ], [ -8063113.391000000759959, -4430481.814800001680851 ], [ -8063114.552300000563264, -4430438.544100001454353 ], [ -8063136.5888, -4430417.80350000038743 ], [ -8063167.211100000888109, -4430397.295000001788139 ], [ -8063222.9956, -4430402.569899998605251 ], [ -8063268.938999999314547, -4430451.5077 ], [ -8063317.756999999284744, -4430556.377099998295307 ], [ -8063334.1217, -4430586.94310000166297 ], [ -8063363.012199999764562, -4430631.027100000530481 ], [ -8063400.606499999761581, -4430670.953600000590086 ], [ -8063412.207800000905991, -4430718.963300000876188 ], [ -8063415.004499999806285, -4430774.893800001591444 ], [ -8063430.741699999198318, -4430831.802099999040365 ], [ -8063446.888499999418855, -4430870.521499998867512 ], [ -8063458.82630000077188, -4430905.989399999380112 ], [ -8063462.430299999192357, -4430931.818199999630451 ], [ -8063469.402599999681115, -4430992.255899999290705 ], [ -8063480.550599999725819, -4431057.199999999254942 ], [ -8063488.212400000542402, -4431091.925200000405312 ], [ -8063500.049799999222159, -4431131.156700000166893 ], [ -8063529.295299999415874, -4431162.0724 ], [ -8063559.3081, -4431167.276799999177456 ], [ -8063602.475299999117851, -4431159.657000001519918 ], [ -8063625.083699999377131, -4431117.590700000524521 ], [ -8063647.255300000309944, -4431091.830299999564886 ], [ -8063678.074300000444055, -4431066.93129999935627 ], [ -8063692.230399999767542, -4431019.616099998354912 ], [ -8063688.508400000631809, -4430998.177299998700619 ], [ -8063654.89159999974072, -4430967.144299998879433 ], [ -8063629.821699999272823, -4430940.735599998384714 ], [ -8063617.866399999707937, -4430905.894900001585484 ] ] ] ] } },
{ "type": "Feature", "properties": { "objectid": 13743, "st_area_sh": 58740.457809799998, "st_length_": 1583.6469045, "Nombre": null, "Tipo": "Lago", "objectid_2": 252, "shape_leng": 211209.70443400001, "dis_elec": 19, "cir_sena": 10, "cod_comuna": 16301, "codregion": 16, "st_area_sh_2": 1354151504.7, "st_length__2": 261074.44954199999, "Region": "Región de Ñuble", "Comuna": "San Carlos", "Provincia": "Punilla" }, "geometry": { "type": "MultiPolygon", "coordinates": [ [ [ [ -8007473.403300000354648, -4358433.870099999010563 ], [ -8007487.823599999770522, -4358427.195500001311302 ], [ -8007520.626599999144673, -4358420.688499998301268 ], [ -8007564.927400000393391, -4358407.413199998438358 ], [ -8007629.406099999323487, -4358403.596599999815226 ], [ -8007638.545099999755621, -4358392.136 ], [ -8007648.241499999538064, -4358363.0647 ], [ -8007671.620699999853969, -4358363.811200000345707 ], [ -8007694.163599999621511, -4358390.974300000816584 ], [ -8007717.449799999594688, -4358394.655999999493361 ], [ -8007732.247700000181794, -4358389.252300001680851 ], [ -8007735.727600000798702, -4358371.734700001776218 ], [ -8007727.6107, -4358350.9087999984622 ], [ -8007708.268999999389052, -4358315.033900000154972 ], [ -8007700.709799999371171, -4358276.597300000488758 ], [ -8007698.5307, -4358253.022999998182058 ], [ -8007687.3059, -4358237.974199999123812 ], [ -8007661.097500000149012, -4358234.199099998921156 ], [ -8007621.712999999523163, -4358277.01240000128746 ], [ -8007562.9868, -4358283.9507 ], [ -8007481.3465, -4358275.4662000015378 ], [ -8007437.13910000026226, -4358285.805799998342991 ], [ -8007401.233799999579787, -4358311.101100001484156 ], [ -8007375.025499999523163, -4358307.325199998915195 ], [ -8007352.29759999923408, -4358286.0320999994874 ], [ -8007326.36849999986589, -4358273.450899999588728 ], [ -8007296.865800000727177, -4358281.322000000625849 ], [ -8007272.649599999189377, -4358306.990499999374151 ], [ -8007251.169700000435114, -4358338.6228 ], [ -8007232.611999999731779, -4358370.348600000143051 ], [ -8007211.689999999478459, -4358384.370000001043081 ], [ -8007192.163899999111891, -4358354.364500001072884 ], [ -8007199.032299999147654, -4358322.265000000596046 ], [ -8007181.312000000849366, -4358327.574499998241663 ], [ -8007168.877900000661612, -4358350.681600000709295 ], [ -8007170.497400000691414, -4358391.866900000721216 ], [ -8007178.24100000038743, -4358424.434000000357628 ], [ -8007201.340900000184774, -4358433.987100001424551 ], [ -8007233.67339999973774, -4358429.144900001585484 ], [ -8007284.377599999308586, -4358398.446800000965595 ], [ -8007308.779899999499321, -4358366.907699998468161 ], [ -8007338.468900000676513, -4358353.166299998760223 ], [ -8007382.39750000089407, -4358351.632399998605251 ], [ -8007396.544399999082088, -4358366.775199998170137 ], [ -8007410.133400000631809, -4358399.528799999505281 ], [ -8007438.7994, -4358418.073699999600649 ], [ -8007473.403300000354648, -4358433.870099999010563 ] ] ] ] } },
{ "type": "Feature", "properties": { "objectid": 13747, "st_area_sh": 57094.959486100001, "st_length_": 1113.9023351000001, "Nombre": null, "Tipo": "Lago", "objectid_2": 252, "shape_leng": 211209.70443400001, "dis_elec": 19, "cir_sena": 10, "cod_comuna": 16301, "codregion": 16, "st_area_sh_2": 1354151504.7, "st_length__2": 261074.44954199999, "Region": "Región de Ñuble", "Comuna": "San Carlos", "Provincia": "Punilla" }, "geometry": { "type": "MultiPolygon", "coordinates": [ [ [ [ -8016621.488500000908971, -4365332.716600000858307 ], [ -8016650.462999999523163, -4365327.350400000810623 ], [ -8016680.398199999704957, -4365328.282299999147654 ], [ -8016710.505799999460578, -4365321.111200001090765 ], [ -8016736.232599999755621, -4365317.545800000429153 ], [ -8016754.351600000634789, -4365283.80519999936223 ], [ -8016772.355000000447035, -4365253.803199999034405 ], [ -8016804.53999999910593, -4365266.382800001651049 ], [ -8016845.799799999222159, -4365257.376400001347065 ], [ -8016871.189099999144673, -4365235.6721 ], [ -8016897.300000000745058, -4365219.644000001251698 ], [ -8016966.69539999961853, -4365213.116500001400709 ], [ -8017001.765100000426173, -4365183.336800001561642 ], [ -8017020.092000000178814, -4365142.746500000357628 ], [ -8017014.852900000289083, -4365091.133299998939037 ], [ -8016988.086300000548363, -4365073.15089999884367 ], [ -8016943.626700000837445, -4365075.19819999858737 ], [ -8016910.077299999073148, -4365082.201200000941753 ], [ -8016889.135099999606609, -4365069.0757 ], [ -8016867.943299999460578, -4365064.0504 ], [ -8016833.821000000461936, -4365062.988899998366833 ], [ -8016811.975700000301003, -4365079.14919999986887 ], [ -8016802.253499999642372, -4365117.516600001603365 ], [ -8016780.31110000051558, -4365134.297800000756979 ], [ -8016728.60840000025928, -4365149.528900001198053 ], [ -8016715.543299999088049, -4365157.854200001806021 ], [ -8016685.147600000724196, -4365174.372000001370907 ], [ -8016645.374600000679493, -4365215.546399999409914 ], [ -8016618.186300000175834, -4365266.468499999493361 ], [ -8016621.488500000908971, -4365332.716600000858307 ] ] ] ] } },
{ "type": "Feature", "properties": { "objectid": 13748, "st_area_sh": 33519.21316140001, "st_length_": 812.45162883800003, "Nombre": null, "Tipo": "Lago", "objectid_2": 252, "shape_leng": 211209.70443400001, "dis_elec": 19, "cir_sena": 10, "cod_comuna": 16301, "codregion": 16, "st_area_sh_2": 1354151504.7, "st_length__2": 261074.44954199999, "Region": "Región de Ñuble", "Comuna": "San Carlos", "Provincia": "Punilla" }, "geometry": { "type": "MultiPolygon", "coordinates": [ [ [ [ -8018217.163699999451637, -4365529.773499999195337 ], [ -8018255.958799999207258, -4365489.813900001347065 ], [ -8018267.773700000718236, -4365438.727899998426437 ], [ -8018272.55379999987781, -4365394.284499999135733 ], [ -8018221.795199999585748, -4365378.991399999707937 ], [ -8018190.749900000169873, -4365392.655600000172853 ], [ -8018156.414599999785423, -4365395.957699999213219 ], [ -8018139.352800000458956, -4365395.428899999707937 ], [ -8018115.602900000289083, -4365389.420899998396635 ], [ -8018098.227099999785423, -4365399.172699999064207 ], [ -8018082.982699999585748, -4365423.620700001716614 ], [ -8018065.652799999341369, -4365431.815699998289347 ], [ -8018010.009199999272823, -4365433.833000000566244 ], [ -8017988.547800000756979, -4365437.533599998801947 ], [ -8017970.681399999186397, -4365463.176300000399351 ], [ -8017965.22829999960959, -4365501.678599998354912 ], [ -8017964.4638, -4365528.800799999386072 ], [ -8018028.559499999508262, -4365524.849300000816584 ], [ -8018079.9572, -4365522.07660000026226 ], [ -8018114.081299999728799, -4365523.134300000965595 ], [ -8018139.6743, -4365523.927499998360872 ], [ -8018191.886800000444055, -4365522.427000001072884 ], [ -8018217.163699999451637, -4365529.773499999195337 ] ] ] ] } },
{ "type": "Feature", "properties": { "objectid": 13749, "st_area_sh": 35056.587468099999, "st_length_": 790.83660375399995, "Nombre": null, "Tipo": "Lago", "objectid_2": 252, "shape_leng": 211209.70443400001, "dis_elec": 19, "cir_sena": 10, "cod_comuna": 16301, "codregion": 16, "st_area_sh_2": 1354151504.7, "st_length__2": 261074.44954199999, "Region": "Región de Ñuble", "Comuna": "San Carlos", "Provincia": "Punilla" }, "geometry": { "type": "MultiPolygon", "coordinates": [ [ [ [ -8021004.132200000807643, -4365535.601300001144409 ], [ -8021025.972699999809265, -4365519.431400001049042 ], [ -8021048.21169999986887, -4365490.175200000405312 ], [ -8021078.734999999403954, -4365469.282000001519918 ], [ -8021096.708200000226498, -4365439.89469999819994 ], [ -8021093.0877, -4365418.57660000026226 ], [ -8021072.424000000581145, -4365396.111299999058247 ], [ -8021034.546299999579787, -4365378.10700000077486 ], [ -8020992.4222999997437, -4365359.348299998790026 ], [ -8020941.158299999311566, -4365357.77309999987483 ], [ -8020919.299000000581145, -4365374.5658 ], [ -8020897.838400000706315, -4365378.272399999201298 ], [ -8020880.7763, -4365377.747999999672174 ], [ -8020859.370899999514222, -4365377.09010000154376 ], [ -8020833.644799999892712, -4365380.665399998426437 ], [ -8020803.00730000063777, -4365405.296599999070168 ], [ -8020786.150900000706315, -4365423.49040000140667 ], [ -8020784.634600000455976, -4365447.769400000572205 ], [ -8020809.715299999341369, -4365465.381299998611212 ], [ -8020839.042600000277162, -4365483.747400000691414 ], [ -8020856.19370000064373, -4365501.73930000141263 ], [ -8020894.060200000181794, -4365502.279399998486042 ], [ -8020928.4507, -4365494.603999998420477 ], [ -8020954.15819999948144, -4365491.651599999517202 ], [ -8020971.220599999651313, -4365492.175900001078844 ], [ -8020991.582100000232458, -4365527.107200000435114 ], [ -8021004.132200000807643, -4365535.601300001144409 ] ] ] ] } },
{ "type": "Feature", "properties": { "objectid": 13752, "st_area_sh": 38430.6305718, "st_length_": 799.06475761199999, "Nombre": "Santa Rosa", "Tipo": "Laguna", "objectid_2": 252, "shape_leng": 211209.70443400001, "dis_elec": 19, "cir_sena": 10, "cod_comuna": 16301, "codregion": 16, "st_area_sh_2": 1354151504.7, "st_length__2": 261074.44954199999, "Region": "Región de Ñuble", "Comuna": "San Carlos", "Provincia": "Punilla" }, "geometry": { "type": "MultiPolygon", "coordinates": [ [ [ [ -8020276.058900000527501, -4366883.021200001239777 ], [ -8020301.522299999371171, -4366888.1721 ], [ -8020311.101199999451637, -4366854.157299999147654 ], [ -8020321.478800000622869, -4366793.966899998486042 ], [ -8020318.373400000855327, -4366755.818900000303984 ], [ -8020302.241499999538064, -4366724.755399998277426 ], [ -8020285.957299999892712, -4366698.67790000140667 ], [ -8020265.540500000119209, -4366668.1064000017941 ], [ -8020236.458499999716878, -4366641.634700000286102 ], [ -8020202.785700000822544, -4366623.131099998950958 ], [ -8020169.03830000013113, -4366609.61540000140667 ], [ -8020147.708200000226498, -4366608.958200000226498 ], [ -8020116.932299999520183, -4366637.952500000596046 ], [ -8020098.9543999992311, -4366667.340999998152256 ], [ -8020085.50899999961257, -4366688.136 ], [ -8020084.19539999961853, -4366731.138099998235703 ], [ -8020096.72690000012517, -4366740.2577 ], [ -8020122.189999999478459, -4366745.409000001847744 ], [ -8020143.3871, -4366750.428800001740456 ], [ -8020160.070699999108911, -4366763.418999999761581 ], [ -8020167.936599999666214, -4366785.494600001722574 ], [ -8020180.220799999311566, -4366802.715999998152256 ], [ -8020196.619100000709295, -4366825.05460000038147 ], [ -8020229.368899999186397, -4366856.006499998271465 ], [ -8020234.044800000265241, -4366860.517299998551607 ], [ -8020276.058900000527501, -4366883.021200001239777 ] ] ] ] } },
{ "type": "Feature", "properties": { "objectid": 13741, "st_area_sh": 39760.603608099998, "st_length_": 1408.16730011, "Nombre": "Estero Mela", "Tipo": "Estero", "objectid_2": 256, "shape_leng": 121960.93004200001, "dis_elec": 19, "cir_sena": 10, "cod_comuna": 16207, "codregion": 16, "st_area_sh_2": 487375719.22799999, "st_length__2": 151406.201375, "Region": "Región de Ñuble", "Comuna": "Treguaco", "Provincia": "Itata" }, "geometry": { "type": "MultiPolygon", "coordinates": [ [ [ [ -8109933.289300000295043, -4350058.489100001752377 ], [ -8109919.009999999776483, -4350033.954 ], [ -8109912.89949999935925, -4350023.454599998891354 ], [ -8109897.949400000274181, -4350020.741300001740456 ], [ -8109889.811300000175834, -4350017.357500001788139 ], [ -8109875.997700000181794, -4350037.274900000542402 ], [ -8109854.8531, -4350102.837200000882149 ], [ -8109853.833100000396371, -4350148.914200000464916 ], [ -8109826.771500000730157, -4350187.557100001722574 ], [ -8109780.665500000119209, -4350193.379900000989437 ], [ -8109735.442299999296665, -4350159.352000001817942 ], [ -8109723.228499999269843, -4350119.208999998867512 ], [ -8109704.5658, -4350072.692299999296665 ], [ -8109685.75139999948442, -4350033.024999998509884 ], [ -8109673.675899999216199, -4349986.655900001525879 ], [ -8109648.137000000104308, -4349953.06810000166297 ], [ -8109591.556600000709295, -4349913.802999999374151 ], [ -8109627.832900000736117, -4349980.64750000089407 ], [ -8109642.336100000888109, -4350036.415500000119209 ], [ -8109655.970200000330806, -4350131.411200001835823 ], [ -8109654.9079, -4350179.356199998408556 ], [ -8109677.674599999561906, -4350219.112500000745058 ], [ -8109755.361099999397993, -4350268.194699998944998 ], [ -8109794.5493, -4350277.1689000017941 ], [ -8109849.648299999535084, -4350278.399500001221895 ], [ -8109881.712600000202656, -4350255.442499998956919 ], [ -8109905.946900000795722, -4350169.390099998563528 ], [ -8109900.5176, -4350116.939300000667572 ], [ -8109933.289300000295043, -4350058.489100001752377 ] ] ] ] } },
{ "type": "Feature", "properties": { "objectid": 13759, "st_area_sh": 26069.2112829, "st_length_": 942.73307311099995, "Nombre": null, "Tipo": "Lago", "objectid_2": 248, "shape_leng": 89771.456495299994, "dis_elec": 19, "cir_sena": 10, "cod_comuna": 16205, "codregion": 16, "st_area_sh_2": 450069164.12200004, "st_length__2": 111758.66126199999, "Region": "Región de Ñuble", "Comuna": "Portezuelo", "Provincia": "Itata" }, "geometry": { "type": "MultiPolygon", "coordinates": [ [ [ [ -8083686.782400000840425, -4374087.203499998897314 ], [ -8083692.2719, -4374050.5055 ], [ -8083706.325099999085069, -4374041.49040000140667 ], [ -8083729.541300000622869, -4374032.703200001269579 ], [ -8083748.3914, -4374015.067099999636412 ], [ -8083776.389799999073148, -4374001.40430000051856 ], [ -8083799.144300000742078, -4374011.33500000089407 ], [ -8083803.111400000751019, -4374039.527699999511242 ], [ -8083821.284499999135733, -4374049.344399999827147 ], [ -8083849.082299999892712, -4374040.670800000429153 ], [ -8083863.704199999570847, -4374008.570099998265505 ], [ -8083878.326199999079108, -4373976.469500001519918 ], [ -8083865.3037, -4373943.681600000709295 ], [ -8083851.819900000467896, -4373929.611600000411272 ], [ -8083838.689799999818206, -4373901.191199999302626 ], [ -8083848.268699999898672, -4373887.69480000063777 ], [ -8083871.699799999594688, -4373870.172499999403954 ], [ -8083885.983300000429153, -4373851.798500001430511 ], [ -8083909.42960000038147, -4373833.652199998497963 ], [ -8083900.481899999082088, -4373824.6897 ], [ -8083882.201400000602007, -4373819.240800000727177 ], [ -8083849.068499999120831, -4373855.250799998641014 ], [ -8083830.541799999773502, -4373859.784600000828505 ], [ -8083797.639399999752641, -4373886.4358000010252 ], [ -8083774.113600000739098, -4373898.336800001561642 ], [ -8083736.923800000920892, -4373922.38399999961257 ], [ -8083699.592599999159575, -4373939.560199998319149 ], [ -8083689.521600000560284, -4373976.143899999558926 ], [ -8083679.357599999755621, -4374013.349700000137091 ], [ -8083665.382099999114871, -4374022.366700001060963 ], [ -8083641.749600000679493, -4374044.878199998289347 ], [ -8083641.534099999815226, -4374053.613200001418591 ], [ -8083659.814899999648333, -4374059.062600001692772 ], [ -8083664.135500000789762, -4374072.905099999159575 ], [ -8083674.0844, -4374079.186500001698732 ], [ -8083686.782400000840425, -4374087.203499998897314 ] ] ] ] } },
{ "type": "Feature", "properties": { "objectid": 13761, "st_area_sh": 98399.964556100007, "st_length_": 2082.7524622699998, "Nombre": null, "Tipo": "Lago", "objectid_2": 248, "shape_leng": 89771.456495299994, "dis_elec": 19, "cir_sena": 10, "cod_comuna": 16205, "codregion": 16, "st_area_sh_2": 450069164.12200004, "st_length__2": 111758.66126199999, "Region": "Región de Ñuble", "Comuna": "Portezuelo", "Provincia": "Itata" }, "geometry": { "type": "MultiPolygon", "coordinates": [ [ [ [ -8079091.051899999380112, -4375611.416700001806021 ], [ -8079104.398700000718236, -4375590.524999998509884 ], [ -8079117.964700000360608, -4375560.897399999201298 ], [ -8079148.083799999207258, -4375552.918299999088049 ], [ -8079177.98369999974966, -4375553.67509999871254 ], [ -8079195.617200000211596, -4375532.2676 ], [ -8079192.097400000318885, -4375502.207600001245737 ], [ -8079193.600299999117851, -4375442.304200001060963 ], [ -8079202.439799999818206, -4375433.786400001496077 ], [ -8079207.4627, -4375403.942899998277426 ], [ -8079216.756699999794364, -4375374.207600001245737 ], [ -8079239.08390000090003, -4375336.060699999332428 ], [ -8079261.082299999892712, -4375311.0176 ], [ -8079287.367499999701977, -4375285.458700001239777 ], [ -8079305.0943, -4375260.307599999010563 ], [ -8079313.965600000694394, -4375247.420000001788139 ], [ -8079327.640000000596046, -4375213.425200000405312 ], [ -8079328.17200000025332, -4375192.209899999201298 ], [ -8079341.704900000244379, -4375166.9527000002563 ], [ -8079350.998500000685453, -4375137.217999998480082 ], [ -8079372.464299999177456, -4375133.3902000002563 ], [ -8079398.529699999839067, -4375116.56700000166893 ], [ -8079399.280600000172853, -4375086.616300001740456 ], [ -8079421.496999999508262, -4375052.837799999862909 ], [ -8079442.8531, -4375053.37779999896884 ], [ -8079472.938799999654293, -4375049.767900001257658 ], [ -8079486.065199999138713, -4375037.612300001084805 ], [ -8079499.645099999383092, -4375007.361600000411272 ], [ -8079529.637299999594688, -4375004.373599998652935 ], [ -8079551.540500000119209, -4374983.074499998241663 ], [ -8079552.290899999439716, -4374953.124000001698732 ], [ -8079535.534499999135733, -4374939.589000001549721 ], [ -8079506.058299999684095, -4374921.986200001090765 ], [ -8079489.520899999886751, -4374899.715599998831749 ], [ -8079481.838700000196695, -4374865.181800000369549 ], [ -8079482.808000000193715, -4374826.496199999004602 ], [ -8079461.687400000169873, -4374813.47520000115037 ], [ -8079435.95130000077188, -4374817.195000000298023 ], [ -8079414.1733, -4374833.502000000327826 ], [ -8079392.176300000399351, -4374858.544399999082088 ], [ -8079369.944599999114871, -4374892.946100000292063 ], [ -8079352.218499999493361, -4374918.096500001847744 ], [ -8079347.525000000372529, -4374934.835499998182058 ], [ -8079329.283099999651313, -4374977.454999998211861 ], [ -8079299.165699999779463, -4374985.434399999678135 ], [ -8079290.091299999505281, -4375006.433200001716614 ], [ -8079289.121099999174476, -4375045.119199998676777 ], [ -8079249.49070000089705, -4375091.568599998950958 ], [ -8079231.764000000432134, -4375116.719300001859665 ], [ -8079218.6217, -4375129.498500000685453 ], [ -8079196.217199999839067, -4375167.6426 ], [ -8079191.194399999454618, -4375197.485500000417233 ], [ -8079190.223899999633431, -4375236.172200001776218 ], [ -8079172.168099999427795, -4375274.426699999719858 ], [ -8079146.920299999415874, -4375314.372400000691414 ], [ -8079135.962099999189377, -4375354.679999999701977 ], [ -8079109.676400000229478, -4375380.238600000739098 ], [ -8079104.543700000271201, -4375414.449999999254942 ], [ -8079103.682299999520183, -4375448.769600000232458 ], [ -8079111.254100000485778, -4375487.673500001430511 ], [ -8079123.535800000652671, -4375509.213700000196695 ], [ -8079105.808199999853969, -4375534.364999998360872 ], [ -8079079.960400000214577, -4375542.452199999243021 ], [ -8079061.716299999505281, -4375585.073600001633167 ], [ -8079065.345599999651313, -4375610.765700001269579 ], [ -8079091.051899999380112, -4375611.416700001806021 ] ] ] ] } },
{ "type": "Feature", "properties": { "objectid": 13740, "st_area_sh": 72356.904502200021, "st_length_": 3571.7710192599998, "Nombre": "Estero Colmuyado", "Tipo": "Estero", "objectid_2": 240, "shape_leng": 167605.34135900001, "dis_elec": 19, "cir_sena": 10, "cod_comuna": 16202, "codregion": 16, "st_area_sh_2": 874146515.78999996, "st_length__2": 209120.001318, "Region": "Región de Ñuble", "Comuna": "Cobquecura", "Provincia": "Itata" }, "geometry": { "type": "MultiPolygon", "coordinates": [ [ [ [ -8105161.015900000929832, -4338961.904699999839067 ], [ -8105041.152000000700355, -4338933.042199999094009 ], [ -8105010.192199999466538, -4338908.067499998956919 ], [ -8105011.426300000399351, -4338853.331300001591444 ], [ -8105004.5537, -4338721.8662 ], [ -8104990.7292, -4338682.346200000494719 ], [ -8104976.378699999302626, -4338662.728300001472235 ], [ -8104960.103000000119209, -4338656.802799999713898 ], [ -8104931.307399999350309, -4338656.147700000554323 ], [ -8104912.982899999246001, -4338655.730799999088049 ], [ -8104886.745699999853969, -4338657.764499999582767 ], [ -8104860.27140000090003, -4338670.315099999308586 ], [ -8104836.058900000527501, -4338698.700800001621246 ], [ -8104817.200500000268221, -4338721.947200000286102 ], [ -8104787.870699999853969, -4338744.955200001597404 ], [ -8104763.895099999383092, -4338762.823699999600649 ], [ -8104732.303400000557303, -4338769.996399998664856 ], [ -8104700.948999999091029, -4338766.651999998837709 ], [ -8104680.303400000557303, -4338753.028599999845028 ], [ -8104636.1568, -4338736.239599999040365 ], [ -8104607.539200000464916, -4338727.695999998599291 ], [ -8104526.9814, -4338699.554499998688698 ], [ -8104485.453400000929832, -4338682.824499998241663 ], [ -8104456.954800000414252, -4338669.021999999880791 ], [ -8104436.368899999186397, -4338652.769299998879433 ], [ -8104415.723899999633431, -4338639.145700000226498 ], [ -8104392.223300000652671, -4338635.979299999773502 ], [ -8104363.249500000849366, -4338643.210499998182058 ], [ -8104336.6557, -4338661.018300000578165 ], [ -8104297.270199999213219, -4338665.38120000064373 ], [ -8104265.7379, -4338669.9232 ], [ -8104229.089099999517202, -4338669.087099999189377 ], [ -8104197.675799999386072, -4338668.37049999833107 ], [ -8104161.145899999886751, -4338662.275699999183416 ], [ -8104137.883500000461936, -4338648.591899998486042 ], [ -8104119.975299999117851, -4338629.769000001251698 ], [ -8104115.453700000420213, -4338598.098799999803305 ], [ -8104110.69400000013411, -4338576.945500001311302 ], [ -8104103.19789999909699, -4338560.990899998694658 ], [ -8104077.1393, -4338555.135000001639128 ], [ -8104030.1985, -4338546.171799998730421 ], [ -8103998.7259, -4338548.083599999547005 ], [ -8103951.011299999430776, -4338573.299600001424551 ], [ -8103892.467700000852346, -4338656.871199999004602 ], [ -8103940.972100000828505, -4338594.902300000190735 ], [ -8103984.474500000476837, -4338570.019499998539686 ], [ -8104023.716600000858307, -4338567.887499999254942 ], [ -8104047.927500000223517, -4338572.882199998944998 ], [ -8104073.807600000873208, -4338586.625900000333786 ], [ -8104089.157199999317527, -4338602.759700000286102 ], [ -8104091.298900000751019, -4338623.853300001472235 ], [ -8104095.820599999278784, -4338655.523600000888109 ], [ -8104111.1107, -4338674.286800000816584 ], [ -8104142.226600000634789, -4338688.149999998509884 ], [ -8104163.049900000914931, -4338693.886399999260902 ], [ -8104202.197699999436736, -4338700.040800001472235 ], [ -8104236.109999999403954, -4338706.0757 ], [ -8104270.14130000025034, -4338706.852099999785423 ], [ -8104322.91300000064075, -4338689.641399998217821 ], [ -8104346.651399999856949, -4338682.290899999439716 ], [ -8104373.007400000467896, -4338675.000100001692772 ], [ -8104401.74349999986589, -4338678.285900000482798 ], [ -8104438.273700000718236, -4338684.379799999296665 ], [ -8104464.214099999517202, -4338695.493599999696016 ], [ -8104490.154200000688434, -4338706.607200000435114 ], [ -8104513.417500000447035, -4338720.290399998426437 ], [ -8104539.357799999415874, -4338731.403799999505281 ], [ -8104565.238900000229478, -4338745.146600000560284 ], [ -8104593.7972, -4338756.31980000063777 ], [ -8104663.943600000813603, -4338781.592999998480082 ], [ -8104689.884400000795722, -4338792.706300001591444 ], [ -8104728.973500000312924, -4338801.488099999725819 ], [ -8104749.91609999909997, -4338801.964899998158216 ], [ -8104773.654400000348687, -4338794.613499999046326 ], [ -8104800.2478, -4338776.804400000721216 ], [ -8104821.783500000834465, -4338750.988200001418591 ], [ -8104837.9649, -4338730.311599999666214 ], [ -8104862.177500000223517, -4338701.925799999386072 ], [ -8104886.093399999663234, -4338686.686299998313189 ], [ -8104909.772099999710917, -4338681.963799998164177 ], [ -8104928.037399999797344, -4338685.010000001639128 ], [ -8104946.00620000064373, -4338701.202399998903275 ], [ -8104948.20890000090003, -4338719.666700001806021 ], [ -8104942.617599999532104, -4338735.323300000280142 ], [ -8104936.49269999936223, -4338774.643300000578165 ], [ -8104933.281899999827147, -4338800.876600001007318 ], [ -8104932.57039999961853, -4338832.428100001066923 ], [ -8104929.3597, -4338858.661499999463558 ], [ -8104923.590399999171495, -4338882.206000000238419 ], [ -8104910.145400000736117, -4338897.684099998325109 ], [ -8104901.995400000363588, -4338910.651999998837709 ], [ -8104883.018100000917912, -4338939.157600000500679 ], [ -8104887.660800000652671, -4338965.569899998605251 ], [ -8104897.657700000330806, -4338986.842799998819828 ], [ -8104918.304099999368191, -4339000.465799998492002 ], [ -8104934.011299999430776, -4339000.82319999858737 ], [ -8104957.512900000438094, -4339003.988499999046326 ], [ -8104975.837999999523163, -4339004.405299998819828 ], [ -8104999.339600000530481, -4339007.570599999278784 ], [ -8105017.5461, -4339013.245900001376867 ], [ -8105038.489099999889731, -4339013.722300000488758 ], [ -8105059.49129999987781, -4339011.5691 ], [ -8105090.965099999681115, -4339009.653999999165535 ], [ -8105117.0252, -4339015.507800001651049 ], [ -8105119.181800000369549, -4339015.55689999833703 ], [ -8105157.179400000721216, -4339022.183299999684095 ], [ -8105161.015900000929832, -4338961.904699999839067 ] ] ] ] } },
{ "type": "Feature", "properties": { "objectid": 13741, "st_area_sh": 39760.603608099998, "st_length_": 1408.16730011, "Nombre": "Estero Mela", "Tipo": "Estero", "objectid_2": 240, "shape_leng": 167605.34135900001, "dis_elec": 19, "cir_sena": 10, "cod_comuna": 16202, "codregion": 16, "st_area_sh_2": 874146515.78999996, "st_length__2": 209120.001318, "Region": "Región de Ñuble", "Comuna": "Cobquecura", "Provincia": "Itata" }, "geometry": { "type": "MultiPolygon", "coordinates": [ [ [ [ -8109933.289300000295043, -4350058.489100001752377 ], [ -8109919.009999999776483, -4350033.954 ], [ -8109912.89949999935925, -4350023.454599998891354 ], [ -8109897.949400000274181, -4350020.741300001740456 ], [ -8109889.811300000175834, -4350017.357500001788139 ], [ -8109875.997700000181794, -4350037.274900000542402 ], [ -8109854.8531, -4350102.837200000882149 ], [ -8109853.833100000396371, -4350148.914200000464916 ], [ -8109826.771500000730157, -4350187.557100001722574 ], [ -8109780.665500000119209, -4350193.379900000989437 ], [ -8109735.442299999296665, -4350159.352000001817942 ], [ -8109723.228499999269843, -4350119.208999998867512 ], [ -8109704.5658, -4350072.692299999296665 ], [ -8109685.75139999948442, -4350033.024999998509884 ], [ -8109673.675899999216199, -4349986.655900001525879 ], [ -8109648.137000000104308, -4349953.06810000166297 ], [ -8109591.556600000709295, -4349913.802999999374151 ], [ -8109627.832900000736117, -4349980.64750000089407 ], [ -8109642.336100000888109, -4350036.415500000119209 ], [ -8109655.970200000330806, -4350131.411200001835823 ], [ -8109654.9079, -4350179.356199998408556 ], [ -8109677.674599999561906, -4350219.112500000745058 ], [ -8109755.361099999397993, -4350268.194699998944998 ], [ -8109794.5493, -4350277.1689000017941 ], [ -8109849.648299999535084, -4350278.399500001221895 ], [ -8109881.712600000202656, -4350255.442499998956919 ], [ -8109905.946900000795722, -4350169.390099998563528 ], [ -8109900.5176, -4350116.939300000667572 ], [ -8109933.289300000295043, -4350058.489100001752377 ] ] ] ] } },
{ "type": "Feature", "properties": { "objectid": 13737, "st_area_sh": 15748.7916847, "st_length_": 526.15503577899995, "Nombre": null, "Tipo": "Lago", "objectid_2": 250, "shape_leng": 181329.555341, "dis_elec": 19, "cir_sena": 10, "cod_comuna": 16201, "codregion": 16, "st_area_sh_2": 907353612.8549999, "st_length__2": 224623.22314799999, "Region": "Región de Ñuble", "Comuna": "Quirihue", "Provincia": "Itata" }, "geometry": { "type": "MultiPolygon", "coordinates": [ [ [ [ -8067670.347500000149012, -4323092.655000001192093 ], [ -8067703.969000000506639, -4323088.724800001829863 ], [ -8067728.393799999728799, -4323070.125300001353025 ], [ -8067762.264499999582767, -4323056.582400001585484 ], [ -8067786.439999999478459, -4323047.595300000160933 ], [ -8067820.559599999338388, -4323024.4397 ], [ -8067840.198799999430776, -4323005.714899998158216 ], [ -8067857.985600000247359, -4322977.623199999332428 ], [ -8067859.1031, -4322976.988899998366833 ], [ -8067807.947499999776483, -4322956.776700001209974 ], [ -8067779.3608, -4322951.219799999147654 ], [ -8067740.829700000584126, -4322959.831399999558926 ], [ -8067716.654500000178814, -4322968.818199999630451 ], [ -8067691.731499999761581, -4323006.642499998211861 ], [ -8067657.237800000235438, -4323044.216699998825788 ], [ -8067661.275399999693036, -4323073.179499998688698 ], [ -8067670.347500000149012, -4323092.655000001192093 ] ] ] ] } },
{ "type": "Feature", "properties": { "objectid": 13738, "st_area_sh": 38825.778762299997, "st_length_": 911.58527487900005, "Nombre": null, "Tipo": "Lago", "objectid_2": 250, "shape_leng": 181329.555341, "dis_elec": 19, "cir_sena": 10, "cod_comuna": 16201, "codregion": 16, "st_area_sh_2": 907353612.8549999, "st_length__2": 224623.22314799999, "Region": "Región de Ñuble", "Comuna": "Quirihue", "Provincia": "Itata" }, "geometry": { "type": "MultiPolygon", "coordinates": [ [ [ [ -8065969.119899999350309, -4331726.237100001424551 ], [ -8065966.451199999079108, -4331695.0735 ], [ -8065979.4759, -4331682.357700001448393 ], [ -8065993.891799999400973, -4331657.863099999725819 ], [ -8066003.504899999126792, -4331639.460499998182058 ], [ -8066021.948100000619888, -4331635.593499999493361 ], [ -8066045.047800000756979, -4331631.227099999785423 ], [ -8066059.207699999213219, -4331613.566300000995398 ], [ -8066055.131400000303984, -4331594.803100001066923 ], [ -8066046.719499999657273, -4331567.219799999147654 ], [ -8066028.669700000435114, -4331553.063400000333786 ], [ -8066029.286499999463558, -4331529.449099998921156 ], [ -8066034.283800000324845, -4331515.899999998509884 ], [ -8066066.980000000447035, -4331493.752700001001358 ], [ -8066072.013699999079108, -4331475.851700000464916 ], [ -8066071.482699999585748, -4331454.694699998944998 ], [ -8066072.277699999511242, -4331424.245099999010563 ], [ -8066058.990800000727177, -4331411.458099998533726 ], [ -8066045.830700000748038, -4331408.624000001698732 ], [ -8066037.0428, -4331410.258000001311302 ], [ -8066023.276699999347329, -4331409.895300000905991 ], [ -8066000.514399999752641, -4331404.320799998939037 ], [ -8065990.7105, -4331427.070900000631809 ], [ -8065985.77419999986887, -4331441.243299998342991 ], [ -8065971.764499999582767, -4331450.201900001615286 ], [ -8065939.555299999192357, -4331453.706000000238419 ], [ -8065912.100099999457598, -4331452.9824 ], [ -8065898.220200000330806, -4331456.9695999994874 ], [ -8065875.28800000064075, -4331526.012499999254942 ], [ -8065878.913899999111891, -4331570.881700001657009 ], [ -8065880.475600000470877, -4331608.856199998408556 ], [ -8065898.44789999909699, -4331623.010800000280142 ], [ -8065902.767300000414252, -4331632.4527000002563 ], [ -8065908.654500000178814, -4331650.019900001585484 ], [ -8065911.12639999948442, -4331665.009700000286102 ], [ -8065933.5482, -4331683.634799998253584 ], [ -8065944.096000000834465, -4331697.593800000846386 ], [ -8065946.227, -4331725.6338 ], [ -8065969.119899999350309, -4331726.237100001424551 ] ] ] ] } },
{ "type": "Feature", "properties": { "objectid": 13739, "st_area_sh": 14594.1808624, "st_length_": 647.15064909399996, "Nombre": null, "Tipo": "Lago", "objectid_2": 250, "shape_leng": 181329.555341, "dis_elec": 19, "cir_sena": 10, "cod_comuna": 16201, "codregion": 16, "st_area_sh_2": 907353612.8549999, "st_length__2": 224623.22314799999, "Region": "Región de Ñuble", "Comuna": "Quirihue", "Provincia": "Itata" }, "geometry": { "type": "MultiPolygon", "coordinates": [ [ [ [ -8065783.621799999848008, -4332294.100099999457598 ], [ -8065778.198599999770522, -4332276.5439000017941 ], [ -8065788.170099999755621, -4332244.468299999833107 ], [ -8065786.573699999600649, -4332234.475900001823902 ], [ -8065770.570599999278784, -4332216.018899999558926 ], [ -8065756.673499999567866, -4332220.627500001341105 ], [ -8065738.830399999395013, -4332201.500199999660254 ], [ -8065730.061300000175834, -4332187.587200000882149 ], [ -8065725.90819999948144, -4332168.820999998599291 ], [ -8065731.393799999728799, -4332136.627300001680851 ], [ -8065735.313100000843406, -4332119.9397 ], [ -8065727.553300000727177, -4332102.9441 ], [ -8065713.892300000414252, -4332104.449400000274181 ], [ -8065686.935900000855327, -4332099.385099999606609 ], [ -8065663.464500000700355, -4332103.119100000709295 ], [ -8065655.165300000458956, -4332121.556800000369549 ], [ -8065637.417199999094009, -4332125.441599998623133 ], [ -8065615.761199999600649, -4332124.870099999010563 ], [ -8065606.101600000634789, -4332130.21229999884963 ], [ -8065611.963999999687076, -4332142.8048 ], [ -8065627.091299999505281, -4332156.263599999248981 ], [ -8065640.378599999472499, -4332169.052000001072884 ], [ -8065647.421800000593066, -4332189.760200001299381 ], [ -8065651.253599999472499, -4332217.846599999815226 ], [ -8065660.425699999555945, -4332231.148400001227856 ], [ -8065680.588400000706315, -4332238.521099999547005 ], [ -8065709.242000000551343, -4332234.923799999058247 ], [ -8065740.26549999974668, -4332241.339200001209974 ], [ -8065761.5318, -4332256.825599998235703 ], [ -8065766.129699999466538, -4332291.151200000196695 ], [ -8065783.621799999848008, -4332294.100099999457598 ] ] ] ] } },
{ "type": "Feature", "properties": { "objectid": 13780, "st_area_sh": 16063.333208800001, "st_length_": 502.35426291599998, "Nombre": null, "Tipo": "Lago", "objectid_2": 247, "shape_leng": 262471.17911500001, "dis_elec": 19, "cir_sena": 10, "cod_comuna": 16106, "codregion": 16, "st_area_sh_2": 1727224327.51, "st_length__2": 330351.58841800003, "Region": "Región de Ñuble", "Comuna": "Pinto", "Provincia": "Ñuble" }, "geometry": { "type": "MultiPolygon", "coordinates": [ [ [ [ -8010315.415999999269843, -4395131.14809999987483 ], [ -8010333.1349, -4395114.826299998909235 ], [ -8010355.211200000718236, -4395093.640099998563528 ], [ -8010381.544399999082088, -4395073.214999999850988 ], [ -8010390.374800000339746, -4395064.74040000140667 ], [ -8010395.876000000163913, -4395026.13910000026226 ], [ -8010400.686200000345707, -4395009.405900001525879 ], [ -8010397.35700000077486, -4394979.27930000051856 ], [ -8010380.525699999183416, -4394969.9868 ], [ -8010350.725400000810623, -4394964.658700000494719 ], [ -8010333.61769999936223, -4394964.113299999386072 ], [ -8010316.432199999690056, -4394963.56529999896884 ], [ -8010299.462799999862909, -4394958.646200001239777 ], [ -8010286.217199999839067, -4394971.357799999415874 ], [ -8010285.5456000007689, -4394992.60080000013113 ], [ -8010289.012700000777841, -4395018.353999998420477 ], [ -8010283.767899999395013, -4395048.832800000905991 ], [ -8010274.542300000786781, -4395069.803199999034405 ], [ -8010269.178899999707937, -4395104.030900001525879 ], [ -8010277.1798, -4395121.798099998384714 ], [ -8010294.030999999493361, -4395130.4662000015378 ], [ -8010315.415999999269843, -4395131.14809999987483 ] ] ] ] } },
{ "type": "Feature", "properties": { "objectid": 13784, "st_area_sh": 39639.70644680001, "st_length_": 1290.92661864, "Nombre": null, "Tipo": "Lago", "objectid_2": 247, "shape_leng": 262471.17911500001, "dis_elec": 19, "cir_sena": 10, "cod_comuna": 16106, "codregion": 16, "st_area_sh_2": 1727224327.51, "st_length__2": 330351.58841800003, "Region": "Región de Ñuble", "Comuna": "Pinto", "Provincia": "Ñuble" }, "geometry": { "type": "MultiPolygon", "coordinates": [ [ [ [ -7996269.778599999845028, -4404239.151000000536442 ], [ -7996287.476399999111891, -4404222.213100001215935 ], [ -7996300.873400000855327, -4404205.758400000631809 ], [ -7996305.730699999257922, -4404188.3935999982059 ], [ -7996323.407800000160933, -4404172.081199999898672 ], [ -7996344.886, -4404172.795400001108646 ], [ -7996366.286599999293685, -4404173.507100000977516 ], [ -7996382.850400000810623, -4404190.958200000226498 ], [ -7996417.359300000593066, -4404183.968400001525879 ], [ -7996430.92090000025928, -4404162.511399999260902 ], [ -7996457.4463, -4404137.729800000786781 ], [ -7996487.4847999997437, -4404138.728399999439716 ], [ -7996513.021099999547005, -4404143.95890000090003 ], [ -7996533.988900000229478, -4404157.8004 ], [ -7996550.841399999335408, -4404166.497699998319149 ], [ -7996585.0822, -4404167.63569999858737 ], [ -7996611.252699999138713, -4404155.986699998378754 ], [ -7996620.389699999243021, -4404138.763900000602007 ], [ -7996604.257999999448657, -4404108.18299999833107 ], [ -7996609.114800000563264, -4404090.818199999630451 ], [ -7996639.198899999260902, -4404088.062199998646975 ], [ -7996660.7434, -4404084.396600000560284 ], [ -7996657.040100000798702, -4404066.747400000691414 ], [ -7996644.488199999555945, -4404057.567200001329184 ], [ -7996623.211500000208616, -4404053.104699999094009 ], [ -7996601.955299999564886, -4404048.0168999992311 ], [ -7996598.252100000157952, -4404030.36769999936223 ], [ -7996598.808199999853969, -4404013.486000001430511 ], [ -7996608.23340000025928, -4403987.510200001299381 ], [ -7996622.206299999728799, -4403953.548500001430511 ], [ -7996614.346599999815226, -4403932.005899999290705 ], [ -7996587.888399999588728, -4403952.40819999948144 ], [ -7996569.903100000694394, -4403978.099399998784065 ], [ -7996530.538100000470877, -4404002.454300001263618 ], [ -7996516.709100000560284, -4404032.039200000464916 ], [ -7996511.5844, -4404057.5320999994874 ], [ -7996498.167199999094009, -4404074.612199999392033 ], [ -7996446.440199999138713, -4404081.655699998140335 ], [ -7996416.479800000786781, -4404080.659699998795986 ], [ -7996378.103499999269843, -4404075.002099998295307 ], [ -7996321.683900000527501, -4404094.407699998468161 ], [ -7996299.294099999591708, -4404123.707899998873472 ], [ -7996294.292400000616908, -4404145.449299998581409 ], [ -7996280.895500000566244, -4404161.904100000858307 ], [ -7996262.929700000211596, -4404186.969999998807907 ], [ -7996249.223400000482798, -4404212.803599998354912 ], [ -7996248.6667, -4404229.685499999672174 ], [ -7996269.778599999845028, -4404239.151000000536442 ] ] ] ] } },
{ "type": "Feature", "properties": { "objectid": 13786, "st_area_sh": 8034.5175796699996, "st_length_": 349.55432551899997, "Nombre": null, "Tipo": "Lago", "objectid_2": 247, "shape_leng": 262471.17911500001, "dis_elec": 19, "cir_sena": 10, "cod_comuna": 16106, "codregion": 16, "st_area_sh_2": 1727224327.51, "st_length__2": 330351.58841800003, "Region": "Región de Ñuble", "Comuna": "Pinto", "Provincia": "Ñuble" }, "geometry": { "type": "MultiPolygon", "coordinates": [ [ [ [ -7996849.957399999722838, -4405717.609000001102686 ], [ -7996858.287499999627471, -4405705.991099998354912 ], [ -7996870.6327, -4405690.750500001013279 ], [ -7996894.638900000602007, -4405683.409400001168251 ], [ -7996906.860500000417233, -4405671.920800000429153 ], [ -7996919.283299999311566, -4405656.682700000703335 ], [ -7996911.879899999126792, -4405640.160199999809265 ], [ -7996896.327299999073148, -4405632.131299998611212 ], [ -7996880.527599999681115, -4405631.606600001454353 ], [ -7996868.8871, -4405623.081700000911951 ], [ -7996845.350199999287724, -4405618.543800000101328 ], [ -7996829.472699999809265, -4405618.016399998217821 ], [ -7996817.518799999728799, -4405621.375500001013279 ], [ -7996805.0296, -4405640.993299998342991 ], [ -7996804.246899999678135, -4405664.756299998611212 ], [ -7996803.340700000524521, -4405692.271499998867512 ], [ -7996810.542600000277162, -4405712.543600000441074 ], [ -7996830.188300000503659, -4405716.952300000935793 ], [ -7996849.957399999722838, -4405717.609000001102686 ] ] ] ] } },
{ "type": "Feature", "properties": { "objectid": 13788, "st_area_sh": 77565.08418960002, "st_length_": 1292.5840548900001, "Nombre": null, "Tipo": "Lago", "objectid_2": 247, "shape_leng": 262471.17911500001, "dis_elec": 19, "cir_sena": 10, "cod_comuna": 16106, "codregion": 16, "st_area_sh_2": 1727224327.51, "st_length__2": 330351.58841800003, "Region": "Región de Ñuble", "Comuna": "Pinto", "Provincia": "Ñuble" }, "geometry": { "type": "MultiPolygon", "coordinates": [ [ [ [ -7993382.414200000464916, -4407068.097100000828505 ], [ -7993424.895500000566244, -4407041.973799999803305 ], [ -7993466.841099999845028, -4407029.606600001454353 ], [ -7993489.881300000473857, -4407030.37950000166893 ], [ -7993536.975400000810623, -4407003.784400001168251 ], [ -7993542.482799999415874, -4406976.420800000429153 ], [ -7993548.54619999974966, -4406934.675599999725819 ], [ -7993549.627499999478459, -4406902.154899999499321 ], [ -7993522.520199999213219, -4406883.089200001209974 ], [ -7993514.193199999630451, -4406854.635899998247623 ], [ -7993510.20380000025034, -4406836.345400001853704 ], [ -7993500.617200000211596, -4406787.189100001007318 ], [ -7993437.662000000476837, -4406796.346999999135733 ], [ -7993399.997600000351667, -4406818.248799998313189 ], [ -7993366.925499999895692, -4406840.304499998688698 ], [ -7993333.998800000175834, -4406857.9824 ], [ -7993296.334000000730157, -4406879.883900001645088 ], [ -7993249.718599999323487, -4406892.093400001525879 ], [ -7993197.886299999430776, -4406922.910599999129772 ], [ -7993178.502000000327826, -4406950.434099998325109 ], [ -7993172.99379999935627, -4406977.797400001436472 ], [ -7993149.495699999853969, -4406990.782699998468161 ], [ -7993102.858899999409914, -4407003.61710000038147 ], [ -7993074.544600000604987, -4407020.82319999858737 ], [ -7993064.422700000926852, -4407048.657800000160933 ], [ -7993077.50760000012815, -4407072.263000000268221 ], [ -7993114.56980000063777, -4407068.498599998652935 ], [ -7993170.225400000810623, -4407060.975699998438358 ], [ -7993193.265699999406934, -4407061.749099999666214 ], [ -7993234.977299999445677, -4407058.766699999570847 ], [ -7993272.185100000351667, -4407050.623799998313189 ], [ -7993291.090600000694394, -4407037.484200000762939 ], [ -7993314.130899999290705, -4407038.25730000063777 ], [ -7993322.769500000402331, -4407057.330299999564886 ], [ -7993350.110999999567866, -4407067.013099998235703 ], [ -7993382.414200000464916, -4407068.097100000828505 ] ] ] ] } },
{ "type": "Feature", "properties": { "objectid": 13790, "st_area_sh": 11701.7930493, "st_length_": 654.9510215, "Nombre": null, "Tipo": "Lago", "objectid_2": 247, "shape_leng": 262471.17911500001, "dis_elec": 19, "cir_sena": 10, "cod_comuna": 16106, "codregion": 16, "st_area_sh_2": 1727224327.51, "st_length__2": 330351.58841800003, "Region": "Región de Ñuble", "Comuna": "Pinto", "Provincia": "Ñuble" }, "geometry": { "type": "MultiPolygon", "coordinates": [ [ [ [ -7997045.762599999085069, -4407346.27760000154376 ], [ -7997073.520600000396371, -4407343.442600000649691 ], [ -7997121.149299999698997, -4407340.641100000590086 ], [ -7997145.406199999153614, -4407325.793200001120567 ], [ -7997173.431700000539422, -4407314.827199999243021 ], [ -7997212.976099999621511, -4407316.139800000935793 ], [ -7997233.530300000682473, -4407293.029399998486042 ], [ -7997246.098799999803305, -4407273.410500001162291 ], [ -7997255.1338, -4407238.021600000560284 ], [ -7997239.455299999564886, -4407233.7445 ], [ -7997223.529699999839067, -4407236.972699999809265 ], [ -7997215.075200000777841, -4407252.345100000500679 ], [ -7997206.822100000455976, -4407263.967500001192093 ], [ -7997174.995899999514222, -4407267.2939000017941 ], [ -7997151.130300000309944, -4407270.258499998599291 ], [ -7997134.937000000849366, -4407281.61710000038147 ], [ -7997102.5504, -4407304.334600001573563 ], [ -7997078.808199999853969, -4407303.546300001442432 ], [ -7997058.892000000923872, -4407307.267799999564886 ], [ -7997042.842700000852346, -4407314.2483000010252 ], [ -7997015.254100000485778, -4407309.575399998575449 ], [ -7996987.496200000867248, -4407312.410300001502037 ], [ -7996978.773600000888109, -4407335.913400001823902 ], [ -7997010.110300000756979, -4407345.093699999153614 ], [ -7997045.762599999085069, -4407346.27760000154376 ] ] ] ] } },
{ "type": "Feature", "properties": { "objectid": 13816, "st_area_sh": 129399.06666700001, "st_length_": 1614.10472273, "Nombre": "Laguna La Verguil", "Tipo": "Laguna", "objectid_2": 247, "shape_leng": 262471.17911500001, "dis_elec": 19, "cir_sena": 10, "cod_comuna": 16106, "codregion": 16, "st_area_sh_2": 1727224327.51, "st_length__2": 330351.58841800003, "Region": "Región de Ñuble", "Comuna": "Pinto", "Provincia": "Ñuble" }, "geometry": { "type": "MultiPolygon", "coordinates": [ [ [ [ -7973625.577099999412894, -4419722.04619999974966 ], [ -7973667.999900000169873, -4419700.359999999403954 ], [ -7973682.838300000876188, -4419673.307100001722574 ], [ -7973683.9836, -4419640.753899998962879 ], [ -7973712.789300000295043, -4419609.182199999690056 ], [ -7973741.012199999764562, -4419596.394099999219179 ], [ -7973782.541600000113249, -4419597.867600001394749 ], [ -7973810.940600000321865, -4419580.070999998599291 ], [ -7973816.176100000739098, -4419562.079599998891354 ], [ -7973857.783399999141693, -4419563.555500000715256 ], [ -7973890.701099999248981, -4419545.918999999761581 ], [ -7973910.135900000110269, -4419519.029199998825788 ], [ -7973924.995400000363588, -4419491.350299999117851 ], [ -7973935.23589999973774, -4419464.134500000625849 ], [ -7973926.9543999992311, -4419435.635000001639128 ], [ -7973899.624600000679493, -4419425.263900000602007 ], [ -7973867.597899999469519, -4419415.352899998426437 ], [ -7973826.497600000351667, -4419399.478799998760223 ], [ -7973785.783600000664592, -4419374.843199998140335 ], [ -7973773.286699999123812, -4419353.089000001549721 ], [ -7973764.834599999710917, -4419313.928300000727177 ], [ -7973765.979699999094009, -4419281.376200001686811 ], [ -7973766.794399999082088, -4419258.214000001549721 ], [ -7973768.423800000920892, -4419211.890099998563528 ], [ -7973749.958200000226498, -4419211.234900001436472 ], [ -7973707.691700000315905, -4419228.538600001484156 ], [ -7973683.175699999555945, -4419269.036299999803305 ], [ -7973663.5647, -4419300.933200001716614 ], [ -7973638.794199999421835, -4419346.436299998313189 ], [ -7973568.712999999523163, -4419367.139899998903275 ], [ -7973549.101500000804663, -4419399.036800000816584 ], [ -7973533.8344, -4419440.489799998700619 ], [ -7973519.304400000721216, -4419458.777800001204014 ], [ -7973500.353700000792742, -4419471.894400000572205 ], [ -7973456.785499999299645, -4419526.13230000063777 ], [ -7973454.669700000435114, -4419586.229899998754263 ], [ -7973452.223300000652671, -4419655.718199998140335 ], [ -7973460.195000000298023, -4419692.982900001108646 ], [ -7973500.909499999135733, -4419717.620400000363588 ], [ -7973574.852900000289083, -4419720.245700001716614 ], [ -7973625.577099999412894, -4419722.04619999974966 ] ] ] ] } },
{ "type": "Feature", "properties": { "objectid": 13819, "st_area_sh": 42208.800010799998, "st_length_": 1112.5334102700001, "Nombre": null, "Tipo": "Lago", "objectid_2": 247, "shape_leng": 262471.17911500001, "dis_elec": 19, "cir_sena": 10, "cod_comuna": 16106, "codregion": 16, "st_area_sh_2": 1727224327.51, "st_length__2": 330351.58841800003, "Region": "Región de Ñuble", "Comuna": "Pinto", "Provincia": "Ñuble" }, "geometry": { "type": "MultiPolygon", "coordinates": [ [ [ [ -7974940.403200000524521, -4420893.197700001299381 ], [ -7974979.899299999698997, -4420868.265900000929832 ], [ -7975006.361600000411272, -4420847.888099998235703 ], [ -7975049.221100000664592, -4420849.403999999165535 ], [ -7975084.333100000396371, -4420829.331900000572205 ], [ -7975093.826899999752641, -4420803.338700000196695 ], [ -7975086.462300000712276, -4420768.600299999117851 ], [ -7975087.976800000295043, -4420725.399700000882149 ], [ -7975110.898900000378489, -4420683.583000000566244 ], [ -7975133.250199999660254, -4420658.0449 ], [ -7975164.151100000366569, -4420633.435899998992682 ], [ -7975174.237099999561906, -4420590.538899999111891 ], [ -7975179.729800000786781, -4420556.255699999630451 ], [ -7975180.629499999806285, -4420530.586199998855591 ], [ -7975172.6722, -4420512.752900000661612 ], [ -7975133.331700000911951, -4420533.302099999040365 ], [ -7975088.95890000090003, -4420574.9864999987185 ], [ -7975052.794199999421835, -4420625.110399998724461 ], [ -7975007.366800000891089, -4420696.847199998795986 ], [ -7974977.058199999853969, -4420704.551300000399351 ], [ -7974963.739399999380112, -4420717.24439999833703 ], [ -7974971.564600000157952, -4420738.834899999201298 ], [ -7974966.378399999812245, -4420764.353199999779463 ], [ -7974935.32289999909699, -4420793.344500001519918 ], [ -7974899.596000000834465, -4420830.946800000965595 ], [ -7974869.28690000064671, -4420838.650699999183416 ], [ -7974863.485400000587106, -4420881.699999999254942 ], [ -7974889.047399999573827, -4420886.992600001394749 ], [ -7974940.403200000524521, -4420893.197700001299381 ] ] ] ] } },
{ "type": "Feature", "properties": { "objectid": 13832, "st_area_sh": 63249.573854399998, "st_length_": 951.57967773099995, "Nombre": null, "Tipo": "Lago", "objectid_2": 247, "shape_leng": 262471.17911500001, "dis_elec": 19, "cir_sena": 10, "cod_comuna": 16106, "codregion": 16, "st_area_sh_2": 1727224327.51, "st_length__2": 330351.58841800003, "Region": "Región de Ñuble", "Comuna": "Pinto", "Provincia": "Ñuble" }, "geometry": { "type": "MultiPolygon", "coordinates": [ [ [ [ -7950619.073300000280142, -4435287.911899998784065 ], [ -7950662.5362, -4435281.453000001609325 ], [ -7950704.979299999773502, -4435275.347600001841784 ], [ -7950737.591, -4435277.785300001502037 ], [ -7950782.777000000700355, -4435247.451900001615286 ], [ -7950833.469399999827147, -4435241.248199999332428 ], [ -7950842.619100000709295, -4435183.473799999803305 ], [ -7950830.380300000309944, -4435166.064500000327826 ], [ -7950821.156999999657273, -4435144.838700000196695 ], [ -7950795.916200000792742, -4435101.490200001746416 ], [ -7950726.156999999657273, -4435049.189300000667572 ], [ -7950689.790500000119209, -4435049.64130000025034 ], [ -7950672.119100000709295, -4435036.196899998933077 ], [ -7950647.324699999764562, -4435018.832800000905991 ], [ -7950581.907600000500679, -4435027.380800001323223 ], [ -7950550.746099999174476, -4435056.331599999219179 ], [ -7950531.822699999436736, -4435102.69200000166893 ], [ -7950525.418800000101328, -4435158.9408 ], [ -7950523.164899999275804, -4435219.11259999871254 ], [ -7950542.737500000745058, -4435239.394900001585484 ], [ -7950573.033900000154972, -4435264.306499999016523 ], [ -7950602.904899999499321, -4435269.82880000025034 ], [ -7950619.073300000280142, -4435287.911899998784065 ] ] ] ] } },
{ "type": "Feature", "properties": { "objectid": 13844, "st_area_sh": 358902.93014100002, "st_length_": 2858.0422322899999, "Nombre": "Laguna El Lobo", "Tipo": "Laguna", "objectid_2": 247, "shape_leng": 262471.17911500001, "dis_elec": 19, "cir_sena": 10, "cod_comuna": 16106, "codregion": 16, "st_area_sh_2": 1727224327.51, "st_length__2": 330351.58841800003, "Region": "Región de Ñuble", "Comuna": "Pinto", "Provincia": "Ñuble" }, "geometry": { "type": "MultiPolygon", "coordinates": [ [ [ [ -7935240.373400000855327, -4447901.042100001126528 ], [ -7935271.994200000539422, -4447898.531100001186132 ], [ -7935323.785900000482798, -4447896.168299999088049 ], [ -7935350.412799999117851, -4447875.221000000834465 ], [ -7935368.596100000664592, -4447850.171500001102686 ], [ -7935352.246799999848008, -4447828.163400001823902 ], [ -7935330.770899999886751, -4447827.319299999624491 ], [ -7935322.865299999713898, -4447809.413499999791384 ], [ -7935341.390799999237061, -4447775.5801 ], [ -7935343.249099999666214, -4447727.895500000566244 ], [ -7935343.102299999445677, -4447700.7989999987185 ], [ -7935337.657299999147654, -4447666.538400001823902 ], [ -7935320.999600000679493, -4447636.533399999141693 ], [ -7935327.324200000613928, -4447584.626299999654293 ], [ -7935315.783900000154972, -4447549.611900001764297 ], [ -7935290.424499999731779, -4447536.047499999403954 ], [ -7935273.415500000119209, -4447530.980200000107288 ], [ -7935254.141200000420213, -4447473.668699998408556 ], [ -7935247.214099999517202, -4447430.666999999433756 ], [ -7935237.190500000491738, -4447356.753800000995398 ], [ -7935209.497999999672174, -4447294.713700000196695 ], [ -7935184.559900000691414, -4447272.368900001049042 ], [ -7935138.411599999293685, -4447240.393100000917912 ], [ -7935118.282400000840425, -4447205.041700001806021 ], [ -7935084.77930000051856, -4447181.731699999421835 ], [ -7935067.746500000357628, -4447177.291700001806021 ], [ -7935033.480499999597669, -4447171.5456000007689 ], [ -7935026.407600000500679, -4447132.309399999678135 ], [ -7934988.2676, -4447117.613800000399351 ], [ -7934940.681500000879169, -4447124.538699999451637 ], [ -7934919.129000000655651, -4447123.690900001674891 ], [ -7934906.415699999779463, -4447118.792100001126528 ], [ -7934885.284099999815226, -4447109.163800001144409 ], [ -7934842.3355, -4447107.473799999803305 ], [ -7934782.472200000658631, -4447096.321100000292063 ], [ -7934756.849999999627471, -4447091.542599998414516 ], [ -7934722.83390000090003, -4447081.406899999827147 ], [ -7934703.541400000452995, -4447062.82149999961257 ], [ -7934697.435200000181794, -4447045.558800000697374 ], [ -7934684.427200000733137, -4447031.429099999368191 ], [ -7934651.604699999094009, -4447030.848600000143051 ], [ -7934620.683800000697374, -4447051.6233000010252 ], [ -7934606.305299999192357, -4447089.386500000953674 ], [ -7934583.973899999633431, -4447110.499400001019239 ], [ -7934561.495500000193715, -4447135.376800000667572 ], [ -7934521.906300000846386, -4447155.810100000351667 ], [ -7934490.176300000399351, -4447197.288600001484156 ], [ -7934447.498299999162555, -4447195.72749999910593 ], [ -7934437.46169999986887, -4447225.373399998992682 ], [ -7934438.737600000575185, -4447246.44990000128746 ], [ -7934470.963300000876188, -4447248.685499999672174 ], [ -7934483.015000000596046, -4447270.524399999529123 ], [ -7934536.550899999216199, -4447333.58390000090003 ], [ -7934611.851399999111891, -4447388.075100000947714 ], [ -7934654.115199999883771, -4447407.333399999886751 ], [ -7934692.676599999889731, -4447413.25 ], [ -7934718.128200000151992, -4447422.420800000429153 ], [ -7934730.498999999836087, -4447436.103500001132488 ], [ -7934764.197799999266863, -4447454.395899999886751 ], [ -7934793.312599999830127, -4447481.933499999344349 ], [ -7934824.541999999433756, -4447523.790600001811981 ], [ -7934861.244799999520183, -4447538.853399999439716 ], [ -7934901.629499999806285, -4447572.283599998801947 ], [ -7934926.131799999624491, -4447607.808499999344349 ], [ -7934988.526599999517202, -4447662.418999999761581 ], [ -7935021.370200000703335, -4447702.670899998396635 ], [ -7935050.682, -4447725.189100001007318 ], [ -7935084.700500000268221, -4447735.3246 ], [ -7935110.128799999132752, -4447745.122099999338388 ], [ -7935134.553999999538064, -4447780.644200000911951 ], [ -7935154.855499999597669, -4447811.605399999767542 ], [ -7935192.587099999189377, -4447838.853300001472235 ], [ -7935240.373400000855327, -4447901.042100001126528 ] ] ] ] } },
{ "type": "Feature", "properties": { "objectid": 18441, "st_area_sh": 13112.521845900001, "st_length_": 471.11971946400001, "Nombre": "Laguna Huemul", "Tipo": "Laguna", "objectid_2": 247, "shape_leng": 262471.17911500001, "dis_elec": 19, "cir_sena": 10, "cod_comuna": 16106, "codregion": 16, "st_area_sh_2": 1727224327.51, "st_length__2": 330351.58841800003, "Region": "Región de Ñuble", "Comuna": "Pinto", "Provincia": "Ñuble" }, "geometry": { "type": "MultiPolygon", "coordinates": [ [ [ [ -7957788.580900000408292, -4422036.966099999845028 ], [ -7957747.615299999713898, -4422031.093400001525879 ], [ -7957702.04109999909997, -4422031.093400001525879 ], [ -7957658.6042, -4422056.657699998468161 ], [ -7957642.473999999463558, -4422080.927799999713898 ], [ -7957640.281099999323487, -4422124.722699999809265 ], [ -7957655.832399999722838, -4422159.973099999129772 ], [ -7957678.742000000551343, -4422180.819899998605251 ], [ -7957704.612500000745058, -4422177.883499998599291 ], [ -7957741.782199999317527, -4422107.410599999129772 ], [ -7957759.615499999374151, -4422068.890099998563528 ], [ -7957788.580900000408292, -4422036.966099999845028 ] ] ] ] } },
{ "type": "Feature", "properties": { "objectid": 13807, "st_area_sh": 26960.136915399999, "st_length_": 663.57868315899998, "Nombre": null, "Tipo": "Lago", "objectid_2": 254, "shape_leng": 121908.642828, "dis_elec": 19, "cir_sena": 10, "cod_comuna": 16108, "codregion": 16, "st_area_sh_2": 567758406.11500001, "st_length__2": 152286.67209400001, "Region": "Región de Ñuble", "Comuna": "San Ignacio", "Provincia": "Ñuble" }, "geometry": { "type": "MultiPolygon", "coordinates": [ [ [ [ -8013929.435100000351667, -4415919.738600000739098 ], [ -8013969.162499999627471, -4415886.5304000005126 ], [ -8013995.5625, -4415865.433400001376867 ], [ -8014009.499099999666214, -4415831.408900000154972 ], [ -8014018.875199999660254, -4415806.013300001621246 ], [ -8014010.991900000721216, -4415783.831399999558926 ], [ -8013985.672399999573827, -4415770.49720000103116 ], [ -8013959.744699999690056, -4415774.063099998980761 ], [ -8013937.028599999845028, -4415787.130100000649691 ], [ -8013920.176999999210238, -4415794.743000000715256 ], [ -8013901.339600000530481, -4415798.53319999948144 ], [ -8013884.197300000116229, -4415800.497000001370907 ], [ -8013870.212400000542402, -4415796.29450000077486 ], [ -8013851.942099999636412, -4415791.9560999982059 ], [ -8013830.437300000339746, -4415791.275199998170137 ], [ -8013800.30210000090301, -4415794.707400001585484 ], [ -8013778.3443, -4415810.931400001049042 ], [ -8013768.948100000619888, -4415836.953000001609325 ], [ -8013780.448000000789762, -4415880.555700000375509 ], [ -8013784.065199999138713, -4415901.976300001144409 ], [ -8013830.792199999094009, -4415916.615600001066923 ], [ -8013865.153599999845028, -4415917.703499998897314 ], [ -8013882.295299999415874, -4415918.246300000697374 ], [ -8013929.435100000351667, -4415919.738600000739098 ] ] ] ] } },
{ "type": "Feature", "properties": { "objectid": 13825, "st_area_sh": 540490.96077999996, "st_length_": 4487.1955235300002, "Nombre": null, "Tipo": "Lago", "objectid_2": 246, "shape_leng": 200217.67868099999, "dis_elec": 19, "cir_sena": 10, "cod_comuna": 16105, "codregion": 16, "st_area_sh_2": 883295708.32599986, "st_length__2": 250641.1279, "Region": "Región de Ñuble", "Comuna": "Pemuco", "Provincia": "Ñuble" }, "geometry": { "type": "MultiPolygon", "coordinates": [ [ [ [ -8033584.512399999424815, -4428291.646200001239777 ], [ -8033615.310799999162555, -4428266.842300001531839 ], [ -8033637.656600000336766, -4428237.394200000911951 ], [ -8033659.709300000220537, -4428220.485399998724461 ], [ -8033728.236500000581145, -4428226.922499999403954 ], [ -8033780.6974, -4428198.372900001704693 ], [ -8033823.997400000691414, -4428186.489599999040365 ], [ -8033871.198999999091029, -4428187.897599998861551 ], [ -8033910.0077, -4428185.290800001472235 ], [ -8033944.336100000888109, -4428186.314599998295307 ], [ -8033995.82880000025034, -4428187.850099999457598 ], [ -8034021.575099999085069, -4428188.61769999936223 ], [ -8034133.6097999997437, -4428178.7820999994874 ], [ -8034168.145899999886751, -4428175.419599998742342 ], [ -8034310.32880000025034, -4428162.716099999845028 ], [ -8034358.437400000169873, -4428133.406899999827147 ], [ -8034389.104000000283122, -4428112.988800000399351 ], [ -8034475.761399999260902, -4428089.846000000834465 ], [ -8034531.6744, -4428087.118700001388788 ], [ -8034582.486500000581145, -4428114.354100000113249 ], [ -8034590.439799999818206, -4428135.9221 ], [ -8034620.088700000196695, -4428149.979699999094009 ], [ -8034646.094100000336766, -4428141.969999998807907 ], [ -8034664.0165, -4428116.780200000852346 ], [ -8034665.033399999141693, -4428082.304000001400709 ], [ -8034635.384500000625849, -4428068.246599998325109 ], [ -8034618.978700000792742, -4428042.035500001162291 ], [ -8034615.704700000584126, -4428007.43189999833703 ], [ -8034616.462999999523163, -4427981.731600001454353 ], [ -8034665.069299999624491, -4427935.496899999678135 ], [ -8034735.707000000402331, -4427872.978199999779463 ], [ -8034823.138000000268221, -4427823.50620000064373 ], [ -8034905.42339999973774, -4427800.230500001460314 ], [ -8034923.473899999633431, -4427770.653299998492002 ], [ -8034941.602399999275804, -4427741.078299999237061 ], [ -8034925.118100000545382, -4427714.8662 ], [ -8034893.849999999627471, -4427700.13459999859333 ], [ -8034886.764799999073148, -4427696.787000000476837 ], [ -8034775.117499999701977, -4427701.622999999672174 ], [ -8034701.913599999621511, -4427708.228700000792742 ], [ -8034602.386900000274181, -4427730.989599999040365 ], [ -8034571.851399999111891, -4427747.019900001585484 ], [ -8034515.732699999585748, -4427754.132800001651049 ], [ -8034438.237500000745058, -4427760.609000001102686 ], [ -8034364.825500000268221, -4427771.597800001502037 ], [ -8034278.300100000575185, -4427790.351399999111891 ], [ -8034165.380699999630451, -4427830.275800000876188 ], [ -8034121.582499999552965, -4427859.084499999880791 ], [ -8034064.3925, -4427905.060600001364946 ], [ -8034017.003000000491738, -4427907.412099998444319 ], [ -8033918.181600000709295, -4427908.857099998742342 ], [ -8033820.042199999094009, -4427884.598900001496077 ], [ -8033772.893799999728799, -4427878.800599999725819 ], [ -8033670.171299999579787, -4427866.951999999582767 ], [ -8033601.568399999290705, -4427860.512499999254942 ], [ -8033523.682600000873208, -4427880.145300000905991 ], [ -8033475.253699999302626, -4427917.596500001847744 ], [ -8033409.367499999701977, -4427967.073699999600649 ], [ -8033374.070699999108911, -4427996.133600000292063 ], [ -8033313.737400000914931, -4428003.114399999380112 ], [ -8033240.583100000396371, -4428005.319899998605251 ], [ -8033115.676999999210238, -4428014.761 ], [ -8033071.503799999132752, -4428056.102299999445677 ], [ -8033044.7357, -4428089.8081 ], [ -8033030.82179999910295, -4428124.525699999183416 ], [ -8033029.687999999150634, -4428162.762699998915195 ], [ -8033033.198300000280142, -4428189.218199998140335 ], [ -8033054.151699999347329, -4428206.784499999135733 ], [ -8033087.587899999693036, -4428237.899399999529123 ], [ -8033121.526000000536442, -4428252.089600000530481 ], [ -8033155.932499999180436, -4428253.118200000375509 ], [ -8033191.022700000554323, -4428228.443999998271465 ], [ -8033234.193199999630451, -4428220.950800001621246 ], [ -8033273.020700000226498, -4428217.7195999994874 ], [ -8033358.841700000688434, -4428220.284000001847744 ], [ -8033431.607599999755621, -4428231.241399999707937 ], [ -8033457.224099999293685, -4428236.398299999535084 ], [ -8033486.760299999266863, -4428254.220199998468161 ], [ -8033520.647299999371171, -4428272.799499999731779 ], [ -8033546.022600000724196, -4428286.105200000107288 ], [ -8033584.512399999424815, -4428291.646200001239777 ] ] ] ] } },
{ "type": "Feature", "properties": { "objectid": 13826, "st_area_sh": 26517.424002899999, "st_length_": 921.26523525599998, "Nombre": "Laguna Las Mellizas", "Tipo": "Laguna", "objectid_2": 246, "shape_leng": 200217.67868099999, "dis_elec": 19, "cir_sena": 10, "cod_comuna": 16105, "codregion": 16, "st_area_sh_2": 883295708.32599986, "st_length__2": 250641.1279, "Region": "Región de Ñuble", "Comuna": "Pemuco", "Provincia": "Ñuble" }, "geometry": { "type": "MultiPolygon", "coordinates": [ [ [ [ -8054768.5943, -4427623.565400000661612 ], [ -8054791.074300000444055, -4427615.407900001853704 ], [ -8054805.161100000143051, -4427588.822500001639128 ], [ -8054806.026399999856949, -4427557.477200001478195 ], [ -8054779.704600000753999, -4427543.569299999624491 ], [ -8054758.332399999722838, -4427511.605000000447035 ], [ -8054750.181600000709295, -4427484.400699999183416 ], [ -8054732.755000000819564, -4427470.74040000140667 ], [ -8054706.771299999207258, -4427447.431099999696016 ], [ -8054684.89750000089407, -4427433.646999999880791 ], [ -8054672.4206000007689, -4427401.930500000715256 ], [ -8054654.751900000497699, -4427397.046799998730421 ], [ -8054637.706599999219179, -4427369.594799999147654 ], [ -8054642.898499999195337, -4427342.76240000128746 ], [ -8054647.830700000748038, -4427325.333399999886751 ], [ -8054626.45920000039041, -4427293.3695 ], [ -8054595.526599999517202, -4427288.1162 ], [ -8054585.644799999892712, -4427323.600999999791384 ], [ -8054584.657700000330806, -4427359.333799999207258 ], [ -8054584.051699999719858, -4427381.274900000542402 ], [ -8054582.926100000739098, -4427422.022999998182058 ], [ -8054594.9178, -4427471.292700000107288 ], [ -8054603.068199999630451, -4427498.497099999338388 ], [ -8054620.659, -4427503.378899998962879 ], [ -8054661.188500000163913, -4427486.313799999654293 ], [ -8054678.5976, -4427500.601100001484156 ], [ -8054691.21309999935329, -4427527.3026 ], [ -8054712.585200000554323, -4427559.267099998891354 ], [ -8054729.795299999415874, -4427577.940600000321865 ], [ -8054746.598899999633431, -4427614.16950000077486 ], [ -8054768.5943, -4427623.565400000661612 ] ] ] ] } },
{ "type": "Feature", "properties": { "objectid": 13827, "st_area_sh": 27599.321859600001, "st_length_": 1000.1306365299999, "Nombre": "Laguna Las Mellizas", "Tipo": "Laguna", "objectid_2": 246, "shape_leng": 200217.67868099999, "dis_elec": 19, "cir_sena": 10, "cod_comuna": 16105, "codregion": 16, "st_area_sh_2": 883295708.32599986, "st_length__2": 250641.1279, "Region": "Región de Ñuble", "Comuna": "Pemuco", "Provincia": "Ñuble" }, "geometry": { "type": "MultiPolygon", "coordinates": [ [ [ [ -8054552.07740000076592, -4427894.216299999505281 ], [ -8054592.348799999803305, -4427886.5548 ], [ -8054610.54619999974966, -4427869.4945 ], [ -8054615.738600000739098, -4427842.660900000482798 ], [ -8054611.793099999427795, -4427824.356199998408556 ], [ -8054580.980200000107288, -4427814.714200001209974 ], [ -8054554.415699999779463, -4427809.582100000232458 ], [ -8054528.093699999153614, -4427795.673300001770258 ], [ -8054524.390900000929832, -4427768.591899998486042 ], [ -8054520.930600000545382, -4427732.733800001442432 ], [ -8054512.659, -4427709.917100001126528 ], [ -8054508.817700000479817, -4427687.851300001144409 ], [ -8054491.850400000810623, -4427660.400499999523163 ], [ -8054470.23619999922812, -4427637.212000001221895 ], [ -8054443.6722, -4427632.079900000244379 ], [ -8054417.108200000599027, -4427626.947599999606609 ], [ -8054394.991900000721216, -4427621.939300000667572 ], [ -8054381.848500000312924, -4427617.181200001388788 ], [ -8054359.9748, -4427603.396099999547005 ], [ -8054333.67090000025928, -4427588.860100001096725 ], [ -8054297.466700000688434, -4427610.436299998313189 ], [ -8054296.599999999627471, -4427641.781700000166893 ], [ -8054331.937599999830127, -4427651.550599999725819 ], [ -8054358.622999999672174, -4427652.294700000435114 ], [ -8054380.8608, -4427652.914900001138449 ], [ -8054393.6402000002563, -4427670.837999999523163 ], [ -8054401.6689, -4427702.431499999016523 ], [ -8054436.14049999974668, -4427743.545800000429153 ], [ -8054475.787799999117851, -4427758.453699998557568 ], [ -8054484.0767, -4427780.6435999982059 ], [ -8054483.331700000911951, -4427807.601100001484156 ], [ -8054487.034399999305606, -4427834.682399999350309 ], [ -8054504.019300000742078, -4427861.506700001657009 ], [ -8054530.081700000911951, -4427884.819699998944998 ], [ -8054552.07740000076592, -4427894.216299999505281 ] ] ] ] } },
{ "type": "Feature", "properties": { "objectid": 13836, "st_area_sh": 198594.462038, "st_length_": 2673.6122184699998, "Nombre": "Laguna del Valle Hermoso", "Tipo": "Laguna", "objectid_2": 246, "shape_leng": 200217.67868099999, "dis_elec": 19, "cir_sena": 10, "cod_comuna": 16105, "codregion": 16, "st_area_sh_2": 883295708.32599986, "st_length__2": 250641.1279, "Region": "Región de Ñuble", "Comuna": "Pemuco", "Provincia": "Ñuble" }, "geometry": { "type": "MultiPolygon", "coordinates": [ [ [ [ -8047328.177400000393391, -4434981.860199999064207 ], [ -8047359.339199999347329, -4434943.82660000026226 ], [ -8047385.708799999207258, -4434923.234900001436472 ], [ -8047402.963700000196695, -4434923.728000000119209 ], [ -8047433.503100000321865, -4434907.649999998509884 ], [ -8047450.804199999198318, -4434903.749600000679493 ], [ -8047494.368200000375509, -4434883.021200001239777 ], [ -8047498.969200000166893, -4434839.206300001591444 ], [ -8047461.780300000682473, -4434836.260400000959635 ], [ -8047452.0866, -4434789.526200000196695 ], [ -8047450.188500000163913, -4434773.776999998837709 ], [ -8047442.453299999237061, -4434743.421700000762939 ], [ -8047430.672700000926852, -4434704.161699999123812 ], [ -8047413.975999999791384, -4434686.734299998730421 ], [ -8047401.637599999085069, -4434664.408900000154972 ], [ -8047398.072100000455976, -4434638.567600000649691 ], [ -8047407.715900000184774, -4434604.3147 ], [ -8047412.738600000739098, -4434578.718899998813868 ], [ -8047396.46169999986887, -4434543.725600000470877 ], [ -8047366.776599999517202, -4434529.693799998611212 ], [ -8047337.091600000858307, -4434515.661899998784065 ], [ -8047320.270999999716878, -4434502.625399999320507 ], [ -8047299.049699999392033, -4434493.229899998754263 ], [ -8047277.75029999949038, -4434483.832100000232458 ], [ -8047213.464400000870228, -4434477.599700000137091 ], [ -8047191.1228, -4434507.722199998795986 ], [ -8047185.975199999287724, -4434537.708500001579523 ], [ -8047159.357100000604987, -4434567.081000000238419 ], [ -8047137.20409999974072, -4434587.792199999094009 ], [ -8047111.190600000321865, -4434595.837099999189377 ], [ -8047086.031099999323487, -4434573.772599998861551 ], [ -8047061.014000000432134, -4434546.690000001341105 ], [ -8047009.763299999758601, -4434532.667899999767542 ], [ -8046975.660199999809265, -4434522.903099998831749 ], [ -8046954.439099999144673, -4434513.506900001317263 ], [ -8046915.792999999597669, -4434512.400699999183416 ], [ -8046807.990199999883771, -4434522.498199999332428 ], [ -8046768.489199999719858, -4434551.500599998980761 ], [ -8046742.27280000038445, -4434563.933400001376867 ], [ -8046677.737500000745058, -4434566.479499999433756 ], [ -8046634.191400000825524, -4434586.576699998229742 ], [ -8046601.845300000160933, -4434663.495799999684095 ], [ -8046595.341600000858307, -4434741.155799999833107 ], [ -8046616.580399999395013, -4434749.925599999725819 ], [ -8046659.350299999117851, -4434759.940099999308586 ], [ -8046671.8585, -4434773.482200000435114 ], [ -8046684.135099999606609, -4434795.179000001400709 ], [ -8046705.231699999421835, -4434808.967099998146296 ], [ -8046739.958799999207258, -4434796.778000000864267 ], [ -8046740.9386, -4434762.277100000530481 ], [ -8046741.918199999257922, -4434727.776399999856949 ], [ -8046781.373400000855327, -4434703.166799999773502 ], [ -8046811.556700000539422, -4434699.636500000953674 ], [ -8046837.072200000286102, -4434709.156199999153614 ], [ -8046875.719000000506639, -4434710.262600000947714 ], [ -8046923.032299999147654, -4434711.616900000721216 ], [ -8046987.319299999624491, -4434717.851300001144409 ], [ -8047008.558499999344349, -4434726.62049999833107 ], [ -8047068.878900000825524, -4434723.95160000026226 ], [ -8047081.99239999987185, -4434716.165600001811981 ], [ -8047129.352299999445677, -4434713.125700000673532 ], [ -8047188.818800000473857, -4434740.566100001335144 ], [ -8047226.612400000914931, -4434771.780999999493361 ], [ -8047238.996899999678135, -4434789.713500000536442 ], [ -8047254.715399999171495, -4434841.6426 ], [ -8047279.4561, -4434881.273800000548363 ], [ -8047309.2665, -4434890.915199998766184 ], [ -8047330.008600000292063, -4434917.248199999332428 ], [ -8047303.2654, -4434951.0132 ], [ -8047306.812999999150634, -4434977.482599999755621 ], [ -8047328.177400000393391, -4434981.860199999064207 ] ] ] ] } },
{ "type": "Feature", "properties": { "objectid": 13837, "st_area_sh": 50224.118955999998, "st_length_": 1145.84489128, "Nombre": null, "Tipo": "Lago", "objectid_2": 246, "shape_leng": 200217.67868099999, "dis_elec": 19, "cir_sena": 10, "cod_comuna": 16105, "codregion": 16, "st_area_sh_2": 883295708.32599986, "st_length__2": 250641.1279, "Region": "Región de Ñuble", "Comuna": "Pemuco", "Provincia": "Ñuble" }, "geometry": { "type": "MultiPolygon", "coordinates": [ [ [ [ -8017958.9638, -4436061.377300001680851 ], [ -8017976.275100000202656, -4436057.525600001215935 ], [ -8017994.386499999091029, -4436027.958000000566244 ], [ -8018000.006799999624491, -4435985.441700000315905 ], [ -8018005.783299999311566, -4435937.908100001513958 ], [ -8018011.832699999213219, -4435881.593600001186132 ], [ -8018025.337799999862909, -4435861.926899999380112 ], [ -8018040.833399999886751, -4435831.021999999880791 ], [ -8018047.488199999555945, -4435815.535300001502037 ], [ -8018061.26630000025034, -4435792.110300000756979 ], [ -8018070.94620000012219, -4435779.857599999755621 ], [ -8018072.955299999564886, -4435715.255699999630451 ], [ -8018074.164599999785423, -4435676.369100000709295 ], [ -8018058.336200000718236, -4435632.553800001740456 ], [ -8018045.845799999311566, -4435619.605799999088049 ], [ -8018032.965399999171495, -4435619.2018 ], [ -8018019.7336, -4435627.576099999248981 ], [ -8018018.4070999994874, -4435670.225499998778105 ], [ -8018016.78800000064075, -4435722.283100001513958 ], [ -8017998.131100000813603, -4435769.411800000816584 ], [ -8017971.979399999603629, -4435781.147599998861551 ], [ -8017941.651200000196695, -4435788.985500000417233 ], [ -8017915.226399999111891, -4435809.502099998295307 ], [ -8017879.980000000447035, -4435834.7643 ], [ -8017853.691400000825524, -4435850.890299998223782 ], [ -8017823.362999999895692, -4435858.727800000458956 ], [ -8017805.661599999293685, -4435875.123399998992682 ], [ -8017795.864, -4435913.740899998694658 ], [ -8017812.218599999323487, -4435940.622999999672174 ], [ -8017837.589999999850988, -4435953.975900001823902 ], [ -8017858.648199999704957, -4435967.821400001645088 ], [ -8017887.845000000670552, -4435998.873500000685453 ], [ -8017912.806700000539422, -4436025.397999998182058 ], [ -8017958.9638, -4436061.377300001680851 ] ] ] ] } },
{ "type": "Feature", "properties": { "objectid": 13838, "st_area_sh": 232185.047723, "st_length_": 2426.1245197200001, "Nombre": "Laguna del Valle Hermoso", "Tipo": "Laguna", "objectid_2": 246, "shape_leng": 200217.67868099999, "dis_elec": 19, "cir_sena": 10, "cod_comuna": 16105, "codregion": 16, "st_area_sh_2": 883295708.32599986, "st_length__2": 250641.1279, "Region": "Región de Ñuble", "Comuna": "Pemuco", "Provincia": "Ñuble" }, "geometry": { "type": "MultiPolygon", "coordinates": [ [ [ [ -8046279.344499999657273, -4436343.138399999588728 ], [ -8046322.773800000548363, -4436327.43129999935627 ], [ -8046340.559399999678135, -4436306.593400001525879 ], [ -8046333.450899999588728, -4436254.274999998509884 ], [ -8046329.643300000578165, -4436085.894200000911951 ], [ -8046331.374099999666214, -4436025.040300000458956 ], [ -8046333.693499999120831, -4435943.484000001102686 ], [ -8046396.635900000110269, -4435846.086899999529123 ], [ -8046427.649800000712276, -4435816.211199998855591 ], [ -8046446.53999999910593, -4435756.47859999909997 ], [ -8046421.629100000485778, -4435725.627300001680851 ], [ -8046378.980499999597669, -4435711.219399999827147 ], [ -8046340.936599999666214, -4435688.781399998813868 ], [ -8046306.95549999922514, -4435674.621800001710653 ], [ -8046294.196900000795722, -4435669.86089999973774 ], [ -8046277.297800000756979, -4435656.8191 ], [ -8046256.200200000777841, -4435643.028900001198053 ], [ -8046230.058700000867248, -4435655.463700000196695 ], [ -8046233.371600000187755, -4435690.090500000864267 ], [ -8046249.817900000140071, -4435716.304299999028444 ], [ -8046213.123999999836087, -4435797.500500001013279 ], [ -8046139.914000000804663, -4435799.794399999082088 ], [ -8046114.1469, -4435799.0548 ], [ -8046045.07740000076592, -4435809.629099998623133 ], [ -8046010.768200000748038, -4435804.2489 ], [ -8045976.537100000306964, -4435798.870999999344349 ], [ -8045942.53830000013113, -4435785.337499998509884 ], [ -8045908.682399999350309, -4435766.785199999809265 ], [ -8045879.0252, -4435748.981100000441074 ], [ -8045854.11600000038743, -4435718.128600001335144 ], [ -8045841.9831000007689, -4435691.410300001502037 ], [ -8045812.154200000688434, -4435682.39130000025034 ], [ -8045790.574500000104308, -4435685.53830000013113 ], [ -8045785.779699999839067, -4435702.98030000180006 ], [ -8045806.269099999219179, -4435738.100999999791384 ], [ -8045813.750099999830127, -4435777.242800001055002 ], [ -8045807.972200000658631, -4435829.188999999314547 ], [ -8045806.3816, -4435885.022700000554323 ], [ -8045840.255400000140071, -4435902.948300000280142 ], [ -8045881.217700000852346, -4435973.81810000166297 ], [ -8045901.55379999987781, -4436017.097300000488758 ], [ -8045938.847400000318885, -4436065.886700000613928 ], [ -8045972.471999999135733, -4436092.595199998468161 ], [ -8045997.382500000298023, -4436123.448600001633167 ], [ -8046030.835400000214577, -4436158.942400000989437 ], [ -8046059.91579999960959, -4436194.310699999332428 ], [ -8046084.684000000357628, -4436230.183200001716614 ], [ -8046174.182900000363588, -4436259.751200001686811 ], [ -8046182.558199999853969, -4436267.526200000196695 ], [ -8046211.8893, -4436294.111200001090765 ], [ -8046245.2654, -4436329.602800000458956 ], [ -8046279.344499999657273, -4436343.138399999588728 ] ] ] ] } },
{ "type": "Feature", "properties": { "objectid": 13840, "st_area_sh": 194206.38707299999, "st_length_": 1840.5220560400001, "Nombre": "Laguna Danicalqui", "Tipo": "Laguna", "objectid_2": 246, "shape_leng": 200217.67868099999, "dis_elec": 19, "cir_sena": 10, "cod_comuna": 16105, "codregion": 16, "st_area_sh_2": 883295708.32599986, "st_length__2": 250641.1279, "Region": "Región de Ñuble", "Comuna": "Pemuco", "Provincia": "Ñuble" }, "geometry": { "type": "MultiPolygon", "coordinates": [ [ [ [ -7973425.538499999791384, -4441237.979400001466274 ], [ -7973451.746500000357628, -4441226.352099999785423 ], [ -7973470.607200000435114, -4441179.291000001132488 ], [ -7973503.25870000012219, -4441106.970899999141693 ], [ -7973508.926599999889731, -4441068.2331000007689 ], [ -7973523.703700000420213, -4441017.258699998259544 ], [ -7973525.387900000438094, -4440969.586399998515844 ], [ -7973527.22690000012517, -4440917.523499999195337 ], [ -7973515.773700000718236, -4440874.407999999821186 ], [ -7973495.367499999701977, -4440843.534600000828505 ], [ -7973478.812300000339746, -4440825.359299998730421 ], [ -7973462.10190000012517, -4440811.57490000128746 ], [ -7973428.19370000064373, -4440797.805700000375509 ], [ -7973406.879200000315905, -4440792.64979999884963 ], [ -7973380.727299999445677, -4440800.510400000959635 ], [ -7973359.412799999117851, -4440795.354299999773502 ], [ -7973338.408800000324845, -4440781.416700001806021 ], [ -7973317.094399999827147, -4440776.260600000619888 ], [ -7973290.865399999544024, -4440788.514499999582767 ], [ -7973264.658399999141693, -4440800.140999998897314 ], [ -7973247.692900000140071, -4440791.371599998325109 ], [ -7973213.341700000688434, -4440790.146699998527765 ], [ -7973165.199300000444055, -4440814.1798 ], [ -7973135.452299999073148, -4440804.326299998909235 ], [ -7973114.060000000521541, -4440799.166999999433756 ], [ -7973092.878799999132752, -4440790.246899999678135 ], [ -7973071.875099999830127, -4440776.308699999004602 ], [ -7973058.9934, -4440775.849300000816584 ], [ -7973045.512700000777841, -4440792.325500000268221 ], [ -7973023.732599999755621, -4440800.341099999845028 ], [ -7973010.85080000013113, -4440799.881499998271465 ], [ -7972967.212300000712276, -4440815.909699998795986 ], [ -7972949.725999999791384, -4440824.078499998897314 ], [ -7972936.089700000360608, -4440844.945500001311302 ], [ -7972944.078400000929832, -4440862.187800001353025 ], [ -7972969.686599999666214, -4440867.4978 ], [ -7972969.065400000661612, -4440885.061099998652935 ], [ -7972955.584300000220537, -4440901.537300001829863 ], [ -7972937.942500000819564, -4440914.096900001168251 ], [ -7972919.701400000602007, -4440943.592399999499321 ], [ -7972914.3421, -4440973.547800000756979 ], [ -7972917.570800000801682, -4441003.809500001370907 ], [ -7972921.087999999523163, -4441025.917100001126528 ], [ -7972967.722799999639392, -4441044.538800001144409 ], [ -7973006.136299999430776, -4441054.702300000935793 ], [ -7973057.509099999442697, -4441060.931499999016523 ], [ -7973087.256699999794364, -4441070.785500001162291 ], [ -7973121.2982, -4441080.792700000107288 ], [ -7973154.8191, -4441107.738699998706579 ], [ -7973184.123299999162555, -4441130.138000000268221 ], [ -7973247.913200000301003, -4441149.998500000685453 ], [ -7973290.177999999374151, -4441172.8597999997437 ], [ -7973315.188500000163913, -4441195.105700001120567 ], [ -7973349.0757, -4441209.503199998289347 ], [ -7973382.885700000450015, -4441228.294300001114607 ], [ -7973425.538499999791384, -4441237.979400001466274 ] ] ] ] } },
{ "type": "Feature", "properties": { "objectid": 13753, "st_area_sh": 38049.042314500002, "st_length_": 775.83965470800001, "Nombre": null, "Tipo": "Lago", "objectid_2": 255, "shape_leng": 130240.555805, "dis_elec": 19, "cir_sena": 10, "cod_comuna": 16305, "codregion": 16, "st_area_sh_2": 875100578.88399994, "st_length__2": 160459.13792899999, "Region": "Región de Ñuble", "Comuna": "San Nicolás", "Provincia": "Punilla" }, "geometry": { "type": "MultiPolygon", "coordinates": [ [ [ [ -8030560.254200000315905, -4368412.0143 ], [ -8030590.879799999296665, -4368387.347500000149012 ], [ -8030610.41469999961555, -4368364.845499999821186 ], [ -8030626.8048, -4368327.899599999189377 ], [ -8030627.6897, -4368297.978100001811981 ], [ -8030624.5658, -4368259.202300000935793 ], [ -8030625.450799999758601, -4368229.281100001186132 ], [ -8030613.534800000488758, -4368198.978000000119209 ], [ -8030601.489700000733137, -4368173.038400001823902 ], [ -8030581.6853, -4368120.663400001823902 ], [ -8030556.212600000202656, -4368115.535900000482798 ], [ -8030534.877800000831485, -4368114.899300001561642 ], [ -8030504.286100000143051, -4368135.822900000959635 ], [ -8030490.47069999948144, -4368169.725400000810623 ], [ -8030489.585400000214577, -4368199.646299999207258 ], [ -8030493.096200000494719, -4368225.331399999558926 ], [ -8030488.201999999582767, -4368246.398200001567602 ], [ -8030470.617599999532104, -4368263.3429000005126 ], [ -8030465.335899999365211, -4368297.500399999320507 ], [ -8030454.901799999177456, -4368361.452100001275539 ], [ -8030471.453500000759959, -4368379.415899999439716 ], [ -8030487.76549999974668, -4368405.483399998396635 ], [ -8030521.772900000214577, -4368410.865899998694658 ], [ -8030560.254200000315905, -4368412.0143 ] ] ] ] } },
{ "type": "Feature", "properties": { "objectid": 13744, "st_area_sh": 22391.324701500002, "st_length_": 695.79312855199998, "Nombre": "Laguna del Burro", "Tipo": "Laguna", "objectid_2": 253, "shape_leng": 311061.93241499999, "dis_elec": 19, "cir_sena": 10, "cod_comuna": 16304, "codregion": 16, "st_area_sh_2": 2393006610.4899998, "st_length__2": 388109.61385700002, "Region": "Región de Ñuble", "Comuna": "San Fabián", "Provincia": "Punilla" }, "geometry": { "type": "MultiPolygon", "coordinates": [ [ [ [ -7933252.4682, -4361417.039700001478195 ], [ -7933248.182199999690056, -4361414.486699998378754 ], [ -7933245.553300000727177, -4361393.3462999984622 ], [ -7933249.387000000104308, -4361376.418600000441074 ], [ -7933262.907199999317527, -4361360.509500000625849 ], [ -7933267.895400000736117, -4361354.77930000051856 ], [ -7933267.151699999347329, -4361322.9934 ], [ -7933271.029200000688434, -4361307.935499999672174 ], [ -7933277.059299999848008, -4361295.3213 ], [ -7933260.086200000718236, -4361291.356699999421835 ], [ -7933215.799699999392033, -4361294.272700000554323 ], [ -7933212.272199999541044, -4361324.288600001484156 ], [ -7933189.3903, -4361339.7949 ], [ -7933185.658500000834465, -4361361.085299998521805 ], [ -7933160.6239, -4361374.147999998182058 ], [ -7933142.008199999108911, -4361389.553599998354912 ], [ -7933131.910700000822544, -4361409.123500000685453 ], [ -7933136.63880000077188, -4361432.085299998521805 ], [ -7933135.098300000652671, -4361455.818599998950958 ], [ -7933122.750900000333786, -4361470.452799998223782 ], [ -7933127.474099999293685, -4361491.543999999761581 ], [ -7933144.879899999126792, -4361512.335999999195337 ], [ -7933166.080900000408292, -4361516.201099999248981 ], [ -7933191.407299999147654, -4361515.603500001132488 ], [ -7933212.112600000575185, -4361498.277399998158216 ], [ -7933239.470200000330806, -4361493.2665 ], [ -7933264.300799999386072, -4361471.477800000458956 ], [ -7933289.087500000372529, -4361447.819400001317263 ], [ -7933292.8629, -4361428.398499999195337 ], [ -7933265.301400000229478, -4361424.683899998664856 ], [ -7933252.4682, -4361417.039700001478195 ] ] ] ] } },
{ "type": "Feature", "properties": { "objectid": 13745, "st_area_sh": 9700.9249853500005, "st_length_": 451.31713931100001, "Nombre": "Laguna Los Patos", "Tipo": "Laguna", "objectid_2": 253, "shape_leng": 311061.93241499999, "dis_elec": 19, "cir_sena": 10, "cod_comuna": 16304, "codregion": 16, "st_area_sh_2": 2393006610.4899998, "st_length__2": 388109.61385700002, "Region": "Región de Ñuble", "Comuna": "San Fabián", "Provincia": "Punilla" }, "geometry": { "type": "MultiPolygon", "coordinates": [ [ [ [ -7913604.2489, -4364344.941199999302626 ], [ -7913605.558199999853969, -4364312.5735 ], [ -7913595.648, -4364292.841099999845028 ], [ -7913561.654500000178814, -4364281.478199999779463 ], [ -7913537.019400000572205, -4364280.472899999469519 ], [ -7913528.162900000810623, -4364255.795699998736382 ], [ -7913492.308499999344349, -4364242.486200001090765 ], [ -7913465.057099999859929, -4364233.2685999982059 ], [ -7913444.471400000154972, -4364253.003199998289347 ], [ -7913433.753200000151992, -4364276.25789999961853 ], [ -7913472.3015, -4364297.782900001853704 ], [ -7913491.374199999496341, -4364313.524999998509884 ], [ -7913521.569599999114871, -4364322.862700000405312 ], [ -7913553.273900000378489, -4364342.861200001090765 ], [ -7913604.2489, -4364344.941199999302626 ] ] ] ] } },
{ "type": "Feature", "properties": { "objectid": 13746, "st_area_sh": 25317.3376813, "st_length_": 684.35719476999998, "Nombre": null, "Tipo": "Lago", "objectid_2": 253, "shape_leng": 311061.93241499999, "dis_elec": 19, "cir_sena": 10, "cod_comuna": 16304, "codregion": 16, "st_area_sh_2": 2393006610.4899998, "st_length__2": 388109.61385700002, "Region": "Región de Ñuble", "Comuna": "San Fabián", "Provincia": "Punilla" }, "geometry": { "type": "MultiPolygon", "coordinates": [ [ [ [ -7971064.779100000858307, -4365578.126499999314547 ], [ -7971076.969399999827147, -4365569.601100001484156 ], [ -7971088.3445999994874, -4365556.070599999278784 ], [ -7971099.113700000569224, -4365531.571100000292063 ], [ -7971112.328500000759959, -4365522.086800001561642 ], [ -7971122.53940000012517, -4365513.4912 ], [ -7971134.659800000488758, -4365506.953600000590086 ], [ -7971144.800899999216199, -4365500.346099998801947 ], [ -7971145.917300000786781, -4365468.53830000013113 ], [ -7971144.531099999323487, -4365451.57039999961853 ], [ -7971126.961100000888109, -4365443.981699999421835 ], [ -7971120.417199999094009, -4365432.8026 ], [ -7971107.624399999156594, -4365430.192899998277426 ], [ -7971108.969100000336766, -4365363.72690000012517 ], [ -7971106.244300000369549, -4365356.663899999111891 ], [ -7971090.479399999603629, -4365354.115200001746416 ], [ -7971055.666600000113249, -4365357.8585 ], [ -7971049.41440000012517, -4365366.594099998474121 ], [ -7971048.32010000012815, -4365369.541000001132488 ], [ -7971029.342000000178814, -4365373.844999998807907 ], [ -7970997.637700000777841, -4365373.717399999499321 ], [ -7970997.288499999791384, -4365383.6570999994874 ], [ -7970993.481899999082088, -4365407.407699998468161 ], [ -7970989.919600000604987, -4365424.200199998915195 ], [ -7970978.64919999986887, -4365434.748500000685453 ], [ -7970976.961500000208616, -4365454.593199998140335 ], [ -7970969.719699999317527, -4365463.293699998408556 ], [ -7970959.683299999684095, -4365466.919100001454353 ], [ -7970958.100199999287724, -4365483.782000001519918 ], [ -7970959.660800000652671, -4365495.780000001192093 ], [ -7970971.362400000914931, -4365501.170699998736382 ], [ -7970990.061599999666214, -4365504.81870000064373 ], [ -7970999.609400000423193, -4365515.109200000762939 ], [ -7971014.070699999108911, -4365526.568900000303984 ], [ -7971024.538499999791384, -4365538.882399998605251 ], [ -7971047.056900000199676, -4365546.646600000560284 ], [ -7971050.49210000038147, -4365561.696800000965595 ], [ -7971050.038499999791384, -4365574.618900001049042 ], [ -7971064.779100000858307, -4365578.126499999314547 ] ] ] ] } },
{ "type": "Feature", "properties": { "objectid": 13751, "st_area_sh": 124481.487771, "st_length_": 1721.99957025, "Nombre": null, "Tipo": "Lago", "objectid_2": 253, "shape_leng": 311061.93241499999, "dis_elec": 19, "cir_sena": 10, "cod_comuna": 16304, "codregion": 16, "st_area_sh_2": 2393006610.4899998, "st_length__2": 388109.61385700002, "Region": "Región de Ñuble", "Comuna": "San Fabián", "Provincia": "Punilla" }, "geometry": { "type": "MultiPolygon", "coordinates": [ [ [ [ -7959726.283900000154972, -4368403.919399999082088 ], [ -7959756.365800000727177, -4368390.046 ], [ -7959786.425000000745058, -4368376.795299999415874 ], [ -7959792.030799999833107, -4368357.038100000470877 ], [ -7959769.074899999424815, -4368311.286699999123812 ], [ -7959745.47829999960959, -4368281.107099998742342 ], [ -7959707.893999999389052, -4368229.831700000911951 ], [ -7959690.522099999710917, -4368164.946800000965595 ], [ -7959687.418199999257922, -4368115.554000001400709 ], [ -7959669.347799999639392, -4368069.981800001114607 ], [ -7959655.778799999505281, -4368035.178300000727177 ], [ -7959637.347899999469519, -4367999.573699999600649 ], [ -7959613.469100000336766, -4367979.364799998700619 ], [ -7959594.497300000861287, -4367958.711300000548363 ], [ -7959576.247199999168515, -4367918.123199999332428 ], [ -7959552.651900000870228, -4367887.944200001657009 ], [ -7959519.671, -4367846.818500000983477 ], [ -7959500.519400000572205, -4367831.148699998855591 ], [ -7959466.1985, -4367824.905200000852346 ], [ -7959432.113099999725819, -4367814.304000001400709 ], [ -7959402.934900000691414, -4367803.258000001311302 ], [ -7959374.117499999701977, -4367782.244899999350309 ], [ -7959349.10190000012517, -4367791.3114 ], [ -7959333.1305, -4367825.035300001502037 ], [ -7959352.2818, -4367840.70549999922514 ], [ -7959350.47719999961555, -4367890.541499998420477 ], [ -7959364.689200000837445, -4367905.407400000840425 ], [ -7959368.388000000268221, -4367940.474199999123812 ], [ -7959367.147399999201298, -4367974.736699998378754 ], [ -7959370.768699999898672, -4368009.800799999386072 ], [ -7959389.018100000917912, -4368050.389499999582767 ], [ -7959402.405799999833107, -4368090.177000001072884 ], [ -7959430.682700000703335, -4368126.1418999992311 ], [ -7959454.020199999213219, -4368161.302700001746416 ], [ -7959462.964700000360608, -4368186.581000000238419 ], [ -7959491.445000000298023, -4368216.939399998635054 ], [ -7959525.58669999986887, -4368228.166799999773502 ], [ -7959539.2357, -4368258.6074 ], [ -7959542.596899999305606, -4368303.019799999892712 ], [ -7959556.4265, -4368328.476700000464916 ], [ -7959571.055099999532104, -4368334.001299999654293 ], [ -7959610.442700000479817, -4368335.439300000667572 ], [ -7959674.769500000402331, -4368327.806600000709295 ], [ -7959688.676899999380112, -4368353.26630000025034 ], [ -7959682.474899999797344, -4368387.34910000115633 ], [ -7959691.961100000888109, -4368397.676300000399351 ], [ -7959711.474700000137091, -4368403.378899998962879 ], [ -7959726.283900000154972, -4368403.919399999082088 ] ] ] ] } },
{ "type": "Feature", "properties": { "objectid": 13754, "st_area_sh": 105991.210682, "st_length_": 1500.31692671, "Nombre": "Laguna El Florido", "Tipo": "Laguna", "objectid_2": 253, "shape_leng": 311061.93241499999, "dis_elec": 19, "cir_sena": 10, "cod_comuna": 16304, "codregion": 16, "st_area_sh_2": 2393006610.4899998, "st_length__2": 388109.61385700002, "Region": "Región de Ñuble", "Comuna": "San Fabián", "Provincia": "Punilla" }, "geometry": { "type": "MultiPolygon", "coordinates": [ [ [ [ -7929775.79869999922812, -4373210.354499999433756 ], [ -7929811.153100000694394, -4373205.856699999421835 ], [ -7929826.476399999111891, -4373188.793600000441074 ], [ -7929864.362400000914931, -4373129.018100000917912 ], [ -7929881.420800000429153, -4373097.863800000399351 ], [ -7929875.041799999773502, -4373058.299600001424551 ], [ -7929843.874199999496341, -4373048.961399998515844 ], [ -7929812.629000000655651, -4373039.619899999350309 ], [ -7929806.3278, -4373000.059000000357628 ], [ -7929808.80629999935627, -4372936.506900001317263 ], [ -7929762.427500000223517, -4372910.969799999147654 ], [ -7929738.776499999687076, -4372910.039299998432398 ], [ -7929716.208200000226498, -4372784.034400001168251 ], [ -7929699.793199999257922, -4372753.946400001645088 ], [ -7929691.055400000885129, -4372717.839800000190735 ], [ -7929651.663599999621511, -4372716.289700001478195 ], [ -7929641.254100000485778, -4372751.642799999564886 ], [ -7929643.028100000694394, -4372804.49720000103116 ], [ -7929633.113900000229478, -4372838.592500001192093 ], [ -7929618.072300000116229, -4372894.997499998658895 ], [ -7929602.634400000795722, -4372914.999699998646975 ], [ -7929567.0515, -4372925.3761 ], [ -7929531.185699999332428, -4372973.630899999290705 ], [ -7929498.700999999418855, -4372996.0647 ], [ -7929445.496600000187755, -4373035.417199999094009 ], [ -7929456.057199999690056, -4373065.275800000876188 ], [ -7929521.313799999654293, -4373120.842300001531839 ], [ -7929571.943199999630451, -4373141.224599998444319 ], [ -7929617.398700000718236, -4373190.4397 ], [ -7929685.059299999848008, -4373206.784000001847744 ], [ -7929737.7467, -4373208.857299998402596 ], [ -7929775.79869999922812, -4373210.354499999433756 ] ] ] ] } },
{ "type": "Feature", "properties": { "objectid": 13757, "st_area_sh": 29442.140345799999, "st_length_": 1023.28993475, "Nombre": null, "Tipo": "Lago", "objectid_2": 253, "shape_leng": 311061.93241499999, "dis_elec": 19, "cir_sena": 10, "cod_comuna": 16304, "codregion": 16, "st_area_sh_2": 2393006610.4899998, "st_length__2": 388109.61385700002, "Region": "Región de Ñuble", "Comuna": "San Fabián", "Provincia": "Punilla" }, "geometry": { "type": "MultiPolygon", "coordinates": [ [ [ [ -7915559.776599999517202, -4376835.482900001108646 ], [ -7915577.810499999672174, -4376825.605399999767542 ], [ -7915583.239499999210238, -4376802.730599999427795 ], [ -7915596.79759999923408, -4376767.078499998897314 ], [ -7915600.702600000426173, -4376745.3902000002563 ], [ -7915614.208000000566244, -4376709.111699998378754 ], [ -7915626.244000000879169, -4376676.518899999558926 ], [ -7915650.3772, -4376642.545800000429153 ], [ -7915665.182, -4376612.5625 ], [ -7915669.061699999496341, -4376591.497699998319149 ], [ -7915658.813100000843406, -4376581.717599999159575 ], [ -7915649.968800000846386, -4376556.389800000935793 ], [ -7915636.414300000295043, -4376526.5011 ], [ -7915616.915500000119209, -4376520.713899999856949 ], [ -7915587.16440000012517, -4376524.496500000357628 ], [ -7915552.449400000274181, -4376528.077100001275539 ], [ -7915532.145999999716878, -4376542.231199998408556 ], [ -7915541.015100000426173, -4376566.935899998992682 ], [ -7915570.565199999138713, -4376568.138799998909235 ], [ -7915590.063999999314547, -4376573.925900001078844 ], [ -7915614.3256, -4376584.900600001215935 ], [ -7915623.371099999174476, -4376605.243099998682737 ], [ -7915612.339099999517202, -4376634.131400000303984 ], [ -7915591.834300000220537, -4376653.271200001239777 ], [ -7915572.134199999272823, -4376652.469300001859665 ], [ -7915542.181399999186397, -4376661.237399999052286 ], [ -7915531.526599999517202, -4376680.778099998831749 ], [ -7915516.712600000202656, -4376680.174899999052286 ], [ -7915501.976199999451637, -4376679.574999999254942 ], [ -7915502.378599999472499, -4376669.604200001806021 ], [ -7915483.080800000578165, -4376658.831300001591444 ], [ -7915472.627100000157952, -4376673.386500000953674 ], [ -7915457.008199999108911, -4376692.725099999457598 ], [ -7915441.290699999779463, -4376716.429000001400709 ], [ -7915444.933900000527501, -4376737.800299998372793 ], [ -7915472.694399999454618, -4376756.408399999141693 ], [ -7915512.336200000718236, -4376788.608600001782179 ], [ -7915530.829500000923872, -4376819.3235 ], [ -7915559.776599999517202, -4376835.482900001108646 ] ] ] ] } },
{ "type": "Feature", "properties": { "objectid": 13758, "st_area_sh": 74997.148085599998, "st_length_": 1128.64993493, "Nombre": "Laguna La Plata", "Tipo": "Laguna", "objectid_2": 253, "shape_leng": 311061.93241499999, "dis_elec": 19, "cir_sena": 10, "cod_comuna": 16304, "codregion": 16, "st_area_sh_2": 2393006610.4899998, "st_length__2": 388109.61385700002, "Region": "Región de Ñuble", "Comuna": "San Fabián", "Provincia": "Punilla" }, "geometry": { "type": "MultiPolygon", "coordinates": [ [ [ [ -7950406.915300000458956, -4377312.741500001400709 ], [ -7950448.499099999666214, -4377288.040899999439716 ], [ -7950493.136900000274181, -4377199.424199998378754 ], [ -7950447.864700000733137, -4377142.167500000447035 ], [ -7950403.960200000554323, -4377079.238099999725819 ], [ -7950369.800300000235438, -4377060.455299999564886 ], [ -7950310.399000000208616, -4377017.388599999248981 ], [ -7950262.816600000485778, -4377024.117199998348951 ], [ -7950188.56980000063777, -4377012.827100001275539 ], [ -7950164.715299999341369, -4377029.438000001013279 ], [ -7950117.7632, -4377042.26630000025034 ], [ -7950058.992000000551343, -4377060.4864999987185 ], [ -7950064.252399999648333, -4377075.270399998873472 ], [ -7950097.870999999344349, -4377108.620799999684095 ], [ -7950115.90430000051856, -4377153.462400000542402 ], [ -7950150.604900000616908, -4377174.7787000015378 ], [ -7950190.566299999132752, -4377193.779599998146296 ], [ -7950233.320499999448657, -4377215.802499998360872 ], [ -7950254.301000000908971, -4377253.538400001823902 ], [ -7950284.923900000751019, -4377278.408399999141693 ], [ -7950324.340600000694394, -4377279.88399999961257 ], [ -7950369.421399999409914, -4377305.5033 ], [ -7950406.915300000458956, -4377312.741500001400709 ] ] ] ] } },
{ "type": "Feature", "properties": { "objectid": 13763, "st_area_sh": 58433.034392499998, "st_length_": 1711.5460386100001, "Nombre": "Laguna Fuentecilla", "Tipo": "Laguna", "objectid_2": 253, "shape_leng": 311061.93241499999, "dis_elec": 19, "cir_sena": 10, "cod_comuna": 16304, "codregion": 16, "st_area_sh_2": 2393006610.4899998, "st_length__2": 388109.61385700002, "Region": "Región de Ñuble", "Comuna": "San Fabián", "Provincia": "Punilla" }, "geometry": { "type": "MultiPolygon", "coordinates": [ [ [ [ -7925581.183399999514222, -4382834.105500001460314 ], [ -7925608.932700000703335, -4382830.213300000876188 ], [ -7925614.4222999997437, -4382807.322500001639128 ], [ -7925651.091299999505281, -4382813.778499998152256 ], [ -7925679.185100000351667, -4382801.155799999833107 ], [ -7925702.5274, -4382792.715999998152256 ], [ -7925699.055299999192357, -4382764.471999999135733 ], [ -7925676.082100000232458, -4382763.557900000363588 ], [ -7925686.150499999523163, -4382740.849300000816584 ], [ -7925696.468800000846386, -4382713.778599999845028 ], [ -7925707.078299999237061, -4382677.351199999451637 ], [ -7925708.554199999198318, -4382639.9358000010252 ], [ -7925709.636499999091029, -4382612.497999999672174 ], [ -7925723.648199999704957, -4382608.059000000357628 ], [ -7925742.386399999260902, -4382600.060699999332428 ], [ -7925761.14919999986887, -4382591.438700001686811 ], [ -7925776.242799999192357, -4382559.561900001019239 ], [ -7925764.075899999588728, -4382517.232099998742342 ], [ -7925765.354900000616908, -4382484.806000001728535 ], [ -7925766.8059, -4382448.014800000935793 ], [ -7925799.186200000345707, -4382444.931099999696016 ], [ -7925826.44649999961257, -4382455.3838 ], [ -7925844.667899999767542, -4382460.480599999427795 ], [ -7925862.323999999091029, -4382479.919599998742342 ], [ -7925880.545499999076128, -4382485.016199998557568 ], [ -7925935.554400000721216, -4382491.575800001621246 ], [ -7925953.21059999987483, -4382511.014800000935793 ], [ -7925970.866800000891089, -4382530.453699998557568 ], [ -7926007.73200000077486, -4382531.919599998742342 ], [ -7926013.785800000652671, -4382494.686599999666214 ], [ -7925991.816999999806285, -4382466.332600001245737 ], [ -7925964.806199999526143, -4382451.518300000578165 ], [ -7925937.717800000682473, -4382436.700800001621246 ], [ -7925905.545800000429153, -4382440.417899999767542 ], [ -7925877.958100000396371, -4382434.324200000613928 ], [ -7925855.276699999347329, -4382424.0537 ], [ -7925846.487700000405312, -4382414.335799999535084 ], [ -7925822.653699999675155, -4382409.640500001609325 ], [ -7925801.759700000286102, -4382413.181099999696016 ], [ -7925780.0175, -4382406.695300001651049 ], [ -7925763.032500000670552, -4382411.640599999576807 ], [ -7925750.8991, -4382423.648899998515844 ], [ -7925739.2544, -4382446.918699998408556 ], [ -7925728.739800000563264, -4382478.977400001138449 ], [ -7925723.619599999859929, -4382492.513900000602007 ], [ -7925708.698100000619888, -4382520.025299999862909 ], [ -7925684.815199999138713, -4382542.183699999004602 ], [ -7925656.644600000232458, -4382554.803100001066923 ], [ -7925628.354699999094009, -4382572.414099998772144 ], [ -7925604.393899999558926, -4382594.569400001317263 ], [ -7925570.5614, -4382634.444200001657009 ], [ -7925550.888000000268221, -4382666.1385000012815 ], [ -7925526.462999999523163, -4382702.015900000929832 ], [ -7925511.5406, -4382729.527499999850988 ], [ -7925510.2116, -4382763.201499998569489 ], [ -7925555.915699999779463, -4382773.1404 ], [ -7925563.622099999338388, -4382810.2971 ], [ -7925581.183399999514222, -4382834.105500001460314 ] ] ] ] } },
{ "type": "Feature", "properties": { "objectid": 13764, "st_area_sh": 101780.64367400001, "st_length_": 1278.30587019, "Nombre": null, "Tipo": "Lago", "objectid_2": 253, "shape_leng": 311061.93241499999, "dis_elec": 19, "cir_sena": 10, "cod_comuna": 16304, "codregion": 16, "st_area_sh_2": 2393006610.4899998, "st_length__2": 388109.61385700002, "Region": "Región de Ñuble", "Comuna": "San Fabián", "Provincia": "Punilla" }, "geometry": { "type": "MultiPolygon", "coordinates": [ [ [ [ -7923322.95130000077188, -4383201.797899998724461 ], [ -7923360.11119999922812, -4383193.91609999909997 ], [ -7923379.420800000429153, -4383171.57880000025034 ], [ -7923389.667600000277162, -4383144.5066 ], [ -7923422.619000000879169, -4383127.087400000542402 ], [ -7923441.730599999427795, -4383109.738899998366833 ], [ -7923428.830700000748038, -4383086.1129 ], [ -7923420.24129999987781, -4383071.403799999505281 ], [ -7923421.873800000175834, -4383030.246399998664856 ], [ -7923410.08699999935925, -4382978.558899998664856 ], [ -7923387.287100000306964, -4382973.274599999189377 ], [ -7923364.978499999269843, -4382953.644600000232458 ], [ -7923352.5274, -4382920.668099999427795 ], [ -7923335.395199999213219, -4382888.129099998623133 ], [ -7923321.951500000432134, -4382878.222500000149012 ], [ -7923289.9408, -4382871.944899998605251 ], [ -7923275.21059999987483, -4382894.464699998497963 ], [ -7923260.4803, -4382916.984499998390675 ], [ -7923241.888499999418855, -4382921.237100001424551 ], [ -7923223.692500000819564, -4382915.512200001627207 ], [ -7923205.843100000172853, -4382901.05689999833703 ], [ -7923187.622500000521541, -4382895.95549999922514 ], [ -7923164.64949999935925, -4382895.035900000482798 ], [ -7923144.795499999076128, -4382931.0912000015378 ], [ -7923088.793600000441074, -4382947.586399998515844 ], [ -7923041.758400000631809, -4382973.184599999338388 ], [ -7923022.077099999412894, -4383004.874800000339746 ], [ -7923006.058800000697374, -4383059.821199998259544 ], [ -7923012.0976, -4383138.761300001293421 ], [ -7923057.750600000843406, -4383149.958399999886751 ], [ -7923085.380799999460578, -4383151.064800001680851 ], [ -7923121.451400000602007, -4383170.62220000103116 ], [ -7923175.8918999992311, -4383191.539599999785423 ], [ -7923221.545399999246001, -4383202.736000001430511 ], [ -7923286.084899999201298, -4383200.322599999606609 ], [ -7923322.95130000077188, -4383201.797899998724461 ] ] ] ] } },
{ "type": "Feature", "properties": { "objectid": 13765, "st_area_sh": 210906.76639500001, "st_length_": 2311.49515505, "Nombre": "Laguna El Baul", "Tipo": "Laguna", "objectid_2": 253, "shape_leng": 311061.93241499999, "dis_elec": 19, "cir_sena": 10, "cod_comuna": 16304, "codregion": 16, "st_area_sh_2": 2393006610.4899998, "st_length__2": 388109.61385700002, "Region": "Región de Ñuble", "Comuna": "San Fabián", "Provincia": "Punilla" }, "geometry": { "type": "MultiPolygon", "coordinates": [ [ [ [ -7924607.241900000721216, -4383928.955699998885393 ], [ -7924630.760099999606609, -4383916.152100000530481 ], [ -7924682.108300000429153, -4383899.461500000208616 ], [ -7924765.100999999791384, -4383898.399900000542402 ], [ -7924797.313200000673532, -4383899.68470000103116 ], [ -7924834.474899999797344, -4383891.7972999997437 ], [ -7924858.362500000745058, -4383869.638300001621246 ], [ -7924874.0033, -4383824.039000000804663 ], [ -7924906.215199999511242, -4383825.3235 ], [ -7924933.770099999383092, -4383826.422200001776218 ], [ -7924975.218800000846386, -4383828.074700001627207 ], [ -7925016.787200000137091, -4383824.7347999997437 ], [ -7925049.171700000762939, -4383821.653299998492002 ], [ -7925077.543500000610948, -4383804.045099999755621 ], [ -7925110.762000000104308, -4383777.885200001299381 ], [ -7925172.429500000551343, -4383734.120099999010563 ], [ -7925160.633600000292063, -4383682.430599998682737 ], [ -7925125.838300000876188, -4383630.449400000274181 ], [ -7925099.315099999308586, -4383601.284299999475479 ], [ -7925068.01549999974668, -4383576.925900001078844 ], [ -7925040.830900000408292, -4383566.473099999129772 ], [ -7925013.371600000187755, -4383561.006099998950958 ], [ -7924999.9254, -4383551.10080000013113 ], [ -7924996.430400000885129, -4383523.478300001472235 ], [ -7924965.698100000619888, -4383484.776299998164177 ], [ -7924934.3991, -4383460.417700000107288 ], [ -7924902.438400000333786, -4383454.771200001239777 ], [ -7924884.955399999395013, -4383430.96339999884367 ], [ -7924881.580299999564886, -4383398.34910000115633 ], [ -7924878.652599999681115, -4383356.383600000292063 ], [ -7924842.774900000542402, -4383331.842500001192093 ], [ -7924796.921299999579787, -4383325.641699999570847 ], [ -7924764.710999999195337, -4383324.357099998742342 ], [ -7924730.675599999725819, -4383369.220400001853704 ], [ -7924705.678999999538064, -4383419.441300000995398 ], [ -7924689.693, -4383473.769400000572205 ], [ -7924683.264000000432134, -4383520.359000001102686 ], [ -7924649.597699999809265, -4383555.8684 ], [ -7924648.142300000414252, -4383592.662799999117851 ], [ -7924651.439099999144673, -4383625.274599999189377 ], [ -7924664.169700000435114, -4383653.265900000929832 ], [ -7924695.81389999948442, -4383668.89469999819994 ], [ -7924718.246200000867248, -4383683.531300000846386 ], [ -7924731.149800000712276, -4383707.157299999147654 ], [ -7924726.027699999511242, -4383720.694699998944998 ], [ -7924702.510099999606609, -4383733.498399998992682 ], [ -7924674.310599999502301, -4383746.739900000393391 ], [ -7924646.678400000557303, -4383745.637499999254942 ], [ -7924618.7785, -4383753.269099999219179 ], [ -7924608.974500000476837, -4383767.244300000369549 ], [ -7924599.272700000554323, -4383780.59910000115633 ], [ -7924580.506899999454618, -4383789.219700001180172 ], [ -7924552.87470000050962, -4383788.11710000038147 ], [ -7924520.860300000756979, -4383781.842300001531839 ], [ -7924493.675899999216199, -4383771.387899998575449 ], [ -7924461.464199999347329, -4383770.102200001478195 ], [ -7924437.498299999162555, -4383792.256900001317263 ], [ -7924436.387800000607967, -4383820.320999998599291 ], [ -7924454.318099999800324, -4383834.778799999505281 ], [ -7924480.762399999424815, -4383863.942800000309944 ], [ -7924548.137299999594688, -4383907.857999999076128 ], [ -7924570.74269999936223, -4383918.129599999636412 ], [ -7924589.018799999728799, -4383923.855999998748302 ], [ -7924607.241900000721216, -4383928.955699998885393 ] ] ] ] } },
{ "type": "Feature", "properties": { "objectid": 13767, "st_area_sh": 119224.53700500001, "st_length_": 1754.61808505, "Nombre": null, "Tipo": "Lago", "objectid_2": 253, "shape_leng": 311061.93241499999, "dis_elec": 19, "cir_sena": 10, "cod_comuna": 16304, "codregion": 16, "st_area_sh_2": 2393006610.4899998, "st_length__2": 388109.61385700002, "Region": "Región de Ñuble", "Comuna": "San Fabián", "Provincia": "Punilla" }, "geometry": { "type": "MultiPolygon", "coordinates": [ [ [ [ -7924353.690600000321865, -4384862.70549999922514 ], [ -7924377.581499999389052, -4384840.545899998396635 ], [ -7924392.1151, -4384823.010200001299381 ], [ -7924384.066099999472499, -4384794.577799998223782 ], [ -7924384.979599999263883, -4384771.500799998641014 ], [ -7924381.778799999505281, -4384734.516399998217821 ], [ -7924396.509600000455976, -4384711.9912 ], [ -7924402.373299999162555, -4384679.741700001060963 ], [ -7924408.684900000691414, -4384638.140099998563528 ], [ -7924418.757999999448657, -4384615.429099999368191 ], [ -7924424.871899999678135, -4384578.817200001329184 ], [ -7924426.155500000342727, -4384546.385299999266863 ], [ -7924422.781700000166893, -4384513.7676 ], [ -7924405.2983, -4384489.956599999219179 ], [ -7924373.997899999842048, -4384465.594000000506639 ], [ -7924338.29079999960959, -4384436.682900000363588 ], [ -7924325.584899999201298, -4384408.065400000661612 ], [ -7924295.646600000560284, -4384351.274599999189377 ], [ -7924292.273299999535084, -4384318.657499998807907 ], [ -7924297.844100000336766, -4384295.767499998211861 ], [ -7924299.103399999439716, -4384263.960099998861551 ], [ -7924300.017000000923872, -4384240.884199999272823 ], [ -7924278.247300000861287, -4384207.532800000160933 ], [ -7924269.828700000420213, -4384188.456999998539686 ], [ -7924247.145600000396371, -4384178.181200001388788 ], [ -7924230.471000000834465, -4384171.268699999898672 ], [ -7924181.513299999758601, -4384208.041799999773502 ], [ -7924152.59569999948144, -4384239.368700001388788 ], [ -7924137.8651, -4384261.892499998211861 ], [ -7924112.8882, -4384311.492199998348951 ], [ -7924097.589299999177456, -4384348.360599998384714 ], [ -7924087.515799999237061, -4384371.070599999278784 ], [ -7924063.745500000193715, -4384388.236099999397993 ], [ -7924049.360400000587106, -4384402.0287000015378 ], [ -7924033.619899999350309, -4384451.9978 ], [ -7924054.57039999961853, -4384504.05799999833107 ], [ -7924118.4543999992311, -4384520.353300001472235 ], [ -7924181.347200000658631, -4384559.721700001507998 ], [ -7924244.663799999281764, -4384590.361200001090765 ], [ -7924271.038599999621511, -4384623.273299999535084 ], [ -7924306.548599999397993, -4384657.174800001084805 ], [ -7924304.153400000184774, -4384717.67339999973774 ], [ -7924301.4123, -4384786.904199998825788 ], [ -7924303.621600000187755, -4384846.962799999862909 ], [ -7924326.055600000545382, -4384861.60190000012517 ], [ -7924353.690600000321865, -4384862.70549999922514 ] ] ] ] } },
{ "type": "Feature", "properties": { "objectid": 13768, "st_area_sh": 259544.264734, "st_length_": 3441.8776903600001, "Nombre": "Laguna Las Tres Lagunas", "Tipo": "Laguna", "objectid_2": 253, "shape_leng": 311061.93241499999, "dis_elec": 19, "cir_sena": 10, "cod_comuna": 16304, "codregion": 16, "st_area_sh_2": 2393006610.4899998, "st_length__2": 388109.61385700002, "Region": "Región de Ñuble", "Comuna": "San Fabián", "Provincia": "Punilla" }, "geometry": { "type": "MultiPolygon", "coordinates": [ [ [ [ -7926499.989399999380112, -4387267.967199999839067 ], [ -7926546.693, -4387251.078400000929832 ], [ -7926571.031700000166893, -4387219.554099999368191 ], [ -7926581.643899999558926, -4387183.110800001770258 ], [ -7926597.283299999311566, -4387137.494699999690056 ], [ -7926624.924799999222159, -4387138.593100000172853 ], [ -7926643.154500000178814, -4387143.691199999302626 ], [ -7926656.529100000858307, -4387153.595100000500679 ], [ -7926655.619899999350309, -4387176.677700001746416 ], [ -7926668.703500000759959, -4387195.942499998956919 ], [ -7926692.1327, -4387187.500900000333786 ], [ -7926702.031899999827147, -4387169.14919999986887 ], [ -7926708.6031, -4387118.798900000751019 ], [ -7926709.880699999630451, -4387086.35869999974966 ], [ -7926714.693499999120831, -4387049.0603 ], [ -7926700.338999999687076, -4386979.134799998253584 ], [ -7926660.499099999666214, -4386936.313999999314547 ], [ -7926633.845000000670552, -4386912.136700000613928 ], [ -7926584.868300000205636, -4386868.328000001609325 ], [ -7926562.545800000429153, -4386848.696600001305342 ], [ -7926531.03690000064671, -4386829.32490000128746 ], [ -7926490.931800000369549, -4386795.240899998694658 ], [ -7926463.659900000318885, -4386784.784800000488758 ], [ -7926423.3585, -4386755.691399998962879 ], [ -7926410.44789999909699, -4386732.0603 ], [ -7926397.365199999883771, -4386712.796100001782179 ], [ -7926374.555500000715256, -4386707.515599999576807 ], [ -7926356.351199999451637, -4386701.793499998748302 ], [ -7926334.279200000688434, -4386677.7982 ], [ -7926321.196699999272823, -4386658.534099999815226 ], [ -7926275.500099999830127, -4386647.969799999147654 ], [ -7926248.13429999910295, -4386641.883299998939037 ], [ -7926224.8783, -4386645.956799998879433 ], [ -7926197.684699999168515, -4386635.5033 ], [ -7926179.652899999171495, -4386625.414200000464916 ], [ -7926175.7324, -4386606.514199998229742 ], [ -7926167.1119, -4386592.425900001078844 ], [ -7926158.241699999198318, -4386582.701200000941753 ], [ -7926140.0132, -4386577.60249999910593 ], [ -7926121.612500000745058, -4386576.8706 ], [ -7926120.144999999552965, -4386580.561000000685453 ], [ -7926111.36849999986589, -4386603.954199999570847 ], [ -7926110.261399999260902, -4386632.026000000536442 ], [ -7926113.932, -4386655.289599999785423 ], [ -7926131.963899999856949, -4386665.378899998962879 ], [ -7926140.584300000220537, -4386679.467500001192093 ], [ -7926139.674100000411272, -4386702.548900000751019 ], [ -7926143.791300000622869, -4386716.458399999886751 ], [ -7926143.4222999997437, -4386725.8158 ], [ -7926129.233200000599027, -4386734.623399998992682 ], [ -7926115.41300000064075, -4386734.073800001293421 ], [ -7926097.381100000813603, -4386723.984299998730421 ], [ -7926088.957499999552965, -4386704.905200000852346 ], [ -7926066.439400000497699, -4386690.263599999248981 ], [ -7926030.178999999538064, -4386675.075300000607967 ], [ -7926007.3695, -4386669.794100001454353 ], [ -7925988.968699999153614, -4386669.061999998986721 ], [ -7925966.647700000554323, -4386649.4298 ], [ -7925953.369100000709295, -4386635.155799999833107 ], [ -7925930.387499999254942, -4386634.2412 ], [ -7925916.567600000649691, -4386633.691199999302626 ], [ -7925907.0614, -4386642.059999998658895 ], [ -7925887.380699999630451, -4386673.7665 ], [ -7925878.1415, -4386673.398699998855591 ], [ -7925860.454500000923872, -4386654.575399998575449 ], [ -7925861.020700000226498, -4386640.227699998766184 ], [ -7925847.545399999246001, -4386630.9441 ], [ -7925829.51380000077188, -4386620.854400001466274 ], [ -7925806.532299999147654, -4386619.939500000327826 ], [ -7925787.22069999948144, -4386642.28830000013113 ], [ -7925772.489700000733137, -4386664.819499999284744 ], [ -7925780.990399999544024, -4386683.901900000870228 ], [ -7925794.191099999472499, -4386698.173099998384714 ], [ -7925817.078099999576807, -4386703.457699999213219 ], [ -7925835.478900000452995, -4386704.19029999896884 ], [ -7925863.041400000452995, -4386705.287300001829863 ], [ -7925876.664599999785423, -4386710.828000001609325 ], [ -7925894.720899999141693, -4386720.293999999761581 ], [ -7925898.813200000673532, -4386734.827300000935793 ], [ -7925896.991699999198318, -4386780.990499999374151 ], [ -7925915.023600000888109, -4386791.080299999564886 ], [ -7925933.252299999818206, -4386796.179400000721216 ], [ -7925946.625700000673532, -4386806.083799999207258 ], [ -7925950.570499999448657, -4386824.360199999064207 ], [ -7925957.713999999687076, -4386875.879099998623133 ], [ -7925961.28969999961555, -4386903.513099998235703 ], [ -7925988.655799999833107, -4386909.600600000470877 ], [ -7926025.2862, -4386915.43189999833703 ], [ -7926040.189200000837445, -4386888.533100001513958 ], [ -7926041.665699999779463, -4386851.103000000119209 ], [ -7926029.838500000536442, -4386800.022799998521805 ], [ -7926008.308499999344349, -4386762.302499998360872 ], [ -7926000.3487, -4386729.495900001376867 ], [ -7926001.4561, -4386701.423700001090765 ], [ -7926019.934699999168515, -4386702.159099999815226 ], [ -7926060.751499999314547, -4386718.153499998152256 ], [ -7926083.019600000232458, -4386737.158700000494719 ], [ -7926096.101800000295043, -4386756.42339999973774 ], [ -7926127.954, -4386767.062600001692772 ], [ -7926150.935799999162555, -4386767.976700000464916 ], [ -7926167.885500000789762, -4386805.514499999582767 ], [ -7926170.895999999716878, -4386847.496599998325109 ], [ -7926169.444599999114871, -4386884.302799999713898 ], [ -7926172.943099999800324, -4386911.933899998664856 ], [ -7926174.227800000458956, -4386995.710499998182058 ], [ -7926200.245200000703335, -4387037.983600001782179 ], [ -7926234.662399999797344, -4387099.96059999987483 ], [ -7926252.8918999992311, -4387105.059300001710653 ], [ -7926289.32630000077188, -4387115.88060000166297 ], [ -7926316.795499999076128, -4387121.346799999475479 ], [ -7926334.287200000137091, -4387145.160799998790026 ], [ -7926352.123400000855327, -4387160.2412 ], [ -7926374.934000000357628, -4387165.521899998188019 ], [ -7926397.744799999520183, -4387170.8026 ], [ -7926411.36879999935627, -4387176.3429000005126 ], [ -7926419.1579, -4387213.5176 ], [ -7926427.041600000113249, -4387246.322500001639128 ], [ -7926440.124900000169873, -4387265.587600000202656 ], [ -7926463.107799999415874, -4387266.501200001686811 ], [ -7926499.989399999380112, -4387267.967199999839067 ] ] ] ] } },
{ "type": "Feature", "properties": { "objectid": 13769, "st_area_sh": 83591.11911, "st_length_": 1209.0781677499999, "Nombre": "Laguna Las Tres Lagunas", "Tipo": "Laguna", "objectid_2": 253, "shape_leng": 311061.93241499999, "dis_elec": 19, "cir_sena": 10, "cod_comuna": 16304, "codregion": 16, "st_area_sh_2": 2393006610.4899998, "st_length__2": 388109.61385700002, "Region": "Región de Ñuble", "Comuna": "San Fabián", "Provincia": "Punilla" }, "geometry": { "type": "MultiPolygon", "coordinates": [ [ [ [ -7927912.129300000146031, -4387201.533100001513958 ], [ -7927942.115599999204278, -4387162.731499999761581 ], [ -7927954.36460000090301, -4387084.488000001758337 ], [ -7927927.8783, -4387055.946400001645088 ], [ -7927896.758199999108911, -4387026.596500001847744 ], [ -7927888.76799999922514, -4386994.413899999111891 ], [ -7927871.6402000002563, -4386961.244600001722574 ], [ -7927863.384800000116229, -4386937.799100000411272 ], [ -7927846.257200000807643, -4386904.629900000989437 ], [ -7927823.39299999922514, -4386898.725600000470877 ], [ -7927791.170800000429153, -4386897.448899999260902 ], [ -7927767.992200000211596, -4386901.529100000858307 ], [ -7927744.642000000923872, -4386909.975999999791384 ], [ -7927707.667300000786781, -4386912.884500000625849 ], [ -7927675.273499999195337, -4386915.974399998784065 ], [ -7927650.570900000631809, -4386956.858199998736382 ], [ -7927640.305700000375509, -4386984.568399999290705 ], [ -7927597.842599999159575, -4387010.377399999648333 ], [ -7927574.24269999936223, -4387023.187899999320507 ], [ -7927563.60950000025332, -4387060.256000000983477 ], [ -7927575.906099999323487, -4387097.608300000429153 ], [ -7927575.195000000298023, -4387115.700199998915195 ], [ -7927573.356100000441074, -4387162.489599999040365 ], [ -7927581.884800000116229, -4387180.947900000959635 ], [ -7927613.740000000223517, -4387191.583299998193979 ], [ -7927645.595300000160933, -4387202.218499999493361 ], [ -7927661.058700000867248, -4387160.967500001192093 ], [ -7927679.828400000929832, -4387152.339000001549721 ], [ -7927702.811599999666214, -4387153.249899998307228 ], [ -7927725.794600000604987, -4387154.160700000822544 ], [ -7927758.0176, -4387155.437699999660254 ], [ -7927785.463400000706315, -4387161.524000000208616 ], [ -7927821.556800000369549, -4387181.074299998581409 ], [ -7927839.395300000905991, -4387196.152199998497963 ], [ -7927912.129300000146031, -4387201.533100001513958 ] ] ] ] } },
{ "type": "Feature", "properties": { "objectid": 13770, "st_area_sh": 194654.57670100001, "st_length_": 2247.8814540799999, "Nombre": "Laguna Las Tres Lagunas", "Tipo": "Laguna", "objectid_2": 253, "shape_leng": 311061.93241499999, "dis_elec": 19, "cir_sena": 10, "cod_comuna": 16304, "codregion": 16, "st_area_sh_2": 2393006610.4899998, "st_length__2": 388109.61385700002, "Region": "Región de Ñuble", "Comuna": "San Fabián", "Provincia": "Punilla" }, "geometry": { "type": "MultiPolygon", "coordinates": [ [ [ [ -7928304.655799999833107, -4388092.507800001651049 ], [ -7928339.508500000461936, -4388076.390500001609325 ], [ -7928376.658700000494719, -4388069.112300001084805 ], [ -7928396.335200000554323, -4388037.396899998188019 ], [ -7928397.607999999076128, -4388004.953299999237061 ], [ -7928398.880799999460578, -4387972.509799998253584 ], [ -7928431.840700000524521, -4387955.067600000649691 ], [ -7928459.656099999323487, -4387951.793999999761581 ], [ -7928488.494999999180436, -4387920.441199999302626 ], [ -7928503.589600000530481, -4387888.544799998402596 ], [ -7928514.640799999237061, -4387842.7412 ], [ -7928493.193399999290705, -4387800.651099998503923 ], [ -7928452.9068, -4387770.938099998980761 ], [ -7928429.844499999657273, -4387770.025499999523163 ], [ -7928401.911399999633431, -4387778.293400000780821 ], [ -7928387.918400000780821, -4387782.113699998706579 ], [ -7928373.533500000834465, -4387795.916499998420477 ], [ -7928359.7116, -4387795.36939999833703 ], [ -7928337.0943, -4387785.101399999111891 ], [ -7928342.581299999728799, -4387762.198300000280142 ], [ -7928343.486999999731779, -4387739.114 ], [ -7928331.015799999237061, -4387706.127399999648333 ], [ -7928303.568199999630451, -4387700.042199999094009 ], [ -7928285.3366, -4387694.946400001645088 ], [ -7928262.719399999827147, -4387684.678300000727177 ], [ -7928240.024700000882149, -4387674.406899999827147 ], [ -7928222.160299999639392, -4387659.9527000002563 ], [ -7928213.364900000393391, -4387650.231699999421835 ], [ -7928209.41609999909997, -4387631.954300001263618 ], [ -7928191.576400000602007, -4387616.876299999654293 ], [ -7928168.5921, -4387615.966299999505281 ], [ -7928150.189300000667572, -4387615.237700000405312 ], [ -7928122.54619999974966, -4387614.143199998885393 ], [ -7928105.0494, -4387590.330600000917912 ], [ -7928105.955600000917912, -4387567.2467 ], [ -7928116.102, -4387544.5287000015378 ], [ -7928139.257400000467896, -4387541.071600001305342 ], [ -7928144.377499999478459, -4387527.527499999850988 ], [ -7928131.001000000163913, -4387517.625100001692772 ], [ -7928098.972899999469519, -4387511.357999999076128 ], [ -7928075.9112, -4387510.44480000063777 ], [ -7928058.414799999445677, -4387486.63230000063777 ], [ -7928027.097100000828505, -4387462.272599998861551 ], [ -7928014.063799999654293, -4387443.635800000280142 ], [ -7928005.362500000745058, -4387429.544399999082088 ], [ -7927950.3509, -4387422.366799999028444 ], [ -7927926.828299999237061, -4387435.181699998676777 ], [ -7927921.605900000780821, -4387449.3462999984622 ], [ -7927916.313999999314547, -4387467.25730000063777 ], [ -7927897.715399999171495, -4387471.519299998879433 ], [ -7927855.079199999570847, -4387501.697599999606609 ], [ -7927831.282600000500679, -4387519.500399999320507 ], [ -7927820.845599999651313, -4387551.579300001263618 ], [ -7927824.520099999383092, -4387574.844500001519918 ], [ -7927846.964999999850988, -4387589.480799999088049 ], [ -7927865.171800000593066, -4387595.201099999248981 ], [ -7927883.403100000694394, -4387600.2972999997437 ], [ -7927892.1042, -4387614.388900000602007 ], [ -7927896.121899999678135, -4387628.919799998402596 ], [ -7927918.105599999427795, -4387657.284699998795986 ], [ -7927944.225600000470877, -4387695.1864 ], [ -7927979.561499999836087, -4387734.078000001609325 ], [ -7927987.895400000736117, -4387757.528200000524521 ], [ -7927986.989, -4387780.612500000745058 ], [ -7927990.49239999987185, -4387808.2456 ], [ -7928003.7752, -4387822.518800001591444 ], [ -7928026.220899999141693, -4387837.155000001192093 ], [ -7928058.078600000590086, -4387847.789799999445677 ], [ -7928066.584100000560284, -4387866.872900001704693 ], [ -7928065.506300000473857, -4387894.324799999594688 ], [ -7928136.744000000879169, -4387957.75899999961257 ], [ -7928208.374399999156594, -4388011.210499998182058 ], [ -7928239.6941, -4388035.571199998259544 ], [ -7928280.887000000104308, -4388042.200899999588728 ], [ -7928294.366399999707937, -4388051.482799999415874 ], [ -7928304.655799999833107, -4388092.507800001651049 ] ] ] ] } },
{ "type": "Feature", "properties": { "objectid": 13772, "st_area_sh": 26879.594134700001, "st_length_": 650.75355420200003, "Nombre": null, "Tipo": "Lago", "objectid_2": 253, "shape_leng": 311061.93241499999, "dis_elec": 19, "cir_sena": 10, "cod_comuna": 16304, "codregion": 16, "st_area_sh_2": 2393006610.4899998, "st_length__2": 388109.61385700002, "Region": "Región de Ñuble", "Comuna": "San Fabián", "Provincia": "Punilla" }, "geometry": { "type": "MultiPolygon", "coordinates": [ [ [ [ -7929626.34569999948144, -4390692.73369999974966 ], [ -7929641.793800000101328, -4390689.593299999833107 ], [ -7929661.301200000569224, -4390662.236400000751019 ], [ -7929662.375700000673532, -4390634.777100000530481 ], [ -7929659.429199999198318, -4390592.783300001174212 ], [ -7929651.167500000447035, -4390569.331000000238419 ], [ -7929628.636199999600649, -4390554.6908 ], [ -7929611.864299999549985, -4390512.151599999517202 ], [ -7929589.04450000077486, -4390506.875500001013279 ], [ -7929566.224700000137091, -4390501.599500000476837 ], [ -7929547.816700000315905, -4390500.872699998319149 ], [ -7929524.94370000064373, -4390494.969399999827147 ], [ -7929501.953099999576807, -4390494.061599999666214 ], [ -7929488.127599999308586, -4390493.515799999237061 ], [ -7929464.770400000736117, -4390501.968899998813868 ], [ -7929454.452500000596046, -4390529.062800001353025 ], [ -7929453.3531, -4390557.145899999886751 ], [ -7929471.223799999803305, -4390571.602299999445677 ], [ -7929488.532700000330806, -4390600.412399999797344 ], [ -7929520.0581, -4390619.78319999948144 ], [ -7929551.192900000140071, -4390649.1393 ], [ -7929578.135900000110269, -4390668.329100001603365 ], [ -7929595.811499999836087, -4390687.778099998831749 ], [ -7929626.34569999948144, -4390692.73369999974966 ] ] ] ] } },
{ "type": "Feature", "properties": { "objectid": 13773, "st_area_sh": 90642.579413, "st_length_": 1394.0102220799999, "Nombre": "Laguna La Pila", "Tipo": "Laguna", "objectid_2": 253, "shape_leng": 311061.93241499999, "dis_elec": 19, "cir_sena": 10, "cod_comuna": 16304, "codregion": 16, "st_area_sh_2": 2393006610.4899998, "st_length__2": 388109.61385700002, "Region": "Región de Ñuble", "Comuna": "San Fabián", "Provincia": "Punilla" }, "geometry": { "type": "MultiPolygon", "coordinates": [ [ [ [ -7928626.664799999445677, -4390945.746100001037121 ], [ -7928672.896800000220537, -4390943.199999999254942 ], [ -7928714.492799999192357, -4390939.845400001853704 ], [ -7928738.100299999117851, -4390927.028099998831749 ], [ -7928765.845899999141693, -4390923.750300001353025 ], [ -7928802.66330000013113, -4390925.206599999219179 ], [ -7928844.141000000759959, -4390926.847199998795986 ], [ -7928854.407700000330806, -4390899.125799998641014 ], [ -7928836.708599999547005, -4390880.299400001764297 ], [ -7928814.280099999159575, -4390865.036100000143051 ], [ -7928796.948400000110269, -4390836.848400000482798 ], [ -7928761.575200000777841, -4390798.57149999961257 ], [ -7928739.069399999454618, -4390783.304999999701977 ], [ -7928713.11089999973774, -4390741.025299999862909 ], [ -7928699.6524, -4390731.117199998348951 ], [ -7928681.611300000920892, -4390721.027800001204014 ], [ -7928654.131400000303984, -4390715.565200001001358 ], [ -7928613.09940000064671, -4390704.566100001335144 ], [ -7928580.865499999374151, -4390703.290500000119209 ], [ -7928553.581499999389052, -4390692.835099998861551 ], [ -7928526.546800000593066, -4390678.0143 ], [ -7928485.976099999621511, -4390653.282200001180172 ], [ -7928472.962999999523163, -4390634.015900000929832 ], [ -7928450.629300000146031, -4390614.380800001323223 ], [ -7928437.420299999415874, -4390600.107200000435114 ], [ -7928410.136700000613928, -4390589.651599999517202 ], [ -7928373.320699999108911, -4390588.193999998271465 ], [ -7928349.8849, -4390596.641699999570847 ], [ -7928330.203099999576807, -4390628.364100001752377 ], [ -7928328.929199999198318, -4390660.815600000321865 ], [ -7928332.143999999389052, -4390697.820099998265505 ], [ -7928335.4528, -4390730.453200001269579 ], [ -7928352.75870000012219, -4390759.265299998223782 ], [ -7928389.2325, -4390769.460099998861551 ], [ -7928421.270500000566244, -4390775.728900000452995 ], [ -7928452.794199999421835, -4390795.103100001811981 ], [ -7928474.511800000444055, -4390828.465199999511242 ], [ -7928501.25730000063777, -4390852.650600001215935 ], [ -7928523.146500000730157, -4390881.644299998879433 ], [ -7928563.546599999070168, -4390910.74549999833107 ], [ -7928599.262000000104308, -4390940.286400001496077 ], [ -7928626.664799999445677, -4390945.746100001037121 ] ] ] ] } },
{ "type": "Feature", "properties": { "objectid": 13775, "st_area_sh": 38176.046816800001, "st_length_": 893.96507639000004, "Nombre": "Laguna Lejia", "Tipo": "Laguna", "objectid_2": 253, "shape_leng": 311061.93241499999, "dis_elec": 19, "cir_sena": 10, "cod_comuna": 16304, "codregion": 16, "st_area_sh_2": 2393006610.4899998, "st_length__2": 388109.61385700002, "Region": "Región de Ñuble", "Comuna": "San Fabián", "Provincia": "Punilla" }, "geometry": { "type": "MultiPolygon", "coordinates": [ [ [ [ -7928647.36739999987185, -4393662.144600000232458 ], [ -7928684.561599999666214, -4393654.238699998706579 ], [ -7928709.004000000655651, -4393618.31870000064373 ], [ -7928719.351800000295043, -4393590.593899998813868 ], [ -7928724.842000000178814, -4393567.67850000038743 ], [ -7928730.332000000402331, -4393544.7632 ], [ -7928763.652100000530481, -4393518.572900000959635 ], [ -7928791.8739, -4393505.309999998658895 ], [ -7928825.022299999371171, -4393483.489199999719858 ], [ -7928826.638499999418855, -4393442.289900001138449 ], [ -7928814.449999999254942, -4393399.919199999421835 ], [ -7928815.5274, -4393372.453299999237061 ], [ -7928812.0456000007689, -4393344.181699998676777 ], [ -7928789.142699999734759, -4393338.899000000208616 ], [ -7928766.146099999547005, -4393337.989 ], [ -7928742.6107, -4393350.811900001019239 ], [ -7928741.533099999651313, -4393378.277899999171495 ], [ -7928735.965299999341369, -4393401.1897 ], [ -7928693.624900000169873, -4393423.271600000560284 ], [ -7928660.133500000461936, -4393453.8310999982059 ], [ -7928635.666799999773502, -4393490.374600000679493 ], [ -7928620.759600000455976, -4393517.293400000780821 ], [ -7928605.288799999281764, -4393558.569600000977516 ], [ -7928603.843299999833107, -4393595.399700000882149 ], [ -7928597.617900000885129, -4393637.042199999094009 ], [ -7928606.578299999237061, -4393660.529800001531839 ], [ -7928647.36739999987185, -4393662.144600000232458 ] ] ] ] } },
{ "type": "Feature", "properties": { "objectid": 13776, "st_area_sh": 24106.504194699999, "st_length_": 715.73982049200004, "Nombre": "Laguna Lejia", "Tipo": "Laguna", "objectid_2": 253, "shape_leng": 311061.93241499999, "dis_elec": 19, "cir_sena": 10, "cod_comuna": 16304, "codregion": 16, "st_area_sh_2": 2393006610.4899998, "st_length__2": 388109.61385700002, "Region": "Región de Ñuble", "Comuna": "San Fabián", "Provincia": "Punilla" }, "geometry": { "type": "MultiPolygon", "coordinates": [ [ [ [ -7928482.335699999704957, -4393988.853100001811981 ], [ -7928520.241900000721216, -4393962.844200000166893 ], [ -7928572.002100000157952, -4393936.758400000631809 ], [ -7928590.587500000372529, -4393933.117800001055002 ], [ -7928633.27309999987483, -4393902.296 ], [ -7928657.083599999547005, -4393884.481800001114607 ], [ -7928681.159299999475479, -4393857.925000000745058 ], [ -7928686.84569999948144, -4393830.015000000596046 ], [ -7928678.3881, -4393811.548900000751019 ], [ -7928655.586500000208616, -4393805.644499998539686 ], [ -7928627.927300000563264, -4393804.549499999731779 ], [ -7928614.440700000151992, -4393795.262499999254942 ], [ -7928610.420399999246001, -4393780.723299998790026 ], [ -7928586.763599999248981, -4393762.905799999833107 ], [ -7928569.274700000882149, -4393770.341099999845028 ], [ -7928563.440899999812245, -4393801.996300000697374 ], [ -7928548.508600000292063, -4393829.53999999910593 ], [ -7928534.389000000432134, -4393838.359200000762939 ], [ -7928519.848600000143051, -4393855.914900001138449 ], [ -7928514.16190000064671, -4393883.824700001627207 ], [ -7928494.763599999248981, -4393906.189899999648333 ], [ -7928471.398199999704957, -4393914.642900001257658 ], [ -7928443.105599999427795, -4393931.653999999165535 ], [ -7928450.802799999713898, -4393969.472500000149012 ], [ -7928454.614099999889731, -4393971.499099999666214 ], [ -7928482.335699999704957, -4393988.853100001811981 ] ] ] ] } },
{ "type": "Feature", "properties": { "objectid": 13777, "st_area_sh": 219649.848508, "st_length_": 2297.8688879400001, "Nombre": "Laguna La Detenida", "Tipo": "Laguna", "objectid_2": 253, "shape_leng": 311061.93241499999, "dis_elec": 19, "cir_sena": 10, "cod_comuna": 16304, "codregion": 16, "st_area_sh_2": 2393006610.4899998, "st_length__2": 388109.61385700002, "Region": "Región de Ñuble", "Comuna": "San Fabián", "Provincia": "Punilla" }, "geometry": { "type": "MultiPolygon", "coordinates": [ [ [ [ -7917661.9134, -4395833.216600000858307 ], [ -7917714.988299999386072, -4395775.343100000172853 ], [ -7917757.332699999213219, -4395753.926899999380112 ], [ -7917794.9167, -4395736.694499999284744 ], [ -7917827.33809999935329, -4395733.634500000625849 ], [ -7917850.414799999445677, -4395734.571899998933077 ], [ -7917868.829700000584126, -4395735.320000000298023 ], [ -7917895.684100000187755, -4395754.544700000435114 ], [ -7917913.5208, -4395769.651500001549721 ], [ -7917935.868699999526143, -4395788.693300001323223 ], [ -7917973.251499999314547, -4395776.4543999992311 ], [ -7917997.7336, -4395740.555100001394749 ], [ -7917999.040500000119209, -4395708.091899998486042 ], [ -7918000.9002, -4395661.894600000232458 ], [ -7918002.031099999323487, -4395633.801600001752377 ], [ -7917989.130599999800324, -4395610.141399998217821 ], [ -7917975.9309, -4395595.848799999803305 ], [ -7917958.44620000012219, -4395572.002399999648333 ], [ -7917968.720499999821186, -4395544.906399998813868 ], [ -7918010.13370000012219, -4395546.587999999523163 ], [ -7918037.6184, -4395552.0810999982059 ], [ -7918079.0318, -4395553.762499999254942 ], [ -7918115.9386, -4395555.26069999858737 ], [ -7918162.1119, -4395552.75789999961853 ], [ -7918185.941999999806285, -4395534.966099999845028 ], [ -7918215.208000000566244, -4395494.2588 ], [ -7918229.967599999159575, -4395471.721700001507998 ], [ -7918258.733300000429153, -4395445.3761 ], [ -7918269.207499999552965, -4395413.285700000822544 ], [ -7918271.995100000873208, -4395343.991399999707937 ], [ -7918185.437699999660254, -4395317.3429000005126 ], [ -7918093.743699999526143, -4395304.241700001060963 ], [ -7918029.43129999935627, -4395297.253699999302626 ], [ -7917941.593100000172853, -4395302.441100001335144 ], [ -7917932.347200000658631, -4395302.065600000321865 ], [ -7917900.180800000205636, -4395300.759300000965595 ], [ -7917863.073799999430776, -4395304.25450000166893 ], [ -7917797.356100000441074, -4395334.100000001490116 ], [ -7917735.591299999505281, -4395377.862100001424551 ], [ -7917678.487600000575185, -4395421.8136 ], [ -7917656.904500000178814, -4395499.723799999803305 ], [ -7917632.975299999117851, -4395521.887499999254942 ], [ -7917590.553899999707937, -4395543.299499999731779 ], [ -7917561.4868, -4395579.010800000280142 ], [ -7917546.72580000013113, -4395601.546999998390675 ], [ -7917564.385600000619888, -4395621.024000000208616 ], [ -7917587.007099999114871, -4395631.323100000619888 ], [ -7917628.146099999547005, -4395641.749400001019239 ], [ -7917641.898700000718236, -4395642.308299999684095 ], [ -7917650.566299999132752, -4395657.042599998414516 ], [ -7917626.636800000444055, -4395679.206500001251698 ], [ -7917607.668800000101328, -4395692.192499998956919 ], [ -7917582.554400000721216, -4395741.821800000965595 ], [ -7917595.253000000491738, -4395770.477000001817942 ], [ -7917607.775399999693036, -4395803.502399999648333 ], [ -7917634.6294, -4395822.728000000119209 ], [ -7917661.9134, -4395833.216600000858307 ] ] ] ] } },
{ "type": "Feature", "properties": { "objectid": 13778, "st_area_sh": 506352.53565600002, "st_length_": 4104.9037618700004, "Nombre": "Laguna de Las Truchas", "Tipo": "Laguna", "objectid_2": 253, "shape_leng": 311061.93241499999, "dis_elec": 19, "cir_sena": 10, "cod_comuna": 16304, "codregion": 16, "st_area_sh_2": 2393006610.4899998, "st_length__2": 388109.61385700002, "Region": "Región de Ñuble", "Comuna": "San Fabián", "Provincia": "Punilla" }, "geometry": { "type": "MultiPolygon", "coordinates": [ [ [ [ -7924759.689600000157952, -4396491.380899999290705 ], [ -7924812.36089999973774, -4396442.831399999558926 ], [ -7924851.570599999278784, -4396384.363499999046326 ], [ -7924948.690700000151992, -4396378.863899998366833 ], [ -7925008.725400000810623, -4396376.259399998933077 ], [ -7925037.478199999779463, -4396349.892000000923872 ], [ -7925074.4858, -4396346.992800001055002 ], [ -7925111.518100000917912, -4396343.468899998813868 ], [ -7925131.393999999389052, -4396307.366500001400709 ], [ -7925132.679400000721216, -4396274.89919999986887 ], [ -7925151.096599999815226, -4396275.634700000286102 ], [ -7925169.340800000354648, -4396280.740699999034405 ], [ -7925168.599300000816584, -4396299.471900001168251 ], [ -7925167.857699999585748, -4396318.203000001609325 ], [ -7925167.313799999654293, -4396331.9391999989748 ], [ -7925153.0153, -4396345.126200001686811 ], [ -7925179.4901, -4396374.324700001627207 ], [ -7925211.739800000563264, -4396375.612500000745058 ], [ -7925244.360500000417233, -4396367.534600000828505 ], [ -7925272.395999999716878, -4396359.273400001227856 ], [ -7925296.683299999684095, -4396327.724199999123812 ], [ -7925293.012599999085069, -4396304.439399998635054 ], [ -7925284.50650000013411, -4396285.339000001549721 ], [ -7925267.003699999302626, -4396261.502000000327826 ], [ -7925263.333100000396371, -4396238.217300001531839 ], [ -7925265.334799999371171, -4396187.643500000238419 ], [ -7925252.614700000733137, -4396158.994899999350309 ], [ -7925234.370799999684095, -4396153.888900000602007 ], [ -7925207.077199999243021, -4396143.418999999761581 ], [ -7925179.663599999621511, -4396137.946899998933077 ], [ -7925143.200500000268221, -4396127.110500000417233 ], [ -7925120.294099999591708, -4396121.818399999290705 ], [ -7925093.276200000196695, -4396106.356300000101328 ], [ -7925093.622300000861287, -4396097.615299999713898 ], [ -7925099.146600000560284, -4396074.072700001299381 ], [ -7925113.151599999517202, -4396070.254700001329184 ], [ -7925126.905999999493361, -4396070.803899999707937 ], [ -7925140.737999999895692, -4396071.356300000101328 ], [ -7925173.159800000488758, -4396068.273699998855591 ], [ -7925196.532199999317527, -4396059.826699998229742 ], [ -7925197.990299999713898, -4396022.989599999040365 ], [ -7925190.476800000295043, -4395980.791700001806021 ], [ -7925183.256300000473857, -4395929.225600000470877 ], [ -7925174.247500000521541, -4395808.801699999719858 ], [ -7925175.705600000917912, -4395771.965500000864267 ], [ -7925169.028999999165535, -4395706.66499999910593 ], [ -7925151.724999999627471, -4395677.834399998188019 ], [ -7925138.610300000756979, -4395659.176399998366833 ], [ -7925130.009500000625849, -4395644.450599998235703 ], [ -7925116.894899999722838, -4395625.792500000447035 ], [ -7925099.220300000160933, -4395606.327199999243021 ], [ -7925085.388900000602007, -4395605.77479999884963 ], [ -7925062.0175, -4395614.221200000494719 ], [ -7925051.856000000610948, -4395636.952199999243021 ], [ -7925042.14299999922514, -4395650.3213 ], [ -7925018.32289999909699, -4395668.12950000166893 ], [ -7924972.148399999365211, -4395670.662300001829863 ], [ -7924944.287699999287724, -4395674.551899999380112 ], [ -7924912.03999999910593, -4395673.263599999248981 ], [ -7924884.8257, -4395662.796399999409914 ], [ -7924871.5384, -4395648.508400000631809 ], [ -7924848.46000000089407, -4395647.586300000548363 ], [ -7924833.79109999909997, -4395670.136999998241663 ], [ -7924846.456700000911951, -4395698.157299999147654 ], [ -7924850.574799999594688, -4395712.079 ], [ -7924849.288699999451637, -4395744.54450000077486 ], [ -7924847.80460000038147, -4395782.004799999296665 ], [ -7924842.053999999538064, -4395809.289500001817942 ], [ -7924841.312000000849366, -4395828.01969999819994 ], [ -7924826.840600000694394, -4395845.576200000941753 ], [ -7924790.301400000229478, -4395834.73589999973774 ], [ -7924776.5472999997437, -4395834.186200000345707 ], [ -7924735.398600000888109, -4395823.786800000816584 ], [ -7924721.765000000596046, -4395818.239199999719858 ], [ -7924694.550499999895692, -4395807.77140000090003 ], [ -7924686.021099999547005, -4395789.296 ], [ -7924682.352, -4395766.012200001627207 ], [ -7924669.435900000855327, -4395742.358800001442432 ], [ -7924661.00899999961257, -4395723.2621 ], [ -7924643.508500000461936, -4395699.425500001758337 ], [ -7924616.587899999693036, -4395679.589600000530481 ], [ -7924593.760500000789762, -4395674.299499999731779 ], [ -7924568.549000000581145, -4395668.289000000804663 ], [ -7924543.4682, -4395662.9087999984622 ], [ -7924497.389399999752641, -4395661.066100001335144 ], [ -7924469.804400000721216, -4395659.962799999862909 ], [ -7924450.939300000667572, -4395668.588100001215935 ], [ -7924440.111500000581145, -4395710.051699999719858 ], [ -7924421.150800000876188, -4395723.0504 ], [ -7924420.061300000175834, -4395750.521099999547005 ], [ -7924433.521500000730157, -4395760.439399998635054 ], [ -7924446.903899999335408, -4395770.354600001126528 ], [ -7924455.7796, -4395780.089499998837709 ], [ -7924454.690300000831485, -4395807.5603 ], [ -7924440.313999999314547, -4395820.742600001394749 ], [ -7924434.615199999883771, -4395848.654599998146296 ], [ -7924433.525900000706315, -4395876.125599998980761 ], [ -7924419.322799999266863, -4395884.937399998307228 ], [ -7924392.281899999827147, -4395870.098499998450279 ], [ -7924388.73369999974966, -4395841.816500000655651 ], [ -7924379.737800000235438, -4395837.0793999992311 ], [ -7924366.079500000923872, -4395832.155699998140335 ], [ -7924360.578700000420213, -4395855.072900000959635 ], [ -7924363.330900000408292, -4395901.457600001245737 ], [ -7924399.247500000521541, -4395926.031800001859665 ], [ -7924427.653699999675155, -4395908.407999999821186 ], [ -7924488.032299999147654, -4395897.065699998289347 ], [ -7924501.864, -4395897.61879999935627 ], [ -7924514.953099999576807, -4395916.902300000190735 ], [ -7924513.863900000229478, -4395944.373700000345707 ], [ -7924508.45890000090003, -4395962.917599998414516 ], [ -7924506.998299999162555, -4395999.754299998283386 ], [ -7924491.4123, -4396045.406199999153614 ], [ -7924481.051000000908971, -4396073.132199998944998 ], [ -7924479.96169999986887, -4396100.603799998760223 ], [ -7924470.0494, -4396118.967700000852346 ], [ -7924459.886199999600649, -4396141.699099998921156 ], [ -7924458.970100000500679, -4396164.8004 ], [ -7924491.045700000599027, -4396170.460799999535084 ], [ -7924495.085799999535084, -4396184.380100000649691 ], [ -7924484.430700000375509, -4396221.475099999457598 ], [ -7924476.7369, -4396234.92509999871254 ], [ -7924459.717299999669194, -4396261.760000001639128 ], [ -7924453.64670000039041, -4396299.038499999791384 ], [ -7924452.557399999350309, -4396326.51069999858737 ], [ -7924456.399399999529123, -4396345.425200000405312 ], [ -7924520.551699999719858, -4396356.746199999004602 ], [ -7924561.772900000214577, -4396363.397700000554323 ], [ -7924589.2643, -4396368.874600000679493 ], [ -7924616.557700000703335, -4396379.346400000154972 ], [ -7924648.064899999648333, -4396399.36710000038147 ], [ -7924666.135800000280142, -4396408.844700001180172 ], [ -7924688.395600000396371, -4396428.4956 ], [ -7924706.07039999961853, -4396447.963199999183416 ], [ -7924723.943399999290705, -4396462.4358000010252 ], [ -7924732.448699999600649, -4396481.536899998784065 ], [ -7924759.689600000157952, -4396491.380899999290705 ] ] ] ] } },
{ "type": "Feature", "properties": { "objectid": 13824, "st_area_sh": 16086.950403500001, "st_length_": 512.14447820500004, "Nombre": "Laguna Los Coltrohues", "Tipo": "Laguna", "objectid_2": 253, "shape_leng": 311061.93241499999, "dis_elec": 19, "cir_sena": 10, "cod_comuna": 16304, "codregion": 16, "st_area_sh_2": 2393006610.4899998, "st_length__2": 388109.61385700002, "Region": "Región de Ñuble", "Comuna": "San Fabián", "Provincia": "Punilla" }, "geometry": { "type": "MultiPolygon", "coordinates": [ [ [ [ -7913972.157999999821186, -4430541.626600001007318 ], [ -7914004.711899999529123, -4430537.949999999254942 ], [ -7914032.641200000420213, -4430534.71000000089407 ], [ -7914056.482200000435114, -4430516.872499998658895 ], [ -7914077.06900000013411, -4430488.863499999046326 ], [ -7914069.688200000673532, -4430486.050000000745058 ], [ -7914040.644300000742078, -4430451.604100000113249 ], [ -7914022.375199999660254, -4430445.832400001585484 ], [ -7914004.080399999395013, -4430440.686900001019239 ], [ -7913995.572300000116229, -4430421.516100000590086 ], [ -7913987.500600000843406, -4430393.580800000578165 ], [ -7913965.195699999108911, -4430373.841400001198053 ], [ -7913947.06389999948442, -4430379.994600001722574 ], [ -7913932.525699999183416, -4430399.469799999147654 ], [ -7913916.683399999514222, -4430410.73589999973774 ], [ -7913912.934599999338388, -4430441.320599999278784 ], [ -7913916.5176, -4430479.735599998384714 ], [ -7913936.566600000485778, -4430506.910500001162291 ], [ -7913972.157999999821186, -4430541.626600001007318 ] ] ] ] } },
{ "type": "Feature", "properties": { "objectid": 16300, "st_area_sh": 22391.324701500002, "st_length_": 695.79312855199998, "Nombre": "Laguna del Burro", "Tipo": "Laguna", "objectid_2": 253, "shape_leng": 311061.93241499999, "dis_elec": 19, "cir_sena": 10, "cod_comuna": 16304, "codregion": 16, "st_area_sh_2": 2393006610.4899998, "st_length__2": 388109.61385700002, "Region": "Región de Ñuble", "Comuna": "San Fabián", "Provincia": "Punilla" }, "geometry": { "type": "MultiPolygon", "coordinates": [ [ [ [ -7933252.4682, -4361417.039700001478195 ], [ -7933248.182199999690056, -4361414.486699998378754 ], [ -7933245.553300000727177, -4361393.3462999984622 ], [ -7933249.387000000104308, -4361376.418600000441074 ], [ -7933262.907199999317527, -4361360.509500000625849 ], [ -7933267.895400000736117, -4361354.77930000051856 ], [ -7933267.151699999347329, -4361322.9934 ], [ -7933271.029200000688434, -4361307.935499999672174 ], [ -7933277.059299999848008, -4361295.3213 ], [ -7933260.086200000718236, -4361291.356699999421835 ], [ -7933215.799699999392033, -4361294.272700000554323 ], [ -7933212.272199999541044, -4361324.288600001484156 ], [ -7933189.3903, -4361339.7949 ], [ -7933185.658500000834465, -4361361.085299998521805 ], [ -7933160.6239, -4361374.147999998182058 ], [ -7933142.008199999108911, -4361389.553599998354912 ], [ -7933131.910700000822544, -4361409.123500000685453 ], [ -7933136.63880000077188, -4361432.085299998521805 ], [ -7933135.098300000652671, -4361455.818599998950958 ], [ -7933122.750900000333786, -4361470.452799998223782 ], [ -7933127.474099999293685, -4361491.543999999761581 ], [ -7933144.879899999126792, -4361512.335999999195337 ], [ -7933166.080900000408292, -4361516.201099999248981 ], [ -7933191.407299999147654, -4361515.603500001132488 ], [ -7933212.112600000575185, -4361498.277399998158216 ], [ -7933239.470200000330806, -4361493.2665 ], [ -7933264.300799999386072, -4361471.477800000458956 ], [ -7933289.087500000372529, -4361447.819400001317263 ], [ -7933292.8629, -4361428.398499999195337 ], [ -7933265.301400000229478, -4361424.683899998664856 ], [ -7933252.4682, -4361417.039700001478195 ] ] ] ] } },
{ "type": "Feature", "properties": { "objectid": 13822, "st_area_sh": 176399.78455400001, "st_length_": 2166.8993565199999, "Nombre": null, "Tipo": "Lago", "objectid_2": 243, "shape_leng": 157467.04966700001, "dis_elec": 19, "cir_sena": 10, "cod_comuna": 16104, "codregion": 16, "st_area_sh_2": 1044405375.0099999, "st_length__2": 196962.66431299999, "Region": "Región de Ñuble", "Comuna": "El Carmen", "Provincia": "Ñuble" }, "geometry": { "type": "MultiPolygon", "coordinates": [ [ [ [ -7996686.7043999992311, -4423401.415199998766184 ], [ -7996721.7105, -4423381.261799998581409 ], [ -7996735.086500000208616, -4423368.539200000464916 ], [ -7996757.518799999728799, -4423339.188000001013279 ], [ -7996767.0877, -4423309.40819999948144 ], [ -7996785.087200000882149, -4423284.298700001090765 ], [ -7996790.223300000652671, -4423258.760600000619888 ], [ -7996770.35700000077486, -4423210.442699998617172 ], [ -7996758.486999999731779, -4423179.948899999260902 ], [ -7996755.337500000372529, -4423145.356300000101328 ], [ -7996757.199699999764562, -4423088.984299998730421 ], [ -7996741.6678, -4423037.049400001764297 ], [ -7996705.78969999961555, -4422953.711899999529123 ], [ -7996680.912399999797344, -4422927.174499999731779 ], [ -7996643.462099999189377, -4422891.439399998635054 ], [ -7996613.515799999237061, -4422886.052099999040365 ], [ -7996587.935100000351667, -4422880.810100000351667 ], [ -7996557.777000000700355, -4422884.193999998271465 ], [ -7996514.4869, -4422895.291299998760223 ], [ -7996492.614099999889731, -4422907.729600001126528 ], [ -7996470.518200000748038, -4422924.549600001424551 ], [ -7996444.233300000429153, -4422940.603000000119209 ], [ -7996396.634500000625849, -4422952.183200001716614 ], [ -7996378.779799999669194, -4422972.906899999827147 ], [ -7996373.767200000584126, -4422994.685899998992682 ], [ -7996359.909900000318885, -4423024.32149999961257 ], [ -7996346.699699999764562, -4423032.032299999147654 ], [ -7996325.261499999091029, -4423031.317099999636412 ], [ -7996308.380200000479817, -4423022.602400001138449 ], [ -7996291.374600000679493, -4423017.645700000226498 ], [ -7996261.360999999567866, -4423016.644299998879433 ], [ -7996239.922800000756979, -4423015.928899999707937 ], [ -7996209.831399999558926, -4423014.924800001084805 ], [ -7996188.103000000119209, -4423022.978100001811981 ], [ -7996178.823000000789762, -4423043.987799998372793 ], [ -7996191.250800000503659, -4423057.570300001651049 ], [ -7996208.277100000530481, -4423061.900800000876188 ], [ -7996224.992599999532104, -4423075.626499999314547 ], [ -7996237.643500000238419, -4423084.827300000935793 ], [ -7996240.9364, -4423115.035199999809265 ], [ -7996235.073799999430776, -4423162.495000001043081 ], [ -7996220.723600000143051, -4423204.655299998819828 ], [ -7996185.841399999335408, -4423221.048599999397993 ], [ -7996146.816600000485778, -4423232.914099998772144 ], [ -7996133.24860000051558, -4423253.780799999833107 ], [ -7996150.109400000423193, -4423263.122400000691414 ], [ -7996201.562300000339746, -4423264.839800000190735 ], [ -7996228.0921, -4423243.778299998492002 ], [ -7996258.665699999779463, -4423227.868200000375509 ], [ -7996288.534800000488758, -4423233.254299998283386 ], [ -7996317.844399999827147, -4423255.551899999380112 ], [ -7996365.6469, -4423240.216299999505281 ], [ -7996387.520700000226498, -4423227.777899999171495 ], [ -7996413.102, -4423233.020500000566244 ], [ -7996447.548900000751019, -4423229.780099999159575 ], [ -7996465.403999999165535, -4423209.0559 ], [ -7996483.067800000309944, -4423196.476799998432398 ], [ -7996513.226800000295043, -4423193.093199998140335 ], [ -7996521.222500000149012, -4423210.917199999094009 ], [ -7996529.239, -4423228.114799998700619 ], [ -7996553.681700000539422, -4423267.807100001722574 ], [ -7996578.828500000759959, -4423286.2029 ], [ -7996604.4309, -4423290.818799998611212 ], [ -7996617.372199999168515, -4423291.250199999660254 ], [ -7996638.666200000792742, -4423296.349399998784065 ], [ -7996637.672499999403954, -4423326.414900001138449 ], [ -7996645.1097, -4423361.151099998503923 ], [ -7996669.677300000563264, -4423397.085299998521805 ], [ -7996686.7043999992311, -4423401.415199998766184 ] ] ] ] } },
{ "type": "Feature", "properties": { "objectid": 13823, "st_area_sh": 51706.268168000002, "st_length_": 1438.09563009, "Nombre": null, "Tipo": "Lago", "objectid_2": 243, "shape_leng": 157467.04966700001, "dis_elec": 19, "cir_sena": 10, "cod_comuna": 16104, "codregion": 16, "st_area_sh_2": 1044405375.0099999, "st_length__2": 196962.66431299999, "Region": "Región de Ñuble", "Comuna": "El Carmen", "Provincia": "Ñuble" }, "geometry": { "type": "MultiPolygon", "coordinates": [ [ [ [ -7999462.527799999341369, -4426319.499099999666214 ], [ -7999504.856200000271201, -4426308.257199998944998 ], [ -7999532.652599999681115, -4426292.32039999961853 ], [ -7999544.166400000452995, -4426261.095899999141693 ], [ -7999569.866800000891089, -4426245.089899998158216 ], [ -7999589.487199999392033, -4426222.561599999666214 ], [ -7999602.613399999216199, -4426206.139699999243021 ], [ -7999638.378100000321865, -4426203.108300000429153 ], [ -7999650.952199999243021, -4426203.524000000208616 ], [ -7999662.189600000157952, -4426180.718499999493361 ], [ -7999690.192399999126792, -4426158.467500001192093 ], [ -7999714.003699999302626, -4426136.0777000002563 ], [ -7999735.581299999728799, -4426117.828000001609325 ], [ -7999759.04759999923408, -4426105.961800001561642 ], [ -7999780.6941, -4426085.6074 ], [ -7999785.988800000399351, -4426052.070900000631809 ], [ -7999769.913100000470877, -4426030.469799999147654 ], [ -7999766.687400000169873, -4426000.865600001066923 ], [ -7999765.626299999654293, -4425969.226199999451637 ], [ -7999766.3849, -4425946.074700001627207 ], [ -7999766.4539, -4425943.970100000500679 ], [ -7999756.320499999448657, -4425933.100400000810623 ], [ -7999722.997199999168515, -4425925.677999999374151 ], [ -7999680.532600000500679, -4425941.129900000989437 ], [ -7999666.923900000751019, -4425972.284299999475479 ], [ -7999647.442199999466538, -4425990.602800000458956 ], [ -7999644.4496, -4426017.894299998879433 ], [ -7999649.908700000494719, -4426043.3585 ], [ -7999669.830600000917912, -4426075.6217 ], [ -7999664.6733, -4426104.949099998921156 ], [ -7999638.973200000822544, -4426120.955200001597404 ], [ -7999600.837200000882149, -4426132.336100000888109 ], [ -7999573.041300000622869, -4426148.272799998521805 ], [ -7999551.256300000473857, -4426172.836300000548363 ], [ -7999531.981000000610948, -4426184.840700000524521 ], [ -7999519.5449, -4426180.215399999171495 ], [ -7999514.155200000852346, -4426152.646099999547005 ], [ -7999517.07909999974072, -4426127.458999998867512 ], [ -7999491.862099999561906, -4426128.731899999082088 ], [ -7999488.36089999973774, -4426107.546300001442432 ], [ -7999497.71000000089407, -4426078.357799999415874 ], [ -7999483.316400000825524, -4426069.45380000025034 ], [ -7999461.60050000064075, -4426091.912099998444319 ], [ -7999454.20890000090003, -4426125.379299998283386 ], [ -7999447.162499999627471, -4426148.323100000619888 ], [ -7999431.250099999830127, -4426185.722500000149012 ], [ -7999437.793500000610948, -4426306.038600001484156 ], [ -7999462.527799999341369, -4426319.499099999666214 ] ] ] ] } },
{ "type": "Feature", "properties": { "objectid": 13755, "st_area_sh": 15761.016418, "st_length_": 505.81208665100002, "Nombre": null, "Tipo": "Lago", "objectid_2": 242, "shape_leng": 276848.82649900002, "dis_elec": 19, "cir_sena": 10, "cod_comuna": 16302, "codregion": 16, "st_area_sh_2": 2764575965.3099999, "st_length__2": 346671.611064, "Region": "Región de Ñuble", "Comuna": "Coihueco", "Provincia": "Punilla" }, "geometry": { "type": "MultiPolygon", "coordinates": [ [ [ [ -7974348.493599999696016, -4372939.720899999141693 ], [ -7974366.147399999201298, -4372923.490899998694658 ], [ -7974366.907600000500679, -4372901.674400001764297 ], [ -7974359.2643, -4372875.81810000166297 ], [ -7974347.0504, -4372858.538499999791384 ], [ -7974313.142699999734759, -4372848.609299998730421 ], [ -7974283.579299999400973, -4372838.832899998873472 ], [ -7974275.349999999627471, -4372829.80629999935627 ], [ -7974259.536599999293685, -4372815.520599998533726 ], [ -7974250.4879, -4372807.71339999884367 ], [ -7974233.573000000789762, -4372802.750199999660254 ], [ -7974207.972400000318885, -4372801.850000001490116 ], [ -7974189.632799999788404, -4372835.529800001531839 ], [ -7974188.872199999168515, -4372857.346200000494719 ], [ -7974196.51490000076592, -4372883.202500000596046 ], [ -7974217.035599999129772, -4372909.511799998581409 ], [ -7974238.065500000491738, -4372918.988499999046326 ], [ -7974280.581599999219179, -4372924.85190000012517 ], [ -7974310.166799999773502, -4372934.004999998956919 ], [ -7974322.815199999138713, -4372938.818300001323223 ], [ -7974348.493599999696016, -4372939.720899999141693 ] ] ] ] } },
{ "type": "Feature", "properties": { "objectid": 13756, "st_area_sh": 120553.30469, "st_length_": 2138.0808560800001, "Nombre": null, "Tipo": "Lago", "objectid_2": 242, "shape_leng": 276848.82649900002, "dis_elec": 19, "cir_sena": 10, "cod_comuna": 16302, "codregion": 16, "st_area_sh_2": 2764575965.3099999, "st_length__2": 346671.611064, "Region": "Región de Ñuble", "Comuna": "Coihueco", "Provincia": "Punilla" }, "geometry": { "type": "MultiPolygon", "coordinates": [ [ [ [ -7971625.253100000321865, -4375803.459699999541044 ], [ -7971651.319900000467896, -4375791.273600000888109 ], [ -7971660.677500000223517, -4375770.3805 ], [ -7971674.378599999472499, -4375745.271499998867512 ], [ -7971675.582599999383092, -4375710.980399999767542 ], [ -7971692.96030000038445, -4375702.8564000017941 ], [ -7971713.643400000408292, -4375703.9287 ], [ -7971715.19679999910295, -4375678.049699999392033 ], [ -7971728.612999999895692, -4375661.045899998396635 ], [ -7971733.624900000169873, -4375639.999200001358986 ], [ -7971745.231699999421835, -4375623.618299998342991 ], [ -7971764.989900000393391, -4375582.290399998426437 ], [ -7971773.838999999687076, -4375553.709899999201298 ], [ -7971776.105399999767542, -4375525.394400000572205 ], [ -7971782.627100000157952, -4375461.329 ], [ -7971779.278599999845028, -4375434.99269999936223 ], [ -7971780.329, -4375405.066799998283386 ], [ -7971794.182399999350309, -4375375.594200000166893 ], [ -7971807.653699999675155, -4375359.216899998486042 ], [ -7971843.5263, -4375356.548599999397993 ], [ -7971876.855399999767542, -4375335.449000000953674 ], [ -7971906.7292, -4375336.506400000303984 ], [ -7971940.948200000450015, -4375337.717399999499321 ], [ -7971967.297900000587106, -4375317.426199998706579 ], [ -7971959.659199999645352, -4375291.562699999660254 ], [ -7971942.894899999722838, -4375282.230200000107288 ], [ -7971934.971999999135733, -4375264.471599999815226 ], [ -7971948.977900000289083, -4375230.635099999606609 ], [ -7971967.098200000822544, -4375201.313700001686811 ], [ -7971971.956399999558926, -4375184.631700001657009 ], [ -7971985.524700000882149, -4375163.264199998229742 ], [ -7971986.727399999275804, -4375128.974800001829863 ], [ -7971961.406199999153614, -4375119.964000001549721 ], [ -7971945.2544, -4375093.175500001758337 ], [ -7971940.123999999836087, -4375063.158300001174212 ], [ -7971904.010299999266863, -4375048.645300000905991 ], [ -7971892.104499999433756, -4375022.631299998611212 ], [ -7971871.816800000146031, -4374991.951299998909235 ], [ -7971846.517899999395013, -4374982.31700000166893 ], [ -7971776.956399999558926, -4375014.1858000010252 ], [ -7971745.880000000819564, -4375047.417100001126528 ], [ -7971674.288799999281764, -4375111.532699998468161 ], [ -7971694.559800000861287, -4375170.442699998617172 ], [ -7971695.829, -4375256.005800001323223 ], [ -7971697.38260000012815, -4375333.464499998837709 ], [ -7971700.140100000426173, -4375376.63399999961257 ], [ -7971707.0121, -4375424.318799998611212 ], [ -7971700.9496, -4375475.291299998760223 ], [ -7971682.82799999974668, -4375504.612799998372793 ], [ -7971673.526499999687076, -4375526.1316 ], [ -7971659.135199999436736, -4375568.694400001317263 ], [ -7971653.225700000301003, -4375615.303300000727177 ], [ -7971647.9070999994874, -4375645.078600000590086 ], [ -7971643.0263, -4375662.38459999859333 ], [ -7971625.648600000888109, -4375670.508499998599291 ], [ -7971616.368699999526143, -4375691.404199998825788 ], [ -7971624.751000000163913, -4375696.070799998939037 ], [ -7971645.936799999326468, -4375701.190900001674891 ], [ -7971658.226800000295043, -4375718.480900000780821 ], [ -7971649.000499999150634, -4375735.633200000971556 ], [ -7971631.469499999657273, -4375748.121500000357628 ], [ -7971600.850299999117851, -4375768.261399999260902 ], [ -7971608.181700000539422, -4375802.855000000447035 ], [ -7971625.253100000321865, -4375803.459699999541044 ] ] ] ] } },
{ "type": "Feature", "properties": { "objectid": 13762, "st_area_sh": 75807.48835650002, "st_length_": 1427.6186165900001, "Nombre": null, "Tipo": "Lago", "objectid_2": 242, "shape_leng": 276848.82649900002, "dis_elec": 19, "cir_sena": 10, "cod_comuna": 16302, "codregion": 16, "st_area_sh_2": 2764575965.3099999, "st_length__2": 346671.611064, "Region": "Región de Ñuble", "Comuna": "Coihueco", "Provincia": "Punilla" }, "geometry": { "type": "MultiPolygon", "coordinates": [ [ [ [ -7966393.328199999406934, -4381662.998700000345707 ], [ -7966407.8476, -4381643.333200000226498 ], [ -7966428.4539, -4381646.385600000619888 ], [ -7966463.017200000584126, -4381645.316300000995398 ], [ -7966472.47690000012517, -4381601.511999998241663 ], [ -7966499.1634, -4381572.491300001740456 ], [ -7966534.446699999272823, -4381578.533300001174212 ], [ -7966576.070299999788404, -4381573.094099998474121 ], [ -7966615.970899999141693, -4381551.411100000143051 ], [ -7966633.764000000432134, -4381516.743900001049042 ], [ -7966668.680400000885129, -4381493.2018 ], [ -7966688.056700000539422, -4381466.158100001513958 ], [ -7966726.06900000013411, -4381432.848900001496077 ], [ -7966714.520600000396371, -4381412.218400001525879 ], [ -7966720.652499999850988, -4381391.045000001788139 ], [ -7966712.362099999561906, -4381365.319400001317263 ], [ -7966699.417899999767542, -4381356.089400000870228 ], [ -7966687.230399999767542, -4381338.163699999451637 ], [ -7966682.400399999693036, -4381301.829599998891354 ], [ -7966661.712400000542402, -4381301.086500000208616 ], [ -7966638.1502, -4381316.421300001442432 ], [ -7966559.812999999150634, -4381312.35080000013113 ], [ -7966537.997099999338388, -4381324.682799998670816 ], [ -7966511.5449, -4381344.967399999499321 ], [ -7966506.519500000402331, -4381366.022100001573563 ], [ -7966506.052799999713898, -4381379.121199999004602 ], [ -7966518.262399999424815, -4381396.42339999973774 ], [ -7966521.909900000318885, -4381414.042300000786781 ], [ -7966513.059100000187755, -4381422.468299999833107 ], [ -7966500.249500000849366, -4381422.00789999961853 ], [ -7966478.9002, -4381421.240600001066923 ], [ -7966465.490399999544024, -4381437.622000001370907 ], [ -7966455.728199999779463, -4381471.622699998319149 ], [ -7966434.378799999132752, -4381470.85530000180006 ], [ -7966378.325799999758601, -4381481.956300001591444 ], [ -7966343.255000000819564, -4381506.30290000140667 ], [ -7966321.594200000166893, -4381514.268199998885393 ], [ -7966304.514699999243021, -4381513.653999999165535 ], [ -7966270.355499999597669, -4381512.425700001418591 ], [ -7966252.886900000274181, -4381520.541600000113249 ], [ -7966243.4353, -4381545.8092 ], [ -7966251.507999999448657, -4381559.215700000524521 ], [ -7966276.91609999909997, -4381568.2489 ], [ -7966302.535599999129772, -4381569.170200001448393 ], [ -7966306.494300000369549, -4381578.056699998676777 ], [ -7966323.262700000777841, -4381587.4037000015378 ], [ -7966340.031199999153614, -4381596.750799998641014 ], [ -7966369.631699999794364, -4381605.934399999678135 ], [ -7966377.860300000756979, -4381614.974500000476837 ], [ -7966377.0822, -4381636.806800000369549 ], [ -7966376.1706000007689, -4381662.381999999284744 ], [ -7966393.328199999406934, -4381662.998700000345707 ] ] ] ] } },
{ "type": "Feature", "properties": { "objectid": 13766, "st_area_sh": 229881.7518, "st_length_": 2570.0073205, "Nombre": null, "Tipo": "Lago", "objectid_2": 242, "shape_leng": 276848.82649900002, "dis_elec": 19, "cir_sena": 10, "cod_comuna": 16302, "codregion": 16, "st_area_sh_2": 2764575965.3099999, "st_length__2": 346671.611064, "Region": "Región de Ñuble", "Comuna": "Coihueco", "Provincia": "Punilla" }, "geometry": { "type": "MultiPolygon", "coordinates": [ [ [ [ -7991887.212600000202656, -4382670.689100001007318 ], [ -7991919.492000000551343, -4382644.373700000345707 ], [ -7991918.118300000205636, -4382616.895700000226498 ], [ -7991936.317600000649691, -4382584.968699999153614 ], [ -7991965.906300000846386, -4382585.961399998515844 ], [ -7991971.940300000831485, -4382551.806499999016523 ], [ -7991973.102299999445677, -4382516.863699998706579 ], [ -7991974.243599999696016, -4382482.544799998402596 ], [ -7991984.936499999836087, -4382457.916700001806021 ], [ -7992005.492000000551343, -4382433.619300000369549 ], [ -7992011.769300000742078, -4382394.475600000470877 ], [ -7992028.184299999848008, -4382345.052799999713898 ], [ -7992030.487299999222159, -4382275.792500000447035 ], [ -7992071.410499999299645, -4382232.813999999314547 ], [ -7992078.849099999293685, -4382158.729400001466274 ], [ -7992084.288799999281764, -4382107.076999999582767 ], [ -7992085.2599, -4382077.868099998682737 ], [ -7992032.669099999591708, -4382062.858199998736382 ], [ -7991998.443900000303984, -4382051.715999998152256 ], [ -7991979.383099999278784, -4382031.087799999862909 ], [ -7991980.3581000007689, -4382001.762200001627207 ], [ -7991990.718399999663234, -4381987.118200000375509 ], [ -7992001.5767, -4381957.499499998986721 ], [ -7992003.049699999392033, -4381913.199299998581409 ], [ -7992019.209499999880791, -4381873.764400001615286 ], [ -7992030.2127, -4381839.778299998492002 ], [ -7992041.070599999278784, -4381810.160000000149012 ], [ -7992071.154899999499321, -4381796.1776 ], [ -7992072.4616, -4381756.869600001722574 ], [ -7992063.097300000488758, -4381741.564399998635054 ], [ -7992048.43129999935627, -4381736.075599998235703 ], [ -7992033.676999999210238, -4381735.580800000578165 ], [ -7992019.011, -4381730.091899998486042 ], [ -7992019.674699999392033, -4381710.1261 ], [ -7992000.593699999153614, -4381690.122699998319149 ], [ -7991991.0636, -4381679.808899998664856 ], [ -7991951.615299999713898, -4381678.48589999973774 ], [ -7991921.863199999555945, -4381682.4847999997437 ], [ -7991891.467800000682473, -4381705.825599998235703 ], [ -7991861.5494, -4381714.815900001674891 ], [ -7991802.377100000157952, -4381712.830400001257658 ], [ -7991718.973999999463558, -4381711.034299999475479 ], [ -7991699.947699999436736, -4381735.980999998748302 ], [ -7991683.220000000670552, -4381801.21059999987483 ], [ -7991677.762199999764562, -4381855.85359999909997 ], [ -7991683.331599999219179, -4381907.212000001221895 ], [ -7991681.265900000929832, -4381969.279599998146296 ], [ -7991704.711200000718236, -4381977.521299999207258 ], [ -7991723.6053, -4382003.14130000025034 ], [ -7991742.188100000843406, -4382038.1206 ], [ -7991775.250499999150634, -4382084.204999998211861 ], [ -7991778.33669999986887, -4382138.653299998492002 ], [ -7991780.007200000807643, -4382173.627999998629093 ], [ -7991816.146600000560284, -4382189.269900001585484 ], [ -7991819.622099999338388, -4382234.361900001764297 ], [ -7991823.3728, -4382268.844000000506639 ], [ -7991837.042999999597669, -4382304.283900000154972 ], [ -7991850.9679000005126, -4382329.73759999871254 ], [ -7991855.128399999812245, -4382354.239199999719858 ], [ -7991834.884199999272823, -4382383.81810000166297 ], [ -7991830.6415, -4382401.952100001275539 ], [ -7991822.073699999600649, -4382457.4496 ], [ -7991830.296399999409914, -4382507.074700001627207 ], [ -7991843.723300000652671, -4382547.504599999636412 ], [ -7991853.087999999523163, -4382562.811099998652935 ], [ -7991861.809100000187755, -4382597.461100000888109 ], [ -7991858.978800000622869, -4382644.153999999165535 ], [ -7991874.504200000315905, -4382662.229299999773502 ], [ -7991887.212600000202656, -4382670.689100001007318 ] ] ] ] } },
{ "type": "Feature", "properties": { "objectid": 13771, "st_area_sh": 2774073.6371499998, "st_length_": 16177.551276100001, "Nombre": "Embalse Coihueco", "Tipo": "Tranque", "objectid_2": 242, "shape_leng": 276848.82649900002, "dis_elec": 19, "cir_sena": 10, "cod_comuna": 16302, "codregion": 16, "st_area_sh_2": 2764575965.3099999, "st_length__2": 346671.611064, "Region": "Región de Ñuble", "Comuna": "Coihueco", "Provincia": "Punilla" }, "geometry": { "type": "MultiPolygon", "coordinates": [ [ [ [ -7990477.287399999797344, -4391387.431400001049042 ], [ -7990512.130699999630451, -4391378.603900000452995 ], [ -7990528.625600000843406, -4391329.770700000226498 ], [ -7990554.746400000527501, -4391286.263799998909235 ], [ -7990571.261700000613928, -4391236.806499999016523 ], [ -7990577.9748, -4391182.642499998211861 ], [ -7990590.163100000470877, -4391113.659299999475479 ], [ -7990576.899299999698997, -4391068.199799999594688 ], [ -7990548.6031, -4391027.859900001436472 ], [ -7990534.593800000846386, -4391002.380800001323223 ], [ -7990560.123099999502301, -4390978.860500000417233 ], [ -7990600.440099999308586, -4390955.213599998503923 ], [ -7990639.921900000423193, -4390956.545000001788139 ], [ -7990684.4671, -4390953.045699998736382 ], [ -7990724.616800000891089, -4390934.394000001251698 ], [ -7990744.8585, -4390920.072500001639128 ], [ -7990769.907299999147654, -4390910.914299998432398 ], [ -7990799.351800000295043, -4390916.908100001513958 ], [ -7990821.95920000039041, -4390964.3081 ], [ -7990867.639799999073148, -4390965.84739999845624 ], [ -7990882.544099999591708, -4390939.71680000051856 ], [ -7990917.296499999240041, -4390935.886500000953674 ], [ -7990941.433199999853969, -4390951.703600000590086 ], [ -7990960.673599999397993, -4390967.355700001120567 ], [ -7990999.008600000292063, -4391003.031199999153614 ], [ -7991034.073999999091029, -4390989.833500001579523 ], [ -7991041.139000000432134, -4390925.05460000038147 ], [ -7991043.119699999690056, -4390865.731100000441074 ], [ -7991046.268200000748038, -4390771.438700001686811 ], [ -7991003.8717, -4390710.621500000357628 ], [ -7990965.871200000867248, -4390664.956000000238419 ], [ -7990928.058900000527501, -4390613.670699998736382 ], [ -7990919.836400000378489, -4390564.007399998605251 ], [ -7990922.318199999630451, -4390489.699700001627207 ], [ -7990916.431700000539422, -4390370.101100001484156 ], [ -7990968.42960000038147, -4390292.461800001561642 ], [ -7991018.592199999839067, -4390269.771600000560284 ], [ -7991073.0044, -4390266.603000000119209 ], [ -7991127.160700000822544, -4390273.4276 ], [ -7991161.833100000396371, -4390269.593899998813868 ], [ -7991188.2138, -4390220.472300000488758 ], [ -7991180.156999999657273, -4390165.815699998289347 ], [ -7991173.433900000527501, -4390071.19709999859333 ], [ -7991209.085100000724196, -4390038.016100000590086 ], [ -7991220.78830000013113, -4389983.400499999523163 ], [ -7991223.267699999734759, -4389909.096599999815226 ], [ -7991253.271999999880791, -4389751.331599999219179 ], [ -7991289.754899999126792, -4389693.175599999725819 ], [ -7991306.909800000488758, -4389624.368200000375509 ], [ -7991303.915200000628829, -4389564.884399998933077 ], [ -7991306.549000000581145, -4389528.361299999058247 ], [ -7991330.735600000247359, -4389476.545099999755621 ], [ -7991361.773600000888109, -4389443.755899999290705 ], [ -7991404.403300000354648, -4389400.079100001603365 ], [ -7991435.751900000497699, -4389316.164099998772144 ], [ -7991510.307900000363588, -4389303.670000001788139 ], [ -7991569.521999999880791, -4389305.660900000482798 ], [ -7991628.070299999788404, -4389327.6316 ], [ -7991641.52419999986887, -4389367.463300000876188 ], [ -7991680.501199999824166, -4389383.775199998170137 ], [ -7991724.118899999186397, -4389410.244100000709295 ], [ -7991762.11849999986589, -4389455.901599999517202 ], [ -7991789.417300000786781, -4389526.2027000002563 ], [ -7991816.050799999386072, -4389616.484499998390675 ], [ -7991796.091, -4389769.586100000888109 ], [ -7991773.876599999144673, -4389843.226199999451637 ], [ -7991766.671499999240041, -4389912.370299998670816 ], [ -7991722.886299999430776, -4390040.295899998396635 ], [ -7991697.028599999845028, -4390073.807900000363588 ], [ -7991671.727299999445677, -4390092.960900001227856 ], [ -7991636.145300000905991, -4390121.770199999213219 ], [ -7991613.928899999707937, -4390195.412200000137091 ], [ -7991581.176100000739098, -4390288.704300001263618 ], [ -7991540.3849, -4390326.715599998831749 ], [ -7991479.998999999836087, -4390359.691599998623133 ], [ -7991419.133899999782443, -4390407.029399998486042 ], [ -7991407.7643, -4390451.656500000506639 ], [ -7991451.828400000929832, -4390462.515900000929832 ], [ -7991460.443399999290705, -4390502.814399998635054 ], [ -7991458.964800000190735, -4390547.149500001221895 ], [ -7991455.9869, -4390636.444699998944998 ], [ -7991474.394600000232458, -4390677.07319999858737 ], [ -7991493.764799999073148, -4390703.693500000983477 ], [ -7991554.926000000908971, -4390698.095800001174212 ], [ -7991554.689300000667572, -4390639.764600001275539 ], [ -7991566.5373, -4390580.774399999529123 ], [ -7991568.0154, -4390536.4391999989748 ], [ -7991574.410599999129772, -4390491.644400000572205 ], [ -7991590.89919999986887, -4390442.813099998980761 ], [ -7991627.5494, -4390379.656899999827147 ], [ -7991662.7993, -4390360.837900001555681 ], [ -7991732.388699999079108, -4390348.174100000411272 ], [ -7991748.320000000298023, -4390313.702399998903275 ], [ -7991778.907800000160933, -4390285.349500000476837 ], [ -7991808.684100000187755, -4390281.349300000816584 ], [ -7991848.163799999281764, -4390282.675900001078844 ], [ -7991926.624299999326468, -4390300.315000001341105 ], [ -7991945.386800000444055, -4390330.326299998909235 ], [ -7991983.868699999526143, -4390361.625100001692772 ], [ -7991997.714600000530481, -4390392.096500001847744 ], [ -7992026.18129999935627, -4390427.434900000691414 ], [ -7992049.6535, -4390463.230599999427795 ], [ -7992093.2972, -4390489.076699998229742 ], [ -7992094.8882, -4390588.527399998158216 ], [ -7992063.634999999776483, -4390636.864199999719858 ], [ -7992055.931900000199676, -4390721.000500001013279 ], [ -7992053.7697, -4390785.943799998611212 ], [ -7992056.52449999935925, -4390850.427400000393391 ], [ -7992079.763499999418855, -4390895.594200000166893 ], [ -7992108.709799999371171, -4390916.571400001645088 ], [ -7992163.291600000113249, -4390908.401500001549721 ], [ -7992203.605000000447035, -4390884.748700000345707 ], [ -7992208.5757, -4390922.425200000405312 ], [ -7992174.6623, -4390987.554099999368191 ], [ -7992182.707399999722838, -4391005.32880000025034 ], [ -7992187.6897, -4391028.627300001680851 ], [ -7992196.103700000792742, -4391037.662200000137091 ], [ -7992208.674599999561906, -4391029.331799998879433 ], [ -7992249.6535, -4390985.69539999961853 ], [ -7992290.611300000920892, -4390942.683499999344349 ], [ -7992328.334599999710917, -4390849.550200000405312 ], [ -7992330.308199999853969, -4390790.226500000804663 ], [ -7992308.065600000321865, -4390715.086899999529123 ], [ -7992300.189899999648333, -4390654.808200001716614 ], [ -7992322.9013, -4390566.174699999392033 ], [ -7992344.116800000891089, -4390522.5016999989748 ], [ -7992361.26659999974072, -4390453.686799999326468 ], [ -7992385.950200000777841, -4390305.733800001442432 ], [ -7992422.284, -4390251.941599998623133 ], [ -7992454.530999999493361, -4390173.63289999961853 ], [ -7992470.31870000064373, -4389996.004900000989437 ], [ -7992476.289000000804663, -4389966.199999999254942 ], [ -7992537.147199999541044, -4389918.857500001788139 ], [ -7992647.300200000405312, -4389844.065099999308586 ], [ -7992696.406500000506639, -4389830.673500001430511 ], [ -7992705.63150000013411, -4389778.351100001484156 ], [ -7992661.762000000104308, -4389746.805599998682737 ], [ -7992612.037499999627471, -4389666.19200000166893 ], [ -7992613.660000000149012, -4389617.374899998307228 ], [ -7992530.921499999240041, -4389511.713199999183416 ], [ -7992445.034499999135733, -4389270.679499998688698 ], [ -7992420.036499999463558, -4389131.077100001275539 ], [ -7992411.794600000604987, -4389046.720800001174212 ], [ -7992382.134500000625849, -4389038.207600001245737 ], [ -7992387.129200000315905, -4388888.011 ], [ -7992405.337099999189377, -4388678.115499999374151 ], [ -7992376.177500000223517, -4388654.583399999886751 ], [ -7992335.177899999544024, -4388649.449099998921156 ], [ -7992298.2917, -4388633.175700001418591 ], [ -7992268.256999999284744, -4388644.700899999588728 ], [ -7992229.115499999374151, -4388633.386999998241663 ], [ -7992204.488600000739098, -4388630.060499999672174 ], [ -7992184.912499999627471, -4388626.903299998492002 ], [ -7992130.929500000551343, -4388615.091099999845028 ], [ -7992091.621999999508262, -4388608.77140000090003 ], [ -7992037.7171, -4388596.961199998855591 ], [ -7991949.067700000479817, -4388588.984299998730421 ], [ -7991801.208200000226498, -4388579.017700001597404 ], [ -7991682.787699999287724, -4388575.038499999791384 ], [ -7991559.061599999666214, -4388580.880100000649691 ], [ -7991478.449699999764562, -4388628.171799998730421 ], [ -7991461.797499999403954, -4388681.98930000141263 ], [ -7991459.986600000411272, -4388736.306400001049042 ], [ -7991439.08390000090003, -4388770.605399999767542 ], [ -7991408.833000000566244, -4388788.964200001209974 ], [ -7991358.99070000089705, -4388802.288499999791384 ], [ -7991283.682600000873208, -4388839.757399998605251 ], [ -7991262.300100000575185, -4388888.416299998760223 ], [ -7991235.61089999973774, -4388946.897399999201298 ], [ -7991200.942900000140071, -4388950.731100000441074 ], [ -7991161.134800000116229, -4388959.392000000923872 ], [ -7991145.292999999597669, -4388988.861000001430511 ], [ -7991120.4934, -4388993.026700001209974 ], [ -7991046.77280000038445, -4388980.544100001454353 ], [ -7991027.369000000879169, -4388969.889899998903275 ], [ -7990983.165500000119209, -4388963.401099998503923 ], [ -7990948.753200000151992, -4388957.241700001060963 ], [ -7990934.322599999606609, -4388946.754999998956919 ], [ -7990900.389799999073148, -4388926.235599998384714 ], [ -7990876.25760000012815, -4388910.421799998730421 ], [ -7990862.083100000396371, -4388889.942800000309944 ], [ -7990838.11769999936223, -4388869.134100001305342 ], [ -7990818.380599999800324, -4388868.469300001859665 ], [ -7990791.689099999144673, -4388926.949099998921156 ], [ -7990760.748500000685453, -4388965.909400001168251 ], [ -7990725.245999999344349, -4388994.715300001204014 ], [ -7990694.82630000077188, -4389018.067099999636412 ], [ -7990659.91330000013113, -4389026.891100000590086 ], [ -7990619.604000000283122, -4389050.534400001168251 ], [ -7990608.420700000599027, -4389089.535700000822544 ], [ -7990621.927300000563264, -4389129.9945 ], [ -7990660.567800000309944, -4389156.299400001764297 ], [ -7990693.3301, -4389173.1393 ], [ -7990764.11460000090301, -4389183.043099999427795 ], [ -7990867.333399999886751, -4389177.643199998885393 ], [ -7990955.986300000920892, -4389185.629799999296665 ], [ -7990980.119300000369549, -4389201.443999998271465 ], [ -7990988.487199999392033, -4389246.73030000180006 ], [ -7991031.956700000911951, -4389277.57209999859333 ], [ -7991061.063400000333786, -4389293.553800001740456 ], [ -7991079.154899999499321, -4389343.543200001120567 ], [ -7991082.216600000858307, -4389398.65260000154376 ], [ -7991056.60329999960959, -4389427.168600000441074 ], [ -7991036.531600000336766, -4389436.493999999016523 ], [ -7991030.224099999293685, -4389476.286499999463558 ], [ -7991043.42, -4389526.111999999731779 ], [ -7991054.918099999427795, -4389553.724899999797344 ], [ -7991043.074699999764562, -4389572.122600000351667 ], [ -7991037.580900000408292, -4389624.567899998277426 ], [ -7991029.423599999397993, -4389649.407200001180172 ], [ -7990994.675599999725819, -4389653.23759999871254 ], [ -7990988.945800000801682, -4389678.0482 ], [ -7990997.00139999948442, -4389732.702399998903275 ], [ -7990946.987500000745058, -4389751.020799998193979 ], [ -7990917.712999999523163, -4389740.03319999948144 ], [ -7990898.307800000533462, -4389729.377999998629093 ], [ -7990852.688999999314547, -4389762.846200000494719 ], [ -7990783.603399999439716, -4389760.518399998545647 ], [ -7990759.3026, -4389749.697900000959635 ], [ -7990740.2314, -4389729.052299998700619 ], [ -7990706.129799999296665, -4389713.525800000876188 ], [ -7990671.959899999201298, -4389702.372600000351667 ], [ -7990637.044600000604987, -4389711.197000000625849 ], [ -7990617.922700000926852, -4389749.523499999195337 ], [ -7990594.73619999922812, -4389771.297899998724461 ], [ -7990541.175000000745058, -4389772.348999999463558 ], [ -7990432.278000000864267, -4389778.677799999713898 ], [ -7990397.696399999782443, -4389777.511100001633167 ], [ -7990348.182499999180436, -4389780.841299999505281 ], [ -7990323.401900000870228, -4389784.380899999290705 ], [ -7990297.854000000283122, -4389808.522599998861551 ], [ -7990326.125499999150634, -4389849.482700001448393 ], [ -7990344.54839999973774, -4389889.485599998384714 ], [ -7990332.69480000063777, -4389948.470300000160933 ], [ -7990336.1645, -4389993.594799999147654 ], [ -7990339.243200000375509, -4390048.083200000226498 ], [ -7990351.935100000351667, -4390112.897700000554323 ], [ -7990350.431199999526143, -4390157.85530000180006 ], [ -7990354.345499999821186, -4390187.36769999936223 ], [ -7990338.4101, -4390221.83669999986887 ], [ -7990347.444299999624491, -4390247.146299999207258 ], [ -7990371.912900000810623, -4390252.972899999469519 ], [ -7990401.522199999541044, -4390253.971900001168251 ], [ -7990447.478700000792742, -4390210.513599999248981 ], [ -7990489.609300000593066, -4390132.545000001788139 ], [ -7990527.60080000013113, -4390029.432700000703335 ], [ -7990573.200899999588728, -4389996.589600000530481 ], [ -7990599.004799999296665, -4389962.45380000025034 ], [ -7990610.356300000101328, -4389918.454100001603365 ], [ -7990631.4309, -4389879.15819999948144 ], [ -7990666.659700000658631, -4389860.967799998819828 ], [ -7990696.101199999451637, -4389866.960999999195337 ], [ -7990729.124199999496341, -4389912.456300001591444 ], [ -7990663.675699999555945, -4389950.256799999624491 ], [ -7990626.776900000870228, -4390018.399399999529123 ], [ -7990624.794199999421835, -4390077.717999998480082 ], [ -7990642.884800000116229, -4390127.711800001561642 ], [ -7990671.993000000715256, -4390143.695900000631809 ], [ -7990710.804199999198318, -4390165.008000001311302 ], [ -7990748.134099999442697, -4390230.653299998492002 ], [ -7990765.89159999974072, -4390290.6385000012815 ], [ -7990749.122700000181794, -4390350.085299998521805 ], [ -7990718.365299999713898, -4390383.430599998682737 ], [ -7990710.74129999987781, -4390462.56529999896884 ], [ -7990678.313799999654293, -4390545.86540000140667 ], [ -7990628.6294, -4390554.192499998956919 ], [ -7990612.0471, -4390608.020500000566244 ], [ -7990628.134400000795722, -4390717.96339999884367 ], [ -7990610.80599999986589, -4390791.771999999880791 ], [ -7990573.9814, -4390859.9222999997437 ], [ -7990526.873999999836087, -4390937.728700000792742 ], [ -7990470.307299999520183, -4391005.213500000536442 ], [ -7990457.951400000602007, -4391079.191500000655651 ], [ -7990401.953299999237061, -4391127.3158 ], [ -7990391.26799999922514, -4391151.337000001221895 ], [ -7990365.126199999824166, -4391195.467300001531839 ], [ -7990338.927200000733137, -4391238.970800001174212 ], [ -7990357.832800000905991, -4391264.615899998694658 ], [ -7990386.296, -4391299.961399998515844 ], [ -7990401.468900000676513, -4391344.370099999010563 ], [ -7990419.7357, -4391367.952500000596046 ], [ -7990452.9057, -4391376.605799999088049 ], [ -7990477.287399999797344, -4391387.431400001049042 ] ] ] ] } },
{ "type": "Feature", "properties": { "objectid": 13779, "st_area_sh": 261438.677746, "st_length_": 2414.0135006800001, "Nombre": "Laguna Chacayal", "Tipo": "Laguna", "objectid_2": 242, "shape_leng": 276848.82649900002, "dis_elec": 19, "cir_sena": 10, "cod_comuna": 16302, "codregion": 16, "st_area_sh_2": 2764575965.3099999, "st_length__2": 346671.611064, "Region": "Región de Ñuble", "Comuna": "Coihueco", "Provincia": "Punilla" }, "geometry": { "type": "MultiPolygon", "coordinates": [ [ [ [ -7936038.93779999949038, -4396883.091899998486042 ], [ -7936066.968499999493361, -4396874.801399998366833 ], [ -7936099.675499999895692, -4396862.314800001680851 ], [ -7936118.264399999752641, -4396858.660100001841784 ], [ -7936142.070499999448657, -4396840.823899999260902 ], [ -7936165.437599999830127, -4396832.351700000464916 ], [ -7936215.751499999314547, -4396843.6897 ], [ -7936229.417600000277162, -4396848.599199999123812 ], [ -7936257.177500000223517, -4396845.300900001078844 ], [ -7936281.152000000700355, -4396823.0929000005126 ], [ -7936282.235300000756979, -4396794.991700001060963 ], [ -7936319.244200000539422, -4396792.05290000140667 ], [ -7936351.4989, -4396793.307 ], [ -7936374.504699999466538, -4396794.201400000602007 ], [ -7936402.534900000318885, -4396785.910100001841784 ], [ -7936412.765100000426173, -4396758.789799999445677 ], [ -7936436.570499999448657, -4396740.9529 ], [ -7936464.8597, -4396723.915800001472235 ], [ -7936475.3597999997437, -4396691.80290000140667 ], [ -7936496.4506, -4396623.203099999576807 ], [ -7936508.84569999948144, -4396539.881799999624491 ], [ -7936506.401499999687076, -4396484.126899998635054 ], [ -7936508.350199999287724, -4396433.546100001782179 ], [ -7936500.430400000885129, -4396400.718199998140335 ], [ -7936481.9331, -4396399.999299999326468 ], [ -7936453.283900000154972, -4396426.402800001204014 ], [ -7936435.20130000077188, -4396416.944499999284744 ], [ -7936435.754799999296665, -4396402.582100000232458 ], [ -7936422.979499999433756, -4396374.56870000064373 ], [ -7936404.560000000521541, -4396373.852600000798702 ], [ -7936381.1941, -4396382.325100000947714 ], [ -7936366.1085, -4396414.2588 ], [ -7936346.268999999389052, -4396450.385299999266863 ], [ -7936336.129799999296665, -4396473.1305 ], [ -7936321.5976, -4396490.701900001615286 ], [ -7936302.455800000578165, -4396508.719200000166893 ], [ -7936269.479699999094009, -4396526.198800001293421 ], [ -7936232.1107, -4396538.504299998283386 ], [ -7936213.690899999812245, -4396537.787999998778105 ], [ -7936196.162100000306964, -4396513.966699998825788 ], [ -7936173.686699999496341, -4396499.33390000090003 ], [ -7936150.874099999666214, -4396493.443500000983477 ], [ -7936132.376800000667572, -4396492.723999999463558 ], [ -7936105.4846, -4396473.541600000113249 ], [ -7936087.2577, -4396467.829500000923872 ], [ -7936064.5362, -4396457.564599998295307 ], [ -7936046.815199999138713, -4396438.738899998366833 ], [ -7936010.1689, -4396432.309999998658895 ], [ -7935987.163899999111891, -4396431.414900001138449 ], [ -7935968.190300000831485, -4396445.060499999672174 ], [ -7935935.406700000166893, -4396457.543200001120567 ], [ -7935907.738500000908971, -4396456.466499999165535 ], [ -7935855.812400000169873, -4396486.965599998831749 ], [ -7935826.968699999153614, -4396518.363099999725819 ], [ -7935802.541799999773502, -4396554.310400001704693 ], [ -7935768.504200000315905, -4396599.264499999582767 ], [ -7935758.725299999117851, -4396612.642400000244379 ], [ -7935739.582299999892712, -4396630.659000001847744 ], [ -7935706.966700000688434, -4396638.770100001245737 ], [ -7935674.013499999418855, -4396655.6233000010252 ], [ -7935659.287200000137091, -4396678.1897 ], [ -7935658.56389999948442, -4396696.923599999397993 ], [ -7935713.53969999961555, -4396708.44539999961853 ], [ -7935740.768999999389052, -4396718.886700000613928 ], [ -7935763.514799999073148, -4396728.528000000864267 ], [ -7935808.802899999544024, -4396749.053300000727177 ], [ -7935822.107100000604987, -4396763.3301 ], [ -7935839.274000000208616, -4396796.519600000232458 ], [ -7935843.329299999400973, -4396810.436500001698732 ], [ -7935865.328299999237061, -4396839.436200000345707 ], [ -7935906.055500000715256, -4396859.158399999141693 ], [ -7935983.418299999088049, -4396857.143899999558926 ], [ -7936006.682900000363588, -4396881.836899999529123 ], [ -7936038.93779999949038, -4396883.091899998486042 ] ] ] ] } },
{ "type": "Feature", "properties": { "objectid": 13787, "st_area_sh": 34314.2010524, "st_length_": 966.90789457699998, "Nombre": null, "Tipo": "Lago", "objectid_2": 242, "shape_leng": 276848.82649900002, "dis_elec": 19, "cir_sena": 10, "cod_comuna": 16302, "codregion": 16, "st_area_sh_2": 2764575965.3099999, "st_length__2": 346671.611064, "Region": "Región de Ñuble", "Comuna": "Coihueco", "Provincia": "Punilla" }, "geometry": { "type": "MultiPolygon", "coordinates": [ [ [ [ -7990456.41609999909997, -4406319.031899999827147 ], [ -7990470.264799999073148, -4406289.449700001627207 ], [ -7990483.379599999636412, -4406281.75450000166893 ], [ -7990491.58559999987483, -4406243.8429000005126 ], [ -7990493.534499999135733, -4406234.518199998885393 ], [ -7990502.24269999936223, -4406230.430300001055002 ], [ -7990536.488299999386072, -4406231.58839999884367 ], [ -7990553.75789999961853, -4406227.78999999910593 ], [ -7990571.320900000631809, -4406215.2368 ], [ -7990576.167600000277162, -4406198.497400000691414 ], [ -7990572.326999999582767, -4406185.220600001513958 ], [ -7990555.770400000736117, -4406167.757399998605251 ], [ -7990547.355799999088049, -4406163.090700000524521 ], [ -7990522.531300000846386, -4406136.583399999886751 ], [ -7990514.557, -4406118.784499999135733 ], [ -7990507.002000000327826, -4406088.478900000452995 ], [ -7990498.880999999120831, -4406075.057500001043081 ], [ -7990486.039000000804663, -4406074.623199999332428 ], [ -7990468.182600000873208, -4406095.930700000375509 ], [ -7990476.177799999713898, -4406113.104200001806021 ], [ -7990466.316600000485778, -4406151.585400000214577 ], [ -7990440.114299999549985, -4406163.846099998801947 ], [ -7990392.880100000649691, -4406166.630699999630451 ], [ -7990361.6151, -4406204.387899998575449 ], [ -7990339.351700000464916, -4406229.3026 ], [ -7990292.186200000345707, -4406227.706700000911951 ], [ -7990257.940600000321865, -4406226.547800000756979 ], [ -7990248.518999999389052, -4406251.896999999880791 ], [ -7990247.511900000274181, -4406281.91330000013113 ], [ -7990268.32799999974668, -4406300.147300001233816 ], [ -7990306.854499999433756, -4406301.4510000012815 ], [ -7990367.155999999493361, -4406294.726599998772144 ], [ -7990384.425699999555945, -4406290.928399998694658 ], [ -7990409.816500000655651, -4406300.552099999040365 ], [ -7990439.215399999171495, -4406318.450100000947714 ], [ -7990456.41609999909997, -4406319.031899999827147 ] ] ] ] } }
]
}
