{
"type": "FeatureCollection",
"name": "perimetros_capas_12",
"crs": { "type": "name", "properties": { "name": "urn:ogc:def:crs:OGC:1.3:CRS84" } },
"features": [
{ "type": "Feature", "properties": { "id": 1, "capa_kml": "Limite_50m_IPT_12_PRC_Punta_Delgada_San_Gregorio", "nombre_busq": "Limite_50m_IPT_12_PRC_Punta_Delgada_San_Gregorio", "fid_origen": 1, "crs_origen": "EPSG:4326" }, "geometry": { "type": "MultiPolygon", "coordinates": [ [ [ [ -69.698977282043089, -52.314747869804108 ], [ -69.698957841426889, -52.314731383259414 ], [ -69.696718274548502, -52.313181571380994 ], [ -69.694936577178609, -52.311948503275453 ], [ -69.694239241114332, -52.311465867276361 ], [ -69.694239240633394, -52.31146586697411 ], [ -69.691706341976882, -52.309712691946181 ], [ -69.690640159447526, -52.308974662945111 ], [ -69.690614036109025, -52.308960013792081 ], [ -69.69058331334378, -52.308970801163746 ], [ -69.687156214369949, -52.310487252039628 ], [ -69.68713442042565, -52.310498970640708 ], [ -69.687161803347735, -52.310504807797244 ], [ -69.687417910949193, -52.310543196780358 ], [ -69.687555381057365, -52.31057294542979 ], [ -69.687680534965608, -52.310618772455562 ], [ -69.687788427291437, -52.31067886704556 ], [ -69.687874794679971, -52.310750854610127 ], [ -69.687936224267915, -52.310831890606046 ], [ -69.687970288551043, -52.310918772931061 ], [ -69.687975641324257, -52.311008068448714 ], [ -69.687952070901034, -52.311096248645278 ], [ -69.687900508504939, -52.311179829058453 ], [ -69.687822991497839, -52.311255506968642 ], [ -69.687722582893727, -52.311320291911457 ], [ -69.687603250335286, -52.311371623853489 ], [ -69.686251299843391, -52.311837719087848 ], [ -69.686125480809167, -52.311872005413271 ], [ -69.685991422856674, -52.311891273343704 ], [ -69.685853851400296, -52.311894843701609 ], [ -69.685717615713628, -52.311882590634518 ], [ -69.685587517981617, -52.311854946051646 ], [ -69.685468144013413, -52.311812884398257 ], [ -69.683559972129132, -52.310985376596314 ], [ -69.683529355506806, -52.31097472345666 ], [ -69.683494263035684, -52.310976456835611 ], [ -69.681805162902194, -52.311164697352645 ], [ -69.681773118653211, -52.311170229452806 ], [ -69.681756042917357, -52.311187745474548 ], [ -69.680692680451969, -52.312558283342184 ], [ -69.680629152378572, -52.312624780512493 ], [ -69.680548026841379, -52.312683650543093 ], [ -69.680451687821034, -52.31273316341364 ], [ -69.678663840860438, -52.313502238197216 ], [ -69.67862754128214, -52.313520063579297 ], [ -69.670371704415558, -52.31813030825257 ], [ -69.67026353876679, -52.318180324381622 ], [ -69.670142205824163, -52.318217294367791 ], [ -69.67001184619383, -52.318239956565328 ], [ -69.669876908554869, -52.318247537597387 ], [ -69.669741997830826, -52.318239778750858 ], [ -69.669611718026943, -52.318216944806089 ], [ -69.669490515098659, -52.318179815000178 ], [ -69.669390201281942, -52.318133221777749 ], [ -69.669388231742062, -52.318132479082728 ], [ -69.669361128250344, -52.318143479837204 ], [ -69.666926778264823, -52.319349059398895 ], [ -69.666903493200209, -52.319363164784818 ], [ -69.666927166605973, -52.319377025306103 ], [ -69.66774986956132, -52.319770439904296 ], [ -69.667874824675536, -52.319846661412846 ], [ -69.668376660373212, -52.320237038905013 ], [ -69.668381219132058, -52.32024051365488 ], [ -69.668665804623558, -52.320453074923059 ], [ -69.668671713572991, -52.320457546435264 ], [ -69.668864679814604, -52.320605496307863 ], [ -69.668886603218922, -52.320619376166746 ], [ -69.668910400261595, -52.320606707949963 ], [ -69.671099937576784, -52.319197008506599 ], [ -69.671218908188095, -52.319135155630775 ], [ -69.67135653389073, -52.319090120269664 ], [ -69.671506588794301, -52.319063939710446 ], [ -69.676205412782537, -52.318567111967504 ], [ -69.676238455988155, -52.318561586098703 ], [ -69.676265754817621, -52.318548909104862 ], [ -69.678825874627151, -52.317104825849832 ], [ -69.679067697984351, -52.316968413464835 ], [ -69.679076919933905, -52.316963027030262 ], [ -69.679218037489562, -52.316877686232992 ], [ -69.679218037775513, -52.316877686040407 ], [ -69.679391112561035, -52.316773018330963 ], [ -69.679452919564127, -52.316739624786294 ], [ -69.680110243511777, -52.316422849032087 ], [ -69.680114977741852, -52.316420586649407 ], [ -69.680313822274698, -52.316326362302028 ], [ -69.680459389043051, -52.31627263252966 ], [ -69.680851957045263, -52.316163457096664 ], [ -69.680919560593821, -52.31614708024378 ], [ -69.682098188444428, -52.315902191648846 ], [ -69.682171603891376, -52.315889503978894 ], [ -69.683109054927868, -52.315759314498564 ], [ -69.683225199336846, -52.315749082064862 ], [ -69.684446210957319, -52.315702091569761 ], [ -69.684510418586726, -52.315701346512846 ], [ -69.685368128240114, -52.315714412986715 ], [ -69.685507238325187, -52.315724737232394 ], [ -69.685640606279989, -52.315751085604006 ], [ -69.685763364601542, -52.31579249647254 ], [ -69.685871032972358, -52.315847458474302 ], [ -69.685959681769816, -52.31591396566666 ], [ -69.686026075484449, -52.31598959073375 ], [ -69.686067790812913, -52.316071573571399 ], [ -69.686083305115147, -52.316156922019047 ], [ -69.686091230850408, -52.316474874470131 ], [ -69.686091230938814, -52.316474875312245 ], [ -69.686102309566337, -52.316919249980337 ], [ -69.686102735484155, -52.316927175649191 ], [ -69.686212845056559, -52.318260496639098 ], [ -69.686214243045157, -52.318271783864226 ], [ -69.686311185734539, -52.318858296942011 ], [ -69.686317847162641, -52.318878352756428 ], [ -69.686351233056655, -52.318877781368187 ], [ -69.689358214089054, -52.31864100591995 ], [ -69.689400652008473, -52.31863609120439 ], [ -69.689402920709483, -52.318635742504775 ], [ -69.689442111730088, -52.318628266597273 ], [ -69.689889190428332, -52.318525827244358 ], [ -69.689914486171602, -52.318519360891081 ], [ -69.694006514304689, -52.317361349792193 ], [ -69.694091581493154, -52.317327812951277 ], [ -69.695502917989089, -52.316583360125549 ], [ -69.698954392606126, -52.314762599798215 ], [ -69.698977282043089, -52.314747869804108 ] ] ] ] } },
{ "type": "Feature", "properties": { "id": 2, "capa_kml": "Limite_50m_IPT_12_PRC_Punta_Arenas", "nombre_busq": "Limite_50m_IPT_12_PRC_Punta_Arenas", "fid_origen": 1, "crs_origen": "EPSG:4326" }, "geometry": { "type": "MultiPolygon", "coordinates": [ [ [ [ -70.970077914587108, -53.187894120413965 ], [ -70.970073558707611, -53.187874226860728 ], [ -70.969576514781537, -53.186569347043786 ], [ -70.969572093606047, -53.186561510640978 ], [ -70.969540570830716, -53.186483052387885 ], [ -70.969532922395928, -53.186402472669322 ], [ -70.969534889132575, -53.186366660809377 ], [ -70.96952920152934, -53.186345519508933 ], [ -70.969456858952967, -53.18618004756388 ], [ -70.969341129533561, -53.185915334145207 ], [ -70.969214423418336, -53.185625505946675 ], [ -70.969210659839078, -53.185616520981803 ], [ -70.968844400011918, -53.184702389543979 ], [ -70.968840792986668, -53.184694086976322 ], [ -70.968777204936103, -53.1845583836486 ], [ -70.968774965992068, -53.184553793536018 ], [ -70.968534329256201, -53.184079219805241 ], [ -70.968531728805772, -53.184073977188731 ], [ -70.968286688560639, -53.183568719746084 ], [ -70.968082100718973, -53.18316116975469 ], [ -70.967822788859664, -53.18265725593276 ], [ -70.967819631861218, -53.182650958184361 ], [ -70.96760872943662, -53.182218788622002 ], [ -70.967593298822635, -53.182193081453612 ], [ -70.967422262297873, -53.181954716597637 ], [ -70.967397860386512, -53.181915860626106 ], [ -70.967247046344809, -53.181637374435404 ], [ -70.967121088691144, -53.181404785336845 ], [ -70.96712008636969, -53.181402920600313 ], [ -70.966971893938464, -53.181125158474472 ], [ -70.966952360079489, -53.181095829863402 ], [ -70.966678133149827, -53.180755701813162 ], [ -70.96664784962465, -53.180712540100039 ], [ -70.966343181265216, -53.180206039891559 ], [ -70.966341474289734, -53.180203259578015 ], [ -70.966006276247526, -53.179668177592418 ], [ -70.966003926623983, -53.179664374858092 ], [ -70.96567079747841, -53.179117660038841 ], [ -70.965666907179937, -53.179111552262647 ], [ -70.965491082077548, -53.178847101488778 ], [ -70.965451470353514, -53.178766182037727 ], [ -70.965437726900149, -53.178682240952007 ], [ -70.965450335935842, -53.17859823563257 ], [ -70.965488852891454, -53.178517125665529 ], [ -70.965536249752702, -53.178460493425014 ], [ -70.96554134397509, -53.178452275059669 ], [ -70.965532144940184, -53.178430960190852 ], [ -70.965426656024263, -53.178260206125529 ], [ -70.964743127590779, -53.177179719279884 ], [ -70.964443756917078, -53.176706362158107 ], [ -70.964442963845215, -53.176705102434575 ], [ -70.964110238886136, -53.176174205851652 ], [ -70.964084390703377, -53.176124352601072 ], [ -70.963946273608116, -53.175790822160721 ], [ -70.9639203412667, -53.17574765966372 ], [ -70.963564989386569, -53.175304526521892 ], [ -70.963538987445389, -53.17526806779847 ], [ -70.962812812990862, -53.174111291627625 ], [ -70.962473571166328, -53.173582417113458 ], [ -70.962455997211265, -53.173561770564312 ], [ -70.962452225919634, -53.173558982588332 ], [ -70.96237235027931, -53.173513018858536 ], [ -70.962296660880057, -53.173451491701726 ], [ -70.962239440544835, -53.173383141140889 ], [ -70.962165394693926, -53.173272014006905 ], [ -70.96214774472422, -53.173242597839334 ], [ -70.961991609419243, -53.172950944246274 ], [ -70.961962575849441, -53.172910716536173 ], [ -70.961904634495838, -53.172848057628855 ], [ -70.961906647638486, -53.172847385586707 ], [ -70.961828315061226, -53.17275302135787 ], [ -70.961666578771954, -53.172456369024083 ], [ -70.961658631175808, -53.172443195494715 ], [ -70.961630975620665, -53.172401465953733 ], [ -70.961593113082515, -53.172325356088209 ], [ -70.961578146771942, -53.172246429443845 ], [ -70.961586543872656, -53.172167152559041 ], [ -70.961593736400786, -53.172149535760525 ], [ -70.961599936137659, -53.172122228112229 ], [ -70.961591141827583, -53.172101654927076 ], [ -70.961571838013356, -53.172069697110238 ], [ -70.961220201114386, -53.171497496209774 ], [ -70.961184959743861, -53.171418829889568 ], [ -70.961173934630338, -53.171337633146159 ], [ -70.96118748826612, -53.171256574643422 ], [ -70.96122517481416, -53.171178318631355 ], [ -70.961285755575489, -53.171105437124048 ], [ -70.961536989478532, -53.170861401840099 ], [ -70.961565575176266, -53.170835660493772 ], [ -70.96354388205755, -53.169180529582462 ], [ -70.963549647312107, -53.169175566166295 ], [ -70.964541880049381, -53.168296304241927 ], [ -70.964562675551775, -53.168275546517663 ], [ -70.965220202332816, -53.16753102335457 ], [ -70.965239770558043, -53.167504987113816 ], [ -70.965760732233761, -53.166674609000665 ], [ -70.965774281203508, -53.166648185278063 ], [ -70.966162596193826, -53.165683211852105 ], [ -70.966165283550978, -53.165676019270954 ], [ -70.966385484579916, -53.165037821872055 ], [ -70.966392993842078, -53.16500072069563 ], [ -70.966427219583835, -53.164454309870528 ], [ -70.966424925351589, -53.164419650260825 ], [ -70.966295046907817, -53.163756386231604 ], [ -70.966286771596003, -53.163734154736275 ], [ -70.966266757342737, -53.163707645851169 ], [ -70.966247067226291, -53.16368771232883 ], [ -70.966198735651872, -53.163606508351236 ], [ -70.96617710677765, -53.163521250976949 ], [ -70.966177914235857, -53.1635093973849 ], [ -70.966174582214762, -53.163472211713923 ], [ -70.966166054458256, -53.163451680827563 ], [ -70.96558205034205, -53.162459582127319 ], [ -70.965575498561819, -53.162449265513523 ], [ -70.963938804290379, -53.160050608905856 ], [ -70.963934373357603, -53.160043964343693 ], [ -70.961660951144836, -53.156554302584688 ], [ -70.961644720416373, -53.156535111581945 ], [ -70.961625099957445, -53.156520058008752 ], [ -70.96154660506852, -53.156445892178525 ], [ -70.961493632592351, -53.156363960186475 ], [ -70.961468209231271, -53.156277396989154 ], [ -70.961466130044272, -53.156261149948755 ], [ -70.961456260861638, -53.156240075854654 ], [ -70.96019158638174, -53.15429852094038 ], [ -70.959199166188185, -53.152770614896475 ], [ -70.95919360423656, -53.152761778416618 ], [ -70.958170848419627, -53.151083732367191 ], [ -70.958151004280808, -53.151056793369804 ], [ -70.957709046600399, -53.150549625123986 ], [ -70.95768458819704, -53.150525410038021 ], [ -70.95680132233251, -53.14976380075737 ], [ -70.956758130896503, -53.149732907450513 ], [ -70.955174050562164, -53.148787513634396 ], [ -70.955164665485555, -53.148782103975087 ], [ -70.954315551083383, -53.148309421168953 ], [ -70.95422632594375, -53.148250040013856 ], [ -70.952575049641482, -53.146931837600178 ], [ -70.952505636498842, -53.146864919454742 ], [ -70.952032686254455, -53.146304793229604 ], [ -70.951969130948157, -53.146197786796137 ], [ -70.951892722334549, -53.145988635627177 ], [ -70.951880986641385, -53.145967208716812 ], [ -70.951874229096831, -53.145960144326025 ], [ -70.951813627828514, -53.145879209069562 ], [ -70.951780668025904, -53.145792691169476 ], [ -70.951776635352687, -53.145703965884749 ], [ -70.951778757750176, -53.145686175146643 ], [ -70.951774512326693, -53.145665054999888 ], [ -70.951711029275344, -53.145491280017396 ], [ -70.951701870192338, -53.145461429206847 ], [ -70.951593570664983, -53.145026610153174 ], [ -70.95158606708759, -53.14500795380863 ], [ -70.951560169815394, -53.144996730389614 ], [ -70.950900495718216, -53.144761165090401 ], [ -70.950804345363949, -53.144720348887986 ], [ -70.950225973929093, -53.144431234021162 ], [ -70.950179064189783, -53.144411247966381 ], [ -70.950016584125962, -53.144352772863698 ], [ -70.949960900277574, -53.14433634599844 ], [ -70.949544445974425, -53.144238387914065 ], [ -70.949434269411512, -53.144205973368443 ], [ -70.948348448753762, -53.143817088344534 ], [ -70.948319395071024, -53.143808651027967 ], [ -70.94828834553681, -53.143803376108529 ], [ -70.947783685323984, -53.143745619850506 ], [ -70.947631384373082, -53.143717815482738 ], [ -70.947106547050026, -53.143583847133542 ], [ -70.946958448993826, -53.143533379988639 ], [ -70.946452995998769, -53.143311908121582 ], [ -70.946353230049368, -53.143259450988161 ], [ -70.946270443347416, -53.143197222852727 ], [ -70.946104826517569, -53.143047170431572 ], [ -70.946013614541187, -53.142931601672345 ], [ -70.94595718421813, -53.142822015891447 ], [ -70.945929818423565, -53.142746269220702 ], [ -70.945924508919333, -53.142668821687813 ], [ -70.945941413904023, -53.142591977713529 ], [ -70.946216253504133, -53.141845484871631 ], [ -70.946230395153961, -53.141812908946051 ], [ -70.946420555927901, -53.141433619831126 ], [ -70.946427179696911, -53.141414422276888 ], [ -70.946428095441092, -53.141394823653606 ], [ -70.946406558248967, -53.141179773164282 ], [ -70.946401185626314, -53.141159053816438 ], [ -70.946394474614365, -53.14114778018871 ], [ -70.946358746931381, -53.141061868271088 ], [ -70.946351732931859, -53.140973411478782 ], [ -70.946373255600932, -53.140887635028832 ], [ -70.946374934355774, -53.140864018856625 ], [ -70.946327351207472, -53.140388891830881 ], [ -70.946318273926565, -53.14035142319532 ], [ -70.945768849220855, -53.138935091661111 ], [ -70.945752205472189, -53.138903166320482 ], [ -70.945012166953006, -53.137783839420123 ], [ -70.944990503310024, -53.137756576920779 ], [ -70.944896904163912, -53.137656688915719 ], [ -70.944876630998138, -53.13763932227512 ], [ -70.944805363384774, -53.13763208348869 ], [ -70.944805421993095, -53.137631875026528 ], [ -70.944784707691127, -53.137630916446881 ], [ -70.944631368530679, -53.137603254090131 ], [ -70.944491346785767, -53.137556585301446 ], [ -70.944371069054498, -53.137493052106585 ], [ -70.944276055638852, -53.137415570523039 ], [ -70.944218866751754, -53.137356615295808 ], [ -70.944191935687371, -53.137326235128967 ], [ -70.943814404041873, -53.136857969424589 ], [ -70.9437681247082, -53.136814294038565 ], [ -70.943701192706214, -53.136764847686507 ], [ -70.943671241057643, -53.13674115993043 ], [ -70.943363203503267, -53.136480027140443 ], [ -70.943354314357876, -53.136472802247859 ], [ -70.943141308522584, -53.136306727028732 ], [ -70.943133488108984, -53.136300519140846 ], [ -70.942914296828221, -53.136123353356233 ], [ -70.942859544456425, -53.136072199922559 ], [ -70.942600588597756, -53.135789948531041 ], [ -70.942599303396591, -53.135788541876046 ], [ -70.942462427692874, -53.135638083090647 ], [ -70.942395745326351, -53.135537688748478 ], [ -70.942297620423659, -53.135315362320675 ], [ -70.94227547114977, -53.135239343131843 ], [ -70.942273757004656, -53.135227589727869 ], [ -70.942270991088108, -53.13518129622998 ], [ -70.94227135254809, -53.135167407660219 ], [ -70.942281270534991, -53.135101133936665 ], [ -70.942307353534744, -53.135036467500164 ], [ -70.942318934928181, -53.13501487893754 ], [ -70.942326691752598, -53.13499825916702 ], [ -70.942331332016522, -53.134986614258644 ], [ -70.942340887875105, -53.134948196833285 ], [ -70.942344115446758, -53.134916814382542 ], [ -70.942342889346492, -53.134880134385654 ], [ -70.942335025681317, -53.134833917953117 ], [ -70.942321738697132, -53.134793325027722 ], [ -70.942252280444578, -53.134651672671176 ], [ -70.94222868994693, -53.134585593423786 ], [ -70.942115999068164, -53.134091141673736 ], [ -70.942110917865008, -53.134061636728326 ], [ -70.942048945369123, -53.133531533650739 ], [ -70.942006435013269, -53.13318998434746 ], [ -70.942000089609479, -53.133162305795835 ], [ -70.941931256615845, -53.132957344399422 ], [ -70.94191850809446, -53.132929052128169 ], [ -70.941753295679149, -53.132638953545062 ], [ -70.941739660454729, -53.132618381534016 ], [ -70.941529278143207, -53.132341506520092 ], [ -70.941521252054358, -53.132331594490608 ], [ -70.941270692678088, -53.132040527408826 ], [ -70.941252733535535, -53.13201817288239 ], [ -70.941054195544794, -53.131752550447672 ], [ -70.941017168422746, -53.131691576583258 ], [ -70.940954646682059, -53.131559760156229 ], [ -70.940939143837937, -53.131520456774176 ], [ -70.940871204082825, -53.131305631371866 ], [ -70.940864850139334, -53.131282177525321 ], [ -70.940755996364558, -53.130800436607608 ], [ -70.940755629070267, -53.130798788042611 ], [ -70.940675952227778, -53.130436108699172 ], [ -70.940671005780686, -53.130405623843401 ], [ -70.940611345661921, -53.129838567022745 ], [ -70.940611003988664, -53.12983562589983 ], [ -70.940576892243257, -53.129567309272723 ], [ -70.940562827903506, -53.129521146416124 ], [ -70.940534841606535, -53.129463937028909 ], [ -70.940469192253431, -53.129329758408034 ], [ -70.940456819849601, -53.129308478957086 ], [ -70.940341911048193, -53.129138718932353 ], [ -70.940306748604584, -53.129086772014674 ], [ -70.940287429185091, -53.129062506523788 ], [ -70.940180116262667, -53.128946176647908 ], [ -70.940151612336123, -53.128919818117822 ], [ -70.940067046877616, -53.12885246241089 ], [ -70.940045833926348, -53.128834682239216 ], [ -70.940025393218406, -53.128816637199066 ], [ -70.939704316034948, -53.128533180592754 ], [ -70.939698623698675, -53.128528080700882 ], [ -70.939574000183555, -53.128414759522023 ], [ -70.939553698656255, -53.128395229122859 ], [ -70.939513427477564, -53.128354183340001 ], [ -70.93947982708049, -53.12831582036398 ], [ -70.939442498114232, -53.128267704001232 ], [ -70.93943316993365, -53.128255184805894 ], [ -70.939091110305085, -53.127776668382715 ], [ -70.939041231356555, -53.127706980124472 ], [ -70.939036386473788, -53.127700052167974 ], [ -70.938947717684016, -53.127570231578318 ], [ -70.938698680842677, -53.127206276033583 ], [ -70.938634572893292, -53.127112547870745 ], [ -70.938617868904529, -53.127085727072469 ], [ -70.938436564494452, -53.126763728912898 ], [ -70.938432536243056, -53.126756366329936 ], [ -70.938317853678825, -53.126540501200829 ], [ -70.938301897847978, -53.126505705404355 ], [ -70.938219325224765, -53.12629257774978 ], [ -70.93820899036109, -53.126260744991477 ], [ -70.9382063039222, -53.126250521745476 ], [ -70.938199290866336, -53.126146315521865 ], [ -70.938199512486605, -53.126144561068962 ], [ -70.938198717002976, -53.126123232586821 ], [ -70.938173082593366, -53.126101268710208 ], [ -70.938110013780161, -53.126036259973915 ], [ -70.938094637225007, -53.126016835604801 ], [ -70.938072213243046, -53.125995035477906 ], [ -70.937641407959944, -53.125476942600891 ], [ -70.93761775588213, -53.125452484599776 ], [ -70.937160155947154, -53.125041310502091 ], [ -70.937147427347583, -53.125029475730841 ], [ -70.936761138450237, -53.124657649343703 ], [ -70.936757286936441, -53.1246540198144 ], [ -70.93600862204525, -53.123963184337306 ], [ -70.935996473151391, -53.123952644113615 ], [ -70.935509194528834, -53.123554648021013 ], [ -70.935503625560017, -53.12355021519253 ], [ -70.934914503855083, -53.123093141320389 ], [ -70.934867636683421, -53.123062981945047 ], [ -70.934490649840058, -53.122861302791833 ], [ -70.934446390864792, -53.122840971723264 ], [ -70.933655756788397, -53.122531094688703 ], [ -70.932770822118542, -53.122187637765798 ], [ -70.932738534350563, -53.122177662856217 ], [ -70.932697409870968, -53.122170620066669 ], [ -70.932573200505857, -53.122141937917249 ], [ -70.932459419805866, -53.122100455233337 ], [ -70.932359677002637, -53.122047487942233 ], [ -70.932349997811954, -53.122041342265575 ], [ -70.932319211588947, -53.12202844067658 ], [ -70.931907266151086, -53.121890958864242 ], [ -70.931873106516193, -53.121880891832426 ], [ -70.931164259664484, -53.121698307813134 ], [ -70.930997560046123, -53.121655368970707 ], [ -70.930935528851933, -53.121643131365772 ], [ -70.930025748825969, -53.121515433049645 ], [ -70.930016784952272, -53.121514244459696 ], [ -70.928844429591152, -53.121367856088959 ], [ -70.92883398265765, -53.121366504618464 ], [ -70.927844232034431, -53.121233996010837 ], [ -70.926692249885889, -53.121079757871215 ], [ -70.926662370120695, -53.121077271219256 ], [ -70.926632215700479, -53.121077735606271 ], [ -70.925459548118027, -53.121153593279708 ], [ -70.925454626155343, -53.12115390171666 ], [ -70.924657100062774, -53.121202272504021 ], [ -70.924650783727316, -53.12120268823751 ], [ -70.923630327495005, -53.121275141425052 ], [ -70.923465275466853, -53.121275813138489 ], [ -70.922934056346193, -53.121242474245214 ], [ -70.922877433639925, -53.121237595906791 ], [ -70.922622353987805, -53.121209585626836 ], [ -70.922547404434113, -53.121205833281806 ], [ -70.922416004943116, -53.121192066504996 ], [ -70.922290769861618, -53.121164461039008 ], [ -70.922175692283275, -53.121123897064706 ], [ -70.922096091966026, -53.121089752901966 ], [ -70.921952898801791, -53.12104068257441 ], [ -70.921804243575991, -53.120973765077068 ], [ -70.921476276431903, -53.120783593701404 ], [ -70.92145478498648, -53.120770612996083 ], [ -70.920831217299721, -53.12037829982583 ], [ -70.920801272859265, -53.120361423743525 ], [ -70.920394243558761, -53.120156099143323 ], [ -70.920333343070496, -53.120131104512545 ], [ -70.919837090873457, -53.11996816703892 ], [ -70.919793486163229, -53.119955973563115 ], [ -70.919408746204567, -53.119866031905673 ], [ -70.919366401279206, -53.119857843704466 ], [ -70.918725743674884, -53.119758868695818 ], [ -70.918658201979397, -53.119746357444832 ], [ -70.918394436362476, -53.119689148613219 ], [ -70.918369840627292, -53.119684385764003 ], [ -70.91794540655215, -53.119611843078211 ], [ -70.917937178997562, -53.119610406162366 ], [ -70.917640962057348, -53.119557560578173 ], [ -70.917622004127978, -53.119554012811442 ], [ -70.916802942324225, -53.11939352007888 ], [ -70.916770291618846, -53.119386614777575 ], [ -70.915956141444951, -53.119201569635969 ], [ -70.914998649053103, -53.118990035452228 ], [ -70.91497499331885, -53.118985342372632 ], [ -70.914731114643175, -53.118942332147583 ], [ -70.914696798157166, -53.118935735386287 ], [ -70.912768631774568, -53.11853398091867 ], [ -70.912759459405848, -53.118532029372155 ], [ -70.912419050657476, -53.118458096107489 ], [ -70.912330068859504, -53.118438769954842 ], [ -70.912201814893862, -53.118402297587977 ], [ -70.912087336031718, -53.118351894663 ], [ -70.91199076166113, -53.118289379232429 ], [ -70.911915575341936, -53.118217006425482 ], [ -70.911864488786563, -53.118137386671258 ], [ -70.911845088394841, -53.118095747320723 ], [ -70.911824437801513, -53.118079803180237 ], [ -70.909968984521385, -53.116899298778506 ], [ -70.909903924863002, -53.116865159555182 ], [ -70.909878795224358, -53.116854439948654 ], [ -70.909783436002158, -53.116795329503745 ], [ -70.909761462862804, -53.116775452327467 ], [ -70.909708901666122, -53.116738019124703 ], [ -70.902753949378905, -53.112710944605411 ], [ -70.902661144023071, -53.112645839058111 ], [ -70.90259058807311, -53.112571309699973 ], [ -70.902544851831223, -53.112490071651472 ], [ -70.902525601302514, -53.112405084728728 ], [ -70.902041109966447, -53.105096832225058 ], [ -70.902036968162321, -53.105077441667319 ], [ -70.902027250280142, -53.105058786839855 ], [ -70.901417969687785, -53.104171220486869 ], [ -70.900725207127792, -53.103161991767422 ], [ -70.900682609706124, -53.103076935135093 ], [ -70.900668647212669, -53.102988497285395 ], [ -70.900683864767345, -53.10290013442755 ], [ -70.900713814759101, -53.102842129195189 ], [ -70.900712872719993, -53.102841952830808 ], [ -70.90075193534625, -53.102766386425309 ], [ -70.900758109446215, -53.102748312977702 ], [ -70.900815277578445, -53.102666888812678 ], [ -70.900897823297186, -53.102593775048049 ], [ -70.900938888160383, -53.102569474556233 ], [ -70.901014478592714, -53.102515773215174 ], [ -70.901018091600179, -53.102517615312301 ], [ -70.901040459259718, -53.102502781238599 ], [ -70.90104040551256, -53.102502754855529 ], [ -70.901082804451477, -53.102471482326813 ], [ -70.901102021538975, -53.102436769982106 ], [ -70.901156870586519, -53.102361482039584 ], [ -70.901233590001596, -53.10229346737782 ], [ -70.901329612413491, -53.102235002051273 ], [ -70.901441724378046, -53.102188042748935 ], [ -70.901566174007314, -53.102154160708608 ], [ -70.901698796556957, -53.102134490088389 ], [ -70.901835154003706, -53.102129688879792 ], [ -70.901995373097918, -53.102132887308215 ], [ -70.902025007936345, -53.102132011940846 ], [ -70.902054375631636, -53.102128217434789 ], [ -70.902071789764179, -53.102125059113924 ], [ -70.902100167266909, -53.102120277965625 ], [ -70.902124423470767, -53.102116500142408 ], [ -70.902155677988802, -53.102109743059614 ], [ -70.902176458211315, -53.102094152134569 ], [ -70.902177055077786, -53.102093608908504 ], [ -70.902207726183931, -53.102059635007095 ], [ -70.90226625534838, -53.102004722295163 ], [ -70.902317773379721, -53.101963339286925 ], [ -70.90231879692422, -53.101962360384988 ], [ -70.902347835817281, -53.101929398543078 ], [ -70.902423045994752, -53.101860251289771 ], [ -70.902518024310368, -53.101800562941435 ], [ -70.90262955820937, -53.101752352510253 ], [ -70.902667712828659, -53.101738874586786 ], [ -70.902734234292694, -53.101709248272982 ], [ -70.902754507151045, -53.101699546503561 ], [ -70.902876418749315, -53.101636928340142 ], [ -70.902900296418721, -53.101622150496979 ], [ -70.90291283508553, -53.101610773616102 ], [ -70.902920889268984, -53.101599409646937 ], [ -70.902912043560193, -53.101560051279186 ], [ -70.902913848181313, -53.101559904374049 ], [ -70.902902028011454, -53.101504791142574 ], [ -70.902911010576261, -53.101419094390721 ], [ -70.902946912071542, -53.101335990367055 ], [ -70.902971559824749, -53.101295358886851 ], [ -70.902987904504784, -53.10125732290269 ], [ -70.903033763436767, -53.101193475115672 ], [ -70.903061770934258, -53.10116152673627 ], [ -70.903063409001334, -53.101162046901905 ], [ -70.903092567848034, -53.101126822517053 ], [ -70.903176967451188, -53.101059922278758 ], [ -70.903280579118885, -53.101003644549913 ], [ -70.903399782513546, -53.100959955545974 ], [ -70.903491703447202, -53.10093914540623 ], [ -70.903508881670561, -53.100934000112176 ], [ -70.903537390878668, -53.100920755128485 ], [ -70.903633765622388, -53.100866154347528 ], [ -70.903658394286779, -53.100848920670828 ], [ -70.903660572110567, -53.100832299414549 ], [ -70.903649436173978, -53.100787690414847 ], [ -70.903639345260899, -53.100772271660489 ], [ -70.903586478803632, -53.100767134266071 ], [ -70.903447623588249, -53.100745227831858 ], [ -70.903318299993202, -53.10070773299072 ], [ -70.903203288651682, -53.100656035735007 ], [ -70.903106840610562, -53.100592047053802 ], [ -70.903032520930083, -53.100518132061993 ], [ -70.902983076686866, -53.100437023184718 ], [ -70.902960335245297, -53.100351718294142 ], [ -70.902965137280361, -53.100265370650199 ], [ -70.9029973049023, -53.100181171899955 ], [ -70.903055649037725, -53.100102234362559 ], [ -70.903085850775298, -53.100070103339057 ], [ -70.903124992001437, -53.100032851659272 ], [ -70.903143706044176, -53.10001683740952 ], [ -70.903157952506973, -53.099997936771572 ], [ -70.903172935888577, -53.099971810420804 ], [ -70.903190418917646, -53.099916674836855 ], [ -70.90318974253033, -53.099908249899038 ], [ -70.903184214484057, -53.099894318548337 ], [ -70.903164246934026, -53.099805641881332 ], [ -70.903173869096136, -53.099716342094787 ], [ -70.903212699085017, -53.099629960505361 ], [ -70.90327919689517, -53.099549922521959 ], [ -70.90337072537487, -53.099479402265821 ], [ -70.903483654899446, -53.099421196024807 ], [ -70.903613507143348, -53.099377612076154 ], [ -70.90365739947481, -53.099366162382893 ], [ -70.903680991642204, -53.099352303734427 ], [ -70.903727723096793, -53.099310621731945 ], [ -70.903731213544972, -53.099306593726844 ], [ -70.90373839591328, -53.099297846977223 ], [ -70.903743927465257, -53.099290725356951 ], [ -70.903752432901427, -53.099277102662356 ], [ -70.903853647400624, -53.099165867220506 ], [ -70.903866924622264, -53.099155192809633 ], [ -70.903884509567519, -53.099139802382282 ], [ -70.903902967855771, -53.099119324458819 ], [ -70.903913902317385, -53.099096975751145 ], [ -70.903919792607354, -53.099077607327082 ], [ -70.903923075759124, -53.099053578950418 ], [ -70.903946812878331, -53.098972301901448 ], [ -70.90399484294953, -53.098895007945885 ], [ -70.904065545872768, -53.098824303656848 ], [ -70.90415653730561, -53.098762573530784 ], [ -70.904198986021811, -53.098742695239686 ], [ -70.904252226037769, -53.098710591450534 ], [ -70.904267904186341, -53.098698824955186 ], [ -70.904284598181761, -53.098683994276549 ], [ -70.904294622480037, -53.098670994561118 ], [ -70.90430326403964, -53.09865019383799 ], [ -70.904304342096268, -53.098626115234978 ], [ -70.904299379784462, -53.098589817617928 ], [ -70.904299790256175, -53.09858979729335 ], [ -70.904289192555908, -53.098523815482366 ], [ -70.904310472712865, -53.098424118487188 ], [ -70.904326874956553, -53.098383749727041 ], [ -70.904325982317232, -53.098382146951728 ], [ -70.904293605269061, -53.098297761317326 ], [ -70.904288723838064, -53.098211204507422 ], [ -70.904311519314689, -53.098125691651028 ], [ -70.90436114450641, -53.098044398935116 ], [ -70.904440737707759, -53.097944875410413 ], [ -70.904452964128495, -53.097924870512607 ], [ -70.90445861487521, -53.097903828051756 ], [ -70.904466384063781, -53.097830997468392 ], [ -70.904493310353033, -53.097736898812506 ], [ -70.904552658582276, -53.09764834857323 ], [ -70.904641749282987, -53.097569344672557 ], [ -70.904716217605454, -53.097526606828502 ], [ -70.904714507157962, -53.097525503901089 ], [ -70.904766497148202, -53.097496292928561 ], [ -70.904787247717977, -53.097479094008754 ], [ -70.904830574886788, -53.097434812618751 ], [ -70.904845959653215, -53.097414678989423 ], [ -70.904846933499044, -53.097392525415856 ], [ -70.904842733651563, -53.097358751603906 ], [ -70.904848702346229, -53.097259392640325 ], [ -70.904850820991697, -53.09725077947251 ], [ -70.904850691510617, -53.097247679945582 ], [ -70.904853520154319, -53.09722386568302 ], [ -70.904848180568422, -53.097202466256569 ], [ -70.904837933410832, -53.097185989380911 ], [ -70.9047974149086, -53.09713487549643 ], [ -70.90476133470726, -53.09704910067633 ], [ -70.904753876190057, -53.096960733218758 ], [ -70.904775328257671, -53.096873198981562 ], [ -70.904824859201653, -53.096789891752223 ], [ -70.904900548688445, -53.09671404111559 ], [ -70.904999461891251, -53.096648587831908 ], [ -70.905117764384045, -53.096596069263796 ], [ -70.905250869431612, -53.096558521637078 ], [ -70.905461553781834, -53.096513712600185 ], [ -70.905687154624502, -53.09646491069288 ], [ -70.905936272949859, -53.096411013725699 ], [ -70.906200312525613, -53.096353794930074 ], [ -70.906206706449311, -53.096352429043371 ], [ -70.906651972476894, -53.096258678480019 ], [ -70.906832645966247, -53.096220637736401 ], [ -70.906894011795814, -53.096207716977212 ], [ -70.906938888473789, -53.096199213409307 ], [ -70.907076201749661, -53.096176029989124 ], [ -70.907108555075169, -53.096169594789131 ], [ -70.907281587300005, -53.096129815746025 ], [ -70.907451193745658, -53.0960908239243 ], [ -70.907490289534763, -53.096082576624873 ], [ -70.907627836236145, -53.096056116036841 ], [ -70.907785074868002, -53.096025867013537 ], [ -70.907868650054553, -53.096009796172055 ], [ -70.908202168676752, -53.095945663572657 ], [ -70.908418841932004, -53.095902674246801 ], [ -70.908628608875901, -53.095861035114616 ], [ -70.908635664139013, -53.09585958737204 ], [ -70.908848560400145, -53.095814469959933 ], [ -70.909061353954641, -53.09576937377043 ], [ -70.909068562641494, -53.095767795782997 ], [ -70.910437075774567, -53.095458594071566 ], [ -70.910476674284297, -53.095450401813892 ], [ -70.911185107839074, -53.095317086834875 ], [ -70.911215823479694, -53.095309198115309 ], [ -70.911201693003306, -53.095290984568933 ], [ -70.911026939962539, -53.095114369203884 ], [ -70.911019917491956, -53.095107551703471 ], [ -70.910936388834969, -53.095029603400107 ], [ -70.910888577919607, -53.09497777188863 ], [ -70.910774861166658, -53.094832692801717 ], [ -70.910754062528142, -53.094809728529611 ], [ -70.910680769336722, -53.094738953518764 ], [ -70.910604780879297, -53.094665575515315 ], [ -70.910587787388565, -53.094648319253537 ], [ -70.91050540559408, -53.094560239525272 ], [ -70.910502786168891, -53.09455741517526 ], [ -70.910437854537548, -53.094486807940569 ], [ -70.910425611064113, -53.094474446337422 ], [ -70.910349990063679, -53.094403374497212 ], [ -70.910196636707198, -53.094260922654762 ], [ -70.910196035561441, -53.094260363375213 ], [ -70.910050091020139, -53.094124351288642 ], [ -70.909922800092019, -53.094006858449625 ], [ -70.909915178716673, -53.093999675677189 ], [ -70.909790259073503, -53.093879447434148 ], [ -70.909767049978299, -53.093860503382345 ], [ -70.909761317852485, -53.093857350197858 ], [ -70.909661959930418, -53.093790583962395 ], [ -70.909586592865452, -53.09371327496428 ], [ -70.909538215643309, -53.093628499290624 ], [ -70.909535836808274, -53.093622410589731 ], [ -70.909520897564164, -53.093602643381381 ], [ -70.90875742667582, -53.092809071062547 ], [ -70.908737320827399, -53.092792266442338 ], [ -70.908703940108538, -53.092797276214377 ], [ -70.904589646587453, -53.093683281211469 ], [ -70.904450899213401, -53.093704387335563 ], [ -70.904308010745808, -53.093709167783132 ], [ -70.904166232516232, -53.093697446889088 ], [ -70.904030775123161, -53.093669655366213 ], [ -70.903906616833623, -53.093626814578442 ], [ -70.903798320589743, -53.093570499095357 ], [ -70.90370986638338, -53.093502778410105 ], [ -70.903644504839448, -53.093426141503933 ], [ -70.901717808592664, -53.090507842441191 ], [ -70.901682918833643, -53.090439655973135 ], [ -70.901615226978535, -53.090256858054218 ], [ -70.901609251536328, -53.090242858970143 ], [ -70.901546522474746, -53.090113337456906 ], [ -70.901521702316074, -53.090076785159575 ], [ -70.901468158889088, -53.090015709956063 ], [ -70.901425056262624, -53.089919447781867 ], [ -70.901418270516857, -53.089819833324945 ], [ -70.901418400402022, -53.089818721440992 ], [ -70.901413351934707, -53.089796269160104 ], [ -70.901255683500793, -53.089403126516352 ], [ -70.901241789235499, -53.089376085493775 ], [ -70.899885165796007, -53.087226319248281 ], [ -70.899878364116972, -53.087216277388727 ], [ -70.899762796958683, -53.087056779341765 ], [ -70.899645933411762, -53.086895490711953 ], [ -70.899641405583466, -53.086889107610936 ], [ -70.899479117655517, -53.086655337151299 ], [ -70.899475587427787, -53.086650161658298 ], [ -70.899420344310769, -53.086567714887018 ], [ -70.89936968116109, -53.086492103139747 ], [ -70.899357759789567, -53.086473081911443 ], [ -70.899296419371183, -53.086368077363893 ], [ -70.899242897474096, -53.086276456285439 ], [ -70.899228925815166, -53.086258351285849 ], [ -70.899196556697291, -53.086262681549655 ], [ -70.893964699853029, -53.087290320517326 ], [ -70.893815807479044, -53.087309716941391 ], [ -70.893663475070554, -53.08731050915695 ], [ -70.893514048289958, -53.087292664044718 ], [ -70.893373751870413, -53.087256924986754 ], [ -70.89324843017009, -53.087204780837133 ], [ -70.893143303237608, -53.087138403623833 ], [ -70.893062750646507, -53.087060558564104 ], [ -70.892763261554563, -53.086691937815935 ], [ -70.892714477246628, -53.08661453719008 ], [ -70.89269010367039, -53.086533062060703 ], [ -70.892690968070568, -53.086450277576809 ], [ -70.892717040990618, -53.086368993427705 ], [ -70.892767437175408, -53.086291968168439 ], [ -70.892840446443657, -53.086221815947788 ], [ -70.892933590580171, -53.086160917589744 ], [ -70.893129761697836, -53.086054295177291 ], [ -70.893137752289576, -53.086049822758604 ], [ -70.893662564208029, -53.085747347280602 ], [ -70.89369289270482, -53.085730802570588 ], [ -70.89403551591063, -53.085553945769746 ], [ -70.894052043244429, -53.085545660298827 ], [ -70.894585093841428, -53.085286166206082 ], [ -70.894590841514201, -53.08528331050136 ], [ -70.895015063008259, -53.085068216965304 ], [ -70.895024294561708, -53.085063611998272 ], [ -70.895505101018855, -53.084827665655304 ], [ -70.895562854456642, -53.084802004750699 ], [ -70.895753326547904, -53.084725609196539 ], [ -70.895846661837126, -53.084693752410836 ], [ -70.896390702136713, -53.084538027216105 ], [ -70.89643218216797, -53.084527070212907 ], [ -70.89737562561865, -53.084298148515096 ], [ -70.897380889195858, -53.084296885268586 ], [ -70.897846582881073, -53.084186350486952 ], [ -70.897998557658696, -53.084161057159051 ], [ -70.898029805167283, -53.084157946436441 ], [ -70.898060880798695, -53.084152989695419 ], [ -70.89805418029654, -53.084134058658918 ], [ -70.897984438063617, -53.084000714554669 ], [ -70.897981093476105, -53.083994624582111 ], [ -70.897863872364383, -53.083790983524153 ], [ -70.897859561956437, -53.08378327022448 ], [ -70.897748699641852, -53.083578778339181 ], [ -70.897746773937172, -53.083575321573043 ], [ -70.897520524065897, -53.083179857284087 ], [ -70.897517419123872, -53.083174639797548 ], [ -70.897278699394732, -53.082788569862899 ], [ -70.897277375213335, -53.082786460818916 ], [ -70.896037089025839, -53.080840435446795 ], [ -70.895998133790258, -53.080754859780157 ], [ -70.895987862879849, -53.080666343220095 ], [ -70.896006676558983, -53.080578337027717 ], [ -70.896053841407863, -53.080494272479697 ], [ -70.896127517921641, -53.080417427099533 ], [ -70.896224833910878, -53.080350796995404 ], [ -70.896341994649845, -53.080296980033026 ], [ -70.896474432358744, -53.08025807438608 ], [ -70.896863910840054, -53.080171134153069 ], [ -70.896871317094678, -53.080169507614059 ], [ -70.897733562341884, -53.079983244018841 ], [ -70.897739336035272, -53.079981964253726 ], [ -70.898499613930625, -53.079809149364785 ], [ -70.898502587674272, -53.079808477778222 ], [ -70.899740514531118, -53.079530696377965 ], [ -70.899742829445458, -53.079530179490831 ], [ -70.901226449750183, -53.079200606620475 ], [ -70.901237147847752, -53.07919828571621 ], [ -70.901906892322472, -53.079056443558329 ], [ -70.901914923063657, -53.07905477354344 ], [ -70.902261389390347, -53.078984053716958 ], [ -70.902293196308506, -53.078975253842074 ], [ -70.902282384523787, -53.078955206483975 ], [ -70.902182415021954, -53.078819632203107 ], [ -70.902169394357102, -53.078800836951388 ], [ -70.902031784675799, -53.078588798795991 ], [ -70.901894643778789, -53.078377480606107 ], [ -70.901879777306135, -53.078357504324813 ], [ -70.901730368075903, -53.078180414697528 ], [ -70.901723756353576, -53.078172930987279 ], [ -70.901610733924358, -53.078050625474411 ], [ -70.901581010151205, -53.078014788450318 ], [ -70.90141985996965, -53.077796680349344 ], [ -70.901414487286971, -53.077789227976417 ], [ -70.90112978401396, -53.07738433678886 ], [ -70.901126775112047, -53.07737999444911 ], [ -70.89998260836137, -53.075704070519407 ], [ -70.899939487569412, -53.075616486902206 ], [ -70.899926669845115, -53.075525461300856 ], [ -70.899944684328815, -53.07543475560788 ], [ -70.899992786547955, -53.075348117957944 ], [ -70.900068988409785, -53.075269128960528 ], [ -70.900170140793378, -53.075201052581448 ], [ -70.900198229574016, -53.07518563704658 ], [ -70.900194681135545, -53.075165739700481 ], [ -70.900162324577892, -53.075070036906041 ], [ -70.900158828350342, -53.075060714561538 ], [ -70.899944866162258, -53.074541827575118 ], [ -70.899934073201592, -53.074523427788002 ], [ -70.899903190566548, -53.07452933419696 ], [ -70.898975283531328, -53.07476801599806 ], [ -70.898967285486421, -53.074770040250684 ], [ -70.897995498048459, -53.075011992286157 ], [ -70.897860752021714, -53.075036866810436 ], [ -70.89772064304104, -53.075046039266375 ], [ -70.897580169131274, -53.075039182581286 ], [ -70.897444341815756, -53.075016541297956 ], [ -70.897318006415944, -53.074978923021455 ], [ -70.897205669686414, -53.07492766987648 ], [ -70.897111339425564, -53.074864610171332 ], [ -70.897038380238399, -53.074791993529971 ], [ -70.896989394899023, -53.074712410421114 ], [ -70.896905082959165, -53.074521852776527 ], [ -70.896903914726167, -53.074519274175003 ], [ -70.89678687451709, -53.074266851573036 ], [ -70.896783141748898, -53.074258490862512 ], [ -70.896482938894209, -53.073559290832677 ], [ -70.896482565192457, -53.07355841696161 ], [ -70.896316922411643, -53.073169387689248 ], [ -70.896053473943212, -53.072561236990289 ], [ -70.896041143504334, -53.072541468616606 ], [ -70.896007137918275, -53.072546621016897 ], [ -70.895230502583715, -53.072717675210193 ], [ -70.894319034109671, -53.072920829586195 ], [ -70.894171751598407, -53.072943700740971 ], [ -70.894019828395571, -53.072948109236691 ], [ -70.893869577271857, -53.072933871755637 ], [ -70.893727241704454, -53.072901580032536 ], [ -70.893598736631816, -53.072852575848096 ], [ -70.893489401462901, -53.072788895524361 ], [ -70.8934037797342, -53.072713185222625 ], [ -70.893345429026098, -53.072628591034075 ], [ -70.893237862327268, -53.072412781756256 ], [ -70.893230507409086, -53.072396984039564 ], [ -70.893027615447096, -53.07192843922244 ], [ -70.893015804769348, -53.071909250083969 ], [ -70.892982389325837, -53.071912963970171 ], [ -70.89184362023191, -53.072111929731463 ], [ -70.891834405750075, -53.072113617539266 ], [ -70.890315653030385, -53.072404755990696 ], [ -70.890310723630421, -53.072405723675978 ], [ -70.889694229812719, -53.072529604713289 ], [ -70.889541726407401, -53.07254987203914 ], [ -70.889385558771039, -53.072550576741158 ], [ -70.889232568205429, -53.072531687841064 ], [ -70.889089457584319, -53.072494032955305 ], [ -70.888966679690725, -53.072441066241787 ], [ -70.888955604183437, -53.072437153144527 ], [ -70.8888390151414, -53.072386258740316 ], [ -70.888740829384446, -53.072322824314696 ], [ -70.888664703486043, -53.072249212420815 ], [ -70.888658605987857, -53.072241807674494 ], [ -70.888636352333236, -53.072224473524308 ], [ -70.888439725919724, -53.072099144637761 ], [ -70.8884364109487, -53.072097017920257 ], [ -70.887795780525579, -53.071683328534277 ], [ -70.887785450244024, -53.071676518935583 ], [ -70.887233103074664, -53.071304818192196 ], [ -70.886931710192954, -53.071105198941765 ], [ -70.886849513552974, -53.071039584283902 ], [ -70.88678853525505, -53.070966050125222 ], [ -70.88675081515197, -53.070887056540123 ], [ -70.886737615406645, -53.070805246300054 ], [ -70.886749377245295, -53.070723356637899 ], [ -70.886757839527249, -53.070695006179875 ], [ -70.886750212391561, -53.070673958693128 ], [ -70.885840169962307, -53.068980730488228 ], [ -70.885838331351138, -53.068977261722871 ], [ -70.885353881566715, -53.068050263900254 ], [ -70.885340185516228, -53.068030772773383 ], [ -70.88533010769163, -53.068021731075511 ], [ -70.885260656166238, -53.067943805338487 ], [ -70.885217889106343, -53.06785919556944 ], [ -70.885203463076749, -53.067771179167529 ], [ -70.885203463318433, -53.06777004337151 ], [ -70.885195917921081, -53.067747990590192 ], [ -70.883268232469305, -53.064058870068777 ], [ -70.883237537786798, -53.063968766028424 ], [ -70.883237942092052, -53.063876784619538 ], [ -70.883269428258401, -53.063786779696514 ], [ -70.883330677070731, -53.063702522042533 ], [ -70.883419122173891, -53.063627541707298 ], [ -70.883531057973812, -53.063564980119459 ], [ -70.88366179479506, -53.06351745835557 ], [ -70.883805855271092, -53.063486967233473 ], [ -70.884261429789646, -53.063421155224539 ], [ -70.884267101576327, -53.063420307556534 ], [ -70.8844922177841, -53.063385531150182 ], [ -70.884505760347423, -53.063383274460023 ], [ -70.884822078361637, -53.063326678475192 ], [ -70.884843939311196, -53.063322320261371 ], [ -70.885039903019788, -53.063279165098749 ], [ -70.885063291331008, -53.063273467033596 ], [ -70.885316011993112, -53.063205818251369 ], [ -70.885433537859143, -53.063181199081718 ], [ -70.885633023267289, -53.063150365215733 ], [ -70.885649810285557, -53.063147894951079 ], [ -70.885777639937558, -53.063130026836369 ], [ -70.885796657344514, -53.063127048371967 ], [ -70.886121613024685, -53.063070609288715 ], [ -70.886139670055329, -53.063067171648413 ], [ -70.886443611913535, -53.063004151310231 ], [ -70.886463661277986, -53.062999602063122 ], [ -70.886532646636724, -53.062982570576899 ], [ -70.886567420643729, -53.062974589618101 ], [ -70.887173724417821, -53.062845772037193 ], [ -70.887211362935062, -53.062838444918263 ], [ -70.887533858226561, -53.062781306440947 ], [ -70.887538688073818, -53.062780461276773 ], [ -70.887815040991228, -53.062732714312112 ], [ -70.887831525483875, -53.06272961568402 ], [ -70.888228933743406, -53.062648783492357 ], [ -70.888265689155162, -53.0626419382005 ], [ -70.888507148728308, -53.062601046705943 ], [ -70.888523660179985, -53.062598000238552 ], [ -70.888767638513528, -53.062549235354403 ], [ -70.888783248171123, -53.062546229602411 ], [ -70.889466090292274, -53.062419704475879 ], [ -70.889475150153956, -53.062417949164178 ], [ -70.889745247108038, -53.062363319467032 ], [ -70.890292953180463, -53.062249652436435 ], [ -70.890302551947599, -53.062247571035925 ], [ -70.890515290296719, -53.062199448584231 ], [ -70.890550799294317, -53.062192025497858 ], [ -70.890762626610936, -53.062151315250006 ], [ -70.890774317538956, -53.062148939375916 ], [ -70.890980325038697, -53.062104773517866 ], [ -70.891282914345098, -53.06203848078308 ], [ -70.891291310932601, -53.062036571527806 ], [ -70.891462946693323, -53.061996112540989 ], [ -70.891482768800927, -53.061991634293015 ], [ -70.891911218894549, -53.061898992348056 ], [ -70.891939382621459, -53.06189328133803 ], [ -70.892169224287812, -53.061849725085665 ], [ -70.892181408403573, -53.061847276403874 ], [ -70.892601007101774, -53.061758082766971 ], [ -70.89260641672314, -53.061756904505607 ], [ -70.892803886298452, -53.061712853323755 ], [ -70.892832834104425, -53.061704539404083 ], [ -70.892839946061557, -53.06168570140013 ], [ -70.892840222005944, -53.061684462316805 ], [ -70.892842378904035, -53.061672260975328 ], [ -70.892842904907155, -53.061668246261043 ], [ -70.89284205859316, -53.061629275710487 ], [ -70.892836350550482, -53.061608065784469 ], [ -70.892834071479157, -53.061601824027633 ], [ -70.892825428911792, -53.061582361028108 ], [ -70.892824728184138, -53.061581026091574 ], [ -70.892811793848523, -53.061562441446512 ], [ -70.89279350332761, -53.06154556862711 ], [ -70.892789387976208, -53.061542434413631 ], [ -70.892743903156685, -53.061503767062909 ], [ -70.892733072884951, -53.061493446442881 ], [ -70.892656487260595, -53.061396437107 ], [ -70.892620308066455, -53.061291249717854 ], [ -70.892614893870018, -53.061252743299619 ], [ -70.892611353587498, -53.061237888828998 ], [ -70.892611063977569, -53.06123666153178 ], [ -70.892604888429588, -53.061210230853192 ], [ -70.892604310997228, -53.061207708080779 ], [ -70.892599613704078, -53.061186744499679 ], [ -70.892594794395464, -53.061170027187686 ], [ -70.892591346545061, -53.061160269509998 ], [ -70.892581402129409, -53.061137874032262 ], [ -70.892544645100671, -53.061069460119015 ], [ -70.892539237655626, -53.06105895861981 ], [ -70.892512637499181, -53.061004974816733 ], [ -70.892488388091678, -53.060936702813869 ], [ -70.89248297126943, -53.060912318387295 ], [ -70.892481833167253, -53.06090694998835 ], [ -70.892476644173257, -53.060881239674927 ], [ -70.892473361494183, -53.060868187961766 ], [ -70.89246823333869, -53.060851187945751 ], [ -70.892464942462198, -53.060841496455787 ], [ -70.892455715247237, -53.060817074382122 ], [ -70.892452993739056, -53.06081035173186 ], [ -70.892441186828961, -53.060783020312286 ], [ -70.892439488313698, -53.060779013119529 ], [ -70.892429805500882, -53.060755721410054 ], [ -70.892426239080379, -53.060747764742167 ], [ -70.89242035681643, -53.060735537025714 ], [ -70.892405074191714, -53.060709762525441 ], [ -70.892402319846965, -53.060705882175824 ], [ -70.892377017265019, -53.060674766034651 ], [ -70.892378333695675, -53.060674377551713 ], [ -70.892318596682841, -53.060586029064048 ], [ -70.892292489223635, -53.06047946849948 ], [ -70.892290938111486, -53.060444082146724 ], [ -70.892290706878597, -53.060428276224144 ], [ -70.8922909809462, -53.060409466832496 ], [ -70.892290865282959, -53.060401564501269 ], [ -70.892289957329453, -53.060380850803568 ], [ -70.892289407653479, -53.060373223659155 ], [ -70.892286625090946, -53.060345495842007 ], [ -70.892241235695039, -53.059898089996196 ], [ -70.892170736553282, -53.059243195138315 ], [ -70.892170088448253, -53.059191855793387 ], [ -70.892203073220116, -53.058791128555029 ], [ -70.892205255359173, -53.058772474103897 ], [ -70.892261602387194, -53.058401142297122 ], [ -70.892259847638599, -53.058350980620538 ], [ -70.892213827092831, -53.058144235879197 ], [ -70.892210795223193, -53.058128520176986 ], [ -70.892194348483443, -53.058027839807458 ], [ -70.892185748035303, -53.057997182036907 ], [ -70.892131406956366, -53.057861495995752 ], [ -70.892120723723764, -53.057829883454026 ], [ -70.892074027759321, -53.05766087967838 ], [ -70.892070814625257, -53.057648122188532 ], [ -70.892061732548427, -53.05760820706297 ], [ -70.892056876596428, -53.057580511762907 ], [ -70.892052945045606, -53.05754867044142 ], [ -70.892047599094411, -53.05750808074044 ], [ -70.892046716893319, -53.057502333622487 ], [ -70.89199824493538, -53.057225575384805 ], [ -70.891997165168306, -53.057218939441469 ], [ -70.891972193475794, -53.05705276584419 ], [ -70.891970614386253, -53.05704412374601 ], [ -70.891940440088234, -53.056903970706692 ], [ -70.891936725282022, -53.056890121809097 ], [ -70.891892398647187, -53.056752337335865 ], [ -70.891884304460689, -53.056721465960969 ], [ -70.891859951428799, -53.056601686020535 ], [ -70.891858091240323, -53.056591593156568 ], [ -70.89184918790086, -53.056537744795563 ], [ -70.891848780371134, -53.056535207718092 ], [ -70.891683813136609, -53.055476605134928 ], [ -70.891683251139753, -53.055472827278876 ], [ -70.891583951470096, -53.054772085150326 ], [ -70.891583555926047, -53.054769473437844 ], [ -70.891485942206671, -53.054164059863083 ], [ -70.891483055550339, -53.054138749195381 ], [ -70.891470381183069, -53.053949725822356 ], [ -70.891465074464548, -53.053927400522014 ], [ -70.891460086236108, -53.053919063469031 ], [ -70.891421961887048, -53.053823906773836 ], [ -70.891418939978962, -53.053726033647287 ], [ -70.891451163422488, -53.05363008830389 ], [ -70.891456136708783, -53.053620694935809 ], [ -70.891459814035457, -53.053596966627978 ], [ -70.891455964001523, -53.053439553045912 ], [ -70.891466089129537, -53.053358843042837 ], [ -70.891630580388579, -53.052765905600474 ], [ -70.89163199358758, -53.052760391061867 ], [ -70.891741110685061, -53.052296475006408 ], [ -70.891742023073007, -53.0522700773544 ], [ -70.891732498849564, -53.052244305212717 ], [ -70.891195987236671, -53.051327666700359 ], [ -70.891192636478337, -53.051322171094711 ], [ -70.890988050783818, -53.050999670491045 ], [ -70.890973071425719, -53.05098160266666 ], [ -70.890940742512043, -53.050986934686058 ], [ -70.889984444609127, -53.05120735649988 ], [ -70.889106345534131, -53.051412572442096 ], [ -70.889078904500508, -53.051418615520312 ], [ -70.888439785613173, -53.051550869205343 ], [ -70.888435548541565, -53.051551763174444 ], [ -70.887730152952983, -53.051703471244195 ], [ -70.887726108274578, -53.051704333184134 ], [ -70.886129585364841, -53.052041448880672 ], [ -70.88611703952607, -53.052044251178245 ], [ -70.884646371953096, -53.052390943967268 ], [ -70.884579110976077, -53.052404613694335 ], [ -70.883974656746148, -53.052508437038924 ], [ -70.883943446057955, -53.052514707566566 ], [ -70.881626459285286, -53.053049742680713 ], [ -70.881586625379768, -53.053058169480359 ], [ -70.88104224970256, -53.053163000909557 ], [ -70.881015925680913, -53.053168734764178 ], [ -70.880612132326064, -53.053267167011015 ], [ -70.880591282598957, -53.053272031575133 ], [ -70.88033142829498, -53.053329976586092 ], [ -70.880189899459282, -53.053352316297541 ], [ -70.880043855544656, -53.053357578277179 ], [ -70.879898916873501, -53.053345560036419 ], [ -70.879760660940292, -53.053316724022721 ], [ -70.879634408234352, -53.053272179963656 ], [ -70.879525017415176, -53.05321364197566 ], [ -70.879436697860555, -53.05314336291886 ], [ -70.879372848293656, -53.053064047120195 ], [ -70.878088845159652, -53.050966455555177 ], [ -70.878072989829221, -53.050946780841258 ], [ -70.878066227352832, -53.050941414720484 ], [ -70.877989611889589, -53.050866324450887 ], [ -70.877938796652757, -53.050783666764467 ], [ -70.877915736546242, -53.050696622121606 ], [ -70.877914917671546, -53.050688417290871 ], [ -70.877905826617948, -53.050667453028097 ], [ -70.87773796352009, -53.050393205163147 ], [ -70.877542214001963, -53.050080568471472 ], [ -70.877350727412491, -53.049774769203943 ], [ -70.877344363347603, -53.0497642080473 ], [ -70.877196290787055, -53.049508560938953 ], [ -70.877046281132195, -53.049249566057547 ], [ -70.877043954443621, -53.049245664944827 ], [ -70.876821073322688, -53.048882526874237 ], [ -70.876597903947896, -53.048518912477149 ], [ -70.876596067928389, -53.048515983689036 ], [ -70.876445265223069, -53.048280416196405 ], [ -70.876295063603649, -53.048045784763502 ], [ -70.876291904459123, -53.048041012984044 ], [ -70.876106896037399, -53.047770587618196 ], [ -70.875922434481481, -53.047500957830643 ], [ -70.875918176495205, -53.047494596556916 ], [ -70.875734743704953, -53.047214404445434 ], [ -70.875554378132676, -53.046938893598757 ], [ -70.875544566679437, -53.046923038329219 ], [ -70.875447918063998, -53.046757390575948 ], [ -70.875347526346474, -53.046585326221198 ], [ -70.87534565973931, -53.046582201000199 ], [ -70.875274180963899, -53.046465244770559 ], [ -70.875268051732647, -53.046455869899376 ], [ -70.875130648279153, -53.046258779584029 ], [ -70.87499634703444, -53.046066137169731 ], [ -70.874984335446342, -53.046047790065977 ], [ -70.874813873858017, -53.045769690082466 ], [ -70.874638971919467, -53.045484341694589 ], [ -70.874477369264838, -53.045228209709087 ], [ -70.874393052503379, -53.045094599906179 ], [ -70.874377049332026, -53.045075192533261 ], [ -70.874351436703435, -53.045055170326769 ], [ -70.874277275944593, -53.044984438622578 ], [ -70.874226158108598, -53.044906647835205 ], [ -70.874199855002345, -53.044824494431573 ], [ -70.874199278510204, -53.044740826513603 ], [ -70.874224448254878, -53.044658544348557 ], [ -70.874274491905624, -53.044580500297975 ], [ -70.874275606546789, -53.044579151120395 ], [ -70.874440762064623, -53.044313931723664 ], [ -70.874454497743372, -53.044286757811761 ], [ -70.874547879393475, -53.044048952840619 ], [ -70.874582268265485, -53.043983899340041 ], [ -70.874598270269729, -53.043960063175 ], [ -70.874608531476994, -53.043938843791118 ], [ -70.874604144434983, -53.043916900575198 ], [ -70.874436569065253, -53.043466929786135 ], [ -70.874301927814969, -53.043118145786757 ], [ -70.874298402505147, -53.043109751800323 ], [ -70.87417363273741, -53.042835059305055 ], [ -70.87404936598773, -53.042561470631064 ], [ -70.874044779924191, -53.042550867795541 ], [ -70.873952276932613, -53.042325796746937 ], [ -70.873804498949255, -53.041980722755383 ], [ -70.873661018654289, -53.041645762742561 ], [ -70.87365468829006, -53.041629782705904 ], [ -70.873526895040655, -53.041278908196276 ], [ -70.873523553730948, -53.041270508680611 ], [ -70.873397916700299, -53.040979464251713 ], [ -70.873272124195282, -53.040688055317311 ], [ -70.873268940981731, -53.040680406364864 ], [ -70.873144188373814, -53.040369081624668 ], [ -70.873022180611258, -53.040064602193098 ], [ -70.873014493654821, -53.040043132190192 ], [ -70.872947771390571, -53.039831856644582 ], [ -70.872943248394662, -53.039819454003968 ], [ -70.872694644348883, -53.03921919351054 ], [ -70.87244412286303, -53.038614285179221 ], [ -70.87244283258228, -53.038611259446078 ], [ -70.872357476244503, -53.038416707180808 ], [ -70.872099232370687, -53.037829265362248 ], [ -70.871927146131156, -53.037438195938137 ], [ -70.871862142507794, -53.037291025346349 ], [ -70.871858440432362, -53.037283214418622 ], [ -70.871720564024073, -53.037011044510031 ], [ -70.871719362609383, -53.037008718105433 ], [ -70.871574049584567, -53.036732620067809 ], [ -70.871573338953525, -53.036731262237851 ], [ -70.871246066536074, -53.036102518525517 ], [ -70.871245343164716, -53.036101120885455 ], [ -70.871090334483227, -53.035799884613894 ], [ -70.870936760661422, -53.035501432373607 ], [ -70.870933269822245, -53.035494448295061 ], [ -70.870778569253005, -53.035175600552392 ], [ -70.870777457072975, -53.035173351942575 ], [ -70.870692027297238, -53.035003863458691 ], [ -70.870689906925378, -53.034999580108703 ], [ -70.870568886390828, -53.03475060179926 ], [ -70.870447355284881, -53.034500569685527 ], [ -70.870446276124525, -53.034498390500907 ], [ -70.870332790274134, -53.034273373863414 ], [ -70.870242345480023, -53.034093992615936 ], [ -70.870239258014252, -53.034087704526712 ], [ -70.870132769445192, -53.033864864256422 ], [ -70.870026415002556, -53.0336423022015 ], [ -70.87002295773803, -53.033635476883532 ], [ -70.869868927292487, -53.033347822258136 ], [ -70.869715828990337, -53.033061904437034 ], [ -70.869710536999264, -53.033051599785345 ], [ -70.869559966287255, -53.032745445940101 ], [ -70.869558451206487, -53.032742324092773 ], [ -70.869334496586973, -53.032274553195016 ], [ -70.869110475937717, -53.031806633487555 ], [ -70.869109137098846, -53.031803802230968 ], [ -70.868873557867374, -53.031299346532627 ], [ -70.868865196001479, -53.031279761426127 ], [ -70.868776106625859, -53.031049775707842 ], [ -70.868764971993215, -53.031029812235332 ], [ -70.868758452150018, -53.031022855375433 ], [ -70.868698499225943, -53.030940638020041 ], [ -70.868666863571107, -53.030852875492677 ], [ -70.868664808854106, -53.030763073211716 ], [ -70.868665443772414, -53.03075864906863 ], [ -70.868661197124155, -53.030736498964544 ], [ -70.868543456423936, -53.030412630322189 ], [ -70.868538578743667, -53.030400766323581 ], [ -70.868289852606836, -53.029859316913068 ], [ -70.868282802003733, -53.029845671820347 ], [ -70.86800795436784, -53.02936784370705 ], [ -70.867655429385081, -53.028759759346961 ], [ -70.86763109969732, -53.028708047979947 ], [ -70.867418011814536, -53.028124094915718 ], [ -70.867407643086267, -53.02810489221951 ], [ -70.867374381054063, -53.028107277084857 ], [ -70.867074954222375, -53.028146990502165 ], [ -70.867041638584993, -53.028150931867273 ], [ -70.863922594331314, -53.028475593498705 ], [ -70.863914022299213, -53.02847654799551 ], [ -70.860591885363803, -53.028870702232425 ], [ -70.860444586360856, -53.028879152664643 ], [ -70.860297420803491, -53.028869895631821 ], [ -70.860156187654482, -53.028843295800556 ], [ -70.860026452499781, -53.028800401390882 ], [ -70.848127698124756, -53.023880556686784 ], [ -70.848049812502381, -53.023843518864517 ], [ -70.846482762661111, -53.022990405152349 ], [ -70.846397743582514, -53.022935691579008 ], [ -70.846328994810747, -53.022873216378173 ], [ -70.846278430135882, -53.022804718688711 ], [ -70.845948570589997, -53.022233850247801 ], [ -70.845935353543467, -53.022216261705452 ], [ -70.845903084487162, -53.022211426331417 ], [ -70.845794299212258, -53.022189649045018 ], [ -70.845692339019905, -53.022158070614942 ], [ -70.845620179748053, -53.022131305718965 ], [ -70.845616800660537, -53.022130263732763 ], [ -70.845550619870735, -53.022114469302949 ], [ -70.845545908761565, -53.022113649380685 ], [ -70.845490352691129, -53.022106695076346 ], [ -70.845440106788217, -53.022102784211249 ], [ -70.845412030931286, -53.022101247488735 ], [ -70.845389604668298, -53.022100534553964 ], [ -70.845379011100974, -53.022100288809753 ], [ -70.845347713671828, -53.022099831503418 ], [ -70.845337355080474, -53.022099767047109 ], [ -70.845290564193746, -53.022099867905681 ], [ -70.845286861555351, -53.022099870344164 ], [ -70.84525529623437, -53.022099843868716 ], [ -70.845245189880998, -53.022099917992279 ], [ -70.845020622266262, -53.022103402776111 ], [ -70.845009900267769, -53.022103662380125 ], [ -70.844992156852598, -53.022104246258515 ], [ -70.844966078214668, -53.022105660200467 ], [ -70.844921422394677, -53.022109038963478 ], [ -70.844881919996652, -53.02211335145055 ], [ -70.844838374171118, -53.022121326438445 ], [ -70.844835504234396, -53.022121970554807 ], [ -70.844814738294872, -53.022127065534931 ], [ -70.844791263555621, -53.022133327811808 ], [ -70.844785036780053, -53.022135030244925 ], [ -70.844741621083315, -53.022147191307404 ], [ -70.844734737530715, -53.022149093810576 ], [ -70.844697390164725, -53.022159278151257 ], [ -70.844534072506477, -53.022190761125863 ], [ -70.844505424006456, -53.022194157628043 ], [ -70.844468375826821, -53.022198576116359 ], [ -70.844412406650846, -53.022205394967031 ], [ -70.844349113592955, -53.022211411782223 ], [ -70.844326819386239, -53.022212942290615 ], [ -70.844267300086585, -53.022218107549413 ], [ -70.844259298162953, -53.022218775239104 ], [ -70.844183741762876, -53.022224828883267 ], [ -70.844147956589765, -53.022227167288079 ], [ -70.844087547028536, -53.022230226890876 ], [ -70.844075366869617, -53.022230783240616 ], [ -70.843975788058202, -53.022234836848476 ], [ -70.843948058711206, -53.022235653111295 ], [ -70.843846185801837, -53.022237505934818 ], [ -70.843842876828475, -53.022237561652119 ], [ -70.843761645174794, -53.022238821273092 ], [ -70.843738472379314, -53.022238963287791 ], [ -70.843581865205834, -53.02223845463859 ], [ -70.843563487252311, -53.022238258310253 ], [ -70.843453249719786, -53.022236260132239 ], [ -70.843438120599458, -53.02223617120233 ], [ -70.84333754597219, -53.022236811297724 ], [ -70.843327548902167, -53.022236955848889 ], [ -70.843245993657774, -53.022238795447414 ], [ -70.84321526827172, -53.022240257841375 ], [ -70.84312057203195, -53.022247151980324 ], [ -70.84308666978977, -53.022250583634175 ], [ -70.843036504930126, -53.022257109484826 ], [ -70.843009110866447, -53.022261335171201 ], [ -70.842916900912414, -53.022277830865733 ], [ -70.842901848944521, -53.022280734298036 ], [ -70.842729824584509, -53.022316358938667 ], [ -70.842579655023087, -53.022347392252385 ], [ -70.842574777989213, -53.022348422907655 ], [ -70.842444169656318, -53.02237663984836 ], [ -70.842436989125972, -53.022378249137802 ], [ -70.842287201594786, -53.022401493648729 ], [ -70.84213268249465, -53.022405595138409 ], [ -70.842030926575276, -53.022395447250425 ], [ -70.841969501689491, -53.022391840530624 ], [ -70.841961230440887, -53.022391875427601 ], [ -70.841952991324646, -53.022392003059551 ], [ -70.841913521821454, -53.022393884046295 ], [ -70.841895894196142, -53.022395295866822 ], [ -70.841825433161915, -53.022398898685658 ], [ -70.841802435280528, -53.02239941396261 ], [ -70.841737160255448, -53.022399151504068 ], [ -70.841728588171833, -53.022398890396261 ], [ -70.841625968427138, -53.022391437191366 ], [ -70.841595623526828, -53.02238793212706 ], [ -70.841529969284935, -53.022380590594928 ], [ -70.841511227837088, -53.022378344759304 ], [ -70.841472287345681, -53.022373364532896 ], [ -70.841340956917477, -53.022348746759157 ], [ -70.84127297958824, -53.022331715755826 ], [ -70.841247416626913, -53.022325963686825 ], [ -70.841167405392341, -53.022309946739739 ], [ -70.841144687224158, -53.022305877887767 ], [ -70.841070548643046, -53.022294133028034 ], [ -70.841019813639377, -53.02228832912769 ], [ -70.841015665990312, -53.022288032460359 ], [ -70.840941140379428, -53.022287379825592 ], [ -70.840905927300582, -53.022290836005951 ], [ -70.840867915253853, -53.022298989262744 ], [ -70.840704423427539, -53.022321957366728 ], [ -70.840536553627516, -53.022322279148561 ], [ -70.840372822979575, -53.022299938476579 ], [ -70.840313061006285, -53.022287377513855 ], [ -70.840280079263849, -53.022284287297317 ], [ -70.840236160769209, -53.022282602552771 ], [ -70.840207721429124, -53.022282167988301 ], [ -70.840131314933672, -53.022282760303412 ], [ -70.840056654546359, -53.022281080846575 ], [ -70.839964056884909, -53.022276186481925 ], [ -70.839874590603898, -53.022268134976301 ], [ -70.839772573102223, -53.022255095469454 ], [ -70.839760281630547, -53.022253654112284 ], [ -70.839662400162837, -53.022243201866296 ], [ -70.839609773399175, -53.022239885493946 ], [ -70.83942173308867, -53.022236143891426 ], [ -70.839403429795013, -53.022236050955911 ], [ -70.839292501910734, -53.02223713072393 ], [ -70.839188172491561, -53.022233729687549 ], [ -70.839132561892654, -53.022229544636005 ], [ -70.839062881845365, -53.022222261945494 ], [ -70.838960961648951, -53.02220857794557 ], [ -70.838941985020625, -53.022206340108475 ], [ -70.838774941034202, -53.022189341475411 ], [ -70.838755289888653, -53.022187664987982 ], [ -70.838604675398514, -53.022177274359663 ], [ -70.838488816103094, -53.022163606619443 ], [ -70.838299842164787, -53.022131765285444 ], [ -70.838280704710485, -53.022128373539182 ], [ -70.838043641275505, -53.022084271958114 ], [ -70.837978814868393, -53.022070202429312 ], [ -70.837759551004353, -53.022015587198233 ], [ -70.837720344906074, -53.022007332303033 ], [ -70.837492346794065, -53.02196777635865 ], [ -70.837455214652266, -53.021960695695057 ], [ -70.837191271716776, -53.021905750844795 ], [ -70.836846434789791, -53.021835213679374 ], [ -70.836809185931003, -53.021828875989073 ], [ -70.836674386813741, -53.021810441902993 ], [ -70.836625435631035, -53.021802685026174 ], [ -70.836598447957826, -53.021797812128973 ], [ -70.836462867950843, -53.02176426216333 ], [ -70.836402233795965, -53.021744858768606 ], [ -70.836314828347255, -53.021712032329198 ], [ -70.836200426251182, -53.021662137672976 ], [ -70.836155714118078, -53.021645405657374 ], [ -70.835991440445625, -53.021593246211275 ], [ -70.83598071325568, -53.021589972377406 ], [ -70.835833983070927, -53.02154696980535 ], [ -70.83579521552646, -53.02153719752571 ], [ -70.835598010059869, -53.021495199980073 ], [ -70.835582862273284, -53.021492192238561 ], [ -70.835360264009054, -53.021451156127618 ], [ -70.835329521177698, -53.021445045441943 ], [ -70.835232091102412, -53.021424254207083 ], [ -70.835145948693736, -53.021412585573259 ], [ -70.835101747199971, -53.021409862726237 ], [ -70.835078985482056, -53.021408884205691 ], [ -70.834934695466316, -53.021405354615418 ], [ -70.834881149829911, -53.021402877120153 ], [ -70.834848693508121, -53.021400663595209 ], [ -70.834785739422855, -53.021394717172271 ], [ -70.834694593952207, -53.021383682205638 ], [ -70.83463957434833, -53.021375699522409 ], [ -70.83454950329336, -53.021360428186846 ], [ -70.834508936497386, -53.021352791202851 ], [ -70.834391929545959, -53.021328535311262 ], [ -70.834345431760553, -53.021317836654568 ], [ -70.834244797343786, -53.021292329084432 ], [ -70.834233220743656, -53.021289325060657 ], [ -70.834115487364926, -53.021258060371004 ], [ -70.834110331606084, -53.021256719193907 ], [ -70.834080599912923, -53.021249144103678 ], [ -70.834046811725045, -53.021241673921928 ], [ -70.833997418973368, -53.021232359483186 ], [ -70.833934597229231, -53.021224026784751 ], [ -70.833923713195972, -53.021223169090213 ], [ -70.833895857171498, -53.021221612867045 ], [ -70.833854859073597, -53.021220256091304 ], [ -70.833829513533075, -53.021219938167903 ], [ -70.83375442801136, -53.021220537489988 ], [ -70.833736641875674, -53.021220551418963 ], [ -70.833637868213202, -53.021219918251475 ], [ -70.83355699261331, -53.021216742189843 ], [ -70.83354720053174, -53.021216033680091 ], [ -70.833382052845081, -53.021192341393416 ], [ -70.833230081495245, -53.021146728504156 ], [ -70.83309917117316, -53.021081561405865 ], [ -70.833089938326609, -53.021075780064209 ], [ -70.833028556309827, -53.021044832676289 ], [ -70.833011091480131, -53.021037804279239 ], [ -70.833003379622738, -53.021034783083884 ], [ -70.832942710827254, -53.021011652291499 ], [ -70.832920234316163, -53.021002736407432 ], [ -70.832851042860142, -53.020974197526968 ], [ -70.832825226212762, -53.02096445858971 ], [ -70.832741828328722, -53.020935789071224 ], [ -70.832616901458067, -53.020881848920496 ], [ -70.832512974488708, -53.020813607117852 ], [ -70.832486281209682, -53.020791969165018 ], [ -70.832435358403458, -53.02076479252991 ], [ -70.832333614962195, -53.0207293658504 ], [ -70.832334162815997, -53.020728793782965 ], [ -70.832290023958691, -53.020714366589416 ], [ -70.831749678333253, -53.020503110746596 ], [ -70.831667503829806, -53.020465890123845 ], [ -70.831616102014408, -53.020439073225162 ], [ -70.831519016087086, -53.02037786862855 ], [ -70.831490750933071, -53.020356302228727 ], [ -70.83141746124582, -53.020288669143255 ], [ -70.831091188300832, -53.019918716327503 ], [ -70.831088553681056, -53.019915701422661 ], [ -70.830937543585662, -53.01974129447467 ], [ -70.830894061808578, -53.019701880313065 ], [ -70.830839748971513, -53.01966242765436 ], [ -70.830796904243286, -53.0196360607925 ], [ -70.830775255772707, -53.019624767663345 ], [ -70.830661912423238, -53.019550696306453 ], [ -70.830568725365922, -53.019474086280361 ], [ -70.830535496326661, -53.019450394984595 ], [ -70.830502405109613, -53.019429866541898 ], [ -70.830477152507171, -53.019416839253026 ], [ -70.830444325301713, -53.019413719851023 ], [ -70.830300620081687, -53.019408131110971 ], [ -70.830288732552546, -53.019407783649925 ], [ -70.830155897997145, -53.019405182404057 ], [ -70.830121542181061, -53.019406449161927 ], [ -70.83008817629522, -53.01941154669997 ], [ -70.829977639592343, -53.019435250474764 ], [ -70.829939099353709, -53.019446746785725 ], [ -70.829906069069651, -53.019463346888386 ], [ -70.829806206205774, -53.019526922019793 ], [ -70.829779762493956, -53.019545725031691 ], [ -70.829629585459301, -53.019665237490443 ], [ -70.829620170082677, -53.019673075502062 ], [ -70.829500823306205, -53.019777071104123 ], [ -70.829427579387712, -53.019831324423691 ], [ -70.829318501016871, -53.019900364291871 ], [ -70.829300981454011, -53.019913258608348 ], [ -70.829286843547067, -53.019927583097079 ], [ -70.829129237735302, -53.020118411281643 ], [ -70.82904383178662, -53.020198993506845 ], [ -70.828739483439506, -53.020428141958313 ], [ -70.828727957909237, -53.020437289563802 ], [ -70.828484960560075, -53.020640747039373 ], [ -70.828437981141647, -53.02069399956838 ], [ -70.82830110567545, -53.020917577165406 ], [ -70.828232703568219, -53.021001313861234 ], [ -70.827999464309002, -53.021224779559454 ], [ -70.827920341581375, -53.021287590590418 ], [ -70.827705941771029, -53.021429894455437 ], [ -70.827656059969911, -53.021471851531743 ], [ -70.827595919271559, -53.02153722726031 ], [ -70.827507548957911, -53.021613450444846 ], [ -70.827395050015738, -53.021677072842976 ], [ -70.827263240963148, -53.021725369442883 ], [ -70.827126009684179, -53.021764565976149 ], [ -70.82709918915684, -53.021773048028692 ], [ -70.826956254679061, -53.021822819780724 ], [ -70.826926172525276, -53.021835898123754 ], [ -70.826885925399239, -53.021862256118993 ], [ -70.826825489151858, -53.021903525378598 ], [ -70.826733169637635, -53.021949193029108 ], [ -70.826591433561873, -53.022008524659 ], [ -70.826447450786063, -53.022055587453366 ], [ -70.826415948927163, -53.022063320949307 ], [ -70.82639813098254, -53.022073693120788 ], [ -70.826282186120878, -53.022128912019468 ], [ -70.826150454036465, -53.022169254306995 ], [ -70.826008112045997, -53.022193134490138 ], [ -70.825860754314149, -53.022199614046798 ], [ -70.825714172408496, -53.022188438336343 ], [ -70.82557412740195, -53.022160046484011 ], [ -70.825447561129607, -53.022116054192132 ], [ -70.825411545008379, -53.022115484985349 ], [ -70.825387692832578, -53.022116538581656 ], [ -70.825355468339197, -53.022119840426122 ], [ -70.825353190686741, -53.022139501540899 ], [ -70.825354464341586, -53.02216966649366 ], [ -70.825355492426567, -53.022194015385516 ], [ -70.825356478782552, -53.022217375945864 ], [ -70.825357385870859, -53.022238859125693 ], [ -70.825358357074109, -53.022258495359999 ], [ -70.825358446742015, -53.022260453047124 ], [ -70.825359427532831, -53.022283681709837 ], [ -70.825360162603303, -53.022301090807751 ], [ -70.825359131737827, -53.022338775227709 ], [ -70.825358485289001, -53.022345437156979 ], [ -70.825358280243975, -53.022348399398815 ], [ -70.825349697039044, -53.022400171502966 ], [ -70.825346084549139, -53.022413881695186 ], [ -70.82534393753896, -53.022423316900827 ], [ -70.825342100971767, -53.022432889932539 ], [ -70.825340453746705, -53.022443800833877 ], [ -70.82533941306545, -53.022453238655608 ], [ -70.825338640954556, -53.02246450644796 ], [ -70.825338469148448, -53.022470904497389 ], [ -70.825337283836859, -53.022489986656382 ], [ -70.825336947851241, -53.022493435684247 ], [ -70.82533642728967, -53.022512324408986 ], [ -70.825336476296414, -53.02251348506941 ], [ -70.825336167384876, -53.02254218914856 ], [ -70.825332489310355, -53.022599866173934 ], [ -70.825331766476921, -53.022599849399143 ], [ -70.825330904113372, -53.022619821170153 ], [ -70.825330089044456, -53.022626148268174 ], [ -70.825327587027374, -53.022647594502814 ], [ -70.825325916947818, -53.022659606480133 ], [ -70.825322518362483, -53.022680654076424 ], [ -70.825321691101607, -53.022686593594564 ], [ -70.825318893414334, -53.02271047337257 ], [ -70.825318355697064, -53.022714770258851 ], [ -70.82531608112663, -53.022731853253489 ], [ -70.825314901050746, -53.022747832027022 ], [ -70.825314319131664, -53.022787289791339 ], [ -70.82531307984928, -53.022809504851615 ], [ -70.825311837681042, -53.022822325082515 ], [ -70.825305980559449, -53.022858108698564 ], [ -70.825304368438708, -53.022865087626599 ], [ -70.825300400014527, -53.022883255361755 ], [ -70.825299011201565, -53.022890526114793 ], [ -70.825297687465323, -53.022898614198148 ], [ -70.825296938252663, -53.022903806743066 ], [ -70.825292098861652, -53.022942548303732 ], [ -70.825291123852054, -53.02295484153661 ], [ -70.825290682846557, -53.022967884574172 ], [ -70.825290129924284, -53.022985851982234 ], [ -70.825290186741071, -53.02299572257791 ], [ -70.825290718413569, -53.02300831463748 ], [ -70.825290930274718, -53.023023750135451 ], [ -70.825290715057719, -53.023038340864318 ], [ -70.825290820961897, -53.023046057984331 ], [ -70.825292974320803, -53.023097057675848 ], [ -70.82529424979802, -53.023110770330504 ], [ -70.82529708423121, -53.023130455190596 ], [ -70.825298571260419, -53.02313891927075 ], [ -70.825298911738201, -53.023140559333747 ], [ -70.825304437843144, -53.023184920697894 ], [ -70.825305352934564, -53.023206593275049 ], [ -70.825305863514927, -53.023218685597847 ], [ -70.825305103030132, -53.023253416477317 ], [ -70.825303534492846, -53.023271637277844 ], [ -70.825298351695579, -53.023306116874195 ], [ -70.825297066480232, -53.023312094618966 ], [ -70.82529530152577, -53.023322033367684 ], [ -70.825293393017702, -53.023335631627759 ], [ -70.825291165580666, -53.023349089045013 ], [ -70.825287692321112, -53.023367296018314 ], [ -70.825282992503503, -53.023393279764278 ], [ -70.825281915977499, -53.023400269619714 ], [ -70.825279325684619, -53.023420555343371 ], [ -70.825278630516223, -53.023427338853175 ], [ -70.825277392778773, -53.023443347549353 ], [ -70.825276002325737, -53.023456915379811 ], [ -70.825274316800105, -53.023470116335837 ], [ -70.825273245822416, -53.023484590195068 ], [ -70.825272874146933, -53.023502764481343 ], [ -70.825272476010227, -53.023529451523792 ], [ -70.825272467982643, -53.023529957101523 ], [ -70.825272115542944, -53.023550956584835 ], [ -70.825272217226342, -53.023558948073848 ], [ -70.825274218529088, -53.023606346102838 ], [ -70.825274980835516, -53.023624400218566 ], [ -70.825276629178774, -53.023640547841225 ], [ -70.825278143066612, -53.023649880725067 ], [ -70.8252804050436, -53.023667325359817 ], [ -70.825282191606263, -53.023685701081845 ], [ -70.825284728382172, -53.023711793832454 ], [ -70.825286271377891, -53.023726519851635 ], [ -70.825290230984521, -53.023747887750552 ], [ -70.825309830591266, -53.023821464604865 ], [ -70.825311078782519, -53.023826319816422 ], [ -70.825320384447068, -53.023863870727631 ], [ -70.82533041389793, -53.023902349960558 ], [ -70.825333345725298, -53.023914716640043 ], [ -70.825336761517732, -53.023930708743023 ], [ -70.825339102179669, -53.023940096364015 ], [ -70.82534426187776, -53.023958183490187 ], [ -70.825345709386028, -53.023962949151546 ], [ -70.825355013930135, -53.023991823917655 ], [ -70.825356550984054, -53.023996739696749 ], [ -70.825366432923786, -53.024029340405114 ], [ -70.825373980335428, -53.02404913218539 ], [ -70.825386926393463, -53.024077202036125 ], [ -70.825395272492585, -53.024093011192249 ], [ -70.825398888855204, -53.024099076512208 ], [ -70.825412906445678, -53.024119398489219 ], [ -70.825427196893571, -53.024137551596503 ], [ -70.825447894133077, -53.024166407896026 ], [ -70.825451205178609, -53.024171506911152 ], [ -70.825475044484534, -53.024214485855673 ], [ -70.825475304047771, -53.024215046303993 ], [ -70.82548721430166, -53.024236519331019 ], [ -70.8254934094698, -53.024246059773681 ], [ -70.825506644871183, -53.024266359673497 ], [ -70.825507021681844, -53.024266938820439 ], [ -70.825512160278549, -53.024274852261414 ], [ -70.825547184146487, -53.024345292880945 ], [ -70.825550326489221, -53.024354210385788 ], [ -70.825560879103534, -53.024382218066002 ], [ -70.825568808542826, -53.024402634662913 ], [ -70.825575305443252, -53.024421101872505 ], [ -70.825578721302776, -53.024431926769743 ], [ -70.825585476745346, -53.024463192517935 ], [ -70.82558617583075, -53.024463137011516 ], [ -70.825594885637614, -53.024503044327616 ], [ -70.825596104093194, -53.024506851682546 ], [ -70.825604862211733, -53.02452842317021 ], [ -70.825606833969317, -53.024532413607162 ], [ -70.825621976036004, -53.024568441866819 ], [ -70.825624921185792, -53.024576905132584 ], [ -70.825633045286594, -53.024597123998852 ], [ -70.825632446263882, -53.024597211504364 ], [ -70.82564470817367, -53.024630643156627 ], [ -70.825644800776246, -53.024630975108245 ], [ -70.825651596054669, -53.024661808689345 ], [ -70.825658321018977, -53.024703267422858 ], [ -70.825659588085614, -53.024710022604864 ], [ -70.825663660785409, -53.024729139742085 ], [ -70.825666352313476, -53.024740003898351 ], [ -70.825672991605046, -53.024777530446102 ], [ -70.825674446343712, -53.024791158167467 ], [ -70.825680190680714, -53.024824638996364 ], [ -70.825682331936733, -53.024834834694687 ], [ -70.825686400680567, -53.0248511955377 ], [ -70.825691164173747, -53.024869809379815 ], [ -70.825693871757608, -53.024879079695836 ], [ -70.825696000209248, -53.024885565058696 ], [ -70.825701937632346, -53.0249061616557 ], [ -70.825703856503267, -53.02491387737026 ], [ -70.825709951819988, -53.024955942656668 ], [ -70.82571032417853, -53.024955925431499 ], [ -70.825714697288149, -53.024990277917375 ], [ -70.825718018085198, -53.0250058652692 ], [ -70.825722949635491, -53.025028951626169 ], [ -70.825724875408, -53.025036855228869 ], [ -70.825728195241453, -53.025048977328417 ], [ -70.825735990395231, -53.025070693326249 ], [ -70.825739931948831, -53.025079533282444 ], [ -70.825746099639773, -53.025094367739349 ], [ -70.825750858535102, -53.025106700151021 ], [ -70.825757116822899, -53.025120819718225 ], [ -70.825766153400551, -53.025138835970232 ], [ -70.825776124122513, -53.025158089646702 ], [ -70.825786320935251, -53.025175239724639 ], [ -70.825788459562204, -53.025178420775262 ], [ -70.825801747268983, -53.025199719239829 ], [ -70.825802117513135, -53.025200361511104 ], [ -70.825817815750014, -53.025223391152572 ], [ -70.825833875872505, -53.025243673356393 ], [ -70.825857969271127, -53.025273460744984 ], [ -70.825867666835862, -53.025285931655553 ], [ -70.825871963584348, -53.025291685057169 ], [ -70.82588863594566, -53.025311361592713 ], [ -70.825904054744456, -53.025327540771649 ], [ -70.82590967586502, -53.025333242638091 ], [ -70.825954924914598, -53.025377635925047 ], [ -70.825977875620723, -53.025400006197586 ], [ -70.825995415282677, -53.025417033970562 ], [ -70.826006876379537, -53.025427496429138 ], [ -70.826035116180407, -53.025451773213007 ], [ -70.826041562292204, -53.025457405493533 ], [ -70.82607502199042, -53.025487122188345 ], [ -70.826078242652358, -53.025489936251539 ], [ -70.826090349712786, -53.025500344548234 ], [ -70.826113282251825, -53.025521279087293 ], [ -70.826123709208076, -53.025531401026853 ], [ -70.826126323923901, -53.025533902349295 ], [ -70.826145036244171, -53.025551545123527 ], [ -70.826150102821387, -53.025556194238682 ], [ -70.826174045001892, -53.025577581943345 ], [ -70.826188478490735, -53.025590983362228 ], [ -70.826201198043563, -53.025603266142383 ], [ -70.826203719968206, -53.025605667473691 ], [ -70.826222721581999, -53.025623510060555 ], [ -70.826227278643941, -53.025627686267519 ], [ -70.826238412493026, -53.025637646387658 ], [ -70.826256155085431, -53.025654298343724 ], [ -70.826269227400587, -53.025667182567844 ], [ -70.826286848296277, -53.025685506491854 ], [ -70.826304446370813, -53.025704842841414 ], [ -70.826331861552518, -53.025734327648784 ], [ -70.826339046220824, -53.025741707950523 ], [ -70.82634656484322, -53.025749100654394 ], [ -70.826359126598803, -53.025761924021957 ], [ -70.82637484428497, -53.025778594025077 ], [ -70.826383681566369, -53.025787483015975 ], [ -70.82639768105615, -53.025800854933458 ], [ -70.826415157455116, -53.025817422217095 ], [ -70.826420533056876, -53.025822371087784 ], [ -70.826425309724328, -53.025826644070087 ], [ -70.826453839689066, -53.025854275206761 ], [ -70.826461366236245, -53.025862189778977 ], [ -70.826483046475218, -53.025884957437142 ], [ -70.826485489817784, -53.025887485119469 ], [ -70.82650218614512, -53.025904501677914 ], [ -70.826511894470229, -53.025913863314514 ], [ -70.826525029312322, -53.025925862679664 ], [ -70.826536793075633, -53.025936960033903 ], [ -70.826548878446957, -53.025948737354653 ], [ -70.826559011793151, -53.02595808517642 ], [ -70.826568211218103, -53.02596612742569 ], [ -70.826586949091151, -53.025983339176832 ], [ -70.82661020253731, -53.026005803935888 ], [ -70.826624712486677, -53.026019815312715 ], [ -70.826637402461984, -53.026032531940707 ], [ -70.82664068985342, -53.026035952821793 ], [ -70.826648713173128, -53.026043916572114 ], [ -70.82669005964452, -53.026083101192256 ], [ -70.826712483345432, -53.026104112033231 ], [ -70.826715113056181, -53.026106539569078 ], [ -70.826740312862754, -53.026129471765735 ], [ -70.826768114723677, -53.026156847351018 ], [ -70.826773593711067, -53.026162702134094 ], [ -70.826783730489552, -53.026172894466086 ], [ -70.826791372182342, -53.026180136456368 ], [ -70.826804006489908, -53.026192549768382 ], [ -70.826814221423049, -53.026202960898374 ], [ -70.82683178356487, -53.026221887929452 ], [ -70.826853510644142, -53.026246689835588 ], [ -70.826868188164539, -53.026264376414503 ], [ -70.826875534765207, -53.026273738523209 ], [ -70.826883430642994, -53.026283215094857 ], [ -70.826886962531233, -53.026287215796117 ], [ -70.826909238071863, -53.026314658720956 ], [ -70.826913979940599, -53.026321041335478 ], [ -70.826916709154958, -53.026324630009221 ], [ -70.826932483246424, -53.02634490009887 ], [ -70.826949525321993, -53.026366510900743 ], [ -70.826956807282912, -53.026375242494318 ], [ -70.826968066280429, -53.026388038433694 ], [ -70.826982703115263, -53.026405589235644 ], [ -70.826991004198646, -53.026416110042241 ], [ -70.827000291578429, -53.026427093277746 ], [ -70.827031189832539, -53.026461281184908 ], [ -70.827050291726138, -53.026483916725518 ], [ -70.827067300755061, -53.026505564970137 ], [ -70.827070386264339, -53.026509397566585 ], [ -70.827086829913682, -53.026529339888448 ], [ -70.827093820048049, -53.026537403457034 ], [ -70.827108865584023, -53.026553934897343 ], [ -70.827117186040766, -53.02656261249394 ], [ -70.827138021670237, -53.026583264655791 ], [ -70.827166914242696, -53.026611626477013 ], [ -70.827178214055948, -53.026622054890872 ], [ -70.827235442134267, -53.026671795307678 ], [ -70.82723894038736, -53.026674783628742 ], [ -70.827270561788595, -53.026701334222579 ], [ -70.827271497560972, -53.026702121719005 ], [ -70.827286551751058, -53.026714819480517 ], [ -70.827314960258917, -53.026740615580586 ], [ -70.827315906708222, -53.026741542717232 ], [ -70.827323059092535, -53.026748278287585 ], [ -70.827334473154593, -53.026758617272328 ], [ -70.827342993919771, -53.02676600979828 ], [ -70.827349411495604, -53.026771346295625 ], [ -70.827371118894078, -53.026787729026118 ], [ -70.827379383389228, -53.026793401620253 ], [ -70.827387954518016, -53.026799085684779 ], [ -70.827405494422592, -53.026810325248356 ], [ -70.82741582660563, -53.026817083242456 ], [ -70.827434222106106, -53.026829364975761 ], [ -70.827444839512737, -53.026836163986836 ], [ -70.827476415783707, -53.026855560639994 ], [ -70.827518360621639, -53.026883590160907 ], [ -70.82753861153013, -53.026898322535096 ], [ -70.827544655954711, -53.026902609344468 ], [ -70.827568549557213, -53.026919131599705 ], [ -70.827578114100206, -53.026925878721478 ], [ -70.827597606691029, -53.026939907534242 ], [ -70.827615545899107, -53.026953333480385 ], [ -70.827667905397746, -53.026994096193363 ], [ -70.827674466213679, -53.026999281227077 ], [ -70.82769481719501, -53.027015608866556 ], [ -70.827737565501053, -53.027049753270632 ], [ -70.827749739070143, -53.027058963633522 ], [ -70.827768293529942, -53.027072270234427 ], [ -70.827787961400503, -53.027086293894833 ], [ -70.827801800494527, -53.02709561953521 ], [ -70.827817969332926, -53.027105921890097 ], [ -70.82783289226343, -53.027115716541978 ], [ -70.827874857304138, -53.02714409230817 ], [ -70.827880518786984, -53.027147834579551 ], [ -70.827891682554309, -53.027155049062053 ], [ -70.827911037552155, -53.027168055005092 ], [ -70.827923058393409, -53.027176455572715 ], [ -70.827938411604947, -53.027187114431733 ], [ -70.827962940435057, -53.027203067805424 ], [ -70.827962868469086, -53.027203108021062 ], [ -70.827978359249272, -53.027213080661554 ], [ -70.827995114407187, -53.02722447326645 ], [ -70.828023004680603, -53.027242599060742 ], [ -70.828053413440458, -53.027263635424717 ], [ -70.828056803515068, -53.027266133147045 ], [ -70.828065842042562, -53.027272543795007 ], [ -70.828091894000437, -53.027290334971703 ], [ -70.82809746748282, -53.027294185214927 ], [ -70.82810732507086, -53.027301073348347 ], [ -70.82812450140311, -53.027312282164665 ], [ -70.82815040580536, -53.027328074907516 ], [ -70.828160396346334, -53.027334284176334 ], [ -70.828184078464702, -53.027349288972381 ], [ -70.828208463845428, -53.027365513142342 ], [ -70.828233071538236, -53.027382709195265 ], [ -70.828244990871966, -53.027390688371298 ], [ -70.828251555299232, -53.027394979107967 ], [ -70.828325249477913, -53.027444069626362 ], [ -70.828342585039039, -53.027454939982803 ], [ -70.828373744787697, -53.027476332167218 ], [ -70.828388547457251, -53.02748566791859 ], [ -70.82840755418826, -53.027497093006275 ], [ -70.828407470290074, -53.027497143744888 ], [ -70.828433012395124, -53.027512728649718 ], [ -70.828438109551925, -53.027516041098167 ], [ -70.828443888191586, -53.027519712763223 ], [ -70.828479528179031, -53.027541852381283 ], [ -70.828500613661575, -53.027555506728675 ], [ -70.828535816116784, -53.02757927344318 ], [ -70.828540579764379, -53.027582428824395 ], [ -70.828554111715519, -53.027591222809249 ], [ -70.82857060225561, -53.027601284741202 ], [ -70.828583280755083, -53.027608548331656 ], [ -70.828616270133892, -53.027628677182435 ], [ -70.828620079724416, -53.027631152973761 ], [ -70.82862850867987, -53.027636454156905 ], [ -70.828646837607479, -53.027647611009876 ], [ -70.828655628021863, -53.027652788225673 ], [ -70.828675030271071, -53.027663844236294 ], [ -70.82868103333891, -53.027667190573311 ], [ -70.828735147064307, -53.027696698500741 ], [ -70.828742371104852, -53.027700536636665 ], [ -70.828803141339336, -53.027731992211812 ], [ -70.828810555465481, -53.027735730231264 ], [ -70.828817920612323, -53.027739346820589 ], [ -70.828860656486626, -53.027762022093739 ], [ -70.82886102908526, -53.027762235555301 ], [ -70.828876533415539, -53.02777063315952 ], [ -70.828882869784323, -53.027773876721838 ], [ -70.828913884271415, -53.027790675159594 ], [ -70.828915742529446, -53.027791739752274 ], [ -70.828930533026153, -53.027799770990917 ], [ -70.828985328883519, -53.027827964220478 ], [ -70.829015524426509, -53.027843422854346 ], [ -70.829016919975345, -53.027844139072123 ], [ -70.829032936992704, -53.027852380065099 ], [ -70.829038380291209, -53.027855127136363 ], [ -70.829110412387038, -53.02789078139709 ], [ -70.82911861266453, -53.027894725148528 ], [ -70.829146023588734, -53.027907531634916 ], [ -70.829152557717819, -53.027910619659586 ], [ -70.829180446328024, -53.027923951576241 ], [ -70.829219611855791, -53.027944039020895 ], [ -70.829260378060184, -53.027966453783812 ], [ -70.829266377242817, -53.027969681564763 ], [ -70.829302519969104, -53.027988709453055 ], [ -70.829334835917763, -53.028005663348807 ], [ -70.829347320034415, -53.028012362629063 ], [ -70.82936704775625, -53.028023190463209 ], [ -70.829388902421627, -53.028034291974009 ], [ -70.829414746215818, -53.028046429329208 ], [ -70.829456052154313, -53.028067318459939 ], [ -70.829481831851226, -53.028081343924804 ], [ -70.829503248286329, -53.028092956083142 ], [ -70.829518260192586, -53.028101322970663 ], [ -70.829542006954895, -53.028114927110714 ], [ -70.829556798136664, -53.028122958531732 ], [ -70.829603743052175, -53.028147111578242 ], [ -70.829617682409264, -53.028154465705875 ], [ -70.829630222527427, -53.028161249326565 ], [ -70.82963566741067, -53.028164137679532 ], [ -70.829702157222428, -53.028198721563378 ], [ -70.829709846445482, -53.028202613350309 ], [ -70.829733759139415, -53.028214388897901 ], [ -70.829747767909154, -53.028221461793677 ], [ -70.829769082387415, -53.028232493958249 ], [ -70.829776086548264, -53.028236030272872 ], [ -70.829805997837184, -53.028250759805104 ], [ -70.82982432678223, -53.028259694978615 ], [ -70.829853464470631, -53.028274661349336 ], [ -70.829865450188649, -53.028281145097417 ], [ -70.829873277524598, -53.028285262122196 ], [ -70.829890756301197, -53.028294200208855 ], [ -70.829905172779462, -53.028301208373065 ], [ -70.829943959196214, -53.028319123250959 ], [ -70.829977550948257, -53.028335593783112 ], [ -70.829993037924027, -53.028343648877076 ], [ -70.830008793364925, -53.028351401797373 ], [ -70.830017107985967, -53.028355270184441 ], [ -70.830034666865942, -53.028363696708027 ], [ -70.830045025769579, -53.028368823521205 ], [ -70.830050132291561, -53.028371305740407 ], [ -70.830089916357821, -53.028390298660831 ], [ -70.830125625180088, -53.028408472574775 ], [ -70.830152437636613, -53.028423010472189 ], [ -70.830164586028232, -53.028429185195506 ], [ -70.830178892164525, -53.028436645816548 ], [ -70.830193265892021, -53.028444336095774 ], [ -70.830201434374914, -53.028448580640578 ], [ -70.830215730985827, -53.028455794880166 ], [ -70.830232593778675, -53.028464565551843 ], [ -70.830242653952453, -53.028469958214266 ], [ -70.830250856163303, -53.028474185513993 ], [ -70.830276301799131, -53.028487920427963 ], [ -70.830348036449394, -53.028528463598541 ], [ -70.830357865042288, -53.028532922720174 ], [ -70.830394472036346, -53.028550646862605 ], [ -70.830405693454864, -53.028556439702072 ], [ -70.830415765797426, -53.028561446104106 ], [ -70.830436324688165, -53.02857096056119 ], [ -70.830447931202158, -53.028575954942873 ], [ -70.830454082850991, -53.028578546117146 ], [ -70.830467798238146, -53.028584200224948 ], [ -70.830490631867207, -53.028593998016021 ], [ -70.830507037703427, -53.028601321715065 ], [ -70.830531423443531, -53.02861215047907 ], [ -70.830541445662675, -53.028616448099832 ], [ -70.83055594896507, -53.028622451942269 ], [ -70.830585768381013, -53.028635460805376 ], [ -70.83060467339044, -53.028644144873802 ], [ -70.830616528825374, -53.028649371321961 ], [ -70.830651981935617, -53.028664363538205 ], [ -70.830697020127403, -53.028683249658286 ], [ -70.83070417560252, -53.028686175641489 ], [ -70.830732703347806, -53.028697550613074 ], [ -70.830762551466847, -53.028710093904003 ], [ -70.830794978440807, -53.028724442365451 ], [ -70.830798980298653, -53.028726188593154 ], [ -70.83081744702227, -53.028734134949943 ], [ -70.830826868906129, -53.028738256492481 ], [ -70.830885856000819, -53.028764486761091 ], [ -70.830900638096011, -53.028771232763411 ], [ -70.830919771282353, -53.028780192249094 ], [ -70.83095483057707, -53.028797668983067 ], [ -70.830972539234224, -53.028807059648948 ], [ -70.830985577902609, -53.028813661483071 ], [ -70.831007285231465, -53.028824152166088 ], [ -70.831032333799911, -53.028836811279007 ], [ -70.831054738535641, -53.028848647994309 ], [ -70.831068287368055, -53.028855470865899 ], [ -70.831103091781571, -53.028872169834081 ], [ -70.83112920820632, -53.028885297978647 ], [ -70.831181699291946, -53.028912931598136 ], [ -70.831215595295802, -53.02893076727549 ], [ -70.83123094920893, -53.028938420129613 ], [ -70.831265024808502, -53.02895449958018 ], [ -70.831269773402852, -53.028956703514751 ], [ -70.831313135883747, -53.028976495754918 ], [ -70.831316517253114, -53.0289780482425 ], [ -70.831362725213083, -53.028999390236663 ], [ -70.831410030519351, -53.029021073770025 ], [ -70.831412532656458, -53.029022225686624 ], [ -70.831436494660039, -53.029033305878599 ], [ -70.831485473356935, -53.029055927497772 ], [ -70.831509103030953, -53.029066853839005 ], [ -70.831512969283594, -53.029068653827849 ], [ -70.831534412457543, -53.029078704436031 ], [ -70.831538202610076, -53.029080457586083 ], [ -70.831579575028698, -53.029099341218043 ], [ -70.83158786894677, -53.029103182304176 ], [ -70.831623240108044, -53.029119802625196 ], [ -70.831632744212627, -53.029124343780659 ], [ -70.83166784415414, -53.029141397210289 ], [ -70.83171355803546, -53.029165524522661 ], [ -70.831719726978207, -53.029169058305655 ], [ -70.831736835949059, -53.029178271630499 ], [ -70.831779284040877, -53.029199751218464 ], [ -70.831812141990397, -53.029216077633883 ], [ -70.831824975103657, -53.029222601807597 ], [ -70.831839089568788, -53.029229942821416 ], [ -70.831866919672095, -53.029245172135504 ], [ -70.831884333257975, -53.029255195389986 ], [ -70.831907545000291, -53.029268493532491 ], [ -70.831922733108428, -53.029277446563768 ], [ -70.831939707432156, -53.029287741891508 ], [ -70.831952331864358, -53.02929516113943 ], [ -70.831951986146606, -53.029295374958728 ], [ -70.831996541665205, -53.029323472120971 ], [ -70.831996987033435, -53.029323783259031 ], [ -70.832032542193346, -53.029350636215291 ], [ -70.83203955389655, -53.029356368159554 ], [ -70.832062899096357, -53.02937512010466 ], [ -70.832068336175496, -53.029379371810805 ], [ -70.832083951360872, -53.029391277515806 ], [ -70.83209546375069, -53.029399631827559 ], [ -70.832112972880935, -53.029411730328277 ], [ -70.832127389921439, -53.029421137014445 ], [ -70.832140394115996, -53.029429150877441 ], [ -70.832160109817053, -53.029441136975585 ], [ -70.832175451516136, -53.029450744825489 ], [ -70.83218561675379, -53.02945730296365 ], [ -70.832201205373167, -53.029466779428439 ], [ -70.832250340569828, -53.029494925150473 ], [ -70.832277393720247, -53.029510421765835 ], [ -70.832304973280728, -53.029526219902017 ], [ -70.832319619671438, -53.029534843451628 ], [ -70.83233947574881, -53.02954685990364 ], [ -70.832354968943946, -53.029556236763995 ], [ -70.832391607728241, -53.029580076781478 ], [ -70.832417028287935, -53.029597866595076 ], [ -70.832427908845972, -53.029605153171396 ], [ -70.832471691876023, -53.02963321800798 ], [ -70.832496603541571, -53.029650343685397 ], [ -70.832496696617696, -53.029650294870315 ], [ -70.832519771138195, -53.029666266582709 ], [ -70.832531225490882, -53.029673709106007 ], [ -70.832540397874041, -53.029679460768897 ], [ -70.832559206086444, -53.029690843038942 ], [ -70.832566529026749, -53.029695154577723 ], [ -70.832583726420737, -53.029705005475584 ], [ -70.832603029082264, -53.029715319850986 ], [ -70.83260959201175, -53.029718589305155 ], [ -70.832648208965566, -53.029739224248729 ], [ -70.832652061558491, -53.029741431058859 ], [ -70.83271991382054, -53.029785900701739 ], [ -70.832731319542972, -53.029794466708481 ], [ -70.832748659909299, -53.029806579495848 ], [ -70.83277230411521, -53.029821952682816 ], [ -70.832777248842092, -53.029825106094954 ], [ -70.832790825511267, -53.029833598448015 ], [ -70.832827060121289, -53.029857982114088 ], [ -70.832844636327877, -53.02987071403534 ], [ -70.832869854546189, -53.029890032766282 ], [ -70.83288716106901, -53.029904063941871 ], [ -70.832915065600531, -53.029926454901471 ], [ -70.832926058551678, -53.029934847439108 ], [ -70.832953624739346, -53.029954889402063 ], [ -70.832989064801822, -53.029980222092959 ], [ -70.832999416564434, -53.029987304319683 ], [ -70.833011974166538, -53.029995536702735 ], [ -70.833025201760094, -53.030003915194214 ], [ -70.833025124015805, -53.030003959817478 ], [ -70.833047439075798, -53.030018383976611 ], [ -70.83306540493102, -53.030030651335998 ], [ -70.833091364350437, -53.03004755368498 ], [ -70.833108373228427, -53.030059015482635 ], [ -70.833153902240625, -53.030090773579964 ], [ -70.83316916981191, -53.030101773300686 ], [ -70.833204177419219, -53.030127828610929 ], [ -70.833211865849279, -53.030133366555489 ], [ -70.833272984581242, -53.030175979280642 ], [ -70.833281489656812, -53.030182015839443 ], [ -70.833330416874006, -53.030217368989646 ], [ -70.833335256409882, -53.030220902327464 ], [ -70.833375236370998, -53.030250396813805 ], [ -70.833388529767035, -53.030260140111288 ], [ -70.833422004502125, -53.030286616288763 ], [ -70.833446547300056, -53.030307596536723 ], [ -70.833453194103825, -53.030313099548842 ], [ -70.833493240474226, -53.030345220581069 ], [ -70.833519472295407, -53.030367656431928 ], [ -70.833548533358012, -53.030394197840408 ], [ -70.833560293785951, -53.030405288539797 ], [ -70.833570250488648, -53.030414988324615 ], [ -70.833585062027083, -53.030428327829682 ], [ -70.833589436196306, -53.030431978018932 ], [ -70.83361240099363, -53.030452289745043 ], [ -70.833629170718936, -53.030468030662973 ], [ -70.833631714971901, -53.03047043545115 ], [ -70.833658643323929, -53.030496068127533 ], [ -70.83366672183638, -53.030503935800297 ], [ -70.833678446436906, -53.03051562177248 ], [ -70.833697855029683, -53.030536168312047 ], [ -70.833699648807496, -53.030538189082407 ], [ -70.833707277628491, -53.030546368020488 ], [ -70.833715753773163, -53.030555027029465 ], [ -70.833723567508315, -53.030562657202488 ], [ -70.83373326571359, -53.030571717948398 ], [ -70.833741447966759, -53.030579042329485 ], [ -70.833756070410928, -53.030591592113453 ], [ -70.833775512726817, -53.030608193830346 ], [ -70.833776366810753, -53.030608924636347 ], [ -70.833793875649391, -53.030623938657406 ], [ -70.833826701092988, -53.030649225741975 ], [ -70.833832585558227, -53.030653585010505 ], [ -70.83383262587671, -53.030653565148747 ], [ -70.833856376212537, -53.030671109887997 ], [ -70.833870565339183, -53.030680900815092 ], [ -70.833870033481205, -53.030681180984516 ], [ -70.833952193543468, -53.030749158141347 ], [ -70.833953285206903, -53.030750279072763 ], [ -70.833961712257604, -53.030758520576398 ], [ -70.833967272178285, -53.030763704431735 ], [ -70.834005517283771, -53.03080511911304 ], [ -70.83400615570055, -53.03080491803567 ], [ -70.834026520474936, -53.030828421996226 ], [ -70.834034457012152, -53.030836764562764 ], [ -70.834045811095365, -53.030849147325519 ], [ -70.834056974346254, -53.030861787915498 ], [ -70.834062962393432, -53.030868305580114 ], [ -70.834076152892351, -53.030882117221928 ], [ -70.834086166675959, -53.030892003988626 ], [ -70.834097924949205, -53.030902967091642 ], [ -70.834133251101548, -53.030939581149696 ], [ -70.834147591161027, -53.030956199916915 ], [ -70.834151863639292, -53.030960832085228 ], [ -70.834168687514975, -53.030977351043575 ], [ -70.834203724679412, -53.031008639518603 ], [ -70.834219765019284, -53.031023594493597 ], [ -70.834244738060164, -53.031047921367886 ], [ -70.834264350772997, -53.031068191082539 ], [ -70.834285281164156, -53.031091181359869 ], [ -70.834318692883684, -53.03113283089067 ], [ -70.834324776784655, -53.031141531253461 ], [ -70.834334473202617, -53.031154271763953 ], [ -70.834369347766724, -53.031196561057264 ], [ -70.834374381323201, -53.031202784511294 ], [ -70.834390964535885, -53.031223695669659 ], [ -70.834395514682612, -53.031229236007647 ], [ -70.83441496322007, -53.031252120195553 ], [ -70.834434898662394, -53.031277501306008 ], [ -70.834457460798077, -53.031308712700351 ], [ -70.834467422256353, -53.031321395707039 ], [ -70.834471639319574, -53.031326357956715 ], [ -70.834540487375634, -53.031447221174062 ], [ -70.834546448084396, -53.031466097161214 ], [ -70.834547288356717, -53.031468803062076 ], [ -70.834556410317717, -53.031498685278379 ], [ -70.834557106032506, -53.031500901800307 ], [ -70.8345609323069, -53.03151276572801 ], [ -70.834566325834544, -53.031531623492207 ], [ -70.834566423033877, -53.031532012546727 ], [ -70.834574487925423, -53.031587424928851 ], [ -70.834574965736522, -53.031598680510143 ], [ -70.834575797217212, -53.031618267309582 ], [ -70.8345764962949, -53.031634735135754 ], [ -70.834576904724827, -53.0316409696077 ], [ -70.834579226481225, -53.031667177149956 ], [ -70.834580043369556, -53.031679646722665 ], [ -70.834581086803837, -53.031704226268737 ], [ -70.834581918290482, -53.03172381306775 ], [ -70.834582711636443, -53.031742501389679 ], [ -70.834583981754662, -53.031772420674173 ], [ -70.834584460204582, -53.03178369116975 ], [ -70.834584683543056, -53.031798529046895 ], [ -70.834584451558641, -53.031817343771891 ], [ -70.834584563207088, -53.031824762216267 ], [ -70.834585356347333, -53.031843445596223 ], [ -70.834585447369051, -53.031864044298324 ], [ -70.834584409722538, -53.031894922885002 ], [ -70.834584889204535, -53.031906217639239 ], [ -70.834585829176831, -53.031925450869799 ], [ -70.83458646400706, -53.031933487621572 ], [ -70.83458749243286, -53.03194293001367 ], [ -70.834588850086007, -53.031960875991771 ], [ -70.834589460512177, -53.031975255217304 ], [ -70.834590494164274, -53.03199960394327 ], [ -70.834591443904984, -53.03202197601982 ], [ -70.834592435603454, -53.032045336420907 ], [ -70.834593526343667, -53.032071029807177 ], [ -70.834592492835583, -53.03210882474928 ], [ -70.834589444638084, -53.032140170668988 ], [ -70.834588830278179, -53.032150750998191 ], [ -70.834588571357045, -53.032164413234426 ], [ -70.834586382430587, -53.032194071208295 ], [ -70.834582030095731, -53.032227857710573 ], [ -70.83458141581211, -53.032233567171936 ], [ -70.834579942562073, -53.032250619007634 ], [ -70.834579468812024, -53.032259421063692 ], [ -70.834579290258375, -53.032267802658041 ], [ -70.83457352272768, -53.032318122327645 ], [ -70.834569742046099, -53.032336240538754 ], [ -70.83456920140766, -53.032338773454832 ], [ -70.834563492761077, -53.032364929383945 ], [ -70.834558887007006, -53.032383138541753 ], [ -70.834555927536229, -53.032393420056934 ], [ -70.834553809667412, -53.032401688527756 ], [ -70.834544410939159, -53.03244353756758 ], [ -70.83454399198655, -53.032445374617716 ], [ -70.83453700002606, -53.032475568984871 ], [ -70.834535884173548, -53.032480842854277 ], [ -70.83453453583482, -53.032487877443479 ], [ -70.83453152383774, -53.032513806471798 ], [ -70.834525162665983, -53.032548812524304 ], [ -70.834521509063634, -53.032563555659266 ], [ -70.834519198764085, -53.032574816849582 ], [ -70.834518018890392, -53.032582067851905 ], [ -70.834514196726943, -53.032601286257027 ], [ -70.834513206953432, -53.032605493507944 ], [ -70.834510233936641, -53.032623097847669 ], [ -70.834509409666708, -53.032631094892757 ], [ -70.834508768757786, -53.032640477715539 ], [ -70.834508296708151, -53.03265452336305 ], [ -70.834507815406283, -53.032672226191309 ], [ -70.834507888026693, -53.032681585239885 ], [ -70.834509397386398, -53.032717140396954 ], [ -70.83451022887111, -53.032736727193388 ], [ -70.834511022215239, -53.032755415512881 ], [ -70.834512132135643, -53.032781561190482 ], [ -70.834513284013639, -53.032808695192543 ], [ -70.834514435893496, -53.032835829194475 ], [ -70.834514868924515, -53.032846029782199 ], [ -70.834515057512064, -53.032863007428972 ], [ -70.834514871403641, -53.032872198567354 ], [ -70.834515591528941, -53.032889161990468 ], [ -70.8345165572415, -53.032898335360009 ], [ -70.83451780941698, -53.032915296598979 ], [ -70.834517824315213, -53.032915647544044 ], [ -70.834520438217297, -53.032937068267763 ], [ -70.834521885098823, -53.032944225792441 ], [ -70.834524199495746, -53.032958661533279 ], [ -70.834529543540839, -53.032983555035045 ], [ -70.834532712419403, -53.032992082422801 ], [ -70.834545565849893, -53.033021831548822 ], [ -70.834557082065785, -53.033052982087121 ], [ -70.834564735861647, -53.033077807318506 ], [ -70.834566284434104, -53.033081391107679 ], [ -70.834571058647214, -53.03309146988002 ], [ -70.834584794724961, -53.033118098395306 ], [ -70.834586474323359, -53.033121399384783 ], [ -70.83459945015106, -53.033147253034748 ], [ -70.834610814381179, -53.033172531330223 ], [ -70.834614170056724, -53.033180961252285 ], [ -70.834618371462483, -53.033190573523903 ], [ -70.834625831946752, -53.033206227851551 ], [ -70.834630590675232, -53.033215459940919 ], [ -70.834638674753464, -53.033230029095435 ], [ -70.834644031762238, -53.033240074059457 ], [ -70.834651384359091, -53.033254437373955 ], [ -70.834655482695865, -53.03326196935889 ], [ -70.834665368143348, -53.033279109738203 ], [ -70.834667962846652, -53.033283688115588 ], [ -70.834673075165412, -53.03329286988474 ], [ -70.834689512727607, -53.033317469235897 ], [ -70.834690441254367, -53.033318652015865 ], [ -70.834705185939853, -53.033338682090594 ], [ -70.834705713179275, -53.033339448231203 ], [ -70.834726461698395, -53.033364916454289 ], [ -70.83473348697342, -53.033372317417815 ], [ -70.834759603961686, -53.033402414988622 ], [ -70.834767764712069, -53.033412753209191 ], [ -70.834790250120946, -53.033444288487502 ], [ -70.83479647764922, -53.033454032492479 ], [ -70.834810693193788, -53.033476203570892 ], [ -70.834816020733783, -53.033484066950606 ], [ -70.834831879394855, -53.033506265359883 ], [ -70.834834272120403, -53.033509542486215 ], [ -70.83485229941823, -53.033533709111097 ], [ -70.834856636261591, -53.03353931529761 ], [ -70.834876543926129, -53.033564150940066 ], [ -70.834878268554064, -53.033566273994644 ], [ -70.834897715972133, -53.033589897602589 ], [ -70.834902831426149, -53.033595884575234 ], [ -70.834921491619241, -53.033616942616199 ], [ -70.834952954190058, -53.033651692410032 ], [ -70.834958515045088, -53.033657610022637 ], [ -70.834986443981492, -53.033686294305831 ], [ -70.83499329308458, -53.033693052983338 ], [ -70.835009257237516, -53.033708199361918 ], [ -70.835019119815939, -53.033717082510591 ], [ -70.835046058331457, -53.033740139709472 ], [ -70.835052836894704, -53.033746041134506 ], [ -70.83510908264158, -53.033795854394562 ], [ -70.835112293550822, -53.033798652274704 ], [ -70.835126381950047, -53.033810732012157 ], [ -70.835158261378922, -53.03384049440853 ], [ -70.835181477085314, -53.033864166717649 ], [ -70.835199294901471, -53.033880642772893 ], [ -70.835209298979194, -53.0338890630414 ], [ -70.835224627013304, -53.033902470796257 ], [ -70.835239450878476, -53.033915954299154 ], [ -70.835243334940657, -53.033919416805468 ], [ -70.835255005476355, -53.033929614697357 ], [ -70.835275283131011, -53.033948311590805 ], [ -70.835283835210149, -53.033956641968487 ], [ -70.835292970434537, -53.033965108814627 ], [ -70.835315701891645, -53.033985175497996 ], [ -70.83532556222319, -53.033993468959501 ], [ -70.835351221416374, -53.03401404733242 ], [ -70.835391770949386, -53.034046156467362 ], [ -70.835396813059916, -53.034050196007016 ], [ -70.83542357164913, -53.034071886712418 ], [ -70.835426141478322, -53.034073945107892 ], [ -70.835444543657871, -53.034088510315179 ], [ -70.835446835482813, -53.034090305439214 ], [ -70.835467783830225, -53.034106543614222 ], [ -70.835497715535553, -53.034129658535967 ], [ -70.835502909634329, -53.034133578397288 ], [ -70.835521839470331, -53.034147541346222 ], [ -70.83553427002461, -53.03415665040017 ], [ -70.835568484415958, -53.034179502035713 ], [ -70.835568054517324, -53.034179735955036 ], [ -70.835605350008464, -53.03420508698418 ], [ -70.835623148331933, -53.034218600588218 ], [ -70.835640496585839, -53.034230844284451 ], [ -70.835660210379643, -53.034243787887782 ], [ -70.835674576420146, -53.034252874513122 ], [ -70.835674401269827, -53.034252975124986 ], [ -70.835714653688512, -53.034279859235099 ], [ -70.835737879827278, -53.034296875945998 ], [ -70.835755258307202, -53.034310106962145 ], [ -70.835771711855429, -53.034323129016123 ], [ -70.83577564703198, -53.034326188384604 ], [ -70.835790579803728, -53.034337593657717 ], [ -70.835795332801084, -53.034341149001889 ], [ -70.83580005565797, -53.034344609240549 ], [ -70.835847790045861, -53.034383709114174 ], [ -70.835854621763531, -53.034389989528812 ], [ -70.835870486576994, -53.03440424122909 ], [ -70.835885087843295, -53.034417180558656 ], [ -70.835894219327642, -53.034424904789248 ], [ -70.835905690901768, -53.034434183069223 ], [ -70.835911964892603, -53.034439113603305 ], [ -70.835914712773061, -53.034441212304827 ], [ -70.835957502098012, -53.03447027669116 ], [ -70.835956973597561, -53.034470559424989 ], [ -70.835988002195748, -53.034491522100851 ], [ -70.836011899436841, -53.034509574550441 ], [ -70.836028666861438, -53.03452134840618 ], [ -70.836057184846069, -53.034542653440425 ], [ -70.836102251743682, -53.034578503459649 ], [ -70.836109553038625, -53.034584123708541 ], [ -70.836135408128825, -53.034603387603845 ], [ -70.836140290906243, -53.034607064911782 ], [ -70.836155210050592, -53.034618422160392 ], [ -70.836179546283645, -53.034635170177815 ], [ -70.836194587893701, -53.03464454066426 ], [ -70.836217648109184, -53.034659577495972 ], [ -70.836263140438476, -53.034690631925201 ], [ -70.83628041260944, -53.034702855846135 ], [ -70.836304594507695, -53.034720602655554 ], [ -70.836340478460457, -53.034746694056871 ], [ -70.836341421186106, -53.034747380860331 ], [ -70.836366456271961, -53.034765657697903 ], [ -70.836386466409252, -53.034779123369042 ], [ -70.836408632014837, -53.034792882651566 ], [ -70.83641649934377, -53.034797557315017 ], [ -70.836461723853432, -53.034826939138455 ], [ -70.836468144504011, -53.034831502897795 ], [ -70.836485757324141, -53.034843165906459 ], [ -70.836508947612614, -53.034857478724447 ], [ -70.836526659865029, -53.034868796119326 ], [ -70.836559237000358, -53.034890346997479 ], [ -70.836598221727058, -53.034916170523815 ], [ -70.836600686511275, -53.034917811282497 ], [ -70.836637194671496, -53.034942235079143 ], [ -70.836674721429944, -53.034967241640736 ], [ -70.836677414773575, -53.034969017054202 ], [ -70.836731959526531, -53.035004587215582 ], [ -70.836744584816898, -53.035012725113809 ], [ -70.836796007568225, -53.03504965780953 ], [ -70.836799688798692, -53.035052609942575 ], [ -70.836808284755108, -53.03505924102074 ], [ -70.836834705811313, -53.03507885421245 ], [ -70.836837145270636, -53.035080646130737 ], [ -70.836869516305256, -53.035104175984486 ], [ -70.83687279462201, -53.035106575659597 ], [ -70.836902613578573, -53.035128558163997 ], [ -70.836906821142094, -53.035131688450143 ], [ -70.836926291967444, -53.035146307771605 ], [ -70.836945003691937, -53.035159304135043 ], [ -70.83698566861365, -53.035185453476963 ], [ -70.8370155558829, -53.035205879155683 ], [ -70.837052334521644, -53.03523260511092 ], [ -70.837066998803294, -53.035243608535914 ], [ -70.837083031879075, -53.035256033454296 ], [ -70.837091370586705, -53.03526226345739 ], [ -70.837121932275451, -53.035284281904651 ], [ -70.83712587084419, -53.03528707289572 ], [ -70.837147059400152, -53.035301842132135 ], [ -70.837158342805623, -53.035309896066025 ], [ -70.837178006072818, -53.035324270255693 ], [ -70.837185252693189, -53.035329408576153 ], [ -70.837208803982648, -53.035345608754753 ], [ -70.837218138651963, -53.035352155477256 ], [ -70.837240189522674, -53.035367924622001 ], [ -70.837251125388633, -53.03537540204136 ], [ -70.837278071700922, -53.035393022604396 ], [ -70.837313002318169, -53.035415702647242 ], [ -70.837318326422803, -53.03541908745612 ], [ -70.837345135469278, -53.035435779592333 ], [ -70.837356156399849, -53.035442790781268 ], [ -70.837377279306793, -53.035456521042761 ], [ -70.837394074492906, -53.035467814718778 ], [ -70.83743671295295, -53.035497478341405 ], [ -70.837440426295018, -53.035500022682207 ], [ -70.837451456102968, -53.035507466355519 ], [ -70.837493661616534, -53.035538654809244 ], [ -70.837499568021585, -53.035543442145375 ], [ -70.837509308635532, -53.035550995819591 ], [ -70.837534761564882, -53.035569889730517 ], [ -70.837537943929689, -53.035572219933968 ], [ -70.837559249171179, -53.035587607919936 ], [ -70.837574075846632, -53.035598667752865 ], [ -70.837591892280543, -53.035612396473148 ], [ -70.837635723982828, -53.035649983660896 ], [ -70.837661504416431, -53.035674685301395 ], [ -70.83766381792438, -53.035676873838966 ], [ -70.837702696712796, -53.035713188311206 ], [ -70.837711407982269, -53.03572096367175 ], [ -70.83772416036615, -53.035731849025296 ], [ -70.837756767793451, -53.035762204378777 ], [ -70.837757085063856, -53.035762527544769 ], [ -70.837777880600896, -53.035781455706804 ], [ -70.837792493599935, -53.035793397741344 ], [ -70.837792321746917, -53.035793474210386 ], [ -70.837831663011826, -53.035828060683116 ], [ -70.837842518661589, -53.035838728183549 ], [ -70.83789249585638, -53.035878389659032 ], [ -70.837924849542091, -53.035906186013086 ], [ -70.837930020943332, -53.035911006624822 ], [ -70.837975998609224, -53.035960447695786 ], [ -70.837987534040948, -53.035973766539684 ], [ -70.838006034265177, -53.035993489578082 ], [ -70.838008634483288, -53.035996284772516 ], [ -70.838023553652121, -53.036012458263173 ], [ -70.838026834181193, -53.036015941156649 ], [ -70.838038326253198, -53.036027892827875 ], [ -70.838051753032587, -53.036040823436473 ], [ -70.838083700106509, -53.036069385383264 ], [ -70.838095919195027, -53.036080671112728 ], [ -70.838104000371487, -53.036088385337614 ], [ -70.838114883143817, -53.036098193607195 ], [ -70.838130499493573, -53.036111498090115 ], [ -70.838133170179489, -53.036113744032534 ], [ -70.838143915689784, -53.036122663986824 ], [ -70.838187004534419, -53.036162753587412 ], [ -70.83819102927076, -53.036166973984514 ], [ -70.838205827098491, -53.036181228295405 ], [ -70.83821938215695, -53.036193259185836 ], [ -70.8382286399967, -53.036201108774677 ], [ -70.83825085605838, -53.036219114933431 ], [ -70.838280056900842, -53.036244567874732 ], [ -70.838305893669173, -53.036268833989013 ], [ -70.838316382004393, -53.036278161583752 ], [ -70.83833622900967, -53.036294892521823 ], [ -70.838346436195238, -53.036303718645897 ], [ -70.838368616201265, -53.03632339553409 ], [ -70.838396073677671, -53.036347312102571 ], [ -70.838425497052441, -53.036372434758491 ], [ -70.83842849465411, -53.036374952642632 ], [ -70.838443206396349, -53.036387124042044 ], [ -70.838494183952633, -53.036435506382006 ], [ -70.838511481381374, -53.036454500365146 ], [ -70.838516982032644, -53.036460332434871 ], [ -70.838546484361189, -53.036490553069697 ], [ -70.838550201541736, -53.036494277700015 ], [ -70.838556050824181, -53.036500012673443 ], [ -70.838583840730834, -53.036529731482631 ], [ -70.838589310817966, -53.036536138254668 ], [ -70.838591730537246, -53.036538924269607 ], [ -70.838604404421559, -53.036553271246618 ], [ -70.838616461487334, -53.036565913061303 ], [ -70.838620798636597, -53.036570136975328 ], [ -70.838650272318006, -53.036601601704859 ], [ -70.83867187204703, -53.036626994056704 ], [ -70.838686096706581, -53.036643716294279 ], [ -70.838697557798483, -53.036656196942474 ], [ -70.838713589926044, -53.03667241742356 ], [ -70.838744395581188, -53.036703339358816 ], [ -70.838751947435085, -53.036711094360768 ], [ -70.838768148530988, -53.036728119402952 ], [ -70.838770476729337, -53.036730531289827 ], [ -70.838799966964942, -53.036760648387656 ], [ -70.838803473588982, -53.036764268018381 ], [ -70.838815915899673, -53.036777249906734 ], [ -70.838829542593459, -53.036792108620254 ], [ -70.838840529475846, -53.03680464243967 ], [ -70.838844348686507, -53.0368088881999 ], [ -70.838859555354858, -53.036825368218778 ], [ -70.838868110617994, -53.036834163920126 ], [ -70.8388859875419, -53.036851622635879 ], [ -70.838896449088011, -53.03686181091026 ], [ -70.838921095441563, -53.03688769671583 ], [ -70.838950514464187, -53.036921119033252 ], [ -70.838970423057944, -53.036943503586528 ], [ -70.838974844974345, -53.036948329629723 ], [ -70.838992215210951, -53.036966746387186 ], [ -70.838998396274661, -53.036973057993862 ], [ -70.839018634188761, -53.036992973827829 ], [ -70.839042048630319, -53.037015785694436 ], [ -70.83904246864634, -53.037016195466485 ], [ -70.839059092616694, -53.037032430394923 ], [ -70.839070217143131, -53.037043656891782 ], [ -70.839084531281543, -53.037058591615626 ], [ -70.839087546557678, -53.037061680386323 ], [ -70.839104272679407, -53.0370785062129 ], [ -70.839109770550891, -53.037084128996312 ], [ -70.839120888339977, -53.037095690674363 ], [ -70.839131195221938, -53.037105785390047 ], [ -70.839166735152489, -53.037138620487696 ], [ -70.8391702723234, -53.03714182795337 ], [ -70.839176498093593, -53.037147369978889 ], [ -70.839204189544475, -53.037173977784043 ], [ -70.839209170391001, -53.037179157407977 ], [ -70.839212116220622, -53.037182166603465 ], [ -70.839226760890313, -53.037196864239789 ], [ -70.839233302822905, -53.037203189583302 ], [ -70.839250678679377, -53.037219385615302 ], [ -70.839254621836758, -53.037222984725894 ], [ -70.83927252785206, -53.037238992382683 ], [ -70.839277939049651, -53.03724389904481 ], [ -70.83928798886987, -53.037253142621857 ], [ -70.839303932948397, -53.037268471974336 ], [ -70.839328658764131, -53.037293343401188 ], [ -70.839332033308608, -53.037296671874195 ], [ -70.839371864849809, -53.037335204443139 ], [ -70.839394942784196, -53.037359142490821 ], [ -70.839402141901687, -53.037367169301113 ], [ -70.839407753409859, -53.037373252253147 ], [ -70.839425236922921, -53.037393508482289 ], [ -70.839452579153914, -53.037423597508656 ], [ -70.839452469274661, -53.037423633732338 ], [ -70.839459085315212, -53.037430612077337 ], [ -70.839473000303798, -53.037446409378802 ], [ -70.839481195669791, -53.03745516115503 ], [ -70.83948480278066, -53.037458927647421 ], [ -70.839497945896795, -53.037472349686894 ], [ -70.839500454505611, -53.037474873579804 ], [ -70.839513677811368, -53.037487982221705 ], [ -70.839534151818683, -53.037509606227978 ], [ -70.839545805116487, -53.037522746793634 ], [ -70.839548290534324, -53.037525573669662 ], [ -70.839572188233447, -53.037552988995031 ], [ -70.839599144404403, -53.037580742614146 ], [ -70.839607559739648, -53.037589989690709 ], [ -70.839654749040264, -53.037633292613016 ], [ -70.839679539592595, -53.037652486178338 ], [ -70.839692535917692, -53.037663130467514 ], [ -70.839696090952998, -53.037665890266581 ], [ -70.839766027832098, -53.037731128539129 ], [ -70.839776823820358, -53.037743412679355 ], [ -70.839802893826231, -53.037772778500461 ], [ -70.839807779711833, -53.037778376375599 ], [ -70.839828339781633, -53.037802340436592 ], [ -70.839838288875143, -53.037813191886364 ], [ -70.839858277090826, -53.037833638924702 ], [ -70.839868206036613, -53.037844114964294 ], [ -70.839898052693457, -53.037876610871685 ], [ -70.839916478212643, -53.037898007035672 ], [ -70.839923141001577, -53.037906279286169 ], [ -70.839941280462469, -53.037928460170924 ], [ -70.839943251200367, -53.037930888264597 ], [ -70.839945794140789, -53.037934045458165 ], [ -70.839968225246295, -53.037964765164283 ], [ -70.839973159949096, -53.03797227189223 ], [ -70.839985674950668, -53.037990800308378 ], [ -70.840000931558123, -53.038012877351775 ], [ -70.840002422333313, -53.038015050433323 ], [ -70.840014786621566, -53.038033209055158 ], [ -70.840030621008722, -53.038056460594994 ], [ -70.840035771125642, -53.038063662710634 ], [ -70.84004125651451, -53.038070979394107 ], [ -70.840050821838318, -53.038084308294835 ], [ -70.840061983912477, -53.038100578685373 ], [ -70.840076115588758, -53.038120865104425 ], [ -70.840087074627533, -53.038137519658058 ], [ -70.840098940568922, -53.038156657242361 ], [ -70.840115498233217, -53.038181079760903 ], [ -70.84014188527361, -53.038226927393914 ], [ -70.840148351024581, -53.038240485858417 ], [ -70.840157670010399, -53.038258591879988 ], [ -70.84016268055602, -53.038267643099744 ], [ -70.840178051824111, -53.038293563469139 ], [ -70.840193054247251, -53.038315218534109 ], [ -70.840194022117331, -53.038316432849676 ], [ -70.840222654814909, -53.038357444258061 ], [ -70.840233392488599, -53.038375240979889 ], [ -70.840238860252896, -53.03838376006734 ], [ -70.840247947467404, -53.038397105790914 ], [ -70.840261883715428, -53.038417071998289 ], [ -70.84026664625145, -53.038423584404825 ], [ -70.840282497712977, -53.038444341010852 ], [ -70.840285208662365, -53.03844793236339 ], [ -70.840295407213375, -53.038461601452077 ], [ -70.840296643361185, -53.038463213317748 ], [ -70.840337116617349, -53.038533475971491 ], [ -70.840338263219422, -53.038533269154627 ], [ -70.840356030578704, -53.038569051580858 ], [ -70.840357526959309, -53.038571551471406 ], [ -70.840370707660583, -53.038595688344515 ], [ -70.84038490020599, -53.038624385890017 ], [ -70.84038746370166, -53.038629358058976 ], [ -70.840397314621526, -53.038647712243574 ], [ -70.840402634412328, -53.038658047028228 ], [ -70.840423313547333, -53.038699999622175 ], [ -70.840432739241777, -53.038719054283035 ], [ -70.840434640936806, -53.038722780428756 ], [ -70.840446119568753, -53.03874459428652 ], [ -70.840465001498032, -53.038787834906024 ], [ -70.840467348958057, -53.03879455280515 ], [ -70.840471243500758, -53.038804900922749 ], [ -70.840483441119389, -53.038831840549427 ], [ -70.840488041360373, -53.038841673908877 ], [ -70.840488126212065, -53.038841659379457 ], [ -70.840503542459743, -53.038874263471634 ], [ -70.84050347893178, -53.038874274344522 ], [ -70.840516663274883, -53.038902645293128 ], [ -70.840524919158966, -53.038923818177523 ], [ -70.840540653202325, -53.038956709812481 ], [ -70.840547067502598, -53.03897125029151 ], [ -70.840570542364517, -53.039015894188672 ], [ -70.840570492947847, -53.039015903674411 ], [ -70.840574218992515, -53.039022327009498 ], [ -70.840578339682153, -53.039030415958635 ], [ -70.840586732853822, -53.039046221272166 ], [ -70.840591167929091, -53.039054070789035 ], [ -70.84060942299827, -53.039084526669114 ], [ -70.840611567654946, -53.039088153391155 ], [ -70.840619148224974, -53.039101147674643 ], [ -70.840631144486224, -53.039123573768322 ], [ -70.840634981101161, -53.039131447110925 ], [ -70.840644560047977, -53.039148534475906 ], [ -70.840658182282127, -53.039169956948463 ], [ -70.840670256009034, -53.039188524939121 ], [ -70.840695607250481, -53.039234735790771 ], [ -70.84070378842695, -53.0392528946238 ], [ -70.840711720404101, -53.039272174941381 ], [ -70.840719630722361, -53.039293400991056 ], [ -70.840720877204149, -53.03929663388692 ], [ -70.840727053669383, -53.039312132934619 ], [ -70.840739131735447, -53.03934214451349 ], [ -70.840742883049387, -53.039351942992745 ], [ -70.840753322979722, -53.039380676100897 ], [ -70.840762368946812, -53.039410287323683 ], [ -70.840769797187448, -53.039440198699367 ], [ -70.840770222937564, -53.039441935936445 ], [ -70.840772869317831, -53.039452884339433 ], [ -70.840779460039968, -53.039492203550004 ], [ -70.840782907421712, -53.039528806428727 ], [ -70.840783290824291, -53.039532374997854 ], [ -70.840786647029788, -53.039560182473636 ], [ -70.840788366483764, -53.039581251615814 ], [ -70.840788912435713, -53.039594065184204 ], [ -70.840789850046932, -53.039616071026664 ], [ -70.840779124883099, -53.039704414924707 ], [ -70.84077886151654, -53.039705330113875 ], [ -70.840772940889721, -53.039732349118012 ], [ -70.840771470640192, -53.039732232070286 ], [ -70.840757877905929, -53.039781363026961 ], [ -70.840750120610025, -53.039800502280201 ], [ -70.840744257054126, -53.039817542663307 ], [ -70.840742555672946, -53.03982280155676 ], [ -70.840737789447374, -53.039838530570776 ], [ -70.840735752786443, -53.039846220331455 ], [ -70.840734500618908, -53.039868215922532 ], [ -70.840735529420783, -53.039871849933746 ], [ -70.840747609003046, -53.039890360734866 ], [ -70.840784456882574, -53.039965477839296 ], [ -70.84079910378135, -53.040043310305172 ], [ -70.840799354312736, -53.040049190179552 ], [ -70.840800598491441, -53.040078390539669 ], [ -70.840801957519858, -53.040110286317471 ], [ -70.840802764979216, -53.040129236991596 ], [ -70.840805172580247, -53.040149441368555 ], [ -70.840824917827788, -53.040206691644222 ], [ -70.840819248377272, -53.040207401912213 ], [ -70.840840355149396, -53.040286770769711 ], [ -70.840840517517691, -53.040290581371558 ], [ -70.840841663238933, -53.040317470139605 ], [ -70.840844107007186, -53.040338018477335 ], [ -70.840847810409244, -53.040356936642148 ], [ -70.840853405385232, -53.040385449570159 ], [ -70.840853527983185, -53.040386082772102 ], [ -70.840873950785848, -53.040435277806061 ], [ -70.840892460076489, -53.040499112354254 ], [ -70.840893928364466, -53.040507857489288 ], [ -70.840897615729801, -53.040560505677099 ], [ -70.840897051907533, -53.040581129158568 ], [ -70.84089914075264, -53.040630149907336 ], [ -70.840900385024966, -53.040659350262956 ], [ -70.840901371952697, -53.040682511266134 ], [ -70.840903241174232, -53.040699937051635 ], [ -70.840904695228318, -53.040708379421709 ], [ -70.84090843498663, -53.040743244188299 ], [ -70.840908721217644, -53.040749961348119 ], [ -70.840912388393235, -53.040780794661323 ], [ -70.840912272851355, -53.040780799686445 ], [ -70.840915759680371, -53.040810117090324 ], [ -70.840916580621666, -53.040829382495893 ], [ -70.840918276689422, -53.040869184824999 ], [ -70.840918846519315, -53.040882557239499 ], [ -70.840919037048522, -53.040899564241847 ], [ -70.840917522629056, -53.040974553977158 ], [ -70.840918734370874, -53.040984944505638 ], [ -70.84091882695833, -53.040987117281489 ], [ -70.840920856546447, -53.041008424904362 ], [ -70.840919749687885, -53.041008463165809 ], [ -70.840921175709028, -53.041061594447434 ], [ -70.840918765733761, -53.04108719882467 ], [ -70.840919587890681, -53.041106492531171 ], [ -70.840918598748729, -53.041135789581716 ], [ -70.840918728893541, -53.041135791163448 ], [ -70.840917682262031, -53.041166791663208 ], [ -70.840919734113555, -53.041214942685272 ], [ -70.840920982254858, -53.041244232884914 ], [ -70.840922452460887, -53.041278734224136 ], [ -70.840923811638433, -53.041310629993255 ], [ -70.84092411431422, -53.041317732866567 ], [ -70.840937750613747, -53.041383471261064 ], [ -70.840943689844551, -53.041407067170773 ], [ -70.840955623958024, -53.041444240205998 ], [ -70.840956661180201, -53.041447352806571 ], [ -70.840965511965507, -53.041472975181158 ], [ -70.840966869814281, -53.041476743631229 ], [ -70.840967934215072, -53.041479580337473 ], [ -70.840991195967206, -53.041521668526698 ], [ -70.840993689012066, -53.041525027141752 ], [ -70.84101197620474, -53.041551972600352 ], [ -70.84103289837806, -53.041585897075869 ], [ -70.841081058063196, -53.04164619922787 ], [ -70.841099891541958, -53.041675550655413 ], [ -70.841105747133426, -53.041684989555954 ], [ -70.841121541782059, -53.041711347026073 ], [ -70.841140644148993, -53.041742977550051 ], [ -70.841141277664093, -53.04174403052729 ], [ -70.841150371040328, -53.041759205144103 ], [ -70.841167430450085, -53.041791418597761 ], [ -70.841169405431032, -53.041795697420802 ], [ -70.84118152443672, -53.041817544806278 ], [ -70.841189641386677, -53.04183001117881 ], [ -70.841196835979659, -53.04184152155932 ], [ -70.841210477164665, -53.041864285528483 ], [ -70.841214309781378, -53.04187040106148 ], [ -70.841223382388293, -53.041884264618126 ], [ -70.841234321382771, -53.041902511710127 ], [ -70.841264927056486, -53.041945794018702 ], [ -70.841280597130066, -53.041965447720479 ], [ -70.841281690053307, -53.041966971886893 ], [ -70.841294645595752, -53.041983216193209 ], [ -70.841301329076259, -53.041990800981516 ], [ -70.841327250594702, -53.04202330246347 ], [ -70.841328219816148, -53.042024654215986 ], [ -70.841341387460602, -53.042041138610294 ], [ -70.841341587615517, -53.042041365222467 ], [ -70.841356296052382, -53.042058013124645 ], [ -70.841409011171507, -53.042133590844976 ], [ -70.841411722894392, -53.042138753365982 ], [ -70.841421648679145, -53.042153850521046 ], [ -70.841426159740109, -53.042161378492857 ], [ -70.841435573382398, -53.042174826509829 ], [ -70.84146905194568, -53.042241205047929 ], [ -70.841487773725689, -53.042272689917318 ], [ -70.841495357698221, -53.042282906070639 ], [ -70.841523049532796, -53.042326035817069 ], [ -70.841532766611792, -53.042343842829681 ], [ -70.841536058099038, -53.042349874127758 ], [ -70.841555017260418, -53.042391145409184 ], [ -70.841557047039529, -53.042396554131322 ], [ -70.841559397028433, -53.042402797531921 ], [ -70.841561796361191, -53.042407227473632 ], [ -70.841598356395977, -53.042535130363923 ], [ -70.841599191397592, -53.042554717229727 ], [ -70.841608231286429, -53.042598407833296 ], [ -70.841617091476039, -53.042622017276777 ], [ -70.841623791312088, -53.042637337348715 ], [ -70.841632884647609, -53.042655504736949 ], [ -70.841636287854129, -53.042661951198653 ], [ -70.841649915316751, -53.042686481003933 ], [ -70.841656888902591, -53.042699708307104 ], [ -70.841661352199552, -53.042708650429631 ], [ -70.841679098743754, -53.042751857994283 ], [ -70.841687902808076, -53.042778992006681 ], [ -70.841688758673811, -53.042781550708192 ], [ -70.841694195571321, -53.042797331324714 ], [ -70.841704706734077, -53.042821173766377 ], [ -70.841707614622621, -53.042826558278811 ], [ -70.841716946229127, -53.04284520054307 ], [ -70.841720356661426, -53.042852589110502 ], [ -70.841745399243507, -53.042895225067184 ], [ -70.841755041247467, -53.042912780946565 ], [ -70.841780847648877, -53.042963225493565 ], [ -70.841793478082181, -53.042991059232449 ], [ -70.841803086834886, -53.043015262319848 ], [ -70.841804985842103, -53.043019376341526 ], [ -70.841837026850214, -53.043070342970864 ], [ -70.841840444388311, -53.04307588897111 ], [ -70.841860123539462, -53.043108480449128 ], [ -70.841864505431758, -53.043114640139997 ], [ -70.841877890062037, -53.043131484427434 ], [ -70.841891464508137, -53.043146888438628 ], [ -70.841906264592311, -53.043162193989183 ], [ -70.841921454757738, -53.043176568178978 ], [ -70.841930936166449, -53.043185103066548 ], [ -70.841950714330892, -53.043202055650397 ], [ -70.841956262765038, -53.043206685133697 ], [ -70.841971411987231, -53.043218992821323 ], [ -70.842014609336914, -53.043258228147437 ], [ -70.842033228913408, -53.043277231178266 ], [ -70.842039299209858, -53.043283211421674 ], [ -70.842040795615546, -53.043284635109913 ], [ -70.842085097250589, -53.043333167349999 ], [ -70.842133986860219, -53.043395545944918 ], [ -70.842155851034732, -53.043423283553835 ], [ -70.842167942102932, -53.043436966864107 ], [ -70.842174285227316, -53.043443851649627 ], [ -70.842189751981465, -53.043459967145978 ], [ -70.842234069246047, -53.043515251965964 ], [ -70.842234504617366, -53.04351514155988 ], [ -70.842244259190736, -53.043529116479128 ], [ -70.842261796867078, -53.043552740974228 ], [ -70.842266896362588, -53.043559322614279 ], [ -70.842280159550853, -53.043575743390825 ], [ -70.842296325073207, -53.043593644470988 ], [ -70.842320801636262, -53.043618042554172 ], [ -70.842327765227083, -53.043625129629781 ], [ -70.842350720298256, -53.043648988101715 ], [ -70.842355167644939, -53.043653531500887 ], [ -70.84237277867453, -53.043667799354068 ], [ -70.842398189794437, -53.043693019524156 ], [ -70.842398587103574, -53.043692856122874 ], [ -70.842454370551323, -53.043742124168304 ], [ -70.842489600695799, -53.043776455899511 ], [ -70.84252706829362, -53.043816925307247 ], [ -70.842574585225066, -53.043863651412174 ], [ -70.842597915514901, -53.043890214704774 ], [ -70.8426143760678, -53.043907185404464 ], [ -70.842641968483846, -53.043934195751227 ], [ -70.842657612612996, -53.043947561077196 ], [ -70.842666313505021, -53.043954462261844 ], [ -70.842716559335727, -53.043999777114522 ], [ -70.842732926708223, -53.04401667363048 ], [ -70.842734941761819, -53.044018573960066 ], [ -70.842771602328895, -53.044047270044501 ], [ -70.842799317186532, -53.044070452937092 ], [ -70.842863318603847, -53.044127744561635 ], [ -70.842895447149928, -53.04415922618881 ], [ -70.842907220942635, -53.044171903253257 ], [ -70.842936041733168, -53.04419530390318 ], [ -70.842977032579682, -53.044234363415725 ], [ -70.842977510127042, -53.044234181956625 ], [ -70.843021189349486, -53.044275920634924 ], [ -70.843034443793343, -53.044286739840551 ], [ -70.84306349573275, -53.044312246893575 ], [ -70.843084711814129, -53.044332322117995 ], [ -70.843110900735653, -53.044354102849603 ], [ -70.843127208269863, -53.044366083343562 ], [ -70.843130015412967, -53.044368121085576 ], [ -70.843149848905753, -53.04438234656152 ], [ -70.84317883626791, -53.04440451555049 ], [ -70.843194884881754, -53.044417615338048 ], [ -70.843198996779307, -53.044420908091148 ], [ -70.843229789614512, -53.044445101562033 ], [ -70.843237363587221, -53.044450855162545 ], [ -70.843248448523951, -53.044458998726128 ], [ -70.843280790054123, -53.044484572431287 ], [ -70.843290725391796, -53.04449304083888 ], [ -70.843295209655537, -53.044496780856313 ], [ -70.843300197375171, -53.044500852108015 ], [ -70.843319872804287, -53.044518942928207 ], [ -70.843320001786353, -53.044518889053073 ], [ -70.843377251384297, -53.044568679502305 ], [ -70.843437839710788, -53.04461660718799 ], [ -70.843457281409059, -53.044630092552367 ], [ -70.843474129886133, -53.044642470362909 ], [ -70.843477432260215, -53.044644862474115 ], [ -70.843499204499253, -53.044660413002276 ], [ -70.843526860404126, -53.044678123674323 ], [ -70.843535776910684, -53.044683246879977 ], [ -70.843568983635208, -53.044703578225281 ], [ -70.843583092622566, -53.044712783609135 ], [ -70.843591780704145, -53.044718381281704 ], [ -70.843612184393322, -53.044733158949555 ], [ -70.843612462142801, -53.044733011423006 ], [ -70.843646630729339, -53.044756366136788 ], [ -70.843716627867067, -53.044812506167176 ], [ -70.843720550374201, -53.044816225208187 ], [ -70.843768019035394, -53.044851023339305 ], [ -70.8437779887348, -53.044858897971167 ], [ -70.843787315235957, -53.044865393967811 ], [ -70.843793884260279, -53.044870087561669 ], [ -70.843795737496038, -53.044871259981903 ], [ -70.843834470537871, -53.044898237688493 ], [ -70.843865279099901, -53.044914021439894 ], [ -70.843891889021691, -53.04492619822706 ], [ -70.843896022854523, -53.044928062811373 ], [ -70.8438971157818, -53.044928548624014 ], [ -70.84395288199967, -53.044955940018369 ], [ -70.843979796438589, -53.044970517153473 ], [ -70.844003991713421, -53.04498279851375 ], [ -70.844018706847464, -53.04498989252474 ], [ -70.844023469667519, -53.04499207191482 ], [ -70.844086071920714, -53.045024144057606 ], [ -70.844092481490861, -53.045027813015814 ], [ -70.844128571088746, -53.045048471360488 ], [ -70.84416481364336, -53.045069217229113 ], [ -70.844201056232777, -53.045089963086312 ], [ -70.844241733610843, -53.045113247452548 ], [ -70.844281903788087, -53.045136241450344 ], [ -70.84428291725682, -53.04513682271368 ], [ -70.844308054010924, -53.045151265420422 ], [ -70.844337308890957, -53.04516903778125 ], [ -70.844359446330429, -53.045183257359291 ], [ -70.844388723750683, -53.045202063192946 ], [ -70.84440328430415, -53.045210910752971 ], [ -70.844430810058398, -53.045226733671647 ], [ -70.84445386549551, -53.04523988061662 ], [ -70.844517863500087, -53.045281277838797 ], [ -70.844521696522591, -53.045284093512606 ], [ -70.844553150095152, -53.04530447811949 ], [ -70.844565497169967, -53.045311545676128 ], [ -70.844596835874384, -53.045330587951028 ], [ -70.844601655151308, -53.045333696525397 ], [ -70.844653354422491, -53.045363059927112 ], [ -70.84465250052726, -53.045363605956972 ], [ -70.844684964258676, -53.045381927151524 ], [ -70.844687690179555, -53.04538366313227 ], [ -70.844702240165915, -53.04539243152265 ], [ -70.844721136346024, -53.045403207271519 ], [ -70.844766584853787, -53.045426485067374 ], [ -70.844766457138292, -53.045426575606285 ], [ -70.844811762221269, -53.045449868376537 ], [ -70.844856355543257, -53.045475489959969 ], [ -70.844893131430112, -53.04549645632892 ], [ -70.84489421362828, -53.045497074551434 ], [ -70.844929885444458, -53.045517493063123 ], [ -70.844949349638995, -53.045528634335696 ], [ -70.845002486514815, -53.045555476335828 ], [ -70.845001721699305, -53.04555602620087 ], [ -70.845040171159553, -53.045575448941229 ], [ -70.845047258812684, -53.04557950588498 ], [ -70.845083502253516, -53.04560025146408 ], [ -70.845105935278653, -53.045613092008942 ], [ -70.845141216061847, -53.045634696457547 ], [ -70.845155430998034, -53.045644009520231 ], [ -70.845172168121366, -53.045654929639177 ], [ -70.845221791919542, -53.045683555757037 ], [ -70.845221244356665, -53.045683900412762 ], [ -70.845263107282832, -53.045708100349735 ], [ -70.845287895723644, -53.045724340722572 ], [ -70.845305532298326, -53.045735140598275 ], [ -70.845337136339992, -53.045753230410249 ], [ -70.845373395711789, -53.045775477003858 ], [ -70.845442344483374, -53.045820825090892 ], [ -70.845453777566433, -53.045827370806073 ], [ -70.845459093878233, -53.045830799972428 ], [ -70.84548863718247, -53.045849776821463 ], [ -70.845501908406391, -53.045857823588996 ], [ -70.845547705273361, -53.045888255479532 ], [ -70.845578104646791, -53.045910411962225 ], [ -70.845581123777549, -53.045912381535189 ], [ -70.845609876395969, -53.045932281287243 ], [ -70.845620223783087, -53.045939882344534 ], [ -70.845644038316038, -53.045956266323813 ], [ -70.845643146298684, -53.045956737161148 ], [ -70.845694045380085, -53.045994492000908 ], [ -70.845709606708326, -53.046007827649198 ], [ -70.845729630643532, -53.046023476293065 ], [ -70.845744676865806, -53.046034221902502 ], [ -70.845765768264073, -53.046049992610129 ], [ -70.845782110094419, -53.046062791891423 ], [ -70.845803189868278, -53.046077881461436 ], [ -70.845821540152485, -53.046089903522798 ], [ -70.845858033894459, -53.046113373197841 ], [ -70.845862719339365, -53.046116414481084 ], [ -70.845877700025341, -53.046126228940459 ], [ -70.845905393930991, -53.04614543623083 ], [ -70.845908022660439, -53.046147367261199 ], [ -70.845927108088972, -53.046161994265972 ], [ -70.846000929071479, -53.046221046474642 ], [ -70.845998889252641, -53.046221972525061 ], [ -70.846039507475126, -53.046253350587691 ], [ -70.846042857043372, -53.046256519497675 ], [ -70.846052337616996, -53.046265051827859 ], [ -70.846070256303349, -53.046280407540884 ], [ -70.846079294820001, -53.046288332039708 ], [ -70.846083882251179, -53.046292447690078 ], [ -70.846102958538964, -53.046306030634852 ], [ -70.846169125025625, -53.046361105504012 ], [ -70.84617959441664, -53.046371374663075 ], [ -70.846202315332846, -53.046390863527165 ], [ -70.846220336368305, -53.046406223832768 ], [ -70.846242017268722, -53.046422961151734 ], [ -70.846265808370333, -53.046439636669447 ], [ -70.846276881281355, -53.046447581448767 ], [ -70.846286372367203, -53.046454553180119 ], [ -70.846318717198926, -53.046480126021962 ], [ -70.846321668885011, -53.046482641546788 ], [ -70.846341135196184, -53.046497813160947 ], [ -70.846366839705595, -53.046516170055554 ], [ -70.846367830193003, -53.046516878875863 ], [ -70.846372026809561, -53.04651988843893 ], [ -70.846377420655259, -53.046523801406892 ], [ -70.846488241569972, -53.0466051275721 ], [ -70.846502036890016, -53.046616304999034 ], [ -70.846502122571394, -53.046616264199834 ], [ -70.846557357550608, -53.046658396607334 ], [ -70.846582069618677, -53.046675530582384 ], [ -70.846599249475275, -53.046688196896746 ], [ -70.846614641677832, -53.046699504336324 ], [ -70.846646963626782, -53.046725059913975 ], [ -70.846651602398026, -53.046729013093795 ], [ -70.846667340780812, -53.046741479710654 ], [ -70.846674533220011, -53.04674678247472 ], [ -70.846706019587387, -53.046771723103468 ], [ -70.846709583834723, -53.046774760634811 ], [ -70.846728558856498, -53.04678958036876 ], [ -70.846739778594426, -53.046797626218378 ], [ -70.846744566133481, -53.04680105967271 ], [ -70.846764659460717, -53.046816115393142 ], [ -70.846787914439076, -53.046834328352702 ], [ -70.846795157257546, -53.046839821198816 ], [ -70.846816651989599, -53.046855610004883 ], [ -70.846830496613137, -53.046865211556693 ], [ -70.846841422398825, -53.046872369189771 ], [ -70.846869975980596, -53.046892208259052 ], [ -70.846903811199283, -53.04691715371932 ], [ -70.846952433361508, -53.046948660271092 ], [ -70.846952198640537, -53.046948791853062 ], [ -70.846975024004323, -53.046963115978954 ], [ -70.847000322908798, -53.046980595796192 ], [ -70.847003079769038, -53.046982373859947 ], [ -70.847040304395534, -53.047008849000534 ], [ -70.847105785930864, -53.047052604965586 ], [ -70.847105321257459, -53.047052857537032 ], [ -70.847108826537848, -53.047055097602581 ], [ -70.847109142183442, -53.047054918641471 ], [ -70.847152152980541, -53.047082463050359 ], [ -70.847154966839682, -53.04708407353872 ], [ -70.847190249852474, -53.047105677354764 ], [ -70.847196203364575, -53.047109577458258 ], [ -70.847218616000418, -53.047123271769827 ], [ -70.847246543575523, -53.047141299416559 ], [ -70.847299702869009, -53.04717756001282 ], [ -70.84732601840372, -53.047193639231494 ], [ -70.847339070187985, -53.047202153483006 ], [ -70.847343455724726, -53.047204965520315 ], [ -70.847380417975842, -53.047228261761212 ], [ -70.847393142463247, -53.047235904232473 ], [ -70.847402856224051, -53.047241463762262 ], [ -70.847449564783204, -53.047270726371842 ], [ -70.847455321877064, -53.047274675815437 ], [ -70.847504912187219, -53.047304179543161 ], [ -70.847551107660223, -53.047334293136991 ], [ -70.847582500393358, -53.04735672974725 ], [ -70.847589766892938, -53.047362004424365 ], [ -70.847617638333588, -53.047382552397472 ], [ -70.84763303105143, -53.047393859699454 ], [ -70.847658649856399, -53.047414114498558 ], [ -70.847695748202511, -53.047441385903007 ], [ -70.847717206538988, -53.047455050084103 ], [ -70.847719385287874, -53.047456443412145 ], [ -70.847724642128014, -53.047459819548834 ], [ -70.847780713148097, -53.047500359291497 ], [ -70.847786077743621, -53.047504736928289 ], [ -70.847796928512764, -53.047513826562671 ], [ -70.847831852261749, -53.047543863879305 ], [ -70.847850301176877, -53.047558281727383 ], [ -70.847898902181058, -53.047601179202694 ], [ -70.847903830952205, -53.047606120486627 ], [ -70.847925527457718, -53.047621034317046 ], [ -70.847936495724213, -53.047627338337968 ], [ -70.847959945105117, -53.047640713778542 ], [ -70.848024683552666, -53.047682668725933 ], [ -70.848034868023049, -53.047690176627427 ], [ -70.848049666652585, -53.047700436256356 ], [ -70.848058456801752, -53.047706170298163 ], [ -70.848088070715193, -53.04772670151695 ], [ -70.848103625391204, -53.047738168793458 ], [ -70.848107755230814, -53.047741160183868 ], [ -70.848120101378584, -53.04774994703363 ], [ -70.848161708191412, -53.047782461534013 ], [ -70.84817391453295, -53.047792959493819 ], [ -70.848183772659993, -53.047801047136346 ], [ -70.848205858358966, -53.047818343325147 ], [ -70.848224184179728, -53.04783332701264 ], [ -70.848238079744974, -53.047845195413622 ], [ -70.848283445854406, -53.047879066132367 ], [ -70.84828344117561, -53.047879068362846 ], [ -70.84830414867335, -53.047893920175106 ], [ -70.848308181512706, -53.047897091620442 ], [ -70.848315203267475, -53.047902046753592 ], [ -70.848390198734862, -53.047965330212925 ], [ -70.848400377240353, -53.047975714645396 ], [ -70.848437964776352, -53.048009203077193 ], [ -70.848472429548849, -53.048043039778889 ], [ -70.848474915277095, -53.04804574104736 ], [ -70.848494110094947, -53.048065794232905 ], [ -70.848506319842159, -53.04807906257556 ], [ -70.848544154330526, -53.048121865407168 ], [ -70.848556452407223, -53.048136408954534 ], [ -70.848566005226417, -53.048148232071973 ], [ -70.848580891435972, -53.048167837405643 ], [ -70.848589044486289, -53.048179293881219 ], [ -70.848596486496788, -53.048189095170329 ], [ -70.848606775680679, -53.048201829460041 ], [ -70.848627024606742, -53.048223699973988 ], [ -70.848630967699066, -53.048227450362951 ], [ -70.848681577714288, -53.048284224566295 ], [ -70.848700130696244, -53.048309180767774 ], [ -70.848730997157659, -53.048341330578822 ], [ -70.848738765726253, -53.048349059292981 ], [ -70.848790757799947, -53.04839851209848 ], [ -70.848818998136622, -53.048427752875789 ], [ -70.848831027701777, -53.048441362574515 ], [ -70.848845638429182, -53.048456447702485 ], [ -70.848851506600511, -53.048461998835705 ], [ -70.848891765061381, -53.048505157758861 ], [ -70.848929093712897, -53.048550907107881 ], [ -70.848930029693662, -53.048551797376746 ], [ -70.848945846135308, -53.048566028158007 ], [ -70.848944733987892, -53.048566476998339 ], [ -70.848998728800794, -53.048621829983261 ], [ -70.849011877990634, -53.048638348085952 ], [ -70.849024410632239, -53.048652526065517 ], [ -70.849031198911277, -53.048659870905773 ], [ -70.849054794194842, -53.04868431360579 ], [ -70.84905616208853, -53.048685736598017 ], [ -70.849082162838769, -53.048712899148946 ], [ -70.84908410390149, -53.048714902926761 ], [ -70.849098685422064, -53.048729778996105 ], [ -70.849104936590706, -53.048735614380874 ], [ -70.849157828836326, -53.048794086840587 ], [ -70.84916819415642, -53.048807891584573 ], [ -70.849193521265832, -53.048833823875142 ], [ -70.849235355422408, -53.048883454920379 ], [ -70.849248809816331, -53.04890221168931 ], [ -70.849262196741051, -53.048918936000241 ], [ -70.849275277883606, -53.048933686131782 ], [ -70.849281144772775, -53.048940051187813 ], [ -70.84928374743437, -53.048942770041378 ], [ -70.849303842440293, -53.048965210774881 ], [ -70.849338422704619, -53.049006595424103 ], [ -70.84934303678429, -53.049012214672686 ], [ -70.849382999030027, -53.049061748993907 ], [ -70.849390711509201, -53.04907161139068 ], [ -70.849419256363504, -53.049109291672551 ], [ -70.849430620836003, -53.04912214762809 ], [ -70.849462801773583, -53.049163486836449 ], [ -70.849480869552295, -53.049190140795588 ], [ -70.84949702365742, -53.049209901888233 ], [ -70.849519068157349, -53.049236790784221 ], [ -70.849532314695722, -53.049251534989523 ], [ -70.849533066381852, -53.049252301890846 ], [ -70.849561457604963, -53.049284121005201 ], [ -70.849565920517662, -53.049289644148416 ], [ -70.849573168926426, -53.049297869270156 ], [ -70.849622915838708, -53.049368178352076 ], [ -70.849630939361305, -53.049382872687055 ], [ -70.849634767855136, -53.049389530604074 ], [ -70.849644245596849, -53.049405213321876 ], [ -70.849658240870795, -53.049430717568882 ], [ -70.849659875739889, -53.049434025518067 ], [ -70.84968278437951, -53.049471920427273 ], [ -70.849682600502433, -53.049471960777893 ], [ -70.849696041439046, -53.049493348460842 ], [ -70.849697400029484, -53.049495862965664 ], [ -70.849701588277171, -53.049503183021379 ], [ -70.849714932058248, -53.049525262875001 ], [ -70.849722606794685, -53.049536936554766 ], [ -70.849727793141454, -53.049544223825031 ], [ -70.849760241122908, -53.04958277880192 ], [ -70.849758119654041, -53.049583427115884 ], [ -70.849792701577371, -53.049629384704311 ], [ -70.849794155303286, -53.049629009931259 ], [ -70.849844749615599, -53.049700278710816 ], [ -70.84984467568141, -53.049700297752118 ], [ -70.84988047929042, -53.049750361764737 ], [ -70.849885830997849, -53.049759989599849 ], [ -70.849888904843823, -53.049765298061502 ], [ -70.849901309648132, -53.049785888632577 ], [ -70.849914874593082, -53.049811420401191 ], [ -70.849942166566194, -53.049855054415694 ], [ -70.849956791812716, -53.049880767931661 ], [ -70.849964139911734, -53.049895084893244 ], [ -70.84999354722504, -53.049982033968725 ], [ -70.84999414828043, -53.049985567385804 ], [ -70.849997614212384, -53.050004953151394 ], [ -70.850003530670961, -53.050027352317443 ], [ -70.85000539910672, -53.050032677277748 ], [ -70.850016632056125, -53.050057541339378 ], [ -70.850025892794321, -53.050074201449583 ], [ -70.85002833739857, -53.050078253811527 ], [ -70.850051362902576, -53.050123810103962 ], [ -70.850066916449137, -53.050161677743269 ], [ -70.8500671376177, -53.050162082928097 ], [ -70.850077193971941, -53.050182048838181 ], [ -70.850079089329157, -53.050186152448163 ], [ -70.850092905747459, -53.050221554087337 ], [ -70.850095144480647, -53.050228549772889 ], [ -70.850100266907319, -53.05024224053362 ], [ -70.850109264527632, -53.050263212420703 ], [ -70.850114605852696, -53.050276492409402 ], [ -70.850124132401888, -53.050301855822539 ], [ -70.85012865136747, -53.050314764072489 ], [ -70.850140348365287, -53.050350787471984 ], [ -70.850146398793868, -53.050366949260592 ], [ -70.850149862765406, -53.050375723746335 ], [ -70.850184211698689, -53.050469798583634 ], [ -70.850181742077467, -53.05047012595999 ], [ -70.850195983071899, -53.050508788724123 ], [ -70.850218504985648, -53.050554766477553 ], [ -70.850247097085003, -53.050649793592271 ], [ -70.850250323378674, -53.050676864329667 ], [ -70.850251747553415, -53.050684129276796 ], [ -70.850255872850653, -53.050698604692364 ], [ -70.85026478968696, -53.050743095207828 ], [ -70.850266061103795, -53.050753975513864 ], [ -70.850299607453294, -53.050835015929373 ], [ -70.85029442417374, -53.050835794957614 ], [ -70.850317396095775, -53.050890200539563 ], [ -70.850329308502708, -53.050947704985759 ], [ -70.850338207779259, -53.050971400394211 ], [ -70.85034813873979, -53.050994129260459 ], [ -70.850346819331136, -53.050994338590222 ], [ -70.850369946161123, -53.051062656491098 ], [ -70.850371607789839, -53.051071712096416 ], [ -70.850374194804971, -53.051085810276156 ], [ -70.850388067780329, -53.051129403460045 ], [ -70.850395518540495, -53.051157647921684 ], [ -70.850406225161919, -53.051208656043471 ], [ -70.850405278257824, -53.051208728225198 ], [ -70.850408801255881, -53.051221718849149 ], [ -70.850413343080959, -53.051249513270413 ], [ -70.850418291843525, -53.051270030981499 ], [ -70.850429217104107, -53.051304167891487 ], [ -70.85043871227343, -53.051342797650086 ], [ -70.850441097627652, -53.051356624840537 ], [ -70.850441554097671, -53.051359133052962 ], [ -70.850443085393337, -53.051367134643016 ], [ -70.850447746627438, -53.051407015583003 ], [ -70.850448256217391, -53.051418908128397 ], [ -70.850449507431364, -53.051448108273796 ], [ -70.850449883311853, -53.051456880356824 ], [ -70.850457809086038, -53.051497478937549 ], [ -70.850463205845017, -53.051512857633831 ], [ -70.850467572204181, -53.051526311279559 ], [ -70.850479929730966, -53.051567730624043 ], [ -70.850484553326993, -53.051581459156935 ], [ -70.850495862128554, -53.051626796308192 ], [ -70.850497111752631, -53.051634443013299 ], [ -70.850499925729352, -53.05165033992408 ], [ -70.850503053411501, -53.051678836305186 ], [ -70.850511192856615, -53.051720529585268 ], [ -70.850512243640807, -53.051729375230039 ], [ -70.850521827604595, -53.051775515286678 ], [ -70.850522768109315, -53.051783040841833 ], [ -70.850524384094854, -53.051789598742999 ], [ -70.850527457681778, -53.051798889600171 ], [ -70.850536051825429, -53.051829002230761 ], [ -70.850542323459067, -53.051855777074678 ], [ -70.85054547359762, -53.051872943987568 ], [ -70.850552406769594, -53.051897826615537 ], [ -70.850554074010233, -53.051902265611751 ], [ -70.850560641426881, -53.051921743087448 ], [ -70.850561276919152, -53.051923867310414 ], [ -70.850563385077365, -53.05193091779315 ], [ -70.850571612940684, -53.051966562491991 ], [ -70.850578749396917, -53.052010233850609 ], [ -70.850582163898011, -53.052025640955172 ], [ -70.85058747664155, -53.052044589071407 ], [ -70.850593379012025, -53.052070057382359 ], [ -70.850599507161022, -53.052103450673847 ], [ -70.850609992253894, -53.052141005016558 ], [ -70.850609891825044, -53.052141015210161 ], [ -70.850626515363146, -53.052189549533111 ], [ -70.850634014896741, -53.052204721804131 ], [ -70.850660157035904, -53.052281635168448 ], [ -70.850661834721251, -53.052290422148054 ], [ -70.850689613577373, -53.052352961592945 ], [ -70.850690652896475, -53.052355327224113 ], [ -70.850700833966044, -53.052378758383362 ], [ -70.850704194353796, -53.052385429573171 ], [ -70.85071267591394, -53.052400960659909 ], [ -70.850718849477033, -53.0524128148801 ], [ -70.850728796391266, -53.052432881154012 ], [ -70.850731883660885, -53.052438809110257 ], [ -70.850745782679226, -53.052464260063068 ], [ -70.850771384953333, -53.0525252123428 ], [ -70.850771819844468, -53.052526669702857 ], [ -70.850796943676485, -53.052576854039451 ], [ -70.850805334919869, -53.052594979517949 ], [ -70.850808358570603, -53.052602082371145 ], [ -70.850819171634583, -53.052623131323493 ], [ -70.850827629457783, -53.05263712474116 ], [ -70.850835990452339, -53.052651734445526 ], [ -70.850837550605362, -53.052654620441061 ], [ -70.85084089806719, -53.052660814964177 ], [ -70.850859335257198, -53.052690201248744 ], [ -70.850859173450559, -53.05269023811092 ], [ -70.850864752828485, -53.05269873385258 ], [ -70.850897048836217, -53.052752791665647 ], [ -70.850896547964695, -53.052752900335001 ], [ -70.85090579791482, -53.052767598334881 ], [ -70.850916888901395, -53.052788062427354 ], [ -70.8509272177741, -53.052805286730695 ], [ -70.850937555851033, -53.05282071347947 ], [ -70.850940581921606, -53.052824787611875 ], [ -70.850956623786274, -53.052849533232695 ], [ -70.850988368489197, -53.052891465461798 ], [ -70.851003361560643, -53.052913529933598 ], [ -70.851032427537248, -53.052952886031086 ], [ -70.851051537525038, -53.052976839465842 ], [ -70.851055321721802, -53.052982113466626 ], [ -70.851062147291785, -53.052991080065105 ], [ -70.851073608978581, -53.053005304618019 ], [ -70.851101015992398, -53.053035328780567 ], [ -70.851100510479583, -53.053035496321819 ], [ -70.851124671338965, -53.053062111217784 ], [ -70.851140256233904, -53.053081684953042 ], [ -70.851144205187197, -53.053086151544022 ], [ -70.851164270991234, -53.053112561974103 ], [ -70.851208849613755, -53.053165677282905 ], [ -70.851209923159175, -53.053166692610816 ], [ -70.851223058938217, -53.053179590416953 ], [ -70.851224504929633, -53.053181065393808 ], [ -70.851252900042681, -53.053212884050573 ], [ -70.851254873633565, -53.053215326120892 ], [ -70.851272948799377, -53.053235100140974 ], [ -70.851291053088559, -53.053252744359881 ], [ -70.851299434574699, -53.053261115192178 ], [ -70.851318174010586, -53.05328029941905 ], [ -70.851318658775995, -53.053280796428929 ], [ -70.851339939465376, -53.05330264611451 ], [ -70.851342819150744, -53.053305552472381 ], [ -70.851353064273368, -53.053315717686729 ], [ -70.851381778173405, -53.053346938418088 ], [ -70.851417821669656, -53.053390086228063 ], [ -70.851416642692115, -53.053390443796808 ], [ -70.85143782295205, -53.053415938039215 ], [ -70.851470672869482, -53.053462275618045 ], [ -70.85148562494922, -53.053485068281397 ], [ -70.85151109172655, -53.053527216683662 ], [ -70.851510292293796, -53.053527392038554 ], [ -70.851515121896526, -53.053535385156451 ], [ -70.851515777645616, -53.05353524134771 ], [ -70.851537202025426, -53.053570699254898 ], [ -70.851547281946438, -53.053584859861303 ], [ -70.851560572238284, -53.053603384540246 ], [ -70.851573722104547, -53.053619838070325 ], [ -70.851584992459081, -53.053632585243065 ], [ -70.851594349000408, -53.053643526586683 ], [ -70.851620095560335, -53.053674674148589 ], [ -70.851624773755304, -53.053680144595553 ], [ -70.851645581991704, -53.053703679686848 ], [ -70.851661974480706, -53.053722220254215 ], [ -70.851675106135346, -53.053737794951203 ], [ -70.851681493453995, -53.053745749876754 ], [ -70.851711637543318, -53.053788888924757 ], [ -70.851741426566207, -53.053838614917296 ], [ -70.851770850920857, -53.053881585882067 ], [ -70.851795434362813, -53.053923172844854 ], [ -70.851804718017505, -53.053941712404729 ], [ -70.851818980995731, -53.053965317541341 ], [ -70.851829061103842, -53.053979478121335 ], [ -70.851833202919764, -53.053985251085159 ], [ -70.851854350242448, -53.054008002181298 ], [ -70.851879598130267, -53.054037699888084 ], [ -70.851917705881135, -53.0540869490099 ], [ -70.851928007799444, -53.054098733585981 ], [ -70.851948994143882, -53.05412515679496 ], [ -70.851964161042517, -53.054142310985803 ], [ -70.851965112340764, -53.05414339051562 ], [ -70.851987698803484, -53.054169104525528 ], [ -70.851987250423221, -53.054169247535469 ], [ -70.852032658584051, -53.054229251026229 ], [ -70.852045508089859, -53.054250542284599 ], [ -70.852044708638331, -53.054250717463454 ], [ -70.852049438688709, -53.054258545693195 ], [ -70.852050094446867, -53.054258401881462 ], [ -70.852077257894152, -53.054303356339261 ], [ -70.852093371243882, -53.054333232827794 ], [ -70.852098155578076, -53.05434328638475 ], [ -70.852111097878563, -53.054369122492176 ], [ -70.85211321843677, -53.054373367402327 ], [ -70.85216047863122, -53.054439162911471 ], [ -70.852189212281246, -53.054474221611208 ], [ -70.852194134287586, -53.054479347134368 ], [ -70.852216918040611, -53.054500285074077 ], [ -70.852221302857089, -53.05450386232058 ], [ -70.852250367502322, -53.054529367333743 ], [ -70.852257348348957, -53.05453596933382 ], [ -70.852271876500765, -53.05454871812583 ], [ -70.852271956286316, -53.054548783144426 ], [ -70.852329857820294, -53.054604014648888 ], [ -70.85233224204768, -53.054606703932905 ], [ -70.85235982869267, -53.054641298376168 ], [ -70.852361432444042, -53.054643551270878 ], [ -70.852370233234225, -53.05465646395789 ], [ -70.852371677072, -53.054658679694086 ], [ -70.852391931713854, -53.054682663640548 ], [ -70.852450169676246, -53.054776034740115 ], [ -70.852464826562212, -53.054840064879222 ], [ -70.852467933707857, -53.054839837843502 ], [ -70.852476397665725, -53.054881891131963 ], [ -70.852489604542782, -53.054906702639549 ], [ -70.852490417289744, -53.054908238800358 ], [ -70.852520449983672, -53.054965364514075 ], [ -70.852532400112551, -53.054982293080727 ], [ -70.852569061730009, -53.055047822219102 ], [ -70.852576524239666, -53.05506557094602 ], [ -70.85257946822432, -53.055071000667127 ], [ -70.852587062259587, -53.055083700714455 ], [ -70.852590229519222, -53.055088536631793 ], [ -70.852606695430737, -53.055117214141752 ], [ -70.852625047369358, -53.055147582184439 ], [ -70.852634781317192, -53.055161146344844 ], [ -70.852635640311448, -53.055162348141394 ], [ -70.852642246955824, -53.055171628687539 ], [ -70.852663446465016, -53.055205014316307 ], [ -70.852663479759002, -53.055205073855248 ], [ -70.85269939724688, -53.055255292592648 ], [ -70.852698907293274, -53.055255419799856 ], [ -70.852703673558153, -53.055261648722897 ], [ -70.852704139202487, -53.055261525310748 ], [ -70.852721552236176, -53.055285369424908 ], [ -70.852730726301019, -53.055296720170048 ], [ -70.852745616932125, -53.05531632492152 ], [ -70.852752732396283, -53.05532632020423 ], [ -70.852761533446909, -53.055339232858607 ], [ -70.852768487217816, -53.055349904058531 ], [ -70.852779520951174, -53.055368343278595 ], [ -70.852792902371945, -53.055387303797552 ], [ -70.852824633448975, -53.055417109261519 ], [ -70.852848626551634, -53.055441281060652 ], [ -70.852858538143025, -53.055452016495465 ], [ -70.852881561268561, -53.055475859595504 ], [ -70.852897636593497, -53.055492273163878 ], [ -70.852913547553953, -53.055509359363555 ], [ -70.852914732111969, -53.055510699037818 ], [ -70.852933574072139, -53.055528372427553 ], [ -70.85299178943481, -53.055594516520138 ], [ -70.852994855017798, -53.055598834531253 ], [ -70.853000248528403, -53.055604934455019 ], [ -70.853030768148471, -53.055643830481138 ], [ -70.853031336391652, -53.055644654701943 ], [ -70.853052680376237, -53.055670709195468 ], [ -70.853068257632842, -53.055686977749552 ], [ -70.85306781787034, -53.055687130608817 ], [ -70.853112791938671, -53.055740130898577 ], [ -70.853131326418875, -53.055766545889618 ], [ -70.853131017769599, -53.055766624511506 ], [ -70.853151731563315, -53.055796145440034 ], [ -70.853152792653191, -53.055797914450984 ], [ -70.853161174965265, -53.055812688550631 ], [ -70.853171040402785, -53.055831116717393 ], [ -70.8532004896269, -53.055872994762836 ], [ -70.853219559723541, -53.055903069399633 ], [ -70.853224469987509, -53.055911731984629 ], [ -70.853232863784299, -53.055925128083622 ], [ -70.853247560918859, -53.055946496426671 ], [ -70.853261410326667, -53.055965031177557 ], [ -70.853260670882264, -53.055965231771985 ], [ -70.853306290581784, -53.056038792352041 ], [ -70.853309751308416, -53.056046568025138 ], [ -70.853319600898942, -53.056071525075154 ], [ -70.85332214936804, -53.056078913439684 ], [ -70.853340846459233, -53.056116542956197 ], [ -70.853354546616828, -53.056139340419989 ], [ -70.853356365966931, -53.056142671247279 ], [ -70.853366953307827, -53.056163785433661 ], [ -70.853371611003126, -53.056173970828056 ], [ -70.853383334862585, -53.05619535653323 ], [ -70.853394209531672, -53.056212289724812 ], [ -70.853407662422583, -53.056230733358575 ], [ -70.85341426166346, -53.056238780281276 ], [ -70.853439841120789, -53.056273614966713 ], [ -70.853443944217219, -53.056279911284825 ], [ -70.853450686662839, -53.056289587057321 ], [ -70.853470567383965, -53.056316348196731 ], [ -70.853494006988853, -53.056347899744928 ], [ -70.853510177960757, -53.056369667110623 ], [ -70.853523932746967, -53.056389433136523 ], [ -70.853525842277122, -53.056392371732549 ], [ -70.853554683871877, -53.056428340886882 ], [ -70.853574685287384, -53.056455550200177 ], [ -70.853588708830515, -53.056476472453426 ], [ -70.853606500565576, -53.056500421213606 ], [ -70.853618657799018, -53.056516786867562 ], [ -70.853639331317055, -53.056547629875368 ], [ -70.853639861242584, -53.056548513399377 ], [ -70.853672239362382, -53.056592414074522 ], [ -70.853671611328778, -53.056592582187179 ], [ -70.853679848131875, -53.056603312637215 ], [ -70.853680317920791, -53.056603188167792 ], [ -70.853697245244859, -53.056626370986557 ], [ -70.853706212362212, -53.056637497509463 ], [ -70.853743525381716, -53.056692903369203 ], [ -70.853747126944469, -53.056699476043946 ], [ -70.853748064798069, -53.056701199319811 ], [ -70.85375170606838, -53.056707935634698 ], [ -70.853790175998256, -53.05676234032255 ], [ -70.853789838293253, -53.056762427040979 ], [ -70.853798545766935, -53.056773670705937 ], [ -70.853814591120781, -53.05679770086676 ], [ -70.853830242945449, -53.056818768986531 ], [ -70.853834069336997, -53.056824008707629 ], [ -70.853845047164626, -53.05683930494201 ], [ -70.853858209163391, -53.056855771071248 ], [ -70.853874086713532, -53.05687372643176 ], [ -70.853874481668157, -53.056874173674409 ], [ -70.853882036697797, -53.056882740888099 ], [ -70.853917637480961, -53.056929353825666 ], [ -70.853920667650456, -53.056934003400883 ], [ -70.853937898357572, -53.056960311461289 ], [ -70.853942060375303, -53.056966402396824 ], [ -70.853958223785071, -53.056989105297326 ], [ -70.853976775210612, -53.057014958518572 ], [ -70.853978313773794, -53.057017072333572 ], [ -70.853990405886336, -53.057033454159395 ], [ -70.854026347031535, -53.057074330312261 ], [ -70.854026315676478, -53.057074340331098 ], [ -70.854052054713932, -53.057102814303995 ], [ -70.854075572978331, -53.057132792678651 ], [ -70.854086706603894, -53.057147678556987 ], [ -70.854093890827343, -53.057157769698073 ], [ -70.854112229928674, -53.05718352605237 ], [ -70.854126523662572, -53.057203448227511 ], [ -70.854136151590382, -53.057217516766599 ], [ -70.85414271301498, -53.05722758479709 ], [ -70.854153467465636, -53.057245555516836 ], [ -70.854179841966712, -53.05728275163294 ], [ -70.854187804962791, -53.057291756516101 ], [ -70.854188199924565, -53.057292203757619 ], [ -70.854201714608323, -53.057307528653176 ], [ -70.854227655243136, -53.057340027076243 ], [ -70.854228715052827, -53.05734150372183 ], [ -70.854248167881096, -53.057365874317483 ], [ -70.854247879873029, -53.057365957745091 ], [ -70.854271489841679, -53.057396275307724 ], [ -70.854287138136371, -53.057419276502429 ], [ -70.854414265588503, -53.05757384561084 ], [ -70.854427501175905, -53.057590819401533 ], [ -70.854616379233434, -53.057846789388641 ], [ -70.854619979981919, -53.05785152076556 ], [ -70.854753013837453, -53.058021111602493 ], [ -70.854764199133029, -53.058034236603802 ], [ -70.854803611516203, -53.058076968641423 ], [ -70.85481869969307, -53.058094196706506 ], [ -70.854825798163304, -53.058102745986737 ], [ -70.854876213967529, -53.058148435971425 ], [ -70.854946289134602, -53.05819759722646 ], [ -70.855030255843857, -53.058256603411586 ], [ -70.855040329537573, -53.058263834912324 ], [ -70.855103460404209, -53.058310132876528 ], [ -70.855142629014068, -53.058341565474628 ], [ -70.855206544136621, -53.058397822859959 ], [ -70.855241295817734, -53.058431509672445 ], [ -70.855392994123719, -53.058594156156317 ], [ -70.85540413250375, -53.058606549452314 ], [ -70.855446862432885, -53.058655927294645 ], [ -70.855457971642181, -53.058667863326889 ], [ -70.85552984397377, -53.05873985277271 ], [ -70.855705577918641, -53.058914405324238 ], [ -70.855706130271813, -53.058914954846408 ], [ -70.85582426070701, -53.059032669471982 ], [ -70.855832159314204, -53.059040198897584 ], [ -70.855896121117468, -53.059098576174556 ], [ -70.855950350945818, -53.059157158130247 ], [ -70.855999887973283, -53.059221544552692 ], [ -70.85600350374213, -53.059226317011131 ], [ -70.856082665617564, -53.059332437582036 ], [ -70.856089259828991, -53.059341545513682 ], [ -70.856134908375168, -53.059406546380679 ], [ -70.856140939334452, -53.059414680960479 ], [ -70.856177948672453, -53.05946205272128 ], [ -70.856181904746393, -53.05946696074745 ], [ -70.856268004098084, -53.059570560748476 ], [ -70.856268484462248, -53.059571139801953 ], [ -70.856364550098064, -53.059687148364191 ], [ -70.85636757049383, -53.059690837919554 ], [ -70.856478234431435, -53.059827594193386 ], [ -70.856495281294343, -53.059850229113174 ], [ -70.856593093853405, -53.059990273335657 ], [ -70.856609096766718, -53.06001033999236 ], [ -70.856658638701745, -53.060065303421467 ], [ -70.856662482061253, -53.060069461842922 ], [ -70.856704011827119, -53.060113295821616 ], [ -70.856745731961382, -53.060164673473459 ], [ -70.856799262060235, -53.060242840048055 ], [ -70.856802002696583, -53.060246737417927 ], [ -70.856887269154612, -53.060364883000908 ], [ -70.85689250355054, -53.060371812194994 ], [ -70.85696405912752, -53.060462432377243 ], [ -70.856982343093961, -53.060487534009354 ], [ -70.857013807752907, -53.0605345808425 ], [ -70.857023227595548, -53.06054941678542 ], [ -70.85708667911473, -53.060654901330373 ], [ -70.857095329092573, -53.060667985501937 ], [ -70.857182489956017, -53.060788675772351 ], [ -70.857208177368477, -53.060829578460854 ], [ -70.857265893351936, -53.060937007321755 ], [ -70.857271912466629, -53.060947343659599 ], [ -70.857322344840227, -53.061027627027258 ], [ -70.857326380571052, -53.061033776459404 ], [ -70.857417057052643, -53.061166212070134 ], [ -70.857428288962154, -53.061181061852253 ], [ -70.85750852826169, -53.061277682141942 ], [ -70.857551203316021, -53.061340537437495 ], [ -70.857675807753694, -53.061572778011588 ], [ -70.857678461021081, -53.061577540547297 ], [ -70.857838735352246, -53.061854909946156 ], [ -70.85785649805436, -53.061890268384182 ], [ -70.857890662564486, -53.061969955437071 ], [ -70.857893390440111, -53.061975971807009 ], [ -70.858016721014906, -53.062233844833607 ], [ -70.858024987113495, -53.062252649388945 ], [ -70.858082159316311, -53.062395099520984 ], [ -70.858097647505531, -53.062446715992472 ], [ -70.858116851361004, -53.062542307545343 ], [ -70.858124244322951, -53.062567228133048 ], [ -70.858125648569711, -53.062570788790161 ], [ -70.858144437704979, -53.062647021055767 ], [ -70.858155809126075, -53.062758186182165 ], [ -70.858159424040849, -53.062778465834008 ], [ -70.858193680288053, -53.062912824825652 ], [ -70.858212101233789, -53.062955943901351 ], [ -70.858264526947451, -53.063042092698126 ], [ -70.858265799892408, -53.063044200898133 ], [ -70.858353736798861, -53.063190965992646 ], [ -70.858362366759138, -53.063204066658848 ], [ -70.858469185494968, -53.063352465088862 ], [ -70.85850101398178, -53.06340561049673 ], [ -70.858546593789754, -53.063499909788959 ], [ -70.858554434573236, -53.063518509941815 ], [ -70.858584990561866, -53.063575154408731 ], [ -70.858598440021595, -53.06359634739735 ], [ -70.8586020295227, -53.063602962281635 ], [ -70.858609656545099, -53.063616922732166 ], [ -70.858628904675015, -53.063645408682447 ], [ -70.858643863637255, -53.063663820559817 ], [ -70.858646001948628, -53.063666410079684 ], [ -70.858658203732659, -53.063680951318283 ], [ -70.858677980309054, -53.063701670616965 ], [ -70.858713917098882, -53.063744451823574 ], [ -70.858721762422945, -53.063755175820191 ], [ -70.858736621667262, -53.063774632159024 ], [ -70.858746434754863, -53.063788053617614 ], [ -70.858758914422879, -53.063805906253677 ], [ -70.8587598140994, -53.0638071989857 ], [ -70.858768408584567, -53.063819601694043 ], [ -70.858796557886023, -53.063854322446261 ], [ -70.858802966225838, -53.063862920847257 ], [ -70.858840524476648, -53.063909588148938 ], [ -70.858840459031683, -53.063909607242785 ], [ -70.858854975871324, -53.063926866659308 ], [ -70.858860039311026, -53.063933610265394 ], [ -70.858891127221312, -53.063982384743269 ], [ -70.858897164198169, -53.063993799238169 ], [ -70.858907013680152, -53.064010974608152 ], [ -70.858912387435254, -53.06401974920427 ], [ -70.858928237513581, -53.064044059189023 ], [ -70.858931944562755, -53.064049571951486 ], [ -70.858976023822535, -53.06414318867477 ], [ -70.85898284922699, -53.064167447285818 ], [ -70.858986813294791, -53.064178463069396 ], [ -70.85899247472129, -53.064195843146813 ], [ -70.858995129007809, -53.064204936610622 ], [ -70.85900037532933, -53.064225760388005 ], [ -70.859004068320687, -53.064243158550191 ], [ -70.859008665533437, -53.064264525886188 ], [ -70.859013247696438, -53.064282147505239 ], [ -70.85901289450841, -53.064282180805904 ], [ -70.859016963327605, -53.064298341825491 ], [ -70.859027685174041, -53.064352320600037 ], [ -70.859042817012281, -53.064396700370885 ], [ -70.859043075495805, -53.064398255848417 ], [ -70.859046520379152, -53.064410090070503 ], [ -70.859050445292141, -53.064423536455031 ], [ -70.859057451355582, -53.064453373719786 ], [ -70.859060736658094, -53.064471801656367 ], [ -70.859061470419164, -53.064475610942992 ], [ -70.859062345857822, -53.064479840395919 ], [ -70.859069345474396, -53.064499048301926 ], [ -70.859073676206464, -53.064500258190414 ], [ -70.859201800056738, -53.064545916873051 ], [ -70.859312323429322, -53.064605990467456 ], [ -70.859400845575379, -53.064678086981722 ], [ -70.859463841294684, -53.064759335473724 ], [ -70.859498802007863, -53.06484650080413 ], [ -70.859559574152954, -53.065111797224802 ], [ -70.859558679144072, -53.065111871632986 ], [ -70.859562676495059, -53.06512548013842 ], [ -70.859708645388054, -53.065924372982927 ], [ -70.859709081922659, -53.065926654816479 ], [ -70.859883001181501, -53.066796604462397 ], [ -70.859883189649338, -53.066797555872405 ], [ -70.860034487527045, -53.067568159796394 ], [ -70.860035116966074, -53.067571470737789 ], [ -70.860180012593574, -53.068359500120707 ], [ -70.860182775320354, -53.068378019984955 ], [ -70.860270096946394, -53.069139922433429 ], [ -70.860267242166216, -53.069220836438262 ], [ -70.860240337727475, -53.069300129786868 ], [ -70.860190256180914, -53.069375230621695 ], [ -70.860118621862213, -53.06944370294412 ], [ -70.860027758197347, -53.069503325841559 ], [ -70.859979072630082, -53.069529994121808 ], [ -70.859976706019822, -53.069550481859721 ], [ -70.859976856185654, -53.06955396608145 ], [ -70.8599821481981, -53.069592270219573 ], [ -70.859982113342738, -53.069592271933317 ], [ -70.859987209466695, -53.069628496722125 ], [ -70.859987231375428, -53.069628953103994 ], [ -70.859987918171711, -53.069637542450877 ], [ -70.859990046043507, -53.06965657095278 ], [ -70.85999148133584, -53.069675108425827 ], [ -70.859992363205663, -53.069695569737483 ], [ -70.8599935829819, -53.069723871176585 ], [ -70.859995844413717, -53.069776341145804 ], [ -70.859997064195795, -53.069804642584472 ], [ -70.859998235231117, -53.069831812953751 ], [ -70.859998357216341, -53.069833902089101 ], [ -70.859998953913944, -53.069840625938369 ], [ -70.860002255724467, -53.06986972025414 ], [ -70.860005040764776, -53.069894298380717 ], [ -70.860006521231881, -53.069913235949343 ], [ -70.860007700390369, -53.069940594544995 ], [ -70.860009164147158, -53.069974556270182 ], [ -70.860009866983816, -53.069990863288965 ], [ -70.860010356596106, -53.070002223126572 ], [ -70.860011144580923, -53.070012107071022 ], [ -70.860012005493843, -53.070019502795056 ], [ -70.860013679831198, -53.070060036800037 ], [ -70.860013489886526, -53.070065680406152 ], [ -70.860013539035663, -53.070076060947365 ], [ -70.86001740848333, -53.07016583804635 ], [ -70.86002360413849, -53.070309585712472 ], [ -70.860024392133681, -53.070319469656276 ], [ -70.860027503906224, -53.070346200245524 ], [ -70.860029952174145, -53.070366073710368 ], [ -70.860031746070206, -53.070387662391035 ], [ -70.860032127881482, -53.070396520830094 ], [ -70.860032660979655, -53.070404037208839 ], [ -70.860034874137369, -53.070426435144412 ], [ -70.860040548623715, -53.07045430460601 ], [ -70.860044360968999, -53.070466600561161 ], [ -70.860044802354722, -53.070468037466306 ], [ -70.860047843345569, -53.070478025447898 ], [ -70.860058175838404, -53.070526994489235 ], [ -70.860062206789962, -53.070560912744874 ], [ -70.860064861353351, -53.070571289319645 ], [ -70.860079075676623, -53.070617804625712 ], [ -70.860095981821189, -53.070654902044787 ], [ -70.860126851197393, -53.070705248475463 ], [ -70.860190921222994, -53.0707796326897 ], [ -70.860189459513265, -53.070780089434173 ], [ -70.860254383842303, -53.070857173091198 ], [ -70.860266732200117, -53.070878498816413 ], [ -70.860267547354667, -53.070879914322163 ], [ -70.860290791858972, -53.070920492580349 ], [ -70.860294314094844, -53.070926374648174 ], [ -70.860297172178306, -53.070930947096322 ], [ -70.860307403059693, -53.070948396710676 ], [ -70.86030760394668, -53.070948762904649 ], [ -70.860321595421922, -53.070977464111984 ], [ -70.860328485494406, -53.070993561989496 ], [ -70.860352058108788, -53.071028590309332 ], [ -70.860376330362044, -53.071057287715171 ], [ -70.8603960097319, -53.071076964800312 ], [ -70.860407292991908, -53.071088640254835 ], [ -70.860419847812238, -53.07110209260172 ], [ -70.860427103449595, -53.071109529110835 ], [ -70.860454395121522, -53.071136310038007 ], [ -70.860479353305536, -53.071157861636628 ], [ -70.860622733614676, -53.071267401961769 ], [ -70.860625374451274, -53.071269396048635 ], [ -70.860637632350304, -53.071278545332994 ], [ -70.860642049824378, -53.071281874702642 ], [ -70.860659249390878, -53.071294964430734 ], [ -70.860717128505186, -53.071345831287942 ], [ -70.860731612893971, -53.07136064760013 ], [ -70.860736922732229, -53.07136558617831 ], [ -70.860761556335447, -53.071390186935446 ], [ -70.860764992517076, -53.071393880486163 ], [ -70.860783336055775, -53.071414880157121 ], [ -70.860793829483953, -53.071427703627208 ], [ -70.860813588229064, -53.071453938342479 ], [ -70.860814099356659, -53.071454679267568 ], [ -70.8608201514147, -53.071462975653453 ], [ -70.86089052792623, -53.071554398355218 ], [ -70.860892448134166, -53.07155684362057 ], [ -70.860906382059369, -53.071575694709594 ], [ -70.860915894292688, -53.071589402642431 ], [ -70.860930513694882, -53.071608502385835 ], [ -70.860950744877144, -53.071637574505857 ], [ -70.860964370653704, -53.071659258413426 ], [ -70.860976868378899, -53.071677287560291 ], [ -70.860987488019219, -53.071692557099801 ], [ -70.8610007691411, -53.071713046594283 ], [ -70.861017376352137, -53.071740642850287 ], [ -70.86103561684051, -53.071770953000645 ], [ -70.861044342678937, -53.071786313477283 ], [ -70.861054467403946, -53.071805245986567 ], [ -70.861061612692893, -53.07181940171818 ], [ -70.861070617179706, -53.071838356785719 ], [ -70.861080864790978, -53.071862425968867 ], [ -70.861082800769026, -53.071867558825289 ], [ -70.861090118957108, -53.071889471579112 ], [ -70.861093214219494, -53.07190010061661 ], [ -70.861097740169143, -53.071913301430442 ], [ -70.861103976566667, -53.071929084658223 ], [ -70.861116376487999, -53.071968019090718 ], [ -70.861125378989911, -53.072005049590608 ], [ -70.861127147433265, -53.072009949242869 ], [ -70.861134542334199, -53.072033428401106 ], [ -70.861134631562962, -53.072033759748635 ], [ -70.861146868643658, -53.072070222052524 ], [ -70.861152057643793, -53.072087394354149 ], [ -70.861157693711505, -53.072108349034856 ], [ -70.86115853179939, -53.072111336817969 ], [ -70.861162198746158, -53.072123895111176 ], [ -70.861168950047144, -53.072152307518756 ], [ -70.861170926366199, -53.072163064914157 ], [ -70.861173618045839, -53.072180994007169 ], [ -70.861175204974131, -53.072194598175948 ], [ -70.861176788062778, -53.072214422846358 ], [ -70.861177646623545, -53.072234328798949 ], [ -70.861178418793173, -53.072252231730538 ], [ -70.861178542264526, -53.072254609890059 ], [ -70.861179732282082, -53.07227420560465 ], [ -70.861180450495965, -53.07228216330887 ], [ -70.861180748842443, -53.072284653812638 ], [ -70.861182681512972, -53.072315878355163 ], [ -70.861182720033739, -53.072325213 ], [ -70.861186217352682, -53.07243271326756 ], [ -70.861187123360111, -53.07245404780852 ], [ -70.861187348641465, -53.07246869884127 ], [ -70.86118718902398, -53.07248235874421 ], [ -70.861188150420546, -53.072532340451211 ], [ -70.861188251165828, -53.072535572627075 ], [ -70.86118929104677, -53.072559682100959 ], [ -70.861189392097913, -53.072580378852336 ], [ -70.861189309066077, -53.072582866601664 ], [ -70.86118925878705, -53.072589979700645 ], [ -70.861190037581906, -53.072630511868574 ], [ -70.861190331610814, -53.072637200797047 ], [ -70.861196099836036, -53.072721158704937 ], [ -70.861197487861503, -53.07273333827132 ], [ -70.861200986985239, -53.072755290896254 ], [ -70.861203345706286, -53.072774335180334 ], [ -70.861204383792838, -53.072786074555516 ], [ -70.861211643054105, -53.072840360444786 ], [ -70.861214044717215, -53.072874579710287 ], [ -70.861214784822835, -53.072982551059638 ], [ -70.861214907510401, -53.07298745820701 ], [ -70.861220522812772, -53.07311764367455 ], [ -70.86121950849514, -53.073155480179587 ], [ -70.861218891873833, -53.073161846385609 ], [ -70.861216597249182, -53.073179528384678 ], [ -70.861213275255636, -53.073199934076506 ], [ -70.861212118795464, -53.073208871059222 ], [ -70.861207646468614, -53.073255394291891 ], [ -70.86120615615981, -53.073271490885311 ], [ -70.86120587078922, -53.073274402921307 ], [ -70.861202995032684, -53.073302212611665 ], [ -70.86120222710484, -53.073308846947775 ], [ -70.861200179570403, -53.073324830525458 ], [ -70.861197758188169, -53.073340259385731 ], [ -70.861196282127025, -53.073348200081142 ], [ -70.861194377018109, -53.073358449091415 ], [ -70.861192804749194, -53.073369267755631 ], [ -70.861192787942727, -53.073369428411496 ], [ -70.861184696525385, -53.073412847603848 ], [ -70.861182570007102, -53.073420763501559 ], [ -70.861173224399124, -53.073462330104199 ], [ -70.861171251981446, -53.073473022775815 ], [ -70.861153682193986, -53.073594769122494 ], [ -70.861152295616961, -53.073616150944162 ], [ -70.861154501520659, -53.073770117821788 ], [ -70.861154554907486, -53.073772442324262 ], [ -70.86116054079146, -53.073962408529681 ], [ -70.861160672363013, -53.073965479649907 ], [ -70.86116813927741, -53.074103168216531 ], [ -70.861169303184028, -53.074115020431812 ], [ -70.861169810204217, -53.074118582860336 ], [ -70.86117251273923, -53.074160533943726 ], [ -70.86117236275534, -53.074171894068016 ], [ -70.861172970979453, -53.074186628293177 ], [ -70.8611756544001, -53.074214617400635 ], [ -70.86117664333571, -53.074228850465559 ], [ -70.861177334080338, -53.074244864385093 ], [ -70.861177599992516, -53.074249322905928 ], [ -70.861182675535929, -53.074315976840225 ], [ -70.861183381314632, -53.074322904589927 ], [ -70.861185209788005, -53.07433722980074 ], [ -70.861189503887445, -53.074358065215478 ], [ -70.86120062411247, -53.074397021718241 ], [ -70.861206632088283, -53.074414075471047 ], [ -70.861219584079848, -53.074444895021713 ], [ -70.861241971432221, -53.074570246597474 ], [ -70.861240164767764, -53.074602623161667 ], [ -70.861239987182785, -53.074607182662696 ], [ -70.861237820950222, -53.074705296271112 ], [ -70.861238726216456, -53.074724202536316 ], [ -70.861250417398253, -53.07482327891568 ], [ -70.861259496092103, -53.074859046906333 ], [ -70.861260579217458, -53.074861802582099 ], [ -70.861274421054659, -53.074891059118094 ], [ -70.861274291088932, -53.07489108138035 ], [ -70.861279443033837, -53.074901422089624 ], [ -70.861282312863594, -53.074907912301825 ], [ -70.861292072888133, -53.074926648384015 ], [ -70.861304170209806, -53.07494674854815 ], [ -70.861309671887554, -53.07495533663468 ], [ -70.86131022850563, -53.074956154974458 ], [ -70.861348785661306, -53.075030791543895 ], [ -70.861365284188466, -53.07510832279393 ], [ -70.861366056286215, -53.075119832119867 ], [ -70.86137183276837, -53.075180455305095 ], [ -70.861372134342787, -53.075183303584168 ], [ -70.861373820027836, -53.075197777032827 ], [ -70.861373910074207, -53.07519855969705 ], [ -70.861376702395091, -53.075223150701831 ], [ -70.86137771138803, -53.075233942914359 ], [ -70.861378521888852, -53.075244971899025 ], [ -70.861381765555166, -53.075276201088123 ], [ -70.861382836869467, -53.075284212511761 ], [ -70.861384846892875, -53.075296493644366 ], [ -70.861385173638837, -53.075298537677085 ], [ -70.861400364920982, -53.075395912909073 ], [ -70.86140431342551, -53.075413525185219 ], [ -70.861409511540998, -53.075431325413305 ], [ -70.861410406063285, -53.075434453104037 ], [ -70.861418083240693, -53.07546187551776 ], [ -70.861420748763479, -53.075471231270747 ], [ -70.861439089032075, -53.075512024669088 ], [ -70.861455001823757, -53.075537573949234 ], [ -70.861464831691976, -53.075551843816442 ], [ -70.861467101624783, -53.075554843177393 ], [ -70.861471936530322, -53.075561368808955 ], [ -70.861493734034241, -53.075591428581752 ], [ -70.861500145957038, -53.075600543652989 ], [ -70.861505142460615, -53.075607869887889 ], [ -70.861509111363873, -53.075613472154508 ], [ -70.861552033761456, -53.075671853709196 ], [ -70.861561636093072, -53.075685519631861 ], [ -70.861589114677884, -53.075726498892799 ], [ -70.861590774578971, -53.07572893320571 ], [ -70.861610317569102, -53.075757122581024 ], [ -70.861614291084408, -53.075762969497013 ], [ -70.861627212267706, -53.075782370122084 ], [ -70.861632757158517, -53.075790948796623 ], [ -70.861635067631667, -53.075794634584163 ], [ -70.861643260204389, -53.07580664194144 ], [ -70.861685896794611, -53.075864331596541 ], [ -70.86168928371643, -53.075868783082889 ], [ -70.861738370863023, -53.075931485289757 ], [ -70.86175102193468, -53.075946644122617 ], [ -70.86175084524065, -53.075946697594865 ], [ -70.861762891511901, -53.075961246885996 ], [ -70.861764822902117, -53.075963755166462 ], [ -70.861791203040298, -53.075995665638253 ], [ -70.861791973485879, -53.075996543204326 ], [ -70.861802704461411, -53.076009250575652 ], [ -70.861812623857162, -53.076021472835556 ], [ -70.861857933932043, -53.076074778026005 ], [ -70.861876869336172, -53.076094515513219 ], [ -70.861888024105355, -53.076104888839616 ], [ -70.861905049067644, -53.076119825194766 ], [ -70.861904789743249, -53.076119932375832 ], [ -70.861939278335953, -53.07615174954045 ], [ -70.861939459273742, -53.076151936231206 ], [ -70.861956569875943, -53.076167987875351 ], [ -70.861984638915743, -53.076192010373759 ], [ -70.862033048924374, -53.076225737260685 ], [ -70.86207258561079, -53.076248294233984 ], [ -70.862089666090043, -53.076257457348667 ], [ -70.862146310312156, -53.076286018127952 ], [ -70.862180537285184, -53.076301358230999 ], [ -70.862240466968231, -53.076325135050965 ], [ -70.862243190665637, -53.076326220830971 ], [ -70.862286670921264, -53.076343636207724 ], [ -70.862443307977898, -53.076427709951012 ], [ -70.86245195635027, -53.076433871331808 ], [ -70.862483214196232, -53.076457731950889 ], [ -70.862487501947328, -53.076461242917617 ], [ -70.862524536368682, -53.076494590993583 ], [ -70.86253375311253, -53.076503750387516 ], [ -70.862539872634883, -53.076509625082402 ], [ -70.862546076483582, -53.076515381578581 ], [ -70.862579075693375, -53.076549137062877 ], [ -70.862589074099091, -53.076560466691078 ], [ -70.86259291179212, -53.076564704939756 ], [ -70.862617863428255, -53.076591569846642 ], [ -70.862618532685744, -53.076592291925351 ], [ -70.862640465885292, -53.076616009173641 ], [ -70.862645211092669, -53.076620989594183 ], [ -70.86265524802262, -53.076631218879584 ], [ -70.862678318121198, -53.076656557493273 ], [ -70.862682499370152, -53.076661522197668 ], [ -70.862698329043141, -53.07667845869112 ], [ -70.862701205391474, -53.076681246694712 ], [ -70.862725908829205, -53.076707062482505 ], [ -70.862728071623508, -53.076709506347854 ], [ -70.862734824256549, -53.076716806744429 ], [ -70.862751307803407, -53.07673387279749 ], [ -70.862753824021652, -53.076736438615868 ], [ -70.862765133118572, -53.076747797965254 ], [ -70.862775444135636, -53.076757748824818 ], [ -70.862815322147824, -53.07680146182269 ], [ -70.86281727268161, -53.076803913235572 ], [ -70.862842859616492, -53.076840042975292 ], [ -70.862856907186597, -53.076862558078979 ], [ -70.862864409308784, -53.076875148328945 ], [ -70.862870079966143, -53.07688513003378 ], [ -70.862883589535855, -53.076905578160897 ], [ -70.862885643348733, -53.076908291381038 ], [ -70.862905003298252, -53.07693634441889 ], [ -70.862913985418871, -53.076950711955185 ], [ -70.862918865231933, -53.076958116649195 ], [ -70.862933040575825, -53.076978561717937 ], [ -70.862934639031124, -53.076980832086448 ], [ -70.862949065938025, -53.077001014014208 ], [ -70.862959344238106, -53.077014198222109 ], [ -70.862971306407459, -53.077028332174237 ], [ -70.862987346018656, -53.077045398313956 ], [ -70.862999312403275, -53.077056925723035 ], [ -70.863007583064686, -53.077064544966092 ], [ -70.863028700301271, -53.077083164286499 ], [ -70.863031669805324, -53.077085743589407 ], [ -70.863058155701097, -53.077108410208922 ], [ -70.863060806713435, -53.07711064961795 ], [ -70.863086124022317, -53.077131762159532 ], [ -70.863092384956346, -53.077136734739611 ], [ -70.863137664493109, -53.077177060603724 ], [ -70.86315426693875, -53.077193726005447 ], [ -70.86316664929538, -53.077205279789339 ], [ -70.863183384957281, -53.077219632867866 ], [ -70.863185297153336, -53.077221143735827 ], [ -70.86322455176439, -53.077255331436682 ], [ -70.863227786477438, -53.077258447367825 ], [ -70.86323406681386, -53.077264293616132 ], [ -70.863252301051062, -53.07728070445706 ], [ -70.863267662028861, -53.077295115915071 ], [ -70.863279959095053, -53.077307151302762 ], [ -70.863295590653038, -53.077321231710009 ], [ -70.863310583928651, -53.077333693189139 ], [ -70.863327113191175, -53.077348007763895 ], [ -70.863329942520451, -53.077350562372935 ], [ -70.863339037045932, -53.077358774478775 ], [ -70.863359082678784, -53.077375207011109 ], [ -70.863374236080617, -53.077386514903736 ], [ -70.863385712485979, -53.077395300253855 ], [ -70.863407387916254, -53.077412324638175 ], [ -70.863429839579425, -53.077430925685121 ], [ -70.863444509116221, -53.077443757238072 ], [ -70.86345684829692, -53.077454902414985 ], [ -70.863474338077253, -53.07747122158068 ], [ -70.863481295761616, -53.077477480755377 ], [ -70.863504260165413, -53.077497408776388 ], [ -70.863533048723994, -53.077524399051811 ], [ -70.863547920471035, -53.077539501425584 ], [ -70.863560296111444, -53.077551226725845 ], [ -70.86358490160886, -53.077573019665643 ], [ -70.863609679769965, -53.077596496987994 ], [ -70.863612570385598, -53.077599432732306 ], [ -70.863645139939237, -53.077628870791898 ], [ -70.863645075662049, -53.077628896612921 ], [ -70.863669564083381, -53.077650700719758 ], [ -70.863673641738472, -53.077654713915791 ], [ -70.863684353124611, -53.077664657077747 ], [ -70.863701726684198, -53.077679888906005 ], [ -70.863710056714183, -53.07768689985388 ], [ -70.863723417140179, -53.077697700667741 ], [ -70.863745793951111, -53.077716808731687 ], [ -70.86376035722283, -53.077729958021749 ], [ -70.863768287212125, -53.077737271024347 ], [ -70.863793482847598, -53.077761007262495 ], [ -70.863794417989595, -53.077761890507126 ], [ -70.863816280418376, -53.077782592563935 ], [ -70.863830064855819, -53.077796170672848 ], [ -70.863842270707437, -53.077808686453416 ], [ -70.86385408716481, -53.077820016175281 ], [ -70.863867903770029, -53.077832427241333 ], [ -70.863886259067101, -53.07784975933842 ], [ -70.863901274598447, -53.077864680143037 ], [ -70.863913042187846, -53.077875641739084 ], [ -70.863922889568627, -53.077884255035912 ], [ -70.863952756729205, -53.077912589225342 ], [ -70.863958973145799, -53.077919004106086 ], [ -70.863973314559061, -53.077932651331302 ], [ -70.863973627594987, -53.077932926754762 ], [ -70.864009247889982, -53.077967535532125 ], [ -70.864011934684186, -53.077970431395201 ], [ -70.864023278330649, -53.077981849334222 ], [ -70.864034289596802, -53.077992222643708 ], [ -70.864058241947447, -53.078016427208794 ], [ -70.864075270266639, -53.078034930419953 ], [ -70.864096342747771, -53.078057464237702 ], [ -70.864101305841729, -53.078062604187529 ], [ -70.864107299501498, -53.078068624086058 ], [ -70.864149224418114, -53.078117221460637 ], [ -70.864152183468576, -53.07812123139945 ], [ -70.864168123127143, -53.078144577737376 ], [ -70.864173406024108, -53.078152979060029 ], [ -70.86418421485871, -53.078168405925823 ], [ -70.864201468245554, -53.078190674286049 ], [ -70.864205116057718, -53.078195455436429 ], [ -70.864217723417568, -53.078212237506236 ], [ -70.864228380506148, -53.078227133691264 ], [ -70.864239184032485, -53.078243017269585 ], [ -70.864248137962619, -53.078255146930857 ], [ -70.864262723035012, -53.078273429560177 ], [ -70.864264091560926, -53.078275154546091 ], [ -70.864265584499549, -53.078277046426514 ], [ -70.864287861267954, -53.078309840690011 ], [ -70.864288238634941, -53.078309749365665 ], [ -70.864308736965995, -53.07834046363957 ], [ -70.864308806754195, -53.078340554969685 ], [ -70.864335194178821, -53.07837987314538 ], [ -70.864343873392272, -53.078394796448279 ], [ -70.864348863161396, -53.078403671847511 ], [ -70.864361367652762, -53.078426701037145 ], [ -70.864370254434348, -53.078442913488836 ], [ -70.864382721440663, -53.078468111534512 ], [ -70.864386048339867, -53.078475633288143 ], [ -70.864395581452811, -53.078493987427457 ], [ -70.864405615382054, -53.078510750107732 ], [ -70.864410330470449, -53.078518209199061 ], [ -70.86441294568688, -53.078522135152852 ], [ -70.864435311259086, -53.078560695937796 ], [ -70.864438454365484, -53.078567025355532 ], [ -70.864443849210588, -53.07857703000959 ], [ -70.864445404772852, -53.07857970030436 ], [ -70.864461669433538, -53.07861129841735 ], [ -70.864472339415499, -53.078631325152962 ], [ -70.864478983830978, -53.078642042599739 ], [ -70.864496992464808, -53.07867039176385 ], [ -70.864496281846655, -53.078670555471476 ], [ -70.864536279634422, -53.078754698069311 ], [ -70.864547404462513, -53.078847027887385 ], [ -70.86452687558095, -53.078938771309041 ], [ -70.864524884635372, -53.078943732164419 ], [ -70.864522232873384, -53.078950133515818 ], [ -70.864516970902031, -53.078962450252902 ], [ -70.864508108736786, -53.078981453822337 ], [ -70.86450380801729, -53.07898995434492 ], [ -70.864495920739927, -53.079005543636832 ], [ -70.864493495578301, -53.079010244544399 ], [ -70.864486718198563, -53.079023132018833 ], [ -70.864484596944209, -53.079027306167404 ], [ -70.864475296756467, -53.079046262744626 ], [ -70.864432721562807, -53.079112981426405 ], [ -70.864431866689799, -53.0791140567067 ], [ -70.864424038143127, -53.079124590629576 ], [ -70.864420160118271, -53.079130190260507 ], [ -70.864410784957585, -53.079143149996916 ], [ -70.864401858218116, -53.079154978157185 ], [ -70.864399527640387, -53.079158130022961 ], [ -70.864389346015557, -53.079172190351805 ], [ -70.864387785052088, -53.079174377329799 ], [ -70.864382167221308, -53.079182365073294 ], [ -70.86436759331248, -53.079206937028289 ], [ -70.864361064945214, -53.079219590522293 ], [ -70.864358765186083, -53.079223811519689 ], [ -70.864332956741791, -53.079264431400482 ], [ -70.86433190453063, -53.079265873982806 ], [ -70.864321440320367, -53.079279590975808 ], [ -70.864315217510907, -53.079287399662377 ], [ -70.8643026350057, -53.079302458074153 ], [ -70.864288677618092, -53.079318409400663 ], [ -70.864276632974793, -53.079331631765768 ], [ -70.864263467733821, -53.079345526386675 ], [ -70.864258751339733, -53.07935043185585 ], [ -70.864248238286876, -53.079361209131456 ], [ -70.864232011436712, -53.07937977938014 ], [ -70.864226912598724, -53.079386341700285 ], [ -70.864208490784122, -53.079415021060427 ], [ -70.864207958840467, -53.079416054776999 ], [ -70.864200381782197, -53.079429971693834 ], [ -70.86419019132137, -53.07944770715293 ], [ -70.864185741855422, -53.079455963919798 ], [ -70.864179617173207, -53.079468124594399 ], [ -70.864174754457409, -53.079478703912393 ], [ -70.864170134012753, -53.079489803857555 ], [ -70.864166339857761, -53.079499899278908 ], [ -70.86416143523131, -53.079514505077633 ], [ -70.864160652042514, -53.079516904451587 ], [ -70.864157070732617, -53.079528200922454 ], [ -70.864153558892994, -53.079541398812061 ], [ -70.864151023408326, -53.079553157107632 ], [ -70.864150741783675, -53.079554448529109 ], [ -70.864146306091513, -53.079574561472739 ], [ -70.864145448130913, -53.079578329852687 ], [ -70.864141462143849, -53.079595302065464 ], [ -70.864140333130649, -53.079600554729993 ], [ -70.864136431184448, -53.079620560323178 ], [ -70.864135776148984, -53.079624170255308 ], [ -70.86413473072858, -53.079630396913586 ], [ -70.864132851808719, -53.079651161444843 ], [ -70.864132795234724, -53.079655352954099 ], [ -70.86413290919451, -53.079663021075504 ], [ -70.864133562717896, -53.079678145033995 ], [ -70.864134587120986, -53.079701851930707 ], [ -70.86413497537346, -53.079707803219009 ], [ -70.864136321926139, -53.079723226675263 ], [ -70.86413766423334, -53.079733818183605 ], [ -70.86413787278191, -53.0797350717162 ], [ -70.864138892935742, -53.079741701156472 ], [ -70.864145005351475, -53.079784901832895 ], [ -70.864148199376473, -53.07979769490273 ], [ -70.864149178123967, -53.079801403486293 ], [ -70.864154924208052, -53.079822063468626 ], [ -70.864156670024158, -53.079827871302939 ], [ -70.86416192116161, -53.079844118886506 ], [ -70.864166913919547, -53.079861349238314 ], [ -70.864168956056545, -53.079869308382648 ], [ -70.864170209731682, -53.079873881962286 ], [ -70.864178978497762, -53.079903935642655 ], [ -70.864180717618865, -53.0799101515763 ], [ -70.86418562615988, -53.079928480103717 ], [ -70.864188185935689, -53.07993879881937 ], [ -70.864191978996587, -53.07995540621674 ], [ -70.864194011414341, -53.079965082004009 ], [ -70.864198685049416, -53.079989452139039 ], [ -70.864200432180851, -53.079997335528937 ], [ -70.864204657951149, -53.080014129713987 ], [ -70.864206251796986, -53.080019948110198 ], [ -70.864211829873014, -53.080038767732731 ], [ -70.864212611070059, -53.080041318181323 ], [ -70.864220576165991, -53.080066506674548 ], [ -70.864222124230878, -53.080071559246747 ], [ -70.864228680475634, -53.080093665709903 ], [ -70.864233243126378, -53.080106777357543 ], [ -70.864241624183649, -53.080127729239997 ], [ -70.86424656961097, -53.080138835732761 ], [ -70.864251637102115, -53.08014915282336 ], [ -70.864264862489861, -53.080175260713794 ], [ -70.86426853538012, -53.080182096727064 ], [ -70.864274555030335, -53.080192707904772 ], [ -70.864280271285949, -53.080202095895991 ], [ -70.864284208842221, -53.080208142789644 ], [ -70.86429493246078, -53.080225675146735 ], [ -70.864300163689506, -53.080234808930108 ], [ -70.864303107253875, -53.080240052891817 ], [ -70.86430715179722, -53.080247407503613 ], [ -70.864318516424859, -53.080270053394358 ], [ -70.864319319620563, -53.080271820503548 ], [ -70.864328258898595, -53.080288810452565 ], [ -70.864331637084277, -53.080294444359552 ], [ -70.864339836705298, -53.080308881231062 ], [ -70.864345227220426, -53.080318926054353 ], [ -70.864348198410624, -53.080324235483353 ], [ -70.864356666378569, -53.080338766326328 ], [ -70.864357954995384, -53.080340941555342 ], [ -70.864364588822056, -53.080351961078627 ], [ -70.864375291138202, -53.080368383959005 ], [ -70.864374797050786, -53.080368500757885 ], [ -70.864400554726629, -53.080412407442417 ], [ -70.864400780708024, -53.080412882562278 ], [ -70.864410937146431, -53.080431211556089 ], [ -70.864415890411493, -53.080439015211105 ], [ -70.864419754654904, -53.080445240724238 ], [ -70.864430398979394, -53.080462783931807 ], [ -70.864431041734505, -53.080463847610247 ], [ -70.864443268724401, -53.080484157785406 ], [ -70.864443588878672, -53.080484690677672 ], [ -70.864455983418381, -53.080505360458353 ], [ -70.864465723166774, -53.080521540294171 ], [ -70.864471765034708, -53.080531975796539 ], [ -70.864480123035221, -53.080547003827768 ], [ -70.864483266929867, -53.080552425447195 ], [ -70.864498563818273, -53.080577760110806 ], [ -70.864508164372836, -53.080593706839757 ], [ -70.864515067592222, -53.080604324747142 ], [ -70.864525745435557, -53.080619594769594 ], [ -70.864539570055484, -53.080639195350983 ], [ -70.864544503016162, -53.080645882143244 ], [ -70.86456372003164, -53.080670825497009 ], [ -70.864568049733862, -53.080676253524295 ], [ -70.864574133808475, -53.080683626241459 ], [ -70.864584280230275, -53.08069642470177 ], [ -70.864590890112552, -53.080705112058865 ], [ -70.864592857380245, -53.080707719527865 ], [ -70.864604134690538, -53.080722794671786 ], [ -70.86460693690394, -53.080726452466763 ], [ -70.864618577032971, -53.080741295898697 ], [ -70.864621796335555, -53.080745456116112 ], [ -70.86463302928216, -53.080760167652301 ], [ -70.864638943501106, -53.080767554985819 ], [ -70.864653291196603, -53.080784670707502 ], [ -70.864671691062966, -53.080806551156584 ], [ -70.864672780826197, -53.080807852372971 ], [ -70.8646898531387, -53.080828318541471 ], [ -70.864691768877876, -53.080830631744007 ], [ -70.864707155572461, -53.08084934472344 ], [ -70.864710146228632, -53.080852902283944 ], [ -70.864725025216558, -53.080870218162829 ], [ -70.864727473879682, -53.080873019205008 ], [ -70.864739414913089, -53.080886449077497 ], [ -70.86474619530776, -53.080894257706639 ], [ -70.864756662330649, -53.080906605551988 ], [ -70.864759972890795, -53.080910420443821 ], [ -70.864776620372709, -53.080929163551438 ], [ -70.864783456250819, -53.080937046470538 ], [ -70.864793919137853, -53.080949408672595 ], [ -70.864806758882096, -53.080963335299813 ], [ -70.864810981485817, -53.080967555487639 ], [ -70.864822128382784, -53.080978028553858 ], [ -70.864826123961322, -53.080981563077877 ], [ -70.864842920543694, -53.080997101736671 ], [ -70.86484656063169, -53.081000626188356 ], [ -70.864858439626246, -53.081011420789068 ], [ -70.864860352601966, -53.081013054880088 ], [ -70.864884033474382, -53.081034569405496 ], [ -70.864887717750349, -53.081038134969766 ], [ -70.86489932834148, -53.081048695521886 ], [ -70.864901829426827, -53.081050836725687 ], [ -70.864950621166287, -53.081098709968302 ], [ -70.864953181871158, -53.081101615339072 ], [ -70.864956789703257, -53.081105760916259 ], [ -70.864963047705004, -53.081113043858274 ], [ -70.864981131844786, -53.081135609530463 ], [ -70.864987733066087, -53.081144469531885 ], [ -70.864988871501026, -53.081146005087447 ], [ -70.864998520976343, -53.08115908722538 ], [ -70.865008191865158, -53.081171207119382 ], [ -70.865014290640573, -53.081178298267204 ], [ -70.865023363750467, -53.081188226354669 ], [ -70.865033731784763, -53.081198923429881 ], [ -70.865049840948558, -53.08121410970432 ], [ -70.865054720433164, -53.081218326778973 ], [ -70.865070509731709, -53.081232541322827 ], [ -70.865081377783326, -53.081242740026873 ], [ -70.86508544849039, -53.081246477811568 ], [ -70.865095152797764, -53.081255197907538 ], [ -70.865113805663171, -53.081272832634241 ], [ -70.865118445331888, -53.081277452919444 ], [ -70.865134007031457, -53.081293706231847 ], [ -70.865135248597014, -53.081295067908854 ], [ -70.8651483320605, -53.081310081782064 ], [ -70.865157777943665, -53.081321436852264 ], [ -70.865159340185542, -53.081323325837012 ], [ -70.865175976542105, -53.081343561508788 ], [ -70.865178635664634, -53.081346829272611 ], [ -70.865192128459356, -53.081363580996083 ], [ -70.865202906997823, -53.081375965815603 ], [ -70.865226449577307, -53.081401082919747 ], [ -70.865236303446167, -53.081410991738331 ], [ -70.865250182622177, -53.081424167668303 ], [ -70.865257502980029, -53.081431262039132 ], [ -70.865272018675142, -53.081445625629286 ], [ -70.865274804793742, -53.081448339015715 ], [ -70.865288070155799, -53.081461055253698 ], [ -70.86529802656743, -53.081470106281948 ], [ -70.865311054768512, -53.081481349974226 ], [ -70.865314845134847, -53.081484577253057 ], [ -70.865345450091979, -53.08151282877698 ], [ -70.865354759759398, -53.081522170987533 ], [ -70.865361487217612, -53.081528522581642 ], [ -70.8653796567787, -53.081546601250096 ], [ -70.865396316063638, -53.081564092861669 ], [ -70.865401160628238, -53.081569258172145 ], [ -70.865407374650417, -53.081575986879116 ], [ -70.865419985983252, -53.081588645028368 ], [ -70.865425492076, -53.081593780905656 ], [ -70.865445456328828, -53.081613497478855 ], [ -70.865453876919915, -53.081622315622518 ], [ -70.865461651522651, -53.081630089473187 ], [ -70.86547808272681, -53.081645792637332 ], [ -70.865482315687771, -53.08164988668068 ], [ -70.865500146236343, -53.081667339774143 ], [ -70.865503361864697, -53.081670430860072 ], [ -70.86551112160403, -53.081677757027457 ], [ -70.865534426329759, -53.081701315859178 ], [ -70.865546431993138, -53.081714340330215 ], [ -70.865549872243776, -53.081717991875045 ], [ -70.865563066261132, -53.081731695743485 ], [ -70.865572988280988, -53.081741422934243 ], [ -70.865584607602969, -53.081752190787626 ], [ -70.865594293557592, -53.081760730060161 ], [ -70.865599513553121, -53.081765111966142 ], [ -70.865625000281355, -53.081787952738331 ], [ -70.865642507576112, -53.081804730109226 ], [ -70.865650476409002, -53.081812346443087 ], [ -70.865663598938426, -53.081825372988654 ], [ -70.8656887856271, -53.081851358969267 ], [ -70.865695540646087, -53.081857665339314 ], [ -70.865721468960487, -53.081881440755268 ], [ -70.86573052734056, -53.081889954255324 ], [ -70.865744893746438, -53.081903796695514 ], [ -70.865748211044519, -53.081906934999722 ], [ -70.865755908008666, -53.081914085110355 ], [ -70.865780920288287, -53.081939060293188 ], [ -70.86578522948588, -53.081943696973617 ], [ -70.865794684818709, -53.081953302539219 ], [ -70.865805732241455, -53.081963915171059 ], [ -70.865815041910835, -53.081973100909309 ], [ -70.86582813147794, -53.081986371060623 ], [ -70.865829674059839, -53.08198794234648 ], [ -70.865843104492527, -53.082001684822771 ], [ -70.865849906148398, -53.082008792147306 ], [ -70.865861915930708, -53.082021610727011 ], [ -70.865872494382117, -53.082032747758589 ], [ -70.865910599538012, -53.082078797324158 ], [ -70.865918719710294, -53.082090203424691 ], [ -70.86593195515556, -53.082107942047486 ], [ -70.865933479006827, -53.082109998310642 ], [ -70.865945679159893, -53.082126571080622 ], [ -70.86595383301615, -53.082136926005539 ], [ -70.86596752185396, -53.082153222878922 ], [ -70.865970873119423, -53.08215726294393 ], [ -70.865985111059814, -53.082174645093389 ], [ -70.865991035058954, -53.082181571977252 ], [ -70.865993553375404, -53.08218439518717 ], [ -70.866019771859513, -53.082216851116669 ], [ -70.866020210528418, -53.082217454790303 ], [ -70.866029154211034, -53.082228874400009 ], [ -70.866040367831104, -53.082242207575732 ], [ -70.866046107133201, -53.082248761365548 ], [ -70.866060201841407, -53.082264232456751 ], [ -70.86607959069832, -53.082285071889267 ], [ -70.866083367241757, -53.082289025893665 ], [ -70.866101663848681, -53.082307724523034 ], [ -70.866118584470684, -53.08232494779174 ], [ -70.866126508999585, -53.082333213193444 ], [ -70.866140794804949, -53.082348485641852 ], [ -70.86615649517789, -53.082364944241661 ], [ -70.866167973665355, -53.082376173399624 ], [ -70.866182430712868, -53.082389418737037 ], [ -70.866184560629975, -53.082391381248534 ], [ -70.866203477794144, -53.082408911416543 ], [ -70.866206487580016, -53.082411656336703 ], [ -70.866234075788441, -53.082436420738908 ], [ -70.866256570880424, -53.082456463489173 ], [ -70.866260296197524, -53.082459719360031 ], [ -70.866277113119793, -53.08247414257319 ], [ -70.866289121524616, -53.082483872491217 ], [ -70.866308035561715, -53.082498363949014 ], [ -70.866310910655415, -53.082500538905599 ], [ -70.866337226680969, -53.082520196063825 ], [ -70.866361234091997, -53.082537863662267 ], [ -70.866379649301521, -53.082551982090763 ], [ -70.866387922331199, -53.082558592317831 ], [ -70.86639411397681, -53.082563402724865 ], [ -70.866404063960985, -53.082570920321324 ], [ -70.866423528260796, -53.082584479072096 ], [ -70.866425420921516, -53.082585695842354 ], [ -70.866447420310266, -53.082600479622442 ], [ -70.866463366583844, -53.082611684156738 ], [ -70.866473060216947, -53.082618232083831 ], [ -70.866482791184524, -53.08262455232115 ], [ -70.866495941913044, -53.08263332225998 ], [ -70.866510164260532, -53.082643061298349 ], [ -70.866517426158438, -53.082647811484236 ], [ -70.866544602990672, -53.08266660862521 ], [ -70.86657916301624, -53.082691895344531 ], [ -70.866578762626389, -53.082692093755824 ], [ -70.866613490561349, -53.082718965126823 ], [ -70.866614099793054, -53.082718689625843 ], [ -70.866646591849133, -53.082744741686113 ], [ -70.866655900695051, -53.082751498733856 ], [ -70.866660850181731, -53.082755017332332 ], [ -70.866665861409146, -53.082758506551549 ], [ -70.866694696799428, -53.082779873501856 ], [ -70.866699074344581, -53.082783328427951 ], [ -70.866705184583537, -53.082788219393684 ], [ -70.866720068312958, -53.082800303755434 ], [ -70.866727188313959, -53.082806183400265 ], [ -70.866743496685814, -53.082819882600539 ], [ -70.866746896090504, -53.082822761827828 ], [ -70.866761331602461, -53.082835091288921 ], [ -70.866769887276931, -53.082842557728192 ], [ -70.866771741219921, -53.082844211146075 ], [ -70.866818274561894, -53.082891767538371 ], [ -70.866819849052021, -53.082893629427581 ], [ -70.866827201013336, -53.082902011385244 ], [ -70.866839638930827, -53.082916850447639 ], [ -70.866854657228131, -53.082935623328446 ], [ -70.866862536292487, -53.082944740178796 ], [ -70.866873195504638, -53.082957569690606 ], [ -70.866881873524164, -53.082968444977588 ], [ -70.866892254968448, -53.082981314718815 ], [ -70.866905019303729, -53.082995763134406 ], [ -70.866914777384793, -53.083005897545988 ], [ -70.86692115915622, -53.083012279292006 ], [ -70.866937054402129, -53.08302759400182 ], [ -70.866939825577617, -53.083030285017983 ], [ -70.86695623200643, -53.083046342781316 ], [ -70.86696392714471, -53.08305356198187 ], [ -70.866979588427043, -53.083067655114363 ], [ -70.866985842787997, -53.083073107427005 ], [ -70.867003436156736, -53.083087971213494 ], [ -70.867008754649547, -53.083092351693018 ], [ -70.867028102425493, -53.083107889664262 ], [ -70.867033269824233, -53.083111942647498 ], [ -70.867055549300517, -53.083129012015235 ], [ -70.867058903716014, -53.083131544182201 ], [ -70.867083926363733, -53.083150156534479 ], [ -70.867085418763764, -53.08315127015964 ], [ -70.867100640103672, -53.083162666158486 ], [ -70.867107403725299, -53.083167585150598 ], [ -70.867117784771708, -53.083174920246904 ], [ -70.867132679884179, -53.083185785339843 ], [ -70.86714141175095, -53.083192362062249 ], [ -70.867148035710741, -53.083197210689441 ], [ -70.867167003543315, -53.083210705906161 ], [ -70.867180933735582, -53.083220917772621 ], [ -70.867200415286234, -53.08323563511 ], [ -70.867203052675805, -53.083237604563926 ], [ -70.867223387971606, -53.083252616967684 ], [ -70.867237282364727, -53.083262297863442 ], [ -70.867243657476081, -53.083266492096868 ], [ -70.867257514013744, -53.083275132739161 ], [ -70.867270873072002, -53.083283029301029 ], [ -70.867274686694259, -53.083285251720397 ], [ -70.86729544876269, -53.083297179921459 ], [ -70.867315591192977, -53.083308201429013 ], [ -70.86731551121504, -53.083308254470275 ], [ -70.867343656942666, -53.083323915038314 ], [ -70.867345890385437, -53.083325241705531 ], [ -70.867361053484203, -53.083334513290666 ], [ -70.867365200456007, -53.083337123455692 ], [ -70.867383955266959, -53.083349375251117 ], [ -70.86739110992319, -53.083354226594075 ], [ -70.867401415378879, -53.083360934407438 ], [ -70.867412359328569, -53.083367773441253 ], [ -70.867422497986283, -53.083374235999102 ], [ -70.867431172818385, -53.083379876232698 ], [ -70.867456733493952, -53.083395405807131 ], [ -70.867463377462855, -53.083399494125004 ], [ -70.867497052783946, -53.083420481483529 ], [ -70.867499119111642, -53.083421662425579 ], [ -70.867521601522711, -53.083435068256854 ], [ -70.867526736931836, -53.083438263115944 ], [ -70.867543453235484, -53.0834480328339 ], [ -70.867557309635018, -53.083455639791239 ], [ -70.867566749685565, -53.083460912783913 ], [ -70.867583476850299, -53.083470419080186 ], [ -70.867595336173949, -53.083477309720166 ], [ -70.867611627716059, -53.083486986749691 ], [ -70.867622063347071, -53.083492950863764 ], [ -70.867639154032048, -53.083502348053813 ], [ -70.867650824637096, -53.083508904232382 ], [ -70.867680234655069, -53.083525783335247 ], [ -70.867717271010477, -53.083546866397164 ], [ -70.867718343474536, -53.083547478096591 ], [ -70.867743214889032, -53.083561692402377 ], [ -70.867744998588179, -53.08356271513648 ], [ -70.867766374034488, -53.08357501249283 ], [ -70.867780396497452, -53.083583028408704 ], [ -70.867799057861703, -53.083592999694794 ], [ -70.867805963241224, -53.083596447533239 ], [ -70.867821767399477, -53.083603915365977 ], [ -70.867853176383647, -53.083617950865928 ], [ -70.867884000887287, -53.083631467603837 ], [ -70.867888292513058, -53.083633316940457 ], [ -70.867918691985309, -53.083646210908192 ], [ -70.867932015596097, -53.083651607659128 ], [ -70.867950671091918, -53.083658817991243 ], [ -70.867981018823855, -53.083670340515617 ], [ -70.867985736229087, -53.083672098202491 ], [ -70.86801202777076, -53.083681725433557 ], [ -70.868022709623546, -53.083685711394622 ], [ -70.868037334344933, -53.083691271743959 ], [ -70.868051700116396, -53.083696465833185 ], [ -70.868071182299104, -53.083703155915593 ], [ -70.868073737699461, -53.08370403742294 ], [ -70.868093915535681, -53.083711030172459 ], [ -70.868107246390139, -53.083715434764059 ], [ -70.868140762668546, -53.083725979485081 ], [ -70.868287260954588, -53.083786424223113 ], [ -70.868294151544575, -53.083790063316712 ], [ -70.868404727400659, -53.083862863201865 ], [ -70.868417150208188, -53.083873104621219 ], [ -70.868424427668302, -53.083879210864744 ], [ -70.868439652007439, -53.083892213004077 ], [ -70.868442927519638, -53.083895033442609 ], [ -70.868459490233803, -53.083909411166175 ], [ -70.868466392804407, -53.083915204666539 ], [ -70.868483145373176, -53.083928804592773 ], [ -70.868502756245505, -53.08394454183437 ], [ -70.868511128633472, -53.083951005157331 ], [ -70.86852452874048, -53.083960966173763 ], [ -70.868536328845764, -53.083969313054695 ], [ -70.868551635072151, -53.083979619581633 ], [ -70.868555364452178, -53.083982093492871 ], [ -70.868563243772869, -53.083987242933055 ], [ -70.868587550457221, -53.084001734304387 ], [ -70.868594261028448, -53.084005383760264 ], [ -70.868599825069495, -53.084008349593567 ], [ -70.86861450826899, -53.084016020673928 ], [ -70.868626170841267, -53.084021867703406 ], [ -70.868637168978651, -53.084027157228959 ], [ -70.868653447897074, -53.084035215912735 ], [ -70.868662881110694, -53.084040021684018 ], [ -70.868684068287848, -53.084051236036359 ], [ -70.868695522845982, -53.084057533879822 ], [ -70.868708641817506, -53.084064416134304 ], [ -70.868728609097133, -53.084074407583145 ], [ -70.868741706987493, -53.084081116645947 ], [ -70.868752742183148, -53.084086902401197 ], [ -70.86876584691889, -53.084093938163299 ], [ -70.868781182619372, -53.08410236884248 ], [ -70.868785916571099, -53.084104927033657 ], [ -70.868805181672599, -53.08411516064799 ], [ -70.868818700766667, -53.084122006307325 ], [ -70.868854701121322, -53.084139376518614 ], [ -70.868859533772081, -53.084141669101761 ], [ -70.868897625391668, -53.084159435484615 ], [ -70.868905040060554, -53.084162805762745 ], [ -70.868926408021267, -53.08417226900459 ], [ -70.868930679347741, -53.084174174814414 ], [ -70.868937740895504, -53.084177349067431 ], [ -70.869014470025718, -53.084216985151549 ], [ -70.8690217054979, -53.084221267909562 ], [ -70.869036149995125, -53.084229477990561 ], [ -70.869052658086616, -53.084239155379834 ], [ -70.869061624093021, -53.084244576315939 ], [ -70.869069877533093, -53.084249414703955 ], [ -70.86909164703205, -53.084261788169478 ], [ -70.869096413149265, -53.084264450314322 ], [ -70.869112618723648, -53.08427334504831 ], [ -70.869121830545012, -53.084278487274673 ], [ -70.86913963384383, -53.084288594375778 ], [ -70.869141423128468, -53.084289613585057 ], [ -70.869165793533554, -53.084303540755762 ], [ -70.869191057217265, -53.084317978401337 ], [ -70.869199628806214, -53.084322876874467 ], [ -70.869232005182113, -53.084342556240067 ], [ -70.869238965814063, -53.084347056470847 ], [ -70.869240376059182, -53.08434797077912 ], [ -70.86926038874023, -53.084360981649546 ], [ -70.869263503646863, -53.0843630193474 ], [ -70.869273839152726, -53.084369822369126 ], [ -70.869293214820274, -53.084381664570408 ], [ -70.869301926694348, -53.084386608932142 ], [ -70.869309188494711, -53.084390622709137 ], [ -70.869337757302773, -53.084405999523618 ], [ -70.869356822778883, -53.084416113644039 ], [ -70.869377226538688, -53.084427348724617 ], [ -70.869394218374367, -53.084437059104403 ], [ -70.869422544497226, -53.084453246710979 ], [ -70.86944581786814, -53.08446654679333 ], [ -70.869447798708265, -53.084467678787611 ], [ -70.869485459989349, -53.084490810792396 ], [ -70.869495482428519, -53.084497427663386 ], [ -70.86952980885431, -53.084519558352149 ], [ -70.869555334777061, -53.084535740928395 ], [ -70.869565744719154, -53.084542071646446 ], [ -70.869599210895672, -53.084561620327449 ], [ -70.869604496480122, -53.084564738565753 ], [ -70.869626818337665, -53.084578038640586 ], [ -70.869646131096218, -53.084589561887164 ], [ -70.869656519340523, -53.084595884037626 ], [ -70.869662601079554, -53.084599659294845 ], [ -70.869721336126219, -53.084640826669414 ], [ -70.869734208324886, -53.084651036706816 ], [ -70.869739189159802, -53.084655033258073 ], [ -70.869756008193818, -53.08466868635702 ], [ -70.869760421883313, -53.084672306931118 ], [ -70.869771714186058, -53.084681667723359 ], [ -70.869790643540469, -53.084696080267719 ], [ -70.869805643809897, -53.084706587439911 ], [ -70.869808732116155, -53.084708723359817 ], [ -70.869814464997106, -53.084712638232077 ], [ -70.869841443318606, -53.084732144955268 ], [ -70.869851886598994, -53.084740145044734 ], [ -70.86985801572132, -53.084744905639965 ], [ -70.869872401992865, -53.084756235655981 ], [ -70.869880436553842, -53.084762682256354 ], [ -70.869896369735415, -53.084775708315703 ], [ -70.869899279047985, -53.084778103369324 ], [ -70.869919606258122, -53.08479495349178 ], [ -70.869941782272477, -53.084813216201951 ], [ -70.869944051014258, -53.084815064082647 ], [ -70.869964210580164, -53.084831308256547 ], [ -70.869966472012081, -53.084833111478346 ], [ -70.86998466096064, -53.084847464423333 ], [ -70.870003773014147, -53.084862271448884 ], [ -70.870015220630265, -53.084870689986616 ], [ -70.870024708342356, -53.084877326995873 ], [ -70.870039961418527, -53.084888348026027 ], [ -70.870053646312257, -53.084898563237374 ], [ -70.870056366549349, -53.084900605859318 ], [ -70.870075309105999, -53.084914915478684 ], [ -70.870079530492518, -53.084918046377069 ], [ -70.870097794210395, -53.084931346225929 ], [ -70.870101694797341, -53.084934210648711 ], [ -70.87012042945878, -53.084948084785843 ], [ -70.870133758393493, -53.084958251549409 ], [ -70.870134143784966, -53.084958554319989 ], [ -70.870156309715526, -53.084976914428047 ], [ -70.870161692053586, -53.084981617967735 ], [ -70.870196731852005, -53.085015341912559 ], [ -70.870199050514969, -53.085017810256467 ], [ -70.870203434027673, -53.08502235174965 ], [ -70.870223071630434, -53.085042160779054 ], [ -70.870238532427862, -53.08505761503632 ], [ -70.87024201529006, -53.085061025009182 ], [ -70.870253977394356, -53.085072504209528 ], [ -70.870261573846605, -53.085079953833322 ], [ -70.870275320085099, -53.085093733380369 ], [ -70.870287344439063, -53.085105786819561 ], [ -70.870298771910456, -53.085116537637283 ], [ -70.870311282601435, -53.085127602191569 ], [ -70.870322584605489, -53.085137597788325 ], [ -70.870336572686014, -53.085150434904776 ], [ -70.870346172635976, -53.085159581837374 ], [ -70.870350169471564, -53.085163308199455 ], [ -70.870360598954377, -53.085172824282502 ], [ -70.870373213079461, -53.085183628723755 ], [ -70.870385218013723, -53.085193294456758 ], [ -70.870408587237051, -53.085211949645505 ], [ -70.870414878408837, -53.085216828499206 ], [ -70.870416068449927, -53.085217725487126 ], [ -70.870462877650596, -53.085257202826845 ], [ -70.870479984294761, -53.085273413993619 ], [ -70.870490520936016, -53.085283702204563 ], [ -70.870502901741702, -53.08529616304822 ], [ -70.870511208769088, -53.08530413957466 ], [ -70.870522866176714, -53.085314828766826 ], [ -70.870523932316402, -53.085315809156711 ], [ -70.870539556096432, -53.085330216911018 ], [ -70.870540219547394, -53.085330829801144 ], [ -70.870551729471771, -53.085341481930222 ], [ -70.870560562724904, -53.085349857545722 ], [ -70.870577828252124, -53.085366635127997 ], [ -70.870600418803633, -53.085388603162706 ], [ -70.870612717945235, -53.085401004412489 ], [ -70.870620503243046, -53.085409148987516 ], [ -70.870630284341942, -53.085418810010914 ], [ -70.870644682861652, -53.085432257845731 ], [ -70.87064680369852, -53.085434216195985 ], [ -70.870664414048633, -53.085450293998015 ], [ -70.870684680108667, -53.085468439694566 ], [ -70.87068718836467, -53.085470650883067 ], [ -70.870694786344828, -53.085477257853661 ], [ -70.870714918806271, -53.085495717350902 ], [ -70.870718620083764, -53.08549930009233 ], [ -70.87072701953916, -53.08550706809649 ], [ -70.870739067866481, -53.085517723430314 ], [ -70.870743231845736, -53.085521445892738 ], [ -70.870756643414609, -53.085533565312524 ], [ -70.870760473397297, -53.085537061517073 ], [ -70.870771959780299, -53.085547653758169 ], [ -70.870778087656802, -53.085553399609843 ], [ -70.870785686634989, -53.085560645163639 ], [ -70.870797178367042, -53.085571969785029 ], [ -70.870802590817604, -53.085577484676875 ], [ -70.870811308247752, -53.085586609756241 ], [ -70.870823631150174, -53.085599865889861 ], [ -70.870831632361686, -53.085608703830367 ], [ -70.87084097323428, -53.085619302199326 ], [ -70.870847323382819, -53.085626670778048 ], [ -70.870855764590402, -53.085636691169164 ], [ -70.870867767316369, -53.085651615779526 ], [ -70.870876740877506, -53.085663319475707 ], [ -70.870880583986789, -53.085668178090266 ], [ -70.870894483066607, -53.085685220831124 ], [ -70.870898152728699, -53.085689599015893 ], [ -70.87091411437369, -53.085708137100006 ], [ -70.870939336980115, -53.085737068464972 ], [ -70.870953776766285, -53.085753469756064 ], [ -70.870970790102845, -53.085772605355174 ], [ -70.870971398494959, -53.085773291213606 ], [ -70.870984452312086, -53.085788034575629 ], [ -70.870993224248807, -53.085797395328328 ], [ -70.871007140864677, -53.085811449654059 ], [ -70.871017884684548, -53.085822287485129 ], [ -70.871047879434201, -53.085855672365021 ], [ -70.871070411499772, -53.085883498808514 ], [ -70.87107973689379, -53.085895458674116 ], [ -70.871094530946522, -53.085915180551524 ], [ -70.871103365433996, -53.085926016394559 ], [ -70.871108738263857, -53.085932350852495 ], [ -70.871116026104744, -53.085940617220011 ], [ -70.87113047395485, -53.085957893061853 ], [ -70.871144242813131, -53.085975278746758 ], [ -70.871160244965722, -53.085995127624933 ], [ -70.871175349316147, -53.086013601747588 ], [ -70.871191803800272, -53.08603514381624 ], [ -70.871197326288041, -53.086042906775695 ], [ -70.871204439666201, -53.086052303576629 ], [ -70.871217872338548, -53.08606901898424 ], [ -70.871226883675845, -53.086080116001895 ], [ -70.871246173673583, -53.086105895616846 ], [ -70.871256186423409, -53.086120486196222 ], [ -70.871262271294356, -53.086129636013638 ], [ -70.87127329586491, -53.086146755476662 ], [ -70.871274811017216, -53.086149070020603 ], [ -70.871287776704662, -53.08616856071081 ], [ -70.871289999024796, -53.086171941030422 ], [ -70.871302342814417, -53.086190940452127 ], [ -70.871314374626039, -53.08620933314662 ], [ -70.871328226756262, -53.086230090246588 ], [ -70.871329924163149, -53.086232585332233 ], [ -70.871340576157223, -53.086247968893879 ], [ -70.871346633098341, -53.086256990400472 ], [ -70.871352674967994, -53.086266277097728 ], [ -70.871363800368286, -53.086284531382525 ], [ -70.871371109450052, -53.08629737677898 ], [ -70.871373468605029, -53.086301590803892 ], [ -70.87138101824813, -53.086315299742402 ], [ -70.871390768737456, -53.086334419690296 ], [ -70.87139644760407, -53.086346507641906 ], [ -70.871401767802141, -53.086358458283506 ], [ -70.871410979477346, -53.086380350784346 ], [ -70.871413988385285, -53.086387063694303 ], [ -70.871427439706238, -53.086415327341832 ], [ -70.871429990393736, -53.086420455217684 ], [ -70.871439780831082, -53.086439317760814 ], [ -70.871441373443687, -53.086442312304449 ], [ -70.871452343818362, -53.086462453455844 ], [ -70.871454467879047, -53.086466239177099 ], [ -70.871463248010102, -53.086481440800561 ], [ -70.871469772637838, -53.086491892277017 ], [ -70.871474808798993, -53.086499388569088 ], [ -70.871482705097151, -53.086511655435558 ], [ -70.87149384454905, -53.08652974208173 ], [ -70.871500459069949, -53.086540241321323 ], [ -70.871511825947067, -53.086559607711358 ], [ -70.871516895551835, -53.086568917065868 ], [ -70.871519590553532, -53.086573684572976 ], [ -70.871529920322033, -53.086591308886746 ], [ -70.871532004657482, -53.086594774176021 ], [ -70.871539999253883, -53.086607732850069 ], [ -70.871547812035701, -53.086619388763935 ], [ -70.871558026829902, -53.086634197849172 ], [ -70.871573359460612, -53.086657599782775 ], [ -70.87157994271341, -53.086666665234382 ], [ -70.871594914493642, -53.086688877806672 ], [ -70.871597460674707, -53.086692964994356 ], [ -70.871599613442712, -53.086696338041023 ], [ -70.871608509006421, -53.086709947575208 ], [ -70.871611509679909, -53.086714614701584 ], [ -70.871616462361501, -53.086722446932207 ], [ -70.871628156622094, -53.086742331775831 ], [ -70.871633044380388, -53.086751307107001 ], [ -70.871635981083145, -53.08675681927955 ], [ -70.871647411228267, -53.086778759128926 ], [ -70.871657827003034, -53.086798751739579 ], [ -70.871665699169967, -53.086812775832982 ], [ -70.871665492084091, -53.086812817930117 ], [ -70.87167507816946, -53.086830332376721 ], [ -70.871682079804643, -53.08684452282408 ], [ -70.871696149872704, -53.086870946575118 ], [ -70.871707864202662, -53.08689247916795 ], [ -70.871711731070974, -53.086899212108861 ], [ -70.871723967900692, -53.086919460710057 ], [ -70.871738142709745, -53.08694253325875 ], [ -70.87174082086581, -53.086946756643187 ], [ -70.871760391731826, -53.086976699994274 ], [ -70.871760693433785, -53.086977162311371 ], [ -70.871770923764927, -53.086992865881825 ], [ -70.871775344110361, -53.086999819914212 ], [ -70.871781892395234, -53.08701038275516 ], [ -70.871785812279214, -53.087016437415606 ], [ -70.871798200270234, -53.087034782562213 ], [ -70.87180102348151, -53.087038848664839 ], [ -70.871803238217538, -53.087041952452545 ], [ -70.871829574214274, -53.087084727332872 ], [ -70.871838070329687, -53.087101020724134 ], [ -70.87184320125796, -53.087109974779331 ], [ -70.871849456236035, -53.087121382765105 ], [ -70.871855586363708, -53.0871330863487 ], [ -70.871861147828668, -53.087142907609142 ], [ -70.871870391481778, -53.087158075028697 ], [ -70.871871681890255, -53.087160209062652 ], [ -70.871882555097528, -53.087178332947076 ], [ -70.871884930050129, -53.087182351257105 ], [ -70.871894445851282, -53.087198696481472 ], [ -70.871896287017634, -53.087201897579398 ], [ -70.871909702836064, -53.08722551078781 ], [ -70.871921255165859, -53.087245459961188 ], [ -70.871922892030227, -53.087248223642099 ], [ -70.871933426457929, -53.087265638995746 ], [ -70.871934128428748, -53.087266804465742 ], [ -70.871938804495969, -53.087274601656112 ], [ -70.871950984574127, -53.087296685755341 ], [ -70.871953858430203, -53.087302385824117 ], [ -70.8719564358897, -53.087307611715005 ], [ -70.871958979146029, -53.087312885614502 ], [ -70.871969580336369, -53.087337435958496 ], [ -70.871974204632608, -53.087349537867112 ], [ -70.87197569253442, -53.087353514029928 ], [ -70.87198159230816, -53.087369621246275 ], [ -70.871983843664779, -53.087375986615164 ], [ -70.871989406722349, -53.087392293865811 ], [ -70.871992039747241, -53.087399422378155 ], [ -70.871998135152865, -53.087414745050047 ], [ -70.872000798893396, -53.087421683196794 ], [ -70.872006161059545, -53.08743617273479 ], [ -70.872010495903268, -53.087448727199195 ], [ -70.872015927603954, -53.087465668286903 ], [ -70.872019914187376, -53.087477651121681 ], [ -70.872028717458335, -53.087510316371159 ], [ -70.872029606219513, -53.087514608360628 ], [ -70.872035263618869, -53.087540691256265 ], [ -70.872041047847148, -53.087566437884412 ], [ -70.872042234561988, -53.087571308587911 ], [ -70.872047410289895, -53.087591031806475 ], [ -70.872049583014686, -53.087599882073079 ], [ -70.872054539672902, -53.087621562671941 ], [ -70.872060296807291, -53.087646337118812 ], [ -70.872066469197165, -53.087671413230609 ], [ -70.872066968794456, -53.087673475732501 ], [ -70.872070301943168, -53.087687464496888 ], [ -70.872072709026895, -53.087698545067596 ], [ -70.872074594595404, -53.087708152187766 ], [ -70.87207617180718, -53.087716927131844 ], [ -70.872077540015482, -53.087725307888554 ], [ -70.872082853496863, -53.087746954910898 ], [ -70.87208705393239, -53.087759728071362 ], [ -70.87208968836336, -53.087768160920028 ], [ -70.872092880790902, -53.087778945389289 ], [ -70.872095848005969, -53.087787909562572 ], [ -70.872099988563619, -53.087799213696542 ], [ -70.872104479303445, -53.087810159887795 ], [ -70.872109227679871, -53.087820601157112 ], [ -70.872114326934266, -53.087832444658396 ], [ -70.872118327542438, -53.087842285970417 ], [ -70.87212294066218, -53.087854351726683 ], [ -70.872127732209961, -53.087867724070783 ], [ -70.87212953092822, -53.087872491910971 ], [ -70.87213629704803, -53.087889564117972 ], [ -70.872138588897414, -53.087895526336105 ], [ -70.872145811334121, -53.087914915890259 ], [ -70.872146743968756, -53.087917355927615 ], [ -70.87215631623657, -53.087941776076612 ], [ -70.872160492503951, -53.087953079916268 ], [ -70.872169790473762, -53.087979870534348 ], [ -70.872180161381024, -53.08800975277979 ], [ -70.872181899590828, -53.088014911854515 ], [ -70.872187195732764, -53.088031117745281 ], [ -70.8721905343549, -53.088042045559654 ], [ -70.872195827949028, -53.08806066250753 ], [ -70.872202518172259, -53.088083752524831 ], [ -70.87220326509096, -53.088086245292054 ], [ -70.87220917303199, -53.08810533977482 ], [ -70.872210543602421, -53.088109546322613 ], [ -70.87221690071793, -53.088128117225473 ], [ -70.872218564020642, -53.08813273048834 ], [ -70.872224421118432, -53.088148190498764 ], [ -70.872229353719391, -53.088159777866998 ], [ -70.872235613548128, -53.088173008066946 ], [ -70.872239231906477, -53.088180929596518 ], [ -70.87224803634281, -53.088200917661375 ], [ -70.872248791097135, -53.088202644842717 ], [ -70.87225929637971, -53.08822688253673 ], [ -70.87226620713551, -53.088242877360656 ], [ -70.872273748426636, -53.08826204800237 ], [ -70.872278721603934, -53.088276051950956 ], [ -70.87227994298118, -53.088279559756209 ], [ -70.872290166009279, -53.088309513276819 ], [ -70.872291135730933, -53.088312267131776 ], [ -70.872298586932359, -53.08833279156012 ], [ -70.872300789427442, -53.088338500386634 ], [ -70.872308888628211, -53.088358316764818 ], [ -70.872310112280587, -53.088361226746926 ], [ -70.872317767820277, -53.088378934700472 ], [ -70.872321350228162, -53.088386653425161 ], [ -70.872325454188484, -53.088394924148822 ], [ -70.872334313580637, -53.088414356440722 ], [ -70.872339674693052, -53.08842724070265 ], [ -70.872344533418357, -53.088439663469146 ], [ -70.872349544892273, -53.088453344587855 ], [ -70.872350570487598, -53.088456064387643 ], [ -70.872359706362928, -53.088479611384152 ], [ -70.872364681695728, -53.08849215027189 ], [ -70.872370579419425, -53.088508326908155 ], [ -70.872371835475874, -53.088512103436081 ], [ -70.872378712769745, -53.088529251648474 ], [ -70.872379589419381, -53.088531113568372 ], [ -70.872388437146256, -53.088551761842702 ], [ -70.872392102552681, -53.08856124025391 ], [ -70.872394723560618, -53.088567596830785 ], [ -70.872401334679623, -53.088582686420317 ], [ -70.872404770912937, -53.088590838363693 ], [ -70.872409619951654, -53.088602810130084 ], [ -70.87241408323824, -53.088614506290284 ], [ -70.872417920844143, -53.088625216134631 ], [ -70.872421466882741, -53.088635718118589 ], [ -70.872424920389889, -53.088646610043703 ], [ -70.872428999380503, -53.088657892028856 ], [ -70.872429386104187, -53.088658843445181 ], [ -70.87243999447972, -53.088689540077596 ], [ -70.872443281520873, -53.088701051918463 ], [ -70.872444067060897, -53.088703855781489 ], [ -70.872449141929081, -53.088722328353647 ], [ -70.872457113875896, -53.088750227142853 ], [ -70.872464229395277, -53.088773874973498 ], [ -70.872465066756547, -53.088776709757781 ], [ -70.872471230000144, -53.088797968029972 ], [ -70.872477043587182, -53.088817608276472 ], [ -70.872479714652556, -53.088827235753925 ], [ -70.872486289879845, -53.088852630424135 ], [ -70.872487112339556, -53.088855885484975 ], [ -70.872492083865026, -53.088876056213344 ], [ -70.872493393181401, -53.088880990074706 ], [ -70.872499202546919, -53.088901419943568 ], [ -70.872500337438908, -53.088905215369174 ], [ -70.872506903832857, -53.088926141204681 ], [ -70.872508628080425, -53.088931303640905 ], [ -70.872517729982746, -53.088956994076156 ], [ -70.872526767145303, -53.088982544916064 ], [ -70.872529350228675, -53.08898933049025 ], [ -70.872532932493087, -53.088998113431593 ], [ -70.872538044839033, -53.089011531776769 ], [ -70.872544332399229, -53.089029278416291 ], [ -70.872547294242565, -53.089036972735933 ], [ -70.872553039596966, -53.089050789023226 ], [ -70.8725540259463, -53.089053189012787 ], [ -70.872560578785112, -53.089069323592284 ], [ -70.872567765530363, -53.089086471868178 ], [ -70.872570086661653, -53.089092166595229 ], [ -70.872574820319727, -53.089104116615076 ], [ -70.872578236996276, -53.089113154258307 ], [ -70.872583173879718, -53.08912686450158 ], [ -70.872583620596203, -53.089128114001568 ], [ -70.872591712160556, -53.089150898197204 ], [ -70.872593179478642, -53.089154854896584 ], [ -70.872599730492439, -53.089171799648248 ], [ -70.872605645939998, -53.089186760280533 ], [ -70.872609908275535, -53.089198200575694 ], [ -70.87261410969883, -53.08921020868857 ], [ -70.872615312387893, -53.089213522137221 ], [ -70.872622388140655, -53.089232333085505 ], [ -70.872632276531931, -53.089258520722581 ], [ -70.872634818770791, -53.089265510125479 ], [ -70.872638010530778, -53.08927463285179 ], [ -70.872642458713415, -53.089288409492724 ], [ -70.872645123394534, -53.089297410329927 ], [ -70.872647447872836, -53.089304584770495 ], [ -70.872652412216482, -53.089318682164659 ], [ -70.872653273554491, -53.089321064341505 ], [ -70.872657808036379, -53.089333285863013 ], [ -70.872661210343651, -53.089342954692313 ], [ -70.872665489195086, -53.089355809760669 ], [ -70.872667190269851, -53.089360644041612 ], [ -70.872669530419003, -53.089366951448483 ], [ -70.872675902564382, -53.089386065662808 ], [ -70.872677813678138, -53.089392521244584 ], [ -70.872680037613222, -53.089399409117242 ], [ -70.872683253428249, -53.08940860042182 ], [ -70.872687701640146, -53.089422377060515 ], [ -70.872691431638245, -53.089434976531599 ], [ -70.872695142048642, -53.089447510049915 ], [ -70.872698905680053, -53.089461496065731 ], [ -70.87270065912854, -53.08946873298683 ], [ -70.872703630797218, -53.089479245170743 ], [ -70.872709054344227, -53.089496013373839 ], [ -70.872712809780467, -53.089508572435541 ], [ -70.872716183111706, -53.089520850710016 ], [ -70.872717795705881, -53.089526302061074 ], [ -70.872721714880655, -53.089538666415642 ], [ -70.872726226559237, -53.089551004901793 ], [ -70.872728433910652, -53.089556324079744 ], [ -70.872737715970572, -53.089581820341394 ], [ -70.872740745707162, -53.089591475252917 ], [ -70.872742708898002, -53.089597306963327 ], [ -70.872751124869879, -53.089620710440933 ], [ -70.872752552532134, -53.089624771154675 ], [ -70.872757812925869, -53.08964008211489 ], [ -70.872759293404073, -53.089644196660274 ], [ -70.872764151014692, -53.089657110315017 ], [ -70.872768178591798, -53.089668500445406 ], [ -70.872777555493357, -53.089696815661398 ], [ -70.872779972731792, -53.089704075488712 ], [ -70.872789187938125, -53.089738722112294 ], [ -70.872789914516574, -53.089742357814863 ], [ -70.872791622597475, -53.089749842421142 ], [ -70.872795394861882, -53.089764534781423 ], [ -70.872797632419832, -53.089773901873045 ], [ -70.872800707592859, -53.089787814209572 ], [ -70.872802305956483, -53.089794316338434 ], [ -70.87281012896635, -53.089823214867017 ], [ -70.872811688966635, -53.089828568776966 ], [ -70.872814380979307, -53.08983719319184 ], [ -70.872818404610626, -53.089851321838239 ], [ -70.872821858453847, -53.0898647304927 ], [ -70.872823109190108, -53.08986977531751 ], [ -70.872827371185039, -53.089887659283697 ], [ -70.872832845876815, -53.089910427291336 ], [ -70.872836991207663, -53.089924493424661 ], [ -70.872842361879165, -53.089939859286083 ], [ -70.872848892162594, -53.089958577301843 ], [ -70.87285178036197, -53.089967282780066 ], [ -70.872860414406716, -53.089994714035285 ], [ -70.872860840489594, -53.089996079478432 ], [ -70.87286611127233, -53.090013113144281 ], [ -70.872869381530975, -53.090022551907758 ], [ -70.872877722942775, -53.090044283123795 ], [ -70.872879757958358, -53.09004931937919 ], [ -70.872888522710326, -53.090069969640659 ], [ -70.872893206696432, -53.090080025114787 ], [ -70.872900756874202, -53.090094895267939 ], [ -70.87290212671148, -53.090097623849445 ], [ -70.872909095905484, -53.090111667558013 ], [ -70.872915092778371, -53.090124436415906 ], [ -70.87292076382397, -53.090137230091713 ], [ -70.872923762098694, -53.090143614163317 ], [ -70.872930724768224, -53.090157644847004 ], [ -70.872935087643853, -53.090166788060159 ], [ -70.872940438625122, -53.09017846681045 ], [ -70.872944811580652, -53.090188457501057 ], [ -70.872950509517537, -53.090202110615884 ], [ -70.872952695838464, -53.090207105738727 ], [ -70.872959555407604, -53.090222076845087 ], [ -70.872962912278666, -53.090229661273995 ], [ -70.872970099991889, -53.090246489892898 ], [ -70.872973049562475, -53.090253395826743 ], [ -70.872983324782453, -53.09028103832172 ], [ -70.872985553406707, -53.090288066278468 ], [ -70.872986106553213, -53.090289829804014 ], [ -70.872990702326476, -53.090304644054079 ], [ -70.872994224802909, -53.090316941909542 ], [ -70.872997313518425, -53.090328698254432 ], [ -70.872999550761634, -53.090337819093584 ], [ -70.873001545087959, -53.090346570016074 ], [ -70.873004892291789, -53.090363689607209 ], [ -70.87300653238124, -53.090373733384006 ], [ -70.873007992386562, -53.090383846436275 ], [ -70.873010488584313, -53.090403739456285 ], [ -70.873010619027738, -53.090404796588899 ], [ -70.873012984257301, -53.090424256434098 ], [ -70.873013991795261, -53.0904339990023 ], [ -70.873015485855831, -53.090451511435035 ], [ -70.873016023014799, -53.090456654609561 ], [ -70.873017824609576, -53.090471234942406 ], [ -70.873019202089708, -53.090485403078013 ], [ -70.873020748067361, -53.090507201784604 ], [ -70.873021172462842, -53.090514624330062 ], [ -70.873021811205987, -53.090529330225934 ], [ -70.873022634606002, -53.090548287490506 ], [ -70.873023056405685, -53.090557998641245 ], [ -70.873023062873386, -53.090581342616254 ], [ -70.873022637511127, -53.090591261479922 ], [ -70.873022554173417, -53.090593063075211 ], [ -70.873021265327409, -53.090619073831704 ], [ -70.873020548347739, -53.090629488983247 ], [ -70.873018239523191, -53.090655679424913 ], [ -70.873016900256715, -53.090667783461782 ], [ -70.873016361231308, -53.090671829368269 ], [ -70.873015295435025, -53.090695644967781 ], [ -70.873015756981047, -53.090706271188139 ], [ -70.873016681845698, -53.090727564418387 ], [ -70.873017634028216, -53.090749486562501 ], [ -70.873018976451604, -53.090780393191778 ], [ -70.873019979368351, -53.090803483318737 ], [ -70.873021345210518, -53.090834929016786 ], [ -70.873022582275468, -53.090863409834554 ], [ -70.873023483734215, -53.090884163995064 ], [ -70.873024408608629, -53.090905457224558 ], [ -70.87302533738665, -53.090926840298827 ], [ -70.873026385646739, -53.090950974152776 ], [ -70.873026623544007, -53.090959669469775 ], [ -70.873026864221075, -53.090981013028063 ], [ -70.873026983164024, -53.090985360551777 ], [ -70.873027502130583, -53.090997308568966 ], [ -70.873027752990694, -53.091010576135389 ], [ -70.873027679927063, -53.091023568742727 ], [ -70.87302788758727, -53.091054057907328 ], [ -70.873027892071875, -53.091054893515583 ], [ -70.873027971373574, -53.091076193851556 ], [ -70.873027972768156, -53.091077690679214 ], [ -70.873027939419785, -53.091096136196228 ], [ -70.873027812137181, -53.091103960855136 ], [ -70.873027285388474, -53.091121097191753 ], [ -70.873026776015337, -53.091131347782614 ], [ -70.873025592734763, -53.091148576718133 ], [ -70.873025275919787, -53.091157157505336 ], [ -70.873025219683001, -53.091168010347864 ], [ -70.873025345403533, -53.091174583754267 ], [ -70.873026697312753, -53.091205708165063 ], [ -70.873027985130122, -53.091235356963963 ], [ -70.873028697828758, -53.091251765058409 ], [ -70.873028946986267, -53.091261716637987 ], [ -70.873029085871892, -53.091282659197354 ], [ -70.873029210446944, -53.09128763489727 ], [ -70.873030031195754, -53.091306530525756 ], [ -70.873030959990075, -53.091327913598519 ], [ -70.87303202572447, -53.091352449326713 ], [ -70.873032476420775, -53.091359077674738 ], [ -70.873033526194931, -53.091370417660755 ], [ -70.873034427466749, -53.091383674988009 ], [ -70.873035427198047, -53.09140669108028 ], [ -70.873036145948944, -53.09142323834385 ], [ -70.873036396817412, -53.091436505909286 ], [ -70.873036332935428, -53.091447863425735 ], [ -70.873036458281547, -53.091454496895146 ], [ -70.873037243041523, -53.09147256379422 ], [ -70.873038144527257, -53.091493317952391 ], [ -70.873039046014085, -53.091514072110478 ], [ -70.873039888101374, -53.091533458740194 ], [ -70.873040203410355, -53.091538527637205 ], [ -70.873041841690139, -53.091558753775338 ], [ -70.873042473105301, -53.091568909897617 ], [ -70.873043230022617, -53.091586363174827 ], [ -70.873044238763057, -53.091609552014312 ], [ -70.873044463262161, -53.091614720428481 ], [ -70.873043753617409, -53.091649307033521 ], [ -70.873042647362226, -53.091662392054218 ], [ -70.873042445215745, -53.091664669775014 ], [ -70.873040891778814, -53.09168137444869 ], [ -70.873040471528512, -53.091687288535283 ], [ -70.873039814548235, -53.091700656431371 ], [ -70.873039778857034, -53.091713171766052 ], [ -70.873040408525682, -53.091727667960946 ], [ -70.873040981907977, -53.091740868323718 ], [ -70.873041235079185, -53.091753642087063 ], [ -70.873041192070502, -53.09176494371232 ], [ -70.873041170206406, -53.091767507284196 ], [ -70.873040960341044, -53.091783319076647 ], [ -70.873040903955882, -53.091800116522954 ], [ -70.873040747308934, -53.09180845815478 ], [ -70.873040343213702, -53.091820272894914 ], [ -70.873039148261682, -53.091838068781541 ], [ -70.873038593755311, -53.091843604857651 ], [ -70.873037919330883, -53.091856364901979 ], [ -70.873037854172665, -53.091867971478138 ], [ -70.873037979521825, -53.091874604947094 ], [ -70.873038764294407, -53.091892671844874 ], [ -70.873039422998247, -53.091907836395052 ], [ -70.873040510218374, -53.09192007584236 ], [ -70.873041356519181, -53.091926373490736 ], [ -70.873044976608938, -53.091944349724407 ], [ -70.873050666226433, -53.091970313199212 ], [ -70.87305224961672, -53.09197964805599 ], [ -70.87305264153386, -53.091982021076134 ], [ -70.873056043268789, -53.092003187564082 ], [ -70.873057188702248, -53.092009409207847 ], [ -70.873060591416774, -53.092025801837323 ], [ -70.873062189154524, -53.092034129427986 ], [ -70.873065166912298, -53.092051032851202 ], [ -70.873068321018962, -53.092067904548493 ], [ -70.873070739953477, -53.092078503100886 ], [ -70.87307247449597, -53.092084949946454 ], [ -70.873077130213147, -53.092105147643316 ], [ -70.873077409627712, -53.092106601614354 ], [ -70.873081742663189, -53.092123489636528 ], [ -70.873082500126912, -53.092125844045604 ], [ -70.873088745473098, -53.092142434043723 ], [ -70.873096299657377, -53.092162010442891 ], [ -70.873098757059296, -53.092169230970384 ], [ -70.87310459424954, -53.092185851937202 ], [ -70.873107120852097, -53.092193362401744 ], [ -70.87310793599201, -53.092195896164789 ], [ -70.873121211568943, -53.092267754872616 ], [ -70.873121217880595, -53.092267882979591 ], [ -70.873121303797731, -53.092269716434096 ], [ -70.873122266999033, -53.092291889777322 ], [ -70.873122468115596, -53.092296519570951 ], [ -70.873114849716316, -53.092373362087166 ], [ -70.873085557136847, -53.092448294359734 ], [ -70.873084330377651, -53.092450546313152 ], [ -70.873071018020397, -53.092482987085603 ], [ -70.873069869473596, -53.09248736966488 ], [ -70.873066089948722, -53.092502898071729 ], [ -70.873065035436582, -53.092507571635728 ], [ -70.873062215115951, -53.092521138742285 ], [ -70.873060704172957, -53.0925297520808 ], [ -70.873059667385206, -53.092536996325101 ], [ -70.873058292460939, -53.092555541714383 ], [ -70.873058255878064, -53.092562297936382 ], [ -70.87305798608503, -53.092573002916019 ], [ -70.873057507976981, -53.092583626033601 ], [ -70.873057498639994, -53.092595582274313 ], [ -70.873058218542639, -53.092612155140117 ], [ -70.873058897560881, -53.092627786791532 ], [ -70.87305915233938, -53.09263911186838 ], [ -70.873059172438232, -53.092652013908989 ], [ -70.873059299815921, -53.092657676177865 ], [ -70.87305994774637, -53.092672592125282 ], [ -70.873060342715263, -53.092678604052878 ], [ -70.873061319292162, -53.092689701902565 ], [ -70.873062109395761, -53.092701726114733 ], [ -70.873062776955194, -53.092717093891629 ], [ -70.873063704849315, -53.092738454767229 ], [ -70.87305887453455, -53.092802566083996 ], [ -70.87305825288729, -53.092805755584095 ], [ -70.873053625438672, -53.092825646372354 ], [ -70.873048909188739, -53.092843073508497 ], [ -70.873045477070946, -53.092856199813944 ], [ -70.873042490843915, -53.092870741057659 ], [ -70.873041471313158, -53.09287752668763 ], [ -70.873039127105699, -53.092890894617888 ], [ -70.873037677234151, -53.092898125854305 ], [ -70.87303574390593, -53.092910754940384 ], [ -70.87303462064078, -53.092921361960173 ], [ -70.873032109084789, -53.092949096576675 ], [ -70.873031598373387, -53.092958584241181 ], [ -70.873031168275205, -53.092982222779831 ], [ -70.873030990812069, -53.092988262957917 ], [ -70.873030212724274, -53.093007459311977 ], [ -70.87303013329452, -53.093009268397175 ], [ -70.873029453990668, -53.093023649255869 ], [ -70.873029430826818, -53.093035906180084 ], [ -70.873030397871375, -53.093058168467969 ], [ -70.873031198831868, -53.093076607319745 ], [ -70.873031479207725, -53.093081236135014 ], [ -70.873033090680778, -53.093101967784222 ], [ -70.873033711297055, -53.093108133855104 ], [ -70.873035507019182, -53.093122665186293 ], [ -70.873037789351827, -53.093135856087336 ], [ -70.873040077712389, -53.093146129165916 ], [ -70.873042352563147, -53.093157425230615 ], [ -70.873046143364178, -53.093178475995579 ], [ -70.873046803519344, -53.09318189741537 ], [ -70.873049822874037, -53.093196562415208 ], [ -70.873052769124484, -53.093213494922452 ], [ -70.873054718205609, -53.093227196791517 ], [ -70.873056526257713, -53.093243307850621 ], [ -70.873057330262952, -53.093253080051156 ], [ -70.873057989002064, -53.093263561740905 ], [ -70.873058455456757, -53.093274299723333 ], [ -70.873058960811747, -53.093281504856762 ], [ -70.873059810101964, -53.093290273799816 ], [ -70.87306082085216, -53.09330468496502 ], [ -70.873061231759081, -53.093314144186174 ], [ -70.873061610914874, -53.093319974122196 ], [ -70.873062834400599, -53.09333409432849 ], [ -70.873063679823474, -53.093341498645415 ], [ -70.873065379362558, -53.09335348525498 ], [ -70.8730674208023, -53.093364606169636 ], [ -70.873069632220961, -53.093374410608554 ], [ -70.873072856607351, -53.093386303267657 ], [ -70.873074194909648, -53.093390524157378 ], [ -70.873074169940878, -53.093390526977885 ], [ -70.873074427722102, -53.093391173301811 ], [ -70.873077541428884, -53.093401075020978 ], [ -70.873078468046785, -53.093404077238759 ], [ -70.873084185620812, -53.093422960330521 ], [ -70.873090479424093, -53.093442871869328 ], [ -70.87309303053884, -53.093450233152538 ], [ -70.873097692839949, -53.093462626160445 ], [ -70.873100938278853, -53.093471685361692 ], [ -70.873105510834534, -53.093485120356924 ], [ -70.873107041262472, -53.093489404302957 ], [ -70.87311148438755, -53.093501276247487 ], [ -70.873114373167454, -53.093508444310721 ], [ -70.873119308047364, -53.093519867703534 ], [ -70.873121740784427, -53.093525225760494 ], [ -70.873126172759072, -53.093534533933671 ], [ -70.8731327949437, -53.093547048389112 ], [ -70.873139123073017, -53.093557899262812 ], [ -70.873140561100669, -53.093560320816593 ], [ -70.873149200478636, -53.093574609643063 ], [ -70.873158985920625, -53.093589185389384 ], [ -70.873172147946349, -53.093606971936296 ], [ -70.873175141224593, -53.093611071830807 ], [ -70.873180623879463, -53.093618684103141 ], [ -70.873193047052723, -53.093637030617209 ], [ -70.873199274914754, -53.09364684141245 ], [ -70.873202754863414, -53.093652122115543 ], [ -70.873211502543825, -53.093664921913586 ], [ -70.873219765005544, -53.093677550436176 ], [ -70.873225770677877, -53.093687152369363 ], [ -70.87323282667947, -53.093698928602556 ], [ -70.873238056486812, -53.093708053209873 ], [ -70.873244883007544, -53.093719026596006 ], [ -70.873252511588333, -53.093730378716891 ], [ -70.873255244030361, -53.093734335808939 ], [ -70.873264506896277, -53.093747397570979 ], [ -70.873270404902982, -53.093755957834937 ], [ -70.873278819473484, -53.093768535499386 ], [ -70.873281538390145, -53.093772490556113 ], [ -70.873292139951261, -53.093787505312186 ], [ -70.873295620652712, -53.093792280278123 ], [ -70.873301278562579, -53.093799803565808 ], [ -70.87331309970898, -53.093816401788452 ], [ -70.873322464496269, -53.093830316680126 ], [ -70.873332082205579, -53.093844373866652 ], [ -70.87334161147507, -53.093859025106724 ], [ -70.873349679343718, -53.09387209911268 ], [ -70.873360831692878, -53.093890171443739 ], [ -70.873364010213365, -53.093895141137068 ], [ -70.873373424804427, -53.093909355887206 ], [ -70.873374649102288, -53.093911216461635 ], [ -70.873379490013235, -53.093918621525091 ], [ -70.873390322903091, -53.093936336021379 ], [ -70.873400805332167, -53.093952694224519 ], [ -70.873405899754005, -53.093959832229949 ], [ -70.873409689787607, -53.093965239488007 ], [ -70.873411484232477, -53.093967847286983 ], [ -70.873429854638744, -53.093997444871611 ], [ -70.873437925479976, -53.094011988522226 ], [ -70.873450399189707, -53.094034077820268 ], [ -70.873452678700417, -53.094037990792465 ], [ -70.873464054968665, -53.094056948761242 ], [ -70.873473801264467, -53.094073127767103 ], [ -70.873479847280322, -53.094083562753042 ], [ -70.873486481922285, -53.094095482982354 ], [ -70.873492705263558, -53.094107194002106 ], [ -70.873500830372365, -53.09412323652009 ], [ -70.873513928050883, -53.09414841352698 ], [ -70.873523411040551, -53.094166245105562 ], [ -70.873535610946291, -53.094192476820432 ], [ -70.873535716696495, -53.094192459781425 ], [ -70.873543218586434, -53.094209299957654 ], [ -70.873543400114073, -53.094209669131473 ], [ -70.87355567988142, -53.094237992514266 ], [ -70.873556879796752, -53.09424118201531 ], [ -70.873559420583874, -53.094247508630261 ], [ -70.873561874377273, -53.094253252763778 ], [ -70.873570841050395, -53.094276864808563 ], [ -70.873573573352743, -53.094285072392992 ], [ -70.87358045770921, -53.094305769558126 ], [ -70.873586409893619, -53.094323664368176 ], [ -70.873588364486821, -53.09432918026755 ], [ -70.87359228775739, -53.094339608124038 ], [ -70.873597482484186, -53.094354596683388 ], [ -70.873600578676943, -53.094364358950195 ], [ -70.873603305703611, -53.094373465679411 ], [ -70.8736072065971, -53.094387306998335 ], [ -70.87360856535723, -53.094391845468316 ], [ -70.873613505749518, -53.094407428805567 ], [ -70.873615866779645, -53.094414292742293 ], [ -70.873619218118023, -53.09442332373952 ], [ -70.873623255831561, -53.094434920641902 ], [ -70.873627742014833, -53.094448709229574 ], [ -70.873628423046497, -53.094450829104176 ], [ -70.873632311902028, -53.094463093836133 ], [ -70.87363715825191, -53.094480155902566 ], [ -70.873640765703442, -53.094494516733882 ], [ -70.873646787833806, -53.094517910633428 ], [ -70.873647022131067, -53.094518827314324 ], [ -70.87365198565594, -53.094538375870016 ], [ -70.873657263036819, -53.094554959500343 ], [ -70.873661849467041, -53.094566919703269 ], [ -70.873666733513517, -53.094578290919024 ], [ -70.873671930636675, -53.094589205515824 ], [ -70.873673556973017, -53.094592673124069 ], [ -70.873677371789213, -53.094600934146897 ], [ -70.873692669664038, -53.094627490714082 ], [ -70.8736979851423, -53.094635134545143 ], [ -70.873705590422986, -53.094646005736138 ], [ -70.873719702370778, -53.094667738893861 ], [ -70.873724889401345, -53.094676382615702 ], [ -70.873726739568568, -53.094679501638488 ], [ -70.873736788493119, -53.094696641450511 ], [ -70.873740275028325, -53.094702726605306 ], [ -70.873742492518943, -53.094706688828239 ], [ -70.873756716614793, -53.09473519114438 ], [ -70.873761913259415, -53.094747011370359 ], [ -70.87376272467688, -53.094748873138023 ], [ -70.873765563006486, -53.094755442844679 ], [ -70.873773563199649, -53.094775915732711 ], [ -70.873774923729826, -53.094779803431493 ], [ -70.873778427731466, -53.094790452130567 ], [ -70.873783390897117, -53.0948065535013 ], [ -70.873786474780587, -53.094815532424079 ], [ -70.873790393455266, -53.094825872957401 ], [ -70.873796463030757, -53.094843513001798 ], [ -70.873799058607375, -53.0948518993997 ], [ -70.873802081092691, -53.094862348806366 ], [ -70.873805962108918, -53.094876771495535 ], [ -70.873807210333354, -53.094881137015996 ], [ -70.873812531551337, -53.094898709726699 ], [ -70.87381411630011, -53.094904130751367 ], [ -70.873816355273505, -53.094912075121314 ], [ -70.873823494129851, -53.094931918110795 ], [ -70.873827869157367, -53.094941878165706 ], [ -70.873833200303849, -53.09495406344751 ], [ -70.873841303945454, -53.094970124171539 ], [ -70.87384759744802, -53.094981103939269 ], [ -70.873849547693979, -53.094984421964938 ], [ -70.873855655883887, -53.094994560610758 ], [ -70.873863225174532, -53.09500611681473 ], [ -70.873868613028634, -53.09501371958013 ], [ -70.873880598455003, -53.095031696299635 ], [ -70.873888457422936, -53.095044260733935 ], [ -70.873900290706146, -53.095063228006886 ], [ -70.873908026795718, -53.095075628228301 ], [ -70.873916630232884, -53.095088241893151 ], [ -70.873928813020001, -53.095104665696098 ], [ -70.873932757974558, -53.09510980869095 ], [ -70.873936905644058, -53.095115041815923 ], [ -70.873953974672219, -53.09513824104917 ], [ -70.873962898249133, -53.09515135727959 ], [ -70.873984532113781, -53.0951874863188 ], [ -70.873985637356469, -53.095189613086333 ], [ -70.873995657601682, -53.095210682230842 ], [ -70.873996385644787, -53.095212367565331 ], [ -70.874001481566111, -53.095223066797878 ], [ -70.874006503193471, -53.095232702710419 ], [ -70.874015927533307, -53.095252339321938 ], [ -70.87401817875255, -53.095257464575099 ], [ -70.874022943555602, -53.09526738378046 ], [ -70.874030428831446, -53.095281722906101 ], [ -70.87403668054499, -53.095293443430222 ], [ -70.874046428397051, -53.095313275255357 ], [ -70.874050495114531, -53.095322308099867 ], [ -70.874050737210851, -53.095322847230754 ], [ -70.874059794438494, -53.095343063941613 ], [ -70.874060943692101, -53.095345660135003 ], [ -70.874068720496524, -53.095363441222318 ], [ -70.874075675089188, -53.095380724231582 ], [ -70.874081298825871, -53.095396016189255 ], [ -70.874083574173653, -53.095402424652448 ], [ -70.874088689509264, -53.095417363014043 ], [ -70.874092351324876, -53.095426983298147 ], [ -70.874102197037203, -53.095450467097031 ], [ -70.874105343294971, -53.095457490287735 ], [ -70.874113028507836, -53.095473603166027 ], [ -70.874117778873412, -53.095484034431166 ], [ -70.874122750651935, -53.095495491005885 ], [ -70.874131792370747, -53.095514115716092 ], [ -70.874131599230907, -53.095514149685798 ], [ -70.87414400128668, -53.095540743083625 ], [ -70.874144112500048, -53.095541023457763 ], [ -70.874148366756074, -53.095550778978364 ], [ -70.874153965499445, -53.095562536392933 ], [ -70.874162999860218, -53.095580963692655 ], [ -70.874164003461075, -53.095582967988825 ], [ -70.874169105388503, -53.095592975291098 ], [ -70.874178567254745, -53.095613210433811 ], [ -70.87418256682578, -53.095622600809577 ], [ -70.874185427951929, -53.09562954775329 ], [ -70.874191129489077, -53.09564387900101 ], [ -70.874192365071835, -53.09564703484827 ], [ -70.874197629217065, -53.095660701385256 ], [ -70.87420173008266, -53.095670367076117 ], [ -70.874202471879357, -53.095671966422145 ], [ -70.8742233000998, -53.095732878263391 ], [ -70.874226778589147, -53.095748439917209 ], [ -70.874229269236665, -53.095760896215225 ], [ -70.874230995213239, -53.095770677260099 ], [ -70.874233291853301, -53.095781281848218 ], [ -70.874234208580205, -53.095784850531935 ], [ -70.874238610882173, -53.095804988876026 ], [ -70.874239834669865, -53.095811769478253 ], [ -70.874241434993124, -53.095819412374162 ], [ -70.874243989521986, -53.095830128879108 ], [ -70.874246642887584, -53.095842473017981 ], [ -70.874248950249253, -53.095854516296178 ], [ -70.874253662037944, -53.095877361966132 ], [ -70.874254808710035, -53.095883237797729 ], [ -70.874255862486478, -53.095888962611546 ], [ -70.874259280820539, -53.095913818459046 ], [ -70.874260056785488, -53.095922326290555 ], [ -70.874260221978957, -53.095924209112127 ], [ -70.874261532362965, -53.095939770750164 ], [ -70.874262234209795, -53.095950765296664 ], [ -70.8742629754571, -53.095967816474911 ], [ -70.87426395188858, -53.09599027765227 ], [ -70.874264854112425, -53.096011031780051 ], [ -70.874265020660715, -53.096014862938127 ], [ -70.874252423724926, -53.09610964297331 ], [ -70.874206979231062, -53.096200706062881 ], [ -70.874130721227971, -53.09628397525104 ], [ -70.874027063884427, -53.096355722510744 ], [ -70.874024326042914, -53.096357254745669 ], [ -70.874002550269964, -53.096371643288784 ], [ -70.873974844435367, -53.096400292010443 ], [ -70.873966751936308, -53.096432892772192 ], [ -70.873964068332441, -53.096486960490289 ], [ -70.873968472256649, -53.096522222750259 ], [ -70.873976969540706, -53.096540847143658 ], [ -70.873981126671467, -53.096546651921471 ], [ -70.87399191774098, -53.09655768195411 ], [ -70.874005882496732, -53.096568059003133 ], [ -70.874025360653732, -53.096579386108857 ], [ -70.874029668108463, -53.096581663114982 ], [ -70.874039281418547, -53.096586565343266 ], [ -70.874045888740099, -53.096589384314939 ], [ -70.874148693512964, -53.096642283238594 ], [ -70.874233956102984, -53.096705478425271 ], [ -70.874298878199298, -53.096776895888517 ], [ -70.87434132886446, -53.096854191746495 ], [ -70.874359914955349, -53.09693482914588 ], [ -70.874354498393004, -53.097009639927727 ], [ -70.874354800265721, -53.097011667053224 ], [ -70.874363846891768, -53.097028487878667 ], [ -70.874373540708874, -53.097039529676707 ], [ -70.874394838084342, -53.097058141937943 ], [ -70.874399771205603, -53.097061976500434 ], [ -70.874405300066613, -53.097066169934465 ], [ -70.874421293366581, -53.097078007964612 ], [ -70.874424150903579, -53.097080097235782 ], [ -70.874434283448693, -53.097087415305147 ], [ -70.874492184173562, -53.097135334884051 ], [ -70.874503335059117, -53.097145973505441 ], [ -70.874510928146279, -53.097152842302485 ], [ -70.874522747663917, -53.09716388081106 ], [ -70.874532259415616, -53.097173055864708 ], [ -70.874587662138055, -53.097237586083303 ], [ -70.874594287765575, -53.097247122978786 ], [ -70.874602131888608, -53.097257933439607 ], [ -70.874602636594815, -53.097258630712972 ], [ -70.874633038747817, -53.097300723795037 ], [ -70.874649695887243, -53.097315084354726 ], [ -70.874703271096962, -53.097352679358174 ], [ -70.874774492119641, -53.097428427728751 ], [ -70.874820117441303, -53.09751101931495 ], [ -70.874838435626998, -53.09759735587992 ], [ -70.874839924797215, -53.097627199351557 ], [ -70.874974255899374, -53.098215878374894 ], [ -70.874974630822294, -53.098217544183406 ], [ -70.875169200275536, -53.099094496559836 ], [ -70.875172792228142, -53.099107682870653 ], [ -70.875230890955265, -53.099287328462573 ], [ -70.875237115455846, -53.099303401620688 ], [ -70.875314008872593, -53.099473437157293 ], [ -70.875331920869087, -53.099504088900176 ], [ -70.875452830419107, -53.0996712169094 ], [ -70.875478509119276, -53.099700569081804 ], [ -70.87562537898377, -53.099841988970333 ], [ -70.875640661423674, -53.099855573864325 ], [ -70.875814216510634, -53.099998327787944 ], [ -70.875860865479922, -53.10002994499601 ], [ -70.876035922392262, -53.100128137105777 ], [ -70.87606558901075, -53.100143123465941 ], [ -70.876267725007068, -53.10023490542271 ], [ -70.876288570979966, -53.100243715343687 ], [ -70.876723060390134, -53.100414318049211 ], [ -70.876738189758669, -53.100420418189856 ], [ -70.877174718401818, -53.100601103620718 ], [ -70.877176013303213, -53.100601640882132 ], [ -70.877596057198545, -53.100776285640009 ], [ -70.877624332531283, -53.100788639807199 ], [ -70.877909723783759, -53.100919578415429 ], [ -70.877990614683085, -53.100962596400599 ], [ -70.878239713734473, -53.101115740025051 ], [ -70.878324418192989, -53.101178142601206 ], [ -70.878591753592687, -53.101415755028526 ], [ -70.878603148833932, -53.101426192700906 ], [ -70.878639826295299, -53.101460827698432 ], [ -70.878661100091676, -53.101482201771965 ], [ -70.878688012182991, -53.10151102447545 ], [ -70.878709887340179, -53.101536296730359 ], [ -70.878743499306339, -53.101578329746545 ], [ -70.878764878392218, -53.101607703523179 ], [ -70.878792325756748, -53.101649403381344 ], [ -70.87881017482097, -53.101679629361811 ], [ -70.878834157009805, -53.10172535148115 ], [ -70.878849430704108, -53.101749523105028 ], [ -70.878922370875117, -53.101847551766426 ], [ -70.878938597095242, -53.101864944065419 ], [ -70.878950048916849, -53.101870712071999 ], [ -70.87904364713134, -53.101910263587484 ], [ -70.879143348035825, -53.10197268286781 ], [ -70.879221308677813, -53.102045451227589 ], [ -70.879274634788544, -53.102125867241348 ], [ -70.879301346736881, -53.102210945670976 ], [ -70.87930045248774, -53.102297527970947 ], [ -70.8792691384607, -53.102480382768618 ], [ -70.879243351066748, -53.102559837071794 ], [ -70.879194295520463, -53.102635217530633 ], [ -70.879123563563752, -53.102704077536949 ], [ -70.879033450859794, -53.102764182326709 ], [ -70.878926881873426, -53.102813581198099 ], [ -70.878906014020046, -53.102821562329147 ], [ -70.878902351064241, -53.102824701069146 ], [ -70.878902201943404, -53.102824899059506 ], [ -70.878897038304274, -53.102837189040869 ], [ -70.878893491121374, -53.102860304009738 ], [ -70.878892613534703, -53.102871521976638 ], [ -70.878892563040907, -53.102871964033518 ], [ -70.878891902776473, -53.102890662451244 ], [ -70.878867114354676, -53.102986602182817 ], [ -70.878870459485697, -53.102987063091781 ], [ -70.878854918431941, -53.103027922149927 ], [ -70.878854619838222, -53.103029016077876 ], [ -70.878851934690019, -53.103040796715526 ], [ -70.878851821747844, -53.103041413457106 ], [ -70.878849702087351, -53.103071904086477 ], [ -70.878850750987425, -53.103095967102938 ], [ -70.878851524056287, -53.103113702200957 ], [ -70.87885186452678, -53.103118918667313 ], [ -70.878860018593187, -53.103155172447458 ], [ -70.878866519898608, -53.103172352109837 ], [ -70.878868242506201, -53.103176687970105 ], [ -70.878871815475463, -53.103185291772284 ], [ -70.878877495294688, -53.103200017288238 ], [ -70.878885367544555, -53.103222108007635 ], [ -70.878889524999451, -53.103234640921912 ], [ -70.878894140945334, -53.103249665719552 ], [ -70.878899851317669, -53.103267888192946 ], [ -70.878902309452599, -53.103275077300516 ], [ -70.878906932507235, -53.103287557640037 ], [ -70.878910166396992, -53.103295589417144 ], [ -70.878913314603793, -53.103302824179984 ], [ -70.878921070096268, -53.10332243092401 ], [ -70.878921726236825, -53.103324271912562 ], [ -70.878926950249877, -53.103337083776957 ], [ -70.878931661543021, -53.103347328283625 ], [ -70.878938139300146, -53.103361170006842 ], [ -70.878942931706476, -53.103370598682233 ], [ -70.878950178214154, -53.103383806295767 ], [ -70.878959871308069, -53.10340288553239 ], [ -70.878967565823601, -53.103419327728915 ], [ -70.878972319209112, -53.103428697141709 ], [ -70.878975094378703, -53.103433768716087 ], [ -70.878983705292839, -53.103450609381298 ], [ -70.87898755086654, -53.103458690566448 ], [ -70.878989979750173, -53.103463583750013 ], [ -70.878997632839457, -53.103478386350083 ], [ -70.879001566940488, -53.103485605914493 ], [ -70.879035097097116, -53.103581263970341 ], [ -70.879033459955068, -53.103679022347933 ], [ -70.879025565390535, -53.103718735755294 ], [ -70.879025581685369, -53.103724174283172 ], [ -70.87902586863413, -53.103730756459719 ], [ -70.879026559053926, -53.103738544200965 ], [ -70.879037853919456, -53.10378052898308 ], [ -70.879038156313584, -53.103781369236586 ], [ -70.87905844939651, -53.103846265680538 ], [ -70.879072234771812, -53.103866853828301 ], [ -70.879084580889923, -53.103880628593721 ], [ -70.879084530067587, -53.103880645039915 ], [ -70.879095047849461, -53.103892505082229 ], [ -70.879095141695572, -53.103892474920279 ], [ -70.879112310073637, -53.103911833941261 ], [ -70.879119760663841, -53.103919614281345 ], [ -70.879136059718107, -53.103937567317445 ], [ -70.879154430746098, -53.103958945155448 ], [ -70.879166095135446, -53.103972518499084 ], [ -70.879172237787486, -53.103979372507652 ], [ -70.879181464065795, -53.103989253692674 ], [ -70.879189558955119, -53.103997505841377 ], [ -70.879199967720155, -53.104007617931728 ], [ -70.879206823059107, -53.104014031921714 ], [ -70.879217419171681, -53.10402358561165 ], [ -70.879226661452464, -53.104032127028219 ], [ -70.879238629761815, -53.104043466791062 ], [ -70.879241483244243, -53.104046128715538 ], [ -70.879247556740125, -53.104051707863732 ], [ -70.879307142307567, -53.104117968265811 ], [ -70.879347496255036, -53.104189288482289 ], [ -70.879367484446533, -53.104263663553724 ], [ -70.879367664191378, -53.1042650757486 ], [ -70.879370234301291, -53.104279304171094 ], [ -70.879370304425649, -53.104279603620014 ], [ -70.879375334154588, -53.10430719830115 ], [ -70.879375475569361, -53.104308283033653 ], [ -70.879377446891837, -53.104319667020235 ], [ -70.879379393160434, -53.104328674282819 ], [ -70.879383582917896, -53.104353388598227 ], [ -70.879384994386697, -53.104364842472549 ], [ -70.879388720899229, -53.104383955395967 ], [ -70.879392851109785, -53.104413570089022 ], [ -70.87939369433019, -53.104423578884649 ], [ -70.879394838204917, -53.104432729542523 ], [ -70.879395999644785, -53.104443869277212 ], [ -70.879396262054243, -53.104447009332212 ], [ -70.879397387979765, -53.104456484924761 ], [ -70.879401546516235, -53.104483453051046 ], [ -70.87940546178848, -53.104498192293292 ], [ -70.87941278302867, -53.104535926634512 ], [ -70.879414897987999, -53.104553105143033 ], [ -70.879415963885137, -53.104560217240554 ], [ -70.879417745706277, -53.104570307412146 ], [ -70.879421670395089, -53.10460601011016 ], [ -70.879422443925279, -53.104623749420526 ], [ -70.879424102933527, -53.104639221427774 ], [ -70.87943415216985, -53.104676586953687 ], [ -70.879433678367903, -53.104676633096147 ], [ -70.879442551641773, -53.104709514871459 ], [ -70.879442876467365, -53.104711393365889 ], [ -70.879444686405265, -53.104720175227634 ], [ -70.879447208991138, -53.104730712221134 ], [ -70.879452012358612, -53.104747690125031 ], [ -70.879451529437077, -53.104747739558306 ], [ -70.879460356674443, -53.104784604453599 ], [ -70.879461291652035, -53.104790700970121 ], [ -70.87946368781374, -53.104811675640292 ], [ -70.879464612254068, -53.104823964341826 ], [ -70.879466403105411, -53.1048459776379 ], [ -70.879466889931436, -53.104850855091627 ], [ -70.879469182248457, -53.104870273866894 ], [ -70.879471793076959, -53.104892107976028 ], [ -70.879474332219715, -53.1049133395871 ], [ -70.879476001701562, -53.104933809582093 ], [ -70.87947688960611, -53.104954170996983 ], [ -70.879477259158037, -53.104959877439633 ], [ -70.879478344444664, -53.1049725108182 ], [ -70.879479083423647, -53.10498392424487 ], [ -70.879479735557467, -53.104998878919162 ], [ -70.879480636242093, -53.105019533316067 ], [ -70.879481269656594, -53.105034034709242 ], [ -70.879481526930547, -53.105046381957074 ], [ -70.879481506220586, -53.105056814997297 ], [ -70.879481634422831, -53.105062978648476 ], [ -70.879482393157389, -53.105080377806338 ], [ -70.879482645998934, -53.105093654574169 ], [ -70.879482556958266, -53.105109865704982 ], [ -70.879481607807023, -53.10513107742571 ], [ -70.879481187966917, -53.105136071332012 ], [ -70.879480806950184, -53.10514233922504 ], [ -70.879480203464212, -53.1051583943119 ], [ -70.879478357596398, -53.105181399977369 ], [ -70.879476570156513, -53.105195933849743 ], [ -70.879475973448791, -53.105201842827285 ], [ -70.879475765460768, -53.105204473170645 ], [ -70.879469973417343, -53.105242896954493 ], [ -70.879466360083086, -53.105259099372326 ], [ -70.879460434826214, -53.105281402294587 ], [ -70.879455288915437, -53.105298072153722 ], [ -70.879452532866367, -53.10530831167025 ], [ -70.879449485695289, -53.105321563685457 ], [ -70.879448482702799, -53.105326295824057 ], [ -70.879448017433376, -53.10532869269845 ], [ -70.879442937770264, -53.105348642906208 ], [ -70.879443110706731, -53.105348658605777 ], [ -70.879437282260511, -53.105371880277083 ], [ -70.879435154509437, -53.10540172191341 ], [ -70.879435993319191, -53.105420957578083 ], [ -70.879436245877415, -53.105431206399672 ], [ -70.8794363367453, -53.105447161782138 ], [ -70.879436463089434, -53.105452285967111 ], [ -70.879436465761415, -53.10545234724092 ], [ -70.87943268817078, -53.10551078702477 ], [ -70.879430350345658, -53.105524265997701 ], [ -70.879427749729814, -53.105537388597043 ], [ -70.879426117861968, -53.105544705849518 ], [ -70.879423692420886, -53.105559070612969 ], [ -70.879422368732136, -53.105570577301059 ], [ -70.879421967120791, -53.105574588244401 ], [ -70.879420800083508, -53.105588282662737 ], [ -70.879419996801076, -53.105596306618125 ], [ -70.879418639039955, -53.105608107747486 ], [ -70.879417867483284, -53.105617928156455 ], [ -70.879417704760741, -53.105621791926644 ], [ -70.879416032574738, -53.105642536043611 ], [ -70.879415606259855, -53.105646114119153 ], [ -70.879415000112886, -53.105653746027016 ], [ -70.879385108617868, -53.105759904774303 ], [ -70.879380101420935, -53.105770079054594 ], [ -70.879378206107049, -53.105774270742856 ], [ -70.879371097805063, -53.105793178064658 ], [ -70.879367631880001, -53.105804684148602 ], [ -70.879361748108266, -53.105824306125385 ], [ -70.879358077220644, -53.10583717266929 ], [ -70.87935488956569, -53.105851027921858 ], [ -70.879353751601485, -53.105857465193239 ], [ -70.879352396089629, -53.105867098378262 ], [ -70.879350849881291, -53.105881858866667 ], [ -70.87935040973457, -53.10588699739187 ], [ -70.879349632025807, -53.105898674549223 ], [ -70.879349461043176, -53.105913562563927 ], [ -70.879350832744649, -53.105945019388159 ], [ -70.879351714236762, -53.105965234354834 ], [ -70.879352658413922, -53.105986886830152 ], [ -70.879352774124683, -53.105989540381444 ], [ -70.879349694983915, -53.10604375954027 ], [ -70.879347000821994, -53.106060853600241 ], [ -70.879345208060414, -53.106071001659778 ], [ -70.879343491772715, -53.106079768631773 ], [ -70.879337598789903, -53.10610411397203 ], [ -70.879335222151354, -53.106112346181163 ], [ -70.879326398671154, -53.106138334622571 ], [ -70.87932247684401, -53.106148366250309 ], [ -70.879318244566306, -53.106159888210136 ], [ -70.879315968160142, -53.106166564807893 ], [ -70.879306885395664, -53.106195419594656 ], [ -70.879303913634146, -53.106204363008523 ], [ -70.879298961212854, -53.106218518812682 ], [ -70.879296310814212, -53.10622687662736 ], [ -70.879291635361881, -53.106243303762071 ], [ -70.879290487349309, -53.106247585510971 ], [ -70.879287648344061, -53.106258864388089 ], [ -70.87928293716169, -53.106275472708035 ], [ -70.879279691288303, -53.106285749892194 ], [ -70.879278359186429, -53.106290212562207 ], [ -70.87927683332542, -53.106295638220011 ], [ -70.879268923568191, -53.106319740560409 ], [ -70.8792675009107, -53.106323527846676 ], [ -70.87926602881366, -53.10632762375235 ], [ -70.879260496441404, -53.106343743632237 ], [ -70.87925035248692, -53.106369457846547 ], [ -70.879243689563921, -53.106384380946125 ], [ -70.879241455873881, -53.106389635900676 ], [ -70.879236119067357, -53.106402854206308 ], [ -70.87922709078498, -53.106423137640569 ], [ -70.879219246917955, -53.106439244301008 ], [ -70.879216633811282, -53.10644488096424 ], [ -70.879211825843939, -53.106455799839054 ], [ -70.879208187748716, -53.106464808794556 ], [ -70.879202686663561, -53.106479769466539 ], [ -70.879194193831708, -53.106521122221729 ], [ -70.879194177386523, -53.10652180037382 ], [ -70.879194153673652, -53.106535026932796 ], [ -70.879194323284025, -53.106542045026238 ], [ -70.879194508400829, -53.106545735447973 ], [ -70.879176001525735, -53.106659610985169 ], [ -70.879173820667461, -53.106665341426655 ], [ -70.879159966276035, -53.106696545002286 ], [ -70.879157478284625, -53.106701436793657 ], [ -70.8791502513278, -53.106717833903701 ], [ -70.879148872042748, -53.106721519988213 ], [ -70.87913947506803, -53.106743927334946 ], [ -70.879136272195524, -53.106750813294184 ], [ -70.879135030739462, -53.106753548782159 ], [ -70.8791301731885, -53.106764524087623 ], [ -70.879124026840543, -53.106780777814571 ], [ -70.879116797788114, -53.106801108978765 ], [ -70.879113271503741, -53.106809997039399 ], [ -70.879112370838811, -53.106812321669231 ], [ -70.879106026117228, -53.106829100612394 ], [ -70.879103688233386, -53.106835746169068 ], [ -70.879099329270659, -53.106849131626248 ], [ -70.879094695741117, -53.106863741085441 ], [ -70.879089967383138, -53.106877481210766 ], [ -70.879086244395836, -53.106887508430418 ], [ -70.879084255914748, -53.106893210838379 ], [ -70.879079069607982, -53.106909105512557 ], [ -70.879077809677966, -53.106913065633456 ], [ -70.879056117483302, -53.106964551348462 ], [ -70.879037741427155, -53.106999379303268 ], [ -70.879036054796714, -53.107003301567502 ], [ -70.87903147213936, -53.107013465889828 ], [ -70.879026851759875, -53.107023258506182 ], [ -70.879024560570826, -53.10702834048513 ], [ -70.87902218214515, -53.107033871663965 ], [ -70.879009996596068, -53.107059136011507 ], [ -70.879007905929299, -53.10706303993048 ], [ -70.879005940047051, -53.107066824731469 ], [ -70.878998628963686, -53.107081349784508 ], [ -70.878995774695653, -53.10708731624927 ], [ -70.878993721072874, -53.10709184371153 ], [ -70.878981402512608, -53.107116251102596 ], [ -70.878980839163248, -53.10711726290031 ], [ -70.878973553391333, -53.107132009080679 ], [ -70.878968604422496, -53.107143445781574 ], [ -70.878965588180918, -53.107150200043115 ], [ -70.878957460752233, -53.10716785044314 ], [ -70.878955851402736, -53.107171462118856 ], [ -70.878947040922185, -53.107191912550725 ], [ -70.878939024952047, -53.107210553753298 ], [ -70.878937145731754, -53.107215120357139 ], [ -70.878933806076006, -53.107223616530845 ], [ -70.878928480072972, -53.107239797595909 ], [ -70.878927819707343, -53.107242278283231 ], [ -70.878923279545702, -53.107257626547231 ], [ -70.878920331277826, -53.107266680432389 ], [ -70.878915203329385, -53.107282853694606 ], [ -70.878913327356543, -53.1072892939806 ], [ -70.878911387870616, -53.107296580297145 ], [ -70.878906794828836, -53.107312090057476 ], [ -70.878903313545777, -53.107322759249925 ], [ -70.878902434635137, -53.107325545651939 ], [ -70.878897933455406, -53.107340325182292 ], [ -70.878896229673074, -53.107345732514894 ], [ -70.878892466442977, -53.107357288766948 ], [ -70.878861312211924, -53.107424661537344 ], [ -70.87885932335594, -53.107427947449416 ], [ -70.878852171000773, -53.107438809637287 ], [ -70.878840770610424, -53.107458398111206 ], [ -70.87883687690352, -53.107471136079496 ], [ -70.878800665076426, -53.10754920057007 ], [ -70.878799059084912, -53.107551748690547 ], [ -70.878795806749523, -53.107557324408582 ], [ -70.878778577849886, -53.107584093091702 ], [ -70.878776243660226, -53.107587401805922 ], [ -70.878772340265755, -53.107594829079254 ], [ -70.878772299424469, -53.107594916932975 ], [ -70.878771482509705, -53.107596750788531 ], [ -70.878765055533449, -53.107616089916782 ], [ -70.878763622162396, -53.107623715008216 ], [ -70.878763043572334, -53.107627979309875 ], [ -70.878762291410155, -53.107634242357818 ], [ -70.878761905218283, -53.107634225528557 ], [ -70.878751294755816, -53.107685208971397 ], [ -70.878748601128777, -53.107693806423633 ], [ -70.878748086909624, -53.107695571936731 ], [ -70.878735384183983, -53.107730807903394 ], [ -70.87872949599894, -53.107744470121474 ], [ -70.878722559541032, -53.107759488129659 ], [ -70.87871893280051, -53.107766843064404 ], [ -70.878711713104337, -53.107783856514502 ], [ -70.878708599827718, -53.107792146368467 ], [ -70.878697387661504, -53.107820586799896 ], [ -70.878695146617304, -53.1078266426521 ], [ -70.878688998887668, -53.107844407066324 ], [ -70.878687988903337, -53.107847278608801 ], [ -70.878682935835229, -53.107861416819944 ], [ -70.878678346111144, -53.107873451824645 ], [ -70.878669286089504, -53.107895795908142 ], [ -70.878667502706961, -53.107900101524841 ], [ -70.878657904209547, -53.107922798268447 ], [ -70.878651105724089, -53.107937784874139 ], [ -70.878644562357835, -53.107951286158709 ], [ -70.878643449840368, -53.107953629052972 ], [ -70.87863712531896, -53.107967225689237 ], [ -70.878636423352873, -53.107970027636419 ], [ -70.878621574964484, -53.108005594689097 ], [ -70.878614202789407, -53.10802194298612 ], [ -70.878610242091128, -53.108030113602581 ], [ -70.878608475696353, -53.108033894078076 ], [ -70.878607156393059, -53.108036493861356 ], [ -70.878606911408482, -53.108037354983516 ], [ -70.878606421617633, -53.108038443836342 ], [ -70.878600122244094, -53.108050355861849 ], [ -70.878598762487869, -53.108053035311087 ], [ -70.878597139769781, -53.108055995552448 ], [ -70.878586624918583, -53.108075878667286 ], [ -70.87857912473622, -53.10808817367672 ], [ -70.878577033612657, -53.108093686823864 ], [ -70.878573614586458, -53.108109300487946 ], [ -70.878572875805787, -53.108127167955899 ], [ -70.878573721520027, -53.108146568934743 ], [ -70.878574419712251, -53.10815621419102 ], [ -70.878566012425665, -53.108245768253006 ], [ -70.878563699286232, -53.108254595877114 ], [ -70.878562774667486, -53.108262904941661 ], [ -70.878552728034933, -53.108299076236179 ], [ -70.878541465578508, -53.108331999442953 ], [ -70.878535033296941, -53.108347787257188 ], [ -70.878507609529962, -53.108395842870088 ], [ -70.878496450728036, -53.108418316175587 ], [ -70.878474377535071, -53.10845096857873 ], [ -70.878470646518522, -53.108460156268315 ], [ -70.87846358177633, -53.108497390736666 ], [ -70.878459321336308, -53.108516280190379 ], [ -70.878454690319387, -53.108533986035191 ], [ -70.878454683521539, -53.108534046019969 ], [ -70.878454013336224, -53.10854204709451 ], [ -70.878453141246453, -53.108558173654437 ], [ -70.878452531682242, -53.108566859396127 ], [ -70.878452162457407, -53.108571139450802 ], [ -70.878451907879153, -53.108574604944565 ], [ -70.878450749112602, -53.108593734847908 ], [ -70.878450464231776, -53.108597903616072 ], [ -70.878449417335489, -53.108611672000364 ], [ -70.878449042101522, -53.108619937598114 ], [ -70.878448820584254, -53.108634876208818 ], [ -70.878448934169256, -53.1086427707803 ], [ -70.878449309580532, -53.108651383255072 ], [ -70.878450424443372, -53.108659516816111 ], [ -70.878449142815242, -53.108741785138342 ], [ -70.878422958072647, -53.108822534228374 ], [ -70.878373652507179, -53.108897678385304 ], [ -70.878362726713263, -53.10891526321862 ], [ -70.878358043401079, -53.108930567951766 ], [ -70.878357751575507, -53.108933371065291 ], [ -70.878357676810921, -53.108952112544898 ], [ -70.878355501755991, -53.108952109383729 ], [ -70.878339952902039, -53.109049089634738 ], [ -70.878279046236287, -53.109152435907546 ], [ -70.87825389653301, -53.109182744146743 ], [ -70.878252178344511, -53.10918495517322 ], [ -70.878247331640665, -53.109190836004174 ], [ -70.878236803579441, -53.109205009623089 ], [ -70.878228565693689, -53.109218653242657 ], [ -70.878226628258702, -53.1092220763367 ], [ -70.878219713580577, -53.109233829025406 ], [ -70.878212228169815, -53.109249308158667 ], [ -70.878210532008836, -53.109253611850967 ], [ -70.878206905771165, -53.10926334495533 ], [ -70.878179713898589, -53.10931913512794 ], [ -70.878166320937595, -53.109341211746653 ], [ -70.878165020739388, -53.109340926135694 ], [ -70.878112128938682, -53.1094118500246 ], [ -70.878106175665934, -53.10941811126326 ], [ -70.878099892470303, -53.109424995812596 ], [ -70.878095707799034, -53.109429777336437 ], [ -70.878088978022674, -53.109437292791128 ], [ -70.878082281479479, -53.10944460408367 ], [ -70.878071899838602, -53.109455571482172 ], [ -70.878067102505895, -53.109460478022811 ], [ -70.878061174504069, -53.109466945734241 ], [ -70.877980862265005, -53.109537667716758 ], [ -70.877879708175243, -53.109597934816286 ], [ -70.877761387597715, -53.109645557315652 ], [ -70.877631021832954, -53.1096785965454 ], [ -70.877629843838974, -53.109678972597393 ], [ -70.877602951516138, -53.109693077258555 ], [ -70.877581736927127, -53.109712765411828 ], [ -70.877577145618957, -53.109724792480463 ], [ -70.877574741105136, -53.109749947120235 ], [ -70.87757485738382, -53.109752615856216 ], [ -70.877575220641319, -53.109760953050667 ], [ -70.87757571099614, -53.109767992873003 ], [ -70.877576892837212, -53.109780331100147 ], [ -70.877577626892631, -53.109790868919823 ], [ -70.87757894875925, -53.109805381833894 ], [ -70.877581396231079, -53.109818371062623 ], [ -70.877592739937498, -53.109852193499471 ], [ -70.877594506853214, -53.109856915182021 ], [ -70.877599254188766, -53.10986517880405 ], [ -70.877607859445448, -53.109876199396489 ], [ -70.877659254517113, -53.10996528913337 ], [ -70.877678619300852, -53.110058871365077 ], [ -70.877665100921476, -53.110152824870795 ], [ -70.877657941145415, -53.110175048076691 ], [ -70.87765394337741, -53.110186227138847 ], [ -70.877653834165599, -53.110186625078022 ], [ -70.877653450908426, -53.110192124746135 ], [ -70.877625352080486, -53.110296793220293 ], [ -70.877623749344053, -53.110300167418309 ], [ -70.877612668180376, -53.110321477726501 ], [ -70.877606008342028, -53.110333250539391 ], [ -70.877540960377488, -53.1104180933336 ], [ -70.877448160146358, -53.110493007727065 ], [ -70.87733161967931, -53.110554754794464 ], [ -70.877282295646481, -53.110571498725626 ], [ -70.877283665207429, -53.110572833894629 ], [ -70.877176751864553, -53.110612541134245 ], [ -70.877166722142221, -53.110618822387366 ], [ -70.87716111201631, -53.110625795793283 ], [ -70.877160699482047, -53.110629376426154 ], [ -70.877161927221138, -53.110635166341766 ], [ -70.877163495089775, -53.110637936072202 ], [ -70.877202892947111, -53.11067739782451 ], [ -70.877262886881809, -53.110752487134704 ], [ -70.877298813044604, -53.110832950169026 ], [ -70.877309436188597, -53.110916021053448 ], [ -70.8772943910528, -53.110998844114846 ], [ -70.877255868894267, -53.111075251566099 ], [ -70.87725611562567, -53.111075307551651 ], [ -70.877254706348964, -53.111077557383865 ], [ -70.87725419460196, -53.111078572493874 ], [ -70.877248766972144, -53.111086577213946 ], [ -70.877248727854209, -53.111086567581687 ], [ -70.877242781987903, -53.11109549338218 ], [ -70.877236802767484, -53.111103955433535 ], [ -70.877223712618303, -53.111124473040356 ], [ -70.877215367163458, -53.111136674656123 ], [ -70.877197242583065, -53.111165439995418 ], [ -70.877169520703973, -53.1112039169616 ], [ -70.877125684978324, -53.111257728922652 ], [ -70.877116565916467, -53.111269772001101 ], [ -70.877089105483137, -53.11130252338139 ], [ -70.877089004486663, -53.111302492698059 ], [ -70.877082338208993, -53.111311081915893 ], [ -70.877064423424201, -53.11133175993082 ], [ -70.877059783580208, -53.111338207090917 ], [ -70.877056227815075, -53.111343503437269 ], [ -70.877055144136733, -53.111343240022165 ], [ -70.877050367192609, -53.111352350383768 ], [ -70.877040145601711, -53.111366692660738 ], [ -70.877037575865899, -53.111371564652075 ], [ -70.877023695202212, -53.111395513830161 ], [ -70.877005213638981, -53.111424722879924 ], [ -70.877002049970613, -53.1114296360644 ], [ -70.8769930015835, -53.111443447279228 ], [ -70.876949762409822, -53.111498273252344 ], [ -70.876944616569531, -53.111503800197546 ], [ -70.876941040393689, -53.111507788189456 ], [ -70.876934908157168, -53.111514489399958 ], [ -70.876934685741361, -53.111514727562493 ], [ -70.876927321793346, -53.111522435546171 ], [ -70.876892634919358, -53.111557925742368 ], [ -70.876885501964651, -53.111565071404186 ], [ -70.876883665807242, -53.111566872679482 ], [ -70.876870724209752, -53.11158063334922 ], [ -70.8768665801624, -53.111585425693221 ], [ -70.876861321852573, -53.111591396566254 ], [ -70.876845272393012, -53.111609294453217 ], [ -70.876837824963005, -53.111617398614953 ], [ -70.876835881331573, -53.111619463121045 ], [ -70.876830870393562, -53.111625127467804 ], [ -70.876819579236439, -53.111640116742976 ], [ -70.876791856793332, -53.111673216252001 ], [ -70.876783784256659, -53.111681939561215 ], [ -70.876781316721932, -53.111684970456949 ], [ -70.876767599289749, -53.111702480743979 ], [ -70.876759290040624, -53.11171385524775 ], [ -70.876753187629177, -53.111722546138296 ], [ -70.876734463572689, -53.111748349279345 ], [ -70.876733115753169, -53.111750357726883 ], [ -70.876719510779225, -53.111772186849542 ], [ -70.876717876529085, -53.111775251984149 ], [ -70.876705768842498, -53.111796171919551 ], [ -70.876698775115116, -53.11180735979756 ], [ -70.876695606081185, -53.111812895657152 ], [ -70.876694651594931, -53.111814572981316 ], [ -70.876686637129993, -53.11182796185124 ], [ -70.876678784934384, -53.111840455484625 ], [ -70.876673727640267, -53.111849080711842 ], [ -70.876671512775232, -53.111852866877378 ], [ -70.876624500952971, -53.111916836859365 ], [ -70.876619647673976, -53.111922256143991 ], [ -70.8766145821116, -53.111928043434666 ], [ -70.87660887483031, -53.111934925830013 ], [ -70.876594192164305, -53.111951732786217 ], [ -70.876590702073514, -53.111955530696669 ], [ -70.876583030470158, -53.11196417484544 ], [ -70.876578299076513, -53.111969421924343 ], [ -70.876573430331405, -53.1119747368002 ], [ -70.876555452435255, -53.111993298080996 ], [ -70.876548310825569, -53.112000282206651 ], [ -70.876545431443262, -53.112003439615542 ], [ -70.876529662302772, -53.112019896338303 ], [ -70.876524762189263, -53.112024769099207 ], [ -70.876506881131547, -53.11204543831083 ], [ -70.876495827321037, -53.112057744340689 ], [ -70.876486916315741, -53.112067305826507 ], [ -70.876462289826279, -53.112094766710293 ], [ -70.876453213179573, -53.112105575464334 ], [ -70.876443705615387, -53.11211769851532 ], [ -70.876435723366171, -53.112128618668343 ], [ -70.87643379341786, -53.112131461537992 ], [ -70.876429077775555, -53.112138769548118 ], [ -70.876427149820117, -53.112141918965825 ], [ -70.876421691248382, -53.112150561206953 ], [ -70.876418561478658, -53.11215536685188 ], [ -70.876416734583231, -53.112158229314275 ], [ -70.876411695723661, -53.112166288280157 ], [ -70.876394178786782, -53.112191883528482 ], [ -70.876389946876884, -53.112197563533663 ], [ -70.876387776407867, -53.112201196692645 ], [ -70.876379009725824, -53.112215140701764 ], [ -70.876369465323947, -53.112229592713689 ], [ -70.876359117623664, -53.11224447662147 ], [ -70.876348205057724, -53.112259414117204 ], [ -70.876343024523848, -53.112266687287089 ], [ -70.876339418230998, -53.112271520131983 ], [ -70.87632578497832, -53.112288796359998 ], [ -70.876318901203177, -53.112297060893567 ], [ -70.876318315713206, -53.11229780735372 ], [ -70.876303699373963, -53.112315432539511 ], [ -70.876289856197701, -53.112331247862983 ], [ -70.876285450144053, -53.11233628175772 ], [ -70.876274028998566, -53.112350524738318 ], [ -70.876273949325679, -53.112350633791728 ], [ -70.87626584908962, -53.112361334084177 ], [ -70.876264864599491, -53.1123625906678 ], [ -70.876256955392535, -53.112373416243891 ], [ -70.876254877970297, -53.112376475861218 ], [ -70.876232701958713, -53.112406040882263 ], [ -70.876229581099238, -53.112409830443099 ], [ -70.876222354654786, -53.112419134382129 ], [ -70.876216483930378, -53.112427166265192 ], [ -70.87621636935188, -53.11242713597504 ], [ -70.876199182268806, -53.112449697866943 ], [ -70.876195276660283, -53.112455470987896 ], [ -70.87617083057998, -53.112487870198365 ], [ -70.876159010638247, -53.112502018938898 ], [ -70.876157099551165, -53.112504458457586 ], [ -70.876138799526117, -53.112526261815958 ], [ -70.876126140179906, -53.11254037748386 ], [ -70.876116550353913, -53.112551161124692 ], [ -70.876110933318728, -53.112557522055276 ], [ -70.87610312819956, -53.112566886085382 ], [ -70.876100383125703, -53.11257038094061 ], [ -70.876099043142403, -53.112572103895076 ], [ -70.876089763682373, -53.112583605575438 ], [ -70.876077772546054, -53.11259794517931 ], [ -70.876075652551179, -53.11260067272211 ], [ -70.876061303068937, -53.112618137592463 ], [ -70.876056033225737, -53.112624216136759 ], [ -70.876049617110851, -53.112631806448675 ], [ -70.876036653381377, -53.112646465351723 ], [ -70.87602975812753, -53.11265392655811 ], [ -70.876022598147856, -53.112661910514959 ], [ -70.876021498318323, -53.112663136818064 ], [ -70.876004176382708, -53.112681414985047 ], [ -70.876003485943073, -53.112682105468082 ], [ -70.876001701893458, -53.112683880284294 ], [ -70.875997304192097, -53.11268823245836 ], [ -70.875995214298001, -53.112690265091018 ], [ -70.875967574862898, -53.112719819888795 ], [ -70.875967507226775, -53.112719797039915 ], [ -70.875965037225015, -53.112722578287297 ], [ -70.875952575805613, -53.112735727472625 ], [ -70.875949852600002, -53.112738764177955 ], [ -70.875944927743006, -53.112744448165884 ], [ -70.875938907327921, -53.112751645458488 ], [ -70.875927746761633, -53.112765179432799 ], [ -70.87592696718599, -53.112766122068265 ], [ -70.875918523315988, -53.112776301711584 ], [ -70.875912143962609, -53.112784044186476 ], [ -70.875902680018925, -53.112795140765556 ], [ -70.875897578778236, -53.112800923011754 ], [ -70.87589649440423, -53.112802147541629 ], [ -70.875888293672958, -53.112811374122494 ], [ -70.875886975515485, -53.112812850567686 ], [ -70.875879694784572, -53.112820969119937 ], [ -70.875859824071199, -53.112841776935952 ], [ -70.875848185445861, -53.112853244395296 ], [ -70.875837764341668, -53.112865653399183 ], [ -70.875829143781431, -53.112876065620434 ], [ -70.875818473833164, -53.11288829504646 ], [ -70.875813789409804, -53.112893942423334 ], [ -70.875811234034302, -53.112896994011727 ], [ -70.875804279398565, -53.112905220970688 ], [ -70.875804177177258, -53.112905189676219 ], [ -70.875789108763698, -53.112922424355169 ], [ -70.875789190910595, -53.112922451021205 ], [ -70.875781939785398, -53.112930536554479 ], [ -70.875777729341436, -53.112935371081299 ], [ -70.875774571250872, -53.112939106912933 ], [ -70.875765810553929, -53.112949945874192 ], [ -70.875765424460482, -53.112949832833912 ], [ -70.875738813008482, -53.112980499424019 ], [ -70.875728893420899, -53.112990741959827 ], [ -70.875724204400584, -53.112995656131893 ], [ -70.875712546432084, -53.113007453297676 ], [ -70.875709366559519, -53.113010562016669 ], [ -70.875706785354993, -53.113013123572415 ], [ -70.875687424879345, -53.113034318902763 ], [ -70.875687321939296, -53.11303428483243 ], [ -70.875682019487755, -53.113040255086716 ], [ -70.875679089166937, -53.113043371200007 ], [ -70.875662917377284, -53.113059748825414 ], [ -70.875645753079823, -53.113076321183108 ], [ -70.875644910798329, -53.113077206905366 ], [ -70.875642003562007, -53.113080321395195 ], [ -70.875639247535801, -53.113083329390776 ], [ -70.875630912063599, -53.113092188562526 ], [ -70.875625734556522, -53.11309754881065 ], [ -70.875622222868017, -53.113101184121483 ], [ -70.875608423646142, -53.113116568557224 ], [ -70.875602602981999, -53.113123311175684 ], [ -70.87559879212931, -53.113127560493538 ], [ -70.875594166006266, -53.11313271884265 ], [ -70.87558509176958, -53.113143524161231 ], [ -70.875582004241522, -53.113147460624496 ], [ -70.875580366236463, -53.11314957747247 ], [ -70.875574373425877, -53.113157428736244 ], [ -70.875571908009945, -53.113160728390632 ], [ -70.875564953343556, -53.113170240451709 ], [ -70.875559107080733, -53.113178238649148 ], [ -70.875551974274487, -53.113187698674075 ], [ -70.875549867377259, -53.113190409277912 ], [ -70.875542546313227, -53.113199557328223 ], [ -70.875537663832461, -53.113205486073774 ], [ -70.875534003365118, -53.113210059917762 ], [ -70.875528280352114, -53.113217422783414 ], [ -70.875524714086296, -53.113222152657912 ], [ -70.8755240136216, -53.113223110946173 ], [ -70.875509572071806, -53.113241704078199 ], [ -70.875506993387432, -53.113244835593761 ], [ -70.875501635721662, -53.113251213714065 ], [ -70.875478184376306, -53.113278589421029 ], [ -70.875476218981078, -53.113280867683258 ], [ -70.87546611779878, -53.11329249554219 ], [ -70.875465186029558, -53.113293618676543 ], [ -70.875454209437962, -53.113306339561134 ], [ -70.8754532580693, -53.11330740033975 ], [ -70.875445113854511, -53.113316834579393 ], [ -70.875444933135185, -53.113316778089235 ], [ -70.875430676356217, -53.113332830882008 ], [ -70.87541821460043, -53.113345980013115 ], [ -70.875418036039648, -53.113346179091678 ], [ -70.875395018328533, -53.113370059235187 ], [ -70.875388414401286, -53.113376449975647 ], [ -70.875379884155336, -53.113384904743839 ], [ -70.875374563973352, -53.113390177772082 ], [ -70.875364485869369, -53.113400809369303 ], [ -70.875361295628991, -53.113404398609603 ], [ -70.875338820518294, -53.113427944821765 ], [ -70.875331006333326, -53.113435587060742 ], [ -70.875328722275214, -53.113438014550866 ], [ -70.875313677449782, -53.113454642737544 ], [ -70.87531306020152, -53.113454440555088 ], [ -70.875282254998751, -53.113486500309826 ], [ -70.875270948014219, -53.113496933149889 ], [ -70.875265308696939, -53.113502465006121 ], [ -70.875264096357554, -53.113503682106021 ], [ -70.875255692040668, -53.113513850377068 ], [ -70.875236034274991, -53.113536052855395 ], [ -70.875223568667096, -53.113549229446917 ], [ -70.875220877903487, -53.113552303204024 ], [ -70.87521667997845, -53.113557246208771 ], [ -70.875213762610656, -53.113560788529981 ], [ -70.875198286600821, -53.113581272011338 ], [ -70.875198139159863, -53.113581231718996 ], [ -70.875184663286234, -53.113599067509377 ], [ -70.875178537454062, -53.113606505571816 ], [ -70.875150505488236, -53.113637432294318 ], [ -70.875133899282204, -53.113654158420637 ], [ -70.875126114945388, -53.113662536325442 ], [ -70.875117339969592, -53.113672099694469 ], [ -70.875116155419306, -53.113673385582551 ], [ -70.875106722788061, -53.113683586676402 ], [ -70.875093290229827, -53.113697519762944 ], [ -70.875073326862378, -53.113717397383162 ], [ -70.875064995353171, -53.113727973654917 ], [ -70.875047089406351, -53.113749228941657 ], [ -70.875041861575667, -53.113755046588189 ], [ -70.875018156213144, -53.113779228154222 ], [ -70.875018260222433, -53.113779266164158 ], [ -70.875016746025651, -53.113780764657754 ], [ -70.875005369707694, -53.113792965575918 ], [ -70.874989639364841, -53.113809926472292 ], [ -70.874986971203782, -53.113813012184806 ], [ -70.874978705674309, -53.113822303642905 ], [ -70.874967562460625, -53.113834484521981 ], [ -70.874965946647421, -53.113836446462855 ], [ -70.874962434265825, -53.113840655633915 ], [ -70.874961662613842, -53.113841568378909 ], [ -70.874948984594326, -53.113857902638074 ], [ -70.874946264661759, -53.113861604931365 ], [ -70.874938649849668, -53.113871617340628 ], [ -70.87493516188627, -53.113876387768883 ], [ -70.874930387792119, -53.113883221032737 ], [ -70.874925719535597, -53.113890223630243 ], [ -70.874923690623106, -53.113893333884505 ], [ -70.874922086991077, -53.113895847116218 ], [ -70.874919855770131, -53.113899301031488 ], [ -70.874903750801721, -53.113923930864978 ], [ -70.874901592124431, -53.113927650927586 ], [ -70.8749014874669, -53.113927628931044 ], [ -70.874854678859762, -53.113992090430543 ], [ -70.874845279392957, -53.114002661752124 ], [ -70.874844006749925, -53.114004086940845 ], [ -70.874835262471976, -53.114013836808532 ], [ -70.874826477721697, -53.114023631906463 ], [ -70.874818865229685, -53.114032191390052 ], [ -70.874812282712966, -53.114039851052112 ], [ -70.874798260654003, -53.114055409179898 ], [ -70.87478839018975, -53.114065864115588 ], [ -70.874785653526629, -53.114069021118908 ], [ -70.874781245672381, -53.114073935767223 ], [ -70.874777236279812, -53.114078406206545 ], [ -70.874765159310058, -53.114092911279329 ], [ -70.874755870464924, -53.114103701030601 ], [ -70.874745506288065, -53.114115351217919 ], [ -70.874744309281311, -53.114116691331773 ], [ -70.874735564958385, -53.114126441192361 ], [ -70.874731860391137, -53.1141305718387 ], [ -70.874719992685911, -53.114144886875501 ], [ -70.874710599680924, -53.114155838296391 ], [ -70.874707765065864, -53.114159034960863 ], [ -70.874703498567683, -53.114163908809815 ], [ -70.87469251673302, -53.114176000719688 ], [ -70.874688213704545, -53.114180570811698 ], [ -70.874683519831493, -53.114185595421148 ], [ -70.87466660130724, -53.114205331505303 ], [ -70.874663929951907, -53.114208588711072 ], [ -70.874655599521532, -53.114218304714576 ], [ -70.874653685629198, -53.114220628452642 ], [ -70.874634318037508, -53.114242594296748 ], [ -70.874628421506188, -53.114248857062279 ], [ -70.874617817407056, -53.114260207853789 ], [ -70.874616582756715, -53.114261524374484 ], [ -70.87461176739599, -53.114266638552813 ], [ -70.874604012366788, -53.114275433842622 ], [ -70.87458088309188, -53.11429979693262 ], [ -70.874576793616058, -53.114303808307483 ], [ -70.874563006453869, -53.114316825379255 ], [ -70.874562125188177, -53.114317626656309 ], [ -70.874550434520728, -53.114328976034933 ], [ -70.87454350825854, -53.114336169178792 ], [ -70.874536714967647, -53.11434326924303 ], [ -70.874527280544172, -53.114352728052374 ], [ -70.874506169000654, -53.114375469359814 ], [ -70.874486867287786, -53.114396575988216 ], [ -70.874479811953762, -53.114404756081058 ], [ -70.874475231806457, -53.114409909164372 ], [ -70.874466606968468, -53.114419674204207 ], [ -70.874464357068575, -53.114422202193019 ], [ -70.874456108993286, -53.114431398576571 ], [ -70.874455706962991, -53.114431846796315 ], [ -70.874446834331039, -53.114441456423897 ], [ -70.874425911802575, -53.114463478188632 ], [ -70.874425850211708, -53.114463456951889 ], [ -70.874421926948003, -53.114467679679592 ], [ -70.874421867888316, -53.114467740666939 ], [ -70.87439585359742, -53.114492646605818 ], [ -70.874383090770976, -53.114504021483604 ], [ -70.874381017721149, -53.114505919501418 ], [ -70.874359694125118, -53.114525198155562 ], [ -70.874359598771463, -53.114525159918827 ], [ -70.874349935241753, -53.114533953331097 ], [ -70.874347417794866, -53.114536136426182 ], [ -70.874335342074318, -53.11454630382898 ], [ -70.874326220133653, -53.114553762866493 ], [ -70.874324051610714, -53.114555558185785 ], [ -70.874297007475505, -53.114580549098562 ], [ -70.874292300095462, -53.114585169057762 ], [ -70.874276194980226, -53.114600174367126 ], [ -70.874269621177874, -53.114606753819523 ], [ -70.874250163223138, -53.114629525858597 ], [ -70.874244093852226, -53.114638612305598 ], [ -70.874233506977689, -53.114653664578178 ], [ -70.87422894844633, -53.114659831090819 ], [ -70.874207608051151, -53.114686325204929 ], [ -70.874207596235649, -53.114686338697084 ], [ -70.874201499753084, -53.114694499986648 ], [ -70.874187450287693, -53.114712258109037 ], [ -70.874178591062545, -53.114722851884785 ], [ -70.874173295971005, -53.114729663741144 ], [ -70.874172014537436, -53.11473130348638 ], [ -70.874168541004437, -53.114735725547327 ], [ -70.874162500675538, -53.114743233772565 ], [ -70.874159172826467, -53.114747274405602 ], [ -70.874150775922189, -53.114757160711179 ], [ -70.874150621612557, -53.114757337019256 ], [ -70.874105676545682, -53.114802140405466 ], [ -70.874101201420459, -53.114806065052768 ], [ -70.874099095801697, -53.11480791916469 ], [ -70.874077360376987, -53.1148286432853 ], [ -70.874077048906827, -53.114828525018673 ], [ -70.8740527408509, -53.114851343096646 ], [ -70.874047408452711, -53.114855899883601 ], [ -70.874027118754299, -53.114872183520326 ], [ -70.874003794964665, -53.11489194493025 ], [ -70.873992455739554, -53.114901294602859 ], [ -70.873979015791306, -53.114912082222119 ], [ -70.873973707252006, -53.1149162912333 ], [ -70.873966286949539, -53.114922103432967 ], [ -70.873965810570297, -53.114922467500847 ], [ -70.873964985928396, -53.114923179773847 ], [ -70.873930413881638, -53.114950718478227 ], [ -70.873918790076104, -53.114959273629957 ], [ -70.873864264783393, -53.114995237884195 ], [ -70.873850968861859, -53.115003106041939 ], [ -70.873843095555543, -53.115007697250505 ], [ -70.873834459140596, -53.115012660007096 ], [ -70.87383168439527, -53.115014270934417 ], [ -70.873822663329605, -53.115019563048058 ], [ -70.873817395261966, -53.115022775796163 ], [ -70.873800076579613, -53.115034883864723 ], [ -70.873794310251355, -53.115040177238392 ], [ -70.873773080811347, -53.115058550834803 ], [ -70.873762132987963, -53.115068584080959 ], [ -70.873751774423823, -53.115079890197876 ], [ -70.873745485081528, -53.11508723815281 ], [ -70.873742632695084, -53.115090496478473 ], [ -70.87373650588691, -53.115097953447332 ], [ -70.873719961064708, -53.115122046641595 ], [ -70.873719168447082, -53.115121849639188 ], [ -70.873697611037784, -53.115152093364244 ], [ -70.873696158620348, -53.115153856629476 ], [ -70.873689519105994, -53.115161722468109 ], [ -70.873682118622455, -53.115170280604723 ], [ -70.873680348929483, -53.115172314446845 ], [ -70.87367452166545, -53.115178969949923 ], [ -70.87367320121416, -53.115180561934309 ], [ -70.873645313889895, -53.115210391937637 ], [ -70.873645692354145, -53.115210525064093 ], [ -70.873633189618332, -53.115223392157624 ], [ -70.873624124507543, -53.115234476510985 ], [ -70.873624313803745, -53.115234530801082 ], [ -70.873594852720956, -53.115271712902334 ], [ -70.87358926253377, -53.115280631917216 ], [ -70.873589177870755, -53.115280612751462 ], [ -70.87358559456149, -53.115286399137105 ], [ -70.873580164854317, -53.115294733933666 ], [ -70.873578195215615, -53.115297877664077 ], [ -70.873573770956824, -53.115305699182727 ], [ -70.873553658911888, -53.115337299733319 ], [ -70.873552430880622, -53.11533903105412 ], [ -70.873550377635127, -53.115342080350302 ], [ -70.873535960716978, -53.115362082743495 ], [ -70.873534951730079, -53.115363394441282 ], [ -70.873526683994896, -53.115375102498923 ], [ -70.873494785859691, -53.115414752285488 ], [ -70.873475279399244, -53.115436244242986 ], [ -70.873472163281633, -53.115440249516134 ], [ -70.873471346390787, -53.11544133288519 ], [ -70.873468571976517, -53.115445997004613 ], [ -70.873458038148456, -53.115463705898158 ], [ -70.873450892949961, -53.115475717783781 ], [ -70.873445946669818, -53.115485336013471 ], [ -70.873442483328731, -53.115491476623426 ], [ -70.873438727834426, -53.115499864266305 ], [ -70.873436202496251, -53.115505290912402 ], [ -70.873431692716522, -53.115514981837244 ], [ -70.873429800524562, -53.115514663056651 ], [ -70.873379954283934, -53.115596780368094 ], [ -70.873376381377312, -53.115601095811634 ], [ -70.873368429673462, -53.115611265986345 ], [ -70.873365756159501, -53.115614762974154 ], [ -70.873354667465193, -53.115629600004695 ], [ -70.873350020465239, -53.115635695948924 ], [ -70.873342159322959, -53.115645808145466 ], [ -70.873334220445528, -53.115656771985343 ], [ -70.873330366433308, -53.115662506342261 ], [ -70.873327068135069, -53.115667456783044 ], [ -70.873309865237218, -53.115691261425887 ], [ -70.873306662073688, -53.115695365342624 ], [ -70.87323242638243, -53.115770485011545 ], [ -70.873223464090117, -53.115777821512765 ], [ -70.873213469771457, -53.115786548648529 ], [ -70.873199325296, -53.115798478550083 ], [ -70.873195183982773, -53.11580185370692 ], [ -70.873170124379243, -53.115825116140023 ], [ -70.873161018923383, -53.115834106102078 ], [ -70.873155475120015, -53.11583984412178 ], [ -70.873149360338971, -53.11584617326848 ], [ -70.873142919026549, -53.115853120532684 ], [ -70.873137291730671, -53.115859450727378 ], [ -70.873135973387463, -53.115860927143032 ], [ -70.873132855279678, -53.115864403431374 ], [ -70.873118524656235, -53.115881669652822 ], [ -70.873104445814008, -53.115897805118671 ], [ -70.873097556917728, -53.11590532583179 ], [ -70.873093709791959, -53.115909473771666 ], [ -70.873084746918636, -53.115919018450882 ], [ -70.87307817765884, -53.115925872604478 ], [ -70.873073479488568, -53.115930676315209 ], [ -70.873062158480039, -53.115943136712879 ], [ -70.873059974841368, -53.115945731689429 ], [ -70.873053927686911, -53.11595326297784 ], [ -70.873052122051334, -53.115955622925036 ], [ -70.873042888915961, -53.115967248861196 ], [ -70.873037616152274, -53.115973650340976 ], [ -70.873036662150298, -53.11597480446283 ], [ -70.873033057155496, -53.115979149799564 ], [ -70.873014628718622, -53.11599997621947 ], [ -70.87301262542951, -53.116002103543174 ], [ -70.872999973353927, -53.116016401791008 ], [ -70.872992279920183, -53.116024875484996 ], [ -70.872986174083138, -53.116031432123897 ], [ -70.872982801691222, -53.116035191927288 ], [ -70.872930334453258, -53.116085437359331 ], [ -70.872919376652234, -53.116094536467671 ], [ -70.872916765888775, -53.116096780067501 ], [ -70.872907639192761, -53.116105198002089 ], [ -70.872897219446529, -53.116114808387465 ], [ -70.872861441617729, -53.116145006636458 ], [ -70.872843082080863, -53.11615922304869 ], [ -70.872835796733682, -53.116164332413661 ], [ -70.872829121011193, -53.116170165817714 ], [ -70.872819446207274, -53.11617904531618 ], [ -70.872812482805045, -53.116185187667561 ], [ -70.872806474164221, -53.116192499775252 ], [ -70.872788524540354, -53.116209797637659 ], [ -70.872774622656564, -53.11622252203361 ], [ -70.872756705384305, -53.116240097191245 ], [ -70.872752090124067, -53.116244393143852 ], [ -70.872748499985093, -53.11624778883106 ], [ -70.872741490412821, -53.11625475337506 ], [ -70.872725609161776, -53.116269847273628 ], [ -70.872719022970571, -53.116275840014232 ], [ -70.872698209092221, -53.116294925127789 ], [ -70.872696251574695, -53.116296865080947 ], [ -70.872691278881746, -53.116301900647166 ], [ -70.872674358735864, -53.116318228570968 ], [ -70.872668580649787, -53.116323547245571 ], [ -70.872637269676261, -53.116350202164703 ], [ -70.872629069079977, -53.116356671359299 ], [ -70.8726150120727, -53.11636741736897 ], [ -70.872603216366201, -53.116376157779428 ], [ -70.872597935254788, -53.116380234852116 ], [ -70.872596276279495, -53.116381510916099 ], [ -70.872588250828187, -53.116387660883213 ], [ -70.872582198087912, -53.116392237475743 ], [ -70.872575712634301, -53.116397076388729 ], [ -70.872568584830944, -53.116402566526901 ], [ -70.872558668782787, -53.116410453461249 ], [ -70.872556883555959, -53.116411867538694 ], [ -70.872549694865796, -53.116417538445518 ], [ -70.872537857632693, -53.116427428140696 ], [ -70.872507895249569, -53.116450802267281 ], [ -70.872507554001032, -53.116451051101379 ], [ -70.872486935745798, -53.11646751386921 ], [ -70.872481729574858, -53.116471950729789 ], [ -70.872464861281301, -53.116487116401856 ], [ -70.872462533242128, -53.116489391955191 ], [ -70.872460580372518, -53.116491322391035 ], [ -70.872452409546511, -53.116499492034762 ], [ -70.872449529816876, -53.116502421252392 ], [ -70.872445094229832, -53.11650701204433 ], [ -70.872437815321732, -53.116514383045953 ], [ -70.872434056540882, -53.116518108004563 ], [ -70.87242768333158, -53.116524309735361 ], [ -70.872423056738413, -53.116528731451474 ], [ -70.87241987020515, -53.116531832270546 ], [ -70.872414734951136, -53.116536921268782 ], [ -70.872402804628649, -53.116548029740635 ], [ -70.87239312828612, -53.116558163684282 ], [ -70.872368761563905, -53.116581940090114 ], [ -70.872365101902133, -53.11658527437428 ], [ -70.872363570231585, -53.116586763666916 ], [ -70.872356122716425, -53.116594209869817 ], [ -70.87235460326032, -53.116595722345743 ], [ -70.872344763941854, -53.1166054729729 ], [ -70.872342606684171, -53.116607610798397 ], [ -70.872325120549363, -53.116624117855743 ], [ -70.872323218406763, -53.116625830098691 ], [ -70.872321516875473, -53.116627354878588 ], [ -70.872317541147098, -53.116630902175658 ], [ -70.872298810903317, -53.116648879612264 ], [ -70.872291178905513, -53.116656052791747 ], [ -70.872290521114195, -53.116656658316728 ], [ -70.872284442180728, -53.116662253310224 ], [ -70.87227514355817, -53.116670606199328 ], [ -70.87227301255345, -53.116672474881739 ], [ -70.872259052434202, -53.116684302779596 ], [ -70.87225377299896, -53.116688626331992 ], [ -70.872242231979669, -53.116698640441619 ], [ -70.872215749064154, -53.116720214952622 ], [ -70.872207674722205, -53.116726397938258 ], [ -70.872204383443702, -53.116728994138704 ], [ -70.872189086699393, -53.116740642023977 ], [ -70.872174097079721, -53.116752421643184 ], [ -70.872167805116234, -53.116757712683004 ], [ -70.872138434269587, -53.116780795732282 ], [ -70.872131469073921, -53.116785917727888 ], [ -70.872110761179016, -53.116802759262647 ], [ -70.872103179845951, -53.116809789491313 ], [ -70.872056646052897, -53.116852954330092 ], [ -70.872047619119471, -53.116861010373327 ], [ -70.872043480188211, -53.11686529412983 ], [ -70.872041419942306, -53.116867453889121 ], [ -70.872032470535544, -53.116876957185902 ], [ -70.872025449023994, -53.116884470389323 ], [ -70.872016870146297, -53.116893408282444 ], [ -70.872009799266223, -53.116900583316124 ], [ -70.87199766641892, -53.116912950736534 ], [ -70.87199575266915, -53.116912271119872 ], [ -70.871900114044635, -53.116991967950483 ], [ -70.871901545521155, -53.116992701455331 ], [ -70.871861564931223, -53.117020942876636 ], [ -70.871859479768816, -53.117023011050755 ], [ -70.871826439804934, -53.117053003724337 ], [ -70.871825746715771, -53.117053581301583 ], [ -70.871801007393415, -53.117075877120747 ], [ -70.871792382420537, -53.117084024280103 ], [ -70.871787362219607, -53.1170889992379 ], [ -70.871783113384353, -53.11709315866522 ], [ -70.871755592175191, -53.117119775408121 ], [ -70.871744888650255, -53.117129827093194 ], [ -70.871719668702497, -53.117152832438443 ], [ -70.871713278796079, -53.117159503880252 ], [ -70.871703359645778, -53.117169992575896 ], [ -70.871690772628398, -53.11718360457057 ], [ -70.87169064070207, -53.117183560433595 ], [ -70.871666341702806, -53.11720890214368 ], [ -70.87166488970486, -53.117210289838972 ], [ -70.871654650445265, -53.117220469073438 ], [ -70.871654393534072, -53.117220375475718 ], [ -70.87162554065246, -53.117247517500473 ], [ -70.871619037869678, -53.117253097995615 ], [ -70.871612805329434, -53.117258563027143 ], [ -70.871609237915024, -53.117262055778902 ], [ -70.871585505243843, -53.117283848970544 ], [ -70.871581307692239, -53.117287469856628 ], [ -70.871558096253551, -53.117306415527885 ], [ -70.871553226636323, -53.117310179772076 ], [ -70.871549378545353, -53.117313262559222 ], [ -70.8715460227439, -53.117315930241496 ], [ -70.871539303054689, -53.117321230849392 ], [ -70.871531900056709, -53.117327131444931 ], [ -70.87153021447368, -53.117328453584001 ], [ -70.871508442819831, -53.117347117496294 ], [ -70.871504481138487, -53.11735099117216 ], [ -70.871504457597524, -53.117350982461822 ], [ -70.871498009139898, -53.117357263811378 ], [ -70.871485732981228, -53.11736890815942 ], [ -70.871481969457136, -53.117372637566369 ], [ -70.871476050153447, -53.117378716127675 ], [ -70.871466572722966, -53.117388807934944 ], [ -70.871461318251107, -53.11739453206166 ], [ -70.871461275192331, -53.11739451781434 ], [ -70.871454822942923, -53.117401489608412 ], [ -70.871440111706306, -53.117416904414164 ], [ -70.871439057102648, -53.117418080153314 ], [ -70.871431550378503, -53.117426244585467 ], [ -70.871428000710281, -53.117430012344315 ], [ -70.871422370845153, -53.117436135530269 ], [ -70.871422278805966, -53.117436104881058 ], [ -70.871410170228614, -53.117448948807542 ], [ -70.871404529454708, -53.117454648977059 ], [ -70.871397367181714, -53.117462844672538 ], [ -70.871384129814061, -53.117477337956892 ], [ -70.871379114838746, -53.117482597006919 ], [ -70.871377207832097, -53.11748465652704 ], [ -70.871368800627735, -53.117494235937258 ], [ -70.871360584029716, -53.117503342411808 ], [ -70.871349553510612, -53.117515238225891 ], [ -70.871345271146936, -53.117519793929638 ], [ -70.871330937043027, -53.117534837953293 ], [ -70.871323718677658, -53.117542248658559 ], [ -70.871305192212716, -53.117560859080633 ], [ -70.871305170958536, -53.117560851413181 ], [ -70.871296805677275, -53.117569346253404 ], [ -70.871290190860137, -53.117575776123914 ], [ -70.871280018539863, -53.117585866254032 ], [ -70.871278058941883, -53.117587798932981 ], [ -70.871268450181347, -53.117597222539899 ], [ -70.871261249814424, -53.117604487310658 ], [ -70.871261164502855, -53.117604456735371 ], [ -70.871242067439667, -53.117623060384645 ], [ -70.871237623721086, -53.117627128903749 ], [ -70.871228810793852, -53.11763530936328 ], [ -70.87121803765659, -53.117645030160368 ], [ -70.871212451775421, -53.117649931003037 ], [ -70.871203793033075, -53.117657883822304 ], [ -70.871202063701418, -53.117659547927055 ], [ -70.871185258784493, -53.117675003078041 ], [ -70.871184133050832, -53.117675993378356 ], [ -70.871172698678578, -53.117685770239007 ], [ -70.871171435231773, -53.117686820603637 ], [ -70.871151666692384, -53.117704647128804 ], [ -70.87114056767399, -53.117714376548143 ], [ -70.871133316742643, -53.117720557211328 ], [ -70.871094966520417, -53.117750490833977 ], [ -70.871093268234972, -53.117751706987406 ], [ -70.871076670163944, -53.117764504758824 ], [ -70.87106915204572, -53.117770754800077 ], [ -70.871060795801114, -53.117777701481209 ], [ -70.871046330797242, -53.117789326337828 ], [ -70.871046184795304, -53.117789439846639 ], [ -70.871031048353117, -53.117802086428149 ], [ -70.871028815872151, -53.117804095047575 ], [ -70.87101904694596, -53.117812668393874 ], [ -70.871010938857566, -53.11781961063086 ], [ -70.871008841965079, -53.117821396759098 ], [ -70.870997588068363, -53.117830933503441 ], [ -70.87099363661693, -53.117834249943705 ], [ -70.870990185190465, -53.117837119243291 ], [ -70.870971499183412, -53.117854247233126 ], [ -70.87096853080827, -53.117857259261214 ], [ -70.870956329421375, -53.117869210663677 ], [ -70.870934835175305, -53.117889546130606 ], [ -70.870933353516918, -53.117891043338595 ], [ -70.870932123487208, -53.117892316321694 ], [ -70.870914613160039, -53.117909536045644 ], [ -70.870897327758414, -53.117925707075344 ], [ -70.870897205558009, -53.117925659817722 ], [ -70.870882535158159, -53.117939239738888 ], [ -70.870875061196728, -53.117945778390322 ], [ -70.870869169959221, -53.117951213112129 ], [ -70.870864913131555, -53.117955044474066 ], [ -70.870856578078019, -53.117962773168088 ], [ -70.870856540984519, -53.117962758646954 ], [ -70.8708452261194, -53.117973150440413 ], [ -70.870839683112919, -53.117978046005625 ], [ -70.870830363443432, -53.117986360627405 ], [ -70.870829851010313, -53.117986824954478 ], [ -70.870821377587461, -53.117993982940597 ], [ -70.870797662161579, -53.118016638792547 ], [ -70.870762101949879, -53.118047646967852 ], [ -70.870755526396565, -53.118052895635884 ], [ -70.870739010099427, -53.118066676362375 ], [ -70.870737027738784, -53.11806851606741 ], [ -70.870734578175785, -53.118070832784127 ], [ -70.870730295321039, -53.118074836180448 ], [ -70.870710745478846, -53.118092899599702 ], [ -70.870705789824257, -53.118097418661108 ], [ -70.870698259685085, -53.118104196254642 ], [ -70.870694150335154, -53.118107855819623 ], [ -70.870692621066354, -53.118109203360248 ], [ -70.870687872051363, -53.118113766463502 ], [ -70.870646464359467, -53.118149446135199 ], [ -70.870639557798768, -53.118155566152197 ], [ -70.870635211493379, -53.118159375176695 ], [ -70.870602566758592, -53.118187671590618 ], [ -70.870592015088462, -53.118197095844302 ], [ -70.870591957742903, -53.118197072650801 ], [ -70.870584219731853, -53.118203961121132 ], [ -70.870571023642867, -53.118215327813786 ], [ -70.870567999000201, -53.118218050139895 ], [ -70.870554883943228, -53.118230429695394 ], [ -70.870554735316816, -53.118230372693361 ], [ -70.870545711844429, -53.118238886183548 ], [ -70.870533685616437, -53.118249700445205 ], [ -70.870525645754995, -53.118258179774863 ], [ -70.870512242911673, -53.11827175492126 ], [ -70.870507512560707, -53.11827635979958 ], [ -70.870501105721772, -53.118282714700442 ], [ -70.870487099456071, -53.11829742971365 ], [ -70.870487059100384, -53.118297415783111 ], [ -70.870479147110856, -53.118305825580528 ], [ -70.870475883390796, -53.118309137308273 ], [ -70.870466019625326, -53.118319258927947 ], [ -70.870460130851072, -53.118325196703012 ], [ -70.870453942938624, -53.118331328160991 ], [ -70.870428891368732, -53.11835451218262 ], [ -70.870427092650928, -53.118356069838541 ], [ -70.87041466483474, -53.118367318170712 ], [ -70.870414234753227, -53.118367146196583 ], [ -70.870370443779265, -53.118404495102418 ], [ -70.870360397229319, -53.118412039286852 ], [ -70.870348332473242, -53.118421362506041 ], [ -70.870334643536012, -53.11843207134293 ], [ -70.870328375168256, -53.118437128334669 ], [ -70.87031970251499, -53.118444337783515 ], [ -70.870312610986446, -53.118450443605134 ], [ -70.870309302751579, -53.118453394875708 ], [ -70.870299070085608, -53.11846229083713 ], [ -70.870290795898825, -53.11846930225304 ], [ -70.870289211758148, -53.11847063941223 ], [ -70.870278490940592, -53.118479654166258 ], [ -70.870272925133861, -53.11848427189333 ], [ -70.870266694385592, -53.118489373063632 ], [ -70.870258699271361, -53.118495797681724 ], [ -70.870254390233143, -53.118499196494923 ], [ -70.870242907242329, -53.118508765084798 ], [ -70.87024053492911, -53.118510855542581 ], [ -70.870232649014497, -53.118517668364667 ], [ -70.870214100492902, -53.118533381378462 ], [ -70.87016062284097, -53.11857352708433 ], [ -70.870162128978876, -53.118572468691958 ], [ -70.870149395637853, -53.118582017899918 ], [ -70.870132559137119, -53.118596366380373 ], [ -70.870132406739771, -53.118596301705168 ], [ -70.870128273435213, -53.118599810943856 ], [ -70.870128302351645, -53.118599822986425 ], [ -70.870091876459142, -53.118631528378145 ], [ -70.870091381696653, -53.118631322625589 ], [ -70.870073252944891, -53.118647134120856 ], [ -70.870068715241416, -53.118650756879141 ], [ -70.870057311988091, -53.118659988489 ], [ -70.870054268388202, -53.118662458014292 ], [ -70.870025623347701, -53.118688077766087 ], [ -70.870025600073774, -53.118688068332034 ], [ -70.870024264635958, -53.118689320574823 ], [ -70.870015842231084, -53.118696813138122 ], [ -70.870015622858006, -53.118697012939222 ], [ -70.869999025688202, -53.1187131106241 ], [ -70.869979096415733, -53.118731428558327 ], [ -70.869975756273732, -53.118734341211464 ], [ -70.869957167460711, -53.118752022136405 ], [ -70.869946524750091, -53.118762354011508 ], [ -70.869929090796305, -53.118778496120129 ], [ -70.869923507020701, -53.11878343148009 ], [ -70.869919325590544, -53.118787316644408 ], [ -70.86991575162341, -53.118790605898859 ], [ -70.869913178451483, -53.118792951601463 ], [ -70.869895263191552, -53.118810417308474 ], [ -70.869895008475609, -53.118810322773406 ], [ -70.869874304790486, -53.118830188357798 ], [ -70.869872696202108, -53.118831610137086 ], [ -70.869867630470281, -53.118836316996358 ], [ -70.869865842872841, -53.118837969948714 ], [ -70.869861035503533, -53.118842394040563 ], [ -70.869860663816496, -53.118842754918113 ], [ -70.869821787763073, -53.118876874388299 ], [ -70.869819359019814, -53.118878808748178 ], [ -70.869799904368605, -53.118896420805925 ], [ -70.869786852979431, -53.118907849596816 ], [ -70.869781390942407, -53.118912477986761 ], [ -70.86976848349137, -53.118923415246684 ], [ -70.869765782875504, -53.118925734447899 ], [ -70.86976186575852, -53.118929143987891 ], [ -70.869761025009595, -53.118929874104865 ], [ -70.869747068864484, -53.118941970450265 ], [ -70.869729765582676, -53.118957910704644 ], [ -70.869729284087938, -53.118957721464618 ], [ -70.869696477451797, -53.118986525882036 ], [ -70.869679447470759, -53.118999970004907 ], [ -70.869664800642909, -53.119013600464811 ], [ -70.869661746749372, -53.119016419245703 ], [ -70.869630401375716, -53.119045115998283 ], [ -70.869629707266213, -53.119044841630348 ], [ -70.869605290845286, -53.119066754383688 ], [ -70.869602450614266, -53.119069052488506 ], [ -70.869591318590508, -53.11907926318132 ], [ -70.869591238311813, -53.119079231536816 ], [ -70.869580600138761, -53.119088952126283 ], [ -70.869573595470484, -53.119095077305658 ], [ -70.86957254346909, -53.119096363300933 ], [ -70.869562835262116, -53.119105777356673 ], [ -70.869550173914249, -53.119117635947148 ], [ -70.869537986076693, -53.119128666617755 ], [ -70.869529777874419, -53.119136436286645 ], [ -70.869526416218989, -53.119139767146841 ], [ -70.869520060923762, -53.11914631043436 ], [ -70.869517696764078, -53.11914884173715 ], [ -70.869507208865528, -53.119159711743109 ], [ -70.869498567676331, -53.119168386100441 ], [ -70.869493759557784, -53.119173355916978 ], [ -70.869487856608885, -53.119179640810735 ], [ -70.869477957807902, -53.119189863678955 ], [ -70.869474320036502, -53.119193509319473 ], [ -70.869445768826623, -53.11921997094764 ], [ -70.869441920845759, -53.119223277077836 ], [ -70.869434799477844, -53.119229630824151 ], [ -70.869425356348685, -53.119238873299885 ], [ -70.869422169872323, -53.119242170837531 ], [ -70.869420144586073, -53.119244824931556 ], [ -70.869418174803045, -53.119246853667804 ], [ -70.869392813697573, -53.119271156615326 ], [ -70.869381113107579, -53.119281612130493 ], [ -70.869369921576393, -53.119292623538549 ], [ -70.869351283199563, -53.119309862176365 ], [ -70.869348307093944, -53.119312614815058 ], [ -70.869345121074076, -53.119315561530762 ], [ -70.869332628916908, -53.119326744943891 ], [ -70.869319853477052, -53.119337819703254 ], [ -70.869311596584694, -53.119345051135475 ], [ -70.869307039838418, -53.119349143920466 ], [ -70.869300440243833, -53.119355217768138 ], [ -70.869298219189972, -53.119357300526175 ], [ -70.869278463334695, -53.119374896456748 ], [ -70.869265745909573, -53.119385666057532 ], [ -70.869265679062252, -53.119385637438448 ], [ -70.869249419503376, -53.119399512812905 ], [ -70.869240956848998, -53.119406290659946 ], [ -70.869240302578433, -53.119406813937992 ], [ -70.869237410052222, -53.119409123553766 ], [ -70.869225264502319, -53.119419410454867 ], [ -70.869218533134728, -53.119425464969645 ], [ -70.869193354530424, -53.119446746238054 ], [ -70.869187772657398, -53.119451185161822 ], [ -70.869169641250295, -53.119466509984122 ], [ -70.869122425232945, -53.119502397913564 ], [ -70.869118971034638, -53.119504764896021 ], [ -70.869111921098323, -53.119509774037418 ], [ -70.86910420689955, -53.119516099222423 ], [ -70.869086703985602, -53.119529884234183 ], [ -70.869083450730855, -53.119532346416968 ], [ -70.869067389332187, -53.119544088874292 ], [ -70.869057426132059, -53.119551126723955 ], [ -70.869054441881971, -53.119553506463539 ], [ -70.869044951328945, -53.119561401064828 ], [ -70.86902366181873, -53.119578259442392 ], [ -70.869021573542923, -53.119579834659397 ], [ -70.869009764623044, -53.119589113082107 ], [ -70.869001206761297, -53.119595919917622 ], [ -70.868987882286788, -53.119606217034715 ], [ -70.868980690255867, -53.119611988732984 ], [ -70.868973009306089, -53.119618261331532 ], [ -70.868952014378976, -53.119636716472655 ], [ -70.868951762096117, -53.119636612637059 ], [ -70.868934556380253, -53.119651707741617 ], [ -70.868929715326871, -53.119655655911949 ], [ -70.868924945655721, -53.119659609794041 ], [ -70.86891460039746, -53.119668641358487 ], [ -70.868911470906809, -53.119671521363323 ], [ -70.868890690082665, -53.119689659629614 ], [ -70.868883814887425, -53.119695356489963 ], [ -70.86886715264562, -53.119710954345152 ], [ -70.868861283646055, -53.119716316958559 ], [ -70.868841417706037, -53.119735382524155 ], [ -70.868834719623649, -53.119741693354541 ], [ -70.868813136469257, -53.119761659672854 ], [ -70.868794912126262, -53.119777745329259 ], [ -70.868788632109897, -53.11978303842195 ], [ -70.868772291943543, -53.119796288979629 ], [ -70.868770623699547, -53.119797591206151 ], [ -70.868720774687503, -53.119832624938148 ], [ -70.868708164585186, -53.119840617758463 ], [ -70.868701805717507, -53.119844648278217 ], [ -70.868692378292323, -53.119851127910081 ], [ -70.868664512481288, -53.119875671858161 ], [ -70.868651888383084, -53.119889088910384 ], [ -70.868649902249729, -53.119891103954572 ], [ -70.868645556328033, -53.119895632593064 ], [ -70.86863867506068, -53.119902999624522 ], [ -70.868635607214713, -53.119906350659519 ], [ -70.868633159734387, -53.119909078617276 ], [ -70.868630090361989, -53.119912766553206 ], [ -70.868572391645415, -53.119970744883297 ], [ -70.868563146929304, -53.119978622908206 ], [ -70.868548453337652, -53.11999190404466 ], [ -70.868539500161276, -53.119999812643911 ], [ -70.868533598143486, -53.120004908558634 ], [ -70.86851637759635, -53.12001917229378 ], [ -70.868500382765021, -53.120031888565066 ], [ -70.868496578438524, -53.120035157026656 ], [ -70.868493765090378, -53.120037557444164 ], [ -70.868490774030079, -53.12004009173409 ], [ -70.86847295192625, -53.120054568812698 ], [ -70.868466333556299, -53.120059725687469 ], [ -70.868454423236273, -53.120068763438205 ], [ -70.86843563766061, -53.12008264850185 ], [ -70.868433609749303, -53.120084231391466 ], [ -70.868428448569503, -53.120088357095128 ], [ -70.868427762765137, -53.120088918713897 ], [ -70.868424558327618, -53.120091522792102 ], [ -70.868395854081413, -53.12011467379898 ], [ -70.868384620249032, -53.120123504299059 ], [ -70.86837595856673, -53.120130141087181 ], [ -70.868375795009612, -53.120130298112841 ], [ -70.868343587670424, -53.120158733828205 ], [ -70.868322582167167, -53.120175833958669 ], [ -70.86832068677559, -53.120177454054925 ], [ -70.86831586851298, -53.120181410022838 ], [ -70.868305039403126, -53.120190386552466 ], [ -70.868300437387916, -53.120194201299675 ], [ -70.868283452252925, -53.120209303182442 ], [ -70.868277176437473, -53.120215095697674 ], [ -70.868275222269446, -53.120216838897782 ], [ -70.868268814398775, -53.120222753329848 ], [ -70.868265983164108, -53.120225458623366 ], [ -70.868255742394908, -53.120235637573934 ], [ -70.868255727360449, -53.120235632055945 ], [ -70.868246003938296, -53.120245296895128 ], [ -70.868243559429459, -53.120247632628626 ], [ -70.868242806919014, -53.120248351639532 ], [ -70.868240921235142, -53.120250144021412 ], [ -70.868217067939185, -53.12027269855534 ], [ -70.868215156949049, -53.120274675910657 ], [ -70.868210586408892, -53.120279406300405 ], [ -70.868196882513516, -53.120293027973815 ], [ -70.868194492372069, -53.120295311426787 ], [ -70.868164335833256, -53.120321952747823 ], [ -70.868163111406105, -53.12032295517615 ], [ -70.86812975697454, -53.120351377997714 ], [ -70.868129146299182, -53.1203511186743 ], [ -70.868097607054935, -53.120377271824083 ], [ -70.868079453780922, -53.120390759231157 ], [ -70.868073728098267, -53.120395185343227 ], [ -70.868070705294002, -53.120397412642511 ], [ -70.868070153661279, -53.120397818684054 ], [ -70.868055203776152, -53.120408808124353 ], [ -70.868051380991318, -53.120411624904285 ], [ -70.868035215513189, -53.12042471339138 ], [ -70.868028090448831, -53.120430388049016 ], [ -70.868008087536111, -53.120446059336608 ], [ -70.867997505609921, -53.120454869947302 ], [ -70.867993399446107, -53.120458358273837 ], [ -70.867987249710012, -53.120463689465552 ], [ -70.867984673504424, -53.120465952638554 ], [ -70.867946014022877, -53.120496958765905 ], [ -70.867940227318527, -53.1205012052082 ], [ -70.86792660052167, -53.120512851846925 ], [ -70.867923728149478, -53.120515495113182 ], [ -70.867922240079423, -53.120516859231863 ], [ -70.867913266151049, -53.120525052569469 ], [ -70.867903581412392, -53.120533675842765 ], [ -70.867888979107775, -53.120546358756521 ], [ -70.867888730264767, -53.120546255044481 ], [ -70.867861541059483, -53.12056880134908 ], [ -70.867857001472288, -53.120572279210592 ], [ -70.867853791641593, -53.120574774301659 ], [ -70.867842491918978, -53.120583686248068 ], [ -70.867839639173226, -53.120585965535213 ], [ -70.867805120166324, -53.120611159589465 ], [ -70.867805309706355, -53.12061125703984 ], [ -70.867799569730252, -53.12061529622811 ], [ -70.867787638576317, -53.120624135904073 ], [ -70.86778452082055, -53.120626569491229 ], [ -70.867760355550274, -53.120644462174425 ], [ -70.867730029650687, -53.120665775343454 ], [ -70.867715949980166, -53.120676151502153 ], [ -70.867696905705799, -53.120689413680722 ], [ -70.867692976787126, -53.120692127553667 ], [ -70.867692341093814, -53.120692563142882 ], [ -70.867686383019134, -53.120696822151125 ], [ -70.867649715111213, -53.120727700817639 ], [ -70.867649354652073, -53.120727545902007 ], [ -70.867632966470481, -53.120741749152288 ], [ -70.86762869284432, -53.120745119709525 ], [ -70.867620893999771, -53.120751601749298 ], [ -70.867609416145143, -53.120762653168967 ], [ -70.867585401136409, -53.120784349349641 ], [ -70.867574332034636, -53.120793746918231 ], [ -70.867572962383619, -53.120794905987182 ], [ -70.867569263250545, -53.120798025501557 ], [ -70.867528528105723, -53.120828952573085 ], [ -70.867528744598459, -53.120829061558474 ], [ -70.86751368011835, -53.120839889367254 ], [ -70.867493691975866, -53.120853676177333 ], [ -70.867480169915481, -53.120862628350977 ], [ -70.867480134095899, -53.120862608774075 ], [ -70.867463559841525, -53.120873487685884 ], [ -70.867458894240997, -53.120876421690689 ], [ -70.867455018105844, -53.120878878405904 ], [ -70.867443638520157, -53.120885934651703 ], [ -70.867439946658422, -53.120888174319624 ], [ -70.867420859377461, -53.120903037450205 ], [ -70.867432210072693, -53.12092131036929 ], [ -70.867470019323378, -53.121007353070766 ], [ -70.867478900045782, -53.121096190887151 ], [ -70.867458503873294, -53.121184339326469 ], [ -70.867409630486762, -53.121268340905942 ], [ -70.867334196912367, -53.121344900765259 ], [ -70.867235161551648, -53.121411015890892 ], [ -70.867116409005916, -53.121464093090673 ], [ -70.866982597257916, -53.121502050477666 ], [ -70.866838974832589, -53.121523399015949 ], [ -70.866797174935485, -53.121524502708958 ], [ -70.866746712192665, -53.12152882485244 ], [ -70.866738229992592, -53.12154890213187 ], [ -70.866722366245838, -53.121607174679511 ], [ -70.86666100852544, -53.121698863128472 ], [ -70.866641365446611, -53.12172086230418 ], [ -70.866622577998598, -53.121740679440805 ], [ -70.866558962999079, -53.12180399049268 ], [ -70.866558629702297, -53.121803869311961 ], [ -70.866453805427213, -53.121886323937474 ], [ -70.866370359255171, -53.12193798461594 ], [ -70.866365195202363, -53.121941246456551 ], [ -70.866269692093539, -53.122002793175419 ], [ -70.866220516532721, -53.122031695192426 ], [ -70.866096936989891, -53.122097921307741 ], [ -70.866080552453695, -53.122107250845588 ], [ -70.866015770388529, -53.122146436959738 ], [ -70.865949474257263, -53.122181924855077 ], [ -70.865860748413951, -53.12223763970087 ], [ -70.865797575158908, -53.122281639829616 ], [ -70.86573446791968, -53.122318399677972 ], [ -70.865719930457445, -53.122327352995669 ], [ -70.865700187014809, -53.122340210436974 ], [ -70.865652666443552, -53.122368504131231 ], [ -70.865408413130851, -53.122501454846805 ], [ -70.865386228525054, -53.122514582270114 ], [ -70.864976741420278, -53.12277797053838 ], [ -70.864964875725477, -53.12278597753636 ], [ -70.864833373912106, -53.122879098921139 ], [ -70.864828757973541, -53.122882336372015 ], [ -70.864643689189478, -53.12301089655071 ], [ -70.864559456913824, -53.123076446352435 ], [ -70.864396369115866, -53.123249371190219 ], [ -70.864357033288542, -53.123307323798727 ], [ -70.864267451664148, -53.123403518012303 ], [ -70.864205094812093, -53.123454574573209 ], [ -70.864199160860906, -53.123459366073199 ], [ -70.863992888934675, -53.123623633017239 ], [ -70.863967164987955, -53.123642985192866 ], [ -70.86385255358833, -53.123724493945268 ], [ -70.86375739059757, -53.123781020381244 ], [ -70.863756224444032, -53.123781598753638 ], [ -70.863707514241355, -53.123810681034257 ], [ -70.863352551869937, -53.124065757207013 ], [ -70.863345662191406, -53.1240706371673 ], [ -70.86228507310841, -53.12481106072012 ], [ -70.862271561875872, -53.124820236875294 ], [ -70.861178985659791, -53.125542162969055 ], [ -70.861150908008966, -53.125563110640208 ], [ -70.860832079521799, -53.125832553288966 ], [ -70.86069609306324, -53.125919972866811 ], [ -70.860673779306666, -53.125930938182407 ], [ -70.860673418257861, -53.125931129841049 ], [ -70.860669776247263, -53.12593301563296 ], [ -70.860655918788439, -53.125940856967162 ], [ -70.860605934898629, -53.125966736798645 ], [ -70.860605247656849, -53.125967062031059 ], [ -70.86057290903544, -53.125985745811548 ], [ -70.860572650029653, -53.125985583624598 ], [ -70.86054656811541, -53.126000758039552 ], [ -70.860529629881427, -53.126009804689076 ], [ -70.860520487180437, -53.126015353531031 ], [ -70.860498896094924, -53.126027981829637 ], [ -70.860466774060058, -53.126045702632396 ], [ -70.860420326518991, -53.126069864395511 ], [ -70.860415267016393, -53.126073038835038 ], [ -70.860389995687612, -53.126089043410701 ], [ -70.860386428126446, -53.126091303835615 ], [ -70.860349765714886, -53.126112987584023 ], [ -70.860346368499748, -53.126114862976721 ], [ -70.860344932569916, -53.126115772787571 ], [ -70.860341222240976, -53.126118094959949 ], [ -70.860314480533489, -53.126134008948995 ], [ -70.860301147314345, -53.126141553630234 ], [ -70.860285147802287, -53.126151690962544 ], [ -70.86027307258405, -53.126159341847568 ], [ -70.86026114284617, -53.126166900552079 ], [ -70.860249213104112, -53.126174459255409 ], [ -70.860237137873114, -53.12618211013686 ], [ -70.860229204734992, -53.126187136580974 ], [ -70.860206001741432, -53.126201203422298 ], [ -70.860169875705438, -53.126222159845909 ], [ -70.860169730090362, -53.126222069069208 ], [ -70.860159847134881, -53.12622799150099 ], [ -70.860158278895895, -53.126228873078993 ], [ -70.860154678831464, -53.126231021712599 ], [ -70.860115777679567, -53.126252647859921 ], [ -70.860075043947077, -53.126273732270469 ], [ -70.860071456767983, -53.126275577268665 ], [ -70.860067486381382, -53.126277606268168 ], [ -70.860057400017723, -53.126283609278559 ], [ -70.860015369995565, -53.126307391763604 ], [ -70.860015161660129, -53.126307523763955 ], [ -70.859985243095025, -53.126325438001629 ], [ -70.859979279816699, -53.126328812289557 ], [ -70.859965109727582, -53.126336626060244 ], [ -70.8599575378379, -53.126340694920252 ], [ -70.859942553246569, -53.126348348347179 ], [ -70.859926991109532, -53.126357109263424 ], [ -70.85992656792159, -53.126357336594268 ], [ -70.85992127174859, -53.126361158344551 ], [ -70.859893011465829, -53.126377823660782 ], [ -70.859862290071561, -53.126398566884156 ], [ -70.859835754288696, -53.126413626138834 ], [ -70.859830039728791, -53.126417246830101 ], [ -70.859811310712928, -53.126430086781909 ], [ -70.8597474554294, -53.126468840878161 ], [ -70.859735864308377, -53.12647506929892 ], [ -70.859721082118952, -53.126484435113667 ], [ -70.859710710940931, -53.126491006161949 ], [ -70.859707583635725, -53.126492975675646 ], [ -70.859698653540704, -53.126498565364471 ], [ -70.85969551248489, -53.126500555681041 ], [ -70.859682366547332, -53.126508988059832 ], [ -70.859676035824208, -53.126512999120344 ], [ -70.859662730475705, -53.126521326010796 ], [ -70.859659565257971, -53.126523331448418 ], [ -70.859646431232491, -53.126531756174828 ], [ -70.859640100502702, -53.126535767233477 ], [ -70.859626656298829, -53.126544180980218 ], [ -70.859611219072207, -53.126553951250656 ], [ -70.859598886273616, -53.126561834809209 ], [ -70.85956668986222, -53.126581198020773 ], [ -70.859546750313157, -53.126592480346417 ], [ -70.859521104050259, -53.126607646106045 ], [ -70.859517527460966, -53.126609619846285 ], [ -70.859511468333352, -53.126613458801117 ], [ -70.859494029165063, -53.126625318359459 ], [ -70.859403403555731, -53.126691510335775 ], [ -70.859400928158664, -53.126693963509048 ], [ -70.859385480294947, -53.126706425509241 ], [ -70.859359373090385, -53.126727486800377 ], [ -70.859335268702011, -53.126745909268408 ], [ -70.859308386691197, -53.126765386916389 ], [ -70.859298534398931, -53.126772101313328 ], [ -70.859242836567404, -53.126812911245693 ], [ -70.859242794108383, -53.126812890241659 ], [ -70.859240922098664, -53.126814353206534 ], [ -70.859228111381327, -53.126823678724016 ], [ -70.859219964117784, -53.126829508333373 ], [ -70.85917662276762, -53.126859991430905 ], [ -70.859175978297117, -53.126860522050407 ], [ -70.85914966133825, -53.126880928820583 ], [ -70.859132058940773, -53.126893797006922 ], [ -70.859124923989214, -53.126901059716928 ], [ -70.859063502076623, -53.126948590581399 ], [ -70.859063497498596, -53.126948588405263 ], [ -70.859036546779038, -53.126969959934911 ], [ -70.859007144727144, -53.126990832556672 ], [ -70.858978954689022, -53.127009734841437 ], [ -70.858973160249533, -53.127013406005986 ], [ -70.858962572861472, -53.127020185078571 ], [ -70.858956740322114, -53.127023877425678 ], [ -70.858949474677544, -53.127028425218867 ], [ -70.858935763608855, -53.12703810110154 ], [ -70.858922945969354, -53.127046670227458 ], [ -70.858913350155603, -53.127053657315344 ], [ -70.858876035610891, -53.127078839656363 ], [ -70.858862509495523, -53.127087305659465 ], [ -70.858850363810959, -53.127094991030717 ], [ -70.858839937831831, -53.127101666697349 ], [ -70.858834105270958, -53.12710535903858 ], [ -70.858826569192331, -53.127110076113873 ], [ -70.858814428437753, -53.127117758257675 ], [ -70.858804001429121, -53.127124434566454 ], [ -70.85879816901145, -53.127128126903649 ], [ -70.858790632924908, -53.127132843976717 ], [ -70.858778492157512, -53.127140526116918 ], [ -70.85876806528718, -53.127147202420289 ], [ -70.858762232713971, -53.127150894758103 ], [ -70.858754696619513, -53.127155611828933 ], [ -70.858742646488096, -53.127163236718673 ], [ -70.85872486481054, -53.127174630043903 ], [ -70.858718822045333, -53.12717845674409 ], [ -70.858703787184282, -53.127187866202014 ], [ -70.858691721750475, -53.12719550058565 ], [ -70.858673942810483, -53.127206892152074 ], [ -70.858667900036238, -53.127210718849732 ], [ -70.85865286515282, -53.127220128301374 ], [ -70.858640796059788, -53.12722776489457 ], [ -70.858624532219167, -53.127238185550425 ], [ -70.858618478363269, -53.127242018891728 ], [ -70.85860507987627, -53.127250403664981 ], [ -70.85857948125421, -53.127266610207265 ], [ -70.858568398549266, -53.127273631721067 ], [ -70.858546066698963, -53.127287863628645 ], [ -70.858541430936967, -53.127290791501672 ], [ -70.858533275228353, -53.127295896195633 ], [ -70.858530157768158, -53.127297871277605 ], [ -70.858522877672229, -53.127302540012771 ], [ -70.85851664274962, -53.12730649017611 ], [ -70.858509106601076, -53.127311207231742 ], [ -70.858495447038109, -53.127319850411489 ], [ -70.85849538910692, -53.127319817241776 ], [ -70.858457021003062, -53.127342504114779 ], [ -70.858455168372416, -53.127343520203276 ], [ -70.858435679810214, -53.127355382648879 ], [ -70.85839837304755, -53.12737725933529 ], [ -70.858360562904011, -53.127397523590332 ], [ -70.858360724489671, -53.127397634618355 ], [ -70.858355873800548, -53.127400189225007 ], [ -70.858330487644196, -53.127414887825232 ], [ -70.858310296321179, -53.127427736696703 ], [ -70.858270735402357, -53.127451109499049 ], [ -70.858226400532047, -53.127475425392412 ], [ -70.858226284066689, -53.127475348543186 ], [ -70.858205033794547, -53.127487482905444 ], [ -70.858191417426795, -53.127494573335071 ], [ -70.858182756927476, -53.127499014110057 ], [ -70.858168795586309, -53.127506063261322 ], [ -70.85813540916503, -53.127524839046515 ], [ -70.85812352243552, -53.127531211993102 ], [ -70.858105472264427, -53.127541423290062 ], [ -70.858080527001064, -53.127555532275146 ], [ -70.858072128552521, -53.127560306816434 ], [ -70.858060864772298, -53.127566710310184 ], [ -70.858026189469058, -53.127585232060902 ], [ -70.858024566952963, -53.12758604603907 ], [ -70.858016418203263, -53.127590656466957 ], [ -70.858007431658464, -53.127595658204342 ], [ -70.857981990684351, -53.127609587003263 ], [ -70.857961908619416, -53.127619883397664 ], [ -70.857944353520352, -53.127629570344631 ], [ -70.85791963373191, -53.127642619744947 ], [ -70.85790857210516, -53.127648204715015 ], [ -70.857906949752646, -53.127649032983953 ], [ -70.857869110144193, -53.127670440508119 ], [ -70.857867653869292, -53.127671262228517 ], [ -70.857813002180421, -53.127702015835894 ], [ -70.857757195407189, -53.127733516938783 ], [ -70.857757121466776, -53.127733469543777 ], [ -70.857745811038839, -53.127740096610829 ], [ -70.857712262933873, -53.127758497194165 ], [ -70.857699789469251, -53.127765904267662 ], [ -70.857671706491757, -53.127781724038194 ], [ -70.857653477108215, -53.127791205690919 ], [ -70.857623050979257, -53.127807912613939 ], [ -70.857594199673343, -53.127822959930221 ], [ -70.857590069497789, -53.127825005183887 ], [ -70.857574858701483, -53.127833610967578 ], [ -70.857567542439284, -53.127837695191523 ], [ -70.857551659486845, -53.127846443712613 ], [ -70.857535104023384, -53.12785490738645 ], [ -70.857469851789858, -53.127890704081665 ], [ -70.857456318773984, -53.127898682649906 ], [ -70.857415524963585, -53.127921059544981 ], [ -70.857408692899895, -53.127924761117363 ], [ -70.857351643198669, -53.127955289851513 ], [ -70.857343353314434, -53.127960498867736 ], [ -70.857340725637613, -53.12796216697965 ], [ -70.857326106250625, -53.127971543163547 ], [ -70.857321157954814, -53.127974686333182 ], [ -70.857291976438916, -53.127993044374044 ], [ -70.857271100491658, -53.128006266065746 ], [ -70.857254729706014, -53.128016716697616 ], [ -70.857249647760412, -53.128019928929142 ], [ -70.857240184343055, -53.128025851937522 ], [ -70.857240123791158, -53.128025816920072 ], [ -70.857203880369426, -53.128047152211558 ], [ -70.857179699182822, -53.128060404058964 ], [ -70.857179434423642, -53.128060572896757 ], [ -70.857147834997193, -53.128079553191846 ], [ -70.857135636111977, -53.128086455056767 ], [ -70.857133416106436, -53.128087861471791 ], [ -70.857112391970503, -53.128100657586351 ], [ -70.857074675019106, -53.128122712684743 ], [ -70.857074608830203, -53.128122671731482 ], [ -70.857052785735888, -53.128135513115538 ], [ -70.857043961265376, -53.128140382426068 ], [ -70.857026319945405, -53.128149812640096 ], [ -70.856989327123429, -53.128168966849373 ], [ -70.856978609158929, -53.128175383210269 ], [ -70.856966749724194, -53.128182092128917 ], [ -70.856956590367489, -53.128188450325219 ], [ -70.856953467677897, -53.128190428592937 ], [ -70.856944640968422, -53.12819608882991 ], [ -70.856941533181867, -53.128198069561996 ], [ -70.856931476754013, -53.128204440445344 ], [ -70.856885705207446, -53.128231066873731 ], [ -70.856873595993648, -53.128237533607866 ], [ -70.856849844951981, -53.128249693876079 ], [ -70.856840418755894, -53.128254319383679 ], [ -70.856815376733806, -53.128268401105672 ], [ -70.856803092483474, -53.128276175182151 ], [ -70.856791111883467, -53.128283846973211 ], [ -70.85678836030651, -53.128285599538586 ], [ -70.856772022777363, -53.128295949518431 ], [ -70.856759946334321, -53.12830360005519 ], [ -70.856748015386373, -53.12831115841562 ], [ -70.856734070285398, -53.128319992754854 ], [ -70.856731983162049, -53.12832130961133 ], [ -70.856716288690109, -53.128331171884476 ], [ -70.856713691371922, -53.128332820628451 ], [ -70.856704710422576, -53.1283385797216 ], [ -70.856671680822501, -53.128358474147554 ], [ -70.856653147187856, -53.128368959778662 ], [ -70.856631400523824, -53.128381939784134 ], [ -70.856629726784917, -53.128382880948919 ], [ -70.856613255216715, -53.128391871018025 ], [ -70.85655644233978, -53.128421963580841 ], [ -70.856529703457184, -53.128436246573102 ], [ -70.856488388699162, -53.128456769682813 ], [ -70.856467302029216, -53.128466501056565 ], [ -70.856463746949842, -53.128468162214958 ], [ -70.856448797862242, -53.12847523492556 ], [ -70.856443956595925, -53.128477906002658 ], [ -70.856404811631663, -53.128498053601575 ], [ -70.856400975202973, -53.128499894281866 ], [ -70.856385344032759, -53.128507192136389 ], [ -70.856377423923831, -53.128510789873474 ], [ -70.856335688861066, -53.128533678065445 ], [ -70.856317858555343, -53.128544168497903 ], [ -70.856312019961791, -53.128547397432882 ], [ -70.856311479622377, -53.128547043989634 ], [ -70.856280673628603, -53.128564255909446 ], [ -70.856273327830607, -53.128567889456235 ], [ -70.856235705922771, -53.128589273182868 ], [ -70.856233435959808, -53.128590624618241 ], [ -70.85620907677756, -53.128604421528848 ], [ -70.856163865097699, -53.128625698193552 ], [ -70.856139529418755, -53.128638841469495 ], [ -70.856116292917719, -53.128650603464109 ], [ -70.856105697243336, -53.128656415650099 ], [ -70.856088325498661, -53.128665094133325 ], [ -70.856064111235227, -53.12867802440207 ], [ -70.856042400187889, -53.128688724097181 ], [ -70.856042499659466, -53.128688795099912 ], [ -70.855996519653345, -53.128712114375816 ], [ -70.855989978162654, -53.128715811064239 ], [ -70.855978204415152, -53.128722323181023 ], [ -70.855964159471725, -53.128729926199711 ], [ -70.855946865624247, -53.128739359103143 ], [ -70.855937093830718, -53.128744595979036 ], [ -70.855935519995967, -53.128745424632733 ], [ -70.855922531039724, -53.1287521076313 ], [ -70.855906392087874, -53.12876022069014 ], [ -70.855875108015752, -53.128778291721062 ], [ -70.855855310760418, -53.128789321075153 ], [ -70.85581553190319, -53.128810692712293 ], [ -70.855805170773053, -53.128817256330599 ], [ -70.855794582293456, -53.128824035130044 ], [ -70.8557887493875, -53.128827727323063 ], [ -70.855781312519952, -53.128832381697222 ], [ -70.855743804776566, -53.128856130696647 ], [ -70.85573329215552, -53.128862790261884 ], [ -70.855722703802812, -53.128869569052753 ], [ -70.855716870735165, -53.128873261244657 ], [ -70.855716306727118, -53.128873614195747 ], [ -70.855682675713737, -53.128893377642754 ], [ -70.855678163165265, -53.128895867528342 ], [ -70.855672654687353, -53.128899357045505 ], [ -70.855634225265192, -53.128922008875882 ], [ -70.85563142698642, -53.128923543401648 ], [ -70.855617877489266, -53.128932119074463 ], [ -70.855599950675398, -53.128943475342375 ], [ -70.855582053680422, -53.128954812712024 ], [ -70.855564011171893, -53.128966242252758 ], [ -70.855558537305726, -53.128969709827416 ], [ -70.855514443267865, -53.128995436311889 ], [ -70.85548926922192, -53.129008961132463 ], [ -70.85544736902132, -53.129029655187153 ], [ -70.855379697506436, -53.129066160190305 ], [ -70.855368295750409, -53.129072186171655 ], [ -70.855324002869835, -53.129095120430826 ], [ -70.855307193254973, -53.129105182761776 ], [ -70.855302424299197, -53.129107880534868 ], [ -70.855291756510596, -53.129113703210542 ], [ -70.855263517967359, -53.129130015346547 ], [ -70.855254426210678, -53.129135774705532 ], [ -70.855242479780742, -53.129143342412249 ], [ -70.855204685694488, -53.129165644984383 ], [ -70.855185269281137, -53.129176317477082 ], [ -70.85514756247575, -53.129195397715648 ], [ -70.855106647273246, -53.129217972133603 ], [ -70.855078168395451, -53.129235009731339 ], [ -70.855063129789144, -53.129243506413317 ], [ -70.854993720225323, -53.12927741528442 ], [ -70.854994009149479, -53.129277640490486 ], [ -70.85497688290485, -53.129285588635071 ], [ -70.854929121350054, -53.129306008557144 ], [ -70.854911798116945, -53.129312816074012 ], [ -70.854911036254194, -53.129313115014334 ], [ -70.854880207037255, -53.129325197815199 ], [ -70.854872002572691, -53.129328648030373 ], [ -70.854871983015897, -53.129328631253074 ], [ -70.854829973573729, -53.12934510608396 ], [ -70.854814864612095, -53.12935059712057 ], [ -70.854808306288277, -53.129353036496433 ], [ -70.854781268881268, -53.129363326898741 ], [ -70.854781050835854, -53.129363119647714 ], [ -70.854721516267901, -53.129385260853155 ], [ -70.854701726382629, -53.129391636566922 ], [ -70.854679814976379, -53.129399747963028 ], [ -70.854630930186147, -53.129416354840771 ], [ -70.854615021345595, -53.129421294606729 ], [ -70.854588694885294, -53.129432365235857 ], [ -70.854584844669688, -53.129434000547086 ], [ -70.854540253691454, -53.129451540956822 ], [ -70.85453673843719, -53.129452818438466 ], [ -70.85453147140133, -53.129454785366299 ], [ -70.854484356702514, -53.12947334513337 ], [ -70.854484517910549, -53.129473499506929 ], [ -70.854473752544024, -53.129477564267191 ], [ -70.854465061581706, -53.129480947681252 ], [ -70.854445123176589, -53.129488947650451 ], [ -70.854444828632779, -53.129488682163057 ], [ -70.854416507658883, -53.129500250345501 ], [ -70.854404035044396, -53.129504848493411 ], [ -70.854342422159476, -53.12953200462541 ], [ -70.854342025169927, -53.129531678878713 ], [ -70.854304736081588, -53.129548520253707 ], [ -70.854257986363862, -53.129567100945842 ], [ -70.854195215001297, -53.129589480476561 ], [ -70.854185256762719, -53.129592646169634 ], [ -70.854145715991422, -53.129604332683854 ], [ -70.854145410620049, -53.129604416287577 ], [ -70.85411810228058, -53.129614812799559 ], [ -70.854104590314279, -53.129619654745419 ], [ -70.854094665662572, -53.129623635530223 ], [ -70.854092465448446, -53.129624571822539 ], [ -70.854090729149661, -53.129625350387109 ], [ -70.854054679391311, -53.129645084506947 ], [ -70.854051777055233, -53.129646922967595 ], [ -70.854048680947542, -53.129649176932645 ], [ -70.854017158280001, -53.129670578221486 ], [ -70.854003847849867, -53.129680025391878 ], [ -70.853975653567787, -53.129698926792436 ], [ -70.853959242070218, -53.129709322480416 ], [ -70.853951002560095, -53.129714541707422 ], [ -70.853938321041568, -53.129723487381959 ], [ -70.853933309573321, -53.129726985888013 ], [ -70.853894756488586, -53.129753622330774 ], [ -70.853877544654978, -53.129766157096014 ], [ -70.853876140898223, -53.129767132675703 ], [ -70.853869859101948, -53.129771928610062 ], [ -70.853847231698168, -53.129791207551619 ], [ -70.853847601406088, -53.129790854488959 ], [ -70.853836236454214, -53.129800928640087 ], [ -70.853816004179095, -53.129825927640994 ], [ -70.853785846410204, -53.129858063901025 ], [ -70.853782561102264, -53.129864378509239 ], [ -70.853760554306888, -53.129893863817557 ], [ -70.853761970229868, -53.129894177653973 ], [ -70.853761900536114, -53.129894291390883 ], [ -70.853752992800722, -53.129914573524118 ], [ -70.853748584706722, -53.129953002500322 ], [ -70.85375195263741, -53.129973544878041 ], [ -70.85375923226448, -53.129991673242237 ], [ -70.853760970271878, -53.129994770750791 ], [ -70.853772851197263, -53.130012152896462 ], [ -70.853779038374398, -53.130020494889671 ], [ -70.853780115223174, -53.130021998331223 ], [ -70.853780768528054, -53.130022913374304 ], [ -70.853788695131954, -53.13003404888277 ], [ -70.85378675369121, -53.130034548873688 ], [ -70.853798198032038, -53.130052896837661 ], [ -70.853838881495477, -53.130102573541699 ], [ -70.853847511272519, -53.130109896442256 ], [ -70.853925991055235, -53.130194574905993 ], [ -70.853926374297515, -53.130195119428386 ], [ -70.853929407333879, -53.130200020317758 ], [ -70.853950705874922, -53.130224473291932 ], [ -70.853958441786162, -53.130231438167385 ], [ -70.853959539258554, -53.13023238225388 ], [ -70.853974375857078, -53.130244285807478 ], [ -70.85397743901359, -53.130246580855832 ], [ -70.8540774318177, -53.130345226048398 ], [ -70.854085406850359, -53.130356007634447 ], [ -70.854093488697572, -53.130364329720415 ], [ -70.854095387834576, -53.130366120725455 ], [ -70.854126507170221, -53.130398340203847 ], [ -70.854126988865588, -53.130398890294622 ], [ -70.854138803230256, -53.130409495827166 ], [ -70.85414431258063, -53.130414309320706 ], [ -70.854158293585172, -53.130426867114949 ], [ -70.854178420670934, -53.130442500947815 ], [ -70.854217561016256, -53.130476873487325 ], [ -70.854217717204449, -53.130476810548018 ], [ -70.854226125456975, -53.130484362894684 ], [ -70.854266885234793, -53.130512748020934 ], [ -70.854275000040801, -53.130517335177707 ], [ -70.854306031742809, -53.130535937363639 ], [ -70.854320300791898, -53.130545007893879 ], [ -70.854330921029288, -53.130551072902961 ], [ -70.854343640798078, -53.130558336909665 ], [ -70.854356207320848, -53.130565513396832 ], [ -70.854365489846103, -53.130570814456973 ], [ -70.854416366005111, -53.13060288332899 ], [ -70.854417009067802, -53.130603330929844 ], [ -70.854424561410497, -53.130608671346231 ], [ -70.854445943333857, -53.130624032232319 ], [ -70.854478327164898, -53.130646224812402 ], [ -70.854485064595039, -53.130650507685829 ], [ -70.854514626429307, -53.130670455316988 ], [ -70.854523121307949, -53.130676542632337 ], [ -70.854534419609706, -53.130684192702049 ], [ -70.854540216104226, -53.130688375871998 ], [ -70.854581038891425, -53.13072125140858 ], [ -70.85458130238419, -53.130721139326894 ], [ -70.85458154955893, -53.130721349450951 ], [ -70.854608810554112, -53.130741863797937 ], [ -70.85461297541633, -53.130744647114021 ], [ -70.854622615902997, -53.130750115465531 ], [ -70.854634406199509, -53.130758275985762 ], [ -70.854648351051878, -53.130768745962371 ], [ -70.854653800276466, -53.130772230487736 ], [ -70.854657288396467, -53.130774460998602 ], [ -70.854669734305219, -53.130782419532174 ], [ -70.854679706089016, -53.13078811413402 ], [ -70.854690630795119, -53.130794352919942 ], [ -70.854693905063257, -53.13079623415247 ], [ -70.854701216048369, -53.130800460247649 ], [ -70.854737733198476, -53.130823104324747 ], [ -70.854799817620176, -53.130864409611668 ], [ -70.854816664993365, -53.130874590249078 ], [ -70.854827519072089, -53.130881530846437 ], [ -70.854855564941232, -53.130900511797186 ], [ -70.854859099126557, -53.130903044296183 ], [ -70.854892303793392, -53.130924276730937 ], [ -70.854913208397008, -53.130936908968899 ], [ -70.854933053725659, -53.130949598976422 ], [ -70.854960662399904, -53.130968283824032 ], [ -70.854974863352965, -53.130977401369833 ], [ -70.855025826266001, -53.131013807651939 ], [ -70.855027018026192, -53.13101475682253 ], [ -70.855041825429822, -53.131023873630603 ], [ -70.855055369869504, -53.131034000427597 ], [ -70.855078743377717, -53.131054802531978 ], [ -70.855096249093833, -53.131067919163215 ], [ -70.855155450544714, -53.131115723151311 ], [ -70.855158741239123, -53.131118400947514 ], [ -70.855175154128318, -53.131131860955676 ], [ -70.855183530894166, -53.131138404897307 ], [ -70.855191274801953, -53.131144405333231 ], [ -70.85523480163387, -53.13117724596912 ], [ -70.855240867225348, -53.131182422322929 ], [ -70.855250081061897, -53.131189069012123 ], [ -70.855276454380302, -53.131212471771441 ], [ -70.855283281395572, -53.131219069259238 ], [ -70.855290189575328, -53.131224351692872 ], [ -70.855299800687192, -53.131229841486174 ], [ -70.855318877570355, -53.131243120061129 ], [ -70.855341863560852, -53.131259925562759 ], [ -70.855344672521255, -53.131262083656601 ], [ -70.855351319952533, -53.131266334259912 ], [ -70.855376659919486, -53.131283386716802 ], [ -70.855377858440491, -53.131284235713771 ], [ -70.85538952593167, -53.131291652128823 ], [ -70.855430906366038, -53.131320285667563 ], [ -70.855435421595814, -53.131323690315178 ], [ -70.855438773967762, -53.131326154336143 ], [ -70.855465799923621, -53.131343540656097 ], [ -70.855516248026802, -53.131379615093486 ], [ -70.855531234049067, -53.131391549841894 ], [ -70.85554923769503, -53.131404805641509 ], [ -70.855555678445342, -53.131409195302531 ], [ -70.85555443127339, -53.131409857297946 ], [ -70.855585086535271, -53.131429034035683 ], [ -70.855619434264653, -53.13145544013453 ], [ -70.855623721945719, -53.131458125302423 ], [ -70.855664445363217, -53.131485824546267 ], [ -70.855670924795547, -53.131490615205919 ], [ -70.855670894638038, -53.131490629971019 ], [ -70.855679017684864, -53.131496624914902 ], [ -70.855701369549124, -53.131513617886959 ], [ -70.855704060731085, -53.131515466825512 ], [ -70.855710744779657, -53.131520024225082 ], [ -70.855732919347801, -53.131533939883376 ], [ -70.855750721060645, -53.131545511095389 ], [ -70.855771659665933, -53.131559609462983 ], [ -70.855783989784356, -53.131566650493497 ], [ -70.855802980410218, -53.131577494078215 ], [ -70.855818776789064, -53.131586515357164 ], [ -70.85584085897132, -53.131599125210279 ], [ -70.855856644446064, -53.131608139371934 ], [ -70.855869211527761, -53.131615315693253 ], [ -70.855878708566124, -53.131620738890881 ], [ -70.855908826195176, -53.131638949533055 ], [ -70.855920627697401, -53.131646505408689 ], [ -70.855921365784724, -53.131646926885928 ], [ -70.855929128202419, -53.131651305990246 ], [ -70.855935695894303, -53.131655056401819 ], [ -70.855943367870466, -53.131659490858631 ], [ -70.855946654935906, -53.131661367901891 ], [ -70.85596072887229, -53.131669307482767 ], [ -70.855967309903079, -53.131673065506419 ], [ -70.85597414239561, -53.131677014883763 ], [ -70.856006996525807, -53.13169723906357 ], [ -70.856011138008853, -53.131699954278005 ], [ -70.856015752598751, -53.131702589382137 ], [ -70.856045536754948, -53.131720586449717 ], [ -70.856092158923815, -53.131750396979129 ], [ -70.856124894815977, -53.131773732711302 ], [ -70.856177598510044, -53.131809435545648 ], [ -70.856180797997538, -53.131811284818781 ], [ -70.856210773850208, -53.131828412886883 ], [ -70.856225077287334, -53.131836579825475 ], [ -70.856236644336278, -53.131843115752297 ], [ -70.856242137230566, -53.131846251231359 ], [ -70.856253365140134, -53.131852725645267 ], [ -70.856256330301349, -53.131854416830478 ], [ -70.85626425381902, -53.131858886812935 ], [ -70.856270821571727, -53.131862637205359 ], [ -70.856278495155863, -53.131867072604777 ], [ -70.856281779033324, -53.131868947800633 ], [ -70.856291192997901, -53.13187425844098 ], [ -70.856294486338626, -53.131876127734969 ], [ -70.856305411554999, -53.131882366367115 ], [ -70.856319555213659, -53.131890442823888 ], [ -70.856322829785782, -53.131892324007573 ], [ -70.856332135790453, -53.131897703038177 ], [ -70.856335419672575, -53.131899578232506 ], [ -70.856340345449382, -53.131902356995312 ], [ -70.856407088439013, -53.131945277594198 ], [ -70.856428888377138, -53.131961276593159 ], [ -70.856425999063319, -53.131962700623141 ], [ -70.856508558600751, -53.132024879496846 ], [ -70.856525000423332, -53.132041412469782 ], [ -70.856550587876256, -53.132060677980313 ], [ -70.856594798176388, -53.132097664248079 ], [ -70.856612102442938, -53.132113808762185 ], [ -70.856611678266049, -53.132113973252025 ], [ -70.856623520978289, -53.132123369860537 ], [ -70.856634625288464, -53.132134352139879 ], [ -70.856638491360414, -53.132136856124994 ], [ -70.856713778177905, -53.132175980097266 ], [ -70.856717183197034, -53.132177248957184 ], [ -70.856747649267746, -53.132193323735109 ], [ -70.856761045552346, -53.132199362402197 ], [ -70.856860456752912, -53.132253171134387 ], [ -70.856865375648738, -53.132256357075207 ], [ -70.856891554745616, -53.132269525064892 ], [ -70.856929055477764, -53.132284097785863 ], [ -70.857055836842378, -53.132350486111648 ], [ -70.857055918230984, -53.132350522332544 ], [ -70.857057881523247, -53.132349286611017 ], [ -70.857074134068057, -53.13235862615732 ], [ -70.857080859406636, -53.132361618121948 ], [ -70.857155303551153, -53.132399496288379 ], [ -70.857181970170757, -53.132414969337901 ], [ -70.857188672074614, -53.132418796974036 ], [ -70.857210194389097, -53.132429622506535 ], [ -70.857277682594756, -53.132468106119944 ], [ -70.857293415978432, -53.132478268550351 ], [ -70.857296043741599, -53.132479590338136 ], [ -70.857360809046995, -53.132516324392896 ], [ -70.857372068091294, -53.132523519438983 ], [ -70.857381037373329, -53.132528640938943 ], [ -70.857380511492778, -53.132528974062801 ], [ -70.857474427553925, -53.132582252538391 ], [ -70.857474681452032, -53.132582112010134 ], [ -70.857477979628101, -53.13258426763533 ], [ -70.85748475185828, -53.13258810944162 ], [ -70.857486314168654, -53.132589273883532 ], [ -70.857515098109033, -53.132605696937262 ], [ -70.857572567314833, -53.132644566883343 ], [ -70.857601467329928, -53.132661634435799 ], [ -70.857612611397911, -53.132666190369754 ], [ -70.857651710192016, -53.132685791246182 ], [ -70.857751953064536, -53.132746679270227 ], [ -70.857752747262666, -53.132747263938114 ], [ -70.857766512903837, -53.132755608918814 ], [ -70.857782594535166, -53.132764850073357 ], [ -70.857789487600442, -53.132768788693006 ], [ -70.857808374892969, -53.132779970900835 ], [ -70.857845020137034, -53.13280245012119 ], [ -70.857855086259917, -53.132808394364623 ], [ -70.857884199204477, -53.132826286016432 ], [ -70.857892807516777, -53.132831201294863 ], [ -70.857912858395252, -53.132841934408731 ], [ -70.857919829306852, -53.1328450366738 ], [ -70.858003356227272, -53.13288990538851 ], [ -70.858003980618832, -53.132889509858295 ], [ -70.858028134081707, -53.132903300347124 ], [ -70.858096638534093, -53.132948095819266 ], [ -70.858100731607237, -53.132951165945464 ], [ -70.858129595038832, -53.132969859703785 ], [ -70.858133509734841, -53.132971948597593 ], [ -70.858149511384568, -53.132978238095689 ], [ -70.858287577146598, -53.133048170801501 ], [ -70.858306253960848, -53.13306023387473 ], [ -70.858308291502539, -53.133061549840157 ], [ -70.858324195088045, -53.133070937910531 ], [ -70.858350548024617, -53.133087020483387 ], [ -70.858394421345551, -53.133105467447251 ], [ -70.858505522843728, -53.13316268719214 ], [ -70.858533662173414, -53.133184200177524 ], [ -70.858533731712356, -53.133184162680102 ], [ -70.858594161205943, -53.13322473997885 ], [ -70.858596434022829, -53.133226037701306 ], [ -70.858611509964518, -53.13323464568964 ], [ -70.858623562975851, -53.133241076972325 ], [ -70.858675996002617, -53.133263015265918 ], [ -70.858716854926641, -53.133282970053706 ], [ -70.8587172009873, -53.133282699698682 ], [ -70.858835669227574, -53.133337546765745 ], [ -70.858835082961974, -53.133338004728721 ], [ -70.858872148243478, -53.133352447079012 ], [ -70.858963368973363, -53.13341047007291 ], [ -70.858964055230359, -53.133410087866544 ], [ -70.858977115798439, -53.133418569587789 ], [ -70.858993994178491, -53.133428846976337 ], [ -70.859012562220556, -53.133439448696819 ], [ -70.859012545341216, -53.133439459389436 ], [ -70.859038482379916, -53.133452649753927 ], [ -70.859122516333997, -53.133503077983953 ], [ -70.859119774119776, -53.133504730838702 ], [ -70.859201691371467, -53.13355727554179 ], [ -70.859209682277069, -53.133563790078419 ], [ -70.859261806065888, -53.133598155370507 ], [ -70.859273364318994, -53.1336074116847 ], [ -70.859280999677537, -53.133613637149544 ], [ -70.859290962168714, -53.133621908207985 ], [ -70.8593299160502, -53.133657722205442 ], [ -70.859342618772999, -53.133670711944205 ], [ -70.859352507706973, -53.133680110752394 ], [ -70.859385402457775, -53.133705051710763 ], [ -70.859397051460846, -53.13371131265248 ], [ -70.859410272700657, -53.133719969470583 ], [ -70.859440921658205, -53.133741347834658 ], [ -70.859460213660938, -53.133755691822664 ], [ -70.859473862081984, -53.13376567561928 ], [ -70.859488409120999, -53.133775694285937 ], [ -70.859502257197036, -53.13378467934708 ], [ -70.859500236127843, -53.13378580596688 ], [ -70.859539915898594, -53.13381019936962 ], [ -70.859555544015564, -53.13382202631216 ], [ -70.859565158338455, -53.133827515626372 ], [ -70.859566876049826, -53.133828499511068 ], [ -70.859581072291874, -53.133836656488974 ], [ -70.859646275446238, -53.133879284236599 ], [ -70.859657155494688, -53.133887388810734 ], [ -70.859683052536155, -53.133909845323203 ], [ -70.859683337194028, -53.133909717795561 ], [ -70.859737137769486, -53.13395314748292 ], [ -70.859767270684131, -53.133979363550196 ], [ -70.859773885128604, -53.133985578321742 ], [ -70.859799311116063, -53.134006664996186 ], [ -70.859803746056627, -53.134009926616784 ], [ -70.859809975439177, -53.13401457072947 ], [ -70.85981856652613, -53.134021062992588 ], [ -70.859869915331998, -53.134054870759385 ], [ -70.859868980022696, -53.134055384617817 ], [ -70.85994361316132, -53.134107508945824 ], [ -70.85996243120762, -53.134123577454368 ], [ -70.859972694957889, -53.134132334723702 ], [ -70.859988842958259, -53.134145116824818 ], [ -70.859993505515376, -53.134148545882276 ], [ -70.860010560219379, -53.134160238183888 ], [ -70.860018736180947, -53.134165466464466 ], [ -70.860024633537634, -53.134169029875345 ], [ -70.86008770967544, -53.134212375700244 ], [ -70.860109841399947, -53.134229711500957 ], [ -70.860121820196383, -53.134237004908933 ], [ -70.860210944523985, -53.134302638575683 ], [ -70.860216179190942, -53.134307336511363 ], [ -70.860233158788873, -53.134319183693684 ], [ -70.86027997185478, -53.134355437289749 ], [ -70.86030113761332, -53.134373681092441 ], [ -70.860308871281063, -53.134380102658426 ], [ -70.860322093981566, -53.134390683601772 ], [ -70.860363458616661, -53.134418597086594 ], [ -70.860365819223972, -53.13441994482978 ], [ -70.860390803259506, -53.134434208974717 ], [ -70.860415539770116, -53.134448331785514 ], [ -70.860452228001407, -53.134470799564887 ], [ -70.860481407798034, -53.134489968632657 ], [ -70.860486559122563, -53.134492909667067 ], [ -70.860488223993343, -53.134493863167314 ], [ -70.860491465688412, -53.1344957253324 ], [ -70.860531440654185, -53.134520524754656 ], [ -70.860552012059983, -53.134534309409219 ], [ -70.860555319778356, -53.134536197871945 ], [ -70.860558620446284, -53.134538082309128 ], [ -70.860601998681915, -53.134565004049797 ], [ -70.860620890155786, -53.13457775217686 ], [ -70.860623250779867, -53.134579099914774 ], [ -70.860651760374125, -53.134595376727532 ], [ -70.860676744606153, -53.134609640810318 ], [ -70.860691463392115, -53.134618044102737 ], [ -70.860723329764468, -53.134634904331442 ], [ -70.860723070424001, -53.134635081543209 ], [ -70.860734161734413, -53.134640949825148 ], [ -70.860734240871381, -53.134640895723713 ], [ -70.860740615987581, -53.134644268764021 ], [ -70.860741370826375, -53.134644764211927 ], [ -70.86074716211499, -53.134647828292046 ], [ -70.860755133482485, -53.134652379316044 ], [ -70.86075403472293, -53.134653075367503 ], [ -70.860848934729987, -53.134715357320978 ], [ -70.860929543474398, -53.134798705945535 ], [ -70.860944720512975, -53.134827022497376 ], [ -70.860947051000537, -53.134826489607093 ], [ -70.860971871532755, -53.134865743446824 ], [ -70.860975442796928, -53.134869280241354 ], [ -70.860983000011444, -53.134876934430224 ], [ -70.861016435715612, -53.134911576104422 ], [ -70.861056041259062, -53.134939962694716 ], [ -70.861055344992039, -53.13494031405213 ], [ -70.861098970959787, -53.134968187707209 ], [ -70.861114532717949, -53.134984114008702 ], [ -70.861126866269842, -53.134994282703154 ], [ -70.861157142292186, -53.135025601651961 ], [ -70.861158520823665, -53.135025069525838 ], [ -70.861194856670082, -53.135059111451028 ], [ -70.861210918981385, -53.135069950072904 ], [ -70.861243483192212, -53.135093492180012 ], [ -70.861255332395118, -53.135102677855414 ], [ -70.861258316351098, -53.135104991040016 ], [ -70.861302853872829, -53.135143513252764 ], [ -70.861325627641563, -53.135165586792617 ], [ -70.861339466721276, -53.135175433528723 ], [ -70.861359249731422, -53.135190125832544 ], [ -70.861379648653454, -53.13520594463845 ], [ -70.86138753695397, -53.13521140577452 ], [ -70.861387952310608, -53.135211635191894 ], [ -70.861416548769739, -53.135230879595944 ], [ -70.861449853438614, -53.135254927835156 ], [ -70.861468420803931, -53.135269326169045 ], [ -70.861470017412486, -53.135270386991536 ], [ -70.861470451205008, -53.135270676267119 ], [ -70.861475028095953, -53.135273027741015 ], [ -70.861496039127118, -53.135286114616768 ], [ -70.861547374195681, -53.135322204138745 ], [ -70.86159346476903, -53.135353213908147 ], [ -70.861596220474127, -53.135354787135263 ], [ -70.861621205461077, -53.135369051011466 ], [ -70.861646190464583, -53.135383314882233 ], [ -70.861671175484616, -53.135397578747572 ], [ -70.861687243926909, -53.135406752160286 ], [ -70.861701816062777, -53.135414539612867 ], [ -70.861805102679838, -53.135482316664827 ], [ -70.861883292114925, -53.135561316183626 ], [ -70.861897637407296, -53.135586343036593 ], [ -70.86193648038126, -53.135637240121085 ], [ -70.861967759744687, -53.135666644999333 ], [ -70.861985410919971, -53.135678555334174 ], [ -70.862031201314394, -53.135712666967201 ], [ -70.862036075322919, -53.135716684126969 ], [ -70.862040632814157, -53.135720330792047 ], [ -70.862071808684917, -53.13574304334724 ], [ -70.862085085871755, -53.135753001009959 ], [ -70.862141730381254, -53.135796741530292 ], [ -70.862139486693664, -53.135797792380096 ], [ -70.862156279885468, -53.135809454845763 ], [ -70.862156463816433, -53.135809355679761 ], [ -70.862233380545476, -53.135860942371679 ], [ -70.862241550222066, -53.135866004545086 ], [ -70.862251964839075, -53.135873010149638 ], [ -70.862263391139734, -53.135878526465326 ], [ -70.862310065242056, -53.135903041139628 ], [ -70.86231599693096, -53.135906427417289 ], [ -70.862329537868746, -53.135914157653581 ], [ -70.862391347560532, -53.135953998245142 ], [ -70.862395358122043, -53.135956920004276 ], [ -70.86240354459251, -53.135962359147534 ], [ -70.862412825856921, -53.135968430729605 ], [ -70.862416839008063, -53.135971077066905 ], [ -70.86246891954346, -53.136005696537879 ], [ -70.86247901970026, -53.136010957391491 ], [ -70.862539936005447, -53.136046524470387 ], [ -70.862551473775866, -53.136054072857384 ], [ -70.862559687559866, -53.136059285450358 ], [ -70.862581661584926, -53.136073856694601 ], [ -70.862589948857632, -53.136079599746992 ], [ -70.862593573851655, -53.136082075037848 ], [ -70.862606658089078, -53.136090878038928 ], [ -70.862621974544965, -53.136100718055289 ], [ -70.86262656282139, -53.136103598671163 ], [ -70.862674906875014, -53.136134654763282 ], [ -70.862697315962649, -53.136149715187784 ], [ -70.862735747318268, -53.136176742878739 ], [ -70.86275866731809, -53.13619003476748 ], [ -70.862766851872379, -53.136194387497873 ], [ -70.862780466496105, -53.136201287511845 ], [ -70.862802729419457, -53.13621203536848 ], [ -70.862861091891389, -53.136243369758411 ], [ -70.86287405030339, -53.136251097092043 ], [ -70.86288916278248, -53.136260373322372 ], [ -70.862899626154999, -53.136266984232137 ], [ -70.8629130269331, -53.136275032344635 ], [ -70.862922827404915, -53.136280627084972 ], [ -70.862940993749916, -53.136291357300067 ], [ -70.862956335116266, -53.136300733061688 ], [ -70.86295998830029, -53.136302981338488 ], [ -70.862973947891049, -53.136311632955682 ], [ -70.862985656696623, -53.136318576886993 ], [ -70.863003599644969, -53.136328759557841 ], [ -70.863007892304296, -53.136331157587591 ], [ -70.86302407541821, -53.136340057153937 ], [ -70.863037913067416, -53.136347299874714 ], [ -70.863056964405231, -53.136356787213657 ], [ -70.863060053327317, -53.136358308801235 ], [ -70.86308889382147, -53.136372361262843 ], [ -70.863113500262941, -53.136384350661459 ], [ -70.863125253083581, -53.13638984758029 ], [ -70.86314026976315, -53.13639658652648 ], [ -70.86315697108904, -53.136404304337816 ], [ -70.863172606023269, -53.136411742328818 ], [ -70.863178283746237, -53.136414390458917 ], [ -70.863194895296729, -53.136421985330749 ], [ -70.863228255501184, -53.136438166287796 ], [ -70.863242986498676, -53.136445740779273 ], [ -70.863271832319086, -53.136461371225387 ], [ -70.863287452821424, -53.136470288283341 ], [ -70.863297844100714, -53.136476336219822 ], [ -70.86331602050646, -53.13648712205238 ], [ -70.863338979437529, -53.136500745782229 ], [ -70.863362120232225, -53.136514439844134 ], [ -70.863366940500768, -53.13651724145975 ], [ -70.863388726515893, -53.136529678086426 ], [ -70.863407262029384, -53.136540259143402 ], [ -70.863418516194415, -53.136546819959413 ], [ -70.863431645338878, -53.136554636084568 ], [ -70.863437272267532, -53.136557916314175 ], [ -70.863454114408512, -53.136567530684815 ], [ -70.863464919888855, -53.136573824577901 ], [ -70.863477351184514, -53.136581212703256 ], [ -70.863486515788111, -53.136586754957236 ], [ -70.863493773401274, -53.136591221044675 ], [ -70.863514219659834, -53.136602887722297 ], [ -70.863527508526744, -53.136609916821143 ], [ -70.863529933309124, -53.136611205059417 ], [ -70.863545187917751, -53.136619344554923 ], [ -70.863563699532236, -53.136629561664847 ], [ -70.86358064596709, -53.136639235520946 ], [ -70.863608391591526, -53.136655074069274 ], [ -70.863631691800165, -53.136668374944485 ], [ -70.863653716029035, -53.136680947417396 ], [ -70.863663794608897, -53.136686493600223 ], [ -70.863683525936636, -53.136696959605146 ], [ -70.863685837478229, -53.136698190814919 ], [ -70.863692658765359, -53.136701839197791 ], [ -70.86372910695745, -53.136722697016651 ], [ -70.863730669256327, -53.136723653426735 ], [ -70.863739082059183, -53.136728642824984 ], [ -70.863757274343513, -53.136739096231622 ], [ -70.863777285485952, -53.136750523335827 ], [ -70.86378555551164, -53.136755319062075 ], [ -70.863805008612331, -53.136766774677824 ], [ -70.863806297987381, -53.136767535769714 ], [ -70.863825607039388, -53.136778961720992 ], [ -70.863835926079318, -53.136785188485497 ], [ -70.863850101228408, -53.136793911158257 ], [ -70.863854890728561, -53.136796805209514 ], [ -70.863873603241103, -53.136807908921533 ], [ -70.863878027926191, -53.136810491497137 ], [ -70.863882865909758, -53.136813269079759 ], [ -70.863920959185961, -53.136836797440047 ], [ -70.863926026193056, -53.136840164991298 ], [ -70.863931633550493, -53.136843809801526 ], [ -70.863936534478938, -53.136846925699906 ], [ -70.863959933766651, -53.136862796708066 ], [ -70.863987411269633, -53.136881089113388 ], [ -70.863997115957147, -53.136887034099892 ], [ -70.864006513370398, -53.13689259127954 ], [ -70.864024113800824, -53.136902638280155 ], [ -70.864042988254255, -53.136913412533744 ], [ -70.864053875891287, -53.136919386552499 ], [ -70.864068858297898, -53.136927287409378 ], [ -70.864076238699113, -53.1369310785064 ], [ -70.864092684267675, -53.136939306451218 ], [ -70.864109877453814, -53.136947408776514 ], [ -70.864123552198279, -53.136953473464324 ], [ -70.86412679644269, -53.13695489621368 ], [ -70.864148713015368, -53.136964399109466 ], [ -70.864155305420439, -53.136967192991996 ], [ -70.864166089077997, -53.136971659294908 ], [ -70.864189905314177, -53.136980745571854 ], [ -70.864200282557405, -53.13698438166508 ], [ -70.864215762157173, -53.136989514618094 ], [ -70.864235377961407, -53.136995659684182 ], [ -70.864244485757467, -53.136998418486016 ], [ -70.864257293891441, -53.137002167277686 ], [ -70.864277172634957, -53.137008207614983 ], [ -70.864289485963013, -53.13701208867127 ], [ -70.864305352887982, -53.137017237483946 ], [ -70.864312005438194, -53.137019458886556 ], [ -70.864348170442724, -53.137032348850546 ], [ -70.864357300681078, -53.137035815388302 ], [ -70.864362139788696, -53.137037668255772 ], [ -70.864383001083354, -53.137045724153573 ], [ -70.864391455058836, -53.137049037382148 ], [ -70.864407993427378, -53.137055615232875 ], [ -70.86442505930826, -53.137062608634281 ], [ -70.864446069107714, -53.137071476289897 ], [ -70.864449596368146, -53.137072947012946 ], [ -70.864473515961208, -53.137082798059652 ], [ -70.864486237487085, -53.137087811625833 ], [ -70.864503262976612, -53.137094227376394 ], [ -70.864520738007187, -53.137100421658943 ], [ -70.864538586858416, -53.137106361764857 ], [ -70.864545486872018, -53.137108686895552 ], [ -70.864563232732976, -53.137114741172653 ], [ -70.864574222322688, -53.137118565075099 ], [ -70.864588978980578, -53.137123800827268 ], [ -70.864598829931566, -53.137127096206122 ], [ -70.864706769389855, -53.137171026250989 ], [ -70.864717118536973, -53.13717608252793 ], [ -70.86473284255483, -53.137183451941787 ], [ -70.864739248018452, -53.137186387714642 ], [ -70.864753547200593, -53.137192796148035 ], [ -70.864768767722353, -53.137199268724792 ], [ -70.864783214266822, -53.137205092528184 ], [ -70.864794346237318, -53.137209410189008 ], [ -70.864813746608689, -53.13721664513379 ], [ -70.864823318278297, -53.137220198312896 ], [ -70.86486685039614, -53.13723765283742 ], [ -70.864869035194076, -53.137238596963741 ], [ -70.864873846174646, -53.137240693355828 ], [ -70.86488317051861, -53.137244790557084 ], [ -70.864912507563986, -53.137258364148735 ], [ -70.864923036043777, -53.137263490152399 ], [ -70.864934914849115, -53.137269278642705 ], [ -70.864960488656024, -53.137280689971178 ], [ -70.864968269351564, -53.1372838616767 ], [ -70.86500749291838, -53.137300993189335 ], [ -70.865033385417135, -53.137313092591313 ], [ -70.865051537839918, -53.137321090927514 ], [ -70.865053372417876, -53.137321901903022 ], [ -70.865065676861448, -53.137327358253984 ], [ -70.86508795429063, -53.137336509099171 ], [ -70.865098171943544, -53.137340388292472 ], [ -70.865113811554252, -53.137346010136604 ], [ -70.865131841979562, -53.137352137459978 ], [ -70.865142215885641, -53.137355533836143 ], [ -70.865163898852117, -53.137362367855182 ], [ -70.865170379764749, -53.137364435014405 ], [ -70.865195911380937, -53.137372675176529 ], [ -70.865200541823143, -53.137374182266406 ], [ -70.865223926453282, -53.137381857650645 ], [ -70.865227447251911, -53.137382998588741 ], [ -70.865251970111146, -53.137390843856089 ], [ -70.865318020052115, -53.137414678418686 ], [ -70.865324020498221, -53.137417105078292 ], [ -70.865328096114169, -53.13741861168657 ], [ -70.865397050284471, -53.137448373753024 ], [ -70.865397582721101, -53.137447953912201 ], [ -70.865438712780588, -53.137466816749487 ], [ -70.86544739322278, -53.137470577321352 ], [ -70.865486535682294, -53.137488081618521 ], [ -70.865495007525439, -53.13749154094576 ], [ -70.865501129080229, -53.137494067381866 ], [ -70.865515539531046, -53.13750007830695 ], [ -70.865584981128336, -53.137532860736059 ], [ -70.865593847467622, -53.137537581182528 ], [ -70.865612952840578, -53.137548113951496 ], [ -70.865616659740553, -53.137550229864281 ], [ -70.865639713219608, -53.137562348184829 ], [ -70.865650205238282, -53.1375674225512 ], [ -70.865653612027288, -53.137569050753513 ], [ -70.865671477164327, -53.137577486933296 ], [ -70.865682225208602, -53.137582376484403 ], [ -70.865698018682352, -53.137589295515788 ], [ -70.865711211070732, -53.137594817810751 ], [ -70.865712930727241, -53.137595505159098 ], [ -70.865748612094947, -53.137610689029728 ], [ -70.865753555735466, -53.137612925987654 ], [ -70.865760636084786, -53.137616052157718 ], [ -70.86578377902066, -53.137626020845708 ], [ -70.865816863626549, -53.137640006856472 ], [ -70.865820494381538, -53.137641527972583 ], [ -70.865870083313965, -53.137664206465509 ], [ -70.865889416040531, -53.137673838459861 ], [ -70.865908242554582, -53.13768353961116 ], [ -70.865922994630949, -53.137691400064043 ], [ -70.865930249898838, -53.13769516711622 ], [ -70.86595077236295, -53.137705549594394 ], [ -70.865969582931612, -53.137715058138696 ], [ -70.865980664066839, -53.137720446003101 ], [ -70.866005428160165, -53.137732024259655 ], [ -70.866014332818509, -53.137736060792513 ], [ -70.8660327953896, -53.137744173064455 ], [ -70.866040274064588, -53.137747375058062 ], [ -70.866056858334829, -53.137754292615092 ], [ -70.866069646001392, -53.13775974695298 ], [ -70.866081018510613, -53.13776470624623 ], [ -70.866099284605852, -53.137772186225369 ], [ -70.866116346078172, -53.137778737211008 ], [ -70.866118927109923, -53.137779732732859 ], [ -70.866139353425197, -53.13778764689097 ], [ -70.866163000499114, -53.137796280147953 ], [ -70.866243907961945, -53.13783041660448 ], [ -70.866249979376832, -53.137833356904565 ], [ -70.866275023057383, -53.137846039168181 ], [ -70.866285870698661, -53.137851781386601 ], [ -70.866309077186017, -53.137864055054699 ], [ -70.866313119874519, -53.137866162535111 ], [ -70.866336274919192, -53.137878059670896 ], [ -70.866341287856471, -53.137880590048908 ], [ -70.866361252535953, -53.137890489418716 ], [ -70.866370164822783, -53.137894772776228 ], [ -70.866380541282041, -53.137899605516523 ], [ -70.866401330840006, -53.13790861932403 ], [ -70.866416281115818, -53.137914643704853 ], [ -70.86642559057988, -53.137918456379161 ], [ -70.866435900517658, -53.137922747667552 ], [ -70.866556802406095, -53.137985561839692 ], [ -70.866564971159661, -53.137990822786243 ], [ -70.866570353506575, -53.13799421746846 ], [ -70.86658491976911, -53.138003214462913 ], [ -70.866595407733769, -53.138009441849341 ], [ -70.866615203123303, -53.138020740694074 ], [ -70.866640344618261, -53.138035090984133 ], [ -70.866662758275126, -53.138047884263095 ], [ -70.866668265613853, -53.138050964918875 ], [ -70.866677690354763, -53.13805613154183 ], [ -70.866700612157217, -53.13806772029286 ], [ -70.866712712346853, -53.138073355803584 ], [ -70.866714863260356, -53.13807436129386 ], [ -70.866735256512598, -53.138083930940738 ], [ -70.866742445491752, -53.138087221135592 ], [ -70.866756584936738, -53.138093531411869 ], [ -70.866768830293182, -53.138099114742985 ], [ -70.866785033200344, -53.138106661495307 ], [ -70.866790563020615, -53.138109187974806 ], [ -70.866810179780899, -53.138117978886385 ], [ -70.866815421232531, -53.138120285392645 ], [ -70.866830757775361, -53.138126912055675 ], [ -70.866846899940541, -53.138133509270745 ], [ -70.866863058124366, -53.138139748318459 ], [ -70.866869336099796, -53.138142199138905 ], [ -70.866887243592458, -53.13814926692114 ], [ -70.866890375349058, -53.138150432432241 ], [ -70.867020942716877, -53.138212059480324 ], [ -70.867032685442496, -53.138218999790297 ], [ -70.86705133051332, -53.138229700751467 ], [ -70.867061794146238, -53.13823548146862 ], [ -70.867081760680193, -53.138246098406213 ], [ -70.867085041810114, -53.138247853417745 ], [ -70.867114171115958, -53.138263526869054 ], [ -70.867137007823302, -53.138275692267406 ], [ -70.867144428885652, -53.138279699031614 ], [ -70.867158389585555, -53.138287338530809 ], [ -70.867175420082376, -53.138296110519569 ], [ -70.867189220322103, -53.138302797555177 ], [ -70.867203359415612, -53.138309320591048 ], [ -70.867226144027597, -53.138319322133654 ], [ -70.867249394131619, -53.138329438821955 ], [ -70.867266440679558, -53.138336429247403 ], [ -70.867279874471834, -53.138341616282297 ], [ -70.86729074243307, -53.138345656359412 ], [ -70.867306708457079, -53.138351367199803 ], [ -70.867317350114433, -53.138355032681474 ], [ -70.867327885580806, -53.138358524871705 ], [ -70.867405838623839, -53.138388279942014 ], [ -70.867422299809888, -53.138395457990207 ], [ -70.867432900131135, -53.138399914020312 ], [ -70.867434481467356, -53.138400554605283 ], [ -70.867510503278851, -53.138435819736131 ], [ -70.867527819310709, -53.138444977475871 ], [ -70.86753962803401, -53.138451357578582 ], [ -70.867556142657875, -53.138460472774362 ], [ -70.867556687261654, -53.138460771258202 ], [ -70.867588611447403, -53.138479348303186 ], [ -70.867612724621068, -53.138494239661568 ], [ -70.867628876120577, -53.138503458271543 ], [ -70.867650714498083, -53.138515922707136 ], [ -70.86766118286026, -53.138521674528377 ], [ -70.867679157558555, -53.138531180546117 ], [ -70.867680975447527, -53.138531973222953 ], [ -70.867785048903059, -53.138586877767317 ], [ -70.867815630320493, -53.138606307805979 ], [ -70.867821233134606, -53.138609483379867 ], [ -70.867823124766602, -53.138610559268798 ], [ -70.867838215321427, -53.138619172260654 ], [ -70.867855581920182, -53.138628661630797 ], [ -70.867869115568212, -53.138636242656787 ], [ -70.867904028090933, -53.138656290156277 ], [ -70.867916057634403, -53.138662626120073 ], [ -70.86794117528683, -53.138675691403513 ], [ -70.867942708677191, -53.138676491147734 ], [ -70.867954965283928, -53.138682901672745 ], [ -70.867988122146997, -53.138698954950826 ], [ -70.867987913611302, -53.138699110702852 ], [ -70.868012814785416, -53.138711145094689 ], [ -70.868028920941626, -53.138719538849877 ], [ -70.868053950653533, -53.138733191044693 ], [ -70.868061331169457, -53.138737403463409 ], [ -70.86807334449972, -53.138743967666457 ], [ -70.86808442945177, -53.138749765337096 ], [ -70.868098005375984, -53.138756534096565 ], [ -70.868109718942009, -53.138762099024596 ], [ -70.86812022058345, -53.138766909512071 ], [ -70.868131721179381, -53.138771986985574 ], [ -70.86814997211512, -53.138779554100452 ], [ -70.868166105587903, -53.138785826896125 ], [ -70.868178697915127, -53.138790831940831 ], [ -70.868200143067412, -53.138799544215765 ], [ -70.868206583906371, -53.138802160893789 ], [ -70.868243872739527, -53.138818336171369 ], [ -70.868321537977906, -53.138854261159572 ], [ -70.868330719369439, -53.138858169827955 ], [ -70.868332925998232, -53.138859175763564 ], [ -70.868349475404145, -53.138866301414225 ], [ -70.868366035193006, -53.138873028887701 ], [ -70.868371473548862, -53.138875196928161 ], [ -70.868384826369791, -53.138880419724408 ], [ -70.868396593419064, -53.138884714408562 ], [ -70.868560676921561, -53.138965837165138 ], [ -70.86858659585512, -53.138982904110577 ], [ -70.868594747714667, -53.13898784143521 ], [ -70.868616192281706, -53.13900138202365 ], [ -70.868622729270882, -53.139005685416876 ], [ -70.868641378664108, -53.139017116277842 ], [ -70.868657624251497, -53.139026388205721 ], [ -70.86867655460253, -53.139037192414676 ], [ -70.868686697125952, -53.13904277151849 ], [ -70.868695447227438, -53.139047409769901 ], [ -70.868713096762917, -53.139055989765822 ], [ -70.868736861576664, -53.139064761731596 ], [ -70.868762739780777, -53.139074760633463 ], [ -70.868806287925182, -53.139092358591718 ], [ -70.868854032079696, -53.139107757923085 ], [ -70.868853156120053, -53.139108740047249 ], [ -70.868940894370482, -53.139139733058236 ], [ -70.869041933101045, -53.139191912373796 ], [ -70.869071449517293, -53.139210144281165 ], [ -70.869073493050976, -53.139211411601998 ], [ -70.869092288658649, -53.139223112871242 ], [ -70.869106015369269, -53.13923164957032 ], [ -70.869127604215421, -53.139244043844307 ], [ -70.869133663233484, -53.13924725409052 ], [ -70.869155508371648, -53.139257975238635 ], [ -70.869160993875624, -53.139260466073367 ], [ -70.86929040804128, -53.139335527808406 ], [ -70.869380726612917, -53.139421722909042 ], [ -70.86943038682827, -53.139463274943523 ], [ -70.869448514074051, -53.139476385403817 ], [ -70.869460024146719, -53.139484144844708 ], [ -70.869463748485316, -53.13948667465047 ], [ -70.86948192639197, -53.139499116221948 ], [ -70.869481138445252, -53.139499532451524 ], [ -70.869492998364123, -53.139506482279941 ], [ -70.869527556893516, -53.139531216612198 ], [ -70.869548889029375, -53.13954233090103 ], [ -70.869609813362459, -53.139577912540723 ], [ -70.869613407860271, -53.139580264929499 ], [ -70.869633930990432, -53.139592806932455 ], [ -70.869650015041415, -53.139603268736721 ], [ -70.86968510721934, -53.139625325346572 ], [ -70.869693155728754, -53.139629918713254 ], [ -70.869694752458813, -53.139630832699389 ], [ -70.869718309754319, -53.139644356723181 ], [ -70.869733173245081, -53.139652791705153 ], [ -70.869754164950919, -53.139663776266367 ], [ -70.869780805338237, -53.139675188881469 ], [ -70.869825688730643, -53.139689419484668 ], [ -70.869827191137205, -53.139689810621263 ], [ -70.869951977057681, -53.139731198466158 ], [ -70.869961397443674, -53.139735069991389 ], [ -70.86997023399644, -53.139738415298972 ], [ -70.869997384379033, -53.139748063459962 ], [ -70.869997099013133, -53.139748353842236 ], [ -70.870044916912505, -53.139766177465852 ], [ -70.870053110603493, -53.139769578627693 ], [ -70.870096961485416, -53.13978569493532 ], [ -70.870115400621259, -53.139792052353599 ], [ -70.870117147292689, -53.13979269363265 ], [ -70.870146338985975, -53.139802364265549 ], [ -70.870161427728831, -53.1398068472731 ], [ -70.870168629532358, -53.139808929720438 ], [ -70.870177104381668, -53.139811313490853 ], [ -70.870257141103068, -53.139837514361126 ], [ -70.870284733588079, -53.139847906043478 ], [ -70.870286213233214, -53.139848464756298 ], [ -70.870312481950208, -53.139858409450653 ], [ -70.870317778940333, -53.139860377876218 ], [ -70.870332594186976, -53.13986578138686 ], [ -70.870377294415846, -53.139883430084822 ], [ -70.870426579694652, -53.139904444177297 ], [ -70.870439706054952, -53.139909400317677 ], [ -70.870457259639082, -53.139916258166167 ], [ -70.870466105634947, -53.139919609132839 ], [ -70.870486050289799, -53.13992693216057 ], [ -70.870504700514417, -53.13993334473107 ], [ -70.870520331706715, -53.139938366245879 ], [ -70.870525597966463, -53.139940074329083 ], [ -70.870532960612707, -53.139942485349621 ], [ -70.87057052717401, -53.139955653237415 ], [ -70.870594701630111, -53.139964703490897 ], [ -70.870615296884864, -53.139971965028096 ], [ -70.870620486701284, -53.139973761426816 ], [ -70.870623092033128, -53.139974646605808 ], [ -70.870673634988862, -53.139988931990686 ], [ -70.870676686955221, -53.139989632137166 ], [ -70.870825540538007, -53.140035868709546 ], [ -70.87087497197767, -53.140055733486015 ], [ -70.870884284148431, -53.140059333866162 ], [ -70.870929443156029, -53.140077699968003 ], [ -70.870988270977975, -53.140099966208112 ], [ -70.870989082577523, -53.140100228383986 ], [ -70.870997334718069, -53.140102934671667 ], [ -70.871011203749305, -53.140107551461639 ], [ -70.87104304463864, -53.140116990899514 ], [ -70.871051791790066, -53.140119280063359 ], [ -70.871060740233148, -53.140121539270993 ], [ -70.871084345951218, -53.140127283276371 ], [ -70.87108693387772, -53.140127894866481 ], [ -70.871147903585438, -53.140144229737558 ], [ -70.8711603265576, -53.140147966497082 ], [ -70.871165587170381, -53.140149460935433 ], [ -70.871187785993939, -53.140154888809022 ], [ -70.871240732377245, -53.14016930178429 ], [ -70.871262738075373, -53.140175923748842 ], [ -70.871294832555776, -53.140184955188083 ], [ -70.871308360980393, -53.140189002890949 ], [ -70.871375836364322, -53.140211887946997 ], [ -70.871382492404322, -53.140214427529692 ], [ -70.871408732994311, -53.140223562827096 ], [ -70.871419266915979, -53.140226894472057 ], [ -70.871442705374349, -53.140233892342259 ], [ -70.871442505953226, -53.140234133816911 ], [ -70.871482496829401, -53.140247002043608 ], [ -70.871482779307584, -53.14024669354221 ], [ -70.871537422988681, -53.140264791366661 ], [ -70.871537120235516, -53.140265121854171 ], [ -70.871568633328067, -53.140275606783447 ], [ -70.871593660230758, -53.140284814345257 ], [ -70.871606003666486, -53.140289319653334 ], [ -70.871638541035708, -53.140301900073673 ], [ -70.871657246033436, -53.140309550773075 ], [ -70.871670285095036, -53.14031484844439 ], [ -70.871709003760699, -53.140328917237767 ], [ -70.871730184514462, -53.140336194282497 ], [ -70.871740715659996, -53.140340035078317 ], [ -70.871741596846846, -53.140340356931191 ], [ -70.871764080467671, -53.140348582397948 ], [ -70.871773793661831, -53.14035219726216 ], [ -70.871800263232814, -53.140362217410875 ], [ -70.871820446747847, -53.140370133974351 ], [ -70.871844608134367, -53.140379948289883 ], [ -70.871900498462082, -53.140405010753568 ], [ -70.871914105447942, -53.140411728427935 ], [ -70.871929717776538, -53.140419000303247 ], [ -70.871945518780834, -53.14042596919478 ], [ -70.871949089115773, -53.140427458800346 ], [ -70.871984463496091, -53.140443165127557 ], [ -70.871988649291296, -53.140445140613622 ], [ -70.871993636526042, -53.140447453769312 ], [ -70.872011653466942, -53.140455665725185 ], [ -70.872024846777592, -53.14046187464313 ], [ -70.872069549546936, -53.140480596235584 ], [ -70.872090282500665, -53.140488021410604 ], [ -70.872095420348813, -53.140489878260247 ], [ -70.872139642858571, -53.140506006140541 ], [ -70.872159858030386, -53.140513379029649 ], [ -70.872178976132943, -53.140519990495861 ], [ -70.872228033562024, -53.140538513003783 ], [ -70.872251264210405, -53.14054805831298 ], [ -70.87226628464974, -53.140553885050508 ], [ -70.872283747611135, -53.140560296507871 ], [ -70.872300038141447, -53.14056645183021 ], [ -70.872319705737851, -53.14057409735711 ], [ -70.872327850555422, -53.140577174933256 ], [ -70.872351818825393, -53.140585974632806 ], [ -70.872362771474997, -53.140590074326035 ], [ -70.872382569972544, -53.140597628237913 ], [ -70.872391332509721, -53.140601023350627 ], [ -70.872412680723087, -53.140609422000864 ], [ -70.872412546729208, -53.140609545121286 ], [ -70.872414963151101, -53.140610310062044 ], [ -70.872451096067877, -53.1406246383861 ], [ -70.872471267680169, -53.140633220868608 ], [ -70.872525301737966, -53.14065437266607 ], [ -70.872532542277924, -53.140656782787694 ], [ -70.872538371763838, -53.140658682772759 ], [ -70.872562662720824, -53.140666432831452 ], [ -70.872576164503414, -53.140670600744897 ], [ -70.872576137754081, -53.140670632003264 ], [ -70.872602304667097, -53.140678906813882 ], [ -70.872650503593263, -53.14069502599132 ], [ -70.872660246603033, -53.140697920440878 ], [ -70.872674786707606, -53.140701996848996 ], [ -70.872788254715161, -53.140741680580703 ], [ -70.872788336333599, -53.140741608001584 ], [ -70.872790127810291, -53.140742335655517 ], [ -70.872791575486147, -53.140742841975978 ], [ -70.872802602938194, -53.140747549023459 ], [ -70.87280252694066, -53.140747613332749 ], [ -70.872827272271465, -53.140758288730886 ], [ -70.872846217348894, -53.140766959763305 ], [ -70.872850622802702, -53.140768889328371 ], [ -70.872871687923663, -53.14077718644203 ], [ -70.872919209558717, -53.140797541550477 ], [ -70.872945490316852, -53.140809755777113 ], [ -70.872975519978169, -53.140820242458723 ], [ -70.873003792838929, -53.140830626409787 ], [ -70.873031594086783, -53.140841352852497 ], [ -70.873044500505088, -53.140846446488283 ], [ -70.873094096808572, -53.140866463746271 ], [ -70.873097568614085, -53.140867697378397 ], [ -70.873105086958645, -53.140869779524351 ], [ -70.873117698285313, -53.140874217798256 ], [ -70.873206152620526, -53.14091071160432 ], [ -70.873217138481479, -53.140915979470137 ], [ -70.873227400091807, -53.140920989913297 ], [ -70.873244747799021, -53.140929614542856 ], [ -70.87326727456518, -53.140940243305728 ], [ -70.873267260383841, -53.140940254137739 ], [ -70.873278208028424, -53.140945347822836 ], [ -70.873320152615506, -53.14096563166742 ], [ -70.873320494350409, -53.140965781377105 ], [ -70.873353655673952, -53.140981179676331 ], [ -70.873379891498161, -53.140994084001477 ], [ -70.873390762738538, -53.140999232012902 ], [ -70.873404204615412, -53.141005358380781 ], [ -70.873426346806824, -53.141014710482573 ], [ -70.873430785363809, -53.141016444410347 ], [ -70.873461937275565, -53.141029297966369 ], [ -70.873469499213428, -53.141032590162318 ], [ -70.873475625748682, -53.141035201525455 ], [ -70.873492808362784, -53.141042370268728 ], [ -70.873512047111987, -53.141049881467751 ], [ -70.873513227453714, -53.141050311880797 ], [ -70.87357187310414, -53.141074050131834 ], [ -70.873585495530946, -53.14108014630672 ], [ -70.873585104392546, -53.1410804623671 ], [ -70.873654780217791, -53.141115126190762 ], [ -70.873657643753148, -53.141116760199779 ], [ -70.873668612744737, -53.141122774956024 ], [ -70.873681887005034, -53.141129768373467 ], [ -70.873703125811858, -53.141140395478892 ], [ -70.873716563509831, -53.141147282479182 ], [ -70.873746905299143, -53.14116320864958 ], [ -70.873760588913996, -53.141169809290972 ], [ -70.873781215469506, -53.14117975949997 ], [ -70.873791742691452, -53.141184655130608 ], [ -70.87379539598507, -53.141186292349317 ], [ -70.873854628186464, -53.141209493484759 ], [ -70.873854611369666, -53.141209509033409 ], [ -70.873866994567436, -53.141214088285373 ], [ -70.873868491686935, -53.141214689024686 ], [ -70.873894343765073, -53.141224421474668 ], [ -70.873938669118274, -53.141242706608352 ], [ -70.874001910646157, -53.141267551957988 ], [ -70.874014843487345, -53.141272323032041 ], [ -70.874024224332018, -53.141276070162938 ], [ -70.874028126898679, -53.141277607970849 ], [ -70.874046268109879, -53.141284659682199 ], [ -70.874080546136085, -53.141298812091954 ], [ -70.87408142837549, -53.141299198463358 ], [ -70.874097863020381, -53.141306000122704 ], [ -70.87411692390225, -53.141313445696966 ], [ -70.874125413382799, -53.141316665170955 ], [ -70.874152185296424, -53.141326518303067 ], [ -70.874157574984466, -53.141328464601933 ], [ -70.874169668045297, -53.141332748824844 ], [ -70.874202701544604, -53.141345160080824 ], [ -70.874210369866958, -53.141348211046918 ], [ -70.874242617112174, -53.141359685896212 ], [ -70.874246040856164, -53.141360768671028 ], [ -70.874278364053083, -53.141370131241302 ], [ -70.87437863420773, -53.141405181819223 ], [ -70.874397677237752, -53.1414130874074 ], [ -70.874415173493063, -53.14141949596371 ], [ -70.874423284356396, -53.141422566021085 ], [ -70.874458926428389, -53.141436932219115 ], [ -70.874485135377014, -53.141448164932157 ], [ -70.874498817820708, -53.141454170872493 ], [ -70.87450515500997, -53.141457019274021 ], [ -70.874530244388339, -53.141467366413892 ], [ -70.87454017876324, -53.141471115127899 ], [ -70.874545318784627, -53.14147302011812 ], [ -70.874549101027497, -53.141474396625085 ], [ -70.874588149027929, -53.141489626371921 ], [ -70.874593705976224, -53.141491944744111 ], [ -70.874618015122934, -53.141501895260831 ], [ -70.874628222440222, -53.141505916399133 ], [ -70.874647122388495, -53.141513092279361 ], [ -70.874795520682753, -53.141587125072007 ], [ -70.8748190685846, -53.141602358792632 ], [ -70.874823273783619, -53.141605028125909 ], [ -70.87483661623321, -53.141613352653813 ], [ -70.874848455378356, -53.141620416643306 ], [ -70.87485648625541, -53.141624999064831 ], [ -70.874873562716246, -53.141634161771364 ], [ -70.874889586415733, -53.141642243307729 ], [ -70.874901473157664, -53.141648168427217 ], [ -70.874933110028223, -53.141662296648896 ], [ -70.874941383241065, -53.141665597509515 ], [ -70.874955331963449, -53.141670899738649 ], [ -70.874972250391508, -53.141677020626005 ], [ -70.874977158467203, -53.141678765802467 ], [ -70.874991339676129, -53.14168372074657 ], [ -70.875013093269501, -53.141690753717945 ], [ -70.875032934087741, -53.141696668537257 ], [ -70.875063454822623, -53.141705726275255 ], [ -70.875083460360841, -53.141711890137657 ], [ -70.875104344161471, -53.141718564762755 ], [ -70.87510971116248, -53.14172029704136 ], [ -70.875132661146054, -53.141727777037985 ], [ -70.875150732409367, -53.141733863199363 ], [ -70.875165292671582, -53.141738927501358 ], [ -70.875183806814221, -53.141744955076064 ], [ -70.875188651446038, -53.141746427660415 ], [ -70.875226967378197, -53.141758931374916 ], [ -70.875248010702933, -53.141766284137759 ], [ -70.875263016943464, -53.141771254284372 ], [ -70.875266818546535, -53.141772445977502 ], [ -70.875313172008418, -53.141788264553895 ], [ -70.875320369255945, -53.141790928993402 ], [ -70.875330999475693, -53.141794814485742 ], [ -70.875364481070378, -53.141807799514353 ], [ -70.875366968023286, -53.14180882149374 ], [ -70.875381999633206, -53.14181468551709 ], [ -70.875383205974586, -53.141815131775161 ], [ -70.875433010456234, -53.14183525663374 ], [ -70.875472957472482, -53.141852837977503 ], [ -70.875496620405528, -53.141862806858519 ], [ -70.875504983888689, -53.141866499505511 ], [ -70.875518723537425, -53.141872284879341 ], [ -70.875523687563145, -53.141874276752148 ], [ -70.875556111348189, -53.141888049423102 ], [ -70.87555988984316, -53.141889746650733 ], [ -70.875580157221293, -53.141898237378392 ], [ -70.875597072086819, -53.141904835093513 ], [ -70.875603632085117, -53.14190742342624 ], [ -70.875622558234724, -53.141914976524077 ], [ -70.875635294567417, -53.141920173795803 ], [ -70.875653606665324, -53.141927813162816 ], [ -70.87565919386833, -53.14193009918263 ], [ -70.875683064301413, -53.141939677534303 ], [ -70.875686631439862, -53.141941091289056 ], [ -70.87571051365363, -53.141950438751849 ], [ -70.875737516903357, -53.141960882162884 ], [ -70.87574610990643, -53.141964103937291 ], [ -70.875770604473942, -53.141973009653448 ], [ -70.875772098907944, -53.141973554400188 ], [ -70.875793435942384, -53.141981353136835 ], [ -70.875853866675925, -53.142005947361532 ], [ -70.875865113617493, -53.142011023149358 ], [ -70.87587543913439, -53.142015421361648 ], [ -70.875888784844989, -53.142021239962226 ], [ -70.875906525190032, -53.142029155589498 ], [ -70.875928515755064, -53.142039353924616 ], [ -70.875963520681822, -53.142056220732705 ], [ -70.875988391800249, -53.142068192366438 ], [ -70.875993902847256, -53.142070870929992 ], [ -70.876008031199589, -53.142077804690892 ], [ -70.876033093745647, -53.14209066857908 ], [ -70.87605498089782, -53.142102413908617 ], [ -70.876058868226437, -53.14210451461021 ], [ -70.876071383754251, -53.142111325974803 ], [ -70.876089527550519, -53.142120585599791 ], [ -70.876103509559499, -53.14212727252724 ], [ -70.876110109802099, -53.142130357286426 ], [ -70.87613871138889, -53.142143418734634 ], [ -70.876148813200174, -53.14214787340341 ], [ -70.876177585047628, -53.14216012031136 ], [ -70.876186070203971, -53.142163627586093 ], [ -70.876203375963513, -53.14217057157569 ], [ -70.8762242811286, -53.142178564045977 ], [ -70.876224027667789, -53.142178803683187 ], [ -70.876269618593739, -53.142197177069647 ], [ -70.876288889917788, -53.14220574496175 ], [ -70.87629425563108, -53.142208086588191 ], [ -70.876310834096145, -53.14221518713267 ], [ -70.876331866364282, -53.142223566422899 ], [ -70.876340705230845, -53.142226835076549 ], [ -70.87636237879201, -53.142235162447896 ], [ -70.87638114990682, -53.142242651250093 ], [ -70.876405850891487, -53.142252357969383 ], [ -70.876416203959394, -53.142256500638837 ], [ -70.87641914649312, -53.142257699452621 ], [ -70.876460575080529, -53.142275854540095 ], [ -70.876467959148385, -53.142279329792167 ], [ -70.876474216238179, -53.142282211089444 ], [ -70.876499700055973, -53.142293691785369 ], [ -70.876503757430584, -53.142295494092686 ], [ -70.876524107274321, -53.142304406547623 ], [ -70.876542528553841, -53.142312738759465 ], [ -70.876562127374427, -53.142321891586249 ], [ -70.876563940590088, -53.142322741023186 ], [ -70.876581951697986, -53.142331205921991 ], [ -70.876603036244191, -53.142341491598934 ], [ -70.876609889718566, -53.142344960911174 ], [ -70.876632204196127, -53.142356719898522 ], [ -70.876648714119312, -53.14236577458697 ], [ -70.876669768897472, -53.142377300610107 ], [ -70.876681064444895, -53.142383613556227 ], [ -70.876692586850922, -53.142390187787115 ], [ -70.876703313558423, -53.142396074105527 ], [ -70.876725032410789, -53.142407535257654 ], [ -70.876738270761209, -53.142414449068824 ], [ -70.876761112872941, -53.142426884615674 ], [ -70.876775794293593, -53.142435214882802 ], [ -70.876779157971498, -53.142437135284275 ], [ -70.876795791642479, -53.142446691293529 ], [ -70.876803753854617, -53.142451134235436 ], [ -70.876822443343968, -53.142461263165956 ], [ -70.876825989906152, -53.142463197585187 ], [ -70.87684193442729, -53.142471950806581 ], [ -70.87685550804629, -53.142479049739485 ], [ -70.876869916558775, -53.142486226402994 ], [ -70.876880586417045, -53.142491346257351 ], [ -70.87690168085939, -53.142501094180354 ], [ -70.876929177160136, -53.14251371551682 ], [ -70.876931100838391, -53.142514601506477 ], [ -70.876940115449145, -53.142518767300835 ], [ -70.876974210513296, -53.142535505840101 ], [ -70.876975224912272, -53.142536034585035 ], [ -70.876993641055208, -53.14254503327949 ], [ -70.87700673969843, -53.142551028450413 ], [ -70.877014401373884, -53.142554582544761 ], [ -70.877027651679626, -53.142560811774025 ], [ -70.877042230381846, -53.142567843862537 ], [ -70.877047036316128, -53.142570222062318 ], [ -70.877086554880677, -53.142591226670568 ], [ -70.87710842412514, -53.142603704193156 ], [ -70.87711012111501, -53.142604675478488 ], [ -70.877122992336723, -53.142612065332557 ], [ -70.877143915196044, -53.142624561816625 ], [ -70.877154717028375, -53.142631273053325 ], [ -70.877157469996078, -53.14263299260471 ], [ -70.87717127532801, -53.142641661646685 ], [ -70.877190304077956, -53.142653051491749 ], [ -70.877190101134047, -53.142653173996557 ], [ -70.877213037135505, -53.142667132327624 ], [ -70.877231684886326, -53.142679237888977 ], [ -70.877249826900311, -53.142690461086694 ], [ -70.877272237266439, -53.142704208055591 ], [ -70.877283075896401, -53.142710997547802 ], [ -70.877301275680836, -53.142722639596251 ], [ -70.877342776651417, -53.142751557192071 ], [ -70.877363758291182, -53.142767499603458 ], [ -70.877363613562608, -53.142767568415927 ], [ -70.877378827466686, -53.142779116206938 ], [ -70.877397187941142, -53.142793885591935 ], [ -70.877405026361146, -53.142799858212946 ], [ -70.877421672559578, -53.142813033719385 ], [ -70.877433172232173, -53.142822492231268 ], [ -70.877437090998228, -53.142825656785597 ], [ -70.877456254473103, -53.142840851518507 ], [ -70.877458898093593, -53.142842922520401 ], [ -70.877477393781589, -53.142857239153834 ], [ -70.877485256424478, -53.142863118694933 ], [ -70.877496089905193, -53.142870947019063 ], [ -70.877513246957776, -53.142883817947656 ], [ -70.877518800181221, -53.14288814428626 ], [ -70.877549098828368, -53.142909803643946 ], [ -70.877548915226853, -53.142909896535066 ], [ -70.877564487693391, -53.142920845630293 ], [ -70.877570128766394, -53.142925094700722 ], [ -70.87757434070879, -53.142928209853849 ], [ -70.877595260055614, -53.142943402405649 ], [ -70.877596413028073, -53.142944241831472 ], [ -70.877616058073158, -53.142958579425681 ], [ -70.87762076875228, -53.142961949685308 ], [ -70.877628632287824, -53.142967464905382 ], [ -70.87765417276654, -53.142986393865648 ], [ -70.877660874831875, -53.142991645907692 ], [ -70.877668137847635, -53.142997156841041 ], [ -70.877681437891169, -53.143006930283484 ], [ -70.877692524803948, -53.143014708651108 ], [ -70.877709590609541, -53.143026143399887 ], [ -70.877713349903644, -53.143028681480693 ], [ -70.877727995164719, -53.14303864497893 ], [ -70.877739953904324, -53.143046404556557 ], [ -70.877752032162462, -53.143053880663416 ], [ -70.87776285550936, -53.143060312619234 ], [ -70.877766644136727, -53.14306247416043 ], [ -70.877792187939505, -53.143077768333953 ], [ -70.877794707279762, -53.143079351392991 ], [ -70.877807477346806, -53.143086997382575 ], [ -70.87782869396662, -53.14309910216091 ], [ -70.87784185014462, -53.143106608187082 ], [ -70.877861786175686, -53.14311841660119 ], [ -70.877875676553302, -53.143126957993864 ], [ -70.877879630437846, -53.143129407859448 ], [ -70.877890795522205, -53.143136378612169 ], [ -70.877914387214105, -53.14314987720909 ], [ -70.877923288243338, -53.143154542799024 ], [ -70.877933774258466, -53.14316014420794 ], [ -70.87794935100051, -53.143168623568179 ], [ -70.877954712756406, -53.143171486456211 ], [ -70.877969567727689, -53.143179266315464 ], [ -70.877983387138798, -53.14318615976596 ], [ -70.878002393663692, -53.143195186034838 ], [ -70.87801143358881, -53.143199463642119 ], [ -70.878087899589218, -53.143241093636512 ], [ -70.878090419513214, -53.143242669038194 ], [ -70.878102538325507, -53.14324990675977 ], [ -70.878118467971078, -53.143258995035985 ], [ -70.878125201254022, -53.143262743157727 ], [ -70.878137346966753, -53.143269339514113 ], [ -70.878150814000364, -53.143276836017442 ], [ -70.878169612116849, -53.143287560808687 ], [ -70.878193073739766, -53.143300946234085 ], [ -70.878209835774854, -53.143310509373983 ], [ -70.878227732747433, -53.143320083375805 ], [ -70.878241611750298, -53.143327041757438 ], [ -70.878334996477918, -53.143382957966914 ], [ -70.878344052535141, -53.143389433128149 ], [ -70.878351726584839, -53.143394690025112 ], [ -70.878368440150552, -53.143406546501666 ], [ -70.878372026720101, -53.143409181778075 ], [ -70.878392686904107, -53.143425077657191 ], [ -70.878401715338683, -53.143432355028487 ], [ -70.878414091686693, -53.143442202122586 ], [ -70.878446880799729, -53.143470483788882 ], [ -70.878461741727662, -53.143484411691148 ], [ -70.87846291023213, -53.143485510331367 ], [ -70.878474546985828, -53.143496486526338 ], [ -70.87848279101334, -53.143503931355795 ], [ -70.878493785676397, -53.143513443947036 ], [ -70.878504141095988, -53.143522644312185 ], [ -70.878517747814314, -53.143535061084449 ], [ -70.878519296031854, -53.143536479730443 ], [ -70.878534256353532, -53.143550244584958 ], [ -70.878537412058876, -53.143553100270992 ], [ -70.878548611791942, -53.143563069488792 ], [ -70.878557414578722, -53.143571088714232 ], [ -70.878561845530896, -53.143575220536533 ], [ -70.878582484054206, -53.143592593335434 ], [ -70.878583784554337, -53.143593584791937 ], [ -70.878598034263916, -53.143603808589887 ], [ -70.878605321056455, -53.143608732008005 ], [ -70.878621520271551, -53.143619006225116 ], [ -70.878628944996066, -53.143623427499953 ], [ -70.878647037169941, -53.143633511720758 ], [ -70.878654876826772, -53.143637600448443 ], [ -70.878667289071018, -53.143643796781085 ], [ -70.87868266742079, -53.14365114241064 ], [ -70.878692232714897, -53.143655561908808 ], [ -70.878711077033344, -53.143663981155655 ], [ -70.878723356693541, -53.143669239611263 ], [ -70.878742244686279, -53.143676987467913 ], [ -70.878753348076302, -53.143681370281591 ], [ -70.878767411215492, -53.143686708744028 ], [ -70.878778469000721, -53.143690988703788 ], [ -70.878779625630742, -53.143691445062593 ], [ -70.878846334320514, -53.143721075834051 ], [ -70.878850619341577, -53.143723209907868 ], [ -70.87886266290505, -53.143728960982244 ], [ -70.878872531528131, -53.143733477542064 ], [ -70.878893061551764, -53.143743219100905 ], [ -70.878900747217799, -53.143746999079504 ], [ -70.8789120601257, -53.143752347664858 ], [ -70.878921398080777, -53.143756590112368 ], [ -70.87895626455429, -53.143771215722047 ], [ -70.878956107623793, -53.143771350989489 ], [ -70.879006372646515, -53.143793069493462 ], [ -70.879011118806687, -53.143795353798041 ], [ -70.879021473857435, -53.143800161065144 ], [ -70.879033415137442, -53.143805506823895 ], [ -70.879047409550012, -53.143811927094191 ], [ -70.879051923891538, -53.143814049180143 ], [ -70.879084858682276, -53.143828170842269 ], [ -70.879098089303866, -53.143833573562709 ], [ -70.879134075991217, -53.143848948604486 ], [ -70.879150834890837, -53.143855532819593 ], [ -70.879210841469373, -53.143881752158784 ], [ -70.879252994590459, -53.143902167037382 ], [ -70.879281039089562, -53.14391547478526 ], [ -70.879292658453068, -53.143921363954973 ], [ -70.879305536052328, -53.143928043041697 ], [ -70.879340931773768, -53.143946827941868 ], [ -70.879347322155454, -53.143950258737199 ], [ -70.879362916980355, -53.143958728189737 ], [ -70.879376372497205, -53.143966218085346 ], [ -70.879396572981392, -53.143977742375249 ], [ -70.879398072839024, -53.14397860040259 ], [ -70.879421501593853, -53.143992040771145 ], [ -70.879428441593461, -53.143995922123629 ], [ -70.879450604112677, -53.144008005481261 ], [ -70.879454734229526, -53.144010223973034 ], [ -70.879480520339897, -53.144023869770159 ], [ -70.879484201048371, -53.144025792014112 ], [ -70.879511793066882, -53.144040013730105 ], [ -70.879516577406179, -53.144042438294221 ], [ -70.879539529271455, -53.144053873001411 ], [ -70.879556459539472, -53.14406256669804 ], [ -70.879574061403474, -53.144071881376441 ], [ -70.879581618902691, -53.144075774548469 ], [ -70.87959936069565, -53.14408467057099 ], [ -70.87960707146361, -53.144088433565678 ], [ -70.879627333456426, -53.144098056060592 ], [ -70.879654186505377, -53.144110594599695 ], [ -70.879662817628457, -53.144114686139709 ], [ -70.879676727618332, -53.144121380623524 ], [ -70.879695263827188, -53.144129747760957 ], [ -70.879707028651438, -53.144134722860905 ], [ -70.87972138437658, -53.14414094773727 ], [ -70.87974111457298, -53.144149718392406 ], [ -70.879768863959995, -53.144161911001568 ], [ -70.879774222363395, -53.144164287472222 ], [ -70.879789992172448, -53.14417134690342 ], [ -70.879801552800927, -53.1441763194644 ], [ -70.879823670373099, -53.144185455456878 ], [ -70.879828962957347, -53.144187601816945 ], [ -70.879834806499233, -53.144189928278998 ], [ -70.879977120026112, -53.144263599007971 ], [ -70.879977708358382, -53.144263991146225 ], [ -70.879984757661191, -53.144268756850856 ], [ -70.879990606633541, -53.144272768141491 ], [ -70.880013788125922, -53.144289464097504 ], [ -70.880016022385959, -53.144291154823826 ], [ -70.880035065537015, -53.144304462490773 ], [ -70.880049337110748, -53.144313680897049 ], [ -70.880065716914615, -53.144324152198841 ], [ -70.880086703095031, -53.144338144642553 ], [ -70.880100132178171, -53.144347484863729 ], [ -70.880121398965144, -53.144362187350282 ], [ -70.880129846609378, -53.144367830559219 ], [ -70.880149420585695, -53.14438046901855 ], [ -70.880150572533594, -53.144381214484852 ], [ -70.880173442520146, -53.144396048259061 ], [ -70.880189010760404, -53.144406153858291 ], [ -70.880204587483007, -53.144416586937758 ], [ -70.880219387170499, -53.144426816153974 ], [ -70.880223866991145, -53.144429856588147 ], [ -70.880247057873433, -53.144445312192616 ], [ -70.880272136467511, -53.144462010773076 ], [ -70.880290605764571, -53.14447423430024 ], [ -70.880295600320295, -53.144477474194296 ], [ -70.880317843709747, -53.144491619630308 ], [ -70.880321835938901, -53.144494119607153 ], [ -70.880338284341207, -53.14450426181277 ], [ -70.880355035902141, -53.144513967141386 ], [ -70.880363359330232, -53.144518497645628 ], [ -70.880376189959492, -53.144525647476797 ], [ -70.880387351283318, -53.144532014701632 ], [ -70.880398837176827, -53.144538709000351 ], [ -70.880414876201044, -53.144548259159635 ], [ -70.880420618921647, -53.144551606176528 ], [ -70.880445321331976, -53.144565698184316 ], [ -70.880473998366, -53.144582057581282 ], [ -70.880496572574472, -53.144594935483603 ], [ -70.880498347481108, -53.144595951342545 ], [ -70.880519493864398, -53.144608094158897 ], [ -70.880525134391078, -53.144611302442343 ], [ -70.880579928537799, -53.144645973023152 ], [ -70.88058628420616, -53.144650449184887 ], [ -70.880677339326041, -53.144730768504914 ], [ -70.880680648500771, -53.144734499459759 ], [ -70.880689415148694, -53.144744694998117 ], [ -70.880700331415909, -53.144757798021239 ], [ -70.880702808443033, -53.144760717776158 ], [ -70.880715220728433, -53.144775089109238 ], [ -70.880726850083448, -53.144789149238939 ], [ -70.880732743867114, -53.144796598497486 ], [ -70.880736078593998, -53.144800705212454 ], [ -70.880746086877295, -53.1448127188036 ], [ -70.880756010218121, -53.144823838994704 ], [ -70.880764766467934, -53.144833022444075 ], [ -70.880767241385342, -53.144835578922219 ], [ -70.880784539795556, -53.144853179968074 ], [ -70.880791125180579, -53.144859630054917 ], [ -70.880802934148377, -53.144870770980027 ], [ -70.880811394793909, -53.144878945050088 ], [ -70.880814669081957, -53.144882185128111 ], [ -70.880836115280843, -53.144901152206792 ], [ -70.880843754036107, -53.144907216856225 ], [ -70.880852265339826, -53.144913976716268 ], [ -70.880880293028184, -53.14493374686748 ], [ -70.88088540001506, -53.144936953314165 ], [ -70.880893587702317, -53.144942042532456 ], [ -70.880926594219829, -53.144960221080687 ], [ -70.880933899955679, -53.144963783876619 ], [ -70.880941479273289, -53.144967529982864 ], [ -70.880957851992108, -53.144975731068158 ], [ -70.880970347282968, -53.144982131016917 ], [ -70.880971723677348, -53.144982851801444 ], [ -70.881004359752268, -53.145000996892456 ], [ -70.881013400370904, -53.145006331824526 ], [ -70.881017019325313, -53.145008438764712 ], [ -70.881018498245155, -53.145009288292023 ], [ -70.881066040053668, -53.145039233347575 ], [ -70.881066747625283, -53.145039722223032 ], [ -70.88110942201746, -53.145072101854069 ], [ -70.881120271309712, -53.145081160053081 ], [ -70.881133156052414, -53.145091473987932 ], [ -70.881134927439248, -53.14509289770524 ], [ -70.88115107061266, -53.145105926998887 ], [ -70.88116895871805, -53.145120215807928 ], [ -70.881178478456121, -53.145127992636809 ], [ -70.881194202197619, -53.145141130954798 ], [ -70.88121345243151, -53.145157215856571 ], [ -70.881215944469744, -53.145159273528158 ], [ -70.881236773941097, -53.145176268490744 ], [ -70.881237570870468, -53.145176920031048 ], [ -70.881254121374823, -53.145190474756347 ], [ -70.88125906812644, -53.145194433892129 ], [ -70.881281636814094, -53.145212088243404 ], [ -70.881289299244472, -53.14521818890244 ], [ -70.881304321624398, -53.14523036326225 ], [ -70.881311879020529, -53.145236599179469 ], [ -70.881331038220168, -53.145252696469633 ], [ -70.881334595364478, -53.145255711255523 ], [ -70.881346700449427, -53.145266060593968 ], [ -70.881353587694491, -53.145271757055866 ], [ -70.881363405647193, -53.145279615467082 ], [ -70.881373156848682, -53.145287602418577 ], [ -70.881385465135011, -53.145297920221722 ], [ -70.881387894675328, -53.145299933205351 ], [ -70.881400147541271, -53.145309968230471 ], [ -70.881411747999877, -53.14531973989159 ], [ -70.881424212020917, -53.145330541169827 ], [ -70.881443633495309, -53.145347402541319 ], [ -70.881454985883636, -53.145356736052527 ], [ -70.881458642892781, -53.14535958571814 ], [ -70.881511450129238, -53.145406597071414 ], [ -70.881530081571171, -53.145425678997775 ], [ -70.881546025652312, -53.145442008585604 ], [ -70.881548926887817, -53.145444929081144 ], [ -70.88156272997648, -53.145458587871559 ], [ -70.881566956062798, -53.145462670766527 ], [ -70.881575552338717, -53.145470780694779 ], [ -70.881594214378282, -53.145486802368325 ], [ -70.881600862819042, -53.145492011615595 ], [ -70.881612743435056, -53.145501581127156 ], [ -70.881618371264054, -53.145506242076273 ], [ -70.881637637673379, -53.145522983595811 ], [ -70.881646941401172, -53.145531472708115 ], [ -70.881661584035371, -53.145545381192257 ], [ -70.881679867252757, -53.145563472714379 ], [ -70.881685171130925, -53.14556856628198 ], [ -70.881700857488809, -53.145583191805223 ], [ -70.881718107428583, -53.145599275157387 ], [ -70.881733283594343, -53.145613250810719 ], [ -70.881739911118146, -53.145619465076763 ], [ -70.881751458288406, -53.145630490293193 ], [ -70.881756369301542, -53.145635055937738 ], [ -70.881771488729157, -53.145648745684056 ], [ -70.881776983713877, -53.145653794330954 ], [ -70.881783643020384, -53.145660003327244 ], [ -70.881801044574601, -53.14567704931855 ], [ -70.881810663532292, -53.145686959789018 ], [ -70.881823426636444, -53.145700034148689 ], [ -70.881833398908086, -53.145710572777702 ], [ -70.881837942722655, -53.145715529199173 ], [ -70.881877680735158, -53.145766080045817 ], [ -70.881887139501941, -53.145780348791895 ], [ -70.881888732710422, -53.145782713210558 ], [ -70.881898492908562, -53.145796963974853 ], [ -70.881906598428415, -53.145807954033131 ], [ -70.881913721044214, -53.145816953562878 ], [ -70.881926989694804, -53.14583218673674 ], [ -70.88193341535397, -53.14583892293885 ], [ -70.881948279829444, -53.145853232187456 ], [ -70.881954163542588, -53.145858449278279 ], [ -70.881973155242534, -53.145873833106215 ], [ -70.881978372630584, -53.14587770288378 ], [ -70.881997638626487, -53.145891244340511 ], [ -70.881997376698592, -53.145891379024071 ], [ -70.882042845654524, -53.145925303592726 ], [ -70.882052455603656, -53.145933353948379 ], [ -70.882063442600597, -53.145942255068668 ], [ -70.882075086484178, -53.145951955673695 ], [ -70.882087454657622, -53.145962554043507 ], [ -70.882089836300835, -53.145964571186681 ], [ -70.882107351452902, -53.145979234006973 ], [ -70.882115441310731, -53.145985754009558 ], [ -70.882127553191467, -53.145995155467155 ], [ -70.882136102033371, -53.146001546749716 ], [ -70.882152945641778, -53.146013679176171 ], [ -70.882159127766627, -53.146018008216274 ], [ -70.882239782516592, -53.146088017585917 ], [ -70.882240693350283, -53.146087696427543 ], [ -70.882260980330059, -53.146108497945832 ], [ -70.882283781187368, -53.14613368604104 ], [ -70.882293713615667, -53.146145544717726 ], [ -70.882299084162469, -53.146151574560896 ], [ -70.882315765606236, -53.146171474051457 ], [ -70.88231835437, -53.146174762777775 ], [ -70.882323780042881, -53.146181372448957 ], [ -70.882330047403897, -53.146188702262627 ], [ -70.882357245545151, -53.14622423396338 ], [ -70.882359442991074, -53.146227468279513 ], [ -70.882361723796464, -53.14623086481599 ], [ -70.882373838955232, -53.146249121095842 ], [ -70.882378313133501, -53.146256027932722 ], [ -70.882387334561642, -53.146270301846478 ], [ -70.882393620149159, -53.146280625496964 ], [ -70.882400101019769, -53.146291687241721 ], [ -70.882407541094977, -53.146305051408021 ], [ -70.882407856433218, -53.146305648879945 ], [ -70.882417616273983, -53.146325751118262 ], [ -70.882419292089367, -53.14632952772066 ], [ -70.882423135213074, -53.146337582649529 ], [ -70.882429260724962, -53.146349572533467 ], [ -70.882431290560064, -53.146353422385367 ], [ -70.882438798785302, -53.146367229606128 ], [ -70.882441797739133, -53.146372870069563 ], [ -70.882447597680482, -53.146384031764782 ], [ -70.882454152935523, -53.146395542128538 ], [ -70.882458271202708, -53.146402181366703 ], [ -70.8824649173838, -53.146413343076475 ], [ -70.882470229104896, -53.146422648655971 ], [ -70.882477472731679, -53.146436016193867 ], [ -70.882482848278315, -53.146446490166539 ], [ -70.882488487678202, -53.146456616976828 ], [ -70.882494792433477, -53.146467104127083 ], [ -70.882502552906914, -53.146480687715766 ], [ -70.882509366594164, -53.146493264676657 ], [ -70.882513246591216, -53.146500056024855 ], [ -70.882522202817711, -53.146514953196593 ], [ -70.882527250003406, -53.146522877060718 ], [ -70.882538837338117, -53.146540088155596 ], [ -70.882539471764119, -53.146541033641149 ], [ -70.882549803099991, -53.146556479878093 ], [ -70.882557055766142, -53.146567759209255 ], [ -70.88256525120255, -53.146581033293579 ], [ -70.882568690078983, -53.146586392315541 ], [ -70.882578473050955, -53.14660107556081 ], [ -70.882584450917605, -53.146609541491678 ], [ -70.882597619914989, -53.146627178806952 ], [ -70.88259805488488, -53.14662776251911 ], [ -70.882611628693112, -53.146646011712868 ], [ -70.8826173113967, -53.146653298611596 ], [ -70.882629891791765, -53.146668706130484 ], [ -70.882633858028541, -53.146673639559197 ], [ -70.882644014035648, -53.14668647113708 ], [ -70.882655691214907, -53.146700018582862 ], [ -70.882666375133098, -53.146711445935516 ], [ -70.882674257879671, -53.146719481838851 ], [ -70.882689973786668, -53.146734768652593 ], [ -70.882695608033998, -53.146740338935984 ], [ -70.882697299359407, -53.146742038828094 ], [ -70.882728057221144, -53.146776224726267 ], [ -70.882740682448087, -53.146791834891303 ], [ -70.882745306893071, -53.146797658492417 ], [ -70.882748616205717, -53.14680190427849 ], [ -70.882787887313398, -53.146863791043444 ], [ -70.882790099540586, -53.146868236686672 ], [ -70.882796826237993, -53.146880465993327 ], [ -70.882801360923807, -53.146887980249254 ], [ -70.882811158364589, -53.146905308091661 ], [ -70.882814434916696, -53.146911515146584 ], [ -70.882817019942223, -53.146916230634289 ], [ -70.882826210096226, -53.146932392473104 ], [ -70.88282970523187, -53.146938690741422 ], [ -70.882835000561883, -53.146948472794385 ], [ -70.882843255051995, -53.146964764238803 ], [ -70.882846900975025, -53.146972481979937 ], [ -70.882850160661391, -53.146979003970415 ], [ -70.882857801498659, -53.146993491811457 ], [ -70.882859300047429, -53.146996366580446 ], [ -70.882867322432389, -53.147011939391867 ], [ -70.882872463928749, -53.147022364543808 ], [ -70.882878496263743, -53.147035162332308 ], [ -70.882881840200099, -53.147042492050524 ], [ -70.882884395520165, -53.147048284986489 ], [ -70.882896662431079, -53.147071099548285 ], [ -70.882898681426553, -53.147074265831215 ], [ -70.882905108187515, -53.14708369886457 ], [ -70.88291184443203, -53.147092980007194 ], [ -70.882920765451317, -53.147104386939198 ], [ -70.882930642094152, -53.14711614728008 ], [ -70.882936654609935, -53.14712300944786 ], [ -70.882952083597118, -53.147139904862314 ], [ -70.882968472264167, -53.147157851108034 ], [ -70.882972855041459, -53.147162517660782 ], [ -70.88299019709828, -53.147180478853265 ], [ -70.882992171838197, -53.147182524081678 ], [ -70.88302348707245, -53.147218632353002 ], [ -70.883027349079086, -53.147223625046912 ], [ -70.883036789224448, -53.14723561668751 ], [ -70.883042215144656, -53.147242226322653 ], [ -70.88304735196985, -53.147248233666858 ], [ -70.883059392999542, -53.147262971154127 ], [ -70.883064725514018, -53.147269810895729 ], [ -70.883079079204236, -53.147289425236515 ], [ -70.883085466957496, -53.147298751170318 ], [ -70.883087919273578, -53.147302247292991 ], [ -70.883100398846437, -53.147319627809104 ], [ -70.883103923488974, -53.147324384260159 ], [ -70.883117616614371, -53.147342301736096 ], [ -70.883119593917456, -53.147344910989979 ], [ -70.883134411820336, -53.147364630993103 ], [ -70.883138158737452, -53.147369463763617 ], [ -70.883149121352972, -53.147383176203085 ], [ -70.883157972625028, -53.147394773652096 ], [ -70.88318466835959, -53.147426589041906 ], [ -70.883219343164342, -53.147474707213789 ], [ -70.883224022477307, -53.147482403292976 ], [ -70.883231910918923, -53.147494312205801 ], [ -70.883239203616469, -53.147504468660486 ], [ -70.883246815709299, -53.147515468502171 ], [ -70.88325036505249, -53.147520795459201 ], [ -70.88326377392319, -53.147542527437025 ], [ -70.883265301019861, -53.147545212857608 ], [ -70.883273892610575, -53.147561303844945 ], [ -70.883278782476395, -53.147571090673985 ], [ -70.88328133064212, -53.147575986905771 ], [ -70.883290770955099, -53.147593425638057 ], [ -70.883292047207107, -53.147595740479332 ], [ -70.883300569690363, -53.147610921633813 ], [ -70.883302377161442, -53.147614064464136 ], [ -70.883310880607979, -53.147628502938673 ], [ -70.883322585179613, -53.147648002720416 ], [ -70.883325256860203, -53.147652529552992 ], [ -70.883330031141043, -53.147660757985577 ], [ -70.883338498190625, -53.14767399193849 ], [ -70.883345268744165, -53.147683652905151 ], [ -70.883349498046513, -53.147689457470499 ], [ -70.88336139101834, -53.147705173465567 ], [ -70.883364080688665, -53.147708648745855 ], [ -70.883369313992077, -53.147715262492291 ], [ -70.883403153552209, -53.147765685789366 ], [ -70.883408139635321, -53.147774642520496 ], [ -70.883423337934943, -53.147798820825926 ], [ -70.883423234731822, -53.147798844305633 ], [ -70.88343257386552, -53.147813394789921 ], [ -70.883434449011105, -53.147816614226166 ], [ -70.883437590971226, -53.147821802694459 ], [ -70.883446214283509, -53.147835516691451 ], [ -70.883448262072179, -53.14783870013121 ], [ -70.883456578570062, -53.14785134218117 ], [ -70.883462061752283, -53.147859933311402 ], [ -70.883470289383524, -53.1478732302905 ], [ -70.883473030973221, -53.147877525765452 ], [ -70.883476421943129, -53.147882680354819 ], [ -70.883490164900294, -53.147905329724011 ], [ -70.883494964861598, -53.147913952159918 ], [ -70.883495628536267, -53.147915137855193 ], [ -70.88350865560767, -53.14794094992083 ], [ -70.883514236985178, -53.147953335132215 ], [ -70.883531971910827, -53.148004168440629 ], [ -70.883533895490984, -53.148011876458106 ], [ -70.883536143468589, -53.148019892844417 ], [ -70.883541909070971, -53.148038403199337 ], [ -70.883546342601562, -53.148052497154772 ], [ -70.883550360941129, -53.148063695883678 ], [ -70.883552947135698, -53.14807010524958 ], [ -70.883562207005994, -53.148096484516273 ], [ -70.883566759990217, -53.148111701480616 ], [ -70.883570321988344, -53.148122170292048 ], [ -70.883572780548477, -53.14812861197499 ], [ -70.883577709330609, -53.148142533836257 ], [ -70.883580970209422, -53.14815251877409 ], [ -70.883587329818127, -53.148171530932544 ], [ -70.883592190477287, -53.148186072511763 ], [ -70.883597201767586, -53.148199057059074 ], [ -70.883600564636566, -53.148206728908384 ], [ -70.883604769526173, -53.148215581472918 ], [ -70.88360991226763, -53.148225624384708 ], [ -70.883615173899173, -53.148236374501181 ], [ -70.883619858210764, -53.148246405245828 ], [ -70.883630472260236, -53.148268394027141 ], [ -70.883634295448019, -53.148276141305857 ], [ -70.883644984997758, -53.148300233762519 ], [ -70.883646791841343, -53.14830481293032 ], [ -70.883649786950713, -53.148311889217808 ], [ -70.883651194300356, -53.148315001332278 ], [ -70.883660432341713, -53.148337760166115 ], [ -70.883661258109214, -53.148340052192253 ], [ -70.883662145693819, -53.148342222497021 ], [ -70.883670466220636, -53.148368843448921 ], [ -70.88367075152604, -53.14836880872663 ], [ -70.883686125182393, -53.148414489476714 ], [ -70.883686290177394, -53.148414849275895 ], [ -70.88368675310717, -53.148415824979942 ], [ -70.883710309869457, -53.148486601354058 ], [ -70.883714282433843, -53.148506905367093 ], [ -70.883714352321903, -53.148507196904227 ], [ -70.883721007655183, -53.148539411696355 ], [ -70.883726584654625, -53.148554915074712 ], [ -70.883729063326868, -53.14856073213128 ], [ -70.88373268555317, -53.148568417494744 ], [ -70.883749170347215, -53.148611301042699 ], [ -70.88376097500884, -53.148650720492093 ], [ -70.883761622525768, -53.148652438503184 ], [ -70.883769490127222, -53.148676276931667 ], [ -70.883772628631007, -53.148686392005764 ], [ -70.883780383814738, -53.148713076647155 ], [ -70.883782389581441, -53.148718352580872 ], [ -70.883790629857074, -53.148743246177716 ], [ -70.883793813311385, -53.14875451762569 ], [ -70.883794577938033, -53.148756939632882 ], [ -70.883804688729711, -53.148800521988441 ], [ -70.883804858328475, -53.14880165643158 ], [ -70.883806893871181, -53.148812756880716 ], [ -70.883809527405958, -53.148824341449973 ], [ -70.883810231468416, -53.148826934247083 ], [ -70.883818267098647, -53.148868761931844 ], [ -70.883819044982431, -53.148875616616976 ], [ -70.883820749899172, -53.148886635358451 ], [ -70.883821746337276, -53.148891715264341 ], [ -70.883826511554716, -53.148909702449245 ], [ -70.883829833490395, -53.148919630942039 ], [ -70.883836295125676, -53.14893819796761 ], [ -70.883837397938279, -53.148941229308306 ], [ -70.883854402082278, -53.149025425438587 ], [ -70.883854925278428, -53.149037376229337 ], [ -70.883855359712683, -53.149047299523829 ], [ -70.883855445696497, -53.149068782106468 ], [ -70.883855349558914, -53.149071470907444 ], [ -70.883855392635482, -53.149082210713942 ], [ -70.883855862536976, -53.149092944126373 ], [ -70.883856672934101, -53.149102638595799 ], [ -70.883863467020547, -53.149131592642753 ], [ -70.883864248139176, -53.149133837723866 ], [ -70.883866393130944, -53.149139621847397 ], [ -70.883870137752695, -53.14914912765726 ], [ -70.883878410421005, -53.149166853636558 ], [ -70.883883269257794, -53.149175831960576 ], [ -70.883882178531891, -53.149176045303655 ], [ -70.883906868493227, -53.149229344298469 ], [ -70.883908816160414, -53.149235232417723 ], [ -70.883912185700297, -53.14924413621938 ], [ -70.883914563117557, -53.149250047117313 ], [ -70.883916571687578, -53.14925476100408 ], [ -70.883924467068923, -53.149269815380279 ], [ -70.883947632371346, -53.149326660276095 ], [ -70.883948151530774, -53.149328424640707 ], [ -70.88395768257179, -53.149374702895628 ], [ -70.883958766688508, -53.149383830762943 ], [ -70.883960405861615, -53.14940401039896 ], [ -70.883960760946948, -53.149412120652443 ], [ -70.883961456356275, -53.149421128173316 ], [ -70.883962849317143, -53.14943370991341 ], [ -70.883964425836496, -53.149444219750315 ], [ -70.883965566677801, -53.149450240300119 ], [ -70.883967022437488, -53.14945965537882 ], [ -70.883975751398552, -53.149494895122245 ], [ -70.883978373691164, -53.149506521401463 ], [ -70.883979584440212, -53.149512471707475 ], [ -70.883981083049051, -53.149519032952341 ], [ -70.883984027405418, -53.149530650898491 ], [ -70.883987066366629, -53.149543978701367 ], [ -70.883992037357302, -53.149568503348014 ], [ -70.883994538965595, -53.149578797336794 ], [ -70.884008806643621, -53.149615215393247 ], [ -70.884025112437186, -53.149674170478676 ], [ -70.884025753802504, -53.149678083631805 ], [ -70.884028490527356, -53.149700527073982 ], [ -70.884029453842345, -53.149712548127475 ], [ -70.884031229258142, -53.149727780975482 ], [ -70.884032413451209, -53.149737670557037 ], [ -70.884034083814996, -53.149758110513972 ], [ -70.884034535818941, -53.149768433878847 ], [ -70.884035361907749, -53.149787300990688 ], [ -70.884036262738988, -53.149807875126832 ], [ -70.884037163571335, -53.149828449262912 ], [ -70.884037989663099, -53.149847316374526 ], [ -70.884038851159801, -53.149866992076561 ], [ -70.884039712657483, -53.149886667778532 ], [ -70.884040613494065, -53.149907241914292 ], [ -70.884041557603439, -53.149928804327232 ], [ -70.884041926459446, -53.149937228582253 ], [ -70.884044654969756, -53.149958657208614 ], [ -70.884049240407293, -53.149975077925212 ], [ -70.884055924929598, -53.149996990845054 ], [ -70.884057381904796, -53.150002539061497 ], [ -70.884060840525152, -53.150014342703756 ], [ -70.88406063629148, -53.150014364366349 ], [ -70.884068481015845, -53.150045140074127 ], [ -70.884069331199058, -53.150049685914844 ], [ -70.884070701260313, -53.1500566474745 ], [ -70.884081005910829, -53.150092152758738 ], [ -70.884081168653836, -53.150092133011377 ], [ -70.884089358330826, -53.150116553943043 ], [ -70.884100348598295, -53.150160390539767 ], [ -70.884102630032402, -53.150174025936558 ], [ -70.884103309116924, -53.150177611595268 ], [ -70.884107848352457, -53.150216620932127 ], [ -70.884108812227126, -53.15023863372798 ], [ -70.884109376796218, -53.150251527241096 ], [ -70.884109579293522, -53.150268867372773 ], [ -70.884109369300376, -53.150279154012374 ], [ -70.884109521193309, -53.150292158706186 ], [ -70.884109379147731, -53.150292159335756 ], [ -70.884109134762426, -53.150316111096956 ], [ -70.8841080779316, -53.150332567515797 ], [ -70.884107917718168, -53.150338782530397 ], [ -70.884106643351075, -53.150358952887018 ], [ -70.884106552188115, -53.150359859409683 ], [ -70.884105999878059, -53.150379330201979 ], [ -70.884107257025136, -53.150408040551426 ], [ -70.884108197251066, -53.150429513118333 ], [ -70.884109102072131, -53.150450177094768 ], [ -70.884110042300421, -53.150471649661519 ], [ -70.884110667116232, -53.150485918945733 ], [ -70.884111362579802, -53.150494926463757 ], [ -70.884112342228548, -53.15050377430741 ], [ -70.884113733381682, -53.150521791048014 ], [ -70.884113950091532, -53.150526740160117 ], [ -70.884114734799283, -53.150536532310717 ], [ -70.884117815215262, -53.150562959422516 ], [ -70.884119384729118, -53.150582545879736 ], [ -70.884119410449912, -53.15058313327571 ], [ -70.884122677467616, -53.15061049856638 ], [ -70.884123064783296, -53.150612899030975 ], [ -70.884126699189665, -53.150641441126162 ], [ -70.884131857964221, -53.150659405435682 ], [ -70.884132022847425, -53.150659858018592 ], [ -70.88413990688656, -53.150678115447128 ], [ -70.884150195388642, -53.150705408819114 ], [ -70.884150926751289, -53.15070767437485 ], [ -70.884158369392679, -53.150728207825637 ], [ -70.884164736878532, -53.150749198198923 ], [ -70.884164761879688, -53.15074919537583 ], [ -70.884173622202283, -53.150777971234803 ], [ -70.884177606655911, -53.150792180517485 ], [ -70.884181292691707, -53.150806746952725 ], [ -70.884185086606152, -53.150819576142354 ], [ -70.884188650018942, -53.150832759521712 ], [ -70.884194179579708, -53.150855330838382 ], [ -70.884197048077283, -53.150868358260169 ], [ -70.88419834052462, -53.150874970414158 ], [ -70.88420186493093, -53.150889332443796 ], [ -70.884205732208599, -53.150904000570144 ], [ -70.884209611575699, -53.150920737683009 ], [ -70.884216512956044, -53.150946050178213 ], [ -70.884224781706934, -53.150989585941417 ], [ -70.884225154721591, -53.150993035920479 ], [ -70.884226438410906, -53.151002080969015 ], [ -70.88422910235505, -53.151017229533934 ], [ -70.884229805528449, -53.151020934384881 ], [ -70.884230867838284, -53.151026146663853 ], [ -70.884234231471368, -53.151047649114041 ], [ -70.884239462911623, -53.151077232480539 ], [ -70.884239135258881, -53.151077253399443 ], [ -70.884241769154244, -53.151092197095082 ], [ -70.884241988758887, -53.151092184808874 ], [ -70.884244925377928, -53.151111094035784 ], [ -70.884247446086448, -53.151123528098829 ], [ -70.884249317248148, -53.151132723791747 ], [ -70.884253280914876, -53.151158204958485 ], [ -70.884255944490036, -53.151182896650724 ], [ -70.884260774740895, -53.151223337254613 ], [ -70.884262926903773, -53.151240773115404 ], [ -70.88426333524238, -53.15124426461103 ], [ -70.884264331346373, -53.151253285530402 ], [ -70.884265627090812, -53.151262281029304 ], [ -70.884271948511099, -53.151297836835901 ], [ -70.884274353196332, -53.151314181381288 ], [ -70.884275124127015, -53.151320795854041 ], [ -70.884276954823221, -53.151332270485113 ], [ -70.884277130505922, -53.151333136912271 ], [ -70.884280970841601, -53.151357658758528 ], [ -70.884281587443922, -53.151363228452958 ], [ -70.884282878566054, -53.151372183117672 ], [ -70.884284851981931, -53.151383283010858 ], [ -70.884288149969194, -53.151413099890625 ], [ -70.884293935189802, -53.151454524050131 ], [ -70.884296672333946, -53.151470314908892 ], [ -70.884297161937155, -53.151474736450524 ], [ -70.884299193255472, -53.151491751486489 ], [ -70.884300332382068, -53.151499407172565 ], [ -70.884303321623776, -53.151516221213015 ], [ -70.884303950142723, -53.151519525546554 ], [ -70.884305027174506, -53.151524837836391 ], [ -70.884308783328024, -53.151548611380512 ], [ -70.884309096239562, -53.151551368238941 ], [ -70.884310451563493, -53.151560538739417 ], [ -70.884317248713316, -53.151597840892286 ], [ -70.884317737931539, -53.151600382153752 ], [ -70.884322432787641, -53.151640204367574 ], [ -70.884322699157693, -53.151646286672282 ], [ -70.884325122935635, -53.151666587030775 ], [ -70.884325688421612, -53.151669479874791 ], [ -70.884328412134295, -53.151680882561948 ], [ -70.884329201667001, -53.151683676650002 ], [ -70.884334232216546, -53.151704390494423 ], [ -70.884334857330614, -53.151707463284765 ], [ -70.884338688764032, -53.151723205356262 ], [ -70.884337875325144, -53.151723276938668 ], [ -70.884345849868623, -53.151767467813713 ], [ -70.884346482588739, -53.151775515590714 ], [ -70.884348344559029, -53.151791917362161 ], [ -70.884350046964272, -53.151806567510441 ], [ -70.884352127073853, -53.151819269449824 ], [ -70.884355464434378, -53.15185146883131 ], [ -70.884355497411278, -53.151852221808369 ], [ -70.884356359115827, -53.151871897500151 ], [ -70.884356995597415, -53.151886430559017 ], [ -70.884357653209975, -53.151895091008271 ], [ -70.88435911081632, -53.151908570233971 ], [ -70.884360725611955, -53.151919426942399 ], [ -70.884363267424504, -53.151932839470462 ], [ -70.884366766636404, -53.151950133265224 ], [ -70.88436823005739, -53.151956539793744 ], [ -70.884370557687021, -53.151965724213802 ], [ -70.88437866330716, -53.151990863270086 ], [ -70.884384056274826, -53.152009732626254 ], [ -70.88438833094834, -53.152026869219185 ], [ -70.884387879423656, -53.1520269099003 ], [ -70.88439556359549, -53.15206363151281 ], [ -70.884395836373542, -53.152065833748992 ], [ -70.884397560519858, -53.1520763867331 ], [ -70.884397769457237, -53.152077414733526 ], [ -70.88440146241102, -53.152100555529024 ], [ -70.884402403266833, -53.152108648416032 ], [ -70.884406362795104, -53.15214075433574 ], [ -70.884406758540266, -53.152144135356068 ], [ -70.884409536772267, -53.152169228454191 ], [ -70.884412023267885, -53.152190108787231 ], [ -70.884413151220784, -53.152199516279587 ], [ -70.884414826401638, -53.15221999435915 ], [ -70.884414994150305, -53.152223824470276 ], [ -70.884415731903971, -53.152233207930053 ], [ -70.884416898015687, -53.152243479800269 ], [ -70.884418995027332, -53.152256423226603 ], [ -70.884419028052122, -53.152256579679111 ], [ -70.884423024815064, -53.152280772865119 ], [ -70.884424696674984, -53.152294721062489 ], [ -70.884429449559292, -53.152317724787039 ], [ -70.884431307631218, -53.152324034443424 ], [ -70.884436620913789, -53.152342001416635 ], [ -70.884440325485684, -53.152354527140766 ], [ -70.884443868420178, -53.152365042346567 ], [ -70.88444663233355, -53.15237234487806 ], [ -70.884451104427342, -53.152382958029101 ], [ -70.884453000126413, -53.152387036351605 ], [ -70.884454645215811, -53.152390470421174 ], [ -70.884473175522956, -53.15242802298657 ], [ -70.884480333127797, -53.152441054437432 ], [ -70.884484990832178, -53.152448737682363 ], [ -70.88449168237868, -53.152459087702162 ], [ -70.884517976340874, -53.152507819951978 ], [ -70.884519405666992, -53.152511094436889 ], [ -70.884524303229938, -53.152524379858143 ], [ -70.88454449124994, -53.152572173304662 ], [ -70.88454893785179, -53.152581148325773 ], [ -70.884549873216855, -53.152583252236091 ], [ -70.884554258450208, -53.152592393384985 ], [ -70.884578314767268, -53.152663928376342 ], [ -70.884579220704538, -53.15266851531576 ], [ -70.884581657102771, -53.152680488230182 ], [ -70.884584614136187, -53.152692372797709 ], [ -70.884586530206661, -53.152698878876357 ], [ -70.884590201485011, -53.152709768660799 ], [ -70.8845929127868, -53.152716900122087 ], [ -70.884597307283357, -53.152727307263419 ], [ -70.884601542562706, -53.152736418328189 ], [ -70.884604960630583, -53.152743340270227 ], [ -70.884608060352832, -53.1527492666917 ], [ -70.884617969130517, -53.152765673427055 ], [ -70.884633198611056, -53.1527937292514 ], [ -70.884636966100615, -53.15280152961347 ], [ -70.884661808725355, -53.152875962385444 ], [ -70.88466249286877, -53.152879572594188 ], [ -70.884668306752644, -53.152900988053595 ], [ -70.884679664155115, -53.152933003111528 ], [ -70.884684951125209, -53.1529472889451 ], [ -70.884689539349608, -53.152958293585826 ], [ -70.88469522234125, -53.152970574818262 ], [ -70.884694358974869, -53.152970719207651 ], [ -70.884717889131764, -53.153027412340315 ], [ -70.884719890696118, -53.15303473574383 ], [ -70.884727845617576, -53.153075281407112 ], [ -70.884730800645016, -53.153099925046277 ], [ -70.884732552023763, -53.153114531347462 ], [ -70.884734139396087, -53.153124601630061 ], [ -70.884736815712301, -53.153138290727206 ], [ -70.884740143081174, -53.153154673878795 ], [ -70.884741689364915, -53.153161416236536 ], [ -70.88474431968757, -53.153171720036703 ], [ -70.884751045486325, -53.153207664995705 ], [ -70.884751657102612, -53.153212780742393 ], [ -70.884751762269445, -53.15321344707624 ], [ -70.884763632290571, -53.153243449475625 ], [ -70.88477875757043, -53.153261968036105 ], [ -70.884830724230895, -53.153311239258848 ], [ -70.884885217453416, -53.153399634420744 ], [ -70.884887892044532, -53.153405935998343 ], [ -70.884889457075303, -53.153409456110289 ], [ -70.884903920627295, -53.153449081570457 ], [ -70.884912267378695, -53.153478164076937 ], [ -70.884913456258062, -53.153481291412149 ], [ -70.884915753747521, -53.153486990657797 ], [ -70.88492209344804, -53.153501866227892 ], [ -70.884930661648042, -53.15352128603908 ], [ -70.884931802108284, -53.153523799725761 ], [ -70.884938926389708, -53.153539125168557 ], [ -70.884939959496933, -53.153541305027005 ], [ -70.884948630140201, -53.153559256405195 ], [ -70.88495447046374, -53.153571062770347 ], [ -70.884964845462491, -53.153589135508973 ], [ -70.884968276954012, -53.153594374105282 ], [ -70.884975101867397, -53.153605201003778 ], [ -70.884983728321586, -53.153619436111754 ], [ -70.884985718181852, -53.153622643457929 ], [ -70.884995142499108, -53.153637488260031 ], [ -70.884996741400556, -53.153640029841192 ], [ -70.885003836046735, -53.153651411051172 ], [ -70.885013001941232, -53.153666979727447 ], [ -70.885015246049917, -53.153671026542206 ], [ -70.885034982137554, -53.153713439646474 ], [ -70.885039304185327, -53.153724857738105 ], [ -70.885049310002287, -53.153746310201875 ], [ -70.885050392791086, -53.153748254888903 ], [ -70.885060134180534, -53.153763811932805 ], [ -70.885063541059509, -53.153768696418304 ], [ -70.885100624490491, -53.153836537252253 ], [ -70.885131978907779, -53.153914250421685 ], [ -70.885147260404338, -53.153934993784119 ], [ -70.885149244606069, -53.153937337494106 ], [ -70.885155615726305, -53.153944536683987 ], [ -70.885156842269268, -53.153945863869936 ], [ -70.885187151110614, -53.153982497910285 ], [ -70.885207330357972, -53.154009957163609 ], [ -70.885243871760281, -53.154071408403816 ], [ -70.885245605769143, -53.154075165523814 ], [ -70.885263945646344, -53.1541057042093 ], [ -70.885267866176832, -53.154110766121001 ], [ -70.885270181879562, -53.154113640057723 ], [ -70.885281459562165, -53.15412830184237 ], [ -70.885293422044924, -53.154144617564576 ], [ -70.885317482986778, -53.154174491155864 ], [ -70.88532410518205, -53.154182319296659 ], [ -70.885336018562711, -53.154195745866652 ], [ -70.8853498286703, -53.15421122920003 ], [ -70.885351300211667, -53.154212887402892 ], [ -70.88536312014746, -53.154226273374078 ], [ -70.885369054698259, -53.154233136475938 ], [ -70.885370183084305, -53.154234469169886 ], [ -70.885405538179015, -53.154283150704465 ], [ -70.88540830382523, -53.154287670428005 ], [ -70.885417133505584, -53.154301833419211 ], [ -70.885420171850797, -53.154306545178031 ], [ -70.885426638110602, -53.154316247437265 ], [ -70.885436708310749, -53.15433041083184 ], [ -70.885436587921234, -53.15433044177778 ], [ -70.885444831615047, -53.154342331612945 ], [ -70.885444951151115, -53.15434230166948 ], [ -70.885458697724772, -53.15436212816725 ], [ -70.885458771873928, -53.154362226338741 ], [ -70.885480985993183, -53.154394951010268 ], [ -70.885488458927398, -53.154407330536735 ], [ -70.885504490755125, -53.15443707788512 ], [ -70.885516190095501, -53.154461674281968 ], [ -70.885524203511167, -53.154476543453896 ], [ -70.885530875419548, -53.154487595889726 ], [ -70.885540612727866, -53.154503655891475 ], [ -70.885545994280591, -53.154512171306372 ], [ -70.885545735875894, -53.154512230330873 ], [ -70.885567049776768, -53.15454993778571 ], [ -70.885567195422823, -53.154550244215002 ], [ -70.885582402959741, -53.154576115021086 ], [ -70.885599852897684, -53.154600868658527 ], [ -70.885607307933597, -53.15461077021331 ], [ -70.885608351665326, -53.154612071789792 ], [ -70.88560875767709, -53.154612578900604 ], [ -70.885619755329898, -53.154626336502638 ], [ -70.885663883860971, -53.154695711402063 ], [ -70.885688399423174, -53.154768507911534 ], [ -70.885692632500835, -53.154842737505128 ], [ -70.88569075966727, -53.154865945637631 ], [ -70.885691724821498, -53.154887965403923 ], [ -70.885683224883564, -53.154968389402761 ], [ -70.885650965052946, -53.155046607603303 ], [ -70.88562699918198, -53.155088284476605 ], [ -70.885625551694801, -53.155095277151503 ], [ -70.88562937959432, -53.155118663007997 ], [ -70.885641107533971, -53.15513992694784 ], [ -70.885677838899099, -53.15517379021378 ], [ -70.885702466257797, -53.155198488243265 ], [ -70.885710643999715, -53.155205476013386 ], [ -70.885725600795823, -53.155218753470422 ], [ -70.885743907706456, -53.155235646374472 ], [ -70.88576031833324, -53.155251500241882 ], [ -70.885778744974772, -53.155270154922341 ], [ -70.885789525898332, -53.155280884055266 ], [ -70.885809584861221, -53.155298796240359 ], [ -70.885834306051109, -53.155317309410094 ], [ -70.88583370684033, -53.155317598507175 ], [ -70.885874278200276, -53.155349482128138 ], [ -70.885879199321849, -53.155353860263034 ], [ -70.885896363016045, -53.155368892854057 ], [ -70.885899109448644, -53.155371265475608 ], [ -70.885903238932968, -53.155374784333915 ], [ -70.885928340083495, -53.155397619701141 ], [ -70.885938313143527, -53.155407322667955 ], [ -70.885941406043216, -53.155410280120755 ], [ -70.88595403252549, -53.155422147789942 ], [ -70.886007857519004, -53.155482396845478 ], [ -70.886045850269014, -53.155546857638186 ], [ -70.886060164193253, -53.155578647717938 ], [ -70.88606262848235, -53.155583150802556 ], [ -70.886081266941048, -53.155623436063905 ], [ -70.886086379529388, -53.155636881372764 ], [ -70.886087731946162, -53.155640313672691 ], [ -70.886089046822562, -53.155643537896395 ], [ -70.886089705559826, -53.155645165990862 ], [ -70.886105990708288, -53.155685750601322 ], [ -70.886115291060406, -53.15571246221014 ], [ -70.88612010161188, -53.155728727066233 ], [ -70.886121723766323, -53.155733863029319 ], [ -70.886122005346039, -53.155734700894271 ], [ -70.886131307140531, -53.155769284522336 ], [ -70.886133768394615, -53.155781421087546 ], [ -70.886137901668135, -53.155797142583559 ], [ -70.886141130054085, -53.155807115915245 ], [ -70.886143646295736, -53.155814266973636 ], [ -70.886146402846933, -53.155821515818488 ], [ -70.886152165620317, -53.155834721385638 ], [ -70.886169902499788, -53.155888587038859 ], [ -70.886178221507095, -53.155925605591037 ], [ -70.886179787762288, -53.155930284999172 ], [ -70.886186761741897, -53.155954539114653 ], [ -70.886191541763552, -53.155974387638445 ], [ -70.886200198736702, -53.155990901642014 ], [ -70.886199200860915, -53.155991090608161 ], [ -70.886213020567411, -53.156018374159117 ], [ -70.886217316191903, -53.156028845920531 ], [ -70.886228455416955, -53.156061020181866 ], [ -70.886234179002329, -53.156081231179691 ], [ -70.886236291855766, -53.15608681240176 ], [ -70.886236620524116, -53.15608767685174 ], [ -70.88625141766056, -53.156116139039831 ], [ -70.886258100045509, -53.156129743149393 ], [ -70.886258152256431, -53.156129855962909 ], [ -70.886267955635134, -53.1561478955689 ], [ -70.886281058616348, -53.156166188849546 ], [ -70.886305322094387, -53.15619615352675 ], [ -70.8863041080443, -53.156196508737501 ], [ -70.886343324712897, -53.156252279641166 ], [ -70.88635029886386, -53.156264977550002 ], [ -70.886366482968455, -53.156298853082447 ], [ -70.886366568773624, -53.156299063450696 ], [ -70.886374155609246, -53.156315074022373 ], [ -70.886374731280014, -53.156316137565526 ], [ -70.886384059764694, -53.156334727535764 ], [ -70.886393592126069, -53.156355323215472 ], [ -70.886398796351372, -53.156365607866562 ], [ -70.88640793305035, -53.156382225018405 ], [ -70.886414828823931, -53.156395447235958 ], [ -70.886423376900254, -53.156412768862374 ], [ -70.886427274034389, -53.156420191848035 ], [ -70.886430592116682, -53.156426150185538 ], [ -70.88644166384438, -53.156447835672346 ], [ -70.886443993094403, -53.156452845438757 ], [ -70.886457468799108, -53.156480913533549 ], [ -70.886461429252179, -53.156489480012972 ], [ -70.886467285844304, -53.156502651352739 ], [ -70.886474634629153, -53.156520660514744 ], [ -70.886480928891743, -53.156537587468115 ], [ -70.88648297244184, -53.156543254924422 ], [ -70.88648862569984, -53.156559436197149 ], [ -70.88649547139488, -53.156575908301349 ], [ -70.886497002452273, -53.156579077669328 ], [ -70.886505156089115, -53.156597389825713 ], [ -70.886509317398591, -53.156607592549427 ], [ -70.886510262800769, -53.156609859643737 ], [ -70.886514107490854, -53.156618879371486 ], [ -70.886528142413226, -53.15664673972676 ], [ -70.886527849347473, -53.156646793099007 ], [ -70.886542549339552, -53.156676530482734 ], [ -70.886545134614806, -53.15668286886104 ], [ -70.88655678945841, -53.156717172786514 ], [ -70.886557878829507, -53.15672116738272 ], [ -70.886559799650911, -53.156727071345912 ], [ -70.886569252529156, -53.156744216885549 ], [ -70.886585957052475, -53.156782086019554 ], [ -70.886586412992457, -53.156782015321951 ], [ -70.886606601168353, -53.156829060221014 ], [ -70.886604424862568, -53.156829397596276 ], [ -70.88662799002438, -53.156896762936739 ], [ -70.886629277942916, -53.156985837970097 ], [ -70.886625554132948, -53.157010478777707 ], [ -70.886630753434659, -53.15703760856541 ], [ -70.886633485969412, -53.157042423405947 ], [ -70.886634861008744, -53.157043375025992 ], [ -70.886722890568933, -53.157118666826108 ], [ -70.886783557351208, -53.157203158588935 ], [ -70.886797917830947, -53.157230589399248 ], [ -70.88680933095425, -53.157245801454941 ], [ -70.886811045290855, -53.15724782503483 ], [ -70.886820754068765, -53.157258553894223 ], [ -70.886828930291344, -53.15726703170845 ], [ -70.886840748023531, -53.157278731031901 ], [ -70.88684053573327, -53.157278808478225 ], [ -70.886860225542378, -53.157298912214578 ], [ -70.886865980124497, -53.157305271567154 ], [ -70.886877935999181, -53.157318159047705 ], [ -70.8868816615133, -53.15732208165732 ], [ -70.886881905880301, -53.157322333116646 ], [ -70.886915609962529, -53.157361251633716 ], [ -70.886934843853439, -53.157386386506836 ], [ -70.886935276703397, -53.15738695207601 ], [ -70.886938532462764, -53.157391206597602 ], [ -70.886995893151905, -53.157502037240711 ], [ -70.887012973504326, -53.157561105308531 ], [ -70.887022395724415, -53.157576558016778 ], [ -70.887028674525368, -53.157587272620823 ], [ -70.887050332836168, -53.157625778649091 ], [ -70.887081061235904, -53.157715123948826 ], [ -70.88708360436425, -53.157714913182375 ], [ -70.887085352281446, -53.157722533028078 ], [ -70.887089416072627, -53.157734329235083 ], [ -70.887104686236498, -53.157813600789545 ], [ -70.887104980270351, -53.157820303355031 ], [ -70.887105598075664, -53.157834386352185 ], [ -70.88710160095313, -53.157894116975058 ], [ -70.887098090437362, -53.157913805652541 ], [ -70.887098230920571, -53.157914368932104 ], [ -70.8871058067608, -53.157961685561055 ], [ -70.887108816545762, -53.1580037089021 ], [ -70.887109339422707, -53.15801347982395 ], [ -70.88711193364567, -53.158086785381812 ], [ -70.887112782661916, -53.158093628753996 ], [ -70.88711325652514, -53.158104430410731 ], [ -70.887115987515898, -53.158124008298913 ], [ -70.887128548465, -53.158156341101133 ], [ -70.887149421641141, -53.158188257878223 ], [ -70.887148931764472, -53.158188373618977 ], [ -70.887156739554584, -53.158199801388271 ], [ -70.887159686002931, -53.158204681694095 ], [ -70.887155752786171, -53.15820553960733 ], [ -70.887179365584387, -53.158241947795055 ], [ -70.887186530410006, -53.158257996650129 ], [ -70.887190864788863, -53.158266790663326 ], [ -70.88719050872993, -53.158266854026081 ], [ -70.887205867569648, -53.158301895563028 ], [ -70.887216724048486, -53.158332435143102 ], [ -70.887227595552687, -53.158356020737727 ], [ -70.887231867566015, -53.1583647054238 ], [ -70.887243250492318, -53.15839067745592 ], [ -70.887249815844754, -53.15840770795775 ], [ -70.88726885247921, -53.158497298306962 ], [ -70.88726985780059, -53.158520212248014 ], [ -70.887270851124597, -53.158542852706617 ], [ -70.8872711753624, -53.158550242929635 ], [ -70.887270955785624, -53.158578178900889 ], [ -70.887269375749398, -53.158604685629456 ], [ -70.887270970220897, -53.158641027697733 ], [ -70.887271472356403, -53.158652472629022 ], [ -70.88727572418648, -53.158685945586683 ], [ -70.887275036457211, -53.158685977165646 ], [ -70.88727823557673, -53.158711162771169 ], [ -70.887278356282664, -53.158713913946173 ], [ -70.887279459988818, -53.158739070010334 ], [ -70.887279733921062, -53.158745313565738 ], [ -70.887283838536447, -53.158773102239302 ], [ -70.887286901934033, -53.158785225458452 ], [ -70.887290266113595, -53.15880023913887 ], [ -70.887295556724467, -53.158827290488183 ], [ -70.887296491153677, -53.158831688421991 ], [ -70.887302254438779, -53.158876767604596 ], [ -70.887302386101453, -53.158879768453396 ], [ -70.887303269082807, -53.158899893303904 ], [ -70.887304152065212, -53.158920018154312 ], [ -70.887305145421706, -53.158942658610933 ], [ -70.887306249152701, -53.158967814673737 ], [ -70.887307242511994, -53.158990455130159 ], [ -70.887308358710456, -53.159015895276539 ], [ -70.887305991332113, -53.159065381038971 ], [ -70.88730479604115, -53.159073928246528 ], [ -70.887303692656758, -53.159096989969271 ], [ -70.887306254670278, -53.159117206251757 ], [ -70.887303664036281, -53.1592019109302 ], [ -70.887298036512604, -53.159231773253303 ], [ -70.887294812367799, -53.159231553741328 ], [ -70.88729042228087, -53.159265206108223 ], [ -70.887246151468958, -53.15935520317187 ], [ -70.887238134614108, -53.159366856399778 ], [ -70.887237572347843, -53.159368169301771 ], [ -70.887234668990487, -53.159375449030499 ], [ -70.887233423207519, -53.159378819466021 ], [ -70.887226716043173, -53.159404071547513 ], [ -70.887226739971553, -53.159411490174634 ], [ -70.887220814041882, -53.15944842892344 ], [ -70.887221554706457, -53.159452259477817 ], [ -70.887230750547289, -53.159470491500691 ], [ -70.887239158798863, -53.159488504319363 ], [ -70.887240643502821, -53.159491960132037 ], [ -70.887243000449516, -53.159494908538292 ], [ -70.887270991794381, -53.159534723595037 ], [ -70.887272878394867, -53.159537813774627 ], [ -70.887277978399936, -53.159544662409608 ], [ -70.887309076329728, -53.159596494352229 ], [ -70.887319594717297, -53.159611102710095 ], [ -70.887348725948954, -53.15966061811185 ], [ -70.887377206773238, -53.159703391819193 ], [ -70.887391509596043, -53.159727489142639 ], [ -70.887405951513458, -53.159748595978833 ], [ -70.887406472069429, -53.159749093805772 ], [ -70.887440366413884, -53.159785079498285 ], [ -70.887469365155283, -53.159819468024352 ], [ -70.887467852885607, -53.159819928757535 ], [ -70.887484871641576, -53.159837198025606 ], [ -70.887521485867182, -53.159901435925711 ], [ -70.887523259140266, -53.159901100788119 ], [ -70.88752789006098, -53.159909952122504 ], [ -70.887533257156051, -53.159918931140332 ], [ -70.887556643263792, -53.159965994496289 ], [ -70.88756297632348, -53.159981854225499 ], [ -70.887573725282579, -53.160001020623987 ], [ -70.887574628939873, -53.160003192352228 ], [ -70.887599035581985, -53.16004490695385 ], [ -70.887618097643852, -53.160072677775055 ], [ -70.887620427566333, -53.160076498596347 ], [ -70.887645755896017, -53.160127044923719 ], [ -70.887661129255392, -53.160165849076044 ], [ -70.887663194084553, -53.16017230042003 ], [ -70.887667528973026, -53.160182002453325 ], [ -70.887672094950105, -53.160193527523923 ], [ -70.887670080276521, -53.160193815873811 ], [ -70.887670994389552, -53.160196672156239 ], [ -70.887685669987263, -53.160230421638886 ], [ -70.887694998740571, -53.16031536422426 ], [ -70.887693623635414, -53.160343907481128 ], [ -70.887694759687946, -53.160369814005485 ], [ -70.887695604918889, -53.160373670589962 ], [ -70.887696391853751, -53.160387903468646 ], [ -70.887696324989378, -53.16041891358163 ], [ -70.88769425222543, -53.160453691160363 ], [ -70.887695626319328, -53.160485001099858 ], [ -70.887696173164443, -53.160497461430793 ], [ -70.887697293617208, -53.160506839246899 ], [ -70.887714584578646, -53.160550715400149 ], [ -70.88774303147045, -53.16058639843861 ], [ -70.887809053005498, -53.160637375748934 ], [ -70.887830064220125, -53.160650128379174 ], [ -70.887834119650563, -53.160653219227221 ], [ -70.887890166478755, -53.16071046713644 ], [ -70.88789020074438, -53.160710453736648 ], [ -70.887935323803774, -53.160751976733948 ], [ -70.887995580483192, -53.1608193232858 ], [ -70.888003161312909, -53.160829857970548 ], [ -70.888012886971524, -53.160842560972554 ], [ -70.888012652127983, -53.160842625921909 ], [ -70.888023064844333, -53.160854016826072 ], [ -70.888044702629429, -53.160884570132637 ], [ -70.888067777906542, -53.160923903473588 ], [ -70.888068239695187, -53.160923808313512 ], [ -70.888081250833253, -53.160946612786468 ], [ -70.888123042885582, -53.160999688351069 ], [ -70.888142501157944, -53.161026646354138 ], [ -70.888143097722363, -53.161027552941931 ], [ -70.888153608397147, -53.161038921063849 ], [ -70.888194208808756, -53.16109022691915 ], [ -70.888223446380067, -53.161134134093388 ], [ -70.888237951007085, -53.161157824440465 ], [ -70.888259178564766, -53.161195749815846 ], [ -70.888264940812533, -53.161204328298922 ], [ -70.888276648899904, -53.161217196285747 ], [ -70.888299404345815, -53.161244461778217 ], [ -70.888300503357073, -53.161245650522417 ], [ -70.88830101412357, -53.161246456247461 ], [ -70.88831202907582, -53.161260912885425 ], [ -70.888310453793324, -53.161261346487777 ], [ -70.888376471764076, -53.161365484605732 ], [ -70.888379684507171, -53.161374084635888 ], [ -70.88837970704526, -53.161374127792733 ], [ -70.888398610330199, -53.161417810334626 ], [ -70.888404179519952, -53.161433973157877 ], [ -70.888412704842949, -53.161463711946276 ], [ -70.888417998234729, -53.161486781730879 ], [ -70.888418732562926, -53.161489827502734 ], [ -70.888422031335622, -53.161502880537512 ], [ -70.888424577464605, -53.16151386752184 ], [ -70.88842561998986, -53.16151881197591 ], [ -70.888431346469503, -53.161585843466931 ], [ -70.888431186946434, -53.161589930585514 ], [ -70.888432707308539, -53.161624558407041 ], [ -70.888441330112826, -53.161665772988442 ], [ -70.888441984529962, -53.161667315458203 ], [ -70.888460224507071, -53.161706086810405 ], [ -70.888463339346714, -53.16171235723008 ], [ -70.8884671130497, -53.161719569479779 ], [ -70.888474189685965, -53.161733925564846 ], [ -70.888480105201722, -53.161746704151426 ], [ -70.888484856755468, -53.161756968379159 ], [ -70.888485292767925, -53.161757573810682 ], [ -70.8885291967337, -53.161839124607674 ], [ -70.888537026072612, -53.161877534756009 ], [ -70.888538925566579, -53.161877364107042 ], [ -70.888549099124887, -53.161918277355412 ], [ -70.888557051311196, -53.161972842658116 ], [ -70.888558014414031, -53.161994776561613 ], [ -70.888558462729733, -53.162004986586318 ], [ -70.888561138917751, -53.162024626800701 ], [ -70.888567430838563, -53.162041468897201 ], [ -70.888573654259488, -53.162061367070002 ], [ -70.888573809657842, -53.162061349411239 ], [ -70.888581776385593, -53.162086619120913 ], [ -70.888584698761946, -53.1620948215133 ], [ -70.88859651919293, -53.162130213879621 ], [ -70.888606109706416, -53.162166605130778 ], [ -70.888606261085499, -53.16216738508777 ], [ -70.888625683786898, -53.162205736856279 ], [ -70.888624214475428, -53.162206005603153 ], [ -70.888640780774807, -53.162237210860908 ], [ -70.888658519304215, -53.162304887483529 ], [ -70.888663266517312, -53.16234050126814 ], [ -70.888665102816518, -53.162345830332164 ], [ -70.888678143115399, -53.162400277969432 ], [ -70.888678864466158, -53.162405572123141 ], [ -70.888686397698677, -53.16243840202484 ], [ -70.88868553722817, -53.162438473302629 ], [ -70.888697505523439, -53.162500583957119 ], [ -70.888697751726625, -53.162506190516922 ], [ -70.888698544947729, -53.162524253802459 ], [ -70.888700840234861, -53.162535224620029 ], [ -70.888705035772901, -53.162591665048566 ], [ -70.88870569337692, -53.162591654617898 ], [ -70.888706649889812, -53.162613436233435 ], [ -70.888707294567368, -53.162626256786019 ], [ -70.888710066285853, -53.162647562239357 ], [ -70.888712538931401, -53.16265932177167 ], [ -70.888713828526463, -53.162664893620466 ], [ -70.888717333899422, -53.162678763577155 ], [ -70.888720220628215, -53.162685822213753 ], [ -70.888723962924118, -53.162701520597039 ], [ -70.88873939158978, -53.162725137517825 ], [ -70.888745648439993, -53.162735787917086 ], [ -70.88876693832843, -53.162768975719608 ], [ -70.888769358551173, -53.162771713073134 ], [ -70.888832151930629, -53.16286817641501 ], [ -70.88885652626081, -53.162970717938805 ], [ -70.888857029496791, -53.162982176507384 ], [ -70.888865478114965, -53.1630160297454 ], [ -70.888871894585591, -53.163051053332666 ], [ -70.888872561837317, -53.16305673619555 ], [ -70.888876389150909, -53.163084821937368 ], [ -70.888878392738178, -53.163093553336331 ], [ -70.888879127133094, -53.163096599193857 ], [ -70.888883812183622, -53.16311513621838 ], [ -70.88888549458234, -53.163121793017545 ], [ -70.888894927697805, -53.163148253887343 ], [ -70.888896467565417, -53.163151580149368 ], [ -70.888897496287839, -53.163153667080543 ], [ -70.888907205462331, -53.163167570420882 ], [ -70.888923567504534, -53.16319587582943 ], [ -70.888923606021152, -53.163195867216835 ], [ -70.888945911700986, -53.163231796006571 ], [ -70.888961913211347, -53.163248260727322 ], [ -70.888970360245608, -53.163255456633905 ], [ -70.888986896569577, -53.16326850490826 ], [ -70.888990661471681, -53.163271260843629 ], [ -70.889057264892884, -53.163328585468797 ], [ -70.889061802175632, -53.163333221569999 ], [ -70.889092323054044, -53.163371774618142 ], [ -70.889113549575768, -53.163393718071262 ], [ -70.889147653655201, -53.163417639673057 ], [ -70.889200170798119, -53.163447887437343 ], [ -70.889282407593257, -53.163517702169472 ], [ -70.8893411426141, -53.163595617036407 ], [ -70.889362365290111, -53.163632845795561 ], [ -70.889372673943853, -53.163652369650819 ], [ -70.889377733915225, -53.163662769201842 ], [ -70.889378080112678, -53.163663498596478 ], [ -70.889397662214833, -53.163695605749609 ], [ -70.889428986539102, -53.163727171093832 ], [ -70.889457449055158, -53.163746361032068 ], [ -70.889460460623184, -53.163748077641216 ], [ -70.8894862399369, -53.163762775224342 ], [ -70.889524924433559, -53.163784826916505 ], [ -70.889555004352275, -53.163801974315618 ], [ -70.889580782424076, -53.16381666938095 ], [ -70.889606552534559, -53.163831359892036 ], [ -70.889609609226156, -53.163833102213644 ], [ -70.889661260112803, -53.163857959573299 ], [ -70.889690407721147, -53.163870082259294 ], [ -70.889745396033405, -53.163895704489619 ], [ -70.889809598977635, -53.163920122983924 ], [ -70.889832214149337, -53.163926682474141 ], [ -70.889832869616342, -53.16392594887121 ], [ -70.889843784547878, -53.163929471208085 ], [ -70.889901845850275, -53.163945712761105 ], [ -70.889901151607788, -53.163946609079495 ], [ -70.889951595907178, -53.163961333512191 ], [ -70.889964302128803, -53.163964062221012 ], [ -70.889986605882413, -53.163969120437564 ], [ -70.889990861600225, -53.163969765930844 ], [ -70.890002187619274, -53.163972198186997 ], [ -70.890022584192849, -53.16397678076973 ], [ -70.890095225073509, -53.163993829673039 ], [ -70.890122643302291, -53.163998785104447 ], [ -70.890213126350105, -53.164009967497286 ], [ -70.890232203441201, -53.164010236104545 ], [ -70.890236318568839, -53.164010170780053 ], [ -70.890351046399971, -53.164015901571609 ], [ -70.890351111340436, -53.164015432222698 ], [ -70.890472954318213, -53.164021518260228 ], [ -70.890478487399307, -53.164021430415588 ], [ -70.890550997994666, -53.164022393862929 ], [ -70.890560115715914, -53.164022781522114 ], [ -70.890573679085421, -53.164023305918931 ], [ -70.890712031113296, -53.164036559209642 ], [ -70.890728394469633, -53.164039089965307 ], [ -70.890740507728736, -53.164040834640673 ], [ -70.890746116031849, -53.164041583239147 ], [ -70.890784526930418, -53.164045267213126 ], [ -70.890824982381758, -53.164046136761662 ], [ -70.890826432924982, -53.164046113728205 ], [ -70.890872748088285, -53.164046239926023 ], [ -70.890917232017799, -53.164047189591159 ], [ -70.890940124976439, -53.164046826049535 ], [ -70.890973351129489, -53.164046298408302 ], [ -70.891019835229699, -53.164046428878713 ], [ -70.891060990881641, -53.164047313659545 ], [ -70.891085145745294, -53.164046124315966 ], [ -70.891094558225006, -53.164044607638765 ], [ -70.891185069043345, -53.164035518209381 ], [ -70.891200000770738, -53.164032058125308 ], [ -70.891202808254278, -53.164031281704681 ], [ -70.891237549169716, -53.164022305781458 ], [ -70.891282070578555, -53.164011596122556 ], [ -70.8913237291586, -53.163998292291289 ], [ -70.891443860420367, -53.163967676486202 ], [ -70.891571018602832, -53.163950077661347 ], [ -70.891701331246921, -53.163946031746868 ], [ -70.891711181888354, -53.163946243506707 ], [ -70.891775670158182, -53.163949920237897 ], [ -70.891775721345155, -53.163949628310476 ], [ -70.891829626803215, -53.16395304465334 ], [ -70.891846395319732, -53.163953616789001 ], [ -70.891877453004994, -53.16395389941173 ], [ -70.89188235177032, -53.163953821579803 ], [ -70.891975216595185, -53.16395581744225 ], [ -70.89198981342129, -53.163956679215403 ], [ -70.892002368056708, -53.16395729221076 ], [ -70.892025321672079, -53.163958179431205 ], [ -70.892076128384275, -53.16395875650344 ], [ -70.892076094896623, -53.163959821337599 ], [ -70.892155329296259, -53.163962964434866 ], [ -70.892155475685342, -53.163962068627171 ], [ -70.892165930896709, -53.163962685836552 ], [ -70.892212318400411, -53.163963682716684 ], [ -70.892222695668693, -53.163963517812469 ], [ -70.8922645375537, -53.163962853796782 ], [ -70.892277378913391, -53.163962649370532 ], [ -70.892332201146758, -53.163959948666836 ], [ -70.89237352297458, -53.163958603571494 ], [ -70.892381659925618, -53.163958474256994 ], [ -70.892415146550604, -53.163957942073175 ], [ -70.892448633174524, -53.163957409879941 ], [ -70.892448639918953, -53.163957563151648 ], [ -70.892452736532164, -53.163957267616752 ], [ -70.892496160340869, -53.163956720968464 ], [ -70.892533418894587, -53.163956809927683 ], [ -70.892607312646987, -53.163958093128329 ], [ -70.892607213584668, -53.163960152551475 ], [ -70.892702061635177, -53.163966338380988 ], [ -70.892788517284686, -53.163969629159183 ], [ -70.892796720760629, -53.163969498758853 ], [ -70.89284320476574, -53.163969628518146 ], [ -70.892871582302348, -53.163970238216621 ], [ -70.89294000761187, -53.163973603593682 ], [ -70.892964162659453, -53.16397546570996 ], [ -70.892974389906243, -53.163975984519496 ], [ -70.893061975422413, -53.163983586001201 ], [ -70.893071282261303, -53.163984735108464 ], [ -70.893086573036186, -53.163986155985967 ], [ -70.893108562997256, -53.163987733509032 ], [ -70.893140438293273, -53.16399043960454 ], [ -70.893204386524431, -53.163996715137749 ], [ -70.89323258657511, -53.163996945653274 ], [ -70.893276086950081, -53.163999904540205 ], [ -70.893317045762913, -53.164003382479805 ], [ -70.893346521510153, -53.164006387309733 ], [ -70.893395737123541, -53.164011404381434 ], [ -70.893465589079312, -53.164017704665909 ], [ -70.893465555746232, -53.164017837806682 ], [ -70.893528619604155, -53.164023735330588 ], [ -70.893556434291966, -53.164027322408955 ], [ -70.893629392579427, -53.164039694511928 ], [ -70.893629579670119, -53.164039329666693 ], [ -70.893630869103248, -53.16403956844885 ], [ -70.893706274160621, -53.164048574548396 ], [ -70.893710833599528, -53.164048855816176 ], [ -70.893713518152737, -53.164048917053371 ], [ -70.893839540233387, -53.164059654398386 ], [ -70.893839868281276, -53.164058641519127 ], [ -70.893861259932294, -53.164061143478463 ], [ -70.89389448639983, -53.164064105241486 ], [ -70.893907270386578, -53.164064893840042 ], [ -70.893919563232132, -53.164065570135058 ], [ -70.893919543617415, -53.164065698832218 ], [ -70.893983812845434, -53.164070643274599 ], [ -70.893984657528691, -53.164070732691279 ], [ -70.893997774679136, -53.164072193958987 ], [ -70.89400424344241, -53.164072950565078 ], [ -70.894054424663778, -53.164076722997116 ], [ -70.894063942823323, -53.164077047557981 ], [ -70.894085462100222, -53.164077242986984 ], [ -70.894121375528087, -53.164078088273968 ], [ -70.894226358347908, -53.164082079722633 ], [ -70.894226303608647, -53.164082599708316 ], [ -70.894274615183491, -53.164083852156885 ], [ -70.89429197923188, -53.164085033115136 ], [ -70.894310006522289, -53.164085237484088 ], [ -70.894310010408176, -53.164085111734259 ], [ -70.89436081727689, -53.16408568783001 ], [ -70.894389917206851, -53.164085224878548 ], [ -70.89439673294325, -53.164085116445811 ], [ -70.894450057293255, -53.16408541132553 ], [ -70.894477717042335, -53.16408615756972 ], [ -70.894486513171373, -53.164086426155038 ], [ -70.894532446156049, -53.164087991453421 ], [ -70.894567279022667, -53.164089179076541 ], [ -70.894598336806169, -53.164089460988535 ], [ -70.894620470607478, -53.164089108817855 ], [ -70.894627144324176, -53.164089002631613 ], [ -70.89468910344327, -53.164089560364602 ], [ -70.894702239922225, -53.164090006302999 ], [ -70.89471501989054, -53.164090506192004 ], [ -70.894746650115152, -53.164091906912375 ], [ -70.894754253188836, -53.164092267015818 ], [ -70.894783341082473, -53.164093734522858 ], [ -70.894793440461925, -53.164094161349674 ], [ -70.894826732851897, -53.164095296450618 ], [ -70.894892453337178, -53.164099293349921 ], [ -70.894962474528782, -53.164105439922899 ], [ -70.894979221122313, -53.164105946605389 ], [ -70.894983976881051, -53.16410609955166 ], [ -70.895021668866832, -53.164107384581349 ], [ -70.895042191942039, -53.164108254609701 ], [ -70.895069723727701, -53.164109650792568 ], [ -70.895077131067197, -53.164110026397481 ], [ -70.895139291080866, -53.164114761939182 ], [ -70.895168274873768, -53.164117716159879 ], [ -70.895172766147596, -53.16411794388398 ], [ -70.895176861746478, -53.16411813798728 ], [ -70.895198196952038, -53.16411907813589 ], [ -70.895254041063893, -53.164119862095383 ], [ -70.895254019799694, -53.164120408160898 ], [ -70.895291648536059, -53.164120936387462 ], [ -70.895329307077716, -53.164122595769641 ], [ -70.895399997501684, -53.164127753890007 ], [ -70.895430723385289, -53.164130894382275 ], [ -70.895447450739468, -53.164130848745373 ], [ -70.895592270410816, -53.164147869704266 ], [ -70.895612064531193, -53.164151444990935 ], [ -70.89562166657231, -53.16415264691944 ], [ -70.895633609452133, -53.164154240521697 ], [ -70.895657837916488, -53.164157729114685 ], [ -70.895675294686583, -53.164160428249893 ], [ -70.895694021082249, -53.164163323662699 ], [ -70.89571575992619, -53.164166272617059 ], [ -70.895733055834469, -53.164168295247705 ], [ -70.895752314683591, -53.164170705854573 ], [ -70.895776420174386, -53.164173922438948 ], [ -70.895775924585124, -53.164175263719301 ], [ -70.895817603863932, -53.164181532587598 ], [ -70.895817830101464, -53.164180983797991 ], [ -70.89592323114087, -53.164196674873345 ], [ -70.896001799652169, -53.164205385510876 ], [ -70.896008658152354, -53.164205737700648 ], [ -70.896036921807223, -53.164206983012988 ], [ -70.896055312688986, -53.164207930512077 ], [ -70.896056582349843, -53.164208005415254 ], [ -70.896102970170901, -53.164209000776474 ], [ -70.896125768965618, -53.16420863773719 ], [ -70.89615876402577, -53.164208112328723 ], [ -70.896226109151101, -53.164209557263874 ], [ -70.896226114212027, -53.164209471862854 ], [ -70.896300954780429, -53.164211077629673 ], [ -70.896320616217395, -53.164211655300917 ], [ -70.89635488253623, -53.164212933957735 ], [ -70.896368101371621, -53.164213190318506 ], [ -70.896518192694785, -53.164225322812165 ], [ -70.896522131674715, -53.164225889954722 ], [ -70.896549759353078, -53.164229576412737 ], [ -70.896583467981884, -53.164234074236447 ], [ -70.896605013968156, -53.164236949141575 ], [ -70.896615771905942, -53.164238498045748 ], [ -70.896636508620816, -53.164240695809447 ], [ -70.896726503143654, -53.164253730495616 ], [ -70.896739238571584, -53.164256085001014 ], [ -70.896748616669328, -53.164257258669458 ], [ -70.896772027662664, -53.164259996219847 ], [ -70.896791286607041, -53.164262406657755 ], [ -70.896806708326466, -53.164264464381795 ], [ -70.896824158013331, -53.164266532144758 ], [ -70.896841491973731, -53.164268329963953 ], [ -70.896889717294016, -53.164272046141278 ], [ -70.89688965803667, -53.164272323904711 ], [ -70.896910315846895, -53.164273915745156 ], [ -70.896910348111817, -53.164273772191308 ], [ -70.896937721054229, -53.164275996077038 ], [ -70.896992112372999, -53.164281650707416 ], [ -70.89704602093515, -53.164288495442904 ], [ -70.89708726227208, -53.164294471100227 ], [ -70.897102622950186, -53.164296975780424 ], [ -70.897106163393943, -53.164297630707722 ], [ -70.897167783859032, -53.164305719987198 ], [ -70.897210571056675, -53.164312136773724 ], [ -70.897223615685846, -53.164314340564097 ], [ -70.897314621361332, -53.164323278150093 ], [ -70.897317697175509, -53.164323492744323 ], [ -70.897324116630458, -53.164324106017361 ], [ -70.897400559980838, -53.164333894210372 ], [ -70.897422332847228, -53.164337406110505 ], [ -70.897427394190586, -53.164337997954128 ], [ -70.897448856810058, -53.164340248921732 ], [ -70.897448783573978, -53.164340501374987 ], [ -70.897502344300477, -53.164347538990619 ], [ -70.897509296243356, -53.164347851754876 ], [ -70.897626295705763, -53.164358764123726 ], [ -70.897632503261036, -53.164359650294195 ], [ -70.89763671209424, -53.164359887371454 ], [ -70.897651129935198, -53.164359866992513 ], [ -70.897665058542387, -53.164360672909538 ], [ -70.897736199219409, -53.164366875356357 ], [ -70.897754202513411, -53.164368980372075 ], [ -70.897763878745479, -53.164370111718739 ], [ -70.897870278851556, -53.164387840757684 ], [ -70.897917441313723, -53.164392766418288 ], [ -70.897943582688939, -53.164394674085401 ], [ -70.897950832418729, -53.164395368132347 ], [ -70.898027028443948, -53.164405132265891 ], [ -70.898045559520767, -53.164408121138585 ], [ -70.898054465692852, -53.164409162423702 ], [ -70.898126625410882, -53.164420801082187 ], [ -70.898126866923974, -53.164420287197622 ], [ -70.89813621005743, -53.164421873621848 ], [ -70.898149798578615, -53.164424538668008 ], [ -70.898155561811976, -53.164425468215995 ], [ -70.898167456474724, -53.164427934688234 ], [ -70.898167421887436, -53.164427995026834 ], [ -70.898193195659388, -53.164433049892459 ], [ -70.89829617314652, -53.164456029839187 ], [ -70.898327869915121, -53.164464080488742 ], [ -70.898334110807056, -53.164465239943958 ], [ -70.898341472114936, -53.164466607469741 ], [ -70.898394269078679, -53.164471166205921 ], [ -70.898431403622965, -53.164474948353494 ], [ -70.8987254502741, -53.164509496705818 ], [ -70.898750426633711, -53.164510749559675 ], [ -70.898924653363238, -53.16453224515891 ], [ -70.898980410260904, -53.164543412508792 ], [ -70.899002037157629, -53.16454676740625 ], [ -70.899028512384106, -53.164551187679393 ], [ -70.899057650223938, -53.164556401065724 ], [ -70.899075478862457, -53.164559768156387 ], [ -70.899116608620602, -53.164565440383122 ], [ -70.899166917229252, -53.164573496145906 ], [ -70.899170375934986, -53.164574128221062 ], [ -70.899214201425792, -53.164583036728281 ], [ -70.899245825098745, -53.164590127299327 ], [ -70.899261190318612, -53.164593203699745 ], [ -70.89928028505777, -53.164596689290036 ], [ -70.899281262651371, -53.164596850811421 ], [ -70.899368189814538, -53.164614725126185 ], [ -70.899387341606996, -53.164619471615318 ], [ -70.899418807285372, -53.164627783332165 ], [ -70.899436447997729, -53.164632737055015 ], [ -70.899447372384557, -53.164635790677508 ], [ -70.899499980107052, -53.164647881543331 ], [ -70.899503233818422, -53.164648539535193 ], [ -70.899610346393914, -53.164665583887285 ], [ -70.899725166664069, -53.164680132475667 ], [ -70.899811235537129, -53.164698837854203 ], [ -70.899810812410479, -53.164699541014322 ], [ -70.899874057675447, -53.164709843066369 ], [ -70.899940319687659, -53.164723131986335 ], [ -70.899940410654921, -53.164722976436579 ], [ -70.899984206843612, -53.164732230367548 ], [ -70.899999495872166, -53.164735039250893 ], [ -70.900026700919256, -53.164740011276884 ], [ -70.900040535380072, -53.164742186963359 ], [ -70.900128905242369, -53.164759680241019 ], [ -70.90012937580093, -53.164759793385599 ], [ -70.900133532894472, -53.164760625656839 ], [ -70.900158559928187, -53.164765059349364 ], [ -70.900190936679024, -53.16477006397956 ], [ -70.900195664962339, -53.164770774571828 ], [ -70.900269614447382, -53.164777143225862 ], [ -70.900345733019378, -53.164781791845726 ], [ -70.900389112171723, -53.164785897632271 ], [ -70.900459044878005, -53.164794591222403 ], [ -70.900467795749918, -53.164795943812244 ], [ -70.900472662593145, -53.164796675197962 ], [ -70.900486213111463, -53.164798653616359 ], [ -70.900501338411146, -53.164801144894632 ], [ -70.900564465763622, -53.164809834477118 ], [ -70.900568773007251, -53.164810235396722 ], [ -70.90058148622137, -53.164811486165895 ], [ -70.900592554509601, -53.164812634084107 ], [ -70.900642049063819, -53.164816413359858 ], [ -70.900642010323892, -53.16481659630692 ], [ -70.900651989943739, -53.16481730370684 ], [ -70.900651998883561, -53.164817258881016 ], [ -70.900699013653053, -53.164820662440263 ], [ -70.90076170705315, -53.1648251609694 ], [ -70.90076614755165, -53.164825327348609 ], [ -70.900922202351055, -53.164841264171734 ], [ -70.901069178362434, -53.164876585461784 ], [ -70.901166347017679, -53.164915895883723 ], [ -70.901167599123099, -53.164914845393696 ], [ -70.901214189781342, -53.164934901828886 ], [ -70.901235557378357, -53.1649413875625 ], [ -70.901312370716909, -53.164960939826969 ], [ -70.901312609608368, -53.164961010364557 ], [ -70.90134363237506, -53.164969650870525 ], [ -70.901343500366195, -53.164969822090953 ], [ -70.901411229047341, -53.164990798528692 ], [ -70.901419699587777, -53.164993791089586 ], [ -70.901454540083279, -53.165006887376862 ], [ -70.901467912584422, -53.165012226684048 ], [ -70.901484967161977, -53.165018782054752 ], [ -70.9014975772958, -53.165023874334494 ], [ -70.901501246350733, -53.165025337308165 ], [ -70.901503404370914, -53.165026186710051 ], [ -70.901539578095296, -53.16503830337799 ], [ -70.901560369504125, -53.165045532964349 ], [ -70.901565661427142, -53.165047442024914 ], [ -70.901578847365869, -53.165051982070615 ], [ -70.901594258251052, -53.165057041031901 ], [ -70.901598691004892, -53.165058472926482 ], [ -70.901603508589531, -53.165060004134673 ], [ -70.901679115041787, -53.165088326048853 ], [ -70.901729722555828, -53.165105145812269 ], [ -70.901770097489475, -53.165120363231622 ], [ -70.9017704227482, -53.165120049120965 ], [ -70.901844760657781, -53.165147843755321 ], [ -70.901844609291317, -53.165147989932088 ], [ -70.901875029780598, -53.165159057664162 ], [ -70.901978152147876, -53.165200622384127 ], [ -70.901982973926323, -53.165202230829053 ], [ -70.901985541755991, -53.165203134992204 ], [ -70.902004891686374, -53.165210187306272 ], [ -70.902014022208832, -53.165213629690548 ], [ -70.902032002851172, -53.165219843564365 ], [ -70.902057457790093, -53.165226283463518 ], [ -70.902062413764781, -53.165226457653901 ], [ -70.902100196728995, -53.165228364560726 ], [ -70.902175522405642, -53.165233324967602 ], [ -70.902175239001764, -53.165234879558881 ], [ -70.902213349441453, -53.165236153566973 ], [ -70.902360368017014, -53.165259594526589 ], [ -70.902496451742692, -53.165300429561483 ], [ -70.90251284676684, -53.16530667543978 ], [ -70.902536847348571, -53.165312789819438 ], [ -70.902539403673828, -53.165313433517937 ], [ -70.902622039833687, -53.16533794020598 ], [ -70.902640961340722, -53.165344452007069 ], [ -70.902656949853551, -53.165349424733279 ], [ -70.902658338024835, -53.165349857565246 ], [ -70.902664730283291, -53.165351855983609 ], [ -70.90270746833103, -53.165366305924437 ], [ -70.902766881382064, -53.165387964785111 ], [ -70.902778897715493, -53.165391295726401 ], [ -70.902801804816704, -53.16539524021055 ], [ -70.902828617499523, -53.165400186044039 ], [ -70.902886738551473, -53.165411627929196 ], [ -70.903019294272369, -53.165446583895573 ], [ -70.903030320753871, -53.165450294389458 ], [ -70.903038906174586, -53.16545269369054 ], [ -70.903038796924349, -53.165452834790379 ], [ -70.903043579163736, -53.165453862584279 ], [ -70.903098585186981, -53.165469507523866 ], [ -70.903098908327138, -53.165469578419632 ], [ -70.903101601777308, -53.165470172983824 ], [ -70.903105028917395, -53.165470933925242 ], [ -70.903147367000997, -53.165481228187126 ], [ -70.903169764707044, -53.165487158667901 ], [ -70.903187989388599, -53.165491669879934 ], [ -70.903232475524476, -53.165499722864404 ], [ -70.903259064311257, -53.165504863499571 ], [ -70.903262611565097, -53.165505593477093 ], [ -70.903290859916723, -53.165509649029801 ], [ -70.903303123850691, -53.165510095022583 ], [ -70.903322355032714, -53.165510944090414 ], [ -70.903326026379602, -53.165511134806046 ], [ -70.903396022962013, -53.165519713009182 ], [ -70.903396476084566, -53.165518059502794 ], [ -70.903474167576519, -53.165525748663185 ], [ -70.903477882600299, -53.165525709326502 ], [ -70.903538612316069, -53.1655286399875 ], [ -70.903573644094294, -53.16553083063674 ], [ -70.903598658054804, -53.165532753652577 ], [ -70.903708945550136, -53.165546367805838 ], [ -70.903731014073614, -53.165550151910857 ], [ -70.903879412807584, -53.165586313705532 ], [ -70.904011596491074, -53.165640634820463 ], [ -70.904121503343973, -53.165710623946353 ], [ -70.904204092734972, -53.16579307138165 ], [ -70.904255576846367, -53.165884195994977 ], [ -70.90426796904967, -53.165917493454195 ], [ -70.904297754427787, -53.165928766725052 ], [ -70.904485159030486, -53.165985050266492 ], [ -70.904498387241915, -53.165988676593336 ], [ -70.904548762452464, -53.166003890293318 ], [ -70.904557297495003, -53.166006715006432 ], [ -70.904569855309944, -53.166010486007444 ], [ -70.90457542962568, -53.166012060195271 ], [ -70.904613290480285, -53.166023550811687 ], [ -70.904625252460491, -53.166027440842292 ], [ -70.904644942567927, -53.166033399971091 ], [ -70.904646116915089, -53.166033729661955 ], [ -70.904669220106825, -53.166040508887129 ], [ -70.904672142213869, -53.166041404089597 ], [ -70.904691767316677, -53.166047638193213 ], [ -70.90470766326311, -53.166052870606507 ], [ -70.904736603985128, -53.166062332463092 ], [ -70.904774495274552, -53.16607362663737 ], [ -70.904774413208969, -53.166073726127145 ], [ -70.904828194997066, -53.16609025358315 ], [ -70.904830755124067, -53.166091140007481 ], [ -70.904844352399252, -53.16609596360076 ], [ -70.904882578488511, -53.166109853267926 ], [ -70.904896207730673, -53.166114010142586 ], [ -70.904895988248271, -53.166114269974877 ], [ -70.904968466351548, -53.166137347567435 ], [ -70.905003436306757, -53.166150419269179 ], [ -70.905012601991785, -53.166153294457438 ], [ -70.905024634578638, -53.166156932751512 ], [ -70.905029589011733, -53.166158403374254 ], [ -70.90504203757979, -53.1661620297971 ], [ -70.905103413600983, -53.166182089493347 ], [ -70.905117967403356, -53.166187389986241 ], [ -70.905125824313927, -53.166190156370938 ], [ -70.905171032037956, -53.166204452823159 ], [ -70.905170926665448, -53.16620457327452 ], [ -70.905204938138723, -53.166215228932359 ], [ -70.90521914497738, -53.166220143335003 ], [ -70.905226790452161, -53.166222607955994 ], [ -70.905361473109792, -53.166278198074892 ], [ -70.905385337843683, -53.166290557472919 ], [ -70.905415218917923, -53.166306898540235 ], [ -70.905427821624244, -53.166314174157662 ], [ -70.905429502724559, -53.166315054675955 ], [ -70.905469588363999, -53.166337662048569 ], [ -70.90549474353702, -53.166352932151788 ], [ -70.90551584225183, -53.166364953596883 ], [ -70.905530251052127, -53.16637338732734 ], [ -70.905552939668496, -53.166387029497599 ], [ -70.905560143691559, -53.166391246142119 ], [ -70.905586591610557, -53.166406315367801 ], [ -70.905611788069592, -53.166419439635312 ], [ -70.905628545251403, -53.166427409889288 ], [ -70.905674194186631, -53.166450977902663 ], [ -70.905705986099989, -53.166468776887022 ], [ -70.905726359416846, -53.166479328258163 ], [ -70.905740982389034, -53.16648710375248 ], [ -70.905777222900753, -53.166506886856887 ], [ -70.905794348874835, -53.166516199411888 ], [ -70.905839910576361, -53.166543192638748 ], [ -70.905840005759558, -53.166543254139263 ], [ -70.905884938975618, -53.166568318950624 ], [ -70.905929280287012, -53.16659178804224 ], [ -70.905936490611779, -53.1665959798394 ], [ -70.905947542140211, -53.166602150115445 ], [ -70.906015230388505, -53.166638440949548 ], [ -70.906019683325056, -53.166640847655621 ], [ -70.90606451776361, -53.16666527574057 ], [ -70.906075782704562, -53.16667154130532 ], [ -70.90610109856479, -53.166685914507973 ], [ -70.906123391746945, -53.166699112922885 ], [ -70.906139154801295, -53.166708844179546 ], [ -70.90628650617893, -53.166791804290789 ], [ -70.906291291280809, -53.16679443717662 ], [ -70.906297855679071, -53.166798092665843 ], [ -70.906470986617578, -53.16689566759382 ], [ -70.906493212251064, -53.166908180951395 ], [ -70.906557223123031, -53.166937131476018 ], [ -70.907216109004878, -53.167173137516038 ], [ -70.907265983951049, -53.167190652666577 ], [ -70.907278424496553, -53.16719511924596 ], [ -70.907294921370848, -53.167201173410987 ], [ -70.907299248032643, -53.167202737158298 ], [ -70.907317968350526, -53.167209400331167 ], [ -70.907328363290517, -53.167212966358882 ], [ -70.907344126076168, -53.167218174664463 ], [ -70.907347138127676, -53.167219175349217 ], [ -70.907398754317484, -53.167236416662128 ], [ -70.90741696663197, -53.167242385972727 ], [ -70.907477653997276, -53.167264587515803 ], [ -70.907510558175602, -53.167277952308034 ], [ -70.907561184240876, -53.167295972891601 ], [ -70.90756643313874, -53.167297806856936 ], [ -70.907661800719652, -53.167330508007595 ], [ -70.907669218627092, -53.167332984930091 ], [ -70.907696322724291, -53.167341794912424 ], [ -70.907737441850387, -53.167356195011976 ], [ -70.907744918081463, -53.167359008411673 ], [ -70.907780078657638, -53.167371063915539 ], [ -70.907810671839883, -53.167381454707098 ], [ -70.907816463668553, -53.167383540959413 ], [ -70.907856320819533, -53.167397207287401 ], [ -70.9078795457674, -53.167404598271972 ], [ -70.907910969968952, -53.167416119414511 ], [ -70.907911095178946, -53.167415987584469 ], [ -70.907943079791607, -53.16742695464103 ], [ -70.907984170105308, -53.167439723778131 ], [ -70.907984082325612, -53.16743982587905 ], [ -70.908006389928701, -53.167446623954532 ], [ -70.908013833419105, -53.167449083094077 ], [ -70.908043030830484, -53.167458654223779 ], [ -70.908082411803164, -53.167472516998849 ], [ -70.908085677703795, -53.167473748611151 ], [ -70.908133661223019, -53.167489928401139 ], [ -70.908133643942222, -53.167489946928917 ], [ -70.908164365953098, -53.167500071153405 ], [ -70.908191970495608, -53.167510036115516 ], [ -70.908197878220037, -53.167512191158224 ], [ -70.908275694673705, -53.167540873598604 ], [ -70.908285888779474, -53.167544498773346 ], [ -70.908349734579772, -53.167566390153461 ], [ -70.908362387341754, -53.167570536302108 ], [ -70.908477273600681, -53.167606474377024 ], [ -70.9084865834364, -53.167609288282186 ], [ -70.908529563051204, -53.167621830778764 ], [ -70.908564016534854, -53.167632557700806 ], [ -70.908606854305646, -53.167646753922007 ], [ -70.908634754842623, -53.167655107961941 ], [ -70.908664442288298, -53.167663086407615 ], [ -70.908690484683277, -53.167670449787536 ], [ -70.908714383945963, -53.16767754794801 ], [ -70.908857170632544, -53.167717504960521 ], [ -70.908900350443005, -53.167730625895523 ], [ -70.90891030530922, -53.167733898106441 ], [ -70.908912598803113, -53.167734655118345 ], [ -70.908938077672929, -53.167743099784254 ], [ -70.908949621555337, -53.167746769255587 ], [ -70.908951862674485, -53.167747451855234 ], [ -70.908994424044778, -53.16776147588434 ], [ -70.908996503542795, -53.167762214837808 ], [ -70.90902847323801, -53.167774238956966 ], [ -70.909061124548757, -53.167787219346266 ], [ -70.909104207904861, -53.167804051895473 ], [ -70.909113058140122, -53.167807399878406 ], [ -70.909142255451229, -53.167818099959362 ], [ -70.909155753367799, -53.167823165876221 ], [ -70.909210644965327, -53.167844258056348 ], [ -70.909230687226795, -53.167852235017321 ], [ -70.909294394039051, -53.16787848540752 ], [ -70.909323746804603, -53.167891218688169 ], [ -70.909344067637036, -53.167900491740468 ], [ -70.909354508625668, -53.167905087174915 ], [ -70.909582378861558, -53.16800178504878 ], [ -70.909589592630411, -53.168004770756561 ], [ -70.90963112464182, -53.168021532784998 ], [ -70.909646234739029, -53.168027794162896 ], [ -70.909721645016745, -53.168059870528367 ], [ -70.909728208714725, -53.168062599723036 ], [ -70.90977943942417, -53.168083419052493 ], [ -70.909795440323222, -53.168089928829822 ], [ -70.9098183118507, -53.168099613749646 ], [ -70.909836072971686, -53.168107437494093 ], [ -70.909848663141702, -53.16811274778113 ], [ -70.9098763629475, -53.168123926804832 ], [ -70.909901668128683, -53.168134602187301 ], [ -70.909939807836281, -53.168151409797126 ], [ -70.909944481683027, -53.168153486367437 ], [ -70.91000412161047, -53.168180199625098 ], [ -70.910038753812344, -53.168195416389239 ], [ -70.910043309483413, -53.1681973820195 ], [ -70.910054065219768, -53.168201946272163 ], [ -70.910080265894194, -53.168212415394464 ], [ -70.910079939666389, -53.168212710213744 ], [ -70.910115915954833, -53.168227554314115 ], [ -70.910139211964534, -53.168238078557259 ], [ -70.910141992273608, -53.168239258205659 ], [ -70.910152551949821, -53.168243577994026 ], [ -70.910180602345719, -53.1682546364245 ], [ -70.910216649403012, -53.168268808752451 ], [ -70.910270611640868, -53.16829214690943 ], [ -70.910295725355894, -53.168304061395183 ], [ -70.910311239939674, -53.168311037425042 ], [ -70.910371875462744, -53.168336856239875 ], [ -70.91043510611739, -53.168363395700851 ], [ -70.910440015580519, -53.168365420102589 ], [ -70.910494976551448, -53.168387693295458 ], [ -70.910508836343055, -53.168393447597289 ], [ -70.910552811513369, -53.168412148307233 ], [ -70.91055419502004, -53.168412738098489 ], [ -70.910588072047176, -53.168427213860305 ], [ -70.91059277565958, -53.168429191211374 ], [ -70.910601463931471, -53.168432784339366 ], [ -70.910642867395552, -53.168451712563403 ], [ -70.910643125895547, -53.16845151314044 ], [ -70.91067513132235, -53.168466494329408 ], [ -70.910690239973349, -53.168473052828219 ], [ -70.910698892429096, -53.168476698129794 ], [ -70.910739222860926, -53.168493183446365 ], [ -70.910756324120896, -53.168500385515841 ], [ -70.910799804221853, -53.168519246380015 ], [ -70.910821919045276, -53.168529218273655 ], [ -70.91082672615606, -53.168531470415083 ], [ -70.910847786510431, -53.168540647824926 ], [ -70.910859512155454, -53.168545392346616 ], [ -70.910890842257842, -53.168558785340949 ], [ -70.910938262112424, -53.168580180671128 ], [ -70.9109678751323, -53.168592694950078 ], [ -70.910968281566369, -53.168592851606718 ], [ -70.911013326115125, -53.168611649257969 ], [ -70.911055774131384, -53.168630786870125 ], [ -70.911076216995156, -53.16863938239004 ], [ -70.911101179177791, -53.168650385607499 ], [ -70.911111403786009, -53.168654736132723 ], [ -70.911134994839017, -53.16866442148249 ], [ -70.911189013036548, -53.168688820927009 ], [ -70.911189491577076, -53.168689058149994 ], [ -70.911209756380345, -53.168698422861944 ], [ -70.911230234747578, -53.16870723337999 ], [ -70.911235235695273, -53.16870932155264 ], [ -70.911250681135314, -53.168715946950002 ], [ -70.911257133384268, -53.168718789782929 ], [ -70.911260552275735, -53.168720278231845 ], [ -70.911306996558707, -53.168740259932946 ], [ -70.911312714034509, -53.168742671500745 ], [ -70.911313903342787, -53.168743163256295 ], [ -70.911326270301473, -53.168748388054965 ], [ -70.911342462805194, -53.16875537707601 ], [ -70.911349230536544, -53.168758332796649 ], [ -70.911357594508345, -53.168762028803059 ], [ -70.911437346275079, -53.168796340763905 ], [ -70.911439049858515, -53.168797075819633 ], [ -70.911493639190496, -53.168820701311496 ], [ -70.911521232846709, -53.168830549347568 ], [ -70.911547661886758, -53.168830653742859 ], [ -70.911578710523571, -53.168827222332467 ], [ -70.911607551723861, -53.168815798033286 ], [ -70.911632604186565, -53.168801230396433 ], [ -70.911750552119145, -53.168745271323381 ], [ -70.911884737669183, -53.168704613043616 ], [ -70.912029741576248, -53.168680897708761 ], [ -70.912179708291475, -53.168675082853618 ], [ -70.912328581689806, -53.168687403272976 ], [ -70.912470349829846, -53.168717361518475 ], [ -70.912476545774524, -53.168719108944209 ], [ -70.912551987384944, -53.168744595275868 ], [ -70.912552512040691, -53.168744072857905 ], [ -70.912599100514228, -53.168760968334034 ], [ -70.91263149763526, -53.168772420472017 ], [ -70.912639652819038, -53.168775513507818 ], [ -70.912664419133534, -53.16878532469849 ], [ -70.912674401970051, -53.168789452411396 ], [ -70.912689308744049, -53.168795778348446 ], [ -70.912703928560731, -53.168802144675361 ], [ -70.91273118526415, -53.168812954892296 ], [ -70.912741087539985, -53.168816519105469 ], [ -70.912753806163522, -53.168820913582394 ], [ -70.912814049746046, -53.168844100704796 ], [ -70.912872018373946, -53.168868839164105 ], [ -70.912881149928467, -53.168872798565289 ], [ -70.912883130760591, -53.168873671108123 ], [ -70.912920571288211, -53.168891290875109 ], [ -70.912942843601598, -53.168902476813969 ], [ -70.912963217553852, -53.168913090066788 ], [ -70.912994915021429, -53.168930213006824 ], [ -70.912995921761905, -53.168930733661369 ], [ -70.913016950071494, -53.168941425579646 ], [ -70.913018782417552, -53.168942360382935 ], [ -70.91302787990567, -53.168947016281095 ], [ -70.913082103458891, -53.168971526206398 ], [ -70.913081370939707, -53.168972111393849 ], [ -70.913145651609497, -53.169002176199072 ], [ -70.913153791944055, -53.16900662845481 ], [ -70.913164794747118, -53.169012405694886 ], [ -70.913199702401783, -53.169028412431302 ], [ -70.913258550256316, -53.169055209896747 ], [ -70.913261235514454, -53.169056271065962 ], [ -70.913268336312385, -53.169059112181621 ], [ -70.913300816889389, -53.169072269300955 ], [ -70.913304367365612, -53.16907368985644 ], [ -70.913321393765955, -53.16908041842116 ], [ -70.913337845934507, -53.169087109818598 ], [ -70.913358480642387, -53.169095744573475 ], [ -70.913381690597944, -53.169105859511845 ], [ -70.913393322614937, -53.169111136184767 ], [ -70.913401489402503, -53.169114894105746 ], [ -70.913422302651782, -53.169124608626632 ], [ -70.91343226504317, -53.169129100544055 ], [ -70.913439696131064, -53.169132336423253 ], [ -70.913469469930462, -53.1691459974883 ], [ -70.913499444238056, -53.169160478951142 ], [ -70.913537290895931, -53.169180048890652 ], [ -70.913554483122638, -53.169189557162717 ], [ -70.913596967588944, -53.169209219511927 ], [ -70.913623199727027, -53.169222463109456 ], [ -70.913630514191468, -53.169226204323571 ], [ -70.91363522796388, -53.169228646834874 ], [ -70.913669780330324, -53.169248697713783 ], [ -70.913670075719622, -53.169248510457997 ], [ -70.913675507783722, -53.169251604569794 ], [ -70.91368751958889, -53.169258992033207 ], [ -70.913695829554882, -53.169263814275872 ], [ -70.913704167613488, -53.169269230703513 ], [ -70.913715570572236, -53.169276243601345 ], [ -70.913738775084752, -53.169291654460231 ], [ -70.913755965038973, -53.169301536568533 ], [ -70.913780768220661, -53.169315558575235 ], [ -70.913786300013598, -53.16931871805911 ], [ -70.913793951664132, -53.16932313308272 ], [ -70.913816541624954, -53.169334070290567 ], [ -70.913841488068172, -53.169342600513446 ], [ -70.913858021690402, -53.169346902542671 ], [ -70.913863639315977, -53.169348252278063 ], [ -70.913989244757332, -53.169387061876286 ], [ -70.914100466801102, -53.169439370302015 ], [ -70.914110164667704, -53.16944489412878 ], [ -70.914135129155966, -53.169459113690131 ], [ -70.914160019476483, -53.169473972410167 ], [ -70.914172854826589, -53.169482002899834 ], [ -70.914183361186147, -53.169487921897009 ], [ -70.914189845951, -53.169491619144345 ], [ -70.914196450220501, -53.169495429729572 ], [ -70.914198626389449, -53.169496669253078 ], [ -70.914249603304981, -53.169528718378771 ], [ -70.914267375316243, -53.169541056634735 ], [ -70.91433328896801, -53.169571793305181 ], [ -70.91435014150079, -53.169578903293029 ], [ -70.914387863877224, -53.169596605552542 ], [ -70.914411919640173, -53.169605899251302 ], [ -70.914424329188861, -53.169611821075875 ], [ -70.914424444420646, -53.169611875414468 ], [ -70.914472587392865, -53.169632119071366 ], [ -70.914485849544292, -53.169637833884806 ], [ -70.914514743511788, -53.169648611442604 ], [ -70.914522808718019, -53.169651662732818 ], [ -70.914562866315137, -53.169667032637221 ], [ -70.914573852565368, -53.169671183349209 ], [ -70.914572691127077, -53.169672293389318 ], [ -70.914689031373655, -53.169724401656261 ], [ -70.914696492604122, -53.169728605618708 ], [ -70.914699433801175, -53.169730271842525 ], [ -70.914702210077408, -53.169731853149742 ], [ -70.914718076617433, -53.169740388213576 ], [ -70.914728067756116, -53.169745462241458 ], [ -70.914729670150265, -53.16974625794581 ], [ -70.914764800898737, -53.169764845344972 ], [ -70.914772510920031, -53.169769189511243 ], [ -70.914775452122811, -53.169770855733113 ], [ -70.914775850949439, -53.169771082895494 ], [ -70.914794891823377, -53.169781146282901 ], [ -70.914812760362409, -53.169789316401349 ], [ -70.914821390304155, -53.169792993146011 ], [ -70.914820856845566, -53.169793445229374 ], [ -70.914856703742601, -53.169808531661602 ], [ -70.914867721409379, -53.169813759272969 ], [ -70.914918738632579, -53.169840296961127 ], [ -70.914923411583175, -53.169842958549758 ], [ -70.914963785654763, -53.169865954527758 ], [ -70.914978062428048, -53.169874086182006 ], [ -70.914990036500129, -53.169880906277726 ], [ -70.91500185706218, -53.169887638935123 ], [ -70.915016133849861, -53.169895770584638 ], [ -70.915030410642927, -53.16990390223237 ], [ -70.915031797334294, -53.169904692051347 ], [ -70.915084351104724, -53.169937838300719 ], [ -70.915086603567346, -53.169939412379506 ], [ -70.915094798877277, -53.169945641238293 ], [ -70.915125184177825, -53.169964699356576 ], [ -70.915127662973987, -53.169966111200765 ], [ -70.915134348594478, -53.169969870259017 ], [ -70.915141351767616, -53.169973859043822 ], [ -70.915148204819175, -53.169977813021596 ], [ -70.915151203556832, -53.169979524071081 ], [ -70.915163410873802, -53.169986413132278 ], [ -70.915169408359773, -53.169989835410064 ], [ -70.915176509891026, -53.16999393283551 ], [ -70.915180011404601, -53.169995927182988 ], [ -70.915186697034287, -53.169999686238199 ], [ -70.915189922683041, -53.170001523461323 ], [ -70.915213183483019, -53.170013840551896 ], [ -70.915233217709186, -53.170024843592941 ], [ -70.915257786836108, -53.170038837324299 ], [ -70.915270597535539, -53.170046064066256 ], [ -70.915276696948268, -53.170049543857388 ], [ -70.915283710810513, -53.17005359063112 ], [ -70.915309246439463, -53.170068146901471 ], [ -70.915313302461769, -53.17007045706621 ], [ -70.915336967702544, -53.17008296434188 ], [ -70.915347759503476, -53.17008888565946 ], [ -70.915380252436123, -53.170105441809241 ], [ -70.915393758899285, -53.170111049381461 ], [ -70.915424478107383, -53.170121794845755 ], [ -70.915446533245245, -53.170129977365654 ], [ -70.915471103196836, -53.17013757514016 ], [ -70.91547700468675, -53.170139231128616 ], [ -70.915547613886901, -53.170158219852915 ], [ -70.915604384201728, -53.170175792710936 ], [ -70.915684203329562, -53.170204403985075 ], [ -70.915713388356181, -53.170216402888947 ], [ -70.91572299948163, -53.170220421160174 ], [ -70.915730180839503, -53.170223473911769 ], [ -70.91575804488933, -53.170235046325004 ], [ -70.915759004417396, -53.170235466302316 ], [ -70.91578917944851, -53.170249394283566 ], [ -70.915795513867167, -53.170252475131647 ], [ -70.91580319334409, -53.170256139496118 ], [ -70.91580943842618, -53.170259159565887 ], [ -70.915833026741453, -53.170269629187487 ], [ -70.915874562727751, -53.170289471151925 ], [ -70.915905967876313, -53.170305598638365 ], [ -70.915934568727494, -53.170321068621483 ], [ -70.915944577439674, -53.170326769089478 ], [ -70.915949565677423, -53.170329610142382 ], [ -70.915978201633521, -53.170343040036656 ], [ -70.916029368989413, -53.17036881729387 ], [ -70.916046595926232, -53.170375881372244 ], [ -70.916092639918858, -53.170396358106345 ], [ -70.916100303499022, -53.170400047341914 ], [ -70.916125407787732, -53.170410389571366 ], [ -70.916163213717638, -53.170427925763846 ], [ -70.916162532049356, -53.170428456388315 ], [ -70.916183701841689, -53.170438837101834 ], [ -70.916184293192956, -53.170438391632885 ], [ -70.916253712909707, -53.17047166722854 ], [ -70.916258269659878, -53.170473436971513 ], [ -70.916289726310126, -53.170487272639022 ], [ -70.91629997793531, -53.170491529326725 ], [ -70.916306529480664, -53.1704943203938 ], [ -70.916390955186458, -53.170536188126583 ], [ -70.91639423437654, -53.170538073094988 ], [ -70.916414756875383, -53.17054903140081 ], [ -70.916415700746882, -53.170549499274955 ], [ -70.916419861862991, -53.170551455909731 ], [ -70.916471486845154, -53.17057809275677 ], [ -70.916483376375808, -53.170584815618319 ], [ -70.91648514611866, -53.17058575245543 ], [ -70.916570477257949, -53.170641630980661 ], [ -70.91657085317236, -53.170641431003638 ], [ -70.916581066231956, -53.170648362267443 ], [ -70.916595408315899, -53.170657952930107 ], [ -70.916598722890782, -53.170660188225938 ], [ -70.916620341271482, -53.170673712842536 ], [ -70.91662179873741, -53.170674551851455 ], [ -70.916625002456414, -53.170676374554802 ], [ -70.916633600685032, -53.170681208588604 ], [ -70.916637113093657, -53.170683196155387 ], [ -70.916649639557733, -53.170690330407481 ], [ -70.916662166025986, -53.170697464658232 ], [ -70.916665657047233, -53.170699465784587 ], [ -70.916674321587124, -53.170704464714362 ], [ -70.916682412292005, -53.170709083587369 ], [ -70.916720735916414, -53.170732626602543 ], [ -70.916722112620107, -53.170733536766996 ], [ -70.916748716892783, -53.17074996661205 ], [ -70.916748691517924, -53.1707499814054 ], [ -70.916750669981354, -53.170751166255805 ], [ -70.916776541498436, -53.170767248715329 ], [ -70.916781315561181, -53.170770095968422 ], [ -70.916794343220317, -53.170778231690818 ], [ -70.916798575423954, -53.170780664388495 ], [ -70.91681273473867, -53.170788734153383 ], [ -70.916819232497559, -53.170792397785391 ], [ -70.916903555015438, -53.170850636246385 ], [ -70.916904810680848, -53.170850052953398 ], [ -70.916934554086254, -53.170873168960327 ], [ -70.91693888288944, -53.170876247689812 ], [ -70.916947795467195, -53.17088235842855 ], [ -70.916954294085301, -53.170886654886665 ], [ -70.916955973297419, -53.170887560808147 ], [ -70.917005894643495, -53.170920331615726 ], [ -70.917011735942737, -53.17092421115008 ], [ -70.917073389118627, -53.170965641421319 ], [ -70.917079517097946, -53.170969131450384 ], [ -70.917115134193594, -53.170989416210425 ], [ -70.917134170930908, -53.171000258060424 ], [ -70.917138225757185, -53.171002567374067 ], [ -70.917163119085359, -53.171017426147138 ], [ -70.91718621017975, -53.171031871413774 ], [ -70.917248936302514, -53.171077894513196 ], [ -70.91724895242082, -53.171077886881399 ], [ -70.917249754433158, -53.171078494858634 ], [ -70.91725910156282, -53.171085352888127 ], [ -70.917272549291425, -53.171094818156277 ], [ -70.917277841443322, -53.171098279916045 ], [ -70.917277677890922, -53.171098370207488 ], [ -70.917280453365052, -53.171099875677832 ], [ -70.917307197013045, -53.171117545385215 ], [ -70.917320540262438, -53.171126603258656 ], [ -70.917343141664105, -53.171142368555486 ], [ -70.917363512519273, -53.171154333120562 ], [ -70.917393252654378, -53.1711725809363 ], [ -70.917392703867975, -53.171172903813563 ], [ -70.917447345156376, -53.171208790818575 ], [ -70.917460163440722, -53.171216758480163 ], [ -70.917531533897701, -53.171272449531813 ], [ -70.917533821437033, -53.171271444860487 ], [ -70.917600804072094, -53.171326512632788 ], [ -70.91762229633126, -53.171341411604125 ], [ -70.917627067777502, -53.171344677197879 ], [ -70.917663889861714, -53.171371958284439 ], [ -70.917691031802349, -53.1713937566224 ], [ -70.917705619901255, -53.171404175360408 ], [ -70.917717536107162, -53.171413435713063 ], [ -70.917735775973483, -53.171426407404027 ], [ -70.917744688778996, -53.171432518080529 ], [ -70.917754478347049, -53.17143899008353 ], [ -70.917754233978499, -53.171439123573236 ], [ -70.917785603370803, -53.171458178032303 ], [ -70.917814945499032, -53.171480066507996 ], [ -70.917839802937749, -53.171501918056833 ], [ -70.917844949103824, -53.171505660491441 ], [ -70.917899824049897, -53.171551067524867 ], [ -70.917915076010971, -53.171565505035709 ], [ -70.917913412057061, -53.171566139688075 ], [ -70.917952446032345, -53.171599244676372 ], [ -70.917969475291642, -53.171624636992178 ], [ -70.917971485131176, -53.171624051520851 ], [ -70.917989250533651, -53.171646068779857 ], [ -70.918004267003028, -53.17166645203924 ], [ -70.918017824274187, -53.171683925980901 ], [ -70.918034814831003, -53.171699805794198 ], [ -70.918079496740134, -53.171736333562535 ], [ -70.91809915371141, -53.171751841813119 ], [ -70.918147527336629, -53.171794973824397 ], [ -70.918150718649201, -53.17179820874837 ], [ -70.918157721620062, -53.171806717557892 ], [ -70.918168506768808, -53.171817585620197 ], [ -70.918197563707338, -53.171849780098306 ], [ -70.918199144859159, -53.171851716284735 ], [ -70.918231167019258, -53.171897057662136 ], [ -70.91823763145976, -53.171907815505435 ], [ -70.918239293113487, -53.171910117210423 ], [ -70.918257788825258, -53.171931118777572 ], [ -70.918259772859656, -53.171933073557128 ], [ -70.918267858167056, -53.171940466545891 ], [ -70.918273912039297, -53.171945060313583 ], [ -70.918348056098196, -53.172013200781038 ], [ -70.918400522616068, -53.172088260920475 ], [ -70.918429589641931, -53.172167777209239 ], [ -70.918430661083363, -53.172172879996111 ], [ -70.918431717833045, -53.172179363703655 ], [ -70.918450055017814, -53.172221424102538 ], [ -70.918455707159083, -53.172241958344891 ], [ -70.918473114571015, -53.172279836464767 ], [ -70.918475137902149, -53.172286162009414 ], [ -70.918485419615521, -53.172334559276749 ], [ -70.918485706865596, -53.172334541702625 ], [ -70.918485937543622, -53.172335905364221 ], [ -70.918486171795735, -53.172338100237624 ], [ -70.918487045359882, -53.172342212033058 ], [ -70.918488006929678, -53.17235122003121 ], [ -70.918487574051468, -53.172351236714817 ], [ -70.918488210148183, -53.172357195945025 ], [ -70.918496028043307, -53.172393288832502 ], [ -70.918503761151669, -53.172409545272473 ], [ -70.918505511258417, -53.172414200632183 ], [ -70.918508530916014, -53.172418948820194 ], [ -70.918523530689413, -53.172444884509218 ], [ -70.918524540380218, -53.172446819199159 ], [ -70.918531357138704, -53.172460653682386 ], [ -70.918531728318342, -53.172461453978002 ], [ -70.918558911650152, -53.172570042863903 ], [ -70.918559354546971, -53.172579967805937 ], [ -70.91855979154262, -53.172589760501637 ], [ -70.918560288675579, -53.172600900816001 ], [ -70.918560785808864, -53.172612041130321 ], [ -70.918561218796199, -53.17262174398472 ], [ -70.918561780076445, -53.172634321758899 ], [ -70.918562213064348, -53.172644024613255 ], [ -70.918562521708694, -53.172650941041425 ], [ -70.918565232348513, -53.172668000337353 ], [ -70.91856736334951, -53.172712270071749 ], [ -70.918567502853548, -53.17271226782421 ], [ -70.918567999990714, -53.172723408138275 ], [ -70.918568432981431, -53.172733110992446 ], [ -70.918567745777921, -53.172733122063917 ], [ -70.918567249862747, -53.172741094631562 ], [ -70.918564981598934, -53.172741043696917 ], [ -70.918564066654127, -53.172801365831837 ], [ -70.918544675295763, -53.172851878062126 ], [ -70.918548126221495, -53.172852347695148 ], [ -70.918545555840538, -53.172859167016554 ], [ -70.918535272089443, -53.172876372187069 ], [ -70.918527563105215, -53.172896452960345 ], [ -70.91852490285244, -53.172901037141749 ], [ -70.918521016084725, -53.172900222907941 ], [ -70.918483992711401, -53.172962164271929 ], [ -70.918458782166397, -53.172992217581438 ], [ -70.918451311330983, -53.17300045121771 ], [ -70.91844846241014, -53.173004519680021 ], [ -70.918448178976917, -53.173004857616888 ], [ -70.918441574263412, -53.173015661282811 ], [ -70.918393603707855, -53.173061765216225 ], [ -70.918364302270376, -53.173096506194881 ], [ -70.918347484922378, -53.173124834916528 ], [ -70.918328200333306, -53.173169160584848 ], [ -70.918305816094573, -53.173199867798246 ], [ -70.918306315137869, -53.17319998904393 ], [ -70.918298520872526, -53.173211575882839 ], [ -70.918270068637625, -53.173248873834012 ], [ -70.918262207138255, -53.173258048771011 ], [ -70.918219255159627, -53.173298020947108 ], [ -70.918221295569424, -53.173298799750178 ], [ -70.918166877838885, -53.173350271871811 ], [ -70.918156651679325, -53.173366050532138 ], [ -70.918138959662571, -53.173390318238923 ], [ -70.918137337459896, -53.173389891332633 ], [ -70.918040276091631, -53.173490845287745 ], [ -70.918021360642555, -53.173505368100109 ], [ -70.918017240755759, -53.173510183011103 ], [ -70.918015168423409, -53.173514387209039 ], [ -70.918019808607539, -53.173548515702308 ], [ -70.91803252267907, -53.173605075480019 ], [ -70.918020815343894, -53.173698675821129 ], [ -70.917977001236295, -53.173788773039483 ], [ -70.917902992022533, -53.173871435837242 ], [ -70.917881212434281, -53.173890639037054 ], [ -70.917876385313392, -53.17390386595136 ], [ -70.917874939428813, -53.173924746395549 ], [ -70.917875068082395, -53.173927630300014 ], [ -70.917879589396037, -53.173949237550886 ], [ -70.917892257693211, -53.173972082770042 ], [ -70.917902816122393, -53.173985689711934 ], [ -70.917935745359514, -53.174056495500714 ], [ -70.917949018628818, -53.174129579775141 ], [ -70.917949148510786, -53.174132491080961 ], [ -70.91794983389353, -53.174147853935295 ], [ -70.917950330896645, -53.174158994250689 ], [ -70.917950767778663, -53.174168786947277 ], [ -70.917951012208263, -53.174174265826245 ], [ -70.917951702112305, -53.174178607954104 ], [ -70.917954818448152, -53.174209271654753 ], [ -70.917955101059874, -53.174215606361443 ], [ -70.917956311492929, -53.17422357976254 ], [ -70.917959134784979, -53.174252357013948 ], [ -70.917959503420136, -53.174260619893516 ], [ -70.917959978543408, -53.174271269675401 ], [ -70.917965681508804, -53.174308836490177 ], [ -70.917967302918967, -53.174316580125854 ], [ -70.917968524809879, -53.17432427022883 ], [ -70.917969573394274, -53.174328696215824 ], [ -70.917969232628138, -53.174328725349298 ], [ -70.917970540060708, -53.174336954318527 ], [ -70.917968262456299, -53.174337084952292 ], [ -70.917979332523444, -53.17440871415679 ], [ -70.917956363417815, -53.174510010991597 ], [ -70.917895881850413, -53.174605567039713 ], [ -70.917871068602224, -53.174634386235432 ], [ -70.917868720264906, -53.174638687477575 ], [ -70.917865577540553, -53.174649020256638 ], [ -70.917863134106398, -53.174683782484898 ], [ -70.917863564757852, -53.174686532870297 ], [ -70.917866801105234, -53.174708764620974 ], [ -70.917869377031749, -53.174735878283244 ], [ -70.917869933996442, -53.174748362892672 ], [ -70.917870130669456, -53.174752771402723 ], [ -70.917870637645294, -53.174755797019209 ], [ -70.917871116733224, -53.174758754306893 ], [ -70.917877250160714, -53.174797957039189 ], [ -70.917891397826338, -53.174827931966846 ], [ -70.917905225861858, -53.174867150220528 ], [ -70.917908061889221, -53.174872841165403 ], [ -70.91790905317032, -53.174878005033285 ], [ -70.917912327811791, -53.174887292158637 ], [ -70.917915041614251, -53.174898762777786 ], [ -70.917913070621267, -53.174898931087604 ], [ -70.917919198341849, -53.174930850281214 ], [ -70.917920699294612, -53.174930768478632 ], [ -70.917925579721583, -53.174963098490167 ], [ -70.917927990846806, -53.17502236844296 ], [ -70.917927308162845, -53.175032228527435 ], [ -70.91789154551914, -53.175152047345215 ], [ -70.917887556127241, -53.175159445568561 ], [ -70.917887239057208, -53.175168944726408 ], [ -70.917887395043991, -53.175169526422103 ], [ -70.917901490060345, -53.175196617658315 ], [ -70.917909965354951, -53.175215278397303 ], [ -70.91794572084136, -53.175277633637769 ], [ -70.917946256785044, -53.175279148280048 ], [ -70.91796233846398, -53.175360553585357 ], [ -70.917962876380813, -53.175372610368818 ], [ -70.917963313284957, -53.175382403063317 ], [ -70.917963317209072, -53.175382491017892 ], [ -70.917969759275678, -53.175413162287036 ], [ -70.91797630309874, -53.175427224609578 ], [ -70.917982276950639, -53.175433978679322 ], [ -70.918050121009557, -53.175492968865534 ], [ -70.918108798982843, -53.175575113899406 ], [ -70.918139253505544, -53.175662611925063 ], [ -70.918140279004703, -53.175752000599367 ], [ -70.918111834931182, -53.175839742602356 ], [ -70.918055046661777, -53.175922365785929 ], [ -70.917972161241039, -53.175996600727615 ], [ -70.917866458586147, -53.176059509654735 ], [ -70.917742121288128, -53.176108603271018 ], [ -70.917550601475085, -53.176168768592028 ], [ -70.917522262053083, -53.176179765096897 ], [ -70.917520631787283, -53.176180689415425 ], [ -70.917503019533513, -53.176194087373368 ], [ -70.917502647144772, -53.17619447807612 ], [ -70.917510657941705, -53.176205650066663 ], [ -70.917522507882339, -53.176216139531178 ], [ -70.917587010636325, -53.176200611166493 ], [ -70.917587738707368, -53.176201702856574 ], [ -70.917677775966297, -53.176180290985968 ], [ -70.917826360046476, -53.176164523613316 ], [ -70.91797718769908, -53.176166993809829 ], [ -70.918124121418828, -53.176187601011755 ], [ -70.91826118139663, -53.176225506715703 ], [ -70.918382790157679, -53.176279168203649 ], [ -70.918483998773354, -53.176346401780435 ], [ -70.918560688332008, -53.176424471401162 ], [ -70.918600687831116, -53.176494382625194 ], [ -70.918600720456183, -53.176494375985996 ], [ -70.91860362357933, -53.176499513721957 ], [ -70.918609737719706, -53.176510199957626 ], [ -70.918609906197773, -53.176510632027721 ], [ -70.918628752630951, -53.176543984808227 ], [ -70.918641007892987, -53.176567828621728 ], [ -70.918655816869375, -53.1765997601225 ], [ -70.918680262380406, -53.176680163166807 ], [ -70.918680063305146, -53.176761896663351 ], [ -70.918655226151216, -53.176842256409998 ], [ -70.918606572346775, -53.17691858403888 ], [ -70.918581426803655, -53.176943342731271 ], [ -70.918559825466602, -53.176973071671711 ], [ -70.918558507848573, -53.176976629072684 ], [ -70.91855834062666, -53.176981834524007 ], [ -70.918560447485177, -53.176992631081589 ], [ -70.918560907962686, -53.177008021196151 ], [ -70.918567843896312, -53.177023998904914 ], [ -70.918608731518319, -53.177089645071085 ], [ -70.918609180076757, -53.177089559536647 ], [ -70.918611984460512, -53.177094867885835 ], [ -70.918615305254775, -53.177100199382302 ], [ -70.918615655415294, -53.177101064208742 ], [ -70.91862804842691, -53.177117308855323 ], [ -70.918642469287988, -53.177129862204765 ], [ -70.918657100636565, -53.177139973197484 ], [ -70.918668944023651, -53.177149277697644 ], [ -70.918699035706467, -53.177174701123612 ], [ -70.918706188423855, -53.177181211490236 ], [ -70.918713375929869, -53.177187880968582 ], [ -70.918716962344064, -53.177191274219645 ], [ -70.918728072732677, -53.177201147220252 ], [ -70.918731847524057, -53.177204311862241 ], [ -70.918740460873579, -53.177211484584966 ], [ -70.918743924390981, -53.177214327074587 ], [ -70.918745727365788, -53.177215504920831 ], [ -70.918772832327917, -53.177237095486859 ], [ -70.918775949725074, -53.177239203897393 ], [ -70.918780327065292, -53.177242051621633 ], [ -70.918783139866008, -53.177243900346923 ], [ -70.918796101432633, -53.177251869968714 ], [ -70.918813251902066, -53.177262773511153 ], [ -70.918813834353074, -53.177263156385493 ], [ -70.918814730524673, -53.177263748540447 ], [ -70.918828173111933, -53.177271960616274 ], [ -70.918829597020064, -53.177272832955509 ], [ -70.918852892522153, -53.177287141918541 ], [ -70.918889653652968, -53.177306088460618 ], [ -70.918889629418075, -53.177306105393768 ], [ -70.918891943439576, -53.177307242996982 ], [ -70.918906808553601, -53.177314951506801 ], [ -70.918932640226842, -53.177328990689062 ], [ -70.918935030526598, -53.177330351916702 ], [ -70.918972499765346, -53.177349380255983 ], [ -70.919095047879097, -53.177428672601827 ], [ -70.919100163025874, -53.177432908258041 ], [ -70.919101231440592, -53.177433795223386 ], [ -70.919107743428398, -53.177439215085094 ], [ -70.919112270445808, -53.177443024534917 ], [ -70.919115890055267, -53.177446104277266 ], [ -70.919122299934642, -53.177451328530367 ], [ -70.919155091108905, -53.177476322645788 ], [ -70.919158837975999, -53.177478796888501 ], [ -70.91916442017191, -53.177482382099249 ], [ -70.919170285499689, -53.177486064520387 ], [ -70.919175177240689, -53.177489066760067 ], [ -70.919183276161789, -53.177493888164349 ], [ -70.919188311682788, -53.177496795843112 ], [ -70.919191853242836, -53.17749881433447 ], [ -70.91919940167503, -53.177503060491148 ], [ -70.919209751511019, -53.177508738383565 ], [ -70.919209519344392, -53.177508891098931 ], [ -70.919292883754892, -53.177561693456411 ], [ -70.91930413680555, -53.177570144672707 ], [ -70.919315973298737, -53.177577881264035 ], [ -70.919323297430012, -53.177582211044047 ], [ -70.919342121990823, -53.177592193508154 ], [ -70.919343347822974, -53.177592798507163 ], [ -70.919345051244221, -53.177593642960026 ], [ -70.919385366905331, -53.177611941293577 ], [ -70.919383741256624, -53.177613234086714 ], [ -70.919477815464361, -53.177661510109672 ], [ -70.919519986830451, -53.177688222349587 ], [ -70.919575443168881, -53.17772765878221 ], [ -70.919577047400225, -53.177728942581858 ], [ -70.919583057751623, -53.17773362239771 ], [ -70.919588965833981, -53.177738099775588 ], [ -70.919591473505562, -53.177740010670377 ], [ -70.919591704225923, -53.177740187482264 ], [ -70.919619500373912, -53.17776292290651 ], [ -70.919619942639059, -53.177763309565009 ], [ -70.919637793122405, -53.177779731991698 ], [ -70.919639830403625, -53.177781564607699 ], [ -70.919657849382617, -53.177796632761847 ], [ -70.919661916901532, -53.177799848667682 ], [ -70.919663869988369, -53.177801427847449 ], [ -70.919670996421843, -53.177807005538725 ], [ -70.919671127304596, -53.177807104752787 ], [ -70.919688903502944, -53.177821132470235 ], [ -70.91971430061534, -53.177842011689691 ], [ -70.919779290617257, -53.177906048557631 ], [ -70.919825647557403, -53.177975687512337 ], [ -70.919852079753312, -53.178048988642701 ], [ -70.919853439418787, -53.178055246642579 ], [ -70.91986222944071, -53.178070099336153 ], [ -70.919872058168039, -53.178079557479961 ], [ -70.919896567663159, -53.178095705833471 ], [ -70.919899208608328, -53.178097557573111 ], [ -70.919979447211219, -53.178146208373903 ], [ -70.92009162532608, -53.178233431879214 ], [ -70.920095579772905, -53.178237441483695 ], [ -70.920101600598727, -53.178243347869433 ], [ -70.920112929279156, -53.178254841281955 ], [ -70.9201213961571, -53.178263730052322 ], [ -70.920123793894234, -53.17826606310804 ], [ -70.920124976834416, -53.178267218115025 ], [ -70.920126170751175, -53.178268387689577 ], [ -70.920135052724547, -53.178276374484604 ], [ -70.92019187749159, -53.178337221391793 ], [ -70.920230310918626, -53.178399340202319 ], [ -70.920240050205209, -53.17841254775076 ], [ -70.920243172006238, -53.178416841482338 ], [ -70.920251655379772, -53.178428677538726 ], [ -70.920263117922289, -53.178440565892686 ], [ -70.920280113682566, -53.178454777198375 ], [ -70.920278973197213, -53.178455269481312 ], [ -70.920361282713756, -53.178537232422663 ], [ -70.920381557112293, -53.178564139575847 ], [ -70.920385205191067, -53.178567664753992 ], [ -70.920384715479031, -53.178567847697252 ], [ -70.920405064614286, -53.178590937051027 ], [ -70.920481411987765, -53.178663434842484 ], [ -70.920484063489141, -53.178665327216414 ], [ -70.920547694084917, -53.178718069784175 ], [ -70.92056984876622, -53.178739554843837 ], [ -70.92057105808648, -53.17874065997291 ], [ -70.92058557530973, -53.178754279618445 ], [ -70.92058811926367, -53.178756544675764 ], [ -70.920590438129395, -53.178758621863686 ], [ -70.920591032998047, -53.178759157908495 ], [ -70.920604843127435, -53.178770556864102 ], [ -70.920606553215535, -53.178771974251212 ], [ -70.920622721711368, -53.178785429886155 ], [ -70.920633501272732, -53.178794641666208 ], [ -70.92064640969771, -53.178805971816452 ], [ -70.920657666894144, -53.178816146783923 ], [ -70.920664320792554, -53.178822342048505 ], [ -70.920664577634952, -53.17882256401932 ], [ -70.92066759864413, -53.178825126251766 ], [ -70.92075564708064, -53.178924010771119 ], [ -70.920762557132605, -53.178934839149385 ], [ -70.920767880399268, -53.178941550890379 ], [ -70.920789653128907, -53.178964731130208 ], [ -70.92081019860322, -53.17898819629233 ], [ -70.920811571313834, -53.178989883171312 ], [ -70.920858234995094, -53.17906261421934 ], [ -70.920859190313848, -53.179064602091564 ], [ -70.920864856896458, -53.179075234836048 ], [ -70.920875969324072, -53.17909220369102 ], [ -70.92087848427073, -53.179095807997129 ], [ -70.920881770430185, -53.179100709521599 ], [ -70.920880443004251, -53.179101030677899 ], [ -70.920889130947387, -53.179111660720636 ], [ -70.920897882683079, -53.179125774212196 ], [ -70.920898433412532, -53.179126665196222 ], [ -70.920899073355244, -53.179127703984882 ], [ -70.920907136017576, -53.17913912665167 ], [ -70.920906742571319, -53.179139226859398 ], [ -70.920937221506108, -53.179187579079311 ], [ -70.920941136723371, -53.179195251151562 ], [ -70.920941519784904, -53.179195866221811 ], [ -70.920946700622153, -53.179203953742963 ], [ -70.920948293629081, -53.179206397310331 ], [ -70.920960106620541, -53.179222558562095 ], [ -70.920960936354078, -53.179223581252778 ], [ -70.920963595598479, -53.179226894632059 ], [ -70.920972211912201, -53.179236828335178 ], [ -70.920979787792632, -53.17924580648895 ], [ -70.920986377964979, -53.179253838100458 ], [ -70.92098669961058, -53.179254217439301 ], [ -70.920997028184487, -53.179265505643222 ], [ -70.921005965792872, -53.179274075954744 ], [ -70.921009222267585, -53.179277026819328 ], [ -70.921007321543186, -53.179277783827416 ], [ -70.921076149010872, -53.17934973166696 ], [ -70.921081819991286, -53.179357564394614 ], [ -70.921084229895271, -53.179360930522279 ], [ -70.921086197231901, -53.179363709691522 ], [ -70.921089607456139, -53.1793682687359 ], [ -70.921120636227755, -53.179406758816299 ], [ -70.921133901116775, -53.179425498054044 ], [ -70.921134897791475, -53.179426669631717 ], [ -70.921153477702276, -53.17945016518437 ], [ -70.921159158574568, -53.179457920609693 ], [ -70.921163401698792, -53.179462735573743 ], [ -70.921176992014665, -53.179478941226762 ], [ -70.921189670927674, -53.179494851675614 ], [ -70.921203227207144, -53.179508902563455 ], [ -70.92120350546206, -53.179508816620043 ], [ -70.92120564639832, -53.179511317605453 ], [ -70.92120617140651, -53.17951195429994 ], [ -70.92120706414228, -53.179512879593609 ], [ -70.921211123692842, -53.179517959952371 ], [ -70.921215629613059, -53.179523424290203 ], [ -70.921217052743131, -53.179525217249207 ], [ -70.921225212507338, -53.179534117999694 ], [ -70.921236887064765, -53.179551279142252 ], [ -70.921238736715367, -53.179552958412216 ], [ -70.921293983396154, -53.179633702227342 ], [ -70.921301255348965, -53.179648198466531 ], [ -70.921315990363325, -53.179665024237671 ], [ -70.921361533511686, -53.179728423777611 ], [ -70.921390370373942, -53.179795266595512 ], [ -70.921393209873457, -53.179804820294443 ], [ -70.921395291281726, -53.179809480784769 ], [ -70.921402845582037, -53.179822715669687 ], [ -70.921405477436025, -53.179826887721788 ], [ -70.92140795982246, -53.179830886509372 ], [ -70.921418500598804, -53.179846387025854 ], [ -70.921424431170806, -53.179855383874965 ], [ -70.921431091481054, -53.179865814005964 ], [ -70.921433899796796, -53.179870056663468 ], [ -70.921435448487728, -53.179872324544291 ], [ -70.921444456852299, -53.179884534956066 ], [ -70.921449262712031, -53.179890758375464 ], [ -70.92146194464668, -53.179906557263969 ], [ -70.921461907119649, -53.179906568118703 ], [ -70.921465236465011, -53.179910621658557 ], [ -70.921473016908323, -53.179920504979059 ], [ -70.921472856125192, -53.179920550638023 ], [ -70.921490271511516, -53.179943958749021 ], [ -70.9214907942645, -53.179944728898839 ], [ -70.921493901163814, -53.179947682972909 ], [ -70.921536957414858, -53.179998872818928 ], [ -70.921538286018873, -53.180000529114125 ], [ -70.921546454049832, -53.180009042125846 ], [ -70.92155988828145, -53.180023483246252 ], [ -70.921567426503586, -53.180030762841689 ], [ -70.921584947080262, -53.180048584834303 ], [ -70.921589544247581, -53.180053516972201 ], [ -70.921595450208216, -53.180059223658532 ], [ -70.921600039166123, -53.180063546996649 ], [ -70.921601101974531, -53.180064523486735 ], [ -70.921609763915399, -53.180072672138387 ], [ -70.921622800561693, -53.180085232185029 ], [ -70.921628687433511, -53.180090347687646 ], [ -70.921628459845408, -53.180090442254603 ], [ -70.921673717022045, -53.180136054027898 ], [ -70.921674488004371, -53.180135795335566 ], [ -70.921685808514482, -53.180147972107314 ], [ -70.921699403211264, -53.180161370952625 ], [ -70.921704427500401, -53.180166396349193 ], [ -70.921710790682241, -53.180172855985369 ], [ -70.921714987238147, -53.180177028046153 ], [ -70.921718670094108, -53.180180729647617 ], [ -70.921720560671531, -53.180182650456025 ], [ -70.921730792781474, -53.18019246120415 ], [ -70.921734865888439, -53.180196151563145 ], [ -70.921751058154427, -53.180209690187162 ], [ -70.921763002379365, -53.180218768803485 ], [ -70.921762579448838, -53.180218969554858 ], [ -70.921802924162975, -53.18025171879269 ], [ -70.921807104862125, -53.180255529145484 ], [ -70.921823788537452, -53.180269801732507 ], [ -70.921823762100857, -53.180269812947813 ], [ -70.9218278040439, -53.180273197587475 ], [ -70.921850286511315, -53.180292702793629 ], [ -70.921854945238351, -53.180296493473271 ], [ -70.921859572764873, -53.180300322686357 ], [ -70.921865769452495, -53.180305303623655 ], [ -70.921866204897938, -53.180305643812837 ], [ -70.921908643268111, -53.180342448414088 ], [ -70.921916275236185, -53.180349827169543 ], [ -70.921921555967231, -53.180354257557937 ], [ -70.921928880981895, -53.180360514836629 ], [ -70.921937348810488, -53.180367880731055 ], [ -70.921947802908662, -53.180377255341774 ], [ -70.921960431788989, -53.180388108598301 ], [ -70.921978696176524, -53.180402373096015 ], [ -70.921987998968348, -53.180409796177997 ], [ -70.92198913916765, -53.180410725833504 ], [ -70.922004832074748, -53.180422484706085 ], [ -70.922011728499299, -53.180427122231279 ], [ -70.922017670287417, -53.180430987138422 ], [ -70.922020124706023, -53.180432591364784 ], [ -70.922044956236803, -53.180448901223109 ], [ -70.92204519512994, -53.180449049398334 ], [ -70.922063311587848, -53.18046058700093 ], [ -70.922063230290021, -53.180460633086078 ], [ -70.922071526418762, -53.180465888686655 ], [ -70.922089897420122, -53.180477957566119 ], [ -70.922091221357306, -53.180478752363491 ], [ -70.922103400326094, -53.180486236544667 ], [ -70.922119566477051, -53.180496405153107 ], [ -70.922133984223805, -53.180504613351921 ], [ -70.92214657668336, -53.18051178238845 ], [ -70.922159322713753, -53.180519038850839 ], [ -70.922162660024497, -53.180520938819768 ], [ -70.922179713777652, -53.180530962641164 ], [ -70.922186980164568, -53.180535372028018 ], [ -70.922189331283192, -53.180536774371539 ], [ -70.922211484766905, -53.18055056303686 ], [ -70.922212380600328, -53.180551145012856 ], [ -70.922249355201842, -53.18057707340153 ], [ -70.922259718747952, -53.180584925903574 ], [ -70.922278128006567, -53.180597978335619 ], [ -70.922294200213528, -53.180608949048079 ], [ -70.922295237324519, -53.180609621346086 ], [ -70.922309730807854, -53.18061929376578 ], [ -70.922318739551969, -53.180625483745821 ], [ -70.922322978385864, -53.180628346794244 ], [ -70.922329173313926, -53.180632459606045 ], [ -70.922332893082142, -53.180634893101377 ], [ -70.922338438522701, -53.180638467701257 ], [ -70.922354677342128, -53.180649281438036 ], [ -70.922374357826456, -53.180662821933119 ], [ -70.922382114693562, -53.180667867296386 ], [ -70.922399596040336, -53.180678504804391 ], [ -70.922416052821077, -53.18068787373506 ], [ -70.922418148560666, -53.180689066850022 ], [ -70.922460185692074, -53.18071500794629 ], [ -70.9224683097693, -53.180720443231593 ], [ -70.922475334049736, -53.180725210108776 ], [ -70.922498947682612, -53.180741465721241 ], [ -70.922508122, -53.180747180559536 ], [ -70.92251455489415, -53.180751048572965 ], [ -70.92253345803536, -53.180762836560312 ], [ -70.922539304840811, -53.180766385967381 ], [ -70.922569795010801, -53.180786027803443 ], [ -70.922582875324125, -53.180794975886478 ], [ -70.922625856275886, -53.180827260725032 ], [ -70.922642821728971, -53.180841280600553 ], [ -70.922665425237398, -53.18085760508275 ], [ -70.922665423919582, -53.180857605733358 ], [ -70.922665852124382, -53.180857904230372 ], [ -70.922668880052981, -53.180860093282298 ], [ -70.922689430783194, -53.180874950462425 ], [ -70.922689425366386, -53.180874953157122 ], [ -70.922697771445598, -53.180879836417724 ], [ -70.922708190172031, -53.180887296361021 ], [ -70.922719570929658, -53.180895646752575 ], [ -70.922733286025078, -53.180905960129707 ], [ -70.922760551139319, -53.180927790685708 ], [ -70.922763648499142, -53.180930434256858 ], [ -70.922764668584449, -53.180931187291407 ], [ -70.922766676670136, -53.180932631843483 ], [ -70.922786767736, -53.18094773359978 ], [ -70.922799023961048, -53.180957363773523 ], [ -70.922809745229202, -53.180965487093232 ], [ -70.92282083697765, -53.180974103767227 ], [ -70.922821867431551, -53.180974924602673 ], [ -70.922836516111104, -53.180987006805751 ], [ -70.922845418003746, -53.180994611790801 ], [ -70.922851891838192, -53.181000052386679 ], [ -70.922863823254801, -53.181009503491225 ], [ -70.922867079568761, -53.181011943104352 ], [ -70.922875089458316, -53.181018051712364 ], [ -70.922877919625094, -53.181020248896893 ], [ -70.92288301336221, -53.18102411495714 ], [ -70.922885105924806, -53.181025667918277 ], [ -70.922898476868212, -53.181035050914126 ], [ -70.922900427852269, -53.181036346243289 ], [ -70.922908805451854, -53.181041849150567 ], [ -70.922917222935013, -53.181047189762673 ], [ -70.922917547319955, -53.181047388791093 ], [ -70.922931663483567, -53.181056291341747 ], [ -70.922933297862215, -53.181057350744936 ], [ -70.922952957914063, -53.181070610160852 ], [ -70.922974959334852, -53.181086052621311 ], [ -70.922989627745622, -53.181096674057756 ], [ -70.922997980154264, -53.181102914593048 ], [ -70.923001350261544, -53.181105324943921 ], [ -70.923004743994312, -53.181107718100833 ], [ -70.923013071139763, -53.181113507626065 ], [ -70.923017956510236, -53.181116873842413 ], [ -70.923026144133402, -53.181122612215553 ], [ -70.923030943226053, -53.181126033588185 ], [ -70.923077293191312, -53.181162742703947 ], [ -70.92309941226506, -53.181182264155623 ], [ -70.923101888419765, -53.181184345588662 ], [ -70.923106344186678, -53.181188241450762 ], [ -70.923116455800297, -53.181196647721649 ], [ -70.923124049911607, -53.181202660534503 ], [ -70.923132033237181, -53.181209100317901 ], [ -70.923159052164422, -53.181231306610158 ], [ -70.923177679073603, -53.181246434642233 ], [ -70.923188052646154, -53.18125535992867 ], [ -70.92319037486196, -53.181257188333504 ], [ -70.923193848655757, -53.181259945389584 ], [ -70.923201710652222, -53.181266235186882 ], [ -70.923211102205741, -53.181273917108946 ], [ -70.923227042651106, -53.181287249942407 ], [ -70.923231648869844, -53.181290520862646 ], [ -70.923250966821811, -53.181304823087721 ], [ -70.923253318261018, -53.181306638882148 ], [ -70.923269807148429, -53.181319866114656 ], [ -70.923279357024867, -53.18132782804858 ], [ -70.923290587399379, -53.181336789207613 ], [ -70.923312672657843, -53.181355376865611 ], [ -70.923320436514501, -53.181362275373914 ], [ -70.923320541910797, -53.181362363128088 ], [ -70.92332557680804, -53.181366454255112 ], [ -70.92333336760997, -53.181372637126891 ], [ -70.923338506857121, -53.181376622007747 ], [ -70.923350143868433, -53.181385439038422 ], [ -70.923362341837475, -53.181394938923596 ], [ -70.923365077931408, -53.18139712970433 ], [ -70.923371967336251, -53.181402476352503 ], [ -70.92337479550504, -53.181404604330275 ], [ -70.923377346642866, -53.181406163542682 ], [ -70.923380228121019, -53.181408308910264 ], [ -70.923407095865173, -53.181429575825831 ], [ -70.923416216039385, -53.181437258428716 ], [ -70.923422176057059, -53.181441698549484 ], [ -70.923434967118084, -53.181450364772331 ], [ -70.923435916147952, -53.181450974200494 ], [ -70.923440446894332, -53.181453932380698 ], [ -70.923469296666852, -53.181471762000335 ], [ -70.923467878872643, -53.181472589915018 ], [ -70.923540361943566, -53.18152272883993 ], [ -70.923555047903648, -53.181535003202164 ], [ -70.923556089654582, -53.18153582169117 ], [ -70.923565834429269, -53.181543370933831 ], [ -70.923568615457313, -53.181545491846663 ], [ -70.923573628938982, -53.181549263963937 ], [ -70.923581883817008, -53.181555237485746 ], [ -70.923600935479087, -53.181568225937255 ], [ -70.923633567324401, -53.181591368998816 ], [ -70.92364423492306, -53.181598841114933 ], [ -70.923651184936233, -53.181603557517697 ], [ -70.923655165613894, -53.181606215928085 ], [ -70.923659282357178, -53.181608921678695 ], [ -70.923669126925148, -53.18161514867505 ], [ -70.923675183035073, -53.181618835528987 ], [ -70.923674935917035, -53.181618982021192 ], [ -70.92374310187536, -53.181665742939039 ], [ -70.923746951297403, -53.181668808941701 ], [ -70.92375714626526, -53.181677126064784 ], [ -70.92376561883691, -53.181684207113442 ], [ -70.923771825384065, -53.181689224925293 ], [ -70.923790623697926, -53.181702983706415 ], [ -70.923800293571361, -53.181708386380741 ], [ -70.923848780741821, -53.181741419674253 ], [ -70.923847930910981, -53.181741869804931 ], [ -70.923867894687092, -53.181754769398054 ], [ -70.923876193801021, -53.181760863378258 ], [ -70.923877831687392, -53.18176204012903 ], [ -70.923904136124193, -53.181778676356046 ], [ -70.923906486892449, -53.1817800145691 ], [ -70.923931083599143, -53.181794979877168 ], [ -70.923931138419505, -53.181794947434639 ], [ -70.923957320628702, -53.181810878335774 ], [ -70.923964900274328, -53.181815075142843 ], [ -70.92396832569483, -53.181816919964909 ], [ -70.923983120279047, -53.18182449476317 ], [ -70.924061320538058, -53.181870908462471 ], [ -70.924065646828154, -53.181873884307358 ], [ -70.924100114616991, -53.181895890842348 ], [ -70.924109576648732, -53.181901078558582 ], [ -70.924109491892409, -53.18190113432091 ], [ -70.924120869906915, -53.181907378672094 ], [ -70.924125233530845, -53.18190986779107 ], [ -70.924126503867967, -53.18191053657511 ], [ -70.924213347680762, -53.18196461120607 ], [ -70.924237458217902, -53.181982384782401 ], [ -70.924293311360401, -53.182030871108687 ], [ -70.92429405692171, -53.182030585748699 ], [ -70.924296447823892, -53.182032839805366 ], [ -70.924314237169938, -53.18204823715778 ], [ -70.924319200424065, -53.182052275187999 ], [ -70.92432415139109, -53.18205638974657 ], [ -70.924371333690146, -53.18210267220379 ], [ -70.924371514126392, -53.182102607433094 ], [ -70.924377194559142, -53.182108316369693 ], [ -70.924398585988854, -53.182127248861434 ], [ -70.924401168938871, -53.182129249335347 ], [ -70.924406851957386, -53.182134564621236 ], [ -70.924410184094668, -53.182137513812499 ], [ -70.924410059456989, -53.182137564645288 ], [ -70.924472866315071, -53.182196308262 ], [ -70.924523715569194, -53.182269921205915 ], [ -70.924541228947348, -53.182303392700433 ], [ -70.924557192030406, -53.182318065309111 ], [ -70.924581698568716, -53.182328939520609 ], [ -70.924702176342279, -53.182395834324709 ], [ -70.924795481821334, -53.182476897134421 ], [ -70.92480324245065, -53.182485531501221 ], [ -70.924803370626648, -53.182485653229961 ], [ -70.924803356648241, -53.182485658580504 ], [ -70.924805388237118, -53.182487918793903 ], [ -70.924817534810799, -53.182498956842529 ], [ -70.924825104338808, -53.182506595622897 ], [ -70.924840734502212, -53.18252315755084 ], [ -70.924849353681438, -53.182532759000949 ], [ -70.924853188760295, -53.182536924748234 ], [ -70.924857554190112, -53.182541550332999 ], [ -70.924860604281449, -53.182544813795843 ], [ -70.924864478747892, -53.182549000123963 ], [ -70.924918755842413, -53.182622423092425 ], [ -70.924950401664617, -53.182700478394494 ], [ -70.924953083914076, -53.182711183638887 ], [ -70.924970785701433, -53.182741649083013 ], [ -70.925001866344161, -53.182831527666927 ], [ -70.925004242419249, -53.182831286973702 ], [ -70.925008432707983, -53.182846212204439 ], [ -70.925009164812153, -53.18285263304076 ], [ -70.925010535139791, -53.18285659578612 ], [ -70.925011127116917, -53.182861405168275 ], [ -70.925012351422581, -53.182870745291623 ], [ -70.925011235936324, -53.182870798025256 ], [ -70.925018506370549, -53.182934564419583 ], [ -70.924999539823148, -53.183022387706224 ], [ -70.924997524915014, -53.183027611164242 ], [ -70.924968732311683, -53.183084707569009 ], [ -70.924960605987579, -53.183097654085302 ], [ -70.92495332974552, -53.183115909823378 ], [ -70.924952867142252, -53.183115843307881 ], [ -70.924939110504212, -53.183152005941352 ], [ -70.924925096792535, -53.183180441369629 ], [ -70.924917384382937, -53.183217716711127 ], [ -70.924906328480802, -53.183289902473852 ], [ -70.924894403511985, -53.183328524268305 ], [ -70.924894126126247, -53.183335921254624 ], [ -70.92489980309395, -53.183367624862086 ], [ -70.924901271269903, -53.183371660199256 ], [ -70.924902028325818, -53.18337155419173 ], [ -70.924925197239759, -53.18343125755726 ], [ -70.924939900908413, -53.183482296862195 ], [ -70.924942181651332, -53.183494295236969 ], [ -70.924944209111317, -53.183504608465654 ], [ -70.924943634418526, -53.183504649221263 ], [ -70.924950636316254, -53.183546070005868 ], [ -70.924951309509396, -53.183546043032081 ], [ -70.924954116486973, -53.183571296791108 ], [ -70.924957032428793, -53.1835860084148 ], [ -70.924959136427731, -53.183597990136249 ], [ -70.92496143142526, -53.183612982951814 ], [ -70.924961640003417, -53.183614050897901 ], [ -70.92496357356444, -53.183622544871923 ], [ -70.924965196996311, -53.18362878632432 ], [ -70.924966478163043, -53.183633524689654 ], [ -70.924969859520388, -53.183647392936457 ], [ -70.924970782903685, -53.183651641703705 ], [ -70.924972309351475, -53.183658364280952 ], [ -70.924973202992959, -53.183662069329195 ], [ -70.924974840294908, -53.183668480029652 ], [ -70.924976573481501, -53.183674685723538 ], [ -70.924976835994741, -53.183675551049255 ], [ -70.924977231901451, -53.18367668456564 ], [ -70.924978642850689, -53.183681490150541 ], [ -70.924979075561183, -53.183682583243787 ], [ -70.924979744979282, -53.183683878665114 ], [ -70.92498296504786, -53.183693096714428 ], [ -70.924982647598526, -53.183693136728806 ], [ -70.924993886908311, -53.183729330227237 ], [ -70.924999200746853, -53.18375276027497 ], [ -70.925003086165376, -53.183763523479008 ], [ -70.925003886704317, -53.183765915069877 ], [ -70.925007074748009, -53.183776038447903 ], [ -70.925010426097515, -53.183787391794539 ], [ -70.92501683810525, -53.183801944775908 ], [ -70.925029802409099, -53.183833550817653 ], [ -70.925042735982814, -53.18387237247331 ], [ -70.925042979302901, -53.183873317136282 ], [ -70.92504343504757, -53.18387511148169 ], [ -70.925050497227105, -53.183903293108443 ], [ -70.925051332413005, -53.183905642782314 ], [ -70.92506291237045, -53.183948075083777 ], [ -70.925065050161066, -53.183959229663117 ], [ -70.925065481730442, -53.183961192612919 ], [ -70.925069962110584, -53.183987535680089 ], [ -70.925070256052308, -53.183989971241473 ], [ -70.925072233423123, -53.184001874721467 ], [ -70.925074005848884, -53.184009116123477 ], [ -70.925077884133714, -53.184020975391704 ], [ -70.925081343477075, -53.184030157923807 ], [ -70.925086289939514, -53.184041826407835 ], [ -70.925086705511191, -53.184042707150553 ], [ -70.925089819115072, -53.184048959307795 ], [ -70.925091427751696, -53.184052026334548 ], [ -70.925124631137265, -53.184159891369461 ], [ -70.925125244205361, -53.18416597266603 ], [ -70.925127959678917, -53.184190316344036 ], [ -70.925132058120482, -53.184209969489835 ], [ -70.925135198713619, -53.184218156791069 ], [ -70.925139137974824, -53.184228927391466 ], [ -70.92515488633768, -53.184306351960366 ], [ -70.925155213180375, -53.184306337776498 ], [ -70.925155691928794, -53.184310312593965 ], [ -70.925156292119325, -53.18431326303994 ], [ -70.92515643701401, -53.18431649748554 ], [ -70.925158003018851, -53.184329497630877 ], [ -70.925167856919032, -53.184356381016769 ], [ -70.925181756874764, -53.184409504709635 ], [ -70.925201260689448, -53.184459280889641 ], [ -70.925211591044331, -53.184490594229146 ], [ -70.925211651920591, -53.184490820526896 ], [ -70.925213069924411, -53.184496634287996 ], [ -70.925225236606067, -53.184531796297676 ], [ -70.925227755636897, -53.184537400581526 ], [ -70.925233308206629, -53.18455052877146 ], [ -70.925252933168309, -53.184618454420558 ], [ -70.925252918077888, -53.184618374828162 ], [ -70.925252969144282, -53.184618579257553 ], [ -70.925252978164593, -53.18461861021914 ], [ -70.925252980247848, -53.184618623311692 ], [ -70.925256900914349, -53.184634295961224 ], [ -70.925257437062555, -53.184636017081381 ], [ -70.925262791253701, -53.184655581144817 ], [ -70.925267651397235, -53.184676167780985 ], [ -70.925270972744997, -53.184685882712415 ], [ -70.925271219343458, -53.184686459337556 ], [ -70.925279186447412, -53.184707097701605 ], [ -70.925285625192444, -53.184725766751463 ], [ -70.92529322833515, -53.184744725264892 ], [ -70.925293703545421, -53.184745436918988 ], [ -70.925300881721384, -53.184760231572952 ], [ -70.925322457456176, -53.184793137135784 ], [ -70.925322565496018, -53.184793270247916 ], [ -70.925326737900434, -53.184798057619957 ], [ -70.925353570785845, -53.184833653223258 ], [ -70.925354127252746, -53.18483350927891 ], [ -70.925370063657326, -53.184855739961762 ], [ -70.9253763811721, -53.184863213202775 ], [ -70.925377987698724, -53.184865002608831 ], [ -70.925381820213218, -53.184869165324145 ], [ -70.925384929520618, -53.184872459643216 ], [ -70.925393534677639, -53.184881263547524 ], [ -70.925403657079869, -53.184891951892197 ], [ -70.925407011189435, -53.184895608888901 ], [ -70.925409305601775, -53.184898076211788 ], [ -70.925416819806557, -53.184905634035658 ], [ -70.925442479388025, -53.184927275882053 ], [ -70.925488275550819, -53.18497102348649 ], [ -70.925488889080839, -53.1849716920864 ], [ -70.925504414673853, -53.184989544958519 ], [ -70.925513303498491, -53.185000349526582 ], [ -70.925517999326644, -53.185006252072093 ], [ -70.925522411521257, -53.185011122319729 ], [ -70.925522748982814, -53.185011418497766 ], [ -70.925533454518813, -53.185023157842529 ], [ -70.925546096428292, -53.185034607760613 ], [ -70.925545458681356, -53.18503486180591 ], [ -70.925549372815809, -53.185038593986185 ], [ -70.925549689530683, -53.185038467223194 ], [ -70.925572428591053, -53.185058957635974 ], [ -70.925628873815768, -53.185119473241386 ], [ -70.92564121091317, -53.185135486210527 ], [ -70.925653327608018, -53.185150104257708 ], [ -70.92566620604461, -53.185164730036433 ], [ -70.925666062013917, -53.18516477578968 ], [ -70.925667550886971, -53.185166136895091 ], [ -70.925676055151257, -53.185175879768273 ], [ -70.925682658478124, -53.185183626540685 ], [ -70.925687199680837, -53.185189083579289 ], [ -70.925689769974653, -53.185192058629418 ], [ -70.925705545286803, -53.18521166275854 ], [ -70.925705577355899, -53.185211653609066 ], [ -70.925707294648831, -53.185213836715306 ], [ -70.925708291613603, -53.185215075680141 ], [ -70.925708748429614, -53.185215687205286 ], [ -70.925709346616941, -53.185216450812838 ], [ -70.925721742884889, -53.185232343332324 ], [ -70.925726969440362, -53.185239192896915 ], [ -70.925735619125746, -53.185250784124918 ], [ -70.925749420805118, -53.185270526698424 ], [ -70.925752251601409, -53.185274862484555 ], [ -70.925773800837433, -53.185314834809567 ], [ -70.925797348692868, -53.185347088320135 ], [ -70.925821773059397, -53.185385152827855 ], [ -70.925828776055866, -53.185397741927787 ], [ -70.925836506559619, -53.185409077215397 ], [ -70.925840608837788, -53.185415092557903 ], [ -70.925869499983577, -53.185465924451428 ], [ -70.925879474826274, -53.185487641905489 ], [ -70.925881744312548, -53.185492697739932 ], [ -70.925884153641789, -53.185498192121017 ], [ -70.925885161932683, -53.185500318091378 ], [ -70.925886388023088, -53.185502808614082 ], [ -70.925891364270527, -53.18551215710427 ], [ -70.925903100183646, -53.185532628395542 ], [ -70.925905394731103, -53.185535852084129 ], [ -70.925936785857843, -53.185592617504454 ], [ -70.925937872523392, -53.18559242443628 ], [ -70.925938672611196, -53.185594049221805 ], [ -70.925946716378519, -53.185608458709311 ], [ -70.925982281843005, -53.185657171275032 ], [ -70.925986826606731, -53.185663069772097 ], [ -70.925994763105464, -53.185673919733624 ], [ -70.925997155945666, -53.18567702189668 ], [ -70.926002162663835, -53.185683258880211 ], [ -70.926003258462075, -53.185684571945018 ], [ -70.926004466837554, -53.185686055808397 ], [ -70.926014394149817, -53.185697119017469 ], [ -70.92602832513208, -53.185713432080519 ], [ -70.926034636781822, -53.185721209803127 ], [ -70.926037890021703, -53.185725121498379 ], [ -70.926040191722535, -53.185727823075837 ], [ -70.926048844028557, -53.185738313163206 ], [ -70.926060162690248, -53.185752497513349 ], [ -70.926066023906372, -53.185758924491978 ], [ -70.9260685726329, -53.185761677456 ], [ -70.926075822466728, -53.185769662341372 ], [ -70.926092578879235, -53.185789243811143 ], [ -70.926095008569092, -53.185792262842845 ], [ -70.926098871706571, -53.185796904957336 ], [ -70.926102183066646, -53.185800934296651 ], [ -70.926103753548134, -53.185802869743597 ], [ -70.926113724922018, -53.185814310375669 ], [ -70.926116663603793, -53.185817458371666 ], [ -70.926119486422706, -53.185820429059142 ], [ -70.926120306168059, -53.185821276649811 ], [ -70.92613795913735, -53.185838025517732 ], [ -70.926155047608674, -53.185855333465994 ], [ -70.926155088422618, -53.185855319050354 ], [ -70.926168271837867, -53.185868779429946 ], [ -70.926181863467036, -53.185880905028242 ], [ -70.926183612043076, -53.185882352372467 ], [ -70.926183501351403, -53.185882400643919 ], [ -70.926187936725213, -53.185885453496972 ], [ -70.926195657350078, -53.185891966196237 ], [ -70.926205191307261, -53.185900008444357 ], [ -70.926212812530139, -53.185906437159844 ], [ -70.926224076049579, -53.185915091653349 ], [ -70.926231554790846, -53.1859211297838 ], [ -70.926304200317773, -53.185992943958837 ], [ -70.926307156460638, -53.185996597747398 ], [ -70.926317566769555, -53.186008201635005 ], [ -70.926328625267274, -53.186018408421305 ], [ -70.926341083485141, -53.186030310127343 ], [ -70.926343228434504, -53.186032432364236 ], [ -70.926349726303101, -53.186038709048667 ], [ -70.92634898494893, -53.186038985991679 ], [ -70.926386139857371, -53.186075968169213 ], [ -70.926390083207281, -53.186080665437864 ], [ -70.926404067137128, -53.186094303893825 ], [ -70.926406437871904, -53.186096885042822 ], [ -70.926411081528201, -53.186102028963667 ], [ -70.926413442275376, -53.186104510838298 ], [ -70.92642096218438, -53.186112697938199 ], [ -70.9264253129693, -53.18611674767736 ], [ -70.926473440203608, -53.186168827433917 ], [ -70.926473771192548, -53.186169249312364 ], [ -70.926483145662402, -53.186181817727203 ], [ -70.926492596565964, -53.186194020966447 ], [ -70.926505009775823, -53.186208205102254 ], [ -70.926518672322985, -53.186224622246591 ], [ -70.926522988902377, -53.18623008531484 ], [ -70.926529377556292, -53.186238114581236 ], [ -70.926533125932522, -53.186242688861284 ], [ -70.926534929799487, -53.186244828030034 ], [ -70.926539590979871, -53.186250488980313 ], [ -70.926556638864724, -53.186270082573721 ], [ -70.926556624105245, -53.186270087217856 ], [ -70.926556682426167, -53.186270152804745 ], [ -70.926580586723858, -53.186295264756808 ], [ -70.926591952640194, -53.186306379449555 ], [ -70.926593324362557, -53.186307659905175 ], [ -70.926600732355496, -53.186314717969566 ], [ -70.926606220098122, -53.186320055731436 ], [ -70.92660645370357, -53.186320281841638 ], [ -70.926624027456754, -53.186338209416313 ], [ -70.926625855998083, -53.186340177633326 ], [ -70.92663670966509, -53.186350669649521 ], [ -70.926656292904937, -53.186370741421783 ], [ -70.926658158374522, -53.186372772064892 ], [ -70.926672675390066, -53.186389386108658 ], [ -70.926675715219716, -53.186393048963552 ], [ -70.926698624357101, -53.186419751150993 ], [ -70.926702624872448, -53.186423732284389 ], [ -70.926732358318134, -53.186449223262414 ], [ -70.9267323165938, -53.186449240749788 ], [ -70.926755470214346, -53.186468829133304 ], [ -70.926761097265967, -53.186474031573972 ], [ -70.92676104754544, -53.186474050988814 ], [ -70.926777567462295, -53.186489820229703 ], [ -70.926784297364918, -53.186496588697771 ], [ -70.926786964338376, -53.186499102652306 ], [ -70.926788588421701, -53.186500603248099 ], [ -70.926816355548752, -53.186528405127319 ], [ -70.926816659716494, -53.186528736094466 ], [ -70.92683290513034, -53.186544978537391 ], [ -70.926844917630532, -53.186556550345962 ], [ -70.926860837621291, -53.186572598189365 ], [ -70.926890646984219, -53.186605729261586 ], [ -70.926892087135684, -53.18660750389764 ], [ -70.926901227551383, -53.186619207127684 ], [ -70.926914602515978, -53.18663147775105 ], [ -70.926973659562478, -53.18669691210647 ], [ -70.926975508480666, -53.186699440820753 ], [ -70.926981162800345, -53.186707379541708 ], [ -70.92698852744843, -53.186718000710002 ], [ -70.92698849799423, -53.18671800810931 ], [ -70.926993056386138, -53.186724581990141 ], [ -70.927000519116447, -53.186735744691561 ], [ -70.927012483476034, -53.186750032416711 ], [ -70.927018114005463, -53.186756001775365 ], [ -70.927021476692985, -53.186759489835644 ], [ -70.927023683649182, -53.186761731531021 ], [ -70.927032850204398, -53.186771309225556 ], [ -70.927033245404942, -53.186771734199212 ], [ -70.927035158152137, -53.186773803630146 ], [ -70.927048347553111, -53.186788162515597 ], [ -70.927057277361087, -53.186798181520309 ], [ -70.927074644896322, -53.186818274060805 ], [ -70.927075136781198, -53.18681874889608 ], [ -70.927075840436856, -53.186819657067119 ], [ -70.927085776122411, -53.186831151780837 ], [ -70.927084945937892, -53.186831410656069 ], [ -70.927151369112295, -53.186917150712823 ], [ -70.92718049513536, -53.187006472188976 ], [ -70.927182762882481, -53.187006294252818 ], [ -70.927190402750142, -53.187041422055188 ], [ -70.927190659452236, -53.18704212294255 ], [ -70.927198543846387, -53.187057588801473 ], [ -70.927230919579628, -53.187100637305569 ], [ -70.927260985899238, -53.187135434578352 ], [ -70.927262374248969, -53.187134968877274 ], [ -70.927283734752038, -53.187157945145195 ], [ -70.927315086205311, -53.187195736868581 ], [ -70.927319787374316, -53.187202141202008 ], [ -70.927323310678275, -53.18720682950412 ], [ -70.927326044311954, -53.187210384106294 ], [ -70.927326272568735, -53.187210674314571 ], [ -70.927327698224758, -53.187212064832877 ], [ -70.927348417751389, -53.187237527916182 ], [ -70.927349023239969, -53.187238155999424 ], [ -70.927349020292866, -53.187238157036077 ], [ -70.927352283827759, -53.18724152873537 ], [ -70.927367307229943, -53.187257319505974 ], [ -70.927370377056036, -53.187260353596592 ], [ -70.927372595899826, -53.187262518943086 ], [ -70.927380808179265, -53.187270432524294 ], [ -70.927381229812127, -53.187270839267747 ], [ -70.927387749299427, -53.187277136405058 ], [ -70.927412448009747, -53.187302849933907 ], [ -70.927419182640008, -53.187310429420236 ], [ -70.927426150123509, -53.187317463815312 ], [ -70.927462760318988, -53.187359284576694 ], [ -70.927473142307889, -53.187372828630615 ], [ -70.927477445485621, -53.187378131040447 ], [ -70.9274750811947, -53.187378823277072 ], [ -70.927493431739876, -53.187398800503566 ], [ -70.927495883612181, -53.187402256360045 ], [ -70.927502008372088, -53.187411425266035 ], [ -70.927516204520245, -53.187430721166379 ], [ -70.927523950451771, -53.187442051601757 ], [ -70.92752652732905, -53.18744563795569 ], [ -70.927530243677523, -53.187450641304139 ], [ -70.9275316706496, -53.187452501286678 ], [ -70.927539103361909, -53.187462508252636 ], [ -70.927541304107635, -53.187465571058617 ], [ -70.927543767531148, -53.187468923875002 ], [ -70.927547871127246, -53.187474388106118 ], [ -70.927551241414506, -53.187478750721993 ], [ -70.927556497639372, -53.187485367950714 ], [ -70.927563464328799, -53.187494138610973 ], [ -70.927564783247135, -53.18749579868323 ], [ -70.92757339062301, -53.187505717768467 ], [ -70.927578310267378, -53.187511488496462 ], [ -70.927589013275963, -53.187524269079802 ], [ -70.927591288412103, -53.187526847886964 ], [ -70.927605722835594, -53.187541560390436 ], [ -70.927609764841804, -53.18754573142273 ], [ -70.927632089565378, -53.187569055243472 ], [ -70.927632699164093, -53.187569637946289 ], [ -70.92764343770817, -53.187579923424281 ], [ -70.927689235835786, -53.187634360144472 ], [ -70.927691071158819, -53.187633848005298 ], [ -70.927728408257053, -53.187682113864142 ], [ -70.92772837129904, -53.187682124172156 ], [ -70.927739559726888, -53.18769588036475 ], [ -70.927752340062398, -53.187713320662006 ], [ -70.927751942135544, -53.187713425819204 ], [ -70.927757000277126, -53.187720314074639 ], [ -70.927757141398246, -53.187720276727276 ], [ -70.927774441995268, -53.187743835848948 ], [ -70.927775155241108, -53.187744810301076 ], [ -70.927785982616882, -53.187759649674135 ], [ -70.927786768575331, -53.187760660080365 ], [ -70.927793320459784, -53.18776932110336 ], [ -70.927794696791679, -53.187771192870983 ], [ -70.927797605959299, -53.187775201882104 ], [ -70.927805553789284, -53.187786301839765 ], [ -70.927819981656612, -53.187807987515271 ], [ -70.927820208810047, -53.187808356408027 ], [ -70.927821666141924, -53.187810585588295 ], [ -70.927825634686059, -53.187816414406157 ], [ -70.927829814876162, -53.187822316487775 ], [ -70.92782965801284, -53.187822356607391 ], [ -70.927836127595967, -53.187829766662816 ], [ -70.927844848010523, -53.187842742763102 ], [ -70.927862643629837, -53.187861836331685 ], [ -70.927873966003787, -53.187874452406497 ], [ -70.927878201460032, -53.187879357435975 ], [ -70.927890799363155, -53.187894650755013 ], [ -70.927901011877722, -53.187907664284516 ], [ -70.927906842145418, -53.18791527681325 ], [ -70.927920159386758, -53.187933100930643 ], [ -70.927920020957416, -53.187933138234627 ], [ -70.927924854828419, -53.18793946047041 ], [ -70.927927813809902, -53.187943578357121 ], [ -70.927930001914049, -53.187946398255512 ], [ -70.927960280837695, -53.187991695604858 ], [ -70.927967479956479, -53.188004425076279 ], [ -70.927969027375397, -53.188006870278535 ], [ -70.927970083962038, -53.18800864445771 ], [ -70.927982447861879, -53.188031280922523 ], [ -70.927991708372417, -53.188049887069276 ], [ -70.9279935571153, -53.18805285954577 ], [ -70.927994663426915, -53.188054510917681 ], [ -70.927998058340833, -53.188059410309471 ], [ -70.928000772566875, -53.188063200404109 ], [ -70.928009817716003, -53.188074878211147 ], [ -70.928040397647706, -53.188122386485389 ], [ -70.928040843803899, -53.188122291964547 ], [ -70.928054057605536, -53.18814479670754 ], [ -70.928058013416248, -53.188150417052647 ], [ -70.92808411733742, -53.188180246060007 ], [ -70.928093516101342, -53.188190269624243 ], [ -70.928093984166679, -53.188190806786061 ], [ -70.928129483508599, -53.188237978629729 ], [ -70.928139022166022, -53.188252887113336 ], [ -70.928152217655168, -53.188275258542113 ], [ -70.928153174328628, -53.188277027414429 ], [ -70.928157323823086, -53.188284948635868 ], [ -70.928160969159379, -53.188292138813722 ], [ -70.928166343286975, -53.188304274411337 ], [ -70.928175336446358, -53.188322710275173 ], [ -70.928183065856601, -53.188339795804076 ], [ -70.928184708489709, -53.18834373180794 ], [ -70.928189220806999, -53.188353587141137 ], [ -70.928191990822441, -53.188359140009723 ], [ -70.928192806884113, -53.188360764072272 ], [ -70.928199997093856, -53.188373055203655 ], [ -70.92820290812729, -53.188378128029775 ], [ -70.928212700767787, -53.188395529528414 ], [ -70.928219650950254, -53.188406881253215 ], [ -70.928225646590519, -53.188416038007965 ], [ -70.928227407452596, -53.188418639154335 ], [ -70.928224616933548, -53.188419320684268 ], [ -70.928250135684905, -53.18845707065708 ], [ -70.928259669581621, -53.188476507312103 ], [ -70.928268257952553, -53.188488923338952 ], [ -70.928273829469333, -53.188495576519117 ], [ -70.928274390527918, -53.188496214487458 ], [ -70.928292643195405, -53.188517203449159 ], [ -70.928318491392702, -53.188554003254204 ], [ -70.928341244206962, -53.188582809570143 ], [ -70.928354790593531, -53.18860221865468 ], [ -70.928361750916324, -53.188609218678245 ], [ -70.928371377244503, -53.18862150425182 ], [ -70.928377759728733, -53.188630927689729 ], [ -70.928383244526572, -53.18863710531884 ], [ -70.928383483218568, -53.188637374228321 ], [ -70.928392131772284, -53.188647417557945 ], [ -70.92839254196177, -53.188647908994604 ], [ -70.928406030578685, -53.188663088223294 ], [ -70.928406020839688, -53.18866309134787 ], [ -70.92841270202922, -53.188670485179891 ], [ -70.928419296151901, -53.188678116873419 ], [ -70.928441522650999, -53.188706172617799 ], [ -70.928450833659525, -53.188719055679577 ], [ -70.928462320896017, -53.188735872933982 ], [ -70.92846527322466, -53.188740457166602 ], [ -70.928468343911973, -53.188744950386145 ], [ -70.92847054603817, -53.188748104317405 ], [ -70.928472569121823, -53.188750940993138 ], [ -70.928490062982874, -53.18877782393642 ], [ -70.92850219621306, -53.188798394632194 ], [ -70.928503528747314, -53.188800723192884 ], [ -70.928510859451876, -53.188811551871467 ], [ -70.928511538758428, -53.188812456382706 ], [ -70.928512623076656, -53.188813906986795 ], [ -70.928514987821274, -53.188817085435694 ], [ -70.928521921168198, -53.188825887598398 ], [ -70.928526048284326, -53.188830846235184 ], [ -70.928525896454474, -53.188830891848355 ], [ -70.928549638570985, -53.188861529849902 ], [ -70.928555156159177, -53.188869497323701 ], [ -70.928558809924311, -53.188874244703385 ], [ -70.928560818553606, -53.188876919151994 ], [ -70.928565058544052, -53.188882671535865 ], [ -70.92856661009418, -53.188884817097602 ], [ -70.928612180731491, -53.188971624487579 ], [ -70.928612447492739, -53.188971588251469 ], [ -70.928613175107301, -53.188973518883515 ], [ -70.928613470059332, -53.188974080693598 ], [ -70.928615454994087, -53.188979928748907 ], [ -70.928617819298097, -53.188986678619493 ], [ -70.928622351584423, -53.188998965923666 ], [ -70.928624505334241, -53.189004162934779 ], [ -70.928626356300953, -53.189008586984073 ], [ -70.928630537997279, -53.189019116193663 ], [ -70.928634154418589, -53.189028733651732 ], [ -70.92863486877097, -53.189030522177568 ], [ -70.928638378501489, -53.189039736877106 ], [ -70.928640462765358, -53.189045486674857 ], [ -70.928642838818547, -53.189052041259181 ], [ -70.928643033740556, -53.1890526021716 ], [ -70.928655383381709, -53.189082102474195 ], [ -70.928656023140206, -53.189083462997701 ], [ -70.928658395227657, -53.189088932033833 ], [ -70.928667254598324, -53.189105259130038 ], [ -70.928670588035672, -53.189110856178274 ], [ -70.928675263106754, -53.189118970709657 ], [ -70.928678870989671, -53.18912511281755 ], [ -70.928697571557919, -53.189157043189354 ], [ -70.928702068540289, -53.189163911183165 ], [ -70.928706220112801, -53.189170477202545 ], [ -70.928714352474799, -53.189183986194216 ], [ -70.928720211899048, -53.18919422849477 ], [ -70.928720158356953, -53.189194239521143 ], [ -70.928727670312981, -53.189207682677981 ], [ -70.928728650216854, -53.189209557887686 ], [ -70.928729977643457, -53.189212098885989 ], [ -70.928739083116369, -53.18922753480161 ], [ -70.928741551468732, -53.189231279772713 ], [ -70.928742632137443, -53.189232928765968 ], [ -70.928748448866656, -53.189241856165516 ], [ -70.928749874532315, -53.189244061303135 ], [ -70.928750181309823, -53.189244539668643 ], [ -70.928762408142092, -53.18926158092043 ], [ -70.928764191991931, -53.189263868994502 ], [ -70.928771902475916, -53.189273971272151 ], [ -70.928774301625339, -53.189276991464133 ], [ -70.928778636540883, -53.189282269309125 ], [ -70.92878129143449, -53.189285397921509 ], [ -70.928786088499166, -53.18929117732862 ], [ -70.928786539622109, -53.189291680058524 ], [ -70.928786728438013, -53.189291948156622 ], [ -70.928787230398527, -53.189292553005352 ], [ -70.928793028761945, -53.189299697059766 ], [ -70.92879232785512, -53.189299902247107 ], [ -70.928833055141823, -53.189357754988905 ], [ -70.928834391153543, -53.189357465973288 ], [ -70.928838274204594, -53.189363941486107 ], [ -70.928841140373748, -53.189368808599816 ], [ -70.928841230771354, -53.189368965010388 ], [ -70.928854800870837, -53.189394953498201 ], [ -70.928855408778475, -53.189396254479398 ], [ -70.928858557638705, -53.189400789847582 ], [ -70.928860094478168, -53.189403020424926 ], [ -70.928868691557156, -53.189415592254747 ], [ -70.928887575055512, -53.189447506778208 ], [ -70.928887938342314, -53.1894474332857 ], [ -70.928899144077519, -53.189467407872819 ], [ -70.928905096402275, -53.189478490627359 ], [ -70.928906050578277, -53.189480349260101 ], [ -70.928918658446307, -53.189501940659355 ], [ -70.928928157951702, -53.189519672126472 ], [ -70.928950300141381, -53.189549376756162 ], [ -70.928955594343535, -53.189556479160096 ], [ -70.928954896535913, -53.189556666766542 ], [ -70.928991316231958, -53.189613705444543 ], [ -70.929003385902931, -53.189638004162738 ], [ -70.929005011573722, -53.189641049374139 ], [ -70.929017507204762, -53.189662219124742 ], [ -70.92901877425345, -53.18966412474478 ], [ -70.929019439492265, -53.189665142132917 ], [ -70.929041831116464, -53.1897047036598 ], [ -70.929044288351847, -53.189709813484335 ], [ -70.929045792714774, -53.189712860570005 ], [ -70.929050992472881, -53.18972312639508 ], [ -70.929053601595385, -53.189728071749272 ], [ -70.929056864883989, -53.189734017858285 ], [ -70.929059203403369, -53.189738187123183 ], [ -70.929059198507545, -53.189738188101551 ], [ -70.929060212740481, -53.189739987141813 ], [ -70.929072025072713, -53.189761286359506 ], [ -70.929072840688619, -53.189762605732696 ], [ -70.92907346486291, -53.189763518595903 ], [ -70.929102828687633, -53.189815202821698 ], [ -70.929107739075789, -53.189825941020864 ], [ -70.929110487916518, -53.1898321242709 ], [ -70.92911210035426, -53.189835857923782 ], [ -70.929130311667947, -53.189863061535874 ], [ -70.929133286509582, -53.189868037106976 ], [ -70.929145275815387, -53.189881417608618 ], [ -70.929190712226102, -53.189942741548336 ], [ -70.929188222828259, -53.189939146440523 ], [ -70.92919491151612, -53.18994804989557 ], [ -70.929207524991241, -53.189965852545228 ], [ -70.929209208648317, -53.189968378328153 ], [ -70.929225838725003, -53.189989143763341 ], [ -70.929240068122013, -53.190008013040099 ], [ -70.929242432996716, -53.190011351684774 ], [ -70.929245679264028, -53.19001593752057 ], [ -70.92925595196634, -53.190029227230667 ], [ -70.929257861549004, -53.190031500494293 ], [ -70.929259977066351, -53.190034006244971 ], [ -70.92929278551226, -53.190078746049998 ], [ -70.929294551412895, -53.190081559726373 ], [ -70.929297563126198, -53.190086202224698 ], [ -70.929299052500212, -53.190088424754592 ], [ -70.929305305546194, -53.190098076263425 ], [ -70.929305592100221, -53.190098534007063 ], [ -70.929313334747803, -53.190110146325935 ], [ -70.929318465587727, -53.190117681379483 ], [ -70.929319848330778, -53.190119796041223 ], [ -70.929321617282909, -53.190122527583824 ], [ -70.929323245562145, -53.190125066579292 ], [ -70.929331332853721, -53.190136693273402 ], [ -70.92933299913399, -53.190138911768486 ], [ -70.929334656407946, -53.190141079702585 ], [ -70.929346063993904, -53.190154123200529 ], [ -70.929385510913548, -53.19020734899869 ], [ -70.929387479173627, -53.190210548597747 ], [ -70.929395465055208, -53.190222469663475 ], [ -70.929396305944039, -53.190223628053424 ], [ -70.92939822443094, -53.190226225910187 ], [ -70.929401747423853, -53.190230916494627 ], [ -70.92940632653962, -53.190237148307297 ], [ -70.929416873094468, -53.190250593869628 ], [ -70.929418391322088, -53.190252375302521 ], [ -70.929424904359649, -53.190260205148668 ], [ -70.929428841879329, -53.190265056331931 ], [ -70.92942799291842, -53.190265304918292 ], [ -70.929466871374913, -53.190320060834424 ], [ -70.929465360101389, -53.190317564358899 ], [ -70.92947357773275, -53.190329651766938 ], [ -70.929490754418353, -53.190349763057448 ], [ -70.929499088349118, -53.190358963324165 ], [ -70.929523911514295, -53.190387939246229 ], [ -70.92955633205186, -53.190431272125544 ], [ -70.929573739643885, -53.190458273007764 ], [ -70.929580145698793, -53.190468582381449 ], [ -70.929590406419365, -53.190485733529904 ], [ -70.929612667275137, -53.190529971000473 ], [ -70.929614803203108, -53.190535166664304 ], [ -70.929626024454308, -53.190556085842317 ], [ -70.929629445721602, -53.190561066665673 ], [ -70.929629941796392, -53.190561743171259 ], [ -70.929634074279235, -53.190567181240802 ], [ -70.929637964215246, -53.190572124981983 ], [ -70.929639926318373, -53.190574580077218 ], [ -70.929641755262026, -53.190576833333559 ], [ -70.929652597306799, -53.190589198725455 ], [ -70.929653030940202, -53.190589658131202 ], [ -70.92965645160659, -53.190593205596066 ], [ -70.929658437113261, -53.190595221841441 ], [ -70.929668304571209, -53.190604678656754 ], [ -70.929674720720726, -53.190610245692802 ], [ -70.92969298177961, -53.190624386456626 ], [ -70.929712283045248, -53.190639076771014 ], [ -70.92972210829501, -53.190646966758926 ], [ -70.929732849906713, -53.190655102086644 ], [ -70.929770591617299, -53.190686355538197 ], [ -70.929781790899284, -53.190696521430134 ], [ -70.929838079102382, -53.190757391316822 ], [ -70.929849668141813, -53.190772591094124 ], [ -70.929852420787242, -53.190775982512093 ], [ -70.929854872073435, -53.190778946725786 ], [ -70.92985948744267, -53.190784426501672 ], [ -70.929881807789613, -53.190813445690374 ], [ -70.9298840772841, -53.1908166949733 ], [ -70.929886361864604, -53.190819920186726 ], [ -70.929893103077902, -53.190828886855108 ], [ -70.929893180489728, -53.190828983957701 ], [ -70.929901278742065, -53.190839501808419 ], [ -70.929903337991945, -53.190842269456056 ], [ -70.92990377249366, -53.190842854714887 ], [ -70.92990462548515, -53.190844005353128 ], [ -70.929927388008664, -53.190871313205193 ], [ -70.929926673889511, -53.190871527963303 ], [ -70.92995112690754, -53.190901664635284 ], [ -70.929952713218654, -53.190903934315365 ], [ -70.929954584512132, -53.190906403194056 ], [ -70.929955620381364, -53.190907775992684 ], [ -70.929955763041107, -53.190907965989517 ], [ -70.929956483308686, -53.190908927818157 ], [ -70.929966585334427, -53.1909224603721 ], [ -70.92998193459583, -53.190944584525184 ], [ -70.92998203149422, -53.190944735525136 ], [ -70.929999019193431, -53.190965114129106 ], [ -70.930005386965604, -53.190971364855763 ], [ -70.930064821913959, -53.191043526517824 ], [ -70.930068123994005, -53.191048644568369 ], [ -70.93006875558342, -53.191049601629864 ], [ -70.930078104480515, -53.191062542391705 ], [ -70.930078441665145, -53.191062953910681 ], [ -70.930102873819337, -53.191096083403394 ], [ -70.930114298541213, -53.191113432587869 ], [ -70.93011889305113, -53.191119329495024 ], [ -70.930119735134852, -53.191120367027267 ], [ -70.930128217388244, -53.191131179734569 ], [ -70.930128635901013, -53.19113173216639 ], [ -70.930159085515129, -53.191183250916332 ], [ -70.930163123325713, -53.191187988248231 ], [ -70.930237678922722, -53.191265008740857 ], [ -70.930286638477455, -53.19135524299017 ], [ -70.93029205268806, -53.191370557270822 ], [ -70.930295414157982, -53.191375340083106 ], [ -70.930308534934142, -53.191397927003187 ], [ -70.930308878692003, -53.191397848338717 ], [ -70.930357833080379, -53.191475026978495 ], [ -70.930356438487166, -53.191475346089604 ], [ -70.930387998294819, -53.19151854839815 ], [ -70.930405663943489, -53.191574758775246 ], [ -70.930408867964687, -53.191574387591579 ], [ -70.930408942285055, -53.191574619063147 ], [ -70.930410964381863, -53.191579776639664 ], [ -70.930417205664725, -53.191595695702041 ], [ -70.930417227140765, -53.19159575055609 ], [ -70.930418343042817, -53.19159829082848 ], [ -70.930429578226509, -53.191625401785437 ], [ -70.930432799741098, -53.191634528411136 ], [ -70.930436500389547, -53.19164202492184 ], [ -70.93044141270326, -53.191650058400903 ], [ -70.930472114174904, -53.191714961125705 ], [ -70.930472257652838, -53.191715382436151 ], [ -70.930472872228592, -53.191716999859324 ], [ -70.930473206946303, -53.191717796033998 ], [ -70.930482092914303, -53.191741649835798 ], [ -70.930486680313507, -53.191755754520393 ], [ -70.93049790363682, -53.191775133768253 ], [ -70.930511649561012, -53.191809442515471 ], [ -70.930519639283617, -53.191819529637364 ], [ -70.930573414353603, -53.191912519189138 ], [ -70.930575663131776, -53.191918433062007 ], [ -70.930576301358656, -53.191919533952351 ], [ -70.930589160394462, -53.191951423137333 ], [ -70.930591011240125, -53.19195660317591 ], [ -70.930595694692457, -53.19196503882052 ], [ -70.930612137851512, -53.191997288869622 ], [ -70.930613549351648, -53.191998724801515 ], [ -70.930614838672824, -53.192000383342489 ], [ -70.930634487132309, -53.192028035349715 ], [ -70.930636373813172, -53.19203095790261 ], [ -70.93064562422245, -53.192046085466359 ], [ -70.930645871270386, -53.192046512919632 ], [ -70.930648452870358, -53.192050585251181 ], [ -70.930659678405647, -53.192069560591499 ], [ -70.930668121360711, -53.192084914588129 ], [ -70.93067024513239, -53.192088276083247 ], [ -70.930671648707872, -53.192090444964727 ], [ -70.930673501390842, -53.192093403670818 ], [ -70.930686512174489, -53.19211162138474 ], [ -70.930690754483521, -53.192117704779726 ], [ -70.930692732308586, -53.192120226942528 ], [ -70.930709959166961, -53.192142194970167 ], [ -70.93073740671376, -53.192182055519069 ], [ -70.930744275873479, -53.192193567186074 ], [ -70.930744837619883, -53.19219441506182 ], [ -70.930754939374282, -53.192209707819309 ], [ -70.930779161608143, -53.192255267441645 ], [ -70.930779720388927, -53.192255166589888 ], [ -70.930784876201599, -53.192265470723335 ], [ -70.930786099759217, -53.192267867375904 ], [ -70.930791047379103, -53.192277369508218 ], [ -70.930788906208932, -53.192277771662106 ], [ -70.93082389739277, -53.192357583596952 ], [ -70.930828638772397, -53.19237753189369 ], [ -70.930845394201967, -53.192418834223858 ], [ -70.930866563679231, -53.192518012578169 ], [ -70.930866827677661, -53.192527916811166 ], [ -70.930867169107245, -53.192535513616519 ], [ -70.930867621337427, -53.192545575729355 ], [ -70.930867668805462, -53.19254663189183 ], [ -70.930868042170488, -53.192549969703769 ], [ -70.930877538318327, -53.192577531816305 ], [ -70.930908624113897, -53.192643877479327 ], [ -70.930910574422427, -53.192649770111743 ], [ -70.930912194162659, -53.19265400331831 ], [ -70.930926455077909, -53.19270411602205 ], [ -70.930926591895968, -53.192704841950686 ], [ -70.93092932587156, -53.192728863150087 ], [ -70.930929937572927, -53.192732277743467 ], [ -70.930930618762389, -53.192736245838894 ], [ -70.930931839831075, -53.192743682556582 ], [ -70.930933265309733, -53.192752123354389 ], [ -70.930934822819708, -53.19275684036333 ], [ -70.930937703469255, -53.19277455571288 ], [ -70.93093885191098, -53.192782951104064 ], [ -70.930941240308982, -53.192793314749188 ], [ -70.930950069749258, -53.192821262121434 ], [ -70.930950497613054, -53.192822967889555 ], [ -70.930953327949894, -53.192831916445876 ], [ -70.930966199503985, -53.19290364909606 ], [ -70.930966568107522, -53.192911849986565 ], [ -70.930973063097156, -53.192954204028396 ], [ -70.930974376073621, -53.192963918366168 ], [ -70.930976298447263, -53.192980349752148 ], [ -70.93097655487837, -53.192981758463723 ], [ -70.930976615763043, -53.192982107210014 ], [ -70.930980417574702, -53.193016812307114 ], [ -70.930981007981984, -53.193029947854434 ], [ -70.930981036632161, -53.193030585271224 ], [ -70.930982326887801, -53.193042355222467 ], [ -70.930983951652706, -53.193048714707245 ], [ -70.930986132779068, -53.193053420526624 ], [ -70.930992137875279, -53.193067808606422 ], [ -70.930996695570158, -53.193076878940779 ], [ -70.93100246680153, -53.193085011393762 ], [ -70.931002627748327, -53.193084968506732 ], [ -70.931015461081387, -53.193102348982698 ], [ -70.931025228608732, -53.193116227074654 ], [ -70.931068922188658, -53.193163464173757 ], [ -70.931068435327091, -53.193163626614968 ], [ -70.931107473555699, -53.19320198744002 ], [ -70.931157966735, -53.193284248531711 ], [ -70.931180902857562, -53.193370832236575 ], [ -70.931182717294405, -53.193388953079541 ], [ -70.931195665042324, -53.193419022146642 ], [ -70.931201374971124, -53.193433231953605 ], [ -70.931214956661023, -53.193469616687935 ], [ -70.931246295616944, -53.193534424005996 ], [ -70.93125231418324, -53.193553453957492 ], [ -70.931251450841216, -53.193551252588328 ], [ -70.931261854381134, -53.19358189523183 ], [ -70.931263222357074, -53.193585071987535 ], [ -70.931263577485524, -53.193586970882563 ], [ -70.93126598040854, -53.193594048320357 ], [ -70.931268969827002, -53.193605783615212 ], [ -70.931267128157586, -53.193605952830168 ], [ -70.931282201952499, -53.193686538266867 ], [ -70.931285387107323, -53.193686436724299 ], [ -70.931288406942173, -53.193720619999652 ], [ -70.931292572913051, -53.193732851916202 ], [ -70.931301497369716, -53.193747385312911 ], [ -70.931305856685995, -53.193752665818813 ], [ -70.931309863118088, -53.193757192972257 ], [ -70.931314724435907, -53.193762767511359 ], [ -70.931320198344622, -53.193768991486095 ], [ -70.931324827270728, -53.19377408861741 ], [ -70.931329978036175, -53.193779588066455 ], [ -70.931329192938051, -53.193779853251826 ], [ -70.931356021698264, -53.193809948781649 ], [ -70.931372428886277, -53.193831026902771 ], [ -70.931379890985355, -53.193838938263454 ], [ -70.931382514435143, -53.193841743038881 ], [ -70.931397509814843, -53.193857910112094 ], [ -70.931414766712578, -53.193877651935885 ], [ -70.931418607843611, -53.193882324446548 ], [ -70.931418809660414, -53.193882557895819 ], [ -70.931427578694851, -53.19389212426379 ], [ -70.931428919449161, -53.193893506311099 ], [ -70.931437018664084, -53.193902069313133 ], [ -70.931439121559606, -53.193904350376314 ], [ -70.931443294579026, -53.193907777344698 ], [ -70.931501163210882, -53.193966463996354 ], [ -70.931501803796152, -53.19396702675769 ], [ -70.931507945148667, -53.193972974588867 ], [ -70.931516202064245, -53.193980938953281 ], [ -70.931518592258854, -53.193983213558099 ], [ -70.931523663039883, -53.193987975090984 ], [ -70.931528552634859, -53.193992629067679 ], [ -70.931529222897808, -53.193993275859007 ], [ -70.931542294213713, -53.194006379110377 ], [ -70.931546025583856, -53.19401026798041 ], [ -70.93154951628874, -53.194013865142971 ], [ -70.931558693354432, -53.194023598672459 ], [ -70.931561501198487, -53.194026665046408 ], [ -70.931562966184714, -53.194028272808879 ], [ -70.93156728852405, -53.194033039194721 ], [ -70.931572850509752, -53.194039289330846 ], [ -70.931574120908238, -53.194040744531982 ], [ -70.931582552779773, -53.194049879234719 ], [ -70.931586007343626, -53.194053424926899 ], [ -70.931584545670503, -53.1940539385268 ], [ -70.931637659097319, -53.194109893032504 ], [ -70.931637797361176, -53.194109855007774 ], [ -70.931638508168902, -53.194110787490764 ], [ -70.931638849494774, -53.194111147062635 ], [ -70.931640822809101, -53.194113851881689 ], [ -70.931647896386735, -53.194123451483243 ], [ -70.931650298032224, -53.194126826076307 ], [ -70.931653327157449, -53.194131144393197 ], [ -70.931658884122697, -53.194139183371405 ], [ -70.931665101635076, -53.194148468609185 ], [ -70.931665533555972, -53.194149134998547 ], [ -70.931670715842756, -53.194157367685797 ], [ -70.931671910218427, -53.194159322736041 ], [ -70.931675943324393, -53.194165629938098 ], [ -70.931677879144502, -53.194168526234506 ], [ -70.931721958382909, -53.194263531226156 ], [ -70.931728152958939, -53.194335244859964 ], [ -70.931729997810336, -53.194335209006624 ], [ -70.93173181655385, -53.194368953499861 ], [ -70.9317340816513, -53.19437629568823 ], [ -70.931736752893173, -53.194381144137424 ], [ -70.93174812480278, -53.1943959023113 ], [ -70.931757537559108, -53.194409206385792 ], [ -70.93175836087724, -53.194410300312171 ], [ -70.931768355588517, -53.194422623246396 ], [ -70.931782494585264, -53.194439160457591 ], [ -70.931803799226785, -53.194461999102835 ], [ -70.931809434669148, -53.194467247385923 ], [ -70.931812599889753, -53.194470090296157 ], [ -70.931822571122567, -53.194479287134698 ], [ -70.931827731111611, -53.194484176043026 ], [ -70.931829822450894, -53.194486169049114 ], [ -70.931840342110206, -53.194496252452574 ], [ -70.931846703150754, -53.194502295599904 ], [ -70.931852356641741, -53.194507498905139 ], [ -70.931852645807268, -53.194507757099579 ], [ -70.931883788485692, -53.194535277232767 ], [ -70.931887977628193, -53.194538507929906 ], [ -70.931895437912885, -53.194544103676236 ], [ -70.931898355005103, -53.194546305714852 ], [ -70.931907671557966, -53.194553384196951 ], [ -70.931916582224687, -53.194560112335822 ], [ -70.931923898830973, -53.194565462450761 ], [ -70.931928006669665, -53.194568373142118 ], [ -70.931996484690245, -53.194625400437957 ], [ -70.93204013573424, -53.19467724491814 ], [ -70.932041008462889, -53.194677003929939 ], [ -70.932045025131245, -53.194682250948183 ], [ -70.932054385809622, -53.194693621342694 ], [ -70.932057719741607, -53.194697398687367 ], [ -70.93206043991043, -53.194700424485966 ], [ -70.932064830302465, -53.1947052199586 ], [ -70.932075186918411, -53.194715833193669 ], [ -70.932075826162531, -53.194716448928226 ], [ -70.932082699288515, -53.194723201564237 ], [ -70.932085365846149, -53.19472587409318 ], [ -70.932091602968043, -53.19473190656106 ], [ -70.932094823864588, -53.19473491470665 ], [ -70.932114408457949, -53.194754259770257 ], [ -70.932124069908213, -53.194764368128631 ], [ -70.932127766764822, -53.194768089416939 ], [ -70.93212993582533, -53.194770245414915 ], [ -70.932131471487622, -53.194771752588345 ], [ -70.932155117939402, -53.194796719014356 ], [ -70.932158789256661, -53.194800900853565 ], [ -70.932176327802438, -53.194822228253358 ], [ -70.932184284380071, -53.194832585340848 ], [ -70.932193352873796, -53.194842600460269 ], [ -70.932195656847597, -53.194845019850078 ], [ -70.932209040406136, -53.194859343110259 ], [ -70.932209479132908, -53.194859787679739 ], [ -70.932225598345667, -53.194876974382055 ], [ -70.932230384187804, -53.194882349798981 ], [ -70.932230942560821, -53.194882964776781 ], [ -70.932238715058773, -53.19489092957815 ], [ -70.932248634825299, -53.194899493830739 ], [ -70.93226057650827, -53.194910124221863 ], [ -70.932262894963031, -53.194912252979975 ], [ -70.932263319177366, -53.19491263449104 ], [ -70.932326679681807, -53.19498221499407 ], [ -70.932334252520562, -53.194992619653682 ], [ -70.932338405224996, -53.19499817031469 ], [ -70.93234829805661, -53.195011696084634 ], [ -70.932348289772037, -53.195011698286869 ], [ -70.932350330552481, -53.19501444659317 ], [ -70.932359483043896, -53.195027112736589 ], [ -70.932359577983618, -53.195027236435081 ], [ -70.932368057794378, -53.195037578458965 ], [ -70.932371898037374, -53.195041973594748 ], [ -70.93237293526694, -53.195043159616489 ], [ -70.93238798775046, -53.19506136029802 ], [ -70.93238868087424, -53.19506224838036 ], [ -70.932393491337677, -53.195068536294308 ], [ -70.93239667745533, -53.195072787043898 ], [ -70.932401724468576, -53.195079674207555 ], [ -70.932406587596475, -53.195086463839651 ], [ -70.932416089365759, -53.195099455614972 ], [ -70.932424227473803, -53.19511035457046 ], [ -70.932426765514506, -53.195113670204869 ], [ -70.93243335674569, -53.195122090920286 ], [ -70.93245060150457, -53.195142312710978 ], [ -70.932456191608978, -53.195148669248482 ], [ -70.932459240685588, -53.195152322728312 ], [ -70.932490806949843, -53.195195712198284 ], [ -70.93249618809277, -53.195204318778636 ], [ -70.932499225414787, -53.195209095191039 ], [ -70.932500106190517, -53.195210121110534 ], [ -70.932510515599631, -53.195225899435719 ], [ -70.932513303331106, -53.195229423914036 ], [ -70.932519497015178, -53.195236960378573 ], [ -70.932523701622998, -53.195242003122793 ], [ -70.932532021387189, -53.195252216649351 ], [ -70.932539713392856, -53.19526195352087 ], [ -70.932549250419427, -53.195274409414985 ], [ -70.93255426339006, -53.195280758409481 ], [ -70.932556689545081, -53.195283939289638 ], [ -70.932557251071643, -53.195284677385644 ], [ -70.932561589237196, -53.195290392524356 ], [ -70.932579495944822, -53.195316060835125 ], [ -70.932581480337888, -53.195319172372542 ], [ -70.932601849312817, -53.195355735155687 ], [ -70.932608692138757, -53.195370029456953 ], [ -70.932613351171582, -53.195379329054099 ], [ -70.932616578056425, -53.1953855198417 ], [ -70.932631906368627, -53.19541955641958 ], [ -70.932632423118235, -53.195420913073967 ], [ -70.932641874096717, -53.195450149464598 ], [ -70.932643158810365, -53.195455152192601 ], [ -70.932643673803369, -53.195457235133972 ], [ -70.932647538771647, -53.195470227815164 ], [ -70.932648613977747, -53.195473315713642 ], [ -70.932652066047169, -53.195482837630166 ], [ -70.932655339502674, -53.195491048202612 ], [ -70.932655629870581, -53.195491718863153 ], [ -70.932661281007469, -53.195503449954813 ], [ -70.932661806712019, -53.195504439918089 ], [ -70.932665542004429, -53.195511109384682 ], [ -70.932665933599395, -53.195511773907434 ], [ -70.932696594710137, -53.195580860752678 ], [ -70.932697541605791, -53.195583971590771 ], [ -70.932701283890211, -53.195594526309065 ], [ -70.932709894910175, -53.19562341607088 ], [ -70.932712116093882, -53.195632585298576 ], [ -70.932713719321356, -53.195638501244659 ], [ -70.932713869508945, -53.195639057571867 ], [ -70.932716550301294, -53.195649028673316 ], [ -70.932717481217892, -53.195652383235249 ], [ -70.932717415939408, -53.195652389778708 ], [ -70.932724361412269, -53.195683321531789 ], [ -70.932724605759773, -53.195684816025882 ], [ -70.932726048563609, -53.195694776197207 ], [ -70.932727241359487, -53.195704227423029 ], [ -70.93272732597778, -53.195704793804737 ], [ -70.932737531863026, -53.195740657027216 ], [ -70.932740702353513, -53.195747882642458 ], [ -70.932741867645419, -53.195750330477892 ], [ -70.932744634805672, -53.195755872140012 ], [ -70.932748878419645, -53.195763989469135 ], [ -70.932773353181076, -53.195825798471041 ], [ -70.932778536769462, -53.195844761429015 ], [ -70.932779966599199, -53.195849202227421 ], [ -70.932781140120468, -53.195852697960063 ], [ -70.932782483520356, -53.195856542107961 ], [ -70.932786549363541, -53.195866940171982 ], [ -70.93278866245555, -53.195871819771632 ], [ -70.932793617538564, -53.195883101924025 ], [ -70.932793959490382, -53.195883877476341 ], [ -70.932803771033235, -53.195909037700645 ], [ -70.932807145656213, -53.195918969580688 ], [ -70.932809065366797, -53.195924252668135 ], [ -70.932811018784733, -53.195929343259834 ], [ -70.932814862165699, -53.195938852798122 ], [ -70.932817062309041, -53.195944452478194 ], [ -70.932824889449932, -53.195964960902344 ], [ -70.932831572341513, -53.195978079121787 ], [ -70.932850012853507, -53.19603634924762 ], [ -70.932852168145928, -53.196036097510934 ], [ -70.932859129056112, -53.196057589982075 ], [ -70.932866062456839, -53.196082802928636 ], [ -70.932876145528994, -53.196127307622803 ], [ -70.932879063667428, -53.196137507904545 ], [ -70.932880048425446, -53.196141223372088 ], [ -70.932880583312112, -53.196143272185004 ], [ -70.932880953504267, -53.196144711861933 ], [ -70.932887207748934, -53.196163614466144 ], [ -70.9328874990467, -53.196164332221613 ], [ -70.932889691210477, -53.196169887166839 ], [ -70.932890375419589, -53.196171671121768 ], [ -70.932893935450082, -53.196180189459575 ], [ -70.932894219705403, -53.196180817243778 ], [ -70.932896657983306, -53.196186341942614 ], [ -70.932905973279148, -53.196208003438066 ], [ -70.932906306244163, -53.196208685633906 ], [ -70.932914545225344, -53.196224177641795 ], [ -70.932914394866486, -53.196224206514039 ], [ -70.932923108178045, -53.196240827232543 ], [ -70.93292883901232, -53.196252944781548 ], [ -70.932936396928838, -53.196270225815695 ], [ -70.932939199145679, -53.196277193978048 ], [ -70.932939094431759, -53.196277209163192 ], [ -70.932942221099722, -53.196284966377469 ], [ -70.932944488240324, -53.196291059359538 ], [ -70.932947072612336, -53.1962977011028 ], [ -70.932948785974077, -53.196301994258015 ], [ -70.932955241707333, -53.196319747290786 ], [ -70.932955459944935, -53.196320411748836 ], [ -70.932956026943728, -53.196322155979104 ], [ -70.932957790185625, -53.196327637417923 ], [ -70.932962552811318, -53.196340985033899 ], [ -70.932962539266171, -53.196340986782104 ], [ -70.932963662201146, -53.196344073004056 ], [ -70.93296979271571, -53.196359203099497 ], [ -70.932982889992743, -53.19638282132891 ], [ -70.932982244256507, -53.19638295048351 ], [ -70.932993509389604, -53.196403368670495 ], [ -70.93299654595107, -53.196409821734619 ], [ -70.932997492781439, -53.196411852264056 ], [ -70.93300669521102, -53.196431765208573 ], [ -70.933018511960043, -53.196461133906944 ], [ -70.933020501265062, -53.196466924368288 ], [ -70.933035553282878, -53.196543357546538 ], [ -70.933035672897887, -53.196545603068742 ], [ -70.933040183321097, -53.196583766147882 ], [ -70.933040377003863, -53.196588219811396 ], [ -70.933041697322821, -53.196603879381861 ], [ -70.933041405930879, -53.196603888246393 ], [ -70.933042699190082, -53.196621780974773 ], [ -70.933042761358465, -53.1966247460457 ], [ -70.933042835452994, -53.196626392545497 ], [ -70.933043571512485, -53.196635659410767 ], [ -70.933044281381854, -53.196641889056252 ], [ -70.933043950081753, -53.196641902704094 ], [ -70.933046033591182, -53.196684981114934 ], [ -70.933045830768819, -53.196690052122484 ], [ -70.933045841596964, -53.196692621542311 ], [ -70.933049495161015, -53.196716291158332 ], [ -70.933052160781926, -53.196725010201007 ], [ -70.933051942832648, -53.196725034236522 ], [ -70.933056094354583, -53.196738829876445 ], [ -70.933057856772322, -53.196745726173411 ], [ -70.93305917282072, -53.196750544890463 ], [ -70.933064487126174, -53.196773790980153 ], [ -70.933066049308849, -53.196782259291524 ], [ -70.933067652992449, -53.196791902626536 ], [ -70.933069299938879, -53.196803016296876 ], [ -70.933071492955136, -53.196811107285463 ], [ -70.933081094529925, -53.196833948538846 ], [ -70.93308937773314, -53.1968513072486 ], [ -70.93309422411761, -53.196862764490511 ], [ -70.933093491057988, -53.196862876272533 ], [ -70.933107164753835, -53.196898755556553 ], [ -70.933108690266224, -53.196904080009737 ], [ -70.933109005306576, -53.196905138841267 ], [ -70.933109599207498, -53.196907161162088 ], [ -70.933115656227955, -53.196928067087043 ], [ -70.933115766312014, -53.196928387432671 ], [ -70.93311663083206, -53.196930674449398 ], [ -70.933135189579261, -53.196965758171189 ], [ -70.933141331984032, -53.196980077834077 ], [ -70.933141393766945, -53.196980066761959 ], [ -70.933143268707227, -53.196983857326217 ], [ -70.933149562091216, -53.196995357342558 ], [ -70.933164668550916, -53.19702021331193 ], [ -70.933168366490037, -53.197025412601214 ], [ -70.933175435023983, -53.197034718473532 ], [ -70.933178176023603, -53.197038115489434 ], [ -70.933182332599358, -53.197043352647299 ], [ -70.933196063585569, -53.197060944886459 ], [ -70.933201216152654, -53.197067690859889 ], [ -70.933204841250898, -53.19707254222633 ], [ -70.933205892200036, -53.197073915022202 ], [ -70.93321910200126, -53.197089570157665 ], [ -70.933240110877691, -53.197116667780605 ], [ -70.933258710942368, -53.197142905528239 ], [ -70.933260821973775, -53.197145913765205 ], [ -70.933264488126298, -53.197151191335927 ], [ -70.933265597017296, -53.19715275037457 ], [ -70.933278109103696, -53.197168493337536 ], [ -70.933284206789097, -53.197175051708413 ], [ -70.93333804483872, -53.19725155838713 ], [ -70.93333845215119, -53.197251460521784 ], [ -70.933346925170412, -53.197264177627041 ], [ -70.933347806317514, -53.197265429916975 ], [ -70.933347944748419, -53.197265708086057 ], [ -70.933356579146562, -53.197278667564397 ], [ -70.933357262865727, -53.197279604882375 ], [ -70.933364032352586, -53.19728911698639 ], [ -70.933386298078517, -53.197324442494612 ], [ -70.933389676212357, -53.197330568321853 ], [ -70.933399552194331, -53.197344159011543 ], [ -70.933408499353959, -53.197357011456539 ], [ -70.933417140291198, -53.197369985658888 ], [ -70.93341957263732, -53.197373456277319 ], [ -70.933426175922378, -53.197382581514098 ], [ -70.933428028880115, -53.197385164277676 ], [ -70.933432655505698, -53.197391669289793 ], [ -70.933433288733681, -53.197392512576357 ], [ -70.933453954587705, -53.197422965977005 ], [ -70.933456008822603, -53.19742634158824 ], [ -70.933457132471602, -53.197428164978128 ], [ -70.93347069557241, -53.197448178734938 ], [ -70.933470694682853, -53.197448178929179 ], [ -70.933473713917635, -53.197452470928852 ], [ -70.933473806553337, -53.197452609768021 ], [ -70.933476270198469, -53.197456353100776 ], [ -70.933478904680683, -53.197460409319433 ], [ -70.933483268988255, -53.19746683380648 ], [ -70.933485653426047, -53.1974701944374 ], [ -70.933485957437725, -53.19747060549642 ], [ -70.933519757701021, -53.197525784993836 ], [ -70.933523926895631, -53.197534267262022 ], [ -70.933541778222491, -53.197562412602466 ], [ -70.933544817014536, -53.197566154239716 ], [ -70.933562210712395, -53.197589194876436 ], [ -70.933563095790859, -53.197590461036377 ], [ -70.933570118997892, -53.197599893399619 ], [ -70.933571777779719, -53.197601990315796 ], [ -70.933575780118559, -53.197606895244917 ], [ -70.933581485074214, -53.197613676828617 ], [ -70.933582496438021, -53.197614881420861 ], [ -70.933591702910732, -53.197626244760073 ], [ -70.933604868684483, -53.197643093257646 ], [ -70.933604853307301, -53.197643097553026 ], [ -70.933610866527957, -53.197650710344369 ], [ -70.933611913521901, -53.197652094439157 ], [ -70.933614212102995, -53.197655163728236 ], [ -70.933615089092683, -53.197656346586612 ], [ -70.933632201570433, -53.197677192684473 ], [ -70.933634858789915, -53.197680462934436 ], [ -70.933644982680676, -53.197693051806098 ], [ -70.933644940855345, -53.197693063903102 ], [ -70.9336513390504, -53.197701023412854 ], [ -70.93365433169123, -53.197704900115703 ], [ -70.933672779235337, -53.197728137424818 ], [ -70.933676931446016, -53.197732463262348 ], [ -70.933744298372361, -53.197825635420472 ], [ -70.933751265968425, -53.197839337939129 ], [ -70.933752883400231, -53.197842438152733 ], [ -70.933753424986222, -53.197843450419725 ], [ -70.933757541756179, -53.197851398322207 ], [ -70.933766261029135, -53.197868798275579 ], [ -70.933768450485587, -53.19787231976099 ], [ -70.933772703753547, -53.197878158146807 ], [ -70.933775545868684, -53.197881184984119 ], [ -70.933790315607922, -53.19789771172217 ], [ -70.933795816441716, -53.197904187783514 ], [ -70.933800413892229, -53.197909693054136 ], [ -70.933813232097492, -53.197925308990236 ], [ -70.933857367899591, -53.197992057879759 ], [ -70.933860143205536, -53.197997484574302 ], [ -70.933864366529079, -53.19800523780556 ], [ -70.933865554166232, -53.198007291210509 ], [ -70.933882653536159, -53.198030683436137 ], [ -70.933897135374934, -53.198044338481672 ], [ -70.933897819525342, -53.19804492902324 ], [ -70.933898680709973, -53.198045674025607 ], [ -70.933904181689527, -53.198050443309484 ], [ -70.93396791175455, -53.198117289488529 ], [ -70.933973145536299, -53.198124067915181 ], [ -70.933973947341272, -53.198125046916708 ], [ -70.933982739033794, -53.198134149628387 ], [ -70.934029053133571, -53.1981700316298 ], [ -70.934027431088239, -53.198170786562166 ], [ -70.934092100424905, -53.198222364560522 ], [ -70.934092705680342, -53.198222968429405 ], [ -70.934117574506686, -53.198245656464657 ], [ -70.934115870051855, -53.198246330202856 ], [ -70.93416819009947, -53.198300054148739 ], [ -70.934168284162894, -53.198300025110228 ], [ -70.934168592621731, -53.19830038502888 ], [ -70.934169053314847, -53.198300940448007 ], [ -70.934171891468679, -53.198303854778445 ], [ -70.934178575963685, -53.198312472486506 ], [ -70.934186213743018, -53.198321991663377 ], [ -70.934197733676911, -53.198334947202 ], [ -70.934197112331617, -53.19833514645299 ], [ -70.934237555615667, -53.198386631992129 ], [ -70.934242029365578, -53.198393577027034 ], [ -70.934255675721431, -53.198412049798826 ], [ -70.934255491677931, -53.198412098819126 ], [ -70.934265875572407, -53.198426114626272 ], [ -70.934266390597756, -53.198426869113071 ], [ -70.934289061361341, -53.19847920091803 ], [ -70.934290962293105, -53.198478840544915 ], [ -70.934332778693999, -53.198558370612318 ], [ -70.934329660003456, -53.198558961859923 ], [ -70.934362262770605, -53.198605196878979 ], [ -70.934390355363234, -53.198672204845423 ], [ -70.934394100961569, -53.198685334086754 ], [ -70.934396689593669, -53.198690871867207 ], [ -70.934407019693936, -53.198705851516017 ], [ -70.934415087656348, -53.198721405896229 ], [ -70.934421735914711, -53.198730848704734 ], [ -70.934431518244551, -53.198753083018694 ], [ -70.93443384692813, -53.198757572673415 ], [ -70.934449348310608, -53.198779504628909 ], [ -70.934471504996282, -53.198843968893627 ], [ -70.934475725591554, -53.19885356197851 ], [ -70.93447693739698, -53.198859774293211 ], [ -70.934479226048254, -53.198866433213006 ], [ -70.93448265098921, -53.198886021541 ], [ -70.934488355942236, -53.198903915698644 ], [ -70.934493378663433, -53.198913852502017 ], [ -70.934498285156181, -53.19892144465355 ], [ -70.934513293365697, -53.198946911701334 ], [ -70.934516568937127, -53.198953050850605 ], [ -70.934526147222456, -53.198980249827642 ], [ -70.934527353469747, -53.198980052403954 ], [ -70.934550777446347, -53.199031658075086 ], [ -70.934555344072692, -53.199044724618844 ], [ -70.934556416415688, -53.199046846239909 ], [ -70.934566895947597, -53.199077778745952 ], [ -70.934568977316601, -53.199083734191696 ], [ -70.934569150436644, -53.199084433184105 ], [ -70.934584418210832, -53.199129499049754 ], [ -70.934585348008596, -53.199134711786428 ], [ -70.934591661175503, -53.199153855010692 ], [ -70.934597338694005, -53.199165427438615 ], [ -70.934609990663148, -53.19919485209212 ], [ -70.934611053761628, -53.199197722327916 ], [ -70.934617570739675, -53.199217374523393 ], [ -70.934623581126459, -53.199237875744473 ], [ -70.934623171192399, -53.199237919083899 ], [ -70.934627258441978, -53.199251061828789 ], [ -70.934636963347728, -53.199273234089603 ], [ -70.934652749358136, -53.199328648667603 ], [ -70.934668542598658, -53.199369072247187 ], [ -70.934681045120669, -53.199409186951897 ], [ -70.934682382522297, -53.199414902473272 ], [ -70.934689035200194, -53.199433088435995 ], [ -70.934689712541967, -53.199436315838497 ], [ -70.934693216090551, -53.199457094223632 ], [ -70.93469590373752, -53.199465732316263 ], [ -70.934706927735121, -53.199487720507214 ], [ -70.934710926256784, -53.199496858132029 ], [ -70.934722918113636, -53.199515888796668 ], [ -70.934723966664507, -53.199518239612701 ], [ -70.934732783543026, -53.19954019954686 ], [ -70.934745116258497, -53.199574700682717 ], [ -70.934741009830532, -53.199575230035393 ], [ -70.934768454038831, -53.199648775867267 ], [ -70.934769195720889, -53.199654624594018 ], [ -70.934770623378014, -53.199686576821072 ], [ -70.934770710154382, -53.199686575411604 ], [ -70.93477100969568, -53.199693225007415 ], [ -70.934774122128317, -53.19971601535913 ], [ -70.93477885504808, -53.199728502537717 ], [ -70.93477910297571, -53.199729688772436 ], [ -70.934782300428068, -53.199754924706632 ], [ -70.934782808252024, -53.199754900544917 ], [ -70.934787410350239, -53.199789813590861 ], [ -70.934789015816037, -53.199797131821384 ], [ -70.934786270224706, -53.199797349036018 ], [ -70.934793907667029, -53.199823460278864 ], [ -70.934794732297547, -53.199830325930115 ], [ -70.934795525760592, -53.199832939997052 ], [ -70.934799401414665, -53.199847362384062 ], [ -70.934805455871015, -53.199866311826192 ], [ -70.934808426435993, -53.199873840649268 ], [ -70.934809981390146, -53.199877634407144 ], [ -70.934818661558722, -53.199898045861502 ], [ -70.934830521026186, -53.199922027705249 ], [ -70.934842262615746, -53.199949983316912 ], [ -70.934842408680012, -53.199949961884386 ], [ -70.934854616732864, -53.199979942775997 ], [ -70.934854239226709, -53.199979998176225 ], [ -70.934859451400641, -53.199993238259083 ], [ -70.934866894821312, -53.200007728919367 ], [ -70.934888436410432, -53.200061016397292 ], [ -70.934896459202619, -53.20008793511046 ], [ -70.93490192698188, -53.200109208070316 ], [ -70.934906652136164, -53.200131049519229 ], [ -70.934907587528301, -53.20014011066587 ], [ -70.93491093046967, -53.200150826079167 ], [ -70.934913120862873, -53.200160950743175 ], [ -70.934913704296847, -53.200163714857148 ], [ -70.934914305946066, -53.200166637358798 ], [ -70.934919547092321, -53.200179908075704 ], [ -70.934926627769087, -53.200211135447198 ], [ -70.934927542283575, -53.200217682449939 ], [ -70.934928880082524, -53.200221069044389 ], [ -70.934930470931647, -53.200228085157349 ], [ -70.934931951154084, -53.200235198097637 ], [ -70.934942033771208, -53.200260650790533 ], [ -70.934951519023926, -53.200288473750376 ], [ -70.934954205633304, -53.200297854115206 ], [ -70.934952896978473, -53.20029798928347 ], [ -70.934963042338225, -53.200325385705696 ], [ -70.934964499816047, -53.200332405692862 ], [ -70.934974602692307, -53.200354162839474 ], [ -70.934979549427666, -53.200366108810542 ], [ -70.934982276331198, -53.20037214933236 ], [ -70.934992474902828, -53.200399257099498 ], [ -70.934992517761785, -53.200399251278661 ], [ -70.93499494914866, -53.200405698119532 ], [ -70.934998588827867, -53.200412437395144 ], [ -70.935000512200588, -53.200417727849739 ], [ -70.935021706952213, -53.200450387487962 ], [ -70.93502033242909, -53.200450709112502 ], [ -70.935050689107499, -53.200498615097594 ], [ -70.935075178297268, -53.200574687200671 ], [ -70.935075337462493, -53.20057559787719 ], [ -70.935079102548457, -53.200609236338146 ], [ -70.935079213399092, -53.200611487304613 ], [ -70.935079277268841, -53.200615516919548 ], [ -70.935097027907815, -53.200659014525279 ], [ -70.935098351716974, -53.200661196069213 ], [ -70.935102761485396, -53.200670138647425 ], [ -70.935107053263664, -53.200675535283409 ], [ -70.935138076052311, -53.200726658219892 ], [ -70.935145462704682, -53.200738830487573 ], [ -70.935144823085366, -53.200738970432631 ], [ -70.935175388931242, -53.200790357733297 ], [ -70.935178259440221, -53.200789841072705 ], [ -70.935182399539343, -53.200798134774175 ], [ -70.93518772729081, -53.200811100820268 ], [ -70.935188823547946, -53.200812943968771 ], [ -70.935191919701765, -53.200821303088844 ], [ -70.935191919256965, -53.20082130318599 ], [ -70.935194171879232, -53.200826785361762 ], [ -70.93520477615111, -53.200848366759061 ], [ -70.935234961125317, -53.20096075675545 ], [ -70.935234983438491, -53.200961165553792 ], [ -70.935234068968356, -53.200971883504344 ], [ -70.935235078937879, -53.200979278113003 ], [ -70.935235093678585, -53.200979385940173 ], [ -70.935236300277779, -53.200988220161001 ], [ -70.935238674223186, -53.200995015505463 ], [ -70.935244232287161, -53.201026164112122 ], [ -70.935243361295974, -53.201026220158539 ], [ -70.935247729728431, -53.201041145458532 ], [ -70.935248339981996, -53.201045613836989 ], [ -70.935249953469082, -53.201051475637975 ], [ -70.935251852472433, -53.201057373617509 ], [ -70.935249976006517, -53.201057591466672 ], [ -70.935250071214853, -53.201058288846795 ], [ -70.935258542774093, -53.201076742005355 ], [ -70.93526569419852, -53.201101199925027 ], [ -70.93527450036143, -53.201142439819975 ], [ -70.935275520907481, -53.201149965878272 ], [ -70.93527725078377, -53.201168827500588 ], [ -70.935279542171315, -53.201179405888851 ], [ -70.935281166859596, -53.201191301078808 ], [ -70.935281057649576, -53.20119130644931 ], [ -70.935284733193456, -53.201208770973281 ], [ -70.935287384806813, -53.201232041879642 ], [ -70.935288856354376, -53.201250560033237 ], [ -70.935288858605233, -53.201250609984243 ], [ -70.935289712755036, -53.201269565310376 ], [ -70.935290202133643, -53.201280425609887 ], [ -70.935290838892357, -53.201285734535311 ], [ -70.935281326141407, -53.201396301372 ], [ -70.935280728865024, -53.201398328199858 ], [ -70.935279106215276, -53.201405850449646 ], [ -70.93527640215224, -53.201418385429015 ], [ -70.935273065817114, -53.201432170659814 ], [ -70.935272775417118, -53.201433252268217 ], [ -70.935252068189413, -53.201488198662908 ], [ -70.935246388163335, -53.201499828449812 ], [ -70.935238968961841, -53.201525439675159 ], [ -70.935238507173551, -53.201535437767802 ], [ -70.935238842581583, -53.201542881275131 ], [ -70.935242002706389, -53.201570615379602 ], [ -70.93524173981865, -53.201570626213631 ], [ -70.935243291260264, -53.201584241859983 ], [ -70.935247296382926, -53.201615642435826 ], [ -70.935253432218957, -53.201644717868007 ], [ -70.935253776239463, -53.20164733824442 ], [ -70.935254699504, -53.20165156877141 ], [ -70.935256770966717, -53.201659857867583 ], [ -70.935262407145899, -53.20167986157125 ], [ -70.935266588707464, -53.201698194184573 ], [ -70.935276788578889, -53.201720235448953 ], [ -70.935301943129971, -53.201806388783169 ], [ -70.935306532565605, -53.201842544055737 ], [ -70.935306882416228, -53.201844645761213 ], [ -70.935307698924944, -53.201851248565504 ], [ -70.935309455092693, -53.201859906901191 ], [ -70.935309785851871, -53.20186143873493 ], [ -70.935312027283317, -53.201868867278421 ], [ -70.935321251533153, -53.201987568869704 ], [ -70.935312432695639, -53.202049001124159 ], [ -70.935314277508425, -53.202070548157408 ], [ -70.935314673039684, -53.202079325427086 ], [ -70.935314547640871, -53.202106154781958 ], [ -70.935314294725373, -53.202110802879353 ], [ -70.935314404131319, -53.202113230713138 ], [ -70.935314670431978, -53.202115202783361 ], [ -70.935328807356825, -53.202146524516081 ], [ -70.935349035180465, -53.202208093604462 ], [ -70.935354480853363, -53.202234140801508 ], [ -70.935358408538363, -53.202322118569022 ], [ -70.935358314822253, -53.202322906406735 ], [ -70.93535426390595, -53.202347459923125 ], [ -70.935353169117107, -53.202352641263289 ], [ -70.935353745401855, -53.202365047156121 ], [ -70.935352441914887, -53.202376086994633 ], [ -70.935355430047593, -53.202390478557994 ], [ -70.935357646119712, -53.202410823452688 ], [ -70.935361896397112, -53.20243583826381 ], [ -70.935363674892585, -53.202452407306183 ], [ -70.935363680719831, -53.202452407031707 ], [ -70.935368413825543, -53.202487896461108 ], [ -70.935370862636475, -53.202498905723822 ], [ -70.935373504966904, -53.202509022585225 ], [ -70.935377326796711, -53.202521752002205 ], [ -70.935386446304676, -53.202562971238301 ], [ -70.935386510121035, -53.202563417122597 ], [ -70.935386545637158, -53.202563540705306 ], [ -70.935388671065354, -53.202573470869233 ], [ -70.93539264536436, -53.202585350357516 ], [ -70.935395811403282, -53.202590990127462 ], [ -70.935399309587098, -53.202600132620539 ], [ -70.935418222434521, -53.202707720963971 ], [ -70.935417883571731, -53.202720837954395 ], [ -70.935416049423708, -53.202746071373468 ], [ -70.935415355706681, -53.202751869243862 ], [ -70.935414531001271, -53.202774034503555 ], [ -70.935416165920557, -53.202810312303086 ], [ -70.935418148742599, -53.202826344164293 ], [ -70.935427865425126, -53.202858504507191 ], [ -70.935433602790681, -53.202885827935823 ], [ -70.935434776202172, -53.202891730598132 ], [ -70.935443207320404, -53.2029366632391 ], [ -70.935443932563359, -53.202940176747148 ], [ -70.935445683465502, -53.202948078609197 ], [ -70.935455158404451, -53.202974322318831 ], [ -70.935481386202397, -53.203008443239632 ], [ -70.935497380787908, -53.203037603374106 ], [ -70.935507510112913, -53.203051102296904 ], [ -70.935517269139226, -53.203062451477237 ], [ -70.93552619669461, -53.20307318284911 ], [ -70.93553000652264, -53.203077919391617 ], [ -70.935556034018205, -53.20311428768651 ], [ -70.935557973904125, -53.203117365374169 ], [ -70.935570261043594, -53.203134640152179 ], [ -70.935577186231896, -53.203143348812326 ], [ -70.935590751293105, -53.203161422223999 ], [ -70.935597747652508, -53.203171321066634 ], [ -70.935608326620155, -53.203183977720819 ], [ -70.935640073146303, -53.203212526215736 ], [ -70.9356419506328, -53.203213983377239 ], [ -70.935642260533655, -53.203213839347399 ], [ -70.935652432594452, -53.203221726640329 ], [ -70.935658375208803, -53.203226095871401 ], [ -70.935697082669478, -53.203257207282803 ], [ -70.935704332618158, -53.203263592440557 ], [ -70.935721830608841, -53.20327811152027 ], [ -70.93573165163825, -53.203286458804186 ], [ -70.935742037742898, -53.20329550293409 ], [ -70.935779928075306, -53.203324933684613 ], [ -70.93578470882052, -53.203328646508787 ], [ -70.935825799061135, -53.203360561394341 ], [ -70.935830013721926, -53.203363774010484 ], [ -70.935835986144212, -53.20336824227406 ], [ -70.935859715256868, -53.203384768450739 ], [ -70.935957835106734, -53.203471979182538 ], [ -70.936008924063486, -53.203553630597781 ], [ -70.936015029908333, -53.203561555625306 ], [ -70.936016026241205, -53.20356244864869 ], [ -70.936055039494462, -53.203588403201159 ], [ -70.936129162106695, -53.203641788587305 ], [ -70.936128437701157, -53.203642151173227 ], [ -70.936176059941999, -53.203676434517597 ], [ -70.936261907056561, -53.203748969046444 ], [ -70.936273311655412, -53.203755868868171 ], [ -70.936337843028952, -53.203800416941768 ], [ -70.936349201855506, -53.203809386140179 ], [ -70.936358932110949, -53.203816415483125 ], [ -70.936359670715674, -53.203816998742482 ], [ -70.936374061389628, -53.203825770580643 ], [ -70.936386323041134, -53.203832256649534 ], [ -70.936391413180687, -53.203834792230282 ], [ -70.936391086045447, -53.203835028965223 ], [ -70.936432750540163, -53.203856429461474 ], [ -70.936456661566211, -53.203869998533484 ], [ -70.936482375221317, -53.203882904821455 ], [ -70.936517057492139, -53.203901439588371 ], [ -70.936531155349442, -53.203909457903521 ], [ -70.936565162188913, -53.203930091156863 ], [ -70.936574355718932, -53.203936041888696 ], [ -70.936574547358461, -53.203936150885617 ], [ -70.936590559968494, -53.203944528256415 ], [ -70.93669327905819, -53.204013216147196 ], [ -70.936694838579697, -53.204012468849946 ], [ -70.936733311338472, -53.204041411176206 ], [ -70.936741004521224, -53.204047394919407 ], [ -70.936751017838191, -53.204054396253312 ], [ -70.936838491402213, -53.204130042178953 ], [ -70.936865100978963, -53.204158995109339 ], [ -70.936883856345162, -53.204173480811022 ], [ -70.93689182102338, -53.204181110618819 ], [ -70.936911135800401, -53.204193676634844 ], [ -70.936914031478011, -53.204195323554671 ], [ -70.936930247943053, -53.204204023923651 ], [ -70.936938137782576, -53.204208015563239 ], [ -70.93694008707152, -53.204208904771747 ], [ -70.936959664439271, -53.20421474309363 ], [ -70.937032095193999, -53.204239451160781 ], [ -70.937040626648681, -53.204242751504772 ], [ -70.937049123712669, -53.204245428821579 ], [ -70.937051024988278, -53.204245990473467 ], [ -70.937073121354146, -53.204250963290612 ], [ -70.937074106426323, -53.204251253940541 ], [ -70.937126089239229, -53.204268153855516 ], [ -70.937146704352159, -53.204275502409587 ], [ -70.937160169820203, -53.204281151041869 ], [ -70.937163697258043, -53.204282173716223 ], [ -70.937174536257203, -53.204287177639266 ], [ -70.93723749728251, -53.204313589283103 ], [ -70.937243443112905, -53.204316499215004 ], [ -70.937241365042937, -53.204318029939309 ], [ -70.93728549860667, -53.204338404712324 ], [ -70.937305347276592, -53.204349693503467 ], [ -70.93738155608014, -53.204400146895964 ], [ -70.937444189435624, -53.20445693623995 ], [ -70.937479189998513, -53.20449459011251 ], [ -70.937498853662319, -53.2045104544843 ], [ -70.937535261700319, -53.204547048925996 ], [ -70.937579596887858, -53.204586001750364 ], [ -70.937594168440697, -53.204602232403957 ], [ -70.937629559767998, -53.204647522130486 ], [ -70.937643062298534, -53.204667644202708 ], [ -70.937648656463907, -53.204673783133586 ], [ -70.937671474839391, -53.204700972918914 ], [ -70.937678723859534, -53.204710391751526 ], [ -70.937713446284008, -53.204775863663926 ], [ -70.937715672815671, -53.204775426107282 ], [ -70.937734059657117, -53.204809156050736 ], [ -70.937751402266954, -53.204850253756426 ], [ -70.937754543776222, -53.204856414328184 ], [ -70.937783591062981, -53.204895458876031 ], [ -70.937780469281805, -53.204896296062927 ], [ -70.937825629594371, -53.20496405275523 ], [ -70.937833211119255, -53.204980695395967 ], [ -70.937835441698837, -53.204984734085521 ], [ -70.937853542130398, -53.205013221414497 ], [ -70.937859127441655, -53.20502569271698 ], [ -70.937870376926043, -53.20504110736217 ], [ -70.937880459288039, -53.205056305529759 ], [ -70.937882663665093, -53.205059332036946 ], [ -70.937880628811541, -53.205059866273743 ], [ -70.937933554876068, -53.205147559048044 ], [ -70.937937532773461, -53.205158017076023 ], [ -70.937950829143148, -53.205185937110912 ], [ -70.937950611903716, -53.20518597444957 ], [ -70.937956767965574, -53.205198940743365 ], [ -70.937969560438191, -53.205217214451814 ], [ -70.937990077800862, -53.205250055681873 ], [ -70.937998695142724, -53.205265678023515 ], [ -70.937996101206252, -53.205266193846619 ], [ -70.938021659176144, -53.205315217634798 ], [ -70.938022510163819, -53.205317606429681 ], [ -70.93802455803565, -53.205320774564555 ], [ -70.938056439255931, -53.205396509483379 ], [ -70.938059286383705, -53.205396122330505 ], [ -70.938060357451064, -53.205398961298584 ], [ -70.938078919188698, -53.205434951629741 ], [ -70.938094805429103, -53.205457526965859 ], [ -70.93811476977757, -53.205504211588789 ], [ -70.938115670874339, -53.205504080770133 ], [ -70.938120973480622, -53.205517249203425 ], [ -70.938121629762037, -53.205518711270912 ], [ -70.938123966645023, -53.205522293842279 ], [ -70.938151566467369, -53.205579252003886 ], [ -70.938152350558994, -53.20557911994193 ], [ -70.938172877694853, -53.205623045903046 ], [ -70.938171416218054, -53.205623292108065 ], [ -70.938189704447666, -53.205667822697386 ], [ -70.938190644220782, -53.205669527392637 ], [ -70.938192374480991, -53.20567432375956 ], [ -70.938193772516996, -53.205677728037919 ], [ -70.938194259669984, -53.205679550141966 ], [ -70.938203926688274, -53.20570634837803 ], [ -70.938204579829801, -53.205706241192473 ], [ -70.938212448965302, -53.205723533283432 ], [ -70.938217459259747, -53.205743862870769 ], [ -70.938224268423454, -53.20576273881364 ], [ -70.938226765516831, -53.205776701174265 ], [ -70.938225571478227, -53.205776778141541 ], [ -70.938238637775015, -53.205829795282547 ], [ -70.938239714025002, -53.205853639098471 ], [ -70.938240849954639, -53.205862539169736 ], [ -70.938242232626919, -53.205878554497502 ], [ -70.938244935393044, -53.205898317192485 ], [ -70.938250620223215, -53.205916050115675 ], [ -70.938259510422583, -53.205937685655776 ], [ -70.938265325262151, -53.205954924678814 ], [ -70.93828732051314, -53.206006281711282 ], [ -70.938309398218806, -53.206052716590541 ], [ -70.938322221150486, -53.206073228327526 ], [ -70.938349219562696, -53.206126098058235 ], [ -70.938355429906494, -53.206141607868766 ], [ -70.938357492226473, -53.206146899245098 ], [ -70.938362417321315, -53.20615988833476 ], [ -70.938363480238309, -53.206161713206733 ], [ -70.938368592711328, -53.2061744809562 ], [ -70.938383249048272, -53.206222369970639 ], [ -70.938386675525706, -53.206238414973946 ], [ -70.938389573936689, -53.206247014669863 ], [ -70.938391826482999, -53.206257783690234 ], [ -70.938411539506063, -53.206312923485939 ], [ -70.938420169499992, -53.206341549188757 ], [ -70.938420250580478, -53.206341879081911 ], [ -70.938423384090129, -53.206352495221886 ], [ -70.93842368669273, -53.206353672018111 ], [ -70.938425611414274, -53.206359255308328 ], [ -70.938425137725474, -53.20635931417258 ], [ -70.938427142415065, -53.206367110088806 ], [ -70.938433470693695, -53.206387702231993 ], [ -70.938433814847954, -53.206387666513457 ], [ -70.938447733552621, -53.206436066858451 ], [ -70.938447191308271, -53.206436123062289 ], [ -70.938460297422608, -53.206487238114093 ], [ -70.938465327924192, -53.20652498757476 ], [ -70.938466095588694, -53.206528355716173 ], [ -70.938471998831247, -53.206546802881164 ], [ -70.938476324176534, -53.206562569651325 ], [ -70.938478592494789, -53.206569467794075 ], [ -70.938480653645598, -53.206577127392578 ], [ -70.938485361571452, -53.206590054020062 ], [ -70.938490080136731, -53.20660440377096 ], [ -70.938491212772078, -53.206607921869598 ], [ -70.938498075445793, -53.206629705374006 ], [ -70.938505857336466, -53.206664628917963 ], [ -70.938506034304694, -53.206664614889917 ], [ -70.938508743983036, -53.206676963843542 ], [ -70.93851225959385, -53.206690009038113 ], [ -70.938514017658107, -53.206695502435934 ], [ -70.938511451454829, -53.206695798448443 ], [ -70.938515333102998, -53.206705398344937 ], [ -70.938516981950571, -53.206705218494108 ], [ -70.938528497489372, -53.206743275178418 ], [ -70.938527776405337, -53.206743353802359 ], [ -70.938537001992444, -53.206775927181994 ], [ -70.938539044387198, -53.206786627155005 ], [ -70.938541831339748, -53.206797081796466 ], [ -70.938544550594131, -53.206811055458545 ], [ -70.938547436337416, -53.206834587879442 ], [ -70.938547515378815, -53.206834583985959 ], [ -70.938551333026538, -53.206862514980884 ], [ -70.938554201009296, -53.206871238338472 ], [ -70.938558702102867, -53.206886269334305 ], [ -70.9385612962202, -53.206895865547217 ], [ -70.938569215370038, -53.206937163861937 ], [ -70.938572646942177, -53.206967259773762 ], [ -70.938573820019187, -53.206973464404008 ], [ -70.938576912015463, -53.206999916120921 ], [ -70.938577020071023, -53.206999911395627 ], [ -70.938580562787578, -53.20702937750724 ], [ -70.938585313620337, -53.20705150509766 ], [ -70.938589802128959, -53.207061685975987 ], [ -70.938594683153298, -53.207079509371169 ], [ -70.938602487434707, -53.207118683103445 ], [ -70.938604076672107, -53.207131358844173 ], [ -70.938605287734347, -53.207141018290329 ], [ -70.938606071418548, -53.207147268186098 ], [ -70.938608070654993, -53.20715696497323 ], [ -70.938613465532796, -53.207199993959968 ], [ -70.938615872852793, -53.207253313977716 ], [ -70.938617210298048, -53.207267152340059 ], [ -70.938617853947065, -53.207271491232021 ], [ -70.938619465711369, -53.20728026092376 ], [ -70.938623706776411, -53.207317372394755 ], [ -70.938628782724962, -53.207429798909324 ], [ -70.93863157908541, -53.207451783976332 ], [ -70.938631891975774, -53.207453274555085 ], [ -70.938635820478268, -53.207477094243522 ], [ -70.938637974067049, -53.207495005266296 ], [ -70.938639286294233, -53.20750892153707 ], [ -70.938643246018842, -53.207566815862492 ], [ -70.938646671839038, -53.207583193068679 ], [ -70.938648646660027, -53.207684756666914 ], [ -70.938645189965115, -53.207705115596568 ], [ -70.938642424613775, -53.207728372083075 ], [ -70.938642075921067, -53.207737849858404 ], [ -70.938641295744276, -53.207749930231977 ], [ -70.938640831170119, -53.207769624254993 ], [ -70.938641310758427, -53.207780246356172 ], [ -70.938641298892705, -53.207804859302598 ], [ -70.93864046652601, -53.207822908193322 ], [ -70.938638562042684, -53.207822876521981 ], [ -70.93863401091852, -53.207873321399674 ], [ -70.938632428455406, -53.207880299286906 ], [ -70.938632193424795, -53.207886626176681 ], [ -70.938630593471942, -53.207907634755863 ], [ -70.938628175042993, -53.207928615118014 ], [ -70.938627057386412, -53.207960564559322 ], [ -70.938626935661389, -53.207963566781906 ], [ -70.938626652912447, -53.207969699173034 ], [ -70.938627361160542, -53.207985385714565 ], [ -70.938627590510336, -53.208002515303328 ], [ -70.938627114260527, -53.208028451755141 ], [ -70.938626800732905, -53.20802844966488 ], [ -70.938625039139851, -53.208067556814711 ], [ -70.938624103443331, -53.20807446151219 ], [ -70.938623039271008, -53.208081608618215 ], [ -70.938621536269636, -53.208090867377059 ], [ -70.938620863480367, -53.208119708012632 ], [ -70.938620720177539, -53.208121267151 ], [ -70.938613982846988, -53.208159816672449 ], [ -70.938614404484113, -53.208174163608376 ], [ -70.938610521989645, -53.208202814540073 ], [ -70.938610794745003, -53.208208855627326 ], [ -70.938614088401735, -53.208237296546606 ], [ -70.938612903088639, -53.208237346043937 ], [ -70.938616163306619, -53.20828389225813 ], [ -70.938616143573682, -53.208284320889788 ], [ -70.938613424020886, -53.208312118481686 ], [ -70.938611851019829, -53.208322623122932 ], [ -70.938603795398222, -53.208359359031078 ], [ -70.938599041361087, -53.208375775308397 ], [ -70.938599037901014, -53.20837594411762 ], [ -70.938597659111863, -53.208397944530887 ], [ -70.938596959583961, -53.208421453565521 ], [ -70.938597095406919, -53.208431589655873 ], [ -70.938596649081802, -53.208455897337537 ], [ -70.938595408548792, -53.208477274971813 ], [ -70.938594675788124, -53.208484770732383 ], [ -70.938594536932953, -53.208490057016768 ], [ -70.938585450672761, -53.208550103978162 ], [ -70.938584933384959, -53.208554444949257 ], [ -70.938584015686274, -53.20857930458984 ], [ -70.938581620138223, -53.208600262189655 ], [ -70.938581074236623, -53.208618609937368 ], [ -70.938581471896512, -53.208627417456348 ], [ -70.938581560762103, -53.208649608410248 ], [ -70.938581229428806, -53.208658532352388 ], [ -70.938581531823715, -53.208665229897527 ], [ -70.938581456750228, -53.208691143275345 ], [ -70.938581131740165, -53.208697523953475 ], [ -70.93857735747531, -53.208727402489934 ], [ -70.938577600473565, -53.208727414538849 ], [ -70.938576808606356, -53.208733166821553 ], [ -70.938576310771296, -53.208743962071978 ], [ -70.938574726108541, -53.208762242301539 ], [ -70.938573892947815, -53.208782563027576 ], [ -70.938576359303568, -53.208803074963669 ], [ -70.938577287896067, -53.20880881875884 ], [ -70.938578165332643, -53.208815691612408 ], [ -70.938578432917396, -53.208817856861046 ], [ -70.938579484633351, -53.208826652657471 ], [ -70.938562972203798, -53.208957936003088 ], [ -70.938562425799063, -53.208959386711435 ], [ -70.938562209708351, -53.208964073592611 ], [ -70.938562945963682, -53.208970197671789 ], [ -70.938563921921627, -53.20898200555105 ], [ -70.938567494012815, -53.20900897701506 ], [ -70.938570721916648, -53.209023618666045 ], [ -70.938577052397079, -53.209073874498159 ], [ -70.938577433352663, -53.20908568181035 ], [ -70.93858085754637, -53.209114160071479 ], [ -70.938580237569383, -53.209114186972691 ], [ -70.938580744003758, -53.209118398362889 ], [ -70.938580952004045, -53.209118388145285 ], [ -70.938582241542534, -53.209127824065376 ], [ -70.938582460568711, -53.209132675046185 ], [ -70.938582875440616, -53.209136125526513 ], [ -70.93858318390933, -53.209142957471194 ], [ -70.938582925019944, -53.209142961684094 ], [ -70.938584461820554, -53.209177001923123 ], [ -70.938584355094704, -53.209179314864166 ], [ -70.938582719773507, -53.209199063716412 ], [ -70.938582632148155, -53.209199796344905 ], [ -70.93858211532131, -53.209213713337533 ], [ -70.938557532652808, -53.20931833953609 ], [ -70.938557175893294, -53.209319151345575 ], [ -70.938552929254072, -53.209335225631342 ], [ -70.938548747345607, -53.209346826327796 ], [ -70.938546471510563, -53.209357928587877 ], [ -70.938544805077086, -53.209365034874985 ], [ -70.938544158864261, -53.209369210628829 ], [ -70.93854218801367, -53.209378825381926 ], [ -70.938533056458766, -53.209412665933115 ], [ -70.938530092395354, -53.209421500913351 ], [ -70.938528814852191, -53.209428852068271 ], [ -70.938526491309887, -53.209476285881692 ], [ -70.938515981081977, -53.209502939422187 ], [ -70.938515394740818, -53.2095065606525 ], [ -70.938506212563183, -53.209527711574339 ], [ -70.938491538355677, -53.209564924677188 ], [ -70.938490929381089, -53.209565978211103 ], [ -70.938487885505779, -53.209569927937643 ], [ -70.93848558839386, -53.209575219221854 ], [ -70.938475727477922, -53.209592280229813 ], [ -70.938447925191525, -53.209631983625954 ], [ -70.938448588616566, -53.20963215929514 ], [ -70.9384289762545, -53.20965884909134 ], [ -70.938422021997624, -53.209669585137668 ], [ -70.938417093230925, -53.209680852024071 ], [ -70.9384001676775, -53.209727225999288 ], [ -70.938397844049462, -53.209732285306963 ], [ -70.938395813035271, -53.209737131991531 ], [ -70.938382369376086, -53.209765299070185 ], [ -70.93837932897145, -53.209770964855849 ], [ -70.938371341615593, -53.209788089050747 ], [ -70.93835633476148, -53.209816578429248 ], [ -70.938353770147472, -53.209820937516078 ], [ -70.93835043553932, -53.209827620155529 ], [ -70.938336204524319, -53.209855120172804 ], [ -70.938321360381266, -53.209879966530082 ], [ -70.938310071986933, -53.209907516932262 ], [ -70.938309863674419, -53.209908903609595 ], [ -70.938308949911317, -53.209911801121109 ], [ -70.938294940825827, -53.209947973324809 ], [ -70.938287183948134, -53.209964813617219 ], [ -70.938286842936691, -53.209964757040808 ], [ -70.938280858948104, -53.209978785098961 ], [ -70.93827481275757, -53.209990738787354 ], [ -70.938269162599099, -53.21000029229463 ], [ -70.938267180356334, -53.210006661094496 ], [ -70.938267063380124, -53.210006902955818 ], [ -70.938244675278881, -53.210044222468916 ], [ -70.938236512031622, -53.210091190270283 ], [ -70.938239242797167, -53.210111168182898 ], [ -70.938236762290515, -53.210111290354583 ], [ -70.938245002526273, -53.210167654688085 ], [ -70.938237773200086, -53.210204365964529 ], [ -70.938240089044484, -53.210204480855829 ], [ -70.938238901004837, -53.210213109547439 ], [ -70.938229129510674, -53.21025727238483 ], [ -70.938226081714078, -53.210267234156397 ], [ -70.938225309899238, -53.210267149076145 ], [ -70.938215040152144, -53.210306064405465 ], [ -70.938177096868756, -53.210373001143289 ], [ -70.938175781810784, -53.21038238611866 ], [ -70.938178062832066, -53.210393098303491 ], [ -70.938205696350565, -53.210441638562166 ], [ -70.938202256737299, -53.210442344271065 ], [ -70.938234996480674, -53.210491465939455 ], [ -70.93823915144624, -53.210501719323993 ], [ -70.938248309944427, -53.210527620289234 ], [ -70.93825267742659, -53.21054205343416 ], [ -70.938251989512864, -53.210542128459458 ], [ -70.93826719552267, -53.210607991804572 ], [ -70.938263082268122, -53.210684285293851 ], [ -70.93826179568488, -53.210690834183396 ], [ -70.938270784635378, -53.210732145569814 ], [ -70.938269903855755, -53.21073221465268 ], [ -70.938283014980712, -53.210790502377321 ], [ -70.938273795430845, -53.210878671774402 ], [ -70.938259022585257, -53.210912062036236 ], [ -70.938260155655044, -53.210912210466077 ], [ -70.938232743869818, -53.210987612557602 ], [ -70.938233587544204, -53.211004558715608 ], [ -70.938222195165764, -53.211097211625997 ], [ -70.93820123467421, -53.211167460367115 ], [ -70.938197779248824, -53.211189237420051 ], [ -70.938181592595029, -53.211227424119606 ], [ -70.938183051852178, -53.21122764537138 ], [ -70.938156951523837, -53.211289674671107 ], [ -70.938144034787129, -53.21133398935627 ], [ -70.938142412208734, -53.211337432256727 ], [ -70.938139932559011, -53.211348492777326 ], [ -70.938139313043578, -53.211353244747443 ], [ -70.938139004373966, -53.211360506589926 ], [ -70.938136703996861, -53.211386061292764 ], [ -70.93813580861368, -53.211392564886474 ], [ -70.938111327586327, -53.211475203772459 ], [ -70.938061672803499, -53.211553668078501 ], [ -70.938037144107938, -53.211577678481326 ], [ -70.937996268076375, -53.211634276504242 ], [ -70.937994885690571, -53.211644099152117 ], [ -70.937999212609625, -53.211664593410475 ], [ -70.938006053020572, -53.211680243123851 ], [ -70.93801761082365, -53.211751561252278 ], [ -70.938017690987621, -53.211754365542269 ], [ -70.938021139483169, -53.21176378063798 ], [ -70.938038152211959, -53.211781802992796 ], [ -70.938097923256535, -53.211862852402305 ], [ -70.938116580967375, -53.211913127870275 ], [ -70.938119371181173, -53.211912764301552 ], [ -70.938120384119841, -53.211915565733591 ], [ -70.938126116612452, -53.211926858927747 ], [ -70.938126816065761, -53.211927589719281 ], [ -70.938183801677539, -53.212002163728627 ], [ -70.938217250562261, -53.212081714548006 ], [ -70.938219322524901, -53.212089631460003 ], [ -70.938222678099194, -53.212100081796216 ], [ -70.938227413511711, -53.212112994224263 ], [ -70.938233572294493, -53.212131661637287 ], [ -70.938239876822905, -53.212153149085132 ], [ -70.938241770246066, -53.212159602541192 ], [ -70.938244719654591, -53.21216965464 ], [ -70.938247293861991, -53.212174826294216 ], [ -70.938252751409394, -53.212191847435655 ], [ -70.938259705898687, -53.212217520111949 ], [ -70.938260714596879, -53.212222071624176 ], [ -70.938267156353092, -53.212274134090102 ], [ -70.938267207612654, -53.212276055617536 ], [ -70.93826827084564, -53.212279582487398 ], [ -70.938270694123943, -53.212287620809079 ], [ -70.938275795079846, -53.212304542022054 ], [ -70.93828200494444, -53.212316537696132 ], [ -70.938289656279693, -53.212339147187492 ], [ -70.938304293306956, -53.212442301194308 ], [ -70.938279216037245, -53.21254472840139 ], [ -70.93824543004591, -53.212620548577043 ], [ -70.93824286448708, -53.212627541008459 ], [ -70.938238642673042, -53.212636879680694 ], [ -70.938235316768967, -53.212661560460496 ], [ -70.938208152160527, -53.212750446043152 ], [ -70.938185147790975, -53.212798081512517 ], [ -70.938185099590996, -53.212802782740532 ], [ -70.938191386296353, -53.212828365229178 ], [ -70.938207323168939, -53.212868650672362 ], [ -70.938210105240856, -53.212949916201048 ], [ -70.938211403282864, -53.212949939046794 ], [ -70.938209641111797, -53.212985995131035 ], [ -70.938211039536498, -53.212997324038639 ], [ -70.938230898183988, -53.213051500908684 ], [ -70.938248256976905, -53.21313968396661 ], [ -70.938236390488996, -53.213228194426904 ], [ -70.938235490855845, -53.213231174239304 ], [ -70.938217958049322, -53.213273943917756 ], [ -70.938217049385685, -53.21327795446458 ], [ -70.938218538721429, -53.213305073178361 ], [ -70.938223481178483, -53.213330619185157 ], [ -70.938224272979056, -53.213330585085451 ], [ -70.938227245543345, -53.213355432208296 ], [ -70.93823044494269, -53.213366975638564 ], [ -70.938241674372293, -53.213381368885287 ], [ -70.938294951370992, -53.213475668494112 ], [ -70.938312324467631, -53.213574696166837 ], [ -70.938292940319187, -53.213673589142694 ], [ -70.938279767998608, -53.213707643821031 ], [ -70.93827965263057, -53.213708837036791 ], [ -70.938287730910787, -53.213745964993471 ], [ -70.938291991628816, -53.213755026752686 ], [ -70.938304959195804, -53.213834007839623 ], [ -70.93829788480349, -53.213887920545609 ], [ -70.93829855959352, -53.213887951732659 ], [ -70.938296992365949, -53.213900178586087 ], [ -70.938295489288308, -53.213927525793807 ], [ -70.938293784597761, -53.213938164454021 ], [ -70.938293763687867, -53.213938311699906 ], [ -70.938273905556173, -53.214009677807354 ], [ -70.938264571547961, -53.214031983478471 ], [ -70.93826317185011, -53.214039213530825 ], [ -70.938262747912745, -53.214053458953039 ], [ -70.938262989296845, -53.214058805036622 ], [ -70.938252405452218, -53.21413090222439 ], [ -70.938252640115891, -53.21413617577354 ], [ -70.938254808332076, -53.21413635339448 ], [ -70.93825340481466, -53.214142527028386 ], [ -70.938253017278399, -53.214144651778263 ], [ -70.938253357396448, -53.214152294061975 ], [ -70.938251168764097, -53.214170837450105 ], [ -70.938242132452288, -53.214215510556578 ], [ -70.938237003058561, -53.214233349008779 ], [ -70.938234949768216, -53.214240175139381 ], [ -70.938232614791204, -53.214247609208968 ], [ -70.938212696137882, -53.214296064841243 ], [ -70.938205289564848, -53.214310566632705 ], [ -70.938199577391472, -53.214327655850965 ], [ -70.93819320940743, -53.214344935459359 ], [ -70.938191998028088, -53.214347940930857 ], [ -70.938179441692327, -53.214374473871459 ], [ -70.93817898763298, -53.214376200162903 ], [ -70.938174324730468, -53.214393932126328 ], [ -70.938173823480057, -53.214397844250293 ], [ -70.938173784273218, -53.214398793751471 ], [ -70.938157659541915, -53.214481054716522 ], [ -70.938157206569642, -53.214482334069586 ], [ -70.938154821419332, -53.214495786332762 ], [ -70.93815229791231, -53.214520694096095 ], [ -70.938150494168696, -53.214552875467248 ], [ -70.938148452184507, -53.214574203808297 ], [ -70.938148352319544, -53.21457494104024 ], [ -70.938144312212046, -53.214597613789294 ], [ -70.938141639409807, -53.214609704346806 ], [ -70.938130705307714, -53.214640572208168 ], [ -70.938122384890846, -53.214673777798147 ], [ -70.938121549716513, -53.214691883440295 ], [ -70.938121610606913, -53.214705834713662 ], [ -70.938120875050359, -53.214726033984149 ], [ -70.938120811207241, -53.214726033134738 ], [ -70.938120809496468, -53.214729587938471 ], [ -70.938120544591087, -53.21473533136934 ], [ -70.938121756343094, -53.214762150173883 ], [ -70.938122922516882, -53.214767143077687 ], [ -70.938125600785426, -53.214805344792261 ], [ -70.938133008248613, -53.214828687838796 ], [ -70.938137302439912, -53.214838436116345 ], [ -70.938157860889262, -53.214894204710525 ], [ -70.938178285624844, -53.214934524487198 ], [ -70.938193917443911, -53.215013109889867 ], [ -70.938190272113758, -53.215051114284002 ], [ -70.938192252750824, -53.215099628094727 ], [ -70.938192159692846, -53.215101355345787 ], [ -70.938192514521162, -53.215102330712519 ], [ -70.938195416840628, -53.215117243240535 ], [ -70.938197905648579, -53.215120479718436 ], [ -70.938218569900414, -53.215156053073237 ], [ -70.938247378662993, -53.215228247221567 ], [ -70.938248887187001, -53.215228073795629 ], [ -70.938254966250753, -53.21524712756456 ], [ -70.938259070131124, -53.215263877901357 ], [ -70.938265408650466, -53.215278507331959 ], [ -70.938276094444163, -53.215306921379884 ], [ -70.938276187757609, -53.215307213313459 ], [ -70.938280887755525, -53.215325319975996 ], [ -70.938287561331435, -53.215345239750953 ], [ -70.938296541900542, -53.215357860859811 ], [ -70.938306886118923, -53.215377866920726 ], [ -70.938320760780698, -53.215396280763862 ], [ -70.938342993951665, -53.215431039110804 ], [ -70.938343306613689, -53.215430967763425 ], [ -70.938351071795978, -53.215443234725257 ], [ -70.93835158548417, -53.215444470750334 ], [ -70.938351954364563, -53.215445047336658 ], [ -70.938352608045648, -53.215446278926315 ], [ -70.938356794493586, -53.21545416601586 ], [ -70.938356651045126, -53.215454193433423 ], [ -70.938364107802713, -53.215464001730609 ], [ -70.93839778297621, -53.215549196035525 ], [ -70.938403658991987, -53.215575091046965 ], [ -70.938416419371336, -53.215597746412143 ], [ -70.938426305739441, -53.215610101937123 ], [ -70.938428087477973, -53.215612120995715 ], [ -70.938426550638582, -53.215612609643884 ], [ -70.938482807495888, -53.215700743052757 ], [ -70.938487439919541, -53.215699897997048 ], [ -70.938501110176787, -53.215726898877975 ], [ -70.938518009406934, -53.215766748304802 ], [ -70.938520126880221, -53.215772907983592 ], [ -70.938525304089907, -53.215782636934414 ], [ -70.938531080438381, -53.21579219376676 ], [ -70.938537462386577, -53.215799897411316 ], [ -70.93856015231944, -53.215835613961715 ], [ -70.938563720177143, -53.215839293999771 ], [ -70.938614849648033, -53.215880219020228 ], [ -70.938672846861863, -53.215948200012917 ], [ -70.938687802357222, -53.215970151631147 ], [ -70.938710756034496, -53.215998600212394 ], [ -70.938718439085306, -53.216011222805015 ], [ -70.938727173905974, -53.216029784884029 ], [ -70.938728355056384, -53.216031389447309 ], [ -70.938736915428251, -53.216041983428234 ], [ -70.938804225026587, -53.216099141926954 ], [ -70.938807643802136, -53.216101732211357 ], [ -70.938809881599639, -53.216103945500763 ], [ -70.938820071118613, -53.216112598245097 ], [ -70.938819063087848, -53.216113025967438 ], [ -70.938904105892348, -53.216197134238719 ], [ -70.938910874901751, -53.216206208378118 ], [ -70.938913096050243, -53.216208606602592 ], [ -70.93891576707469, -53.216211358116645 ], [ -70.938935726795719, -53.216233875582759 ], [ -70.938935942572655, -53.216233807968379 ], [ -70.938950867207168, -53.216250979328905 ], [ -70.938960157984582, -53.216263383073176 ], [ -70.938966169789623, -53.216269474509318 ], [ -70.938974399253112, -53.216278775353196 ], [ -70.938989476990045, -53.216293307197525 ], [ -70.938998103475313, -53.216301830817919 ], [ -70.939011226655111, -53.216315127701193 ], [ -70.939054900959619, -53.216370455638483 ], [ -70.939056556257668, -53.216370019177553 ], [ -70.939080690454261, -53.216402998415404 ], [ -70.939088188578637, -53.216413612178037 ], [ -70.939094908815349, -53.216423475033281 ], [ -70.939108238143902, -53.216440879482121 ], [ -70.939112117114377, -53.216445423017944 ], [ -70.939124607503203, -53.216459090350043 ], [ -70.939150681196423, -53.216490465018701 ], [ -70.939164986551901, -53.216509503971245 ], [ -70.939163529758346, -53.216509898363469 ], [ -70.939174780683629, -53.216523945936373 ], [ -70.939175390905262, -53.216523786940598 ], [ -70.939191605641426, -53.216546209334517 ], [ -70.939199770797842, -53.216556464927969 ], [ -70.93923885114576, -53.216621069047932 ], [ -70.939266454350275, -53.216654569696011 ], [ -70.939282811295826, -53.216673871658664 ], [ -70.939298419990308, -53.216693446614933 ], [ -70.939312680714281, -53.216712499223021 ], [ -70.939323037766513, -53.216729956615609 ], [ -70.939367405941567, -53.216799439743347 ], [ -70.93937100019788, -53.216810466859094 ], [ -70.93937104628823, -53.216810459276012 ], [ -70.939377770795929, -53.216825263794547 ], [ -70.939382983122144, -53.21683740367375 ], [ -70.939388375284523, -53.216850729086744 ], [ -70.939395079177388, -53.216871763585267 ], [ -70.939400959006491, -53.216881826118723 ], [ -70.93941099978079, -53.21690663933002 ], [ -70.939436202370402, -53.216946046254321 ], [ -70.939470220896467, -53.216987737827452 ], [ -70.939468463157567, -53.216988254539039 ], [ -70.939497523306798, -53.217023767687778 ], [ -70.939503108861203, -53.217032272358509 ], [ -70.939503383178533, -53.217032578696283 ], [ -70.939504129943543, -53.217033661319306 ], [ -70.939540761050111, -53.217101574179743 ], [ -70.939544810265573, -53.217111788959301 ], [ -70.939547356815311, -53.217115111677955 ], [ -70.939566664146454, -53.217142808061624 ], [ -70.939568872387312, -53.217145813706352 ], [ -70.939590613680139, -53.217178891586336 ], [ -70.939590660124608, -53.217178971385565 ], [ -70.939602543335965, -53.217205326944018 ], [ -70.939622962814767, -53.217235978119547 ], [ -70.939623508532435, -53.21723716587794 ], [ -70.939634189382446, -53.217269572411645 ], [ -70.93964827691228, -53.217289345605884 ], [ -70.939664881150236, -53.217314760215089 ], [ -70.939673701539789, -53.217329569074295 ], [ -70.939701141812492, -53.217387709363216 ], [ -70.939701631729648, -53.217389097440225 ], [ -70.93970656103069, -53.217404360826642 ], [ -70.93971000410545, -53.217416106311418 ], [ -70.939715377905216, -53.217430367116236 ], [ -70.939713752514052, -53.217430587775326 ], [ -70.939719751001519, -53.217442443954951 ], [ -70.939727119140755, -53.217464843624491 ], [ -70.939726380757165, -53.21746493116688 ], [ -70.939732279645426, -53.217481914842296 ], [ -70.939732925844396, -53.217484351460456 ], [ -70.93973739636597, -53.21749639965072 ], [ -70.939737603497122, -53.21749688968 ], [ -70.939747843109842, -53.217524818988522 ], [ -70.939753715388605, -53.217543676098288 ], [ -70.93975226815158, -53.217543838475443 ], [ -70.939759329959898, -53.21755896842317 ], [ -70.939764168438643, -53.217575847180257 ], [ -70.93976437615531, -53.217576449581891 ], [ -70.939768315633913, -53.217590759989498 ], [ -70.939771420608125, -53.217597423042577 ], [ -70.939792009954118, -53.217650330058817 ], [ -70.939797767598094, -53.217661118122138 ], [ -70.939800680116761, -53.217666352921754 ], [ -70.939810055373016, -53.217682539080251 ], [ -70.939809521032061, -53.217682650632234 ], [ -70.939834009679302, -53.217732852189123 ], [ -70.939836476512994, -53.217739477261517 ], [ -70.939839324485192, -53.217746581348372 ], [ -70.939843328229912, -53.217755899690658 ], [ -70.939839759952875, -53.217756452090285 ], [ -70.939857617487334, -53.217795929610524 ], [ -70.939862854117919, -53.217815253155337 ], [ -70.93986255183485, -53.2178152827113 ], [ -70.939868136614805, -53.217835349500383 ], [ -70.939868684452676, -53.217837955932588 ], [ -70.939872831490476, -53.217863572085442 ], [ -70.939875553915314, -53.217887484977986 ], [ -70.939878251747558, -53.217902236716235 ], [ -70.939877189620873, -53.217902306694789 ], [ -70.93988364315554, -53.217964698374843 ], [ -70.939871145962286, -53.218037950380342 ], [ -70.939843622129871, -53.218098562146224 ], [ -70.939842514710591, -53.218102770494639 ], [ -70.939843654199322, -53.218122418508472 ], [ -70.93984462023694, -53.218126138264665 ], [ -70.939850956463573, -53.21814323708427 ], [ -70.939851162053998, -53.218143702863927 ], [ -70.939874059967508, -53.218182781845194 ], [ -70.939913850900552, -53.2182198481567 ], [ -70.939926426336868, -53.218229106133045 ], [ -70.939993416066017, -53.218303492299427 ], [ -70.94003600260379, -53.218384094040168 ], [ -70.940052249691675, -53.218429210287553 ], [ -70.940055310626505, -53.218441043888397 ], [ -70.940057470760863, -53.218445839517678 ], [ -70.940059954255091, -53.218451499267921 ], [ -70.940065465080934, -53.218464398363565 ], [ -70.940073710467132, -53.218480869739587 ], [ -70.940078853074169, -53.21848985090346 ], [ -70.940103005715585, -53.218542095315307 ], [ -70.940105895458416, -53.218550220671673 ], [ -70.940116513291898, -53.218576730383653 ], [ -70.94011679291178, -53.218576689778139 ], [ -70.940121570089616, -53.218588548114155 ], [ -70.940125552847704, -53.218599562856504 ], [ -70.940156698976281, -53.218652730883086 ], [ -70.940155445060014, -53.218652995485996 ], [ -70.940156138965662, -53.218654084090396 ], [ -70.940172592902144, -53.218677619534063 ], [ -70.940179306966343, -53.218688945911929 ], [ -70.940199063664068, -53.218727737401352 ], [ -70.94020145686379, -53.218733327413929 ], [ -70.940224117298655, -53.218776728179385 ], [ -70.940235228521459, -53.218804327952114 ], [ -70.940239358763407, -53.218813189748431 ], [ -70.940256384679856, -53.218858709726817 ], [ -70.940262467265555, -53.218880118860667 ], [ -70.940265222173082, -53.218888229237031 ], [ -70.940275328910857, -53.218926229094095 ], [ -70.940280463610847, -53.218952800036355 ], [ -70.940291254691232, -53.218987537583082 ], [ -70.940293934673932, -53.21900851978549 ], [ -70.940293774580539, -53.219008527157698 ], [ -70.940299272505044, -53.219043403950224 ], [ -70.940299295410426, -53.219043814535397 ], [ -70.940308840952682, -53.219086602367383 ], [ -70.94030992803998, -53.219092087151672 ], [ -70.940311731972571, -53.219097262494437 ], [ -70.940316483887599, -53.219112959660762 ], [ -70.940315707299504, -53.219113044322469 ], [ -70.94032502903967, -53.219146132833046 ], [ -70.940326125996563, -53.219151975010732 ], [ -70.940330559846657, -53.219190108876639 ], [ -70.940331098281561, -53.219202018974023 ], [ -70.940334035562941, -53.219218824558908 ], [ -70.940334112809722, -53.219220404019936 ], [ -70.940335196533269, -53.219226314561411 ], [ -70.940339413330165, -53.219263278334786 ], [ -70.940341218584621, -53.219303209965048 ], [ -70.940342645634047, -53.219315071246321 ], [ -70.940344314710188, -53.219335248173962 ], [ -70.940345995044979, -53.219372416434034 ], [ -70.940348807548148, -53.21939058998511 ], [ -70.940351884711504, -53.219423722652586 ], [ -70.9403522604145, -53.219435743915767 ], [ -70.940353491817746, -53.219446325700851 ], [ -70.940355790629482, -53.219464322322331 ], [ -70.940355847941504, -53.219464771635828 ], [ -70.940357763122321, -53.219486932815613 ], [ -70.940359698139858, -53.219529734003586 ], [ -70.940362484301488, -53.219551661628707 ], [ -70.940362960257318, -53.21955393262273 ], [ -70.940366523833177, -53.21957490231992 ], [ -70.940367459439855, -53.219582068915813 ], [ -70.940371242338429, -53.219599536906706 ], [ -70.940369692498024, -53.219599657807208 ], [ -70.940376916179616, -53.219624077536807 ], [ -70.940377645665137, -53.219629974966701 ], [ -70.940378783532552, -53.219659381075523 ], [ -70.940379040688867, -53.219659376887407 ], [ -70.940382046508532, -53.219725862248751 ], [ -70.940388125446972, -53.219752643289276 ], [ -70.940392888227336, -53.219784124178695 ], [ -70.940394147117644, -53.219788706838841 ], [ -70.940396797180483, -53.219799111599983 ], [ -70.9403999714837, -53.219812633208811 ], [ -70.940402193110245, -53.219822961155565 ], [ -70.940404097045487, -53.219832699820977 ], [ -70.940404796640806, -53.219836411864364 ], [ -70.94040877633806, -53.219858341177058 ], [ -70.94041290283964, -53.219894808878664 ], [ -70.940413246911248, -53.219902419171866 ], [ -70.940414914654795, -53.219915474972048 ], [ -70.940415722328183, -53.219917972699328 ], [ -70.940422785456946, -53.219954915013872 ], [ -70.940423354596376, -53.219956954151975 ], [ -70.940430507202308, -53.219994165624279 ], [ -70.940430726055766, -53.219994152440002 ], [ -70.940433422782519, -53.22001023055752 ], [ -70.94043838257349, -53.220030098016345 ], [ -70.940443884931028, -53.220044618138303 ], [ -70.940443318754291, -53.220044695417954 ], [ -70.940446048102629, -53.220053917707745 ], [ -70.94044769748092, -53.220057793733332 ], [ -70.940466197238266, -53.220118265866354 ], [ -70.940470259460895, -53.220139726413599 ], [ -70.940473364136338, -53.220150060295225 ], [ -70.940480347588547, -53.220180285263801 ], [ -70.940483064015098, -53.220189943625101 ], [ -70.940487093117412, -53.220202186518215 ], [ -70.940487275041335, -53.220202668505593 ], [ -70.940496161525147, -53.220234808573181 ], [ -70.940496806041011, -53.220234744402262 ], [ -70.940507832909432, -53.22027462562653 ], [ -70.940509841248968, -53.22028229916787 ], [ -70.940511261391123, -53.220288048960995 ], [ -70.940511803789065, -53.220290656017823 ], [ -70.940520898670826, -53.220312075052171 ], [ -70.940532087608034, -53.220334525449367 ], [ -70.940542501973908, -53.220358248307427 ], [ -70.940543583722103, -53.220360277387563 ], [ -70.940562090988536, -53.220394634616305 ], [ -70.940561909680142, -53.220394669845469 ], [ -70.940583607676984, -53.220435044083452 ], [ -70.940587591866361, -53.220444533359142 ], [ -70.940597578377819, -53.220463324581146 ], [ -70.940606622974059, -53.220475082551616 ], [ -70.940614111750349, -53.220485140216233 ], [ -70.940620510110222, -53.220494024033506 ], [ -70.940662983329929, -53.2205717682181 ], [ -70.940663405301777, -53.220572871228441 ], [ -70.94067581779602, -53.22059753493545 ], [ -70.940702738935002, -53.220675308202097 ], [ -70.940706006995313, -53.220692092025089 ], [ -70.94070931773895, -53.220713543137059 ], [ -70.94071143076799, -53.220732057305277 ], [ -70.940712401974537, -53.220736103596501 ], [ -70.94071814896752, -53.220776538042728 ], [ -70.940718500451965, -53.220776522787432 ], [ -70.940723348358944, -53.220816811217247 ], [ -70.940723293787983, -53.22081681354463 ], [ -70.940723599171207, -53.220818786671416 ], [ -70.940724397718412, -53.22082579897085 ], [ -70.940726194600003, -53.220835622177283 ], [ -70.940728359020284, -53.220845450545127 ], [ -70.940734980226253, -53.220871139641424 ], [ -70.940740192497671, -53.220887379152572 ], [ -70.940743047348178, -53.220894792739578 ], [ -70.940750496816449, -53.220916583166343 ], [ -70.940755679177556, -53.220933910031768 ], [ -70.940762978833177, -53.220964223063888 ], [ -70.940763935895859, -53.220969450314136 ], [ -70.940767174558047, -53.220977997200933 ], [ -70.940778351307628, -53.221030735952283 ], [ -70.940782394856242, -53.221055103706838 ], [ -70.940783757061183, -53.221066437752469 ], [ -70.940789327710476, -53.221094910710626 ], [ -70.940796022126904, -53.221118338026315 ], [ -70.94079793400482, -53.221123402727223 ], [ -70.940800690629047, -53.221129922274116 ], [ -70.940819425060866, -53.221192540617061 ], [ -70.940824720809772, -53.221222181518563 ], [ -70.940820268700918, -53.221222468017302 ], [ -70.940829317532348, -53.221259230782721 ], [ -70.940829396761629, -53.221260982739494 ], [ -70.940828878141232, -53.221293868284697 ], [ -70.940828697369241, -53.22129622090997 ], [ -70.940828308353659, -53.221320882304994 ], [ -70.940828135740972, -53.221320881340787 ], [ -70.940828159292124, -53.221326688763241 ], [ -70.940827018478302, -53.22135745269393 ], [ -70.940827276671868, -53.221363161983206 ], [ -70.940827405990007, -53.221384236605232 ], [ -70.94082603423071, -53.221425876301247 ], [ -70.94082599528187, -53.221426992573157 ], [ -70.940825829667304, -53.221431455842946 ], [ -70.940824334905372, -53.221451544494592 ], [ -70.940823388078087, -53.221460012384554 ], [ -70.940822909793852, -53.221459993114095 ], [ -70.940818309407589, -53.221493017612666 ], [ -70.940814903802476, -53.221508383007823 ], [ -70.940814179177693, -53.221515007002182 ], [ -70.940813513223347, -53.221535810476965 ], [ -70.940813651152666, -53.221538860432247 ], [ -70.940807141136659, -53.221611413414209 ], [ -70.940781233782431, -53.221682388326187 ], [ -70.940762825651007, -53.221718537820571 ], [ -70.940762137814446, -53.22172407084112 ], [ -70.94076304360712, -53.221727541183526 ], [ -70.940764031045816, -53.221736613107005 ], [ -70.940765470967406, -53.22174100958631 ], [ -70.940797463235668, -53.221783439281417 ], [ -70.940796869525713, -53.221783600533286 ], [ -70.940813214541379, -53.221801267103082 ], [ -70.940859756507734, -53.221896121382549 ], [ -70.940867742564976, -53.221923050419207 ], [ -70.940873200584704, -53.22194526283787 ], [ -70.940876335482059, -53.221956839338915 ], [ -70.940882971017501, -53.221988330962034 ], [ -70.940885958937201, -53.222008098180531 ], [ -70.940885371061839, -53.222008130143557 ], [ -70.940887486754875, -53.222019690971123 ], [ -70.940888691436172, -53.222030799849804 ], [ -70.940889996710013, -53.222047793023179 ], [ -70.940892428801078, -53.222101569309046 ], [ -70.940891025438532, -53.222101592170034 ], [ -70.940892634159937, -53.222123304124977 ], [ -70.940891558915766, -53.222155205637819 ], [ -70.940891843645218, -53.222161501307305 ], [ -70.940892000333719, -53.222181702858329 ], [ -70.940891392467265, -53.222202170217713 ], [ -70.940889906111664, -53.222223570632011 ], [ -70.940889629042204, -53.222226105985328 ], [ -70.940888964604312, -53.222246895858071 ], [ -70.940889040714325, -53.222248578728049 ], [ -70.940887860245155, -53.222277130187443 ], [ -70.940888416987704, -53.222277138469806 ], [ -70.940887671711636, -53.222295167132977 ], [ -70.940885946060817, -53.222315642181812 ], [ -70.940884509660734, -53.222350727376579 ], [ -70.940875686123547, -53.222409342411098 ], [ -70.940875165064583, -53.222411335473069 ], [ -70.940873014546312, -53.222418908721224 ], [ -70.940873232149855, -53.222422799343157 ], [ -70.940870880893016, -53.222444148484286 ], [ -70.940868859893385, -53.222458835282865 ], [ -70.940868391494035, -53.222461671429869 ], [ -70.94086779590684, -53.222477730251946 ], [ -70.940868098753469, -53.222484426514654 ], [ -70.940866932543329, -53.222524492566549 ], [ -70.940866711613836, -53.222526626386269 ], [ -70.940869461030701, -53.222587418759041 ], [ -70.940864015220981, -53.222620903315907 ], [ -70.940866105057012, -53.222620937960606 ], [ -70.940864743832535, -53.222650484829209 ], [ -70.940864467979068, -53.222656472083891 ], [ -70.940869314440349, -53.222691900411327 ], [ -70.940868301770479, -53.222691950262515 ], [ -70.940874139908686, -53.222727308222339 ], [ -70.940875140453855, -53.22274943106121 ], [ -70.940877838666381, -53.222770932958809 ], [ -70.940879948960102, -53.222781161204288 ], [ -70.940883781597094, -53.222804877874388 ], [ -70.940887028837139, -53.222832606493093 ], [ -70.940888061387128, -53.222838057275332 ], [ -70.940891484629532, -53.222867289123535 ], [ -70.940891518124559, -53.222867287768743 ], [ -70.940894247423117, -53.22289119898609 ], [ -70.940895161791147, -53.222902678328182 ], [ -70.940898347533263, -53.222927662324302 ], [ -70.940902334501359, -53.222946609510508 ], [ -70.940900905465128, -53.222946717840223 ], [ -70.940907832893004, -53.222970423113686 ], [ -70.940912545219462, -53.2230095812847 ], [ -70.940911925043721, -53.223009608199796 ], [ -70.940913299796023, -53.223021031762613 ], [ -70.940913401321225, -53.223021027501481 ], [ -70.940915565742912, -53.223039553410722 ], [ -70.94091504669413, -53.223106579934807 ], [ -70.94090592220229, -53.223141869033071 ], [ -70.940904030172049, -53.223161388397237 ], [ -70.940901566410247, -53.223180074840229 ], [ -70.940901131348099, -53.223182681005142 ], [ -70.940900544484379, -53.223198508536548 ], [ -70.940900657508209, -53.223201007506397 ], [ -70.940904281380085, -53.223218272181747 ], [ -70.940905094035912, -53.223236240040833 ], [ -70.940903631989315, -53.223251474337552 ], [ -70.940904585161391, -53.223260992657792 ], [ -70.940904195103542, -53.223261006743734 ], [ -70.940904634160589, -53.223265391564368 ], [ -70.940906569198575, -53.22327356256946 ], [ -70.940906628493536, -53.22327437012359 ], [ -70.940907069092802, -53.223306581835672 ], [ -70.94090614964972, -53.223326539468403 ], [ -70.940906292118925, -53.223339682408366 ], [ -70.940905867103695, -53.223357743611928 ], [ -70.94089435955722, -53.223430129219494 ], [ -70.940884530480531, -53.223463276105605 ], [ -70.94088384201352, -53.223472899205753 ], [ -70.94088322970704, -53.223480105664478 ], [ -70.940881858318875, -53.223494045732537 ], [ -70.940881449153281, -53.223511626222432 ], [ -70.940882282360263, -53.223530048488001 ], [ -70.940882975879802, -53.223536124511071 ], [ -70.940872229058954, -53.223648593588301 ], [ -70.940870521159553, -53.223654132975064 ], [ -70.940862590430825, -53.223691318595641 ], [ -70.940862525638948, -53.22369131362742 ], [ -70.940860733201191, -53.223705076426995 ], [ -70.940849790307269, -53.223753882487848 ], [ -70.940843032846232, -53.22379424801106 ], [ -70.940843829247029, -53.223794318020879 ], [ -70.940838534967327, -53.223816002434475 ], [ -70.940838492164801, -53.223816228614652 ], [ -70.940837662215387, -53.223820441618891 ], [ -70.94083253234767, -53.223845466578979 ], [ -70.940832139698472, -53.22385891456306 ], [ -70.940832608838065, -53.223869287407439 ], [ -70.940832052934326, -53.223893431677851 ], [ -70.940832288220633, -53.223893433599152 ], [ -70.940832266425502, -53.223894379310252 ], [ -70.940831990374178, -53.223896149100987 ], [ -70.940831761743695, -53.223906078929247 ], [ -70.940831236890304, -53.223911824167381 ], [ -70.940829553982013, -53.223911768777896 ], [ -70.940821179295511, -53.223965459819652 ], [ -70.940820196904625, -53.223968836308899 ], [ -70.94081808672199, -53.223976965321611 ], [ -70.940817512248444, -53.223979480344923 ], [ -70.940803682027578, -53.22402355090918 ], [ -70.940791756047759, -53.224053303034985 ], [ -70.940790244754169, -53.224062527589609 ], [ -70.940790084692395, -53.224063493354201 ], [ -70.940788140589177, -53.224075102598952 ], [ -70.940785965566604, -53.224086601155413 ], [ -70.940776845224292, -53.224129838891429 ], [ -70.940774775180742, -53.224144360966804 ], [ -70.940772638079338, -53.224156161526977 ], [ -70.940771907596002, -53.224162872192494 ], [ -70.94076517654203, -53.22420039275849 ], [ -70.940759907905559, -53.224221420438987 ], [ -70.940757233374086, -53.224221179093128 ], [ -70.940746557645696, -53.224269961727202 ], [ -70.940730147564139, -53.224311363022771 ], [ -70.940727030408794, -53.224328473988386 ], [ -70.940725703173882, -53.224341192416844 ], [ -70.940726260302085, -53.224359563076725 ], [ -70.94072434355499, -53.22437370900645 ], [ -70.940720838691334, -53.224393910673719 ], [ -70.940714724962618, -53.224422796278574 ], [ -70.940713550958094, -53.224428090964018 ], [ -70.940709044350342, -53.2244475318045 ], [ -70.940707863710159, -53.224454044547286 ], [ -70.940707531426213, -53.224461507528176 ], [ -70.94069824982067, -53.224521041359012 ], [ -70.940697217589786, -53.224524883110249 ], [ -70.940687181442598, -53.224555450630234 ], [ -70.940682608032674, -53.224567213821388 ], [ -70.940681846863171, -53.224570328047754 ], [ -70.940681720808158, -53.224570932827177 ], [ -70.940681477170685, -53.224577222356316 ], [ -70.940676545668154, -53.224601519346635 ], [ -70.940629199722892, -53.224710273618612 ], [ -70.940629451623664, -53.224710324807631 ], [ -70.940628248918514, -53.224712457714489 ], [ -70.940625844206053, -53.224717981204314 ], [ -70.940612770140149, -53.224737074833612 ], [ -70.940612620455809, -53.224737037892986 ], [ -70.940583097254901, -53.224779632620127 ], [ -70.940578254252003, -53.224785468684622 ], [ -70.940569669698476, -53.224798450237849 ], [ -70.94056593743781, -53.224805662015498 ], [ -70.940564740523357, -53.224808198053324 ], [ -70.940556518202442, -53.224829812541664 ], [ -70.940552261999642, -53.224850171636035 ], [ -70.940549636663675, -53.224870657007841 ], [ -70.940540285591183, -53.224914840325184 ], [ -70.940533844745815, -53.224936586008496 ], [ -70.940533098176999, -53.224939066072423 ], [ -70.940521827372791, -53.224975918026026 ], [ -70.940521685536865, -53.224976597953493 ], [ -70.940521552405002, -53.224979153256903 ], [ -70.940518788465567, -53.22499186334359 ], [ -70.94051750079845, -53.225005942112261 ], [ -70.94051171989193, -53.225042205407895 ], [ -70.940511271731907, -53.225044171656826 ], [ -70.9405110716948, -53.225048513931839 ], [ -70.940509445291269, -53.225068187909002 ], [ -70.940506627417548, -53.225091803955785 ], [ -70.940506238351873, -53.225101318333607 ], [ -70.940506843617953, -53.225115951557292 ], [ -70.940506057190774, -53.225150516200451 ], [ -70.940504715380868, -53.225165948747666 ], [ -70.940504199611468, -53.225190716210726 ], [ -70.940502815978434, -53.225212975960069 ], [ -70.940502766761767, -53.225213451282627 ], [ -70.940504180051363, -53.225238359317267 ], [ -70.940503957225545, -53.225248054754168 ], [ -70.940504079635886, -53.225250761611868 ], [ -70.940504169747442, -53.225272952496226 ], [ -70.940503878472256, -53.225280806345687 ], [ -70.940504907414194, -53.225288906701785 ], [ -70.94050679795069, -53.225310871550519 ], [ -70.940507181787595, -53.225319359296627 ], [ -70.940509737055834, -53.225338037973636 ], [ -70.940510186948117, -53.225356019918308 ], [ -70.940510945573948, -53.225361561562231 ], [ -70.940512843081791, -53.225382487799259 ], [ -70.940514787649818, -53.225397713084334 ], [ -70.940515032556789, -53.225399686655969 ], [ -70.940518618081057, -53.225429482534416 ], [ -70.940517039905203, -53.22542142834449 ], [ -70.940524820649117, -53.225527430692544 ], [ -70.940522630507843, -53.22554495180345 ], [ -70.940521401176781, -53.225544896484131 ], [ -70.940497593130928, -53.2256320631273 ], [ -70.940473121438927, -53.225669195244478 ], [ -70.940440466146285, -53.225723983563569 ], [ -70.940414368649243, -53.225757055942388 ], [ -70.940410534953031, -53.22576455472516 ], [ -70.940351335860086, -53.225848700391964 ], [ -70.940265006294382, -53.225923924087319 ], [ -70.940178081504598, -53.225973909894471 ], [ -70.940178897280489, -53.225974450608071 ], [ -70.94017829352218, -53.225974778614734 ], [ -70.940149323799048, -53.225991776487767 ], [ -70.940110170892723, -53.226011722829192 ], [ -70.940110693179207, -53.226012077992323 ], [ -70.940084693231341, -53.226025845739095 ], [ -70.940069791330743, -53.22603286698169 ], [ -70.940063571523098, -53.226036888582591 ], [ -70.940032190313545, -53.226062429756645 ], [ -70.940017823487366, -53.226084410905877 ], [ -70.940016878056809, -53.2260860160074 ], [ -70.9399992462439, -53.226119683808534 ], [ -70.939975425127741, -53.226158748259216 ], [ -70.939973240836608, -53.226161873783155 ], [ -70.939966511066217, -53.226174051271755 ], [ -70.939963043220246, -53.226184925874996 ], [ -70.9399564660973, -53.226198229820127 ], [ -70.93995144823684, -53.226221166198918 ], [ -70.93994882143194, -53.226220959210067 ], [ -70.939937259294567, -53.226278706983827 ], [ -70.939935569559594, -53.226290481808419 ], [ -70.939933680319598, -53.226297227514614 ], [ -70.939935283677684, -53.226297453234807 ], [ -70.939929405359763, -53.226312492123569 ], [ -70.939915585522868, -53.226361838218743 ], [ -70.939908429520628, -53.226378861443031 ], [ -70.939906695762062, -53.226384996946422 ], [ -70.939896954367214, -53.22641374466437 ], [ -70.939889793013947, -53.226431832904225 ], [ -70.939889481250646, -53.226434421142798 ], [ -70.939877962580951, -53.226475072863082 ], [ -70.939845047358205, -53.226547242514712 ], [ -70.939845235866656, -53.226547276486713 ], [ -70.939844767885887, -53.226548212109527 ], [ -70.939837669283492, -53.226564630589337 ], [ -70.939836301502453, -53.226568369907461 ], [ -70.939834158629665, -53.226568087608229 ], [ -70.939832054236888, -53.226571383817443 ], [ -70.93982283799329, -53.226600578439005 ], [ -70.939811466792662, -53.226623444277493 ], [ -70.939805335446721, -53.226641994848336 ], [ -70.939806789503578, -53.226638911154893 ], [ -70.93979834105896, -53.226661043969621 ], [ -70.939789746461088, -53.226690283669356 ], [ -70.939768745433923, -53.22674294773558 ], [ -70.939767151958051, -53.226746092586261 ], [ -70.939766304605797, -53.226748449316375 ], [ -70.939761406834677, -53.2267689718363 ], [ -70.939760401841099, -53.226768885435547 ], [ -70.939748056668321, -53.226811746534977 ], [ -70.939746036352943, -53.226816810172927 ], [ -70.93973421124717, -53.226838088379964 ], [ -70.9397118824118, -53.22688852920178 ], [ -70.939709223894027, -53.226896162026698 ], [ -70.939697008809731, -53.226927893857493 ], [ -70.939693412922381, -53.226938911596761 ], [ -70.939683950663394, -53.226965713511071 ], [ -70.939677018985634, -53.226982662311151 ], [ -70.939676036456135, -53.2269881303502 ], [ -70.939674282656128, -53.226993097944494 ], [ -70.939670799887196, -53.227009607601865 ], [ -70.939669871462655, -53.22702087590708 ], [ -70.939667989484079, -53.227033812286685 ], [ -70.939667648869346, -53.227041201223997 ], [ -70.939665729832171, -53.227063237174349 ], [ -70.939665300543638, -53.227066586576406 ], [ -70.939661716907281, -53.227087891182521 ], [ -70.93965862903319, -53.227102706886072 ], [ -70.939649393714831, -53.227136502170936 ], [ -70.939648482943298, -53.227139189615521 ], [ -70.939644502720967, -53.227150932762704 ], [ -70.939643531021716, -53.227150814172219 ], [ -70.939641025906184, -53.22716257349397 ], [ -70.939627015647247, -53.227198977074437 ], [ -70.939609936156273, -53.22723117170613 ], [ -70.939608463347142, -53.227237924472114 ], [ -70.939608563280274, -53.227240744976271 ], [ -70.939598694570478, -53.227323627234 ], [ -70.939591925875575, -53.227348183777643 ], [ -70.939594209596095, -53.227359104453768 ], [ -70.939605316107915, -53.227379199035845 ], [ -70.939647588568306, -53.227438840126219 ], [ -70.939677142846548, -53.227539102792129 ], [ -70.939668324231775, -53.22764078435074 ], [ -70.9396542751076, -53.227691247971201 ], [ -70.939652165707258, -53.227697755678882 ], [ -70.939650299363336, -53.22771816734685 ], [ -70.939649870850474, -53.227722853089801 ], [ -70.939649905794241, -53.227731480652977 ], [ -70.93964916278675, -53.227751500657106 ], [ -70.93964838114151, -53.227751490185717 ], [ -70.93964726080155, -53.227778567613306 ], [ -70.939645373354509, -53.227793292747862 ], [ -70.939642552909461, -53.227793162536365 ], [ -70.939628026018113, -53.22784566642094 ], [ -70.939630561872505, -53.227845877685105 ], [ -70.939625504145837, -53.2278677409506 ], [ -70.939615184461687, -53.227892079108535 ], [ -70.93961290490104, -53.227900318016552 ], [ -70.939606504047958, -53.227912551170469 ], [ -70.939584515071743, -53.227964410254721 ], [ -70.939508996579221, -53.228053271587669 ], [ -70.939466783814964, -53.228083712262489 ], [ -70.939462406506024, -53.228088042601108 ], [ -70.939446323004177, -53.22809846702993 ], [ -70.939402670095291, -53.228129946154347 ], [ -70.939383032269376, -53.228141271379691 ], [ -70.939381631282345, -53.228140396567305 ], [ -70.939359987095372, -53.228154425085002 ], [ -70.939350262015168, -53.228159575100001 ], [ -70.93933207860826, -53.228171519288082 ], [ -70.939330100791651, -53.228172772304433 ], [ -70.939308706439405, -53.228185785670107 ], [ -70.939297792526531, -53.228192159492515 ], [ -70.939293900486589, -53.228194597509457 ], [ -70.939293895407971, -53.228194594535339 ], [ -70.939290642355985, -53.228196637896552 ], [ -70.939259895799026, -53.2282225913399 ], [ -70.939243688988341, -53.228233253209567 ], [ -70.93923141534539, -53.2282451184604 ], [ -70.939228932188414, -53.228247518890747 ], [ -70.93922859914997, -53.22824784086788 ], [ -70.939197657720186, -53.228287454454829 ], [ -70.939195201514636, -53.228291316487301 ], [ -70.939192279257952, -53.228296654799102 ], [ -70.939169413010049, -53.228332297815463 ], [ -70.939169632082795, -53.22833235151986 ], [ -70.939162617809146, -53.228342655281757 ], [ -70.939134392850221, -53.228379318179869 ], [ -70.939127405938805, -53.228387416564495 ], [ -70.939113740349086, -53.228409180472468 ], [ -70.939109506134017, -53.228417255275808 ], [ -70.93909967175999, -53.228439279412783 ], [ -70.939084659620988, -53.228468802938082 ], [ -70.939076182048652, -53.228483630272621 ], [ -70.939056932582986, -53.228512183445126 ], [ -70.939038199594862, -53.228541646233218 ], [ -70.939033156052801, -53.228556193456562 ], [ -70.939017871950256, -53.228585426418512 ], [ -70.939012122920929, -53.228616932106782 ], [ -70.939011575388861, -53.228619131831366 ], [ -70.939010359493722, -53.228626105619682 ], [ -70.939009660792664, -53.228644927983481 ], [ -70.939009919900982, -53.22865066134883 ], [ -70.939004437295637, -53.228718459931848 ], [ -70.939003875607781, -53.22872116200827 ], [ -70.938991257613907, -53.228755869342542 ], [ -70.93898266089532, -53.228787734958857 ], [ -70.938979705934003, -53.228794986533835 ], [ -70.938957917670621, -53.228838701648016 ], [ -70.938945140053661, -53.228860280533233 ], [ -70.93893249625043, -53.22887948301814 ], [ -70.93892187314259, -53.22890239547079 ], [ -70.938912654008874, -53.228931646151715 ], [ -70.938904233230616, -53.228951091976022 ], [ -70.938901249908767, -53.228957378336531 ], [ -70.938897108482351, -53.228967544888036 ], [ -70.938888392333411, -53.228987672594762 ], [ -70.938887443840557, -53.228987524670721 ], [ -70.93888702659514, -53.228988509810534 ], [ -70.938878804385425, -53.229015158317658 ], [ -70.938878755581655, -53.229015291812139 ], [ -70.9388753, -53.229025964518137 ], [ -70.938871590310413, -53.22903911384666 ], [ -70.938827592258974, -53.229132405611175 ], [ -70.938826054167706, -53.229134690679743 ], [ -70.938820500366219, -53.229146738823502 ], [ -70.938812591067247, -53.229205083677698 ], [ -70.938810050839479, -53.229204959674973 ], [ -70.938806277464295, -53.229240499442163 ], [ -70.938802224151829, -53.229256131431917 ], [ -70.938800197983568, -53.229265141901578 ], [ -70.938799651762196, -53.229268007622494 ], [ -70.938797578975169, -53.229282720379693 ], [ -70.938793576843636, -53.229304680604763 ], [ -70.93879278053376, -53.229308238710438 ], [ -70.938788799732578, -53.229338969936116 ], [ -70.938781400929656, -53.22937345818066 ], [ -70.938781868889507, -53.229394198208865 ], [ -70.938780829171932, -53.229401441360466 ], [ -70.938767663807155, -53.229455064580712 ], [ -70.93876594512642, -53.229459984836126 ], [ -70.938750484654548, -53.229494748637379 ], [ -70.938748617776412, -53.229499277338455 ], [ -70.938748479757351, -53.229499256838089 ], [ -70.938745037796963, -53.229506996424426 ], [ -70.938743474275327, -53.229509876269859 ], [ -70.938742084797767, -53.22951453206116 ], [ -70.938741231254966, -53.229516329761431 ], [ -70.938739949640976, -53.229522042972818 ], [ -70.938735992553276, -53.229536217915609 ], [ -70.938730961351112, -53.229558460012072 ], [ -70.938718130171381, -53.229592580909276 ], [ -70.938712287456909, -53.229618317164473 ], [ -70.938711970437453, -53.229664760422679 ], [ -70.938707086885515, -53.22971418668881 ], [ -70.938704791293318, -53.229726181452939 ], [ -70.938703841716361, -53.229726115988193 ], [ -70.938699047987356, -53.229777958077506 ], [ -70.938689667854575, -53.229807648474292 ], [ -70.938686513583022, -53.229815100715086 ], [ -70.938686385843582, -53.229815761979573 ], [ -70.938686363534259, -53.229815947997125 ], [ -70.938686158769357, -53.229815939191496 ], [ -70.938681844457804, -53.229826132191249 ], [ -70.938671830543925, -53.229877643939275 ], [ -70.938636906836436, -53.229944484538926 ], [ -70.938637660958349, -53.229944644348329 ], [ -70.938630202653115, -53.229957315493465 ], [ -70.938629842725064, -53.229958004360476 ], [ -70.938629556592602, -53.229958413140402 ], [ -70.938627428329511, -53.229962028877203 ], [ -70.938624784520897, -53.229966520408723 ], [ -70.938618470950388, -53.229982902922082 ], [ -70.938617497922564, -53.229989520593541 ], [ -70.93860805949889, -53.230031256192142 ], [ -70.938605047193462, -53.23004109157948 ], [ -70.938601437991224, -53.230054618122672 ], [ -70.938600197921474, -53.230059626696956 ], [ -70.938596651086272, -53.230075153608468 ], [ -70.938593325865, -53.2300933866618 ], [ -70.938592535264874, -53.230093334792613 ], [ -70.938573581142862, -53.230160955846429 ], [ -70.938569222307038, -53.230171136349433 ], [ -70.938560846794232, -53.230186678255365 ], [ -70.938554257430155, -53.230209456083742 ], [ -70.938550283866633, -53.230219531961403 ], [ -70.938548743538831, -53.230227190255675 ], [ -70.938538629806985, -53.230288943022451 ], [ -70.938510688272885, -53.230354791518778 ], [ -70.93850019089254, -53.230373485767508 ], [ -70.9385000024904, -53.230373855736303 ], [ -70.938495162952862, -53.230384938075211 ], [ -70.938472300810858, -53.23042823585893 ], [ -70.938470936048759, -53.230430428916108 ], [ -70.938462364464215, -53.230449190547482 ], [ -70.938462096404123, -53.230449923141734 ], [ -70.938461854485809, -53.230449891294995 ], [ -70.938457678982232, -53.230466213032265 ], [ -70.938452925006615, -53.23047725621695 ], [ -70.938446785726384, -53.230490658038491 ], [ -70.938427105622964, -53.230531157347677 ], [ -70.938419934791483, -53.230546145516506 ], [ -70.938418572340169, -53.230550661419954 ], [ -70.938415393673907, -53.230559694944553 ], [ -70.938413056375154, -53.230568753081407 ], [ -70.938400962353811, -53.230605448879828 ], [ -70.938398369961646, -53.230611892223273 ], [ -70.938392582053751, -53.230625361508402 ], [ -70.938385961745766, -53.230639837159174 ], [ -70.938380269240909, -53.230654008760574 ], [ -70.938376545160352, -53.230664342017434 ], [ -70.938374718506253, -53.230670058066138 ], [ -70.938369017590219, -53.230691670999661 ], [ -70.938368750340061, -53.230691645588486 ], [ -70.938357414688213, -53.230729833430694 ], [ -70.938348550866692, -53.230752751275475 ], [ -70.938345762319813, -53.23075236293424 ], [ -70.938318860397885, -53.230812379207464 ], [ -70.938299005604989, -53.23084385753382 ], [ -70.938296521205061, -53.230851225952129 ], [ -70.938286133759121, -53.230878045654094 ], [ -70.938282691421875, -53.230908110165601 ], [ -70.938280699286892, -53.230918431698299 ], [ -70.938280211712211, -53.230934814179669 ], [ -70.938274713670737, -53.230981726227391 ], [ -70.938273356889027, -53.230988334853009 ], [ -70.938252538416222, -53.231051432101793 ], [ -70.938244527500615, -53.231110519366531 ], [ -70.938241545225651, -53.231110373771713 ], [ -70.938236452239224, -53.231153298668289 ], [ -70.938197658621263, -53.231238257752231 ], [ -70.938131987038787, -53.231317043176276 ], [ -70.938041961357328, -53.231386627190396 ], [ -70.937992251582557, -53.231418116605873 ], [ -70.93796616342037, -53.231433845671155 ], [ -70.937945922084097, -53.231445461499931 ], [ -70.937938019492606, -53.231449703824303 ], [ -70.93793499356174, -53.231452098307749 ], [ -70.937903364293263, -53.231472626629142 ], [ -70.937875731531804, -53.231486530542838 ], [ -70.937876489251991, -53.231486978445247 ], [ -70.937866473531145, -53.231493078501039 ], [ -70.937865458681841, -53.231493877541666 ], [ -70.937830025957851, -53.231516744911133 ], [ -70.937819751950343, -53.231524431497135 ], [ -70.937819443630602, -53.231524283132764 ], [ -70.937814310412932, -53.231528890289411 ], [ -70.937799479002749, -53.231539711366587 ], [ -70.937794111115181, -53.231543538454105 ], [ -70.937780985354479, -53.231555147591621 ], [ -70.937776806839906, -53.231558566315883 ], [ -70.937770351915574, -53.231567854038509 ], [ -70.937765221989395, -53.231573585855052 ], [ -70.937737673988778, -53.231599294005534 ], [ -70.937732733626376, -53.231605145908205 ], [ -70.937724714965611, -53.231618124947303 ], [ -70.937723274244249, -53.231620853897205 ], [ -70.93770916762351, -53.231645005935526 ], [ -70.937706880321556, -53.231652511656435 ], [ -70.937689642412749, -53.231688755362889 ], [ -70.937687681825693, -53.231698103954166 ], [ -70.937685474556346, -53.231714258613849 ], [ -70.937684955674243, -53.231718564526197 ], [ -70.937683685315505, -53.231730728156897 ], [ -70.937664711762778, -53.23180689233358 ], [ -70.937624342989324, -53.231879994038088 ], [ -70.937605714612005, -53.231900871606442 ], [ -70.937606650283243, -53.23190113905391 ], [ -70.937549674493425, -53.231972897513387 ], [ -70.937519891114405, -53.232006636877607 ], [ -70.937501553007493, -53.23202543406461 ], [ -70.937489160552317, -53.232038833126325 ], [ -70.9374852670108, -53.232043626533319 ], [ -70.937482621158424, -53.232047135943873 ], [ -70.937449716812395, -53.232116397099048 ], [ -70.937445893978264, -53.232129942626337 ], [ -70.937442737692763, -53.232136801216768 ], [ -70.937427433984709, -53.232166112028914 ], [ -70.937427230052265, -53.232166460311412 ], [ -70.937417231649974, -53.232180284350555 ], [ -70.93741518231829, -53.232186870060318 ], [ -70.937404009250855, -53.232209995471464 ], [ -70.937387729162793, -53.232239469148098 ], [ -70.937384891179519, -53.23225013472652 ], [ -70.93738191400125, -53.232259254308651 ], [ -70.93738185837914, -53.23225952897468 ], [ -70.937377951930912, -53.232276213823823 ], [ -70.937377470293754, -53.2322780240764 ], [ -70.937377341870587, -53.232281849297912 ], [ -70.937372935465461, -53.232303624982428 ], [ -70.937371619606552, -53.232303529140275 ], [ -70.937365038884579, -53.232332965495225 ], [ -70.937365105797539, -53.232332970700668 ], [ -70.937361673475863, -53.232348737638901 ], [ -70.937356970592774, -53.232367309692059 ], [ -70.937356273949192, -53.232369720771132 ], [ -70.937348296098747, -53.232393496386145 ], [ -70.937345546823991, -53.232400681994662 ], [ -70.937338566225478, -53.232423222009174 ], [ -70.937339217359366, -53.232423296922612 ], [ -70.937338567628117, -53.232425330086052 ], [ -70.937335735997266, -53.232432361047536 ], [ -70.937333144277062, -53.23244072958547 ], [ -70.937330243906473, -53.232447688391574 ], [ -70.937329601842478, -53.232447592023043 ], [ -70.937321811569717, -53.232466935041451 ], [ -70.937318672507658, -53.232473369714086 ], [ -70.937314870956442, -53.232482852428639 ], [ -70.93731014769071, -53.232503993225528 ], [ -70.937307269750164, -53.232513074690218 ], [ -70.937304239053532, -53.232522094895494 ], [ -70.937303220012026, -53.232525854401089 ], [ -70.937301885317041, -53.232530066407435 ], [ -70.93729738432522, -53.23254319923042 ], [ -70.937293529681284, -53.232553653245212 ], [ -70.937274082939894, -53.232593155988177 ], [ -70.937273663959061, -53.232594193834004 ], [ -70.937273578138516, -53.232594181383853 ], [ -70.937272763429547, -53.232595836300263 ], [ -70.937267235298137, -53.232613923420473 ], [ -70.937247682310172, -53.232654366047605 ], [ -70.937234807416871, -53.232678442704781 ], [ -70.937231295521912, -53.232684425997917 ], [ -70.937219485334538, -53.232711816694732 ], [ -70.937213573240101, -53.232722961453078 ], [ -70.93721089061755, -53.232730860811266 ], [ -70.937202718588537, -53.232751620371147 ], [ -70.937198231961133, -53.232765341206473 ], [ -70.937197181394268, -53.232765217494162 ], [ -70.937194574424908, -53.232777947852156 ], [ -70.937189623204759, -53.232791096081158 ], [ -70.937187977475375, -53.232800226736956 ], [ -70.937187579816523, -53.232810924830183 ], [ -70.937187717459409, -53.232811932229033 ], [ -70.937194635198509, -53.232829125637103 ], [ -70.93719806225414, -53.232838039774371 ], [ -70.937237480014488, -53.23294555924425 ], [ -70.937240990119605, -53.232953156535721 ], [ -70.937259817564055, -53.2329779761887 ], [ -70.937260018502784, -53.232978155429635 ], [ -70.937306589778359, -53.233007185158634 ], [ -70.937322155004878, -53.23301718795247 ], [ -70.937352803123034, -53.233037495006961 ], [ -70.937446000072214, -53.233114176385648 ], [ -70.937485755003152, -53.233167808247977 ], [ -70.937494411252686, -53.233179348985622 ], [ -70.937496162871668, -53.23317886414543 ], [ -70.937518077244192, -53.233207365265137 ], [ -70.937554546080378, -53.233268246826654 ], [ -70.937555677956098, -53.233268033956904 ], [ -70.937556404266999, -53.233269424669615 ], [ -70.9375573840871, -53.233272984541046 ], [ -70.93756220572584, -53.233281033848812 ], [ -70.93756519560803, -53.233287836915409 ], [ -70.937561627313613, -53.233288401463412 ], [ -70.937566528780778, -53.233306209952055 ], [ -70.937588245954203, -53.233360773586725 ], [ -70.937598478498614, -53.233404985355257 ], [ -70.937605233279115, -53.233418037564441 ], [ -70.937616286249053, -53.233437578023747 ], [ -70.93763807033173, -53.233469671968173 ], [ -70.937644614156113, -53.233477034891827 ], [ -70.937657524393629, -53.233489504842218 ], [ -70.937674712347317, -53.233506974361042 ], [ -70.937687878889619, -53.233521074349035 ], [ -70.937698455331187, -53.233531812010298 ], [ -70.937703483350262, -53.233536769439645 ], [ -70.937705507329269, -53.233538708060138 ], [ -70.937713380602972, -53.233545786298407 ], [ -70.937746233471884, -53.233578207653231 ], [ -70.93775699565289, -53.233589915154212 ], [ -70.937759231405735, -53.233592063675239 ], [ -70.937768387445217, -53.233600441039357 ], [ -70.937769737661725, -53.233601618328954 ], [ -70.93779782260458, -53.233623165751212 ], [ -70.93781729282307, -53.233636360718585 ], [ -70.937844636039614, -53.23365598974565 ], [ -70.937846372152322, -53.233657310720766 ], [ -70.937850544442128, -53.233659843199348 ], [ -70.937889308706858, -53.233685250527181 ], [ -70.937889702192805, -53.23368552912774 ], [ -70.937907669261534, -53.233696923358785 ], [ -70.937931666299434, -53.233707564380097 ], [ -70.937997188318207, -53.233742963357606 ], [ -70.938048997611347, -53.233764181420099 ], [ -70.938067732020102, -53.233772612095528 ], [ -70.93809716861675, -53.233786563572231 ], [ -70.938143286227969, -53.233809569332131 ], [ -70.938142440369731, -53.233810179701685 ], [ -70.938153953896446, -53.233815960976067 ], [ -70.938154211412453, -53.233815773830237 ], [ -70.938186864602173, -53.233831950627533 ], [ -70.938289772385502, -53.233893986607441 ], [ -70.93837068500666, -53.23396681497595 ], [ -70.938426532831116, -53.23404767284503 ], [ -70.938435425139602, -53.234065210315364 ], [ -70.938443389362121, -53.234074521803002 ], [ -70.938445363013813, -53.234076157799493 ], [ -70.938497832417127, -53.234108222345824 ], [ -70.93853361963626, -53.23412607649491 ], [ -70.938578662951926, -53.234142200592864 ], [ -70.938683757251056, -53.234187649010494 ], [ -70.938774226397015, -53.234243283495331 ], [ -70.938824808202853, -53.234287654192478 ], [ -70.93882565063322, -53.234287312780687 ], [ -70.938830366630356, -53.234291501784931 ], [ -70.938862165660183, -53.234314002481987 ], [ -70.938880404793153, -53.234328848192121 ], [ -70.938895036761892, -53.234337180514935 ], [ -70.938918631018851, -53.234347085366529 ], [ -70.938922157439904, -53.234348092465126 ], [ -70.939023942786903, -53.234383283279186 ], [ -70.939115304652489, -53.234427590557402 ], [ -70.939122433113596, -53.234431641665807 ], [ -70.939145453532333, -53.234442778793166 ], [ -70.939157284106543, -53.234446835643439 ], [ -70.939175897240077, -53.234453433872872 ], [ -70.939187227960815, -53.234457584084879 ], [ -70.93920170623862, -53.23446232544638 ], [ -70.939202174189489, -53.234462467613263 ], [ -70.939217871696528, -53.234466965536754 ], [ -70.939243006995596, -53.234473742164219 ], [ -70.939254308515231, -53.234476656197586 ], [ -70.939309230850256, -53.234490180746739 ], [ -70.939308564758207, -53.234491154562996 ], [ -70.939345713604084, -53.234500531885857 ], [ -70.93934637096055, -53.234499646588475 ], [ -70.939367856536293, -53.234505389700331 ], [ -70.939383217048189, -53.234509834019121 ], [ -70.939431019199077, -53.234522058207617 ], [ -70.939493294599316, -53.234528742843075 ], [ -70.939508335479402, -53.234530617999539 ], [ -70.93952429889741, -53.234532070867303 ], [ -70.939535647545952, -53.234533289032314 ], [ -70.939583466039849, -53.234536786144815 ], [ -70.939631798735959, -53.234542067760067 ], [ -70.939752542856723, -53.234561630478851 ], [ -70.939866177795196, -53.234592975822707 ], [ -70.939890737564014, -53.234603016166538 ], [ -70.939985132238434, -53.234636092247932 ], [ -70.939983429961941, -53.234637841109112 ], [ -70.940074228858975, -53.234671889728808 ], [ -70.940188426249364, -53.23473856082979 ], [ -70.940276532655233, -53.234818217063854 ], [ -70.940334560233183, -53.234907253128455 ], [ -70.940346662566228, -53.234933885607759 ], [ -70.940348005730215, -53.234935825380681 ], [ -70.940352343344543, -53.23494208938844 ], [ -70.940357966626976, -53.234947912333325 ], [ -70.940381683605651, -53.234979270985306 ], [ -70.940432207839208, -53.235031779460996 ], [ -70.940430570044143, -53.2350323467317 ], [ -70.940450545974386, -53.235054435825695 ], [ -70.940452550778389, -53.235053726821221 ], [ -70.940487582131695, -53.235089384963921 ], [ -70.940505703769219, -53.235102762840739 ], [ -70.940508223330951, -53.23510428040904 ], [ -70.940525253635371, -53.235111030163772 ], [ -70.940655297831313, -53.23517638601502 ], [ -70.940757493047414, -53.235257623862914 ], [ -70.940770727405976, -53.235271081567916 ], [ -70.9407722155388, -53.235272061663188 ], [ -70.940786753937616, -53.235277989235094 ], [ -70.940841030126933, -53.235292748391117 ], [ -70.940859398755791, -53.235298429533181 ], [ -70.940883870653238, -53.235304844506018 ], [ -70.94100607151664, -53.235345402468816 ], [ -70.941113598610201, -53.235398866461786 ], [ -70.941202713795818, -53.23546337785227 ], [ -70.941270318414837, -53.235536693676686 ], [ -70.941314062031381, -53.235616264967383 ], [ -70.941314680639849, -53.235617884693106 ], [ -70.94131870738974, -53.235623562873194 ], [ -70.941369928660279, -53.235731722868174 ], [ -70.941372573788811, -53.235742125154609 ], [ -70.94137433901156, -53.2357448398568 ], [ -70.941438272104591, -53.235806424590407 ], [ -70.941437987851472, -53.235806530814585 ], [ -70.941495676575641, -53.235860772733183 ], [ -70.941498837477141, -53.235859709078774 ], [ -70.941537262672128, -53.235900812571074 ], [ -70.941544053429297, -53.235905993215503 ], [ -70.941568422862659, -53.235919738352479 ], [ -70.941591172239868, -53.235928914190666 ], [ -70.941605948598649, -53.235934330990837 ], [ -70.941604123613246, -53.235936122961085 ], [ -70.94165040090806, -53.235951757312122 ], [ -70.941767970818731, -53.236013933799065 ], [ -70.941861400572861, -53.236089427990827 ], [ -70.941915529539997, -53.236160416666031 ], [ -70.941916914148536, -53.236160081950629 ], [ -70.941935701929353, -53.23618805738532 ], [ -70.941963788457414, -53.236218471720193 ], [ -70.941962434396515, -53.236218921826264 ], [ -70.942013729183159, -53.236278970214649 ], [ -70.942053715283791, -53.236362286887207 ], [ -70.94205908266126, -53.236379615782369 ], [ -70.942060222382807, -53.236382007479619 ], [ -70.942061188105129, -53.236383855927677 ], [ -70.942067699748392, -53.236397020998709 ], [ -70.942067900044009, -53.236397449999174 ], [ -70.942083652452567, -53.236424809400994 ], [ -70.942085635551564, -53.23642830002121 ], [ -70.942086236782856, -53.236429372862425 ], [ -70.942086722991036, -53.236430142619398 ], [ -70.94208967170465, -53.236435264118235 ], [ -70.942085310411983, -53.236436167900692 ], [ -70.942127320212549, -53.236534756959706 ], [ -70.942127878469719, -53.23653782945614 ], [ -70.942142029672169, -53.236573185323721 ], [ -70.942143306308466, -53.236575257962365 ], [ -70.942154502068249, -53.23659064277799 ], [ -70.942151013625818, -53.236586310275797 ], [ -70.942207170482348, -53.236669242507986 ], [ -70.942213553505042, -53.236682301960897 ], [ -70.942268785066361, -53.236731726337055 ], [ -70.942330247014596, -53.236798297741046 ], [ -70.942372103308372, -53.2368701369886 ], [ -70.942386521289421, -53.236921539096947 ], [ -70.942395115554021, -53.236945125832804 ], [ -70.942403757888954, -53.236958407195814 ], [ -70.942404386096484, -53.236959132291467 ], [ -70.942444666377313, -53.236992812613941 ], [ -70.942469253280393, -53.237002507836841 ], [ -70.942591309562445, -53.237042299493055 ], [ -70.942709255887024, -53.237102492187375 ], [ -70.942804051208853, -53.237175949334585 ], [ -70.942820538779145, -53.237191893872783 ], [ -70.942871945291344, -53.237250984474571 ], [ -70.942908216922774, -53.237313987082814 ], [ -70.942922497237802, -53.237346410110973 ], [ -70.942931033391474, -53.237359614680585 ], [ -70.942932974814937, -53.23736233493841 ], [ -70.942929780349772, -53.23736315553392 ], [ -70.942970140151758, -53.237424240945863 ], [ -70.942988254130498, -53.237492724159701 ], [ -70.942994116655072, -53.237507289521659 ], [ -70.943025761507698, -53.23750378032392 ], [ -70.94317884912661, -53.237477612167893 ], [ -70.943178850166689, -53.237477611971123 ], [ -70.943701872990317, -53.237388207402546 ], [ -70.943735379962334, -53.237380293657196 ], [ -70.943757685273113, -53.237371716700871 ], [ -70.943888373517552, -53.237331703994286 ], [ -70.944029555929973, -53.237307743990435 ], [ -70.944175815242431, -53.23730075612189 ], [ -70.944198818775476, -53.237301013297582 ], [ -70.944234702688462, -53.237297121564502 ], [ -70.945139345548895, -53.237142472110278 ], [ -70.945971183600847, -53.237000260563903 ], [ -70.946261072384473, -53.236950698881728 ], [ -70.946833928948109, -53.23685275786022 ], [ -70.946835985256158, -53.236852408157795 ], [ -70.946894845762827, -53.236842453538664 ], [ -70.947065819826832, -53.236826014009132 ], [ -70.947192404490934, -53.236831551607622 ], [ -70.947192593231179, -53.236830351702821 ], [ -70.947262011829679, -53.236834282433492 ], [ -70.947281219483642, -53.236828383453492 ], [ -70.947309199449904, -53.236814592890255 ], [ -70.947435055746624, -53.23676439943528 ], [ -70.947575144606603, -53.236730385463247 ], [ -70.94788154546481, -53.236676828302826 ], [ -70.948100158091393, -53.236638615998132 ], [ -70.948106435714962, -53.236637536457721 ], [ -70.949091993951498, -53.236470839389234 ], [ -70.949108368664227, -53.236466961491004 ], [ -70.949180310985881, -53.236452405901176 ], [ -70.949831282297325, -53.23634240011453 ], [ -70.950849798623409, -53.236170276407606 ], [ -70.952005117124756, -53.235975366102515 ], [ -70.953342519924632, -53.235749941393209 ], [ -70.954351290647679, -53.235578217985044 ], [ -70.954374530595018, -53.23557426272238 ], [ -70.955316572387957, -53.235412198698533 ], [ -70.955964930130861, -53.235300652148617 ], [ -70.955969189503136, -53.235299927450903 ], [ -70.956889879850536, -53.235145048390798 ], [ -70.95723912842675, -53.235085979797589 ], [ -70.957330093572565, -53.235078831386566 ], [ -70.957329343121799, -53.235076315658596 ], [ -70.957434935749191, -53.235064976174442 ], [ -70.958982451564651, -53.23480518291003 ], [ -70.95901304572466, -53.234798109368818 ], [ -70.959008902710707, -53.234778595770216 ], [ -70.958724488542771, -53.234021502665144 ], [ -70.958717035267753, -53.234001661640207 ], [ -70.958700370598862, -53.233957302828649 ], [ -70.958688865719068, -53.233926675085442 ], [ -70.958638813957634, -53.233793436671981 ], [ -70.958407553509517, -53.233177808729238 ], [ -70.958254323392794, -53.232769882527741 ], [ -70.958223860635016, -53.232688785262127 ], [ -70.958208583058862, -53.232630489251619 ], [ -70.958051028085308, -53.231585923450638 ], [ -70.958047156760898, -53.231560244656436 ], [ -70.958044281189146, -53.231541186063382 ], [ -70.958042535909627, -53.231529614129037 ], [ -70.958028876310138, -53.231439059433463 ], [ -70.958021313372669, -53.231388913155072 ], [ -70.958014674699683, -53.231344890894448 ], [ -70.95801134070274, -53.23132278987444 ], [ -70.957998254648331, -53.231236010236692 ], [ -70.95798910155419, -53.231175324734238 ], [ -70.957932400354338, -53.230799381445841 ], [ -70.957929723528196, -53.230781638408722 ], [ -70.957924839488243, -53.23074925876935 ], [ -70.957924602916009, -53.230747689757422 ], [ -70.957910365906258, -53.230703468681625 ], [ -70.957880646981351, -53.230644012780516 ], [ -70.957817904580423, -53.230518489378838 ], [ -70.957769774107206, -53.230422197024254 ], [ -70.957726015200222, -53.230334980364795 ], [ -70.957694312347314, -53.230271792484658 ], [ -70.957693090569876, -53.230269331971655 ], [ -70.957630940442115, -53.230142844572789 ], [ -70.957558297847669, -53.2299955924735 ], [ -70.957495368332062, -53.229868138736386 ], [ -70.957482311205254, -53.229841695767789 ], [ -70.957473679773557, -53.229824211474018 ], [ -70.957427950337575, -53.229731588955154 ], [ -70.95742721738732, -53.229730095076263 ], [ -70.957412660273903, -53.229700230568049 ], [ -70.957333880525198, -53.229538622143565 ], [ -70.957285662818776, -53.229439704973935 ], [ -70.957212353203147, -53.229289309012827 ], [ -70.957145586589974, -53.229152339212824 ], [ -70.957073487804308, -53.229004425712347 ], [ -70.957031409944236, -53.228918103530994 ], [ -70.956955714789544, -53.228762812212622 ], [ -70.956943932080634, -53.228734054761233 ], [ -70.956943048974779, -53.228732309811576 ], [ -70.956928235239161, -53.228698314788154 ], [ -70.956926686605726, -53.228694092989429 ], [ -70.956919339328081, -53.228683739649988 ], [ -70.956879366870069, -53.228648620069833 ], [ -70.956814299968812, -53.228578837796675 ], [ -70.956770875022286, -53.228503239926823 ], [ -70.956731569350936, -53.228408032410975 ], [ -70.956727181275355, -53.228398337571491 ], [ -70.956619598869821, -53.228180065192767 ], [ -70.956617649210941, -53.228176040575391 ], [ -70.95643520483884, -53.227792767435339 ], [ -70.956433454451499, -53.227789202197478 ], [ -70.956210133467621, -53.22734782865151 ], [ -70.956209061739401, -53.227345691388159 ], [ -70.955995348854486, -53.226915625097263 ], [ -70.955992535949278, -53.226910214540027 ], [ -70.955803179540254, -53.226561527157294 ], [ -70.955511207914242, -53.226023245133824 ], [ -70.955484873425917, -53.225958922421903 ], [ -70.955474581288186, -53.22589297533623 ], [ -70.955474349813102, -53.225885894028913 ], [ -70.955466580764636, -53.225864643044609 ], [ -70.955344602977107, -53.2256393439188 ], [ -70.955184260573077, -53.22534927243349 ], [ -70.955153343139855, -53.225293882629536 ], [ -70.955145052662829, -53.225282428750795 ], [ -70.955089439634378, -53.225161941679197 ], [ -70.955084990158568, -53.225141620756524 ], [ -70.955084508097315, -53.225139375810208 ], [ -70.955069832688991, -53.22506963448788 ], [ -70.955069015552581, -53.225065605287369 ], [ -70.955067449266082, -53.225057579125725 ], [ -70.955064773753278, -53.225046336898238 ], [ -70.955034072045109, -53.224937130481081 ], [ -70.955031031023083, -53.224925365784642 ], [ -70.955012050345204, -53.224844911719984 ], [ -70.955011129776722, -53.224840877653008 ], [ -70.954995971715746, -53.224772144889798 ], [ -70.954972682340042, -53.224666526340201 ], [ -70.95496629711289, -53.224637563703517 ], [ -70.954937164311218, -53.224514094771692 ], [ -70.954907144360007, -53.224386988868275 ], [ -70.954873671513042, -53.224245276351333 ], [ -70.954864988578692, -53.224208512081205 ], [ -70.954835931322947, -53.22408549096032 ], [ -70.954834590597798, -53.224079527036992 ], [ -70.954790807050813, -53.223874425734124 ], [ -70.954788354423997, -53.223862936108368 ], [ -70.954760550942567, -53.223732683060554 ], [ -70.954759726521672, -53.223729055046292 ], [ -70.954700815078837, -53.223484727186147 ], [ -70.954700450007394, -53.223483194799201 ], [ -70.954595446055976, -53.223036852819078 ], [ -70.954594411211772, -53.223032284695229 ], [ -70.954552527918025, -53.22284001797977 ], [ -70.954504706200041, -53.222620507530792 ], [ -70.954504051963198, -53.222617421371439 ], [ -70.954483464616288, -53.222517546692991 ], [ -70.954466557371333, -53.22243552112694 ], [ -70.954459526016635, -53.222416528541402 ], [ -70.954427652654488, -53.222419977460817 ], [ -70.954355990214239, -53.222432067797122 ], [ -70.954302113046353, -53.22243987850694 ], [ -70.954205124770724, -53.222451677593376 ], [ -70.954201052885509, -53.222452172870604 ], [ -70.954049774303883, -53.222461123372995 ], [ -70.953898601356514, -53.222451551737322 ], [ -70.953753765311887, -53.222423852513224 ], [ -70.953621236162775, -53.222379167544389 ], [ -70.953506477008759, -53.222319338653151 ], [ -70.953414217827643, -53.222246831863281 ], [ -70.953348261502882, -53.222164636008401 ], [ -70.953311326458362, -53.222076139163178 ], [ -70.953304934859375, -53.221984988865806 ], [ -70.953318982511419, -53.221843764860061 ], [ -70.953319554252857, -53.221835400730399 ], [ -70.953330055283004, -53.221553648609664 ], [ -70.953326609040175, -53.221529736161216 ], [ -70.953314654179522, -53.221506831877186 ], [ -70.953251363176292, -53.221419963567286 ], [ -70.95309099489036, -53.221199849750491 ], [ -70.95308559936116, -53.22119225476726 ], [ -70.952915432049636, -53.220946482772668 ], [ -70.952909996168799, -53.220939016828403 ], [ -70.952877179367306, -53.220896082721687 ], [ -70.952827460970809, -53.220807916808923 ], [ -70.952809073752803, -53.220715494572097 ], [ -70.952822806577288, -53.220622781421476 ], [ -70.952868069835617, -53.220533755266622 ], [ -70.952942921426512, -53.220452235811869 ], [ -70.953044149807752, -53.220381720563118 ], [ -70.953167411450366, -53.22032523487082 ], [ -70.953196036005892, -53.220314740762326 ], [ -70.953206141452185, -53.220311101138456 ], [ -70.953233664110215, -53.220301364559631 ], [ -70.953271076908692, -53.220288978499951 ], [ -70.953291447432179, -53.220282682797034 ], [ -70.953366070856035, -53.220259618555929 ], [ -70.953394094368733, -53.220248776248759 ], [ -70.953382336209444, -53.22023005133812 ], [ -70.953371444896703, -53.22021677263772 ], [ -70.953360651732623, -53.220203612980669 ], [ -70.953344491805495, -53.220183912922543 ], [ -70.953328739925439, -53.22016472933371 ], [ -70.953117042847936, -53.219906906843605 ], [ -70.95311328980462, -53.219902336245745 ], [ -70.953064062708123, -53.219825217535913 ], [ -70.953039181427613, -53.21974399407371 ], [ -70.953039486099485, -53.219661409509605 ], [ -70.953064966443051, -53.219580253066091 ], [ -70.953114761715852, -53.219503265856702 ], [ -70.95318718992911, -53.219433048346609 ], [ -70.95326775748299, -53.21936895550693 ], [ -70.95331746454363, -53.219333393355939 ], [ -70.953335628193926, -53.219321684187292 ], [ -70.953464024616721, -53.219255716392468 ], [ -70.95361380239342, -53.219208715271954 ], [ -70.95381434007119, -53.219162219616379 ], [ -70.953892492521391, -53.219147000315985 ], [ -70.953939498930438, -53.219139529992155 ], [ -70.953976009696689, -53.219133728175677 ], [ -70.954008653186676, -53.219126312403212 ], [ -70.954001860967693, -53.219109153178309 ], [ -70.953998015707171, -53.219102432495887 ], [ -70.953997956212945, -53.219102445069467 ], [ -70.953977037385712, -53.219066751414488 ], [ -70.953971315604264, -53.219056603732497 ], [ -70.953968615177033, -53.219051619502999 ], [ -70.953926760411079, -53.218974351905274 ], [ -70.953761884150182, -53.218669978511961 ], [ -70.953698726291378, -53.218553717516755 ], [ -70.953605860725474, -53.218382763167767 ], [ -70.953605559190905, -53.21838220683064 ], [ -70.953479734416376, -53.218149548657983 ], [ -70.953439448897456, -53.218075056713914 ], [ -70.95340657723078, -53.218014271422113 ], [ -70.953288486473596, -53.217795896425812 ], [ -70.953263550413453, -53.217749778757018 ], [ -70.953170215739831, -53.217577160056322 ], [ -70.953154206579541, -53.217547552494622 ], [ -70.95292013254911, -53.217115611018897 ], [ -70.952900748484836, -53.217079863609605 ], [ -70.952717373845843, -53.216741715933949 ], [ -70.952633576388678, -53.216587181477067 ], [ -70.95253411429438, -53.216404640287479 ], [ -70.952489316164588, -53.216322425805579 ], [ -70.95227567168763, -53.21593032481136 ], [ -70.952270263913789, -53.215919978965481 ], [ -70.952177876989964, -53.215735464359504 ], [ -70.95216469095952, -53.21571621493014 ], [ -70.952118172337507, -53.21571058271504 ], [ -70.952080655124462, -53.215708393468319 ], [ -70.951945510353326, -53.215684598933912 ], [ -70.951820181915565, -53.215646031673387 ], [ -70.951709105704893, -53.21559405682175 ], [ -70.951616213244804, -53.215530513859477 ], [ -70.951544792140723, -53.215457651911144 ], [ -70.951497370110758, -53.215378049732955 ], [ -70.951492921423466, -53.215367557599393 ], [ -70.951468562928369, -53.215310522555718 ], [ -70.951400506740342, -53.215151179184772 ], [ -70.951219741672915, -53.214727943303494 ], [ -70.951208830598759, -53.214698254864608 ], [ -70.951139911426196, -53.214475089153403 ], [ -70.951138957269947, -53.214472111727517 ], [ -70.950274675527652, -53.211869762497649 ], [ -70.950132890411425, -53.211446870549061 ], [ -70.950131827848381, -53.211443639916517 ], [ -70.950090321281792, -53.211314972532271 ], [ -70.950076668499776, -53.211229350467242 ], [ -70.950090441370619, -53.211143735287045 ], [ -70.950131135237527, -53.211061263873574 ], [ -70.95019725883175, -53.210984957889984 ], [ -70.950286389616849, -53.21091761292481 ], [ -70.950423347857125, -53.210832352953211 ], [ -70.950833680669177, -53.210576909363262 ], [ -70.950973730226039, -53.210508545810875 ], [ -70.951136968243745, -53.2104622961118 ], [ -70.952164662806695, -53.210257774191334 ], [ -70.952496813360327, -53.210189654317141 ], [ -70.953117109535796, -53.210062396655161 ], [ -70.953127296274047, -53.210060306737937 ], [ -70.953157625839552, -53.210052038469357 ], [ -70.953150588095284, -53.2100324927043 ], [ -70.952955633625194, -53.209666921593289 ], [ -70.952637673899972, -53.209077357842467 ], [ -70.95253203389727, -53.208884075727568 ], [ -70.952521601035826, -53.208864987001604 ], [ -70.952505276906834, -53.208835119460709 ], [ -70.952292067967051, -53.208445036226273 ], [ -70.952124527926557, -53.208138497378307 ], [ -70.952120657327939, -53.208131776599132 ], [ -70.951776196327529, -53.207562959528502 ], [ -70.951771353616678, -53.20755496307774 ], [ -70.951770513315651, -53.207553568559838 ], [ -70.95158914172643, -53.207250973103342 ], [ -70.951587163480724, -53.20724763134502 ], [ -70.951403402937743, -53.206933280087256 ], [ -70.951364813316843, -53.206828746363193 ], [ -70.951368510157465, -53.206721699085257 ], [ -70.951375730796073, -53.20669096947622 ], [ -70.95136746462947, -53.206670686900807 ], [ -70.951166957381346, -53.206324883441695 ], [ -70.951132239359183, -53.206265006575137 ], [ -70.951130325024309, -53.206261784236375 ], [ -70.950833043959108, -53.205773159952543 ], [ -70.950830495928429, -53.20576890552816 ], [ -70.950793493862122, -53.205706134138488 ], [ -70.950773485309767, -53.205666460070034 ], [ -70.950770008130789, -53.205658210788492 ], [ -70.950767513588659, -53.205652114124717 ], [ -70.950717890268024, -53.205527070748772 ], [ -70.950614796654179, -53.205275868620717 ], [ -70.950606778800676, -53.205254000122764 ], [ -70.950513530940214, -53.204965618120042 ], [ -70.950512701468838, -53.204963128092757 ], [ -70.950448638811821, -53.204776313845464 ], [ -70.950445058345537, -53.204766901784538 ], [ -70.95044250278842, -53.204760791458213 ], [ -70.95042130551866, -53.204678229482788 ], [ -70.950373711743936, -53.204201423836281 ], [ -70.950371412469934, -53.204178397475737 ], [ -70.9502532525661, -53.202994640369553 ], [ -70.950217814140373, -53.202639601817957 ], [ -70.950217000458224, -53.202631443771637 ], [ -70.950193955307554, -53.202400551875733 ], [ -70.950180889968038, -53.202269655722304 ], [ -70.95017645961228, -53.202225271940257 ], [ -70.950174051175551, -53.202209952743686 ], [ -70.950121290867386, -53.201964549647393 ], [ -70.95009417270208, -53.201847117598675 ], [ -70.950042443972109, -53.201623383778369 ], [ -70.950039947197283, -53.201612583796638 ], [ -70.949954409059771, -53.201242615274829 ], [ -70.949953750657571, -53.201239890395485 ], [ -70.949932641557837, -53.201156137230477 ], [ -70.949930963325016, -53.20114948073693 ], [ -70.949926117447944, -53.2011302633749 ], [ -70.949916388546697, -53.201091666438622 ], [ -70.949915599656023, -53.201088534173593 ], [ -70.949907379239448, -53.201011090177907 ], [ -70.949921471065778, -53.200933951728523 ], [ -70.949957454809194, -53.200859419197513 ], [ -70.950184831780362, -53.200505958277432 ], [ -70.950467198491808, -53.200067005858472 ], [ -70.950468138312615, -53.200065545141612 ], [ -70.95047753962308, -53.200044649810181 ], [ -70.950447332627263, -53.200032839541812 ], [ -70.950158271475303, -53.199944152057682 ], [ -70.950037318614577, -53.199897761734661 ], [ -70.949933338454031, -53.199838359533111 ], [ -70.949850155808974, -53.199768130446657 ], [ -70.949290585477385, -53.199184231924328 ], [ -70.948894404768751, -53.198770814160625 ], [ -70.948851189722063, -53.198725719259706 ], [ -70.948820787322873, -53.1986939931233 ], [ -70.948789215627883, -53.198661048824015 ], [ -70.948757834789888, -53.198628300625671 ], [ -70.948715388481332, -53.198584006119241 ], [ -70.948665764300571, -53.198532222083145 ], [ -70.948642870675641, -53.198508331176292 ], [ -70.948601094352256, -53.198464734038403 ], [ -70.94852894836994, -53.198389447632067 ], [ -70.948505413207215, -53.198364886875666 ], [ -70.948479087091499, -53.19833741386369 ], [ -70.948464589127028, -53.198322284117253 ], [ -70.948411263812318, -53.198266636485421 ], [ -70.948275845128421, -53.198125320904097 ], [ -70.948217908555719, -53.198049251315929 ], [ -70.948184454244242, -53.197968051421384 ], [ -70.948176641397026, -53.197884535036913 ], [ -70.948194740512406, -53.197801596129878 ], [ -70.948238124365758, -53.197722108450485 ], [ -70.948305289442246, -53.197648826466668 ], [ -70.948314678718262, -53.197640519949289 ], [ -70.948418017860348, -53.197567337672723 ], [ -70.948544874051294, -53.197508998418712 ], [ -70.94857507041948, -53.197497965848541 ], [ -70.948599981023989, -53.197487048690704 ], [ -70.948617519006788, -53.197471815549385 ], [ -70.948712251059845, -53.197372700458956 ], [ -70.948744992512459, -53.197341486014757 ], [ -70.948764298621569, -53.197324654345415 ], [ -70.948907344712651, -53.197231454456102 ], [ -70.948996758326828, -53.197187621571608 ], [ -70.949061511547384, -53.197146682534651 ], [ -70.949211305990502, -53.197024128581802 ], [ -70.949243700638135, -53.196992408374307 ], [ -70.949374610895063, -53.196836522490713 ], [ -70.949379380504155, -53.196830630753013 ], [ -70.949480734855442, -53.196700645041673 ], [ -70.949502656716902, -53.19666490312796 ], [ -70.949560895388842, -53.196537486030643 ], [ -70.949605769462437, -53.196464657569365 ], [ -70.949655239741176, -53.19640170204449 ], [ -70.94965916247412, -53.196396542235433 ], [ -70.94980348254802, -53.196200184449438 ], [ -70.949831640744904, -53.196140681983074 ], [ -70.949845475720451, -53.196080910684238 ], [ -70.949888953796076, -53.195980333895996 ], [ -70.949953348344593, -53.195880593610021 ], [ -70.949968303066726, -53.195851836902534 ], [ -70.949994342383604, -53.195786677760175 ], [ -70.950018113602681, -53.195739002989605 ], [ -70.950083195195205, -53.195630703115178 ], [ -70.950091781859626, -53.195610824752656 ], [ -70.950094131333458, -53.195590337078471 ], [ -70.950089884809231, -53.195483045805666 ], [ -70.95009413250169, -53.195423384589148 ], [ -70.950098206506695, -53.195401074066545 ], [ -70.950123798843393, -53.195323988083622 ], [ -70.950171366504989, -53.195250759431822 ], [ -70.950181736496148, -53.195238174616982 ], [ -70.950219098494131, -53.195198120139551 ], [ -70.950241792823022, -53.195176464843293 ], [ -70.950282727671592, -53.195122768936017 ], [ -70.950325955594863, -53.19503793077542 ], [ -70.950341485605875, -53.194986970126898 ], [ -70.950346980430169, -53.194936330590352 ], [ -70.95037147414773, -53.194847951907022 ], [ -70.950407928438153, -53.194767212405296 ], [ -70.950479156627111, -53.19466321711645 ], [ -70.950576249304433, -53.194560350449322 ], [ -70.950595197795451, -53.194541379430483 ], [ -70.950623994859882, -53.194514093725758 ], [ -70.950751931166963, -53.194422556748833 ], [ -70.950786756988165, -53.1944034925286 ], [ -70.950802024671702, -53.194383625249245 ], [ -70.950845519277792, -53.194308000844558 ], [ -70.950858274611321, -53.194280117777303 ], [ -70.950890044329896, -53.194187728844213 ], [ -70.950893817818368, -53.194166644761779 ], [ -70.950884085110602, -53.194146260465594 ], [ -70.950825607617034, -53.194057257195404 ], [ -70.950786603727636, -53.193976419031095 ], [ -70.950779123151747, -53.193952837643963 ], [ -70.95076911022322, -53.193932296636511 ], [ -70.95075139035653, -53.193911748430402 ], [ -70.950731785232918, -53.19389405414703 ], [ -70.95068076234071, -53.193825350423111 ], [ -70.950649538896101, -53.193752497552836 ], [ -70.950648736079387, -53.193749656543709 ], [ -70.950642552002449, -53.193735615421566 ], [ -70.950618901255837, -53.193646408779003 ], [ -70.950625436113398, -53.193556163591083 ], [ -70.950661892483126, -53.193468526809284 ], [ -70.95072679712456, -53.193387039387623 ], [ -70.950747058337072, -53.193367051937585 ], [ -70.950748357736899, -53.193364875698457 ], [ -70.950792353509058, -53.193265998510178 ], [ -70.950877788645442, -53.193172054511294 ], [ -70.950943375953301, -53.193116796567104 ], [ -70.950980634249916, -53.193087959746606 ], [ -70.951106411174479, -53.192998374950037 ], [ -70.951124791654422, -53.192982672863927 ], [ -70.951127537822586, -53.192963549635763 ], [ -70.951127342509494, -53.192896915102111 ], [ -70.951142478259953, -53.192806194254409 ], [ -70.951187793353967, -53.192719175564463 ], [ -70.951261422199238, -53.192639441477873 ], [ -70.951360333702027, -53.19257027444224 ], [ -70.951480455537066, -53.192514521730679 ], [ -70.951616842947189, -53.192474478597319 ], [ -70.951832074314083, -53.192426842960408 ], [ -70.952031685257793, -53.192381459205791 ], [ -70.952110345839387, -53.19235923998496 ], [ -70.952111583031368, -53.192360819856283 ], [ -70.952190727532695, -53.192339441184004 ], [ -70.952228130240712, -53.192334098454047 ], [ -70.95227962882484, -53.192323994571957 ], [ -70.952300954421105, -53.192309525725399 ], [ -70.952363151783828, -53.192258950629096 ], [ -70.952402174756429, -53.192222136904626 ], [ -70.952489115654814, -53.192155082824229 ], [ -70.952595522219525, -53.192099058861523 ], [ -70.952717588753956, -53.192056068879495 ], [ -70.95285094907544, -53.192027650516053 ], [ -70.952990833131906, -53.192014820208385 ], [ -70.953007219620076, -53.19201426013386 ], [ -70.953278661052479, -53.192002801525263 ], [ -70.953311057586305, -53.191999684180516 ], [ -70.953342030060682, -53.191993182560545 ], [ -70.953457701428036, -53.191961746052669 ], [ -70.953586320705384, -53.191934954777444 ], [ -70.953697655272634, -53.191918396700231 ], [ -70.953725263057095, -53.191912879799247 ], [ -70.953751095937434, -53.191904839482007 ], [ -70.953862558847106, -53.191863187070176 ], [ -70.953864537269837, -53.191865096767216 ], [ -70.953938665742072, -53.191838076049855 ], [ -70.95408357685811, -53.191807317328518 ], [ -70.95423589518343, -53.191794990640311 ], [ -70.954389193536443, -53.191801616246927 ], [ -70.954537003565918, -53.19182691450424 ], [ -70.954673088411425, -53.191869818019036 ], [ -70.954791705771797, -53.191928516324275 ], [ -70.954866515925929, -53.191984552235532 ], [ -70.954902837573513, -53.19200773428458 ], [ -70.954969208056511, -53.192043031822685 ], [ -70.954997986530799, -53.192055591354645 ], [ -70.955030237559171, -53.192064607861361 ], [ -70.9550695799864, -53.192072947753779 ], [ -70.955161568274093, -53.19208487830408 ], [ -70.955246153496063, -53.19208926095974 ], [ -70.955283647002219, -53.192088817186843 ], [ -70.955333611472554, -53.192053546633538 ], [ -70.955337595364469, -53.192055582247747 ], [ -70.955420505513189, -53.191999995494037 ], [ -70.955542803411618, -53.191936989735709 ], [ -70.955563883068365, -53.191925255860454 ], [ -70.955670917370682, -53.191860910402255 ], [ -70.955675502155174, -53.191858105482488 ], [ -70.95573229468647, -53.191822747546837 ], [ -70.955889917413614, -53.191747944335731 ], [ -70.95595633420217, -53.191724354026199 ], [ -70.956026324992905, -53.19169084210197 ], [ -70.956140320993228, -53.191645815273837 ], [ -70.956146762827814, -53.191643749432821 ], [ -70.956178874393601, -53.191631197817365 ], [ -70.956301832348359, -53.191592376860079 ], [ -70.956434619925844, -53.191567876395737 ], [ -70.956572660116365, -53.191558540816438 ], [ -70.956711194507918, -53.191564691923141 ], [ -70.956845448014008, -53.191586117680131 ], [ -70.956865923646546, -53.191590644030661 ], [ -70.95690321945581, -53.191596258261761 ], [ -70.956938677396252, -53.191587328710476 ], [ -70.957039852110668, -53.191553804868626 ], [ -70.957066590452754, -53.191543007888988 ], [ -70.957085515040802, -53.191527346086282 ], [ -70.957196578762563, -53.191416066287765 ], [ -70.95720491379231, -53.19140791320023 ], [ -70.957314093557514, -53.191303621632059 ], [ -70.957314405195717, -53.191303739322606 ], [ -70.957373441891065, -53.191247238684426 ], [ -70.957480127052833, -53.19118068093232 ], [ -70.957492792468486, -53.191174255227523 ], [ -70.957549465932928, -53.191138350023216 ], [ -70.957575580554405, -53.191117634209277 ], [ -70.957629115245965, -53.191079721971683 ], [ -70.957630465436651, -53.191078866619399 ], [ -70.95766651828707, -53.191050465349335 ], [ -70.95769913122777, -53.191015982354472 ], [ -70.957773837025485, -53.19096007339374 ], [ -70.957854013849868, -53.190909014256775 ], [ -70.957902208636582, -53.190870783832125 ], [ -70.957909118073204, -53.190865121242759 ], [ -70.957930929054498, -53.190846647596523 ], [ -70.958020703959818, -53.190783799311454 ], [ -70.958068472955972, -53.190760732110618 ], [ -70.958069674884655, -53.190760026816527 ], [ -70.958178037097269, -53.190707343489969 ], [ -70.958300791739148, -53.190667649345706 ], [ -70.958433676773609, -53.190642322555235 ], [ -70.958572078148691, -53.190632242451017 ], [ -70.958609701610328, -53.190631623763295 ], [ -70.958643511107297, -53.19062916761564 ], [ -70.958673521759579, -53.190619498900759 ], [ -70.958780321721704, -53.19057698041857 ], [ -70.958913221198571, -53.190534936232062 ], [ -70.959057425449572, -53.19050968330037 ], [ -70.95920712192779, -53.190502239544472 ], [ -70.959356277364094, -53.190512904867035 ], [ -70.959498879855957, -53.190541249619812 ], [ -70.959585415028457, -53.190571056104808 ], [ -70.959609514259128, -53.190577798340833 ], [ -70.959643380619923, -53.190579127912301 ], [ -70.959765706371329, -53.19057711521738 ], [ -70.959804309257677, -53.190573977137113 ], [ -70.959837249646355, -53.190561488290854 ], [ -70.959906607401123, -53.19052847031363 ], [ -70.960025453291863, -53.190482170709977 ], [ -70.960156698747127, -53.190450154948977 ], [ -70.960295639156769, -53.190433570575472 ], [ -70.96043729353822, -53.190433012194767 ], [ -70.960522057993728, -53.19044243699706 ], [ -70.960549401197881, -53.190443915490611 ], [ -70.960583971420576, -53.190441868017977 ], [ -70.960638411056337, -53.190435500542605 ], [ -70.960694646165393, -53.190426133433128 ], [ -70.960753301574186, -53.190413324401362 ], [ -70.960826008918957, -53.190392930213918 ], [ -70.960877042194213, -53.190375532010876 ], [ -70.961014523142097, -53.190347962703257 ], [ -70.961158274588627, -53.190336831564977 ], [ -70.961302902162387, -53.190342556550696 ], [ -70.961442978112487, -53.190364922621413 ], [ -70.961573245404637, -53.190403090429527 ], [ -70.961634997540898, -53.190425874817478 ], [ -70.961669760927521, -53.190425036503058 ], [ -70.961774733469611, -53.190416284791503 ], [ -70.961808190461312, -53.190411495626698 ], [ -70.961826708743757, -53.190394087920794 ], [ -70.961835104622963, -53.190384222312268 ], [ -70.961910876354537, -53.190312740983686 ], [ -70.962007644048981, -53.190251074225053 ], [ -70.962121966425769, -53.190201414939132 ], [ -70.962249778170914, -53.190165529100504 ], [ -70.962386534191765, -53.190144692610055 ], [ -70.962527371464319, -53.190139646468857 ], [ -70.96266728189056, -53.190150570288566 ], [ -70.962801290384505, -53.1901770753121 ], [ -70.962890352347287, -53.190206784452641 ], [ -70.962905838968453, -53.190210748616721 ], [ -70.962938598193944, -53.190202632232221 ], [ -70.962990095295297, -53.190186114194248 ], [ -70.963019873090346, -53.190174177808657 ], [ -70.963039799523159, -53.190156314521289 ], [ -70.963082191973513, -53.190108842080932 ], [ -70.963094746182207, -53.190091286129054 ], [ -70.963098545863858, -53.190052772749588 ], [ -70.963100880648142, -53.190052855820518 ], [ -70.963105163125931, -53.190009943640725 ], [ -70.963135475877806, -53.189933725404963 ], [ -70.963138176710331, -53.189928859574842 ], [ -70.963214530112808, -53.189831823542981 ], [ -70.96327710687379, -53.189772033727394 ], [ -70.963282823668294, -53.189766388949579 ], [ -70.963352198852647, -53.189695562966612 ], [ -70.963400526519251, -53.189652199549769 ], [ -70.963473233894874, -53.189594512577948 ], [ -70.963594781587005, -53.189518540248542 ], [ -70.963695088409878, -53.189469037481096 ], [ -70.963705286362895, -53.189464093881902 ], [ -70.963735706541584, -53.189449609654233 ], [ -70.963788770037183, -53.189415983689244 ], [ -70.963901338021174, -53.189357563873685 ], [ -70.964030925395164, -53.189313676348505 ], [ -70.964172408402533, -53.189286056505956 ], [ -70.964320192801239, -53.189275796236466 ], [ -70.96446843551908, -53.189283301260225 ], [ -70.964510973180566, -53.189288047606297 ], [ -70.964595840749624, -53.18930063690614 ], [ -70.964671379245388, -53.189314700667715 ], [ -70.964699744408392, -53.189318549077925 ], [ -70.964728762171006, -53.189319689257353 ], [ -70.964926557362389, -53.189318132865267 ], [ -70.964962521261384, -53.189315698438328 ], [ -70.9649941298144, -53.189305110687776 ], [ -70.96524497975939, -53.189200285586367 ], [ -70.96531459403181, -53.189162563467406 ], [ -70.965745901076858, -53.188861548240247 ], [ -70.965810754996824, -53.18882159622477 ], [ -70.965916728721041, -53.188763950501276 ], [ -70.966017551049134, -53.18871780790851 ], [ -70.96612989520743, -53.188682550588958 ], [ -70.966250536464386, -53.188659190418633 ], [ -70.966498682072768, -53.188624756004216 ], [ -70.96651041497698, -53.188623187344163 ], [ -70.966718338142371, -53.188596439971946 ], [ -70.966978457792337, -53.188561558324558 ], [ -70.967011327500416, -53.188555140365729 ], [ -70.967037955447083, -53.188541872396783 ], [ -70.967113225625852, -53.188496511301466 ], [ -70.9671370389608, -53.188478812999584 ], [ -70.967146909456005, -53.188456843458965 ], [ -70.967173836766392, -53.188356331594825 ], [ -70.967180354257721, -53.188287232419839 ], [ -70.967182621024506, -53.18828730952081 ], [ -70.967186666116746, -53.188239173378115 ], [ -70.967221602026399, -53.188154892986894 ], [ -70.967282879128334, -53.188076223693571 ], [ -70.967368208175259, -53.188006104280007 ], [ -70.967474401183509, -53.187947154274141 ], [ -70.967597491335127, -53.187901575778383 ], [ -70.967732880106908, -53.187871071571301 ], [ -70.967760588641895, -53.187866607104574 ], [ -70.96783582364192, -53.187849164020292 ], [ -70.967974042860092, -53.187825979698609 ], [ -70.96811708909334, -53.187819073465334 ], [ -70.968259699140432, -53.187828699239809 ], [ -70.968294862002793, -53.187833155949697 ], [ -70.968438603969403, -53.187860714770125 ], [ -70.968570216045208, -53.187905037090459 ], [ -70.968684344931603, -53.187964320168156 ], [ -70.968776348342814, -53.188036152452689 ], [ -70.968791736016215, -53.188051068532907 ], [ -70.968809302772243, -53.188065399171997 ], [ -70.968830443542743, -53.188077867565354 ], [ -70.968959104738232, -53.188142477427284 ], [ -70.968983012403427, -53.188152670014475 ], [ -70.969009294476095, -53.188160473729475 ], [ -70.969046982106747, -53.188169516051033 ], [ -70.969151941317151, -53.188184486273883 ], [ -70.969205224716831, -53.188184874876399 ], [ -70.969272217363937, -53.188182377980546 ], [ -70.969343950310957, -53.188175448050451 ], [ -70.969515167153034, -53.188148423231468 ], [ -70.969547766021307, -53.188141254641074 ], [ -70.969577560726691, -53.188130553600175 ], [ -70.969637249065912, -53.188104254096949 ], [ -70.969647045895485, -53.188099786734547 ], [ -70.970053700089025, -53.187907942805062 ], [ -70.970077914587108, -53.187894120413965 ] ], [ [ -70.865093080643859, -53.06194776256747 ], [ -70.865054282531815, -53.062000080199532 ], [ -70.864966450938297, -53.062073813450326 ], [ -70.864855818149096, -53.062135412211383 ], [ -70.864726896398821, -53.062182364182149 ], [ -70.864584943760065, -53.062212754228419 ], [ -70.864435749778139, -53.06222534309434 ], [ -70.864285399540861, -53.062219617050253 ], [ -70.864140025202786, -53.062195809861336 ], [ -70.864005555816647, -53.062154892501709 ], [ -70.863812628274061, -53.062080580827931 ], [ -70.86370432339497, -53.062029842290585 ], [ -70.863613275964312, -53.061968012854301 ], [ -70.863542565918493, -53.06189718408271 ], [ -70.863494584980515, -53.061819751953273 ], [ -70.863470956164079, -53.061738335847565 ], [ -70.863472478474307, -53.061655689866122 ], [ -70.863499100670424, -53.061574609644445 ], [ -70.863576201673311, -53.061417454534933 ], [ -70.863629560326302, -53.06133771190769 ], [ -70.863707151578026, -53.061265550539851 ], [ -70.863806135162775, -53.061203611927596 ], [ -70.863922887916843, -53.061154163144046 ], [ -70.864053135877143, -53.061119014311963 ], [ -70.864192111533342, -53.061099452044502 ], [ -70.864334727877733, -53.061096192310323 ], [ -70.86447576455673, -53.061109354503976 ], [ -70.864610058969419, -53.061138456833021 ], [ -70.864732695495945, -53.061182434027828 ], [ -70.864916183737449, -53.061263492053314 ], [ -70.865034656838219, -53.061328728609055 ], [ -70.865127222169249, -53.061407722673884 ], [ -70.865189594070017, -53.061496817128194 ], [ -70.86521888436792, -53.061591886989973 ], [ -70.865213737086606, -53.061688530680726 ], [ -70.865194669965646, -53.061770116792601 ], [ -70.865139083360972, -53.061888038195619 ], [ -70.865095175929753, -53.061948316444898 ], [ -70.865093080643859, -53.06194776256747 ] ], [ [ -70.87019256791379, -53.123166576360653 ], [ -70.8701909122301, -53.123169914954666 ], [ -70.870181613433758, -53.123189209288121 ], [ -70.870179972828197, -53.123192719634844 ], [ -70.870171125214554, -53.123212257985116 ], [ -70.870169522513791, -53.123215918508144 ], [ -70.870161094108667, -53.123235849092957 ], [ -70.870159568878805, -53.123239590033066 ], [ -70.870151528390039, -53.123260066453774 ], [ -70.870150101251568, -53.123263846400022 ], [ -70.870142418308589, -53.123285040044841 ], [ -70.870141121775859, -53.123288767951237 ], [ -70.870133757041643, -53.123310877770486 ], [ -70.870132647841913, -53.123314349019253 ], [ -70.870125615590126, -53.123337331993575 ], [ -70.870124666231845, -53.123340567425295 ], [ -70.870118030954785, -53.123364187797421 ], [ -70.870117200144321, -53.123367275898907 ], [ -70.870111027212914, -53.123391280276252 ], [ -70.870110292169343, -53.123394271213236 ], [ -70.870104633598118, -53.123418422146599 ], [ -70.870103974902037, -53.123421374662989 ], [ -70.87009887906494, -53.12344542657894 ], [ -70.87009828121694, -53.123448407088922 ], [ -70.87009379201028, -53.123472117990737 ], [ -70.87009324775326, -53.12347517965275 ], [ -70.870089401735612, -53.123498307209445 ], [ -70.870088906897649, -53.123501515720299 ], [ -70.870085724903461, -53.123523885726776 ], [ -70.870085334572323, -53.123526895432228 ], [ -70.870058961465986, -53.123615172653658 ], [ -70.870003969740111, -53.123698540835733 ], [ -70.869922549899357, -53.123773678929027 ], [ -70.86981794517483, -53.123837593493931 ], [ -70.869694322975235, -53.123887738506866 ], [ -70.869556607839343, -53.123922116262236 ], [ -70.869410286105634, -53.123939357140415 ], [ -70.869261186916674, -53.123938774391249 ], [ -70.869115249908248, -53.123920391252078 ], [ -70.868978289135867, -53.123884939979789 ], [ -70.868855760421624, -53.123833832864058 ], [ -70.86875254530932, -53.123769105914278 ], [ -70.868672755478897, -53.123693337768749 ], [ -70.868355387051608, -53.123312520922077 ], [ -70.868262853311862, -53.12320148696724 ], [ -70.868211901822008, -53.123122543606499 ], [ -70.868186475900373, -53.123039251736152 ], [ -70.868187478177276, -53.122954569219381 ], [ -70.868214873051357, -53.122871503601793 ], [ -70.868267687582147, -53.122793004570447 ], [ -70.868344045865697, -53.122721860025983 ], [ -70.868441236170312, -53.122660596407947 ], [ -70.868555806908304, -53.122611389357864 ], [ -70.868683689566964, -53.122575986276843 ], [ -70.868820342481598, -53.12255564446864 ], [ -70.86896091297514, -53.122551086344544 ], [ -70.86923352368153, -53.122557733324172 ], [ -70.869269465934579, -53.122556495201174 ], [ -70.869318292135773, -53.122548913168558 ], [ -70.869461368517321, -53.122535417210194 ], [ -70.869606085073954, -53.122538782592336 ], [ -70.869747002477752, -53.122558882577728 ], [ -70.869878824626497, -53.122594961920448 ], [ -70.86999659679536, -53.122645664496844 ], [ -70.870095892421745, -53.122709084666987 ], [ -70.870172979550858, -53.122782838733421 ], [ -70.870224960439614, -53.122864154712019 ], [ -70.870249881443158, -53.122949976146622 ], [ -70.870246805750369, -53.123037077477953 ], [ -70.870215848550359, -53.123122184860918 ], [ -70.870203923400979, -53.123144388098694 ], [ -70.870202363157674, -53.123147370694717 ], [ -70.87019256791379, -53.123166576360653 ] ], [ [ -70.879858188325215, -53.115346910616211 ], [ -70.879829978814413, -53.115350733321506 ], [ -70.879799263443445, -53.11535872911913 ], [ -70.879431010702433, -53.115480019406952 ], [ -70.879386683395566, -53.115497173449675 ], [ -70.879319918413827, -53.115527224838338 ], [ -70.87919112068289, -53.115573834306872 ], [ -70.879049420452191, -53.115603984875982 ], [ -70.878900556073546, -53.115616455611729 ], [ -70.878750555820503, -53.115610741357315 ], [ -70.878605494596115, -53.115587073659057 ], [ -70.878471246458091, -53.115546410915677 ], [ -70.878353247998561, -53.11549039976186 ], [ -70.878256277849147, -53.115421308502434 ], [ -70.878184262583545, -53.115341935044242 ], [ -70.878140118472828, -53.115255493673537 ], [ -70.878125633014022, -53.115165484934117 ], [ -70.878141392428773, -53.115075553725006 ], [ -70.878186758682148, -53.114989341765707 ], [ -70.878285744658413, -53.114851336353304 ], [ -70.878288168943811, -53.114847993867244 ], [ -70.878300956698297, -53.114830555627826 ], [ -70.878333818077408, -53.114785745699642 ], [ -70.878356396603436, -53.114754958413847 ], [ -70.878366229782557, -53.114741549724272 ], [ -70.878367865049057, -53.114739286154517 ], [ -70.878381599199855, -53.114719986568964 ], [ -70.878402283335802, -53.114690918956065 ], [ -70.878419638060123, -53.114666529552792 ], [ -70.878452370260462, -53.114620534238831 ], [ -70.878496033923668, -53.114559173246178 ], [ -70.878509769360477, -53.114539871466484 ], [ -70.878527905582374, -53.114514384635079 ], [ -70.87854469248812, -53.114490793549322 ], [ -70.878559837144394, -53.11446951145652 ], [ -70.878565683697772, -53.11446129571317 ], [ -70.878580037289893, -53.114441124396073 ], [ -70.878591667133009, -53.114424781114309 ], [ -70.878604838853605, -53.114406271032522 ], [ -70.878616737179982, -53.114389550400126 ], [ -70.878622900344112, -53.114380889116497 ], [ -70.878625210503785, -53.114377569192733 ], [ -70.878628167584921, -53.114373222489768 ], [ -70.878636770892868, -53.114361086838947 ], [ -70.878640944883642, -53.114355430775213 ], [ -70.878643403782974, -53.114351896414853 ], [ -70.878646406010276, -53.114347642770795 ], [ -70.878669191948418, -53.114315813821605 ], [ -70.878674405476701, -53.11430870114247 ], [ -70.878685660270889, -53.11429369959491 ], [ -70.878693059996976, -53.114283834185841 ], [ -70.878711522614196, -53.114259223790377 ], [ -70.878729013776635, -53.114235908269663 ], [ -70.878754001333462, -53.114202601377045 ], [ -70.878769232265753, -53.114182298408664 ], [ -70.878781311695107, -53.114166197408963 ], [ -70.878824000888415, -53.114109293206994 ], [ -70.878845522903731, -53.114080603374447 ], [ -70.878851499594305, -53.114072636489162 ], [ -70.878933054296638, -53.113989243899752 ], [ -70.87904238752941, -53.113918288483518 ], [ -70.879174430515775, -53.113863059843503 ], [ -70.879323061329316, -53.113826118450042 ], [ -70.879434612765507, -53.113814182073902 ], [ -70.879458539446162, -53.113810284677427 ], [ -70.879481823814032, -53.113794235197247 ], [ -70.879707095858492, -53.113604181729649 ], [ -70.879800587046603, -53.113539409425584 ], [ -70.879912831859855, -53.113486507359234 ], [ -70.880039739429677, -53.113447403493936 ], [ -70.88017668479884, -53.113423523125732 ], [ -70.880318676659073, -53.113415736432806 ], [ -70.880460540501616, -53.113424327266145 ], [ -70.88059710594645, -53.113448982459474 ], [ -70.880723396092776, -53.113488803490313 ], [ -70.880834807928508, -53.113542339137425 ], [ -70.880927281373772, -53.113607638274281 ], [ -70.880997445978565, -53.113682321085612 ], [ -70.881042744395373, -53.113763665664941 ], [ -70.881061525640021, -53.113848707408089 ], [ -70.881053105113097, -53.113934346935686 ], [ -70.881017789433457, -53.114017463070127 ], [ -70.881004104453979, -53.114040311147178 ], [ -70.880904228659006, -53.11422807809582 ], [ -70.880902778724604, -53.114230866341572 ], [ -70.880759506745662, -53.114512791082852 ], [ -70.880753072905691, -53.114527130729279 ], [ -70.880702457800837, -53.114656841486259 ], [ -70.880664722298022, -53.11475353514043 ], [ -70.880646173654085, -53.114801068754026 ], [ -70.880598188016307, -53.114885378859839 ], [ -70.88051516229892, -53.114994517507185 ], [ -70.88048535844689, -53.115047192913011 ], [ -70.880422245563025, -53.115130054147727 ], [ -70.880332640696821, -53.115203548340233 ], [ -70.880220230176477, -53.115264651912433 ], [ -70.880089638811526, -53.11531085097306 ], [ -70.879946239395068, -53.115340244673803 ], [ -70.879858188325215, -53.115346910616211 ] ], [ [ -70.884512486983226, -53.134438613607294 ], [ -70.884548761517621, -53.134460120577934 ], [ -70.884640533428254, -53.134526090324371 ], [ -70.884709724877865, -53.134601367009566 ], [ -70.884753800839334, -53.134683192669243 ], [ -70.884771146510417, -53.134768569813232 ], [ -70.884761126227559, -53.134854370442589 ], [ -70.884724106927607, -53.134937451295208 ], [ -70.884661444812409, -53.135014768598424 ], [ -70.884575435246973, -53.135083489720671 ], [ -70.884469229272653, -53.135141097082951 ], [ -70.884434354700076, -53.135156648421265 ], [ -70.884432892580946, -53.135155462603038 ], [ -70.884369920858802, -53.135183504826252 ], [ -70.884244849254102, -53.135219942722394 ], [ -70.884110720550822, -53.135241821804811 ], [ -70.883972174615167, -53.13524838505797 ], [ -70.883834003850737, -53.135239405585324 ], [ -70.883700987848187, -53.135215193902418 ], [ -70.883577728011744, -53.135176587605784 ], [ -70.883468488090244, -53.135124922155427 ], [ -70.88337704683191, -53.135061984740645 ], [ -70.883176637910367, -53.134894932198904 ], [ -70.883101953039485, -53.134817413789875 ], [ -70.883054322830333, -53.134732525920029 ], [ -70.883035640546282, -53.134643642866315 ], [ -70.88304664819772, -53.134554297440836 ], [ -70.883086908320763, -53.134468040822036 ], [ -70.883154820562908, -53.134388301411789 ], [ -70.883247685428671, -53.134318248794152 ], [ -70.883361811629896, -53.134260667077044 ], [ -70.883492663176227, -53.134217845048298 ], [ -70.883635039100767, -53.134191484785546 ], [ -70.88378328051401, -53.134182633836744 ], [ -70.883931495259432, -53.134191644090578 ], [ -70.88407379255635, -53.134218157456452 ], [ -70.884127746140337, -53.134231887041572 ], [ -70.884127139119585, -53.13423274967608 ], [ -70.884154079719949, -53.134238191058706 ], [ -70.884291397865809, -53.134287523762495 ], [ -70.884408111114936, -53.134353302698841 ], [ -70.884473823328278, -53.134410653244487 ], [ -70.884512486983226, -53.134438613607294 ] ] ] ] } },
{ "type": "Feature", "properties": { "id": 3, "capa_kml": "Limite_50m_IPT_12_PRC_Puerto_Williams_CaboHornos", "nombre_busq": "Limite_50m_IPT_12_PRC_Puerto_Williams_CaboHornos", "fid_origen": 1, "crs_origen": "EPSG:4326" }, "geometry": { "type": "MultiPolygon", "coordinates": [ [ [ [ -67.623234986848971, -54.938617266094489 ], [ -67.623236378193099, -54.938598741431171 ], [ -67.623226124977379, -54.938487317779547 ], [ -67.62321027242497, -54.938315037950623 ], [ -67.623204710421518, -54.938293992044592 ], [ -67.623166823464601, -54.938270074865393 ], [ -67.623141910344785, -54.93825719482637 ], [ -67.623051404236492, -54.938188105736721 ], [ -67.622985583165146, -54.938110308356457 ], [ -67.622981592774281, -54.93810414546558 ], [ -67.622969783158368, -54.93808453357444 ], [ -67.622963146311747, -54.93807263031794 ], [ -67.622938484699944, -54.938015640965737 ], [ -67.622918359972587, -54.937974172888026 ], [ -67.622915856746118, -54.937970425986343 ], [ -67.622900341606396, -54.937951432953739 ], [ -67.622845805474697, -54.937909572714808 ], [ -67.622657978556845, -54.93779917499662 ], [ -67.622578736088357, -54.937764154519449 ], [ -67.62251765299284, -54.937748810834407 ], [ -67.622480756004663, -54.937742025115917 ], [ -67.622397252272677, -54.937732306299495 ], [ -67.622320699357317, -54.937728340258388 ], [ -67.622173107566752, -54.937712339266874 ], [ -67.622033573376768, -54.937680356126187 ], [ -67.621907265329824, -54.937633575543316 ], [ -67.621814120663913, -54.937591261261737 ], [ -67.621788548960254, -54.937581435172127 ], [ -67.621760597435326, -54.937574064353718 ], [ -67.621729145827643, -54.937567454546269 ], [ -67.621677091316911, -54.937558822436273 ], [ -67.621663640750867, -54.937557164754161 ], [ -67.621589823496677, -54.937552243360628 ], [ -67.621524772677091, -54.937551505682499 ], [ -67.621438113214069, -54.937556130079528 ], [ -67.621389241632045, -54.937561966832071 ], [ -67.621245179657478, -54.937590881362212 ], [ -67.621244439175626, -54.937589658405216 ], [ -67.621184487051394, -54.937602939045199 ], [ -67.621032378425852, -54.937617901850935 ], [ -67.620878129835589, -54.937615338770428 ], [ -67.62072777328261, -54.93759535003587 ], [ -67.620587188552577, -54.937558717321323 ], [ -67.620461873261505, -54.93750687317177 ], [ -67.62035672785467, -54.937441844977563 ], [ -67.620275863967876, -54.937366175686087 ], [ -67.620242992450443, -54.937327248867732 ], [ -67.620215222962869, -54.93730110201934 ], [ -67.620211020951388, -54.937297467533682 ], [ -67.620130551984673, -54.937207185427454 ], [ -67.62008732604464, -54.937108808850326 ], [ -67.620084254225134, -54.937095749532332 ], [ -67.620079084314852, -54.937066698467923 ], [ -67.620070884809081, -54.936998977901744 ], [ -67.620069032222858, -54.936972086419253 ], [ -67.620068182041649, -54.936921564533577 ], [ -67.620050594526106, -54.936857419776061 ], [ -67.620049403242845, -54.93685533871804 ], [ -67.620041958505311, -54.936842957948407 ], [ -67.620017442937538, -54.936808483606875 ], [ -67.620018636653342, -54.936808202206016 ], [ -67.61997583771813, -54.936739996266482 ], [ -67.619972679981288, -54.936732859789032 ], [ -67.619966133081206, -54.936716843361211 ], [ -67.619957712307851, -54.936694407951649 ], [ -67.619930921323373, -54.936648154435034 ], [ -67.619915620270476, -54.93662899366354 ], [ -67.619910352770034, -54.936622660173278 ], [ -67.619845784293304, -54.936548041873834 ], [ -67.61982049345103, -54.936515670125246 ], [ -67.619780155081884, -54.936458055951682 ], [ -67.619762622794013, -54.936430441982793 ], [ -67.619724179049513, -54.936363139626373 ], [ -67.619723518457093, -54.936361977820745 ], [ -67.619699199413532, -54.936319009454238 ], [ -67.619665836557431, -54.936276028143027 ], [ -67.619637287091535, -54.936247685579438 ], [ -67.619610425247103, -54.936224473331862 ], [ -67.619598511350233, -54.936215448560382 ], [ -67.619556056720754, -54.936188221763715 ], [ -67.619539069921842, -54.936178971684718 ], [ -67.619511202106921, -54.936165169485356 ], [ -67.61949194089398, -54.936156504899728 ], [ -67.619460769967802, -54.936143846001215 ], [ -67.619432850423706, -54.936133647024377 ], [ -67.619376509575076, -54.936116298901517 ], [ -67.619254254423979, -54.93606965590962 ], [ -67.619149317161828, -54.93601066543507 ], [ -67.619062539003352, -54.935951735781934 ], [ -67.619036749461955, -54.935935850757012 ], [ -67.618947277129905, -54.935885832244587 ], [ -67.618934245753294, -54.935878872158789 ], [ -67.618695466778661, -54.935757047297656 ], [ -67.618694381919809, -54.935756492763304 ], [ -67.618310791870883, -54.935560048641705 ], [ -67.61821043228025, -54.935497931885422 ], [ -67.61813214298391, -54.93542605975248 ], [ -67.618078715471384, -54.93534699503612 ], [ -67.618052054682309, -54.93526355698458 ], [ -67.61805311109994, -54.935178720770395 ], [ -67.618081846882731, -54.935095511402082 ], [ -67.618103932531639, -54.935053027461223 ], [ -67.618105527983914, -54.93504344313704 ], [ -67.618080268192571, -54.934999646479646 ], [ -67.618081690384642, -54.934999374544894 ], [ -67.618065432122734, -54.934967425481346 ], [ -67.618022663731693, -54.934900909604067 ], [ -67.617996871115366, -54.934866987169855 ], [ -67.617993512355326, -54.93486194351798 ], [ -67.617983767537211, -54.934844729550953 ], [ -67.617939994776933, -54.934784518317066 ], [ -67.617922090470842, -54.93476918460518 ], [ -67.617879510629734, -54.934741081953611 ], [ -67.617765961521926, -54.934642426598394 ], [ -67.617742241170689, -54.934614379376619 ], [ -67.617736195792858, -54.934607531279205 ], [ -67.617732459566795, -54.934603472306023 ], [ -67.617709702944012, -54.934583683489599 ], [ -67.617680839387219, -54.934567392331459 ], [ -67.617642152929662, -54.934549738339605 ], [ -67.617600439578879, -54.934535496932007 ], [ -67.617493026732419, -54.934491354888792 ], [ -67.617400069425244, -54.934437421700771 ], [ -67.617371126580281, -54.934417512388386 ], [ -67.617359243435999, -54.934412240431946 ], [ -67.617324608489781, -54.934402973561347 ], [ -67.617270910247754, -54.934393925055012 ], [ -67.617270086787158, -54.934393746565966 ], [ -67.617232288508262, -54.934390213420286 ], [ -67.617230172697361, -54.934390138543868 ], [ -67.617193181722257, -54.934389841861687 ], [ -67.617042429682755, -54.934392753095743 ], [ -67.61700912649907, -54.934394220267009 ], [ -67.616714739642163, -54.934414521412563 ], [ -67.616626034736825, -54.934417703137754 ], [ -67.616482824483839, -54.934418134420376 ], [ -67.616461776208084, -54.934418525119668 ], [ -67.61601652327009, -54.934433725352314 ], [ -67.61599561754727, -54.934434885070601 ], [ -67.615896247002709, -54.93443673347565 ], [ -67.615835785371772, -54.934435637920778 ], [ -67.615814329511537, -54.93443588755536 ], [ -67.615671503529285, -54.93442998231896 ], [ -67.615532956832169, -54.934409148189644 ], [ -67.61540335545827, -54.93437408683085 ], [ -67.615287064152355, -54.934325979055487 ], [ -67.615187999358994, -54.934266445054391 ], [ -67.615151166245582, -54.934239792197793 ], [ -67.615080094760188, -54.934200045423601 ], [ -67.61504424612815, -54.934184581177192 ], [ -67.615039633488891, -54.934182575992672 ], [ -67.614708328794507, -54.934037439488954 ], [ -67.61468504935084, -54.934026832688133 ], [ -67.614275003007592, -54.933832585146519 ], [ -67.614233448300169, -54.933815403333014 ], [ -67.6141581351432, -54.933788391538229 ], [ -67.614121090135868, -54.93377666009583 ], [ -67.614060234928374, -54.933759794897881 ], [ -67.614048191629934, -54.933756601244774 ], [ -67.61379777974382, -54.933693143827256 ], [ -67.613780244909151, -54.933688550658061 ], [ -67.613612392205042, -54.933643133984901 ], [ -67.613602127095987, -54.933640460003438 ], [ -67.613513689529896, -54.933618302823888 ], [ -67.613448381880758, -54.933605762273395 ], [ -67.613366709418486, -54.933594583825048 ], [ -67.613195285688221, -54.933558485473661 ], [ -67.613141061530101, -54.933542710281422 ], [ -67.613095851584603, -54.933531559522024 ], [ -67.61306909443735, -54.933526082406246 ], [ -67.612959164203275, -54.933513472373591 ], [ -67.612463601248209, -54.933498700465513 ], [ -67.612320873204226, -54.933486760080541 ], [ -67.612184400235094, -54.933459897548865 ], [ -67.612129482195527, -54.933445702231481 ], [ -67.612077190022546, -54.933434696289062 ], [ -67.611927576998028, -54.933410023781683 ], [ -67.611899239022165, -54.933406645369161 ], [ -67.611855378360644, -54.933405264497921 ], [ -67.611650400072463, -54.933382718070845 ], [ -67.611623035948554, -54.933377446099584 ], [ -67.611577859044402, -54.933370447032502 ], [ -67.611349754160571, -54.933343440826391 ], [ -67.611291120954292, -54.933339134960541 ], [ -67.610385594345033, -54.933312559875951 ], [ -67.610344974283038, -54.933310754373672 ], [ -67.609727811572, -54.933273965762666 ], [ -67.609699599558823, -54.933271984346817 ], [ -67.609077999514966, -54.933221694282096 ], [ -67.609034609085185, -54.93321959771658 ], [ -67.608438519787555, -54.933210038045587 ], [ -67.608264231576513, -54.933195804055906 ], [ -67.608099920526499, -54.933159435422617 ], [ -67.607953950032325, -54.933102783310439 ], [ -67.607943848245043, -54.933097822787218 ], [ -67.607910643967486, -54.933084175091913 ], [ -67.607842161818425, -54.933061678193432 ], [ -67.607815688782566, -54.933054926143491 ], [ -67.607788401352082, -54.933048663099349 ], [ -67.60776994464527, -54.933044884193905 ], [ -67.607702965615289, -54.933029120190177 ], [ -67.607689565339314, -54.933025540247378 ], [ -67.607658771158356, -54.933018216905083 ], [ -67.607580811572063, -54.933001884705227 ], [ -67.607566400058786, -54.93299877252732 ], [ -67.607545303236151, -54.932994079464635 ], [ -67.607462432768742, -54.932983225875255 ], [ -67.607438381356459, -54.932979843882379 ], [ -67.60731213929094, -54.932960865280805 ], [ -67.60724782839948, -54.932949470447952 ], [ -67.607207359192614, -54.932941184197801 ], [ -67.607185947517678, -54.932936595642595 ], [ -67.607051002732177, -54.932906374246222 ], [ -67.606994031836649, -54.932892086559917 ], [ -67.606758422575183, -54.932826452097856 ], [ -67.606740593227613, -54.93282179946857 ], [ -67.606327512590894, -54.932721119016939 ], [ -67.606286320370742, -54.932712614883307 ], [ -67.606194134182189, -54.932696884175648 ], [ -67.606095797862736, -54.932687771581108 ], [ -67.606033407540693, -54.932686656533114 ], [ -67.605818113386505, -54.932665183432917 ], [ -67.605209896872509, -54.932552226210738 ], [ -67.605178499311776, -54.932547218427658 ], [ -67.604583820833824, -54.932467606880671 ], [ -67.604569236980652, -54.932465822890336 ], [ -67.603495479798681, -54.932346770067632 ], [ -67.603475575364541, -54.932344869067272 ], [ -67.603009487891327, -54.93230745791238 ], [ -67.602965675356145, -54.932305382293471 ], [ -67.602154597052078, -54.932293387064739 ], [ -67.602087417334829, -54.932290719468156 ], [ -67.601962230726272, -54.932282610687189 ], [ -67.601958195396747, -54.932282343175558 ], [ -67.601881580155521, -54.932277147747847 ], [ -67.601836338827724, -54.932273302772387 ], [ -67.601721946465133, -54.932261598857103 ], [ -67.601649555970837, -54.93225815571661 ], [ -67.601570689577031, -54.932258656204745 ], [ -67.601527385913982, -54.93226178931431 ], [ -67.601486432024956, -54.932270476268393 ], [ -67.601452820888071, -54.932280232585903 ], [ -67.601429761498281, -54.932287497206005 ], [ -67.601355990376319, -54.93231263393686 ], [ -67.601317127607942, -54.932327764960377 ], [ -67.601316380108955, -54.932328095416402 ], [ -67.601288388637883, -54.932343252029447 ], [ -67.601267157413744, -54.932360510538686 ], [ -67.601254572574959, -54.932376162705665 ], [ -67.601237542071971, -54.932411880579799 ], [ -67.601236755309628, -54.932411756197041 ], [ -67.601206622967027, -54.932472288338523 ], [ -67.601140639408925, -54.932547607884928 ], [ -67.601051366563624, -54.932614497025938 ], [ -67.600941951816267, -54.932670597452983 ], [ -67.600816252743726, -54.932713931226196 ], [ -67.60067870110781, -54.932742970516095 ], [ -67.600534146596544, -54.932756691475056 ], [ -67.600387685823861, -54.932754610338549 ], [ -67.60038377125106, -54.932754341527911 ], [ -67.600369508637968, -54.932754790613664 ], [ -67.600355496496007, -54.932756458726296 ], [ -67.600337975570298, -54.932760268507501 ], [ -67.600323205777613, -54.932765208387075 ], [ -67.600272043468081, -54.932789484582017 ], [ -67.60022815975988, -54.932813317093398 ], [ -67.60010476402195, -54.932858683675164 ], [ -67.599968822279891, -54.932889978257897 ], [ -67.599825120749443, -54.932906099022603 ], [ -67.599678718878494, -54.932906478389292 ], [ -67.599534771197455, -54.932891103002156 ], [ -67.599398345820319, -54.93286051419971 ], [ -67.599274245989932, -54.932815788953356 ], [ -67.599166840953274, -54.932758501945898 ], [ -67.599124779409294, -54.932731421247261 ], [ -67.59908326951691, -54.932708380696269 ], [ -67.598962097952963, -54.932650443711815 ], [ -67.598909533875783, -54.932629265367268 ], [ -67.598754861019628, -54.932577311393793 ], [ -67.598685631133506, -54.93255902565442 ], [ -67.598496085209689, -54.932521389486908 ], [ -67.59848980202608, -54.932520176179025 ], [ -67.598263099343498, -54.9324776287256 ], [ -67.598219964119579, -54.932471079012466 ], [ -67.597950281025007, -54.93243950706708 ], [ -67.597911267564939, -54.932436112856237 ], [ -67.59756371735422, -54.932416167418182 ], [ -67.597551313831659, -54.932415570484061 ], [ -67.597254088984798, -54.932404011958965 ], [ -67.597234946290513, -54.932403131119138 ], [ -67.596503439454139, -54.932364246757665 ], [ -67.596476970289515, -54.93236257692147 ], [ -67.595996489485472, -54.932327476918942 ], [ -67.595963026336662, -54.932325871499629 ], [ -67.595752345810524, -54.932321009429771 ], [ -67.595712154461339, -54.932321275892804 ], [ -67.59561050737959, -54.93232497314569 ], [ -67.595556205418347, -54.93232585714447 ], [ -67.595422339856043, -54.932325351749995 ], [ -67.595377892808884, -54.932326646823682 ], [ -67.595136642927656, -54.932341662417407 ], [ -67.595122164891222, -54.932342721648666 ], [ -67.595090413414908, -54.932345393046326 ], [ -67.594940872699809, -54.932349615063686 ], [ -67.59490438643796, -54.932348624744868 ], [ -67.594833944959674, -54.932350393350909 ], [ -67.594794840653705, -54.932353434613148 ], [ -67.594716053886685, -54.932364127554614 ], [ -67.594674441906619, -54.932371323971829 ], [ -67.594624991294097, -54.932378741692951 ], [ -67.594586046458176, -54.932385857524345 ], [ -67.594298481442678, -54.932448125488015 ], [ -67.594209711272356, -54.932463943145123 ], [ -67.594180214223343, -54.932468108998506 ], [ -67.594180064601275, -54.932467757726343 ], [ -67.594073476167509, -54.932479767613351 ], [ -67.594031658738558, -54.932482558273591 ], [ -67.594014539340179, -54.932485616608552 ], [ -67.593966908950904, -54.932498235662585 ], [ -67.593916860925063, -54.932517955250368 ], [ -67.593909587880916, -54.932521401499173 ], [ -67.593873759238789, -54.932540678809019 ], [ -67.593818604084959, -54.932574338932817 ], [ -67.593755329748532, -54.932613362364371 ], [ -67.593747489125633, -54.932618347109191 ], [ -67.593730604766392, -54.932629411156498 ], [ -67.593626020304839, -54.932686361049875 ], [ -67.593615432274149, -54.932691142896019 ], [ -67.593475258885988, -54.932741629579681 ], [ -67.593319757654385, -54.93277397543288 ], [ -67.593082227391662, -54.932807519300553 ], [ -67.592966671259617, -54.932818623338783 ], [ -67.592849530390595, -54.932819639544356 ], [ -67.592782613453323, -54.932817321694891 ], [ -67.592728893799887, -54.93281838445732 ], [ -67.592605236928449, -54.932836661693926 ], [ -67.592605158171011, -54.932836485022591 ], [ -67.59250046715978, -54.932852971973688 ], [ -67.592334367401747, -54.932858081802749 ], [ -67.592308271612382, -54.932857278331056 ], [ -67.592275452644273, -54.932857888557621 ], [ -67.592245236846168, -54.93286473877501 ], [ -67.592167592240685, -54.932891637351915 ], [ -67.592029718558223, -54.932929366413262 ], [ -67.591881725686633, -54.932950915737493 ], [ -67.591729278391412, -54.932955460474538 ], [ -67.591578211957511, -54.932942826664842 ], [ -67.591555974723434, -54.932939663178281 ], [ -67.591411948416265, -54.932910301143366 ], [ -67.591358457953973, -54.932895863129666 ], [ -67.591345023357718, -54.932892413268213 ], [ -67.591276339604676, -54.932875662658248 ], [ -67.591210786826565, -54.93285713521756 ], [ -67.591208626328068, -54.93285677139756 ], [ -67.591165146521377, -54.932855340901781 ], [ -67.591164064709531, -54.932855376225078 ], [ -67.591133491225563, -54.932857242260063 ], [ -67.591103774049884, -54.932861510721743 ], [ -67.591089376298797, -54.932865255443168 ], [ -67.590963328298329, -54.932904422230813 ], [ -67.590865705753544, -54.932920369285426 ], [ -67.590817160766619, -54.932931808143451 ], [ -67.590673178980779, -54.932975980524709 ], [ -67.590666738477353, -54.932977445938093 ], [ -67.590666342893996, -54.932977540171258 ], [ -67.59054551732099, -54.932999891099605 ], [ -67.590419997347567, -54.933010667817406 ], [ -67.590417184898456, -54.933010775831434 ], [ -67.590342585264366, -54.933018774341186 ], [ -67.590322508565521, -54.933023754424994 ], [ -67.590317983925772, -54.933031546312009 ], [ -67.590311228339687, -54.933068631609842 ], [ -67.590311902464933, -54.933114345742986 ], [ -67.590311902564963, -54.933114346778332 ], [ -67.590315231924862, -54.933340065442863 ], [ -67.590315259740109, -54.9333442912965 ], [ -67.59031519091323, -54.933387702236658 ], [ -67.590315190925295, -54.933387702389993 ], [ -67.590314947526011, -54.933541264098665 ], [ -67.590318997230895, -54.93356370613796 ], [ -67.590350057138963, -54.933583682150562 ], [ -67.590385244411053, -54.933607982768294 ], [ -67.590396113055817, -54.933616050132152 ], [ -67.590472803066802, -54.933685195155896 ], [ -67.590526377753548, -54.93376121730892 ], [ -67.590555050504904, -54.933841581592254 ], [ -67.590556800623375, -54.933850607540428 ], [ -67.590558139682443, -54.93385807943789 ], [ -67.590571556036281, -54.933939611820641 ], [ -67.590574647062951, -54.933967824365929 ], [ -67.590576598559849, -54.934003442481824 ], [ -67.590596770523305, -54.934067827535429 ], [ -67.590616715372832, -54.9341018631794 ], [ -67.590623941389438, -54.93411484079315 ], [ -67.590639505679775, -54.934144324418924 ], [ -67.590684962380223, -54.934200711383625 ], [ -67.590695168570747, -54.934209797955759 ], [ -67.590741289838761, -54.934243340659926 ], [ -67.590850899749853, -54.934309047874201 ], [ -67.590856714604755, -54.934312460228028 ], [ -67.591081095017586, -54.934441360772063 ], [ -67.591092722147266, -54.934448183860034 ], [ -67.591219270259529, -54.934524042909239 ], [ -67.59131268256769, -54.934592134594439 ], [ -67.591381619904183, -54.934669295682852 ], [ -67.591392430598916, -54.934684952897179 ], [ -67.591423313386812, -54.934739643391701 ], [ -67.59146985994856, -54.934844467628778 ], [ -67.591479435979167, -54.934868837966285 ], [ -67.591487079730456, -54.934891157424346 ], [ -67.591501810970371, -54.934980414760687 ], [ -67.591501434767608, -54.935022046350056 ], [ -67.59150066219776, -54.935039832626167 ], [ -67.591488002381567, -54.935202407782725 ], [ -67.591487779240126, -54.935205869690584 ], [ -67.591480108252895, -54.935356135625668 ], [ -67.591479872965536, -54.935360137346173 ], [ -67.591476620112829, -54.935409018688603 ], [ -67.591484606933719, -54.935463511905681 ], [ -67.591490460085865, -54.935479585301607 ], [ -67.591505479236048, -54.935543141672419 ], [ -67.591517372842134, -54.935650350626496 ], [ -67.591523213797075, -54.935677273486178 ], [ -67.591568109525113, -54.935815592331494 ], [ -67.591579950001403, -54.935842637182127 ], [ -67.591658624667261, -54.935984483292316 ], [ -67.591692368133849, -54.936080256975195 ], [ -67.59169030739757, -54.936146899838349 ], [ -67.591697775673481, -54.93618876067692 ], [ -67.591722012481227, -54.936227492678917 ], [ -67.591733220074943, -54.936240298145833 ], [ -67.591748124228502, -54.936255075784935 ], [ -67.591802453679492, -54.936320638648915 ], [ -67.591837721923099, -54.936390385678969 ], [ -67.59186268951089, -54.936460445865016 ], [ -67.59186795109548, -54.936473283156801 ], [ -67.591914764457599, -54.936574150461162 ], [ -67.591940692748466, -54.936613600791347 ], [ -67.591995774801063, -54.936654864454802 ], [ -67.592019937725524, -54.936668641392423 ], [ -67.592104625152317, -54.936705231264582 ], [ -67.592110753716696, -54.936707191191317 ], [ -67.592142238056553, -54.936715236794555 ], [ -67.592153910382535, -54.936716875161977 ], [ -67.592332343125861, -54.936755740469245 ], [ -67.59248906456105, -54.936818372097086 ], [ -67.59278445109338, -54.936970357634323 ], [ -67.592810019612827, -54.936984119461144 ], [ -67.592976419815884, -54.937077794805262 ], [ -67.592978266517591, -54.937078837859104 ], [ -67.593236439941407, -54.937225142835189 ], [ -67.593253309116605, -54.937234154093957 ], [ -67.593625253713085, -54.93742139429375 ], [ -67.593652478499664, -54.937435768008541 ], [ -67.593972604707517, -54.937612993026434 ], [ -67.594004907461027, -54.93763196578815 ], [ -67.594140508837114, -54.937716469210407 ], [ -67.594143594715618, -54.937718370043108 ], [ -67.594227416411641, -54.937769406537562 ], [ -67.594342616536508, -54.937859953785001 ], [ -67.594349466575053, -54.93786705491101 ], [ -67.594401083303282, -54.937932364498998 ], [ -67.594410148161074, -54.937946792152317 ], [ -67.59443753483491, -54.938000702580595 ], [ -67.594457431577069, -54.938051454765287 ], [ -67.59447605389721, -54.938166882181271 ], [ -67.594473528387951, -54.938206428556647 ], [ -67.594470641848375, -54.938231897426263 ], [ -67.594468662332289, -54.938244042155944 ], [ -67.594438961889708, -54.938331554694912 ], [ -67.594379827838708, -54.938413966725584 ], [ -67.594358434973302, -54.938432339858927 ], [ -67.594358515465316, -54.938432366289526 ], [ -67.594316004110084, -54.938475279783255 ], [ -67.594308421787957, -54.938487724923071 ], [ -67.594311847517005, -54.938496016451403 ], [ -67.594316641114574, -54.93850221797625 ], [ -67.594321846349999, -54.938504321028653 ], [ -67.594421515549925, -54.938536846059435 ], [ -67.594512788504261, -54.938579625709536 ], [ -67.594540582651305, -54.938591543551013 ], [ -67.594585127888095, -54.938604345364439 ], [ -67.594635388782891, -54.93861592536404 ], [ -67.594715979268358, -54.938645688005394 ], [ -67.594736576960685, -54.938651517239833 ], [ -67.594749352363834, -54.938653383989482 ], [ -67.594785032991055, -54.938654452512218 ], [ -67.594889343137211, -54.93864336842887 ], [ -67.594929372534239, -54.938635614108023 ], [ -67.594938701168743, -54.938633844550054 ], [ -67.595136680912177, -54.938597082922968 ], [ -67.595232327351027, -54.938586649691544 ], [ -67.595232000101717, -54.938585836436225 ], [ -67.595353961414787, -54.938569569114506 ], [ -67.595494588349737, -54.938558441723664 ], [ -67.595636389857873, -54.938562164523439 ], [ -67.595774674185449, -54.93858061433933 ], [ -67.595904865939019, -54.938613180726755 ], [ -67.596024022365654, -54.938650742341224 ], [ -67.596030630578923, -54.938652849437574 ], [ -67.596091718053785, -54.938672550813699 ], [ -67.596107297030343, -54.938675705516765 ], [ -67.596186646756095, -54.938682000770349 ], [ -67.596196585336372, -54.938682115547245 ], [ -67.596229062550108, -54.938682880425944 ], [ -67.596233915094771, -54.938683053052081 ], [ -67.596309568049278, -54.938681457325053 ], [ -67.596392251110146, -54.938669526653101 ], [ -67.596550907607934, -54.93863554166132 ], [ -67.596557099788242, -54.938634232387805 ], [ -67.596821272542172, -54.938579103783717 ], [ -67.596830873160286, -54.938577017637336 ], [ -67.597067716605736, -54.938523493928933 ], [ -67.597088769423451, -54.938518320858186 ], [ -67.597230723225948, -54.938480568272233 ], [ -67.597319705061949, -54.938450886215506 ], [ -67.597449957101205, -54.938416216288893 ], [ -67.597589033314662, -54.938395863771312 ], [ -67.597732231047246, -54.938390516852486 ], [ -67.597874708294142, -54.938400356330931 ], [ -67.598011647409663, -54.938425049501028 ], [ -67.598055053357669, -54.938435485804192 ], [ -67.598139909869857, -54.938444022027625 ], [ -67.598139677299145, -54.938444788363938 ], [ -67.598210095117338, -54.938450978329605 ], [ -67.598287476956784, -54.938466297502409 ], [ -67.598288175872497, -54.938465130596796 ], [ -67.598330555417917, -54.938473544312778 ], [ -67.598383564203317, -54.938481018629957 ], [ -67.598522268168807, -54.938508764729058 ], [ -67.598649488902183, -54.938550979096021 ], [ -67.598760722065407, -54.938606167116887 ], [ -67.598852029321392, -54.938672374833587 ], [ -67.598920177772683, -54.938747258119754 ], [ -67.598947112028853, -54.938798440772025 ], [ -67.598949419700901, -54.938798054600703 ], [ -67.598963325239765, -54.938825597984554 ], [ -67.598975155982856, -54.9388432626019 ], [ -67.598990346524189, -54.938857907893073 ], [ -67.599019643971971, -54.938876274672715 ], [ -67.599057588242573, -54.938890875005562 ], [ -67.599079816324036, -54.938897372049937 ], [ -67.599094627773553, -54.938901477670392 ], [ -67.599136543203386, -54.938912476192442 ], [ -67.599248676766621, -54.938948592276553 ], [ -67.599284979284349, -54.938962661217914 ], [ -67.599324602923247, -54.938979076878162 ], [ -67.59937054227008, -54.938999394191036 ], [ -67.599399395958429, -54.939009958033537 ], [ -67.599431032811978, -54.939017427430954 ], [ -67.599537599622892, -54.939036443166685 ], [ -67.599549040756514, -54.939038374905209 ], [ -67.599612062889733, -54.939048416181194 ], [ -67.599707950404749, -54.939056477291594 ], [ -67.599793254837209, -54.939057459936912 ], [ -67.599837037959517, -54.939056546756461 ], [ -67.599936328865468, -54.939051248054383 ], [ -67.599968404911863, -54.939047948844959 ], [ -67.599999063213559, -54.939041595488646 ], [ -67.600046576967813, -54.939029054269071 ], [ -67.600096805819987, -54.939013123744665 ], [ -67.600316713690944, -54.938930684949504 ], [ -67.600350487596572, -54.93891648269561 ], [ -67.600531068665262, -54.938831633632248 ], [ -67.600557793931131, -54.938819623538876 ], [ -67.600823362028166, -54.938705535843233 ], [ -67.600831008641507, -54.938702165476826 ], [ -67.601251693964414, -54.938511953564181 ], [ -67.601389996084421, -54.938461932287353 ], [ -67.601543353231818, -54.938429580253128 ], [ -67.601705047713764, -54.938416314613434 ], [ -67.601867996662364, -54.938422716457673 ], [ -67.602025062263522, -54.938448505360817 ], [ -67.602171221184534, -54.938482374293329 ], [ -67.602171221750126, -54.938482374424396 ], [ -67.602849287433301, -54.938639497846196 ], [ -67.602862445022112, -54.938642388964368 ], [ -67.603121764225989, -54.938696302354984 ], [ -67.603228650829436, -54.938709126627174 ], [ -67.603373997859322, -54.938714520816369 ], [ -67.603437227941285, -54.938713905904805 ], [ -67.604174349444449, -54.938672115548719 ], [ -67.604206505885699, -54.938670677963984 ], [ -67.604441362198003, -54.938662985420898 ], [ -67.604476821755327, -54.93866088444242 ], [ -67.604686179084794, -54.938642880479136 ], [ -67.604781576034156, -54.938638096625148 ], [ -67.605523963083641, -54.938627197409694 ], [ -67.605534245787723, -54.938627085444551 ], [ -67.605843500106104, -54.938624891215703 ], [ -67.605855053525346, -54.938624710662303 ], [ -67.606422721396669, -54.938610991198566 ], [ -67.606443620036245, -54.938610647452236 ], [ -67.606686240502555, -54.938608528654548 ], [ -67.606768669345598, -54.938610318946253 ], [ -67.606994171098592, -54.938622111188771 ], [ -67.607043063304161, -54.938625566642401 ], [ -67.607280161010181, -54.938646715642037 ], [ -67.607292573509042, -54.938647705578489 ], [ -67.607536582797763, -54.938664871340833 ], [ -67.607540859187196, -54.938665158398081 ], [ -67.607814491310648, -54.938682645507242 ], [ -67.607829634881028, -54.938683441609342 ], [ -67.608083913622792, -54.938693936612673 ], [ -67.608157802299729, -54.938699034259201 ], [ -67.608395437859713, -54.938722091357761 ], [ -67.608402435422633, -54.938722732739755 ], [ -67.608670906420116, -54.938745902877244 ], [ -67.60868287256055, -54.938746990329996 ], [ -67.608936449625602, -54.938771197350789 ], [ -67.608983110142148, -54.938776497389576 ], [ -67.609185607502596, -54.938803213234728 ], [ -67.609228024724842, -54.938807406346477 ], [ -67.609518865544359, -54.938826717548444 ], [ -67.6095433436722, -54.938828569141968 ], [ -67.609811183060174, -54.938851315752288 ], [ -67.609817341140271, -54.938851809898146 ], [ -67.610156756769655, -54.938877459800189 ], [ -67.610213517485093, -54.938879340713541 ], [ -67.610470277516413, -54.938877045431177 ], [ -67.610483336580501, -54.938876802704286 ], [ -67.610507886166175, -54.938876109331218 ], [ -67.610764137174399, -54.938868873105797 ], [ -67.610788895315082, -54.938867718082633 ], [ -67.610994452724995, -54.938854323795702 ], [ -67.611024171627591, -54.938851716015712 ], [ -67.611238340906141, -54.938828028303973 ], [ -67.611267366891425, -54.938824150660125 ], [ -67.611486217446313, -54.938789792632996 ], [ -67.611544287293526, -54.938777594228561 ], [ -67.611682289034448, -54.938756604928408 ], [ -67.611824622576663, -54.938750438010011 ], [ -67.611966526254577, -54.938759299784024 ], [ -67.613324280300802, -54.938917447318694 ], [ -67.613342756993703, -54.938919733738913 ], [ -67.613626713475114, -54.938956948443519 ], [ -67.613636602691145, -54.938958167099813 ], [ -67.613885725546083, -54.938986927676837 ], [ -67.613891817799839, -54.938987602044456 ], [ -67.614156818018998, -54.939015679442683 ], [ -67.614186455042841, -54.939019162691729 ], [ -67.614445859986944, -54.939052677884192 ], [ -67.614452667881494, -54.939053520793088 ], [ -67.614722838000944, -54.93908552168994 ], [ -67.614730997417823, -54.939086514332189 ], [ -67.615270966589264, -54.939153940757699 ], [ -67.615283053713142, -54.939155335330831 ], [ -67.615546194963301, -54.939183213520785 ], [ -67.61557354563746, -54.939186403206392 ], [ -67.616430081306177, -54.939295504242359 ], [ -67.616432359041966, -54.939295796416928 ], [ -67.616707383022131, -54.939331323108163 ], [ -67.616710189463546, -54.939331688761492 ], [ -67.616970244587918, -54.939365861505223 ], [ -67.616992267365987, -54.939368373899299 ], [ -67.61723833313944, -54.93939223098036 ], [ -67.61727958143392, -54.939396891068306 ], [ -67.61753617099744, -54.93943003452538 ], [ -67.617537096962835, -54.939430154471012 ], [ -67.618361644466361, -54.939537263111134 ], [ -67.618366711141064, -54.939537931469602 ], [ -67.619139600602082, -54.93964144353447 ], [ -67.620814347638358, -54.939864059666128 ], [ -67.620849125343369, -54.939866651408622 ], [ -67.620860328133503, -54.939847520144752 ], [ -67.62107736796581, -54.939306518915437 ], [ -67.621134051110673, -54.93916438738944 ], [ -67.621235569053212, -54.938909833259032 ], [ -67.621328784819326, -54.938676608780519 ], [ -67.621383847071741, -54.938585250701095 ], [ -67.621471589287978, -54.938502792309663 ], [ -67.621587946553689, -54.938433053559685 ], [ -67.621727528421644, -54.938379265139325 ], [ -67.621883868634271, -54.938343918817715 ], [ -67.621948053575963, -54.93833383612337 ], [ -67.622110817162223, -54.938318663148891 ], [ -67.622275484771862, -54.938323517619516 ], [ -67.622434705271971, -54.938348182822068 ], [ -67.622581370676528, -54.938391557646234 ], [ -67.622762006909625, -54.938459748742751 ], [ -67.622765381100336, -54.938461008245589 ], [ -67.622975112199171, -54.938538414531145 ], [ -67.623001544830586, -54.938547346544723 ], [ -67.623205264679598, -54.938610125729653 ], [ -67.623234986848971, -54.938617266094489 ] ] ] ] } },
{ "type": "Feature", "properties": { "id": 4, "capa_kml": "Limite_50m_IPT_12_PRC_Puerto_Natales", "nombre_busq": "Limite_50m_IPT_12_PRC_Puerto_Natales", "fid_origen": 1, "crs_origen": "EPSG:4326" }, "geometry": { "type": "MultiPolygon", "coordinates": [ [ [ [ -72.515862598144679, -51.730095222701692 ], [ -72.5158617262653, -51.730083998813242 ], [ -72.515857123950823, -51.73006399642636 ], [ -72.515837267678151, -51.730054043020452 ], [ -72.515821463789877, -51.73004445393515 ], [ -72.515810256409736, -51.730053409572065 ], [ -72.515773665881639, -51.730077542448917 ], [ -72.5156684065241, -51.730134724022534 ], [ -72.515547400798894, -51.730178266005353 ], [ -72.515415167500478, -51.730206542369658 ], [ -72.515276644738066, -51.730218497164046 ], [ -72.515137005513793, -51.730213683949785 ], [ -72.515001464525398, -51.730192282473944 ], [ -72.514875083411482, -51.730155091955893 ], [ -72.51476258171499, -51.730103501238553 ], [ -72.514668160627593, -51.730039436919171 ], [ -72.514595346098318, -51.729965291397811 ], [ -72.514548094164539, -51.729904678334862 ], [ -72.514497834040327, -51.729818955242628 ], [ -72.514476487862964, -51.72972869554436 ], [ -72.514484935085861, -51.729637618635373 ], [ -72.514522827444353, -51.72954947756422 ], [ -72.514588603335397, -51.729467904380151 ], [ -72.514679552192121, -51.729396260469919 ], [ -72.514791926196466, -51.72933749805064 ], [ -72.514921094723803, -51.729294038524884 ], [ -72.515061735154077, -51.729267672709234 ], [ -72.515208052187759, -51.729259487046363 ], [ -72.515354016631719, -51.729269818840031 ], [ -72.515493613818862, -51.729298242356769 ], [ -72.51562109143012, -51.729343586366973 ], [ -72.515695062071913, -51.729376508155958 ], [ -72.515705090118956, -51.729380135538719 ], [ -72.515754033922889, -51.729406619935496 ], [ -72.515794200030044, -51.729378060417041 ], [ -72.515807789895078, -51.729370067984348 ], [ -72.515815042137376, -51.729348689693147 ], [ -72.515857057480517, -51.729105315594786 ], [ -72.515857440672974, -51.729085694512534 ], [ -72.515826883801836, -51.729080696240004 ], [ -72.515693052591928, -51.729067037824528 ], [ -72.515658726435987, -51.729065661171134 ], [ -72.515608410295158, -51.729083796714995 ], [ -72.515465603716507, -51.729123158889067 ], [ -72.515312520233337, -51.729142569980148 ], [ -72.515156295216343, -51.729141125220195 ], [ -72.514917414567961, -51.729122779062116 ], [ -72.514774534818926, -51.72910252024603 ], [ -72.514641157738097, -51.7290648012048 ], [ -72.51452275326298, -51.729011168847393 ], [ -72.514424177238638, -51.728943822701488 ], [ -72.514349472270297, -51.728865524701845 ], [ -72.51430170193845, -51.728779485913961 ], [ -72.514278829961086, -51.728718986556594 ], [ -72.51416391670098, -51.728514811113719 ], [ -72.514150630824375, -51.728494459397666 ], [ -72.514023388988988, -51.728323997875442 ], [ -72.514014200083537, -51.728312553231696 ], [ -72.513785406570335, -51.728046813526184 ], [ -72.513769096310241, -51.728026669736224 ], [ -72.513573162703992, -51.727768758387356 ], [ -72.513537054265029, -51.727731221984179 ], [ -72.51339133032333, -51.727608700663318 ], [ -72.513324548728349, -51.727540662187096 ], [ -72.513275992595965, -51.727479590777712 ], [ -72.513225800227247, -51.727396790248889 ], [ -72.513202701977107, -51.727309487768679 ], [ -72.513207592897601, -51.727221066884979 ], [ -72.513240283273191, -51.727134954471538 ], [ -72.51329950599812, -51.727054487915446 ], [ -72.513366803565859, -51.726996671062423 ], [ -72.513365495156918, -51.726996026450692 ], [ -72.513467898838996, -51.726915865985049 ], [ -72.513488224093905, -51.726895903040052 ], [ -72.513501270200038, -51.726873717441535 ], [ -72.513520141915208, -51.726826501236587 ], [ -72.513525072000988, -51.726806594123822 ], [ -72.513524138561237, -51.726786461294672 ], [ -72.5135149347295, -51.726738849974595 ], [ -72.513505955362604, -51.726709300264211 ], [ -72.513489341006846, -51.726669483654987 ], [ -72.513480786124234, -51.726653851304889 ], [ -72.513468610377743, -51.726639174056999 ], [ -72.513411641438793, -51.72658143956874 ], [ -72.513371897151217, -51.726548415511196 ], [ -72.513329507333239, -51.726519229075564 ], [ -72.513300986520875, -51.726503437206937 ], [ -72.513226697746347, -51.726489511743964 ], [ -72.513226908141831, -51.726489078874224 ], [ -72.513128563307873, -51.726470942963736 ], [ -72.512996175865894, -51.726426329679306 ], [ -72.512881527790611, -51.726365663300484 ], [ -72.512789585944461, -51.726291572102234 ], [ -72.512778192586154, -51.72628009154591 ], [ -72.512749112239021, -51.726247899390188 ], [ -72.512699060321978, -51.726186732324905 ], [ -72.512655069391926, -51.726120301220028 ], [ -72.512628683024985, -51.726050366108538 ], [ -72.512558387561, -51.725761823595747 ], [ -72.512548007207172, -51.725732573971612 ], [ -72.512487874842421, -51.725604491926667 ], [ -72.512484064383557, -51.725596071533332 ], [ -72.512332676454761, -51.725248582256071 ], [ -72.512323068530094, -51.725229829562252 ], [ -72.512219518045455, -51.725054678667632 ], [ -72.512203999718267, -51.725032273396515 ], [ -72.512150985963146, -51.724965914284446 ], [ -72.512122173325366, -51.724935954577042 ], [ -72.511992843719938, -51.724822551770728 ], [ -72.511974710801468, -51.724807960314045 ], [ -72.51107138581736, -51.724139643886168 ], [ -72.511057706501376, -51.724129209881248 ], [ -72.510599333091193, -51.723768686978147 ], [ -72.510529730493673, -51.723702791671997 ], [ -72.510479732808292, -51.72363035836571 ], [ -72.510475538539453, -51.723619203279895 ], [ -72.510458861054317, -51.723587988367811 ], [ -72.510443555169374, -51.723570553324215 ], [ -72.510439689278869, -51.723566956174466 ], [ -72.510382208182449, -51.723525509579204 ], [ -72.51036769308962, -51.723517323213052 ], [ -72.510311414938784, -51.72348957515797 ], [ -72.510312502664263, -51.723488724231238 ], [ -72.510219458609868, -51.723438910299592 ], [ -72.510126672549106, -51.723362462264816 ], [ -72.510123852912955, -51.723359535618805 ], [ -72.509554899366378, -51.722768972538354 ], [ -72.509544940342053, -51.722758305645158 ], [ -72.509164663520252, -51.722337805238496 ], [ -72.509110807085406, -51.722262994129956 ], [ -72.509079719263994, -51.722183352831649 ], [ -72.509062289502324, -51.722110013125956 ], [ -72.509060046032417, -51.722104984055917 ], [ -72.509055359196964, -51.722093815272729 ], [ -72.509054194071695, -51.722092284207733 ], [ -72.509045765865025, -51.722080758876331 ], [ -72.509007738151411, -51.72204222971444 ], [ -72.508970426976646, -51.722011178668389 ], [ -72.508908611803989, -51.721969134301041 ], [ -72.5088080327548, -51.721881660426746 ], [ -72.508743775666318, -51.721781854756166 ], [ -72.508736556016643, -51.721765033754167 ], [ -72.508709272300123, -51.721721324631588 ], [ -72.508676632263217, -51.72168140503257 ], [ -72.508593991154527, -51.721601315226835 ], [ -72.50857505356835, -51.721586053467554 ], [ -72.508552162908231, -51.721573049897273 ], [ -72.508536279651594, -51.721565485374676 ], [ -72.508490127988424, -51.721541550090173 ], [ -72.508460379420285, -51.721524770850905 ], [ -72.508406969629903, -51.721491309261104 ], [ -72.508389678882693, -51.721479275522547 ], [ -72.50831212815109, -51.721414391732459 ], [ -72.508008888327836, -51.721106201592619 ], [ -72.50796817272618, -51.721058627471791 ], [ -72.507796200371033, -51.720824861780024 ], [ -72.507778175685289, -51.720805840324488 ], [ -72.50774343429056, -51.72080119857997 ], [ -72.507471241883735, -51.720782779849124 ], [ -72.507341467990472, -51.720766427947062 ], [ -72.507218665278202, -51.720735660921108 ], [ -72.507106946661665, -51.720691509228203 ], [ -72.507010053795682, -51.720635451603137 ], [ -72.506280154903067, -51.720128073233873 ], [ -72.50624275652082, -51.720105573118374 ], [ -72.506026819954272, -51.719993209575065 ], [ -72.5059766460665, -51.719971319044632 ], [ -72.504570466506848, -51.719462655960683 ], [ -72.504520060321511, -51.719442644167152 ], [ -72.502187322886343, -51.718429739609498 ], [ -72.502183501876459, -51.718428102969085 ], [ -72.500425180901345, -51.717685234638729 ], [ -72.497456942607769, -51.716453118826529 ], [ -72.497450559307453, -51.716450529052871 ], [ -72.495746679180698, -51.715775033194298 ], [ -72.495649424547295, -51.715728842671773 ], [ -72.495580922423642, -51.715690184908262 ], [ -72.495556754389838, -51.715679017456004 ], [ -72.49554924302403, -51.715697136890086 ], [ -72.494360055545101, -51.720451786674339 ], [ -72.494320986749372, -51.720543177292555 ], [ -72.494251994572224, -51.720627467615451 ], [ -72.494156133225786, -51.720700926009975 ], [ -72.494037646512098, -51.720760300369619 ], [ -72.493384067604666, -51.721022486028296 ], [ -72.493377947583127, -51.721024914121202 ], [ -72.493036320693989, -51.72115895774639 ], [ -72.492921089174814, -51.721195657327968 ], [ -72.492797170217159, -51.721219011593632 ], [ -72.49266853312136, -51.721228272472885 ], [ -72.492539298328992, -51.721223143327265 ], [ -72.492413605427501, -51.721203788452748 ], [ -72.492283361248937, -51.721175842121689 ], [ -72.492279533525718, -51.721175035646219 ], [ -72.491699527124297, -51.721055070173286 ], [ -72.49165670594374, -51.72104527105293 ], [ -72.491430878072606, -51.720988507552121 ], [ -72.491416744754687, -51.720985166803921 ], [ -72.491137002066097, -51.720923168183049 ], [ -72.491045385107583, -51.720910902830582 ], [ -72.490660605232875, -51.720891297393663 ], [ -72.49063951490875, -51.720890606993194 ], [ -72.490157540421677, -51.720883582272918 ], [ -72.490069547939953, -51.720889039409379 ], [ -72.489546528253143, -51.720962536934636 ], [ -72.489388600335445, -51.720973614281277 ], [ -72.488644091857353, -51.720974725375179 ], [ -72.488607166081891, -51.720974194840501 ], [ -72.488076437527511, -51.7209581427323 ], [ -72.487985046333478, -51.720962630756013 ], [ -72.487579557794646, -51.721015379734823 ], [ -72.487533375252056, -51.72102340660819 ], [ -72.487220507919218, -51.721091982702625 ], [ -72.487142590990246, -51.721115970092278 ], [ -72.485660877873741, -51.721720342518715 ], [ -72.485612706961675, -51.721738366416183 ], [ -72.482963233091226, -51.722644434990322 ], [ -72.482852285033417, -51.722675146490481 ], [ -72.482734628411848, -51.722693898676688 ], [ -72.482411226027736, -51.722727791048278 ], [ -72.482381400638815, -51.722732584482152 ], [ -72.482353337725968, -51.7227404795197 ], [ -72.482138886822369, -51.722815222342838 ], [ -72.482101157830442, -51.722830359613454 ], [ -72.481754021548326, -51.722989453275808 ], [ -72.481732270354783, -51.723001210179987 ], [ -72.481713832289245, -51.723014979156844 ], [ -72.481625639831861, -51.723092796322781 ], [ -72.481608430223233, -51.723111715666455 ], [ -72.481604313952019, -51.723133294482963 ], [ -72.481601208133938, -51.723235655673157 ], [ -72.481577358725872, -51.723341918550098 ], [ -72.481529794986088, -51.723453793249206 ], [ -72.481494847280473, -51.723516696448293 ], [ -72.481445326741976, -51.723575705113795 ], [ -72.481351646249379, -51.723669635808605 ], [ -72.481245659746733, -51.723752309012752 ], [ -72.481140453806972, -51.723817015126279 ], [ -72.481038506290858, -51.723869179038566 ], [ -72.480922988789899, -51.72390896419995 ], [ -72.480797750689504, -51.723935044842506 ], [ -72.480666965322243, -51.723946551875279 ], [ -72.480534990888756, -51.723943101847489 ], [ -72.480406225215773, -51.723924809727237 ], [ -72.480250084777381, -51.723893075408633 ], [ -72.480135493912357, -51.723862782205501 ], [ -72.480030964258319, -51.723820734499355 ], [ -72.480016405400491, -51.723813703769999 ], [ -72.479990201918824, -51.723803218961002 ], [ -72.479959056928053, -51.723802427896345 ], [ -72.479871666673233, -51.723805018872824 ], [ -72.479772281427728, -51.723813740629211 ], [ -72.479771966842222, -51.723812357958799 ], [ -72.479687619397922, -51.723819524906617 ], [ -72.47954758837453, -51.723814459371226 ], [ -72.479411761981595, -51.723792710110196 ], [ -72.479285244151441, -51.723755094396324 ], [ -72.479172788999463, -51.723703025712283 ], [ -72.479067011411757, -51.723643316355862 ], [ -72.47903790748822, -51.723630066813023 ], [ -72.479002605487551, -51.72363471189405 ], [ -72.478892445744918, -51.72365692515622 ], [ -72.478731345776737, -51.723677218490785 ], [ -72.478567027810968, -51.723674406446953 ], [ -72.478410463616584, -51.723649037915834 ], [ -72.478400641632987, -51.723668688655302 ], [ -72.478325307173549, -51.723901211193066 ], [ -72.478325306078148, -51.72390121566422 ], [ -72.472984582462701, -51.74037981133376 ], [ -72.472981318088472, -51.740399855636952 ], [ -72.473012306689938, -51.7404058356626 ], [ -72.488434204708213, -51.742380433923628 ], [ -72.488529530218642, -51.742387039362733 ], [ -72.488595374009535, -51.742393519358025 ], [ -72.492269290677768, -51.742863589951014 ], [ -72.493389935202771, -51.743006949557163 ], [ -72.493412158719011, -51.743010019322931 ], [ -72.49342857450182, -51.743012455648177 ], [ -72.493460446379899, -51.74301528543991 ], [ -72.493487040621432, -51.743004019491941 ], [ -72.493487971308838, -51.743003541262567 ], [ -72.493555285685687, -51.742972835812871 ], [ -72.493586281132551, -51.742960339839968 ], [ -72.493608029163397, -51.742950029424811 ], [ -72.493627002607028, -51.742937788225881 ], [ -72.493627093263626, -51.742937720024386 ], [ -72.493750756187382, -51.742864389586842 ], [ -72.494064567179137, -51.742718097218571 ], [ -72.49412219884816, -51.74268450857948 ], [ -72.494202478457424, -51.742626196222389 ], [ -72.494221538664917, -51.742611089842015 ], [ -72.494297536270494, -51.742545245444056 ], [ -72.494416422814581, -51.742464959602934 ], [ -72.494488145699009, -51.742427012369305 ], [ -72.494509053542984, -51.742413933158367 ], [ -72.494521908107615, -51.742397324350037 ], [ -72.494545694008735, -51.742358622073318 ], [ -72.494567734622606, -51.742307772463839 ], [ -72.494606925842206, -51.742239719302745 ], [ -72.494663182078298, -51.742176446105994 ], [ -72.494673867184972, -51.742166427550032 ], [ -72.494741650338128, -51.742112337550381 ], [ -72.494922918210591, -51.741988468366891 ], [ -72.49515024714573, -51.741833123085392 ], [ -72.495245698815694, -51.741778620683 ], [ -72.495355283366834, -51.741735565983831 ], [ -72.495403861451564, -51.741720074104656 ], [ -72.495429087815978, -51.74171031038447 ], [ -72.495451370950789, -51.741698094761809 ], [ -72.49555898292256, -51.741628434283008 ], [ -72.495578734925715, -51.741614544069655 ], [ -72.495757975938901, -51.741477493324545 ], [ -72.495862528795627, -51.74141245315063 ], [ -72.495873331158762, -51.741406985478136 ], [ -72.495891912928982, -51.741394142035659 ], [ -72.496005150081203, -51.741302493030368 ], [ -72.496069595912417, -51.741233483592531 ], [ -72.496148287523937, -51.741164936299086 ], [ -72.496246188707559, -51.741106701403972 ], [ -72.496434882632457, -51.741013847275546 ], [ -72.496449574570974, -51.741006806009494 ], [ -72.496825062733436, -51.74083157111648 ], [ -72.496843220398759, -51.740822514928183 ], [ -72.496930304067149, -51.740776141066668 ], [ -72.496994001308806, -51.74073183554178 ], [ -72.497112039476363, -51.74062369205302 ], [ -72.497149485973793, -51.740577244037283 ], [ -72.497222433041017, -51.740504877540353 ], [ -72.497229249428742, -51.740499360319447 ], [ -72.497257788086117, -51.740472463262336 ], [ -72.497304299838049, -51.740420919609974 ], [ -72.497327531646235, -51.740390772214099 ], [ -72.497406979113165, -51.74031054118386 ], [ -72.497511615346028, -51.740242351386399 ], [ -72.497636844942065, -51.740189197510389 ], [ -72.497777168162301, -51.740153413904395 ], [ -72.497807498715247, -51.740147901873684 ], [ -72.497843894804447, -51.740134921982062 ], [ -72.498222163833361, -51.739960168395392 ], [ -72.498290931593942, -51.739918477532484 ], [ -72.49839680651624, -51.739834393025838 ], [ -72.498497033336648, -51.739769415609061 ], [ -72.498669722878248, -51.739677863045763 ], [ -72.498807605259984, -51.739604899023881 ], [ -72.498829818403664, -51.739590856661351 ], [ -72.498847697882837, -51.739574603753994 ], [ -72.498874478150881, -51.739544923830287 ], [ -72.498962086142569, -51.73946802598924 ], [ -72.499073586454855, -51.739404153736906 ], [ -72.499204081263159, -51.739356112713025 ], [ -72.499347838454014, -51.739326013151405 ], [ -72.499498543401131, -51.739315177193156 ], [ -72.49964957631903, -51.739324080815322 ], [ -72.499794303015491, -51.739352332924675 ], [ -72.499852708374789, -51.739368076698803 ], [ -72.499865598489635, -51.739370840403396 ], [ -72.499904775964964, -51.739376268468924 ], [ -72.499944916366303, -51.7393761104573 ], [ -72.50008135787337, -51.739365956881976 ], [ -72.500289414760886, -51.739369181508117 ], [ -72.500364898222884, -51.739377187991877 ], [ -72.500440230818811, -51.739375208123597 ], [ -72.50044025679442, -51.739375589072118 ], [ -72.500556453816742, -51.739372849987895 ], [ -72.500712365952893, -51.739390611213402 ], [ -72.500858312856437, -51.739429015882827 ], [ -72.500883694758841, -51.739437842829119 ], [ -72.500897228936438, -51.739442318358869 ], [ -72.501180170590487, -51.739531156774916 ], [ -72.501571449297913, -51.739653103990634 ], [ -72.501659009886751, -51.739672101681542 ], [ -72.501778044011743, -51.739687634607165 ], [ -72.501804898513811, -51.739690488094517 ], [ -72.501855932908029, -51.739694689967557 ], [ -72.501896770541506, -51.739696600070047 ], [ -72.501952684777464, -51.73969724390119 ], [ -72.501990118335726, -51.739695187239022 ], [ -72.502022814373461, -51.739683685614189 ], [ -72.502105429796245, -51.739646888781415 ], [ -72.502129647302198, -51.739636557976141 ], [ -72.502205600961773, -51.739605547093745 ], [ -72.502365994351791, -51.739556471447017 ], [ -72.502636838333743, -51.73949810949204 ], [ -72.50269486173957, -51.739487272955515 ], [ -72.502864321759432, -51.739460370272724 ], [ -72.503024586914549, -51.73944902439063 ], [ -72.503024452240879, -51.739446787284386 ], [ -72.503090172478537, -51.739445262325013 ], [ -72.503119556146913, -51.739443469120765 ], [ -72.503272507598155, -51.739444216019521 ], [ -72.503421791757603, -51.739464898866601 ], [ -72.503560743315575, -51.739504594208228 ], [ -72.503683158257502, -51.739561529708915 ], [ -72.503783570848725, -51.739633163277155 ], [ -72.503857497668633, -51.739716296558292 ], [ -72.504614694375832, -51.740832527139553 ], [ -72.504656830977311, -51.740917112043995 ], [ -72.504671438237111, -51.741005184022839 ], [ -72.50466251815962, -51.741063469348745 ], [ -72.504662293168238, -51.741078869542783 ], [ -72.504679042631963, -51.741096064255409 ], [ -72.504718953604183, -51.741129618062786 ], [ -72.504741246535332, -51.741144788342488 ], [ -72.504763693817637, -51.74112970603997 ], [ -72.504855350427704, -51.741053661577702 ], [ -72.504873786994551, -51.741034459809242 ], [ -72.504863098620277, -51.741013113088812 ], [ -72.5039068741726, -51.739633047696003 ], [ -72.50386571247067, -51.739554372363905 ], [ -72.503848475287626, -51.739472345973894 ], [ -72.503855746517189, -51.739389747715521 ], [ -72.503887279667595, -51.739309376139111 ], [ -72.503942006230773, -51.739233954337443 ], [ -72.50401807190066, -51.739166037685962 ], [ -72.504112899411481, -51.73910792726678 ], [ -72.504150021754299, -51.739089032532164 ], [ -72.504230889361949, -51.739041109198922 ], [ -72.504248900834028, -51.739029646199306 ], [ -72.504314098073735, -51.738985079579734 ], [ -72.504351479288061, -51.738954676225084 ], [ -72.504408692704729, -51.738898843411 ], [ -72.504429846550821, -51.738875156260825 ], [ -72.504556696962837, -51.738710396618195 ], [ -72.504578048312638, -51.738684806970412 ], [ -72.505081954667645, -51.738125536105876 ], [ -72.505158760245365, -51.738056373826531 ], [ -72.505254956282229, -51.737997294722611 ], [ -72.505367181368143, -51.737950363174946 ], [ -72.505491514034262, -51.737917219091493 ], [ -72.505623609774702, -51.737899020608772 ], [ -72.505758852844778, -51.73789640362687 ], [ -72.505892517533127, -51.737909459591172 ], [ -72.506019933274928, -51.737937732296984 ], [ -72.506880753159166, -51.738187282513969 ], [ -72.506956738472539, -51.738202751985 ], [ -72.5069803908859, -51.738204267729351 ], [ -72.506996927532313, -51.738187343854804 ], [ -72.507008191724765, -51.738172912977262 ], [ -72.507019521025796, -51.738153744289356 ], [ -72.506991119590225, -51.738143449468993 ], [ -72.505405432130857, -51.737693273055925 ], [ -72.505364642083663, -51.737683497120656 ], [ -72.505116656335758, -51.737634534045633 ], [ -72.504992884819686, -51.737601963174576 ], [ -72.504880948885145, -51.737555743934067 ], [ -72.504784709427142, -51.737497470537235 ], [ -72.504771261517149, -51.737487656428151 ], [ -72.504693218312553, -51.73741844542436 ], [ -72.504637418591955, -51.737341388499395 ], [ -72.50460583438138, -51.737259209096784 ], [ -72.504599581830135, -51.737174811689719 ], [ -72.504618881780686, -51.737091179126253 ], [ -72.504663051983158, -51.737011267206505 ], [ -72.504730531226826, -51.736937900218273 ], [ -72.504740500866092, -51.736929100109556 ], [ -72.504747062365183, -51.736923105124752 ], [ -72.504796955067093, -51.736875899741555 ], [ -72.504804798504338, -51.73686813821088 ], [ -72.504833620858065, -51.736838281315933 ], [ -72.504851718940699, -51.736817030663659 ], [ -72.504925605860379, -51.736717748789111 ], [ -72.504928175619639, -51.73671421608212 ], [ -72.504970940783835, -51.736654047536426 ], [ -72.505012300167081, -51.736604452252138 ], [ -72.505057697785873, -51.73655742394093 ], [ -72.505062405496034, -51.736552400928026 ], [ -72.505601249310956, -51.73595996424325 ], [ -72.505654838242194, -51.735909346486324 ], [ -72.505729844974638, -51.735847952744308 ], [ -72.505818423154679, -51.735787701651745 ], [ -72.505923084090483, -51.735738385215292 ], [ -72.50604037915771, -51.735701628413509 ], [ -72.506088253289931, -51.735692899266077 ], [ -72.506126045443409, -51.735683650825926 ], [ -72.506138790658184, -51.735678731977707 ], [ -72.506251823429935, -51.735643213288995 ], [ -72.506373098837258, -51.735620474854159 ], [ -72.506436177201024, -51.735612305316039 ], [ -72.506464651761107, -51.735605148928563 ], [ -72.506731225089624, -51.735520467353098 ], [ -72.50677021446289, -51.735508978979368 ], [ -72.506890294144014, -51.735476283415579 ], [ -72.507008312892268, -51.735451422935412 ], [ -72.507131450675942, -51.735439501009566 ], [ -72.507379478367142, -51.735428936804169 ], [ -72.508054912687655, -51.735399402929566 ], [ -72.508080542459851, -51.735397710672437 ], [ -72.50828899408063, -51.73537926377044 ], [ -72.508333289006671, -51.73537356912022 ], [ -72.508535113816762, -51.735339322854237 ], [ -72.508627012738756, -51.735314786338947 ], [ -72.508821921340513, -51.73524134538544 ], [ -72.508864920164697, -51.735222344809181 ], [ -72.509046615031409, -51.735128929904825 ], [ -72.509055208590524, -51.735124369329476 ], [ -72.509129785512783, -51.735083522769294 ], [ -72.509157288261022, -51.735064519044769 ], [ -72.509177023233946, -51.735042100312796 ], [ -72.509192817043512, -51.735017851166731 ], [ -72.509208530750257, -51.73498778852943 ], [ -72.509260850756561, -51.734856937515495 ], [ -72.509308247998177, -51.734774089934518 ], [ -72.509380716515821, -51.734698557464199 ], [ -72.509398388501069, -51.734686375391782 ], [ -72.509454210611921, -51.734639834434503 ], [ -72.50958292583816, -51.734507882115054 ], [ -72.509662889373089, -51.734440850778903 ], [ -72.509761427174979, -51.734384150108788 ], [ -72.509830838193906, -51.734351083002103 ], [ -72.509931730195461, -51.734292289870893 ], [ -72.510044003704095, -51.734238666631221 ], [ -72.510170947206859, -51.734199647464628 ], [ -72.510307698912882, -51.734176726753347 ], [ -72.510378088202728, -51.734173766002428 ], [ -72.510417316042023, -51.73417026052595 ], [ -72.510444485659576, -51.734161271985514 ], [ -72.510479439950956, -51.734147169884274 ], [ -72.510525733302202, -51.734124481317224 ], [ -72.510634520223931, -51.734080387220665 ], [ -72.510754249825382, -51.73404907868585 ], [ -72.510775335200407, -51.734044903178933 ], [ -72.510807655145086, -51.734039013698371 ], [ -72.5109234025836, -51.734019726124501 ], [ -72.510944572585544, -51.734014439888703 ], [ -72.511060032468322, -51.733992357029038 ], [ -72.511179799609337, -51.733982506536421 ], [ -72.511247355323178, -51.733980485736119 ], [ -72.511283860490892, -51.733977019078225 ], [ -72.511320731902771, -51.733968427378528 ], [ -72.511433605295522, -51.73394843762884 ], [ -72.511550198105951, -51.733940038791822 ], [ -72.511602944420943, -51.733938914128736 ], [ -72.511622907029917, -51.733933005092929 ], [ -72.511802176729049, -51.733896824951671 ], [ -72.511812171388371, -51.733895672106414 ], [ -72.511850501380266, -51.73388835807264 ], [ -72.511879674759001, -51.733871276043864 ], [ -72.51191966917213, -51.733841807101236 ], [ -72.511961072083764, -51.73380275952232 ], [ -72.512048073486, -51.733735708004907 ], [ -72.512154072860071, -51.733680189799991 ], [ -72.512275179000298, -51.733638242934319 ], [ -72.512406946184853, -51.733611407237987 ], [ -72.512544537366239, -51.733600667823012 ], [ -72.512682901721433, -51.733606418923543 ], [ -72.512816960046337, -51.733628449424899 ], [ -72.512837598275468, -51.733633195187629 ], [ -72.512847761114159, -51.733631723498746 ], [ -72.512861350172429, -51.733627841739711 ], [ -72.512904157219765, -51.733597573165284 ], [ -72.51301650062473, -51.733533304854284 ], [ -72.513148064846206, -51.733485107965919 ], [ -72.513292989582354, -51.733455129331901 ], [ -72.513444819461768, -51.733444704286981 ], [ -72.513596791563302, -51.733454297193923 ], [ -72.513661354390422, -51.73346271753843 ], [ -72.513664649698526, -51.733454516972692 ], [ -72.513665561939987, -51.733442436367582 ], [ -72.513633297045772, -51.733421867505733 ], [ -72.513545145554858, -51.733353423708415 ], [ -72.51348006378052, -51.73327565824443 ], [ -72.513440526610225, -51.733191528477889 ], [ -72.513428037460088, -51.733104233785433 ], [ -72.513443071122097, -51.733017093884122 ], [ -72.51348505573165, -51.732933422585809 ], [ -72.513552394537953, -51.732856401778619 ], [ -72.51364252664564, -51.732788960428124 ], [ -72.513752024414998, -51.732733663198587 ], [ -72.513876723814761, -51.732692612929185 ], [ -72.513949481311585, -51.732674051717012 ], [ -72.513989906666936, -51.732660621374059 ], [ -72.51411659990282, -51.73263564952164 ], [ -72.514248511248113, -51.732625485516216 ], [ -72.514269957743593, -51.732625065864205 ], [ -72.514277116311007, -51.732617259747897 ], [ -72.514281653240857, -51.732608650070851 ], [ -72.51428364509222, -51.732598194062959 ], [ -72.514309084078704, -51.732522001692082 ], [ -72.514355307822754, -51.732449676124958 ], [ -72.51442093048999, -51.73238338560737 ], [ -72.514441344574252, -51.732369063765681 ], [ -72.514484520445137, -51.732329754165868 ], [ -72.514514817198886, -51.732294673160752 ], [ -72.514528640738561, -51.732273811213624 ], [ -72.514537727859036, -51.732243915077142 ], [ -72.514551298687749, -51.732171755763879 ], [ -72.514565912758087, -51.732136180286929 ], [ -72.514567723700125, -51.73211420583155 ], [ -72.514565582141017, -51.732086628895487 ], [ -72.51456078001236, -51.732065954290569 ], [ -72.514540763316248, -51.732044419543747 ], [ -72.514500873631334, -51.731989859885495 ], [ -72.51436508770999, -51.731971905287033 ], [ -72.514230110962615, -51.731935092189076 ], [ -72.514109948019339, -51.731882059306301 ], [ -72.514009584633399, -51.731815007086531 ], [ -72.513933184979749, -51.731736717657903 ], [ -72.513883918881405, -51.731650439386144 ], [ -72.513863830304061, -51.731559752088415 ], [ -72.513873752572735, -51.731468418497137 ], [ -72.513904206443627, -51.731357843701154 ], [ -72.513942645499796, -51.731271378617812 ], [ -72.514007972744295, -51.731191376106182 ], [ -72.514097585566958, -51.731121023271633 ], [ -72.514207913927365, -51.731063122786892 ], [ -72.514334562584182, -51.731019981246789 ], [ -72.514472486188197, -51.730993317286057 ], [ -72.514616190264775, -51.730984193118772 ], [ -72.514759950081199, -51.730992972226133 ], [ -72.514898038682915, -51.731019304877428 ], [ -72.515024955018859, -51.731062142060644 ], [ -72.515135643071048, -51.731119777268255 ], [ -72.515225693262963, -51.731189914474207 ], [ -72.51529151812457, -51.731269759595158 ], [ -72.515330495216787, -51.731356131793447 ], [ -72.515337983319455, -51.731382701772169 ], [ -72.515358118521007, -51.731383304747595 ], [ -72.515379959573664, -51.73138128045737 ], [ -72.515387379391797, -51.731360960367546 ], [ -72.515462035387003, -51.730985956431155 ], [ -72.515489017802565, -51.730908031957725 ], [ -72.515537744755349, -51.730834292939356 ], [ -72.515606683428985, -51.730767058851761 ], [ -72.515693665270703, -51.730708444547375 ], [ -72.515721996849365, -51.730695107948868 ], [ -72.515751424365462, -51.730677829329302 ], [ -72.51575898046336, -51.730656910615032 ], [ -72.515808947775639, -51.730403551848291 ], [ -72.515809895393716, -51.730382812487214 ], [ -72.51580702358919, -51.730371664516078 ], [ -72.515802009194829, -51.730253076373849 ], [ -72.51580227972957, -51.730251499267098 ], [ -72.515823357419436, -51.730181658894843 ], [ -72.515860902339099, -51.730116484129532 ], [ -72.515861051693207, -51.730116095604345 ], [ -72.515862598144679, -51.730095222701692 ] ] ] ] } },
{ "type": "Feature", "properties": { "id": 5, "capa_kml": "Limite_50m_IPT_12_PRC_Porvenir", "nombre_busq": "Limite_50m_IPT_12_PRC_Porvenir", "fid_origen": 1, "crs_origen": "EPSG:4326" }, "geometry": { "type": "MultiPolygon", "coordinates": [ [ [ [ -70.443014258876644, -53.302085113429705 ], [ -70.442981722106893, -53.302087224733597 ], [ -70.442218954005796, -53.302183856089847 ], [ -70.442157313026499, -53.302190070406475 ], [ -70.441730710231781, -53.302222196342974 ], [ -70.441587341733182, -53.302224714567032 ], [ -70.441445793512571, -53.302210842145726 ], [ -70.441311239696262, -53.302181086168083 ], [ -70.441188598716138, -53.302136534326394 ], [ -70.440969432655123, -53.302038606025576 ], [ -70.440863469645706, -53.301981071913673 ], [ -70.440692442063536, -53.301868641723154 ], [ -70.440582850690504, -53.301774991294913 ], [ -70.4403543758078, -53.301514521194775 ], [ -70.440336163824256, -53.301497658130145 ], [ -70.440313185249778, -53.301483032591996 ], [ -70.43982294180843, -53.301222709047799 ], [ -70.439802505040504, -53.301212606253273 ], [ -70.439750764180616, -53.301188818212765 ], [ -70.439647413609819, -53.301131283787527 ], [ -70.439563873823701, -53.301063174656541 ], [ -70.439503099588748, -53.300986899891157 ], [ -70.439467240400134, -53.300905157374288 ], [ -70.439457564467332, -53.300820838370903 ], [ -70.439474413876141, -53.300736925260395 ], [ -70.43951719251055, -53.300656386048431 ], [ -70.43958438715849, -53.300582069389705 ], [ -70.439645451512163, -53.300527503121174 ], [ -70.439665102899482, -53.300504519980173 ], [ -70.43967530546945, -53.300479431018069 ], [ -70.439687226527184, -53.300421063698515 ], [ -70.439716149879686, -53.300340969822152 ], [ -70.439768870465045, -53.300265353849042 ], [ -70.439877530311165, -53.300142413253198 ], [ -70.439891448026927, -53.300121886283101 ], [ -70.439890756819963, -53.300099734530356 ], [ -70.439850276855154, -53.299898312532548 ], [ -70.43984232734708, -53.2998720402271 ], [ -70.439769133539031, -53.299691941434531 ], [ -70.43975846855578, -53.299673291521621 ], [ -70.439729763399342, -53.299663651771901 ], [ -70.439120138356088, -53.299500692326347 ], [ -70.439036675071321, -53.299485089441077 ], [ -70.438173248078741, -53.299388149740743 ], [ -70.438072938031965, -53.299385120995794 ], [ -70.437235159842203, -53.299427655317473 ], [ -70.436919567139597, -53.299443675776367 ], [ -70.436870350076717, -53.299448162648737 ], [ -70.435386102386346, -53.299644660053268 ], [ -70.435239305193363, -53.299655155594415 ], [ -70.434882979460426, -53.299659443186101 ], [ -70.434721733343181, -53.299650918372727 ], [ -70.43456729412722, -53.299621869321989 ], [ -70.434273582512105, -53.299544905339943 ], [ -70.434130578094752, -53.299495562864877 ], [ -70.433686150453113, -53.299300304665842 ], [ -70.433581734515428, -53.299244776270314 ], [ -70.433496304440922, -53.299178617569986 ], [ -70.433432819662968, -53.299104120478603 ], [ -70.43339900731668, -53.299053232801541 ], [ -70.433384767936644, -53.299036231229955 ], [ -70.433361772845572, -53.299023114487504 ], [ -70.433171658821237, -53.298932011041678 ], [ -70.433114778039396, -53.298909514249779 ], [ -70.43255363559264, -53.298729195497756 ], [ -70.432456681809114, -53.298692037026392 ], [ -70.431952130983078, -53.298464187517851 ], [ -70.431923781689562, -53.29845256591296 ], [ -70.431280642898884, -53.298214068865597 ], [ -70.431254043575507, -53.298205897161992 ], [ -70.431225602802883, -53.29820038353332 ], [ -70.430035099610265, -53.29803148097885 ], [ -70.430001757802316, -53.29802626309457 ], [ -70.429558916578188, -53.297950408083743 ], [ -70.429443151859502, -53.297924218540899 ], [ -70.429208334543318, -53.297857362778679 ], [ -70.429103966783828, -53.297821222744716 ], [ -70.429010609780249, -53.297775533718841 ], [ -70.428724972652319, -53.297611119896622 ], [ -70.42869101054157, -53.297595668605773 ], [ -70.428652031415467, -53.297585305349045 ], [ -70.428363617481779, -53.29753152259277 ], [ -70.42830333119899, -53.297523476822327 ], [ -70.42758968950244, -53.297464699611808 ], [ -70.42756545262182, -53.297463182196751 ], [ -70.426360512799519, -53.297411383252147 ], [ -70.426216601436636, -53.297396662447021 ], [ -70.426080175467874, -53.297365519742343 ], [ -70.425956402772968, -53.297319134841949 ], [ -70.425849971879146, -53.297259264829023 ], [ -70.425764914350651, -53.297188177601889 ], [ -70.425704452072935, -53.297108565959391 ], [ -70.425670875217222, -53.297023445591726 ], [ -70.425665455506618, -53.296936040841679 ], [ -70.425785703118621, -53.29574345757797 ], [ -70.425784559681247, -53.295723772224207 ], [ -70.425752366733136, -53.295719775695488 ], [ -70.424039649265566, -53.295607266930126 ], [ -70.423901061747642, -53.295590116314749 ], [ -70.423770317316311, -53.295557675847178 ], [ -70.42365206966484, -53.295511100211897 ], [ -70.423550527641041, -53.295452047215953 ], [ -70.423469305432775, -53.29538261877687 ], [ -70.423411293927501, -53.295305286102483 ], [ -70.423378557824293, -53.29522280172722 ], [ -70.423372262159475, -53.295138101536253 ], [ -70.42349417790345, -53.293677455500131 ], [ -70.423492748090041, -53.293657977259528 ], [ -70.423460935390736, -53.293653875264482 ], [ -70.413818337456931, -53.292968236407802 ], [ -70.412586950438893, -53.29288052479761 ], [ -70.391179331501746, -53.29135356989368 ], [ -70.391162312373154, -53.291352235872353 ], [ -70.387230064694833, -53.291016479785256 ], [ -70.38709038592728, -53.290996217241123 ], [ -70.386959721527816, -53.290960363269662 ], [ -70.386842869101713, -53.290910234327725 ], [ -70.38674411907752, -53.290847671004087 ], [ -70.386667097171269, -53.29077497043334 ], [ -70.386614631264933, -53.29069480194692 ], [ -70.386588647587345, -53.290610109058917 ], [ -70.386590100007766, -53.29052400138665 ], [ -70.38697961476295, -53.288331569539423 ], [ -70.386979882840123, -53.288311387198739 ], [ -70.386946909219304, -53.288307270739239 ], [ -70.381475809743407, -53.287954004712624 ], [ -70.381325593721755, -53.287934822892979 ], [ -70.381185049187607, -53.287897705512457 ], [ -70.381060070870404, -53.287844209358013 ], [ -70.38095590056588, -53.287776578173229 ], [ -70.380876907278363, -53.287697648544111 ], [ -70.380826403982113, -53.287610730919639 ], [ -70.380806508686831, -53.287519470759136 ], [ -70.380818055631508, -53.287427695631372 ], [ -70.381148646259064, -53.286325431379083 ], [ -70.381151297448895, -53.286304932890253 ], [ -70.381117983956173, -53.286300015833042 ], [ -70.378850111436435, -53.286107057476791 ], [ -70.378850111186864, -53.286107057463056 ], [ -70.364869581665758, -53.284916556469106 ], [ -70.36103109233629, -53.284589393431546 ], [ -70.36092324090157, -53.284589638275541 ], [ -70.35691347167743, -53.28494999143566 ], [ -70.348562226463045, -53.285700055498538 ], [ -70.348537327720436, -53.285702808991417 ], [ -70.348009092408958, -53.285772354278549 ], [ -70.347909839289088, -53.285794661821356 ], [ -70.34718478614316, -53.286032800880243 ], [ -70.347074869823402, -53.286062293463345 ], [ -70.346199414040839, -53.28624822247177 ], [ -70.346172097594049, -53.286254757502626 ], [ -70.345164016510225, -53.28652385777508 ], [ -70.345160278372063, -53.286524848316276 ], [ -70.344222258935005, -53.286771572828421 ], [ -70.344212418685132, -53.286774110950269 ], [ -70.341082623925232, -53.28756550186781 ], [ -70.341051959577655, -53.287574256085534 ], [ -70.339015937780061, -53.288224886858735 ], [ -70.338988298065644, -53.288235883953938 ], [ -70.339000067107037, -53.288254472065795 ], [ -70.34231023874122, -53.292269103856235 ], [ -70.342328287051032, -53.292286529146359 ], [ -70.342362471448951, -53.292287557690898 ], [ -70.357270318962051, -53.291872347084919 ], [ -70.357414272510482, -53.291876635375957 ], [ -70.357554199251553, -53.291897342715551 ], [ -70.357684932130525, -53.291933704446997 ], [ -70.357801643563818, -53.291984377844457 ], [ -70.357900023695734, -53.292047491691832 ], [ -70.357976439544629, -53.292120715375958 ], [ -70.358028069162785, -53.292201344944154 ], [ -70.358053005855254, -53.292286402948953 ], [ -70.358050328607916, -53.292372748394186 ], [ -70.357070168551601, -53.297465044100491 ], [ -70.356780246876156, -53.298971066621128 ], [ -70.356747307971617, -53.299060577755775 ], [ -70.356684738169974, -53.299144223293709 ], [ -70.356595140225053, -53.299218523561088 ], [ -70.356482241322553, -53.299280387632422 ], [ -70.356350738040746, -53.299327241921198 ], [ -70.356206100971477, -53.299357137250105 ], [ -70.355622425518177, -53.299439033959167 ], [ -70.355603565983714, -53.299441527159317 ], [ -70.355048521238587, -53.299510425342973 ], [ -70.354910542799445, -53.299519691554934 ], [ -70.354605795970528, -53.299523153239718 ], [ -70.354405332851556, -53.299509163574136 ], [ -70.352677907409642, -53.299243922068328 ], [ -70.352578134328994, -53.299236957589969 ], [ -70.352367988227641, -53.299239340663981 ], [ -70.352334081759949, -53.299240647671127 ], [ -70.351944616304777, -53.299266318617335 ], [ -70.351915776288322, -53.299269615546258 ], [ -70.351888160935829, -53.299275589072792 ], [ -70.351470643384872, -53.299388935871825 ], [ -70.351470642474837, -53.299388936152305 ], [ -70.349994735383675, -53.299789597305711 ], [ -70.349994734938434, -53.299789597443599 ], [ -70.349163650075923, -53.300015199287053 ], [ -70.348991302449335, -53.300047673809601 ], [ -70.348908859476509, -53.300056866335588 ], [ -70.348908859225048, -53.300056865526251 ], [ -70.348908771389119, -53.300056877829185 ], [ -70.34889147522594, -53.300058805512414 ], [ -70.348638593739054, -53.300087002676392 ], [ -70.348572962967737, -53.300092536591606 ], [ -70.348129618265503, -53.300118015553437 ], [ -70.348051727662323, -53.30012005357645 ], [ -70.342256518753672, -53.30009096209259 ], [ -70.342250146997216, -53.300090913738245 ], [ -70.341189882317849, -53.300080164549897 ], [ -70.341093162255021, -53.30007542279094 ], [ -70.340238842242158, -53.299999963279873 ], [ -70.340134262411638, -53.299986095202854 ], [ -70.339354966792754, -53.299847135989296 ], [ -70.339257653989591, -53.299837906908962 ], [ -70.33852932972853, -53.299827121320334 ], [ -70.338396183445141, -53.299817975369109 ], [ -70.338267878555584, -53.29979478246981 ], [ -70.337110080447388, -53.299515730525407 ], [ -70.33703477439974, -53.299502872446539 ], [ -70.333175806385157, -53.299099326382219 ], [ -70.333164002839212, -53.299098033478685 ], [ -70.332464048677352, -53.299017890667372 ], [ -70.3323609064321, -53.299014794124936 ], [ -70.330155610066711, -53.299132275698121 ], [ -70.330151398478392, -53.299132492857105 ], [ -70.328959813157041, -53.299191901946564 ], [ -70.328928255945002, -53.299195286184123 ], [ -70.328931843036159, -53.299214371240289 ], [ -70.330877868967363, -53.304786020419513 ], [ -70.330888606030072, -53.304806090787821 ], [ -70.330923137158734, -53.30480204662809 ], [ -70.340221342467544, -53.3030974803468 ], [ -70.340369909763055, -53.303079816128424 ], [ -70.340521372283575, -53.303080387227482 ], [ -70.340669556584828, -53.303099170365421 ], [ -70.340808422827664, -53.303135399960603 ], [ -70.340932310934562, -53.303187599330009 ], [ -70.34103617127397, -53.303253640872498 ], [ -70.341115770473436, -53.303330832781583 ], [ -70.342601225928249, -53.305162431307131 ], [ -70.3426256729052, -53.305195986145051 ], [ -70.342646081578152, -53.30522743419418 ], [ -70.343628386682113, -53.30638543248736 ], [ -70.343644697990797, -53.306401238492931 ], [ -70.34366516982206, -53.306415200043823 ], [ -70.344127902186401, -53.306682128537901 ], [ -70.344535116601946, -53.306917027065296 ], [ -70.344618954212393, -53.306953442888052 ], [ -70.345201983228648, -53.307138936291224 ], [ -70.345370478860048, -53.307212122339742 ], [ -70.345596594753147, -53.307342549860209 ], [ -70.345619728281676, -53.307353895839618 ], [ -70.345645597417914, -53.307362875803598 ], [ -70.345806549356524, -53.307408828755278 ], [ -70.345937021444612, -53.307456394879956 ], [ -70.346048707905808, -53.307518801169977 ], [ -70.34613698037127, -53.307593461512127 ], [ -70.346198180689953, -53.307677281971962 ], [ -70.346224027970607, -53.307725562297541 ], [ -70.346227661413863, -53.307732011580441 ], [ -70.346384856120764, -53.307997674558919 ], [ -70.346420476018324, -53.308084492680656 ], [ -70.346426698784271, -53.308173816012079 ], [ -70.346406332969835, -53.30838414873589 ], [ -70.346405770478384, -53.308401386037644 ], [ -70.346414061701239, -53.308664878665631 ], [ -70.346413597425055, -53.308691278134269 ], [ -70.346388870085576, -53.309062164518821 ], [ -70.346392403973638, -53.309103111458732 ], [ -70.34647374228733, -53.309440978421563 ], [ -70.34648187314275, -53.30946097786078 ], [ -70.346510867192293, -53.309472029336874 ], [ -70.347050232371814, -53.309636573931911 ], [ -70.347080951938636, -53.309643946511606 ], [ -70.347114038613199, -53.309644366167568 ], [ -70.347869815555825, -53.30961316622728 ], [ -70.347877306976088, -53.309612811758818 ], [ -70.354869733725906, -53.309239504652098 ], [ -70.358623701041751, -53.309038918519747 ], [ -70.359830565480365, -53.308974407201887 ], [ -70.359830566396752, -53.308974407128012 ], [ -70.363897535270695, -53.30875691869911 ], [ -70.366389427151319, -53.308623591542684 ], [ -70.366532008264954, -53.308624107726978 ], [ -70.366671852058175, -53.308640769056225 ], [ -70.366803908787048, -53.308672973891248 ], [ -70.366923409873195, -53.308719559317304 ], [ -70.367026040085221, -53.308778843133467 ], [ -70.367108093356336, -53.308848684592292 ], [ -70.367166606612798, -53.308926561697461 ], [ -70.367199466780875, -53.309009662269041 ], [ -70.368202830174639, -53.313355594049135 ], [ -70.368210532398919, -53.313374827273734 ], [ -70.368242672516999, -53.31337027630682 ], [ -70.369269915368619, -53.313159449673989 ], [ -70.369350711464321, -53.313136046643116 ], [ -70.369811971129153, -53.312958664469448 ], [ -70.369833673692298, -53.312950627218164 ], [ -70.372535099148365, -53.311987772964358 ], [ -70.372654106450582, -53.311953455294905 ], [ -70.372781317166996, -53.311932166038233 ], [ -70.373120211310138, -53.311894316872952 ], [ -70.373129442055287, -53.311893321638763 ], [ -70.373495779715057, -53.311855237501327 ], [ -70.373639121099529, -53.311848705735081 ], [ -70.373781911883484, -53.311858664241782 ], [ -70.374198764143969, -53.311912361151258 ], [ -70.374313822648432, -53.311933074151803 ], [ -70.374421886830689, -53.311964519025935 ], [ -70.374805228250679, -53.312099780106479 ], [ -70.374877435890241, -53.312119416039138 ], [ -70.375479494854886, -53.312238922266801 ], [ -70.37551953733751, -53.312244008522775 ], [ -70.375560467046199, -53.312243687684997 ], [ -70.376220478609284, -53.312194366456851 ], [ -70.376319574932026, -53.312178454300856 ], [ -70.376699123800435, -53.312082410370571 ], [ -70.376824343431551, -53.312058222930226 ], [ -70.376954692231322, -53.312047505715846 ], [ -70.377086162936124, -53.312050588201792 ], [ -70.377214713795766, -53.312067375623585 ], [ -70.377500102899972, -53.312120709561576 ], [ -70.377583231417958, -53.312130236173154 ], [ -70.378333857401486, -53.31216431605035 ], [ -70.378417531753627, -53.312170966034074 ], [ -70.379100109603442, -53.312248821279518 ], [ -70.379132537928598, -53.312250730080862 ], [ -70.379158985357122, -53.312239330870092 ], [ -70.379162446363978, -53.312237534655537 ], [ -70.379267839093259, -53.312191784034312 ], [ -70.379384847466326, -53.31215762933202 ], [ -70.379509950727069, -53.3121360982487 ], [ -70.379639384569401, -53.312127838643647 ], [ -70.379925353204882, -53.312124530678354 ], [ -70.379959567522519, -53.312122053623661 ], [ -70.379960830612092, -53.312101427604333 ], [ -70.379735712733293, -53.31000842170139 ], [ -70.379663651942508, -53.309338397108668 ], [ -70.379611060720976, -53.308849382007736 ], [ -70.379605820886226, -53.308829895974959 ], [ -70.379572962647941, -53.308828396365179 ], [ -70.379479927543443, -53.308829472393988 ], [ -70.379420058308796, -53.308828733351149 ], [ -70.379210449287442, -53.308821125739975 ], [ -70.379192516339316, -53.308820345592636 ], [ -70.37838281213925, -53.30877927093875 ], [ -70.378250036118175, -53.308765254123848 ], [ -70.378123591799593, -53.308737231810667 ], [ -70.378101465930797, -53.308730922270463 ], [ -70.37807095522534, -53.308723192392655 ], [ -70.377797767911758, -53.308662352696686 ], [ -70.377717317903432, -53.30864114626457 ], [ -70.377351769996253, -53.308529047031911 ], [ -70.377338899906604, -53.308525284204627 ], [ -70.376930245050119, -53.308411537945766 ], [ -70.376898420764959, -53.308403721739488 ], [ -70.376631927766041, -53.308346671963918 ], [ -70.376617418843765, -53.308343764377675 ], [ -70.376087633627307, -53.308244742035775 ], [ -70.376021898564346, -53.308236244666823 ], [ -70.375714193753453, -53.308213528960934 ], [ -70.37569997887158, -53.3082126438456 ], [ -70.375264246111243, -53.308190527449398 ], [ -70.375195364351697, -53.308190840471525 ], [ -70.37464037351937, -53.308224096933465 ], [ -70.374591043476698, -53.308229062386502 ], [ -70.37440193252921, -53.308255976815062 ], [ -70.374374207349518, -53.308259592362511 ], [ -70.373674827373009, -53.308342530343957 ], [ -70.373657531741017, -53.308344836867384 ], [ -70.373473884431903, -53.30837206958283 ], [ -70.373424716920439, -53.308381557452059 ], [ -70.372686338258973, -53.30855853488395 ], [ -70.372593423160495, -53.308576698006888 ], [ -70.372530156411742, -53.308586385758836 ], [ -70.37241409676335, -53.308598441427939 ], [ -70.372241288183417, -53.308608110168464 ], [ -70.372170700983602, -53.30861621033732 ], [ -70.371774940943681, -53.308685773350057 ], [ -70.371766960149657, -53.308687147441333 ], [ -70.371568479345044, -53.308720609564304 ], [ -70.371518782392485, -53.308727902455132 ], [ -70.371265386364612, -53.30875964416223 ], [ -70.371088702544526, -53.308768948826909 ], [ -70.370631581327643, -53.308760521129763 ], [ -70.370532918027763, -53.308754778145747 ], [ -70.370211792198219, -53.308723149207459 ], [ -70.370195186477574, -53.308721398629601 ], [ -70.369998046255404, -53.308699245324824 ], [ -70.369858427818841, -53.308674972880119 ], [ -70.369729245525392, -53.308635029553955 ], [ -70.369615349191449, -53.308580914925258 ], [ -70.369521014713996, -53.308514660595378 ], [ -70.369449783540517, -53.308438753911304 ], [ -70.369247240423775, -53.30816342436809 ], [ -70.369237547476601, -53.308149629966202 ], [ -70.369140986477561, -53.308005545158004 ], [ -70.369117339337265, -53.307964670293011 ], [ -70.36903535891733, -53.307797326799957 ], [ -70.36902887336737, -53.307783244785973 ], [ -70.368934795865599, -53.307565210179526 ], [ -70.368906491772449, -53.307520224499314 ], [ -70.368797570439753, -53.307391115761938 ], [ -70.368782397405255, -53.307374844939758 ], [ -70.368713014582369, -53.307307196785914 ], [ -70.3686537443904, -53.307263090795708 ], [ -70.368376494510869, -53.30710327041978 ], [ -70.368298550955629, -53.307050707862793 ], [ -70.3682845675837, -53.307039643425661 ], [ -70.368226877107119, -53.30698660962026 ], [ -70.367998772018694, -53.306740614247595 ], [ -70.36797358728856, -53.306710910947146 ], [ -70.367261196866735, -53.30578741038974 ], [ -70.367224573823378, -53.305729876304483 ], [ -70.366553502203743, -53.304410351409004 ], [ -70.366548825747188, -53.304400775764279 ], [ -70.366144644349831, -53.303537705595829 ], [ -70.366129462621089, -53.303498668406512 ], [ -70.366025298560373, -53.303163890487319 ], [ -70.366012735114083, -53.30309014000855 ], [ -70.366009346585159, -53.302983978021587 ], [ -70.366006773120205, -53.302961657338528 ], [ -70.365985922416215, -53.302857010162569 ], [ -70.365984834485332, -53.302851232594456 ], [ -70.365966564041713, -53.302748227105901 ], [ -70.365962721686557, -53.302686885478252 ], [ -70.36596704850723, -53.302602882007918 ], [ -70.36596761947203, -53.302594397926107 ], [ -70.365978154269214, -53.302467626880485 ], [ -70.365997769274543, -53.302385523954761 ], [ -70.366021904748848, -53.302325019146146 ], [ -70.366066968261578, -53.302245675413197 ], [ -70.366135841801523, -53.302172723727509 ], [ -70.366226129915972, -53.302108701259762 ], [ -70.366248001960514, -53.302095844349601 ], [ -70.366285664970476, -53.302070036376385 ], [ -70.366315874050088, -53.302045828090613 ], [ -70.366333003666114, -53.302029140805978 ], [ -70.366321487588948, -53.301989778824336 ], [ -70.366323808364129, -53.301989535174783 ], [ -70.366311234296901, -53.301946980806889 ], [ -70.366311584140661, -53.30186717534243 ], [ -70.366324539998772, -53.301782623442392 ], [ -70.36632452428158, -53.301762200274929 ], [ -70.366318271364392, -53.301742123540052 ], [ -70.366178071798345, -53.301446096797036 ], [ -70.36615429927113, -53.301373722627424 ], [ -70.366150610036911, -53.301299993824664 ], [ -70.36615121550841, -53.30129305083949 ], [ -70.366148626859399, -53.301260978535176 ], [ -70.366154159689245, -53.301180660883936 ], [ -70.366183490348135, -53.301102218614943 ], [ -70.36623568026522, -53.301028161513287 ], [ -70.366286066351236, -53.300971439270704 ], [ -70.36635837300102, -53.300904952716365 ], [ -70.366449072754577, -53.300847120915584 ], [ -70.3665553378205, -53.300799746875221 ], [ -70.366584299317978, -53.300789077000807 ], [ -70.366641594834945, -53.300761030604662 ], [ -70.366712131629725, -53.300715310031819 ], [ -70.366790498549946, -53.300647617408231 ], [ -70.366820864320417, -53.300616243850691 ], [ -70.366852331411181, -53.300576668450304 ], [ -70.366878168911768, -53.300536239691382 ], [ -70.366953385930856, -53.300448705776766 ], [ -70.367058615479877, -53.300373083958327 ], [ -70.367067615099131, -53.300367896368336 ], [ -70.367115577533411, -53.300338042713435 ], [ -70.367268845288592, -53.300264780101713 ], [ -70.367405599902995, -53.300215403206472 ], [ -70.367468014580169, -53.300187144965129 ], [ -70.367536802562, -53.300148605211902 ], [ -70.367619062157218, -53.300102517592713 ], [ -70.367647893139747, -53.300084460706159 ], [ -70.367688210512227, -53.300056218279437 ], [ -70.367708667489296, -53.300038685581448 ], [ -70.367724192892254, -53.299997135332767 ], [ -70.367741418990633, -53.299947838745972 ], [ -70.36778713919675, -53.299877961108493 ], [ -70.367851634108263, -53.299813616198669 ], [ -70.367885428645678, -53.299785517866873 ], [ -70.367926183980998, -53.299741358390889 ], [ -70.367935697580947, -53.29972134588899 ], [ -70.367938181973784, -53.299696904275002 ], [ -70.367935777335305, -53.29967475361498 ], [ -70.367951640133441, -53.299593752744421 ], [ -70.367963445374457, -53.299560185278843 ], [ -70.367990181386418, -53.299503120987247 ], [ -70.368052236906053, -53.299397902324067 ], [ -70.368065432928177, -53.299377171654257 ], [ -70.368209345554632, -53.299166835209753 ], [ -70.368210898449263, -53.299164529279103 ], [ -70.368246700172847, -53.299110506783244 ], [ -70.368313686231488, -53.299032589554578 ], [ -70.368404642431429, -53.298963942980734 ], [ -70.368516109288294, -53.298907177927525 ], [ -70.368643847278648, -53.298864453355876 ], [ -70.368782998082892, -53.298837394215212 ], [ -70.368928269354086, -53.298827029646503 ], [ -70.369074135986978, -53.298833753844399 ], [ -70.369122362381546, -53.298838846097162 ], [ -70.36914320851686, -53.298840687123274 ], [ -70.370034097979357, -53.298904099144927 ], [ -70.370101189413845, -53.29891073364707 ], [ -70.370617908080064, -53.298976365340508 ], [ -70.37063417932913, -53.298978208130144 ], [ -70.371026486601721, -53.299017284846244 ], [ -70.371081460361694, -53.299024035224178 ], [ -70.371346043607744, -53.299062753555248 ], [ -70.371441841027988, -53.299069103221079 ], [ -70.371569978706688, -53.299067629670112 ], [ -70.371672596577937, -53.299070665320144 ], [ -70.371884788977994, -53.299085718878494 ], [ -70.371934887246667, -53.299090305691827 ], [ -70.372407023661978, -53.29914336558079 ], [ -70.372469386589756, -53.299147175423762 ], [ -70.372699086628785, -53.299149626978398 ], [ -70.372712970925647, -53.29914962116306 ], [ -70.372799309235333, -53.299148627389705 ], [ -70.372913229254607, -53.299152515835942 ], [ -70.373024847041648, -53.299166709946412 ], [ -70.373236355179685, -53.299203872894445 ], [ -70.373264057103142, -53.299207395595495 ], [ -70.373292330400062, -53.299208360549571 ], [ -70.373365415546346, -53.299207518972516 ], [ -70.373380395397206, -53.299207166945365 ], [ -70.373587972388577, -53.299199797039407 ], [ -70.373653622977557, -53.299199190478873 ], [ -70.373806570660264, -53.299201789176941 ], [ -70.373852014144177, -53.29920338903262 ], [ -70.374251273897684, -53.299224743066098 ], [ -70.374321682021474, -53.299230533398458 ], [ -70.374584052268702, -53.299259754208649 ], [ -70.374625208871663, -53.299261527581251 ], [ -70.374665994723969, -53.299257779519579 ], [ -70.374670439252469, -53.299257059175432 ], [ -70.374759852669968, -53.299237023647713 ], [ -70.374956660714403, -53.299210285040012 ], [ -70.375166675099223, -53.299199172179534 ], [ -70.37519148740931, -53.29919735815708 ], [ -70.375553907353407, -53.29916348256878 ], [ -70.375675946478367, -53.299158126475959 ], [ -70.375966742792016, -53.299159610496901 ], [ -70.375977158625815, -53.299159576989581 ], [ -70.376245447522734, -53.299156481373799 ], [ -70.376293764947633, -53.299156856326839 ], [ -70.376553034890691, -53.29916387604132 ], [ -70.376602069864077, -53.299163278605569 ], [ -70.376815992332254, -53.299152251466815 ], [ -70.376933810413831, -53.299151741567826 ], [ -70.377185912170702, -53.299162541049675 ], [ -70.377219874836769, -53.299163071287857 ], [ -70.377522972840836, -53.299159570828245 ], [ -70.377615322375974, -53.299151520394581 ], [ -70.377965709730105, -53.299093489015398 ], [ -70.378023914121044, -53.299085329379785 ], [ -70.378552377608585, -53.299024435076468 ], [ -70.378583528507946, -53.299020011641709 ], [ -70.378974299393235, -53.298953846757193 ], [ -70.378991047055351, -53.298950756135682 ], [ -70.379247520669963, -53.298899465972276 ], [ -70.379342308898828, -53.298870995226004 ], [ -70.379501939992792, -53.29880453947996 ], [ -70.379796729007381, -53.298680048647647 ], [ -70.379880565945001, -53.298649359508374 ], [ -70.379952808578963, -53.298626664817775 ], [ -70.380037904281636, -53.298603851095741 ], [ -70.380041375413683, -53.298603071686223 ], [ -70.38016374742196, -53.298582483605358 ], [ -70.38024762944471, -53.298577231468087 ], [ -70.38024747255993, -53.298576193043829 ], [ -70.380326879637479, -53.298571887351812 ], [ -70.380439127258001, -53.298560951554897 ], [ -70.380439370094351, -53.298561846123285 ], [ -70.380560282640374, -53.298552086415413 ], [ -70.380717935668571, -53.298559397375499 ], [ -70.380869528288471, -53.298586343499871 ], [ -70.381008324988031, -53.298631727528921 ], [ -70.38112815875094, -53.298693532973523 ], [ -70.381335163675487, -53.298825480104469 ], [ -70.381434209630982, -53.298904468075875 ], [ -70.381491207366523, -53.298980116640124 ], [ -70.38149811390285, -53.298987509909338 ], [ -70.381521693540407, -53.299004059260668 ], [ -70.381580567719908, -53.299037990863823 ], [ -70.381606400196191, -53.299050266584203 ], [ -70.381632330269028, -53.299038064935438 ], [ -70.381697183213092, -53.29900104328253 ], [ -70.381718902604518, -53.298986004249933 ], [ -70.381699224604645, -53.29896998857194 ], [ -70.381270999955248, -53.298683780938973 ], [ -70.38118361383512, -53.298612286122363 ], [ -70.381121343508525, -53.298531908784028 ], [ -70.381086609900976, -53.298445773995553 ], [ -70.381080763280238, -53.298357230659256 ], [ -70.381104030782765, -53.298269721300784 ], [ -70.381155507610075, -53.298186648224522 ], [ -70.381233192232983, -53.298111241236178 ], [ -70.381334064231027, -53.298046432074635 ], [ -70.381759109900869, -53.297822375738171 ], [ -70.381788930862541, -53.297804792045312 ], [ -70.382086583195601, -53.297608511627885 ], [ -70.382120722330882, -53.29758234395738 ], [ -70.382282951856084, -53.297436980423008 ], [ -70.382384200315386, -53.297364219939425 ], [ -70.382436465792367, -53.297333840831847 ], [ -70.3824990948589, -53.297285890720303 ], [ -70.382593516020265, -53.297188775297663 ], [ -70.382605775989887, -53.297173646807018 ], [ -70.382614100465091, -53.297157586056585 ], [ -70.382642528539947, -53.29708338770444 ], [ -70.382670709407449, -53.29702704122343 ], [ -70.382736600602342, -53.29692107684226 ], [ -70.38279404686817, -53.296849016967961 ], [ -70.38287187444665, -53.296784186204974 ], [ -70.382933214368222, -53.296748597029328 ], [ -70.382932975715789, -53.296748453267519 ], [ -70.382986989329311, -53.296716269384603 ], [ -70.383007811329932, -53.296697377119862 ], [ -70.383260703908164, -53.29640728234375 ], [ -70.383273401192611, -53.296391194262497 ], [ -70.383627745057936, -53.295891940522409 ], [ -70.383649467315038, -53.295864030788834 ], [ -70.383856848101814, -53.295619792537394 ], [ -70.383878933785581, -53.295595642206706 ], [ -70.38463537616289, -53.294825447812464 ], [ -70.384701530816557, -53.294768620192293 ], [ -70.384846430813099, -53.294662612060421 ], [ -70.384937227096145, -53.2946068435648 ], [ -70.385450730796435, -53.294341842889189 ], [ -70.385584335582863, -53.294286758286958 ], [ -70.385845508108417, -53.294202406634902 ], [ -70.385866700113155, -53.294195016407194 ], [ -70.386045652566409, -53.294127823187452 ], [ -70.386059265407695, -53.294122831862637 ], [ -70.386197246678805, -53.294073440246699 ], [ -70.386325437197115, -53.294036926351609 ], [ -70.38661484615389, -53.293973822068168 ], [ -70.386651346306863, -53.29396649315251 ], [ -70.386779876350047, -53.293942865369019 ], [ -70.386902608310479, -53.293926893176661 ], [ -70.38728032668152, -53.293897290511694 ], [ -70.387290883844202, -53.293896508684064 ], [ -70.387528305403364, -53.293879949043529 ], [ -70.387657166198949, -53.293877643867276 ], [ -70.388194655546059, -53.293895758542149 ], [ -70.388300993280211, -53.293903940094481 ], [ -70.388599872177693, -53.293940098525916 ], [ -70.388614193662278, -53.293941658438484 ], [ -70.388811957850066, -53.293960831158493 ], [ -70.388840252039614, -53.29396291633892 ], [ -70.389296679373672, -53.29398603940141 ], [ -70.389309750854792, -53.29398656399291 ], [ -70.389414773925949, -53.293989675843022 ], [ -70.389566407528193, -53.294003578344501 ], [ -70.389710149630787, -53.294035672752607 ], [ -70.389769766461086, -53.29405333205677 ], [ -70.38992209603397, -53.294089686837083 ], [ -70.389941575114776, -53.294094526849761 ], [ -70.389992876809032, -53.294107783290208 ], [ -70.390095069095977, -53.294124387232223 ], [ -70.390242251533977, -53.294135239159949 ], [ -70.390259534238993, -53.294136635803127 ], [ -70.390472100473104, -53.294155323357778 ], [ -70.39062289104281, -53.294178354763389 ], [ -70.390760542277675, -53.294208789822697 ], [ -70.390797895142256, -53.294217737533309 ], [ -70.390962700196582, -53.294260321179934 ], [ -70.391034612638208, -53.294281705769521 ], [ -70.391187272205585, -53.294333378290823 ], [ -70.391251436295761, -53.294357743775976 ], [ -70.391274667242286, -53.294367587486455 ], [ -70.391398139759644, -53.294433237634266 ], [ -70.391494653091002, -53.294513480299536 ], [ -70.391559532246688, -53.294604428756784 ], [ -70.391597217770126, -53.294679099189949 ], [ -70.391613139566388, -53.294701436050822 ], [ -70.391636812364865, -53.294721153286545 ], [ -70.391720569728278, -53.294776827085983 ], [ -70.391742600247483, -53.294789265940643 ], [ -70.391767707310379, -53.294799398451019 ], [ -70.392194248995523, -53.29494278048513 ], [ -70.392211244136902, -53.294948155054577 ], [ -70.392440631713498, -53.295016252400856 ], [ -70.392466140184098, -53.295023127301256 ], [ -70.392713567639333, -53.295083268590268 ], [ -70.39275378066003, -53.295091485667363 ], [ -70.393079713435995, -53.295145943265219 ], [ -70.393187193370892, -53.295154115445307 ], [ -70.393200203531848, -53.295153963458702 ], [ -70.393360801772985, -53.295162470282726 ], [ -70.393583812481097, -53.295188979124035 ], [ -70.393616232151146, -53.295193281683687 ], [ -70.394211201282857, -53.29528056105967 ], [ -70.394266180076244, -53.295286067376139 ], [ -70.394474389297969, -53.295297468914946 ], [ -70.394506568104745, -53.29529755409748 ], [ -70.394538288598653, -53.295294310706559 ], [ -70.394990813867466, -53.295223415040418 ], [ -70.395084005264792, -53.29520038620872 ], [ -70.395114257515019, -53.295189848454768 ], [ -70.395142784674007, -53.295180402371173 ], [ -70.39525168235825, -53.295146172429043 ], [ -70.395362496094862, -53.295117883682181 ], [ -70.39560691926485, -53.295068961861453 ], [ -70.395634134456358, -53.295062801596011 ], [ -70.395895733547675, -53.29499652909783 ], [ -70.395936805255587, -53.294986966008246 ], [ -70.396333583358256, -53.294902529609125 ], [ -70.396450045498128, -53.294883903688181 ], [ -70.39653013915094, -53.294879089905109 ], [ -70.396530039892411, -53.294878471468266 ], [ -70.396615394343584, -53.294873553882496 ], [ -70.396662615759638, -53.294868633525674 ], [ -70.396764121290389, -53.294848763567593 ], [ -70.396855603779244, -53.294821649320284 ], [ -70.396911144766619, -53.294806834578587 ], [ -70.397092089311172, -53.294763745241013 ], [ -70.39714437407757, -53.294748374411256 ], [ -70.397328490394969, -53.294683146512838 ], [ -70.397361770531631, -53.294672029751659 ], [ -70.397628916099549, -53.294588049282424 ], [ -70.397649930681155, -53.29458091672246 ], [ -70.397931223881855, -53.294478135098544 ], [ -70.398060177905307, -53.294440628595005 ], [ -70.39836449399688, -53.294372780992084 ], [ -70.39840790680384, -53.294361173873035 ], [ -70.399059157274763, -53.294156435382902 ], [ -70.399172353423509, -53.294127667631287 ], [ -70.399731920180855, -53.294016893671291 ], [ -70.399838690223703, -53.294000853346027 ], [ -70.400164310418916, -53.293966914274058 ], [ -70.400175839713199, -53.29396576794089 ], [ -70.400979994237176, -53.293889661780959 ], [ -70.401082323291689, -53.293884243947517 ], [ -70.401736629009761, -53.293876555055704 ], [ -70.401753670523149, -53.293876470770073 ], [ -70.4021716435511, -53.293877247838694 ], [ -70.402192071876755, -53.293877452503374 ], [ -70.402376161154905, -53.293880799781348 ], [ -70.402384780194822, -53.293880986216386 ], [ -70.402979806294823, -53.293895908284242 ], [ -70.403071474654482, -53.293891417815267 ], [ -70.403173306641079, -53.293878733058534 ], [ -70.403195047971877, -53.293875617012695 ], [ -70.403307229517765, -53.293857404192721 ], [ -70.403458713525524, -53.293842560080314 ], [ -70.403614555856336, -53.293836987000844 ], [ -70.403644514154706, -53.293836275302056 ], [ -70.403815477078638, -53.293834262949829 ], [ -70.403938963424849, -53.293838925040205 ], [ -70.404135372839917, -53.293856169313543 ], [ -70.404216010922696, -53.293865982152596 ], [ -70.404465274115609, -53.293904953626836 ], [ -70.404654361327744, -53.293951797833714 ], [ -70.404709459371702, -53.293971091262307 ], [ -70.404779757288296, -53.293998996707487 ], [ -70.404911830526885, -53.294058083592084 ], [ -70.404943716508384, -53.294070879451205 ], [ -70.405072628730494, -53.294117066231642 ], [ -70.405103991895587, -53.294127124557299 ], [ -70.405268238288627, -53.294173933599723 ], [ -70.405371436244721, -53.294203343270162 ], [ -70.405448509069942, -53.29421940026981 ], [ -70.405523183524906, -53.294229654878002 ], [ -70.405614001928029, -53.29423526942238 ], [ -70.405687066531598, -53.294234408227808 ], [ -70.405733969519233, -53.29423385537018 ], [ -70.405897923946952, -53.294242748837881 ], [ -70.406054691423847, -53.294272857677413 ], [ -70.406110237471509, -53.294287726384404 ], [ -70.406162472106047, -53.294299007686035 ], [ -70.406293828724472, -53.294320939391227 ], [ -70.406378199975549, -53.294328955035255 ], [ -70.406494175692401, -53.294331926766503 ], [ -70.406494086192325, -53.294333180632222 ], [ -70.406681130218615, -53.294350111857014 ], [ -70.4067594729609, -53.294364035467666 ], [ -70.406793503877623, -53.294368056482021 ], [ -70.40682818930182, -53.294368210372276 ], [ -70.406894049861009, -53.294364798522921 ], [ -70.406986941099973, -53.294352712131193 ], [ -70.407106952179674, -53.294327160390601 ], [ -70.407239467850616, -53.294306875122032 ], [ -70.407375928375401, -53.294301344169327 ], [ -70.407436347168826, -53.294302204150995 ], [ -70.407495076353385, -53.294300271585698 ], [ -70.407807586007351, -53.294275127913956 ], [ -70.40781697450123, -53.294274299946402 ], [ -70.408189036555896, -53.294238600191726 ], [ -70.408306974102246, -53.294232945777999 ], [ -70.408424928453911, -53.294238472905434 ], [ -70.408536392303404, -53.294249044768932 ], [ -70.408633594101033, -53.29426228174448 ], [ -70.409080573119681, -53.294342194379887 ], [ -70.409089216273529, -53.29434377364872 ], [ -70.409378905818215, -53.294397849846298 ], [ -70.409505114811694, -53.294429219046336 ], [ -70.409626846317764, -53.294467602390313 ], [ -70.409768237782245, -53.29452540820585 ], [ -70.409884073952028, -53.294600914679123 ], [ -70.409968322193762, -53.294690189602008 ], [ -70.409989329788473, -53.294719939404523 ], [ -70.410016959096922, -53.294751721279006 ], [ -70.410038972842145, -53.294772751729852 ], [ -70.410066173373096, -53.29479298346839 ], [ -70.410100512631061, -53.294808846143106 ], [ -70.410216846800324, -53.294850518888232 ], [ -70.410229692751315, -53.294854916763079 ], [ -70.410282721786416, -53.29487224920517 ], [ -70.410303937802766, -53.294879454181604 ], [ -70.410348071131295, -53.294895015185212 ], [ -70.410487455808394, -53.294958340744088 ], [ -70.41056161540196, -53.295001052016978 ], [ -70.410637480320148, -53.295034810791485 ], [ -70.41072218127556, -53.295063329007604 ], [ -70.410816021978661, -53.295085552146972 ], [ -70.410901482742702, -53.295098128649748 ], [ -70.41093070343409, -53.295102804980644 ], [ -70.411101492393058, -53.29513235961781 ], [ -70.411297019962717, -53.295185337854285 ], [ -70.411345495368721, -53.295203881948339 ], [ -70.411476063152662, -53.295267200368791 ], [ -70.41159548217955, -53.295339795126552 ], [ -70.411602689858753, -53.295344059882794 ], [ -70.411714111385564, -53.295408229735052 ], [ -70.411742052919095, -53.295421423788525 ], [ -70.411780991330076, -53.295423257004749 ], [ -70.411934883146174, -53.295440314114245 ], [ -70.412079517779759, -53.295476132117187 ], [ -70.412342419619804, -53.295561459512442 ], [ -70.412371474580183, -53.295569034194862 ], [ -70.412395633070759, -53.295569994839333 ], [ -70.412510599048588, -53.295579967328358 ], [ -70.412621616425213, -53.295600455200258 ], [ -70.413582498912902, -53.295827931105748 ], [ -70.413597874701338, -53.295831689448796 ], [ -70.413945218492486, -53.295919290193886 ], [ -70.413955802986592, -53.295922017121271 ], [ -70.414471185020261, -53.296057614900612 ], [ -70.414510641999414, -53.29606882779391 ], [ -70.414976511749771, -53.296211313853732 ], [ -70.415118127972136, -53.296267572683441 ], [ -70.415150292979035, -53.296283771895197 ], [ -70.415264676779273, -53.296355730712868 ], [ -70.415481564145068, -53.296526584935137 ], [ -70.415497740394215, -53.296538463620074 ], [ -70.415673224076315, -53.296658704195934 ], [ -70.415705647628485, -53.29667621318422 ], [ -70.415744037468983, -53.296688659793332 ], [ -70.41598216875353, -53.296745191224872 ], [ -70.416044867044235, -53.296756390939656 ], [ -70.416183710883871, -53.296773448992774 ], [ -70.416316686235191, -53.296797659980541 ], [ -70.416439924140604, -53.296836152376905 ], [ -70.417148297693871, -53.297110180275169 ], [ -70.417273629057021, -53.297171033883032 ], [ -70.41737652901476, -53.297233104541718 ], [ -70.41747027460346, -53.297302162683053 ], [ -70.417965646769133, -53.297751613607595 ], [ -70.418012998764027, -53.297801156287633 ], [ -70.418264900765209, -53.29810847376649 ], [ -70.41829475438594, -53.298150069022554 ], [ -70.418665261754413, -53.298747579027946 ], [ -70.418673486039637, -53.298761542470452 ], [ -70.418709862059387, -53.298826704520607 ], [ -70.418725886559145, -53.298847779485328 ], [ -70.418748873316346, -53.298866398712136 ], [ -70.418921102825806, -53.29897905653965 ], [ -70.418947614709253, -53.298993353712227 ], [ -70.418978207205996, -53.299004343682434 ], [ -70.41939668705831, -53.299123530571272 ], [ -70.419454992319075, -53.299142062368624 ], [ -70.419491723496193, -53.299155008472425 ], [ -70.419613423714679, -53.299208450661723 ], [ -70.419847856874668, -53.299334968242711 ], [ -70.419919075396038, -53.299365187850668 ], [ -70.419994486876135, -53.299389825036968 ], [ -70.420021796169991, -53.299397108092435 ], [ -70.420050700185428, -53.299401676533847 ], [ -70.420120603246801, -53.299409189585901 ], [ -70.420120126784582, -53.29941078057621 ], [ -70.42018538072044, -53.29941747635656 ], [ -70.420313137154992, -53.299445523832638 ], [ -70.420430335306477, -53.299486934673084 ], [ -70.420456676714892, -53.299500623017735 ], [ -70.42049300874676, -53.299515551214697 ], [ -70.420529631082033, -53.299519835469248 ], [ -70.420546902275035, -53.299520777204542 ], [ -70.420579436116583, -53.299520770366321 ], [ -70.42059723926144, -53.299507007164614 ], [ -70.42061468298499, -53.299485496034301 ], [ -70.42062342463224, -53.299462119260319 ], [ -70.420622679139512, -53.299398854931482 ], [ -70.420635671454605, -53.299312346057597 ], [ -70.420676200353611, -53.299228950273637 ], [ -70.420742751705106, -53.299151782868975 ], [ -70.420832839332419, -53.299083726452722 ], [ -70.420943097901286, -53.299027323277592 ], [ -70.421069408640491, -53.298984680279183 ], [ -70.421207053198145, -53.298957390377019 ], [ -70.421350889886909, -53.298946472976219 ], [ -70.421915110178347, -53.298936586312514 ], [ -70.422038977878046, -53.298940562302064 ], [ -70.422160058408721, -53.298956712622683 ], [ -70.422179720801864, -53.298960380289373 ], [ -70.422262413406457, -53.298969857245474 ], [ -70.423018751780219, -53.299004441809892 ], [ -70.423071580191888, -53.299007988952312 ], [ -70.423892675273635, -53.299080847523683 ], [ -70.42396910029079, -53.299090082277225 ], [ -70.423989375852528, -53.299093196998363 ], [ -70.424106658364238, -53.299117566075971 ], [ -70.424215626872851, -53.299153188439995 ], [ -70.424242612152085, -53.299163834575893 ], [ -70.424304043754304, -53.299183428697901 ], [ -70.424610155126757, -53.299260126780993 ], [ -70.424780989192442, -53.299319864973477 ], [ -70.425109482072259, -53.299472778806823 ], [ -70.425143103336751, -53.299486736007843 ], [ -70.425245730574076, -53.299524547692251 ], [ -70.425286103070476, -53.299540519644225 ], [ -70.425667658506171, -53.299702288887524 ], [ -70.425709636715965, -53.299721448741693 ], [ -70.426004393369112, -53.299866075016574 ], [ -70.426033953358399, -53.29987793517666 ], [ -70.426078551073161, -53.299889165155115 ], [ -70.426190485832961, -53.299924264569697 ], [ -70.426291000689076, -53.299970119459779 ], [ -70.426452540746652, -53.300057623164342 ], [ -70.426457785103011, -53.300060491082462 ], [ -70.426941042360127, -53.300327284320964 ], [ -70.426960901151091, -53.300337503223048 ], [ -70.427481527469681, -53.300587022871177 ], [ -70.427510251839877, -53.300599501171938 ], [ -70.427841622643186, -53.30072957871694 ], [ -70.42787929910881, -53.300740916929186 ], [ -70.427909889016718, -53.300745332348406 ], [ -70.427989976010409, -53.300745122955327 ], [ -70.428075374459596, -53.300731208099542 ], [ -70.428107888437324, -53.300721318543289 ], [ -70.428126881312622, -53.300714511867611 ], [ -70.428257965951218, -53.300677321558808 ], [ -70.428398547218265, -53.300655937727306 ], [ -70.428543370098652, -53.300651159711528 ], [ -70.428687021038726, -53.300663166115037 ], [ -70.428824130289229, -53.300691508131095 ], [ -70.428938830614868, -53.300731391172413 ], [ -70.428939285562606, -53.300730984768094 ], [ -70.429036356943215, -53.300769981172024 ], [ -70.4290434920145, -53.300772777629845 ], [ -70.429067935434503, -53.300782121828568 ], [ -70.429101622410499, -53.300792270273973 ], [ -70.429138043551987, -53.300798118477822 ], [ -70.429177810484774, -53.30080195930622 ], [ -70.429209732666592, -53.300803369403084 ], [ -70.429273797241521, -53.300799561850859 ], [ -70.429273874313481, -53.300800027218457 ], [ -70.429398559793341, -53.300794105673127 ], [ -70.429555934064226, -53.30080671212086 ], [ -70.429705354807965, -53.300838877238597 ], [ -70.429840128877316, -53.300889160226866 ], [ -70.429954219152535, -53.300955308711821 ], [ -70.430042514957265, -53.301034359630265 ], [ -70.430045299325883, -53.301037535013826 ], [ -70.430064566794172, -53.301055198516316 ], [ -70.430089062589389, -53.301070360617096 ], [ -70.430128093370044, -53.301090320683045 ], [ -70.43018903950815, -53.301116390351673 ], [ -70.430286754160861, -53.301166273830276 ], [ -70.430348837572694, -53.301210998134827 ], [ -70.430349982604739, -53.301210460099988 ], [ -70.430389628272451, -53.301240737862116 ], [ -70.430397001695681, -53.301245750856665 ], [ -70.430494762654035, -53.301329906724852 ], [ -70.430536916021197, -53.301393253509985 ], [ -70.430540208130026, -53.301392522275663 ], [ -70.430563474875115, -53.301430112099766 ], [ -70.430585195550435, -53.301445087384636 ], [ -70.430671886508591, -53.301494980038363 ], [ -70.430693387684286, -53.301506437130421 ], [ -70.430722858479527, -53.301520966636296 ], [ -70.430752162059548, -53.301532591126758 ], [ -70.430774909017501, -53.301516541327722 ], [ -70.4308011406643, -53.301493583145096 ], [ -70.430803025547391, -53.301494355981532 ], [ -70.430853818924177, -53.301449862315124 ], [ -70.430962015541581, -53.301387039873383 ], [ -70.431088986805619, -53.30133843702464 ], [ -70.431229610424637, -53.301306014489739 ], [ -70.431378213394524, -53.301291080244177 ], [ -70.431528800841249, -53.301294236756945 ], [ -70.431675297842204, -53.301315356688278 ], [ -70.431847008682013, -53.301351368849801 ], [ -70.431892389985762, -53.301358839822029 ], [ -70.432085084701498, -53.301382652437837 ], [ -70.432090672078047, -53.301383356192972 ], [ -70.432218396583565, -53.301399747866895 ], [ -70.432364437947641, -53.301428114306383 ], [ -70.432497781503628, -53.301473696377833 ], [ -70.432612842747716, -53.301534585093215 ], [ -70.43264085083095, -53.301552786301073 ], [ -70.432673502429239, -53.30155095674364 ], [ -70.432780004942572, -53.301539004139222 ], [ -70.432906771888426, -53.301531370756699 ], [ -70.433047666413572, -53.301530090441226 ], [ -70.433084615603946, -53.301527908626845 ], [ -70.433244154219736, -53.301539070257924 ], [ -70.433373252611545, -53.301565626982381 ], [ -70.433421944569389, -53.301572673621358 ], [ -70.433560708387745, -53.301584094800781 ], [ -70.433586766929309, -53.301585686391114 ], [ -70.433786073272955, -53.301593658421908 ], [ -70.433818573792053, -53.301594112182862 ], [ -70.433989405786335, -53.3015920582978 ], [ -70.434012073549923, -53.30159137423221 ], [ -70.4343051611948, -53.301577192025704 ], [ -70.434350507077752, -53.301575823456915 ], [ -70.434354533857729, -53.301575775028439 ], [ -70.434536892732154, -53.301587001854863 ], [ -70.434558755571388, -53.301589997967774 ], [ -70.434574280464531, -53.301592229918754 ], [ -70.434667625402639, -53.301606280632448 ], [ -70.43468503245046, -53.301608638544721 ], [ -70.434723254514452, -53.301613246275302 ], [ -70.434807427167968, -53.301626477511824 ], [ -70.434989280289784, -53.301661932570241 ], [ -70.435002268843277, -53.301664543685447 ], [ -70.435110882098485, -53.301687041439351 ], [ -70.43525350290669, -53.301727061576386 ], [ -70.435286485235665, -53.301738991848204 ], [ -70.435387723083593, -53.301782896661898 ], [ -70.435475388137206, -53.301836260529313 ], [ -70.43554704719395, -53.301897602332851 ], [ -70.435617442349923, -53.301970039621089 ], [ -70.435675894312553, -53.302045486418059 ], [ -70.43576174818044, -53.302190027089132 ], [ -70.435796619645387, -53.302273073113447 ], [ -70.435804561578962, -53.302358573781326 ], [ -70.435790861026661, -53.302564491543812 ], [ -70.435790566061542, -53.302574271066625 ], [ -70.435792616800256, -53.302905950940826 ], [ -70.435787882951331, -53.302958047619697 ], [ -70.435742586511878, -53.303198304149134 ], [ -70.4357419007506, -53.303202254205608 ], [ -70.435736725252283, -53.303234864233005 ], [ -70.435710620213172, -53.303317056360676 ], [ -70.435659533048465, -53.303394925404241 ], [ -70.43558523437629, -53.30346577231969 ], [ -70.435490299391915, -53.303527141446438 ], [ -70.435378018618167, -53.303576905628368 ], [ -70.435252283854652, -53.303613339949067 ], [ -70.435117453278522, -53.303635181525102 ], [ -70.434978200373209, -53.303641673283501 ], [ -70.434839351923586, -53.303632590205908 ], [ -70.434661264840116, -53.303610743418147 ], [ -70.434626400771208, -53.303608624401519 ], [ -70.434610802171875, -53.303627421391269 ], [ -70.434581375278569, -53.303674190398041 ], [ -70.434572267053625, -53.303694994302241 ], [ -70.434629428432501, -53.303717419566453 ], [ -70.434751359774552, -53.303777084362508 ], [ -70.434849818686317, -53.303850678364348 ], [ -70.434920468890624, -53.303934960478053 ], [ -70.434960198753032, -53.304026218883557 ], [ -70.434967258343491, -53.30412043449811 ], [ -70.434947118810626, -53.304192707635664 ], [ -70.434946065605075, -53.304202848495045 ], [ -70.434950473572798, -53.304220773007572 ], [ -70.434957569370098, -53.304308440248313 ], [ -70.434936082329997, -53.304395261638021 ], [ -70.434886831899178, -53.304477925402672 ], [ -70.434811696576503, -53.304553278341018 ], [ -70.434782142515274, -53.304572900253191 ], [ -70.434728539255431, -53.304615299861155 ], [ -70.434516818595228, -53.30481925525789 ], [ -70.434500524322871, -53.304839210785147 ], [ -70.434497489402773, -53.304876097456606 ], [ -70.434474879760813, -53.304965616880551 ], [ -70.434422773044062, -53.305050604995117 ], [ -70.43434328402661, -53.305127612246494 ], [ -70.434255034099493, -53.305196477614281 ], [ -70.434182387315445, -53.30524534375882 ], [ -70.433656919644235, -53.305550785376276 ], [ -70.433637072878653, -53.305561910696682 ], [ -70.43328809836818, -53.305750545050024 ], [ -70.433111670968117, -53.305821605945603 ], [ -70.432828883717647, -53.305903389862991 ], [ -70.432635378073655, -53.305941006251182 ], [ -70.432338978825527, -53.305972912365291 ], [ -70.432262899038463, -53.305978716335574 ], [ -70.432174709125363, -53.305982714622068 ], [ -70.432070770426634, -53.305983101947838 ], [ -70.432046301664883, -53.305982175852662 ], [ -70.431961248698812, -53.305976021104193 ], [ -70.431762661137327, -53.305954700663534 ], [ -70.431746078883194, -53.305953148864091 ], [ -70.431656434322733, -53.305945986354509 ], [ -70.431625093040438, -53.30594508248155 ], [ -70.431593944440493, -53.305947348960373 ], [ -70.431503188179761, -53.30595867359596 ], [ -70.431470279030762, -53.305964865160853 ], [ -70.431467559350935, -53.305985462275203 ], [ -70.431468152765973, -53.306003201473828 ], [ -70.431471542150348, -53.306022181055951 ], [ -70.431485479796137, -53.306039346461205 ], [ -70.431495403392304, -53.306049280769557 ], [ -70.431511530007626, -53.306062973543945 ], [ -70.431530898921991, -53.306075064936259 ], [ -70.431649392350664, -53.306138695560271 ], [ -70.431674561027137, -53.30615107341297 ], [ -70.431891514307637, -53.306248639299376 ], [ -70.432109394322865, -53.306345379179945 ], [ -70.432120875699937, -53.30635027864129 ], [ -70.432650288801611, -53.306567315549017 ], [ -70.432710250239282, -53.30658732903251 ], [ -70.433238640346673, -53.306727365284743 ], [ -70.43332394734729, -53.306743000674473 ], [ -70.43385643578101, -53.306800159570393 ], [ -70.433898930650244, -53.306803233827431 ], [ -70.434316739872543, -53.306819037954227 ], [ -70.434354133476759, -53.30681818291167 ], [ -70.434390476391485, -53.306812841953999 ], [ -70.435032327583372, -53.306676056176286 ], [ -70.435097356851628, -53.306664156325994 ], [ -70.435699403126804, -53.306571624203613 ], [ -70.435769999170816, -53.306556100573381 ], [ -70.436232616066732, -53.306421391427051 ], [ -70.436261213716776, -53.30641212515679 ], [ -70.43665945267108, -53.306269383069299 ], [ -70.436805322791258, -53.30622910002905 ], [ -70.436962165307762, -53.306208338139449 ], [ -70.437122791592699, -53.306208048986036 ], [ -70.437226933427979, -53.30621457519117 ], [ -70.437239525687275, -53.306215236031832 ], [ -70.437667860298234, -53.30623336400248 ], [ -70.438132234418958, -53.306250928058894 ], [ -70.438163378620686, -53.306251328142359 ], [ -70.4385447265214, -53.306246729249594 ], [ -70.438989856488362, -53.306241359629119 ], [ -70.439052202357161, -53.306242160019394 ], [ -70.439386025600626, -53.306254773111078 ], [ -70.439496427473387, -53.30626391239209 ], [ -70.439603351059191, -53.306282746714537 ], [ -70.439653758799722, -53.306294123810119 ], [ -70.439740282081345, -53.306317494993465 ], [ -70.440027156685858, -53.306408474198143 ], [ -70.440060536768911, -53.306416679781904 ], [ -70.440095938685388, -53.306420855815176 ], [ -70.440651196753393, -53.306453200599194 ], [ -70.440816624809841, -53.306474309969552 ], [ -70.441258635263452, -53.306562885584199 ], [ -70.441292997963657, -53.306567465313314 ], [ -70.441304571604874, -53.306547551823577 ], [ -70.441327644481674, -53.306488816263936 ], [ -70.441332382743113, -53.306468443292601 ], [ -70.4413312419383, -53.306453893662336 ], [ -70.441350359833379, -53.30632988312734 ], [ -70.443009998444666, -53.302104551258736 ], [ -70.443014258876644, -53.302085113429705 ] ] ] ] } },
{ "type": "Feature", "properties": { "id": 6, "capa_kml": "Limite_50m_IPT_12_PRC_Laguna_Blanca", "nombre_busq": "Limite_50m_IPT_12_PRC_Laguna_Blanca", "fid_origen": 1, "crs_origen": "EPSG:4326" }, "geometry": { "type": "MultiPolygon", "coordinates": [ [ [ [ -71.417790779922512, -52.426257646623398 ], [ -71.417760151546318, -52.426249632424607 ], [ -71.416755934231588, -52.426056241112427 ], [ -71.4166283266768, -52.426023301010005 ], [ -71.416513093625539, -52.425976311291976 ], [ -71.416414326942615, -52.42591694055492 ], [ -71.416335533735207, -52.425847297036505 ], [ -71.416279511818487, -52.425769853747965 ], [ -71.416248250375034, -52.425687360654017 ], [ -71.415810713189643, -52.423692431814885 ], [ -71.415801877991157, -52.423670367388958 ], [ -71.415768857245794, -52.423659951330222 ], [ -71.415054235461994, -52.423490724376101 ], [ -71.415054235462435, -52.423490724375391 ], [ -71.415054235435761, -52.423490724369884 ], [ -71.414703844328642, -52.423407747463912 ], [ -71.41427989011548, -52.423307348018191 ], [ -71.414249680242563, -52.42330212642873 ], [ -71.414239159936884, -52.423320209506436 ], [ -71.411139519866992, -52.43081277412081 ], [ -71.411134810686463, -52.430832025121894 ], [ -71.411166581699661, -52.430830700929661 ], [ -71.411615541374701, -52.430784333892703 ], [ -71.412877222993529, -52.430654020262679 ], [ -71.412911382382447, -52.430648303495936 ], [ -71.412934320219307, -52.430631808943751 ], [ -71.414398447098094, -52.429336631435497 ], [ -71.414398447118074, -52.429336631443938 ], [ -71.414398447445393, -52.429336631128265 ], [ -71.414824120429344, -52.428960060908302 ], [ -71.414919024056431, -52.428891808807194 ], [ -71.415034188170097, -52.428836418977376 ], [ -71.415165036732603, -52.428796092295876 ], [ -71.415306370543917, -52.42877243110982 ], [ -71.415452573817461, -52.428766375573659 ], [ -71.415597837301291, -52.428778166296418 ], [ -71.415875138105122, -52.428818184998342 ], [ -71.415875138432241, -52.42881818503551 ], [ -71.4163234159128, -52.428882876603708 ], [ -71.416354614524508, -52.428885551028202 ], [ -71.416367317173894, -52.428867928331783 ], [ -71.416811714539506, -52.428055034508269 ], [ -71.416811714624018, -52.428055034323556 ], [ -71.417124840758717, -52.427482243236533 ], [ -71.417410704456799, -52.426959309970236 ], [ -71.417783404120556, -52.426277507748807 ], [ -71.417790779922512, -52.426257646623398 ] ] ], [ [ [ -71.411615541374701, -52.430784333892703 ], [ -71.411616125873437, -52.430786448387536 ], [ -71.411616125881267, -52.430786448386741 ], [ -71.411615541374701, -52.430784333892703 ] ] ] ] } }
]
}
