{
"type": "FeatureCollection",
"name": "perimetros_capas_09",
"crs": { "type": "name", "properties": { "name": "urn:ogc:def:crs:OGC:1.3:CRS84" } },
"features": [
{ "type": "Feature", "properties": { "id": 1, "capa_kml": "Limite_100m_IPT_09_PRC_Villarrica", "nombre_busq": "Limite_100m_IPT_09_PRC_Villarrica", "fid_origen": 1, "crs_origen": "EPSG:4326" }, "geometry": { "type": "MultiPolygon", "coordinates": [ [ [ [ -72.171354384336908, -39.486550091065361 ], [ -72.171308865195272, -39.48655526801172 ], [ -72.170791690755777, -39.486653782362076 ], [ -72.170542584310226, -39.486679547054187 ], [ -72.170037120262009, -39.486689081794751 ], [ -72.169887498277035, -39.486684425309186 ], [ -72.168926984614487, -39.486606269640824 ], [ -72.168913354783939, -39.486605286188457 ], [ -72.167870620350811, -39.486539634865444 ], [ -72.167856750158563, -39.486538890857283 ], [ -72.167048554972808, -39.486503059316178 ], [ -72.167014514052298, -39.486502324738211 ], [ -72.166431739238135, -39.486502989435287 ], [ -72.166263566913074, -39.486493702985335 ], [ -72.165764091400931, -39.486437678159298 ], [ -72.165486801673396, -39.48637871995416 ], [ -72.165231774813734, -39.486297061512396 ], [ -72.165023350756655, -39.486210109630619 ], [ -72.164841992378115, -39.48609223276226 ], [ -72.164695225825227, -39.485948322762944 ], [ -72.164589141585438, -39.485784351816797 ], [ -72.164528141757415, -39.485607124577463 ], [ -72.16451475740962, -39.485423995767746 ], [ -72.16454954359935, -39.485242564959947 ], [ -72.164631056399983, -39.4850703612045 ], [ -72.164755912879585, -39.484914530594779 ], [ -72.164893219211351, -39.484802515932913 ], [ -72.164942032243388, -39.484750315488434 ], [ -72.165021195803817, -39.484640575407013 ], [ -72.165087567101082, -39.484517620053602 ], [ -72.16520076332786, -39.484356395840813 ], [ -72.165353797801657, -39.484216308089344 ], [ -72.165540311574645, -39.484103177595316 ], [ -72.165565859167387, -39.484090709745296 ], [ -72.16559631574296, -39.484060336853553 ], [ -72.165901343389123, -39.483694424449808 ], [ -72.166080782717813, -39.483474672138065 ], [ -72.166103839608198, -39.483439972787018 ], [ -72.166109950268762, -39.483401171144457 ], [ -72.166117838993983, -39.483215537297092 ], [ -72.166115528724944, -39.483179204015748 ], [ -72.166098210433859, -39.483145392586252 ], [ -72.165989369263926, -39.482975154927807 ], [ -72.165957070763511, -39.482935710409066 ], [ -72.165914834013165, -39.48290237789432 ], [ -72.16584567926968, -39.48285823060187 ], [ -72.165683164641848, -39.48273152150567 ], [ -72.165571939601065, -39.482625581883362 ], [ -72.165526814255628, -39.482591198284588 ], [ -72.165473035727757, -39.482565346660408 ], [ -72.165394689134203, -39.482536439793812 ], [ -72.165334943413541, -39.482520471602705 ], [ -72.165207340327527, -39.482532079811421 ], [ -72.165206690256213, -39.482527788695791 ], [ -72.165099326132179, -39.482538472203331 ], [ -72.164864767116455, -39.482524800057512 ], [ -72.164638568117653, -39.482474800345329 ], [ -72.164429999516145, -39.482390522238312 ], [ -72.164111168567416, -39.482227924581068 ], [ -72.163986727288588, -39.482179942364624 ], [ -72.163921048387195, -39.482161860888219 ], [ -72.163696847026316, -39.482078227273824 ], [ -72.16350076649374, -39.481959518954362 ], [ -72.163341799115116, -39.481811180050393 ], [ -72.163227235024763, -39.481640013534587 ], [ -72.16299213127013, -39.481171939976619 ], [ -72.162948042894854, -39.481064802877853 ], [ -72.162870481144282, -39.480825637165097 ], [ -72.162854685984044, -39.480789992923484 ], [ -72.162831373436973, -39.480756917794437 ], [ -72.162600084591546, -39.480486010473157 ], [ -72.162600083755976, -39.480486009592845 ], [ -72.16240383037885, -39.480256137709134 ], [ -72.162369926140414, -39.480224036164813 ], [ -72.162323869778717, -39.480245178049834 ], [ -72.1622895137493, -39.480264843400484 ], [ -72.162238932032807, -39.48030093895337 ], [ -72.162057947133974, -39.480406784445869 ], [ -72.161853880964259, -39.480483374892856 ], [ -72.161634505043097, -39.480527793464468 ], [ -72.161408173998382, -39.480538348549238 ], [ -72.16118350735897, -39.480514638182164 ], [ -72.160969061253823, -39.480457565353078 ], [ -72.160941778684247, -39.480447906264203 ], [ -72.160924244306315, -39.480441966947041 ], [ -72.160821485185849, -39.480408711130714 ], [ -72.160756840073716, -39.480385968522086 ], [ -72.160615633652924, -39.480332200133894 ], [ -72.16056877249278, -39.480318174409469 ], [ -72.160518544054057, -39.480317550699155 ], [ -72.160426024020268, -39.480322730209181 ], [ -72.160301632638905, -39.480340421490936 ], [ -72.16016489878352, -39.48037214521554 ], [ -72.160117376784214, -39.480386853613872 ], [ -72.1600739709598, -39.480407856047847 ], [ -72.160050141362248, -39.480421814245517 ], [ -72.160014033120987, -39.480446973071231 ], [ -72.15999083281487, -39.480480029165093 ], [ -72.159893550455394, -39.480652041179773 ], [ -72.159875906581576, -39.480681758196368 ], [ -72.159809673053331, -39.480788178266501 ], [ -72.159638960952051, -39.48098869813181 ], [ -72.159580460590618, -39.481040700881415 ], [ -72.159466391703447, -39.481128919909466 ], [ -72.159386851869883, -39.481182436699164 ], [ -72.159201606487926, -39.481284290652532 ], [ -72.158994329301251, -39.481356269869828 ], [ -72.158772941627234, -39.481395623582735 ], [ -72.158545904087418, -39.481400847846857 ], [ -72.158321893239261, -39.481371743021626 ], [ -72.158109469952038, -39.481309421398869 ], [ -72.157999609992146, -39.481267261078834 ], [ -72.157707760429901, -39.481156298981489 ], [ -72.157660001118217, -39.481142071489167 ], [ -72.157609731616233, -39.481134627733113 ], [ -72.157463766764607, -39.481123311677912 ], [ -72.15723377311302, -39.481087017765979 ], [ -72.157017885211772, -39.481015644291602 ], [ -72.156824913080683, -39.480912103916097 ], [ -72.156662731483721, -39.480780621967178 ], [ -72.156537958563831, -39.480626563993518 ], [ -72.156455685780514, -39.480456216789158 ], [ -72.156448143165974, -39.480433972313477 ], [ -72.156432144319339, -39.480407888488408 ], [ -72.156332763446471, -39.480272358582376 ], [ -72.156257537018959, -39.480076509833474 ], [ -72.156243985280639, -39.480017316921234 ], [ -72.156204110009469, -39.479986194014309 ], [ -72.156158152655877, -39.479956923550617 ], [ -72.156112778159567, -39.479933295613606 ], [ -72.156059273190422, -39.479924607630629 ], [ -72.155858851187887, -39.479907411377965 ], [ -72.155737953212466, -39.479906873734926 ], [ -72.155708623606856, -39.479909126493645 ], [ -72.155495064374819, -39.479925527727445 ], [ -72.155439947200392, -39.479934046598615 ], [ -72.155388029718594, -39.479950727246482 ], [ -72.155107223016785, -39.480067107900943 ], [ -72.154965077397662, -39.480116822179276 ], [ -72.154512514258386, -39.480247542778706 ], [ -72.154470907681841, -39.480258868404903 ], [ -72.154008846427274, -39.480377059338345 ], [ -72.153878289053935, -39.480404042568033 ], [ -72.153498075650191, -39.480464521934309 ], [ -72.153305131618779, -39.480482358567642 ], [ -72.152822525195305, -39.480495457752532 ], [ -72.152709333961198, -39.480507256303682 ], [ -72.152328344278118, -39.480577133661924 ], [ -72.152116035445957, -39.48060031894169 ], [ -72.152003171140635, -39.480596398209066 ], [ -72.152003038815465, -39.480599158483919 ], [ -72.151919193774106, -39.480593480893006 ], [ -72.151901843980099, -39.480592878165488 ], [ -72.151887276918799, -39.480591319617957 ], [ -72.151887267010252, -39.480591318946992 ], [ -72.15179744250581, -39.480581708815784 ], [ -72.151769421763348, -39.480581915083555 ], [ -72.151764450487377, -39.480581866290628 ], [ -72.151734435056795, -39.480615385913467 ], [ -72.151561186907472, -39.480854745179073 ], [ -72.151509773342312, -39.480919252251013 ], [ -72.151212811751478, -39.481258962840187 ], [ -72.151051496196246, -39.481406479607827 ], [ -72.150488009146059, -39.481821684957488 ], [ -72.150093749210441, -39.482111621735811 ], [ -72.149892626519957, -39.482230169842246 ], [ -72.149663186703236, -39.48231222000539 ], [ -72.149216164162667, -39.482428324606957 ], [ -72.149214899968058, -39.482428652326611 ], [ -72.148650937540197, -39.482574569017018 ], [ -72.148437790958738, -39.482612885241359 ], [ -72.147962818827025, -39.48266237078608 ], [ -72.147774189483556, -39.482670018355542 ], [ -72.14758645365626, -39.482653880890766 ], [ -72.14722423294576, -39.482599360021858 ], [ -72.147114519889456, -39.482591119365701 ], [ -72.146790518770587, -39.482590767241163 ], [ -72.146747447155064, -39.482593225931161 ], [ -72.146705332101916, -39.482600640609185 ], [ -72.146126113865279, -39.482738666765385 ], [ -72.146076898942241, -39.482754766760387 ], [ -72.146091573333194, -39.482800351957188 ], [ -72.14612483153202, -39.482975874996036 ], [ -72.146113032444546, -39.483153044248375 ], [ -72.146056633789755, -39.483324981780292 ], [ -72.145957824736826, -39.483485012711874 ], [ -72.145820440963746, -39.483626924354887 ], [ -72.145649815782704, -39.483745207412774 ], [ -72.145452573107193, -39.48383526987751 ], [ -72.145236370296033, -39.483893615316063 ], [ -72.145009600858941, -39.483917978622351 ], [ -72.144752545944812, -39.483925768793796 ], [ -72.144740404992277, -39.483926087471474 ], [ -72.143549705602453, -39.483952507007949 ], [ -72.143500496870644, -39.483952790774417 ], [ -72.139791323798349, -39.483913248296112 ], [ -72.139738071951058, -39.483916865619904 ], [ -72.139734527775289, -39.48395819766197 ], [ -72.13974412161464, -39.484171337871494 ], [ -72.139744121643915, -39.484171338143241 ], [ -72.139749468661222, -39.484290128484531 ], [ -72.139756916807684, -39.484332665870078 ], [ -72.139801482757846, -39.484358163815351 ], [ -72.140604535075624, -39.484727803516243 ], [ -72.140924009964095, -39.484872959989204 ], [ -72.140934508815434, -39.484877616272662 ], [ -72.141476949609583, -39.485112399610806 ], [ -72.14157072532781, -39.485157648909983 ], [ -72.141717208684796, -39.485236056227421 ], [ -72.141925589438046, -39.485378977831012 ], [ -72.142184655265851, -39.485605004350944 ], [ -72.142254301743421, -39.485656453883152 ], [ -72.142613642117553, -39.48588091475763 ], [ -72.142642267399594, -39.485899389739046 ], [ -72.14291396938016, -39.486080541985153 ], [ -72.142962674475186, -39.486109681697393 ], [ -72.143075829066518, -39.486170246089564 ], [ -72.143231997910874, -39.486270499475687 ], [ -72.143363294214083, -39.486390265338187 ], [ -72.143421011263683, -39.4864533350434 ], [ -72.143477897181867, -39.486506354874173 ], [ -72.143723274566128, -39.486702301395397 ], [ -72.143779975587748, -39.486741983775076 ], [ -72.143861889703771, -39.486792136207328 ], [ -72.14399951023988, -39.48689141944805 ], [ -72.144114663477097, -39.487006602211636 ], [ -72.144268818988266, -39.487189676910951 ], [ -72.144272980281286, -39.487194549449661 ], [ -72.144451368426303, -39.487400510117247 ], [ -72.14446387316562, -39.487414377185473 ], [ -72.144595754367685, -39.487554925114054 ], [ -72.144711770374641, -39.487708453962583 ], [ -72.144786562833346, -39.487876661611956 ], [ -72.144817211334797, -39.488052980782676 ], [ -72.144821616471205, -39.48815067478894 ], [ -72.144821925569872, -39.488205722877929 ], [ -72.144803538602829, -39.48874889511761 ], [ -72.144803693121801, -39.488776413293138 ], [ -72.144810915857946, -39.488936589441238 ], [ -72.144820842691843, -39.488987195772822 ], [ -72.144845509533766, -39.48903468112389 ], [ -72.144991309938177, -39.489242178199305 ], [ -72.145022394344309, -39.489277605254379 ], [ -72.145111698254837, -39.489305457999876 ], [ -72.14511936778311, -39.489307158013993 ], [ -72.145312251966189, -39.489382055774115 ], [ -72.14548394280115, -39.489483291063095 ], [ -72.145568233812369, -39.489543341962907 ], [ -72.145961758692124, -39.489770274074168 ], [ -72.145978267841656, -39.489779451103253 ], [ -72.146332030661412, -39.489968926885652 ], [ -72.14641798972184, -39.49001970137676 ], [ -72.146601919651886, -39.490139222425363 ], [ -72.146626193206558, -39.490155442831608 ], [ -72.146807082240912, -39.490279730290958 ], [ -72.146811761137087, -39.490282962624413 ], [ -72.146893644880222, -39.490339838398661 ], [ -72.147007372288897, -39.49040535354515 ], [ -72.147080655359574, -39.490459400057091 ], [ -72.14708182876798, -39.490458312170965 ], [ -72.147132198099285, -39.490490929043311 ], [ -72.147162268881544, -39.490512051052711 ], [ -72.147184995594259, -39.490522780969016 ], [ -72.147192234562837, -39.490525497869726 ], [ -72.147254194044578, -39.490546775653236 ], [ -72.147431579266851, -39.490586787028271 ], [ -72.147642802356373, -39.490652412913157 ], [ -72.147833468546935, -39.490748676672375 ], [ -72.147862407336874, -39.490766645436864 ], [ -72.148032908499275, -39.490897030759378 ], [ -72.148165281873887, -39.491051734369947 ], [ -72.148208826395859, -39.491116196147253 ], [ -72.148255523585206, -39.491144731696437 ], [ -72.14849119849535, -39.4912598757277 ], [ -72.148545735419773, -39.49128061837704 ], [ -72.148664665735481, -39.491303539848154 ], [ -72.148662915557281, -39.491308991569888 ], [ -72.148761970675849, -39.491322555309594 ], [ -72.148857050877311, -39.491346852226769 ], [ -72.148918546182031, -39.491351738511533 ], [ -72.149158512150919, -39.49135062313573 ], [ -72.149189336025188, -39.49135079659758 ], [ -72.149329753981647, -39.491353030015283 ], [ -72.149350541050012, -39.491353504838642 ], [ -72.14938266836883, -39.49135446169052 ], [ -72.14966031739074, -39.491389116740024 ], [ -72.149919091836182, -39.491474436044498 ], [ -72.150156975331512, -39.491580854730017 ], [ -72.150302032375492, -39.491657625750605 ], [ -72.150481742299561, -39.49176906044211 ], [ -72.150586608991006, -39.491842631344824 ], [ -72.150868955520039, -39.49206641179066 ], [ -72.150895072613068, -39.492085859626314 ], [ -72.151301490505759, -39.492370147256416 ], [ -72.151364709089435, -39.492417866639855 ], [ -72.151444244414492, -39.492482642264079 ], [ -72.151635820048469, -39.492691591126778 ], [ -72.151702087209102, -39.492791466768601 ], [ -72.151737170619512, -39.49283741385166 ], [ -72.151848656710072, -39.492965423161145 ], [ -72.151920351554281, -39.493059614890242 ], [ -72.15214099580038, -39.493394431475942 ], [ -72.152193510150866, -39.493486489277799 ], [ -72.152273318786527, -39.49365064616623 ], [ -72.152336145565201, -39.493840220617784 ], [ -72.15235880419506, -39.49396263523694 ], [ -72.152368158205931, -39.494148475284526 ], [ -72.152328033174541, -39.494331839847639 ], [ -72.152240140680547, -39.494504905584407 ], [ -72.15210823039925, -39.494660288504598 ], [ -72.152048210460961, -39.494717178989646 ], [ -72.151943841023751, -39.494803787116624 ], [ -72.151829800152598, -39.494886735719035 ], [ -72.151621306855432, -39.495007416348358 ], [ -72.151383378543414, -39.495089122910301 ], [ -72.151127947859024, -39.495127757627628 ], [ -72.151047236932413, -39.495132807963941 ], [ -72.150792440639435, -39.495127020950811 ], [ -72.15054540238458, -39.495078333363992 ], [ -72.150318007888629, -39.494989087724761 ], [ -72.150247707867649, -39.494953497996136 ], [ -72.150206256964424, -39.494936084554496 ], [ -72.150161695027322, -39.494924143071174 ], [ -72.150099845386748, -39.494911852689199 ], [ -72.150049607566942, -39.49490550224435 ], [ -72.149999676402857, -39.494913168218716 ], [ -72.149889516412671, -39.494938170281429 ], [ -72.149838501195561, -39.494954090581686 ], [ -72.149827469813516, -39.494966577098985 ], [ -72.149690829384596, -39.495094207773242 ], [ -72.149526296355418, -39.495200259593773 ], [ -72.149339451340282, -39.495281135444003 ], [ -72.149244864681449, -39.495305832312773 ], [ -72.149199419924528, -39.495322349640979 ], [ -72.149152338200722, -39.495349761291664 ], [ -72.149136636851864, -39.495361033792342 ], [ -72.149102055920864, -39.495390812591829 ], [ -72.149083386308774, -39.495428167379373 ], [ -72.149061109014454, -39.495488498476178 ], [ -72.149052126271471, -39.495522789297056 ], [ -72.14905116302981, -39.495539963307714 ], [ -72.149022275453618, -39.495704080120568 ], [ -72.148955074041794, -39.495861320148499 ], [ -72.148926425051584, -39.495912129429357 ], [ -72.148908297945283, -39.495956429176125 ], [ -72.148902472221039, -39.496002682141992 ], [ -72.148903452630961, -39.496102787542057 ], [ -72.148869252431879, -39.496326549307206 ], [ -72.148868164552241, -39.496329944583991 ], [ -72.148860515522173, -39.496367447686318 ], [ -72.148873945147486, -39.496394850683963 ], [ -72.148936074785709, -39.496577359307928 ], [ -72.148947729186048, -39.496765892865724 ], [ -72.148936149355848, -39.496922697992261 ], [ -72.148933991456985, -39.496922602338124 ], [ -72.148935039229698, -39.496967938599283 ], [ -72.148882269871265, -39.497164276569762 ], [ -72.148774714481263, -39.497346694655114 ], [ -72.148774038056331, -39.49734756873233 ], [ -72.148751565123703, -39.497383786149747 ], [ -72.148756937382174, -39.49742375510926 ], [ -72.148762695418313, -39.497446253891354 ], [ -72.148780444117406, -39.497490620283131 ], [ -72.148809720389423, -39.497531154205696 ], [ -72.148851420718003, -39.497576892733996 ], [ -72.148851123727653, -39.497577055259313 ], [ -72.148917987902877, -39.497646602407102 ], [ -72.149008125430584, -39.497784732682987 ], [ -72.149066396186228, -39.497932782189878 ], [ -72.149084659723044, -39.498046435209503 ], [ -72.149089466367727, -39.498062733396672 ], [ -72.149101245600889, -39.498068961448922 ], [ -72.149193263649053, -39.498099085107512 ], [ -72.149217444292489, -39.498104377172901 ], [ -72.14939902457364, -39.498172151745599 ], [ -72.149515694714196, -39.498237037182037 ], [ -72.149541573944262, -39.498250572237652 ], [ -72.149579058567454, -39.498272034887428 ], [ -72.149644567654079, -39.498305499918878 ], [ -72.149692557396406, -39.498320808574022 ], [ -72.149848235851238, -39.498381411206097 ], [ -72.149990471670606, -39.49845936275139 ], [ -72.149999411464634, -39.498465087135898 ], [ -72.150046996318238, -39.498492022096151 ], [ -72.1500833759454, -39.498509561706207 ], [ -72.150122707195649, -39.498522733932241 ], [ -72.150134988306888, -39.498526032334006 ], [ -72.150322313099679, -39.498591219266686 ], [ -72.150491904905053, -39.498680931443211 ], [ -72.150619576384514, -39.498778003545041 ], [ -72.150620703359806, -39.498777200497791 ], [ -72.150676221656951, -39.498823964855802 ], [ -72.150719244407426, -39.498853464943444 ], [ -72.150776359956268, -39.498858283528001 ], [ -72.150858534316512, -39.498858652547099 ], [ -72.150951136173802, -39.498853311024838 ], [ -72.151048997308109, -39.498841508592051 ], [ -72.151144133212952, -39.498833127262472 ], [ -72.151316721972904, -39.498823480108925 ], [ -72.151497274342447, -39.498824281640729 ], [ -72.151516366089922, -39.498825519358689 ], [ -72.151568550261302, -39.498825220818361 ], [ -72.151619805347863, -39.498817620041869 ], [ -72.151641047413705, -39.498812887879104 ], [ -72.15168880113869, -39.498798576123839 ], [ -72.151732523207414, -39.498777931902964 ], [ -72.151741533133958, -39.498772773033146 ], [ -72.151907668939558, -39.498693433450335 ], [ -72.152088598372302, -39.498636749929709 ], [ -72.152275222102944, -39.498605000909791 ], [ -72.152319775066175, -39.498594871863375 ], [ -72.152470468285898, -39.498550646079032 ], [ -72.152510140949971, -39.498537680756115 ], [ -72.152555801085683, -39.498521188707898 ], [ -72.152677909293558, -39.498483440535416 ], [ -72.152765892279078, -39.498460619133638 ], [ -72.152817845330333, -39.498442524128698 ], [ -72.15286416111924, -39.498416835018247 ], [ -72.152907708964449, -39.498387199467643 ], [ -72.153007614191608, -39.498306953994309 ], [ -72.153011016896301, -39.498309496740532 ], [ -72.15306055018948, -39.498265194648127 ], [ -72.153269718572261, -39.498146237010786 ], [ -72.153507740082034, -39.498066197961784 ], [ -72.153600559135654, -39.498044139297583 ], [ -72.153685216952042, -39.498018234167226 ], [ -72.153863508782365, -39.497950709915628 ], [ -72.153914939901597, -39.497928666283407 ], [ -72.154074541765297, -39.497851840628343 ], [ -72.154158684012856, -39.497802591932796 ], [ -72.154309870082784, -39.497696058578875 ], [ -72.154370669029802, -39.497656081574178 ], [ -72.154496310407694, -39.497579054262694 ], [ -72.154534077589375, -39.497551234663518 ], [ -72.154564743553038, -39.497518590843008 ], [ -72.15460777554793, -39.497462771165125 ], [ -72.154671081523702, -39.497345450953397 ], [ -72.154713490072126, -39.497218651867342 ], [ -72.154760651654243, -39.497072911807258 ], [ -72.154775774481706, -39.497002618775007 ], [ -72.154831202426919, -39.496840252024931 ], [ -72.154856026492979, -39.496787883174242 ], [ -72.154880904957281, -39.496717647922701 ], [ -72.154889877848404, -39.496679715148993 ], [ -72.154890233853692, -39.496645627376758 ], [ -72.154870674346483, -39.496506831851434 ], [ -72.154885768995669, -39.496344715538754 ], [ -72.154938236156127, -39.496187343121896 ], [ -72.154990725702206, -39.496099492877214 ], [ -72.155016890164376, -39.496051758414374 ], [ -72.155032640194435, -39.496013975166669 ], [ -72.155038377439027, -39.495980998553421 ], [ -72.155105738095131, -39.495777422304485 ], [ -72.155232173955639, -39.495591489317036 ], [ -72.155242076308227, -39.495580319873746 ], [ -72.155573421881556, -39.495193506600877 ], [ -72.155579719412586, -39.495185993615522 ], [ -72.155700344235228, -39.495038903717031 ], [ -72.15581519291753, -39.494921361769443 ], [ -72.155901376500168, -39.494846738791836 ], [ -72.155959069639607, -39.494800248277336 ], [ -72.156070929996517, -39.494716341597289 ], [ -72.156091775385804, -39.494699883304342 ], [ -72.156277738603308, -39.494545329956686 ], [ -72.156324133132856, -39.494508904250509 ], [ -72.156519795524062, -39.494363774296275 ], [ -72.156561988657572, -39.494328969911251 ], [ -72.156793613576895, -39.494116337497879 ], [ -72.156862346697835, -39.494058556144445 ], [ -72.157124489736844, -39.493856622036226 ], [ -72.157137361401325, -39.493846386832963 ], [ -72.157407009087123, -39.493625046606816 ], [ -72.157457169367873, -39.49358630829304 ], [ -72.157853252005864, -39.493298515923044 ], [ -72.157893328732882, -39.493266350892895 ], [ -72.15807301900422, -39.493106996134621 ], [ -72.158115870502726, -39.493064009402808 ], [ -72.158337197565359, -39.492811861986446 ], [ -72.158399991044149, -39.492746836597448 ], [ -72.15856098378184, -39.492594918145905 ], [ -72.158675156024529, -39.492501642109822 ], [ -72.158988716672525, -39.492279611783829 ], [ -72.158991379297419, -39.492277732245171 ], [ -72.159201865177565, -39.49212961226899 ], [ -72.159484427909618, -39.49198287787106 ], [ -72.159519247313355, -39.49197005870284 ], [ -72.159648966930945, -39.491929521835011 ], [ -72.15988498681493, -39.491868280721071 ], [ -72.15989575371799, -39.491865532151493 ], [ -72.160108997506455, -39.491811987076979 ], [ -72.160150990902835, -39.491802117412327 ], [ -72.160255200506796, -39.491779280663252 ], [ -72.160399450463586, -39.491730414532313 ], [ -72.160410990811144, -39.491724948255403 ], [ -72.160532386726729, -39.491648167154928 ], [ -72.16084375987819, -39.491389348294355 ], [ -72.160900695685513, -39.491345194624252 ], [ -72.161110022410909, -39.491193743135469 ], [ -72.161210509414488, -39.491128844531758 ], [ -72.161346560327715, -39.491050596790409 ], [ -72.161534655957169, -39.49096247534959 ], [ -72.161583830603334, -39.490944111825627 ], [ -72.161793106441777, -39.490884369003041 ], [ -72.161948209323697, -39.49085279811959 ], [ -72.162202669704911, -39.490823804274029 ], [ -72.162227431097634, -39.490823130184637 ], [ -72.162249518898591, -39.490822202394106 ], [ -72.162566471635643, -39.490804193857088 ], [ -72.162715962329528, -39.490803170647197 ], [ -72.162926976418817, -39.490812259457186 ], [ -72.162948676083403, -39.490812879183032 ], [ -72.163205313401292, -39.49081648909695 ], [ -72.163247413543189, -39.490815898477273 ], [ -72.163376657710586, -39.490810449486986 ], [ -72.163425002749847, -39.490805199502681 ], [ -72.16347150793132, -39.490793696017697 ], [ -72.163652185172666, -39.490735510961414 ], [ -72.163684318938962, -39.490724264694514 ], [ -72.163924807579846, -39.490633190524555 ], [ -72.163970467027767, -39.490613890295251 ], [ -72.164101663916284, -39.490552372135213 ], [ -72.164118330530968, -39.490544255110116 ], [ -72.164167071121653, -39.490519614982809 ], [ -72.164395548127018, -39.490430192966528 ], [ -72.164643748635697, -39.490381697454396 ], [ -72.16489963041407, -39.490376481372081 ], [ -72.165304556444028, -39.490402915376571 ], [ -72.1655633354397, -39.49044311318697 ], [ -72.165770643821773, -39.490494860770099 ], [ -72.165853731843612, -39.490510473314593 ], [ -72.165902235884545, -39.490516699487124 ], [ -72.166138082829676, -39.490567206077955 ], [ -72.166355052730907, -39.490654857311149 ], [ -72.166503349117036, -39.490749992818714 ], [ -72.166525298595559, -39.490761665531849 ], [ -72.166579554166447, -39.490770645286112 ], [ -72.166649626478289, -39.490776789099201 ], [ -72.166703587568591, -39.490777529376771 ], [ -72.16680569796398, -39.490747550638297 ], [ -72.166807560834997, -39.490751359941974 ], [ -72.167056088600262, -39.490689051341896 ], [ -72.167145620037815, -39.490677235743398 ], [ -72.167320735174798, -39.49065408620443 ], [ -72.167367898013254, -39.490646277484529 ], [ -72.167384375463314, -39.490642989579733 ], [ -72.167570731065808, -39.490618114481734 ], [ -72.167759826177203, -39.490616987282635 ], [ -72.167772565142585, -39.490617716648089 ], [ -72.167815813459256, -39.490617673984573 ], [ -72.167901685811628, -39.490607526907766 ], [ -72.167901711031206, -39.490607655039724 ], [ -72.168036051389919, -39.490592053887028 ], [ -72.168216217358193, -39.490592950515186 ], [ -72.168485140980238, -39.490610498862665 ], [ -72.168538070047163, -39.490609994362806 ], [ -72.168567753051505, -39.490576035842572 ], [ -72.168683673934325, -39.490411228369638 ], [ -72.170661309409027, -39.487599454052031 ], [ -72.170667611830581, -39.487590240538665 ], [ -72.17133729902713, -39.486583191078125 ], [ -72.171354384336908, -39.486550091065361 ] ] ], [ [ [ -72.243122065042968, -39.275455424200132 ], [ -72.243122071285029, -39.275455352064455 ], [ -72.243122397884093, -39.275453189948685 ], [ -72.24315379370195, -39.275325646383813 ], [ -72.243175388587488, -39.275262857241039 ], [ -72.243187488807536, -39.275219028062345 ], [ -72.243213918148811, -39.275092972008004 ], [ -72.243214610274549, -39.275089708638198 ], [ -72.243259496265665, -39.274880465848966 ], [ -72.243271681734996, -39.274831920743658 ], [ -72.24338916975708, -39.274423838170868 ], [ -72.243396588307064, -39.274393092444484 ], [ -72.243423091263793, -39.274257372835734 ], [ -72.24342621318749, -39.274242253335565 ], [ -72.243454831193503, -39.27411080914937 ], [ -72.243461997873737, -39.274010493139045 ], [ -72.243456362074966, -39.273933310088374 ], [ -72.243452868859549, -39.273903286413862 ], [ -72.243423296249745, -39.273718390411844 ], [ -72.243404474153365, -39.273647698155514 ], [ -72.243277111364819, -39.273309120020365 ], [ -72.243269045543727, -39.273289376295146 ], [ -72.243085621178921, -39.272873785019577 ], [ -72.243084437942542, -39.272871090227873 ], [ -72.243024097908815, -39.272732952910808 ], [ -72.242983647864335, -39.272661460031529 ], [ -72.242803016350479, -39.2724052664216 ], [ -72.242764467849057, -39.272345415966093 ], [ -72.242212851883721, -39.27140300746791 ], [ -72.242188305273729, -39.271357847487067 ], [ -72.241996964165395, -39.270977240063161 ], [ -72.241943918975849, -39.270840679207588 ], [ -72.241858600631375, -39.270535430013993 ], [ -72.241834213903346, -39.27039743368087 ], [ -72.241833280243711, -39.270385165647447 ], [ -72.241824165305502, -39.270341534447098 ], [ -72.241784483074042, -39.270309872535947 ], [ -72.241587194310981, -39.270181600203223 ], [ -72.241525167152318, -39.270138226884619 ], [ -72.24148284880782, -39.270106418780514 ], [ -72.24148284085642, -39.270106413385768 ], [ -72.24129279732621, -39.269963570979819 ], [ -72.241151436145685, -39.269857318747555 ], [ -72.241141071390132, -39.269849429994579 ], [ -72.240640387927741, -39.269463547550217 ], [ -72.240594939531363, -39.269435112978449 ], [ -72.240531429780674, -39.269421768430639 ], [ -72.240314305436911, -39.269357377568987 ], [ -72.240118084488117, -39.269260596167939 ], [ -72.239950663498007, -39.269135319084363 ], [ -72.23981877990856, -39.268986587921503 ], [ -72.239727740908819, -39.268820388120467 ], [ -72.239717424015694, -39.268794651744351 ], [ -72.239701527396662, -39.268763459913139 ], [ -72.239679803826604, -39.26873446888748 ], [ -72.2396599441566, -39.268712026871917 ], [ -72.239551157822007, -39.268619892186365 ], [ -72.239348771598259, -39.268490524473009 ], [ -72.239281133064992, -39.268443727284804 ], [ -72.239181250360573, -39.268368982128308 ], [ -72.239181246404868, -39.268368979455339 ], [ -72.238574226019622, -39.267914727236338 ], [ -72.238567139942631, -39.267909379021134 ], [ -72.238052092834863, -39.267517314416573 ], [ -72.237008806974004, -39.266726797233865 ], [ -72.235931586588976, -39.26592190049864 ], [ -72.235293625500191, -39.265446443743997 ], [ -72.234386113506076, -39.264772461028372 ], [ -72.234383842699202, -39.264770769952705 ], [ -72.232892331334526, -39.263656989019836 ], [ -72.23288359646628, -39.263650397173237 ], [ -72.231766325849279, -39.262798312674931 ], [ -72.231763167417228, -39.262795894621284 ], [ -72.231158501161048, -39.262331190443092 ], [ -72.231138106791519, -39.262315118649148 ], [ -72.230676253919142, -39.26194190826034 ], [ -72.230664684064919, -39.26193282079339 ], [ -72.230346103173034, -39.26168959920669 ], [ -72.230201241074298, -39.261555041893487 ], [ -72.230092697251678, -39.261401199338039 ], [ -72.23002459299164, -39.261233913131683 ], [ -72.229999513979806, -39.261059535292517 ], [ -72.230018412162053, -39.260884687066209 ], [ -72.230110404824671, -39.260494804438871 ], [ -72.23011757587372, -39.260466903474004 ], [ -72.230175035209868, -39.260260378883508 ], [ -72.230175035308932, -39.260260378422181 ], [ -72.230232062413862, -39.260055405632841 ], [ -72.230232898184624, -39.260052426036012 ], [ -72.230355450650237, -39.259619039354298 ], [ -72.230362914186301, -39.259594313725891 ], [ -72.230495700805207, -39.25918072100783 ], [ -72.230511123156887, -39.259137330932028 ], [ -72.230675267544669, -39.258716762117928 ], [ -72.230704923499204, -39.258650253364969 ], [ -72.230896761499608, -39.258268886794298 ], [ -72.230909872820845, -39.258232202774437 ], [ -72.230861810804939, -39.258239516039083 ], [ -72.230561452475641, -39.258310480169044 ], [ -72.230442376758035, -39.258350452259826 ], [ -72.230396770290838, -39.258370761443842 ], [ -72.230182645236368, -39.25844486697121 ], [ -72.229953713880406, -39.258483941586903 ], [ -72.229719351095582, -39.258486385173292 ], [ -72.229489154193359, -39.258452097676894 ], [ -72.229272549863893, -39.258382483203881 ], [ -72.22907840810791, -39.258280392512894 ], [ -72.228914678978214, -39.258150006261666 ], [ -72.228788067012871, -39.257996663790941 ], [ -72.228703756694259, -39.257826644460735 ], [ -72.22832047166105, -39.256735566397239 ], [ -72.228301794390404, -39.256697839138404 ], [ -72.228254095467307, -39.256713933070579 ], [ -72.221573219784034, -39.259620752994898 ], [ -72.221528458595841, -39.259645201193599 ], [ -72.221542986592013, -39.259686201865115 ], [ -72.221728719732241, -39.260057306003361 ], [ -72.221789365870819, -39.260224889465846 ], [ -72.221807397518759, -39.260398413355375 ], [ -72.221782140373804, -39.260571391695962 ], [ -72.221714538193808, -39.26073735885651 ], [ -72.221607117566165, -39.260890111229159 ], [ -72.221463893505842, -39.261023939119831 ], [ -72.221290219405503, -39.261133840181529 ], [ -72.221288020069025, -39.261134976064518 ], [ -72.221278157937562, -39.261177517080363 ], [ -72.221276205670691, -39.261197049251827 ], [ -72.221276822421913, -39.261236000497881 ], [ -72.221293532600157, -39.261250482836964 ], [ -72.221468031098397, -39.261450183336216 ], [ -72.22152173121053, -39.261533971507234 ], [ -72.221541780222992, -39.261562433449321 ], [ -72.221605579536572, -39.26166896905557 ], [ -72.221630161741004, -39.261718179610085 ], [ -72.221820760770271, -39.262029180665607 ], [ -72.221823442696532, -39.262033497414741 ], [ -72.221953453710867, -39.262239944855018 ], [ -72.222020638467683, -39.262372143475901 ], [ -72.222060225952731, -39.262510913802288 ], [ -72.222063320264198, -39.262528079497031 ], [ -72.222071301186872, -39.262568844379949 ], [ -72.222081866748994, -39.262603713116548 ], [ -72.222084181758149, -39.262608067210529 ], [ -72.222147526172662, -39.262681037638231 ], [ -72.222208784864179, -39.262735881207313 ], [ -72.222260265649638, -39.262785404266864 ], [ -72.222380469519877, -39.262909787712317 ], [ -72.222387025722213, -39.262916441963888 ], [ -72.222474146349171, -39.263003180672492 ], [ -72.222571998650679, -39.263117646200001 ], [ -72.22264630295895, -39.26324235475667 ], [ -72.222659111082436, -39.263269019473299 ], [ -72.222691701765143, -39.263347718845509 ], [ -72.222705333725798, -39.263386686961837 ], [ -72.222719433813182, -39.263417747542405 ], [ -72.222734933330329, -39.263440517460566 ], [ -72.222805673700762, -39.2635152310324 ], [ -72.222805235937841, -39.263515481507419 ], [ -72.222852407276221, -39.263559977548496 ], [ -72.22295644580052, -39.263707140091164 ], [ -72.22302352622043, -39.263866760222925 ], [ -72.223051315463024, -39.264033286938243 ], [ -72.223055104907942, -39.264115940670827 ], [ -72.223061515483721, -39.264155377780568 ], [ -72.223075054621106, -39.264175302329619 ], [ -72.223122269714736, -39.264224632497296 ], [ -72.223120841576872, -39.264225458510403 ], [ -72.223216239020644, -39.264331115620251 ], [ -72.223304177775873, -39.264480419557422 ], [ -72.22335577503236, -39.264639655231974 ], [ -72.223360438784042, -39.264662789463017 ], [ -72.223367358627272, -39.264689220110405 ], [ -72.223410860086219, -39.264791042650643 ], [ -72.223419862381476, -39.264805887376355 ], [ -72.22353623564436, -39.264948298252079 ], [ -72.223531894220358, -39.264950442042753 ], [ -72.223595673535115, -39.265025462826252 ], [ -72.223685266374702, -39.265205401598898 ], [ -72.223723488342145, -39.265396046906666 ], [ -72.223724219401817, -39.265408062335851 ], [ -72.223725484994304, -39.265444358582485 ], [ -72.223726204424736, -39.265524996363958 ], [ -72.223719531327362, -39.265627956112013 ], [ -72.223699300294513, -39.26577352950877 ], [ -72.223699790859001, -39.265899033714092 ], [ -72.22371671073283, -39.266029580739875 ], [ -72.223715651295478, -39.266029663711898 ], [ -72.223733718082471, -39.266111694262726 ], [ -72.223740204515565, -39.266226299291169 ], [ -72.223740866416634, -39.266291185023228 ], [ -72.223734030409631, -39.266480182433725 ], [ -72.223733872105171, -39.266485811987273 ], [ -72.223723967367576, -39.266979247085871 ], [ -72.223722688010838, -39.267009775725427 ], [ -72.223711742093712, -39.267181437217985 ], [ -72.223710386641955, -39.267199159132076 ], [ -72.223705204839604, -39.267257238553974 ], [ -72.223679263683451, -39.267394194205671 ], [ -72.223678859455191, -39.267395578988854 ], [ -72.223670958697326, -39.267426770599279 ], [ -72.223618102391868, -39.26757089029666 ], [ -72.223535228249844, -39.267706199712471 ], [ -72.223424631637911, -39.267828950917441 ], [ -72.223412745507105, -39.267840048596639 ], [ -72.223365567175691, -39.267893707118411 ], [ -72.223323630612001, -39.267938393028338 ], [ -72.223264973733222, -39.267997024563577 ], [ -72.22326161727915, -39.268001075662696 ], [ -72.223219377125275, -39.268057957051965 ], [ -72.223217630794323, -39.268057173473345 ], [ -72.223159957677169, -39.268131268546817 ], [ -72.2231488856563, -39.268143494533255 ], [ -72.223134928171845, -39.26815857381736 ], [ -72.223124116727263, -39.268170003632839 ], [ -72.223092853903609, -39.26821202512015 ], [ -72.22308154216374, -39.268239961068929 ], [ -72.223060015480101, -39.268332954636463 ], [ -72.222984044419007, -39.268488429932603 ], [ -72.222872584166765, -39.268630392768372 ], [ -72.22272943688823, -39.268754000220333 ], [ -72.222647209216817, -39.268802884338491 ], [ -72.222551958843624, -39.268872802823751 ], [ -72.222507595443929, -39.268912007843582 ], [ -72.222450889718786, -39.268973518839736 ], [ -72.222297907295697, -39.2691085915557 ], [ -72.222241639457465, -39.269141754196468 ], [ -72.222185984075864, -39.269182369228908 ], [ -72.222174577683475, -39.269225816500231 ], [ -72.222174404676451, -39.269266814282417 ], [ -72.222206796344125, -39.269293300796129 ], [ -72.222237695187857, -39.269312343104417 ], [ -72.222258282211328, -39.269323898927318 ], [ -72.222341791814557, -39.269375482593375 ], [ -72.222393116311167, -39.269410299358391 ], [ -72.222412919419639, -39.269423140697612 ], [ -72.222494517538976, -39.269473701091535 ], [ -72.222537255477235, -39.269495600963886 ], [ -72.222587186151443, -39.269504369061252 ], [ -72.222678130897961, -39.269513756590669 ], [ -72.222733368507335, -39.269515129182508 ], [ -72.22279812518704, -39.269466460451824 ], [ -72.22298039722601, -39.269354634154851 ], [ -72.223187699117432, -39.269273310856207 ], [ -72.223411701755253, -39.269225758000374 ], [ -72.223643405091664, -39.269213886188986 ], [ -72.223873499706798, -39.269238172422561 ], [ -72.22409274080259, -39.269297640935719 ], [ -72.224198173765458, -39.269335837094246 ], [ -72.224199834486484, -39.26933643998121 ], [ -72.224289633003437, -39.269369106529318 ], [ -72.224362744333277, -39.269398201584174 ], [ -72.224424766555813, -39.269425081985069 ], [ -72.224466196827805, -39.269443922828707 ], [ -72.224534338111042, -39.269476402053101 ], [ -72.224667045916902, -39.269550127799803 ], [ -72.224823098864448, -39.269650444218478 ], [ -72.224840190490852, -39.269661015844044 ], [ -72.224882381103967, -39.269686116617819 ], [ -72.22505762720624, -39.269814959680147 ], [ -72.225194747222687, -39.269969219708514 ], [ -72.225287795675413, -39.270142208352581 ], [ -72.225316259857308, -39.270258882456766 ], [ -72.225346992167758, -39.270350899748642 ], [ -72.225416029520673, -39.270491165801793 ], [ -72.225453730935953, -39.27067581344744 ], [ -72.225441564112046, -39.270862532750023 ], [ -72.225380053156726, -39.271043274472284 ], [ -72.225271849390495, -39.271210247004745 ], [ -72.225121617108272, -39.271356252265804 ], [ -72.225044027532263, -39.271417385332725 ], [ -72.225035525063035, -39.271462568705225 ], [ -72.225033679795914, -39.27149870165433 ], [ -72.225036637744054, -39.271540114342713 ], [ -72.225089867898618, -39.271597307428635 ], [ -72.225112871891412, -39.271622949808688 ], [ -72.225170791219227, -39.271689961951942 ], [ -72.225254619022976, -39.271735519998934 ], [ -72.225310225194789, -39.271760928126405 ], [ -72.225490386079045, -39.271889567890049 ], [ -72.225631776674859, -39.272044745567214 ], [ -72.225728091635403, -39.272219541286439 ], [ -72.22577503558027, -39.272406160286451 ], [ -72.225779649917882, -39.27244713789252 ], [ -72.225800781832604, -39.272482212642821 ], [ -72.225806088825195, -39.272489323976195 ], [ -72.225830040499289, -39.272516566406352 ], [ -72.225868523285882, -39.272548854902382 ], [ -72.225932057422483, -39.272599761050735 ], [ -72.22597012646375, -39.272628155006586 ], [ -72.226015156769549, -39.272643708089056 ], [ -72.226088741420199, -39.272663394943585 ], [ -72.226087643442881, -39.272665874349414 ], [ -72.226244611878926, -39.272708719346703 ], [ -72.226459886702074, -39.272812944465159 ], [ -72.226640823976027, -39.272951083239711 ], [ -72.22666614201222, -39.272975186877431 ], [ -72.226731800378786, -39.273044159398481 ], [ -72.226780371955186, -39.273100623003614 ], [ -72.226826356290502, -39.273147187018751 ], [ -72.226861058788529, -39.273177942588497 ], [ -72.226904215885725, -39.273209046409903 ], [ -72.226913156246681, -39.273213224485708 ], [ -72.22710912950906, -39.273328441800693 ], [ -72.227269431482668, -39.273473193112494 ], [ -72.227386850464711, -39.273640966544221 ], [ -72.227456103799454, -39.273824214476306 ], [ -72.227474075575984, -39.274014693074236 ], [ -72.227439956870171, -39.274203833146899 ], [ -72.227418235772134, -39.274271200210933 ], [ -72.227412700546537, -39.274287703081555 ], [ -72.227396246915504, -39.274334921912846 ], [ -72.227386741302681, -39.274380823465371 ], [ -72.227388778343368, -39.2744123273255 ], [ -72.227397401087629, -39.27443835391567 ], [ -72.227409374827403, -39.27445782541087 ], [ -72.227429037751293, -39.274478078321053 ], [ -72.227459215884153, -39.27449118869486 ], [ -72.227647283536044, -39.274593088560451 ], [ -72.227805853411311, -39.274721777061366 ], [ -72.227928716111506, -39.274872215070637 ], [ -72.228011060351562, -39.275038511764969 ], [ -72.228049661387473, -39.275214155283344 ], [ -72.228043007333198, -39.275392267710018 ], [ -72.227991358414315, -39.275565874398829 ], [ -72.227896736830459, -39.275728177093399 ], [ -72.227762847614912, -39.275872820147598 ], [ -72.227594933583831, -39.275994139419964 ], [ -72.227399570049428, -39.276087384093138 ], [ -72.227184407334036, -39.27614890272897 ], [ -72.226957871168551, -39.276176286270918 ], [ -72.226728832711217, -39.276168462390778 ], [ -72.226506261115091, -39.276125737483923 ], [ -72.226462664735607, -39.276113703996536 ], [ -72.22641448153658, -39.276099458451348 ], [ -72.226366960953428, -39.276084459885432 ], [ -72.226242602938996, -39.276038335711704 ], [ -72.226181098372209, -39.276011925095169 ], [ -72.226137755657447, -39.2759968269308 ], [ -72.226090441510607, -39.275993592833871 ], [ -72.22596483499936, -39.275993171663856 ], [ -72.225911457057791, -39.27599701653677 ], [ -72.225886589757891, -39.276019751767883 ], [ -72.225847709112657, -39.276075452144298 ], [ -72.22579209861243, -39.276185989266821 ], [ -72.225671397107504, -39.276333316259361 ], [ -72.225516371555273, -39.276459760697058 ], [ -72.225332854564286, -39.276560565169881 ], [ -72.225127750812973, -39.276631936945257 ], [ -72.224908777253319, -39.276671190680617 ], [ -72.224684172738421, -39.276676849468153 ], [ -72.224462388003928, -39.276648700407691 ], [ -72.224251767673891, -39.276587802616291 ], [ -72.224060236261934, -39.276496447373098 ], [ -72.223954983288124, -39.276434572879161 ], [ -72.223905427506836, -39.276417459394104 ], [ -72.223854259589558, -39.276409116922828 ], [ -72.223798507086656, -39.276417704317261 ], [ -72.2237405371379, -39.276431456475898 ], [ -72.223739908575823, -39.276429855899408 ], [ -72.223652252234615, -39.276452774673672 ], [ -72.223448378738937, -39.276476139532861 ], [ -72.223242404426287, -39.276471060659887 ], [ -72.223040846512632, -39.276437698763722 ], [ -72.22302328037685, -39.276433492115906 ], [ -72.222964912689463, -39.276425716303905 ], [ -72.222912063574995, -39.276422542089321 ], [ -72.22285936653914, -39.27642698864711 ], [ -72.222826633308912, -39.276432166325037 ], [ -72.222804247306073, -39.276437390588349 ], [ -72.222573852769855, -39.276471877826275 ], [ -72.222339242889731, -39.276469578929337 ], [ -72.222110040308195, -39.27643058820091 ], [ -72.222010386359258, -39.276396153161592 ], [ -72.221942839971462, -39.276377371399107 ], [ -72.221893069711967, -39.27637083647825 ], [ -72.221846327948001, -39.276367951344561 ], [ -72.221671639493096, -39.276344987795241 ], [ -72.22152713171333, -39.276328185495451 ], [ -72.221432575252749, -39.276325159324372 ], [ -72.221347040369352, -39.276327346230019 ], [ -72.221212187452466, -39.276338595676876 ], [ -72.22114031889484, -39.276348182083858 ], [ -72.221060956047452, -39.276362820622026 ], [ -72.2209180088945, -39.276405419653535 ], [ -72.220820562043627, -39.276446722727655 ], [ -72.220778839106941, -39.276468355521274 ], [ -72.220758823137359, -39.276500707119908 ], [ -72.220717203230521, -39.276620725818375 ], [ -72.220641862292794, -39.276777934382189 ], [ -72.220530308355919, -39.276921552464117 ], [ -72.220386413319702, -39.277046595000996 ], [ -72.220215171740662, -39.277148721675736 ], [ -72.220022527474185, -39.277224387584141 ], [ -72.220008255109349, -39.27722874933454 ], [ -72.219926532720962, -39.277290808367702 ], [ -72.219923108923581, -39.277288084853495 ], [ -72.219803555600549, -39.277376605336293 ], [ -72.219580103127399, -39.277479840416419 ], [ -72.2193326602833, -39.27754175545661 ], [ -72.219255010419289, -39.277553928858488 ], [ -72.219202359943736, -39.277571189919229 ], [ -72.219135140417748, -39.277599679193912 ], [ -72.219091021355212, -39.277622745902335 ], [ -72.219053146381768, -39.277651751758036 ], [ -72.218991274773316, -39.277708860991687 ], [ -72.218955037695636, -39.277751453275542 ], [ -72.218932323174442, -39.277799366160416 ], [ -72.218915919090293, -39.277852053794078 ], [ -72.218899870918307, -39.277947241364608 ], [ -72.218896609466086, -39.278056644670443 ], [ -72.218900955963221, -39.278100474407879 ], [ -72.21892621658553, -39.278138437908915 ], [ -72.219004981613949, -39.278288597446455 ], [ -72.219047817795484, -39.278447301523883 ], [ -72.219053335684208, -39.278609403291412 ], [ -72.219021356074563, -39.278769645674728 ], [ -72.219005394132566, -39.278819465797973 ], [ -72.218935848649181, -39.27897454714234 ], [ -72.218831217950921, -39.279117231975675 ], [ -72.218824666086022, -39.279124528080416 ], [ -72.218812805268044, -39.279167007378049 ], [ -72.218767756841061, -39.2794706911316 ], [ -72.218747557839663, -39.279563711417346 ], [ -72.218735670751684, -39.279605103731569 ], [ -72.218728847111137, -39.279655691896053 ], [ -72.218737061265202, -39.279706155071374 ], [ -72.218741647649509, -39.2797206590512 ], [ -72.218765029376371, -39.279816935978076 ], [ -72.218774471001964, -39.279872151460729 ], [ -72.218855367234198, -39.27990435349092 ], [ -72.218976392804905, -39.279959979421903 ], [ -72.21906249675456, -39.280005250082681 ], [ -72.219119352451784, -39.280022893946253 ], [ -72.219162264772322, -39.280032212394936 ], [ -72.219299711150455, -39.280048544284888 ], [ -72.219389706523728, -39.280050711193624 ], [ -72.219458172486725, -39.280045897041767 ], [ -72.219513796965558, -39.280030962642101 ], [ -72.219742373159647, -39.279989159110102 ], [ -72.219977100065861, -39.279984032659691 ], [ -72.2202083362249, -39.280015793874021 ], [ -72.220242956621178, -39.280023427233679 ], [ -72.220253765425213, -39.280025854567512 ], [ -72.220434318638809, -39.280067140500499 ], [ -72.220433533650919, -39.280069214067105 ], [ -72.220485016527221, -39.280079126814989 ], [ -72.220666034994295, -39.280140891779865 ], [ -72.220830907541881, -39.280225675175004 ], [ -72.220852320802919, -39.280238858572105 ], [ -72.220879103459083, -39.280252336428873 ], [ -72.221066378236173, -39.280369704513369 ], [ -72.221218428093408, -39.280514600735465 ], [ -72.221328697174343, -39.280680777914597 ], [ -72.221392430891385, -39.280861071293359 ], [ -72.221393310412324, -39.28086519902417 ], [ -72.221429163356248, -39.280991421233779 ], [ -72.221441193386127, -39.281040103483043 ], [ -72.221468416702237, -39.281169388188083 ], [ -72.221482017102915, -39.281209758698253 ], [ -72.22151189372353, -39.281258597252275 ], [ -72.221568282263462, -39.281333728764245 ], [ -72.22164382436182, -39.281510249182382 ], [ -72.221671081741789, -39.281695066594686 ], [ -72.221648890663801, -39.281880292910678 ], [ -72.22157819788012, -39.282058022526613 ], [ -72.221563080253119, -39.282085558676876 ], [ -72.221560478735654, -39.282124285684233 ], [ -72.221561293343584, -39.282142050304117 ], [ -72.221546900213497, -39.282319154592365 ], [ -72.221546792465375, -39.282319667691972 ], [ -72.22154120513477, -39.282344144327098 ], [ -72.221518904341949, -39.282434562868126 ], [ -72.221541116104987, -39.282473852894661 ], [ -72.221541878775597, -39.282474902712835 ], [ -72.221641089395874, -39.282654685319798 ], [ -72.221688000779082, -39.282846876403667 ], [ -72.221680398521372, -39.28304240556438 ], [ -72.221674913076299, -39.283072867345034 ], [ -72.221668898352135, -39.283120885563008 ], [ -72.221622373463418, -39.283300312527274 ], [ -72.221530122222205, -39.283468721161405 ], [ -72.221493989691837, -39.283519602884006 ], [ -72.221443731651206, -39.283599197463332 ], [ -72.221419504425199, -39.28363826003519 ], [ -72.221385789818697, -39.283706318272927 ], [ -72.221382979997301, -39.283713740404146 ], [ -72.221308986792764, -39.283860381910372 ], [ -72.221203244458579, -39.283994759457038 ], [ -72.221152045898336, -39.284039759510684 ], [ -72.221118992265446, -39.284075489458118 ], [ -72.221115400060398, -39.284123143186278 ], [ -72.221080104955135, -39.284297052344265 ], [ -72.22100193955194, -39.284462299923817 ], [ -72.220883891795495, -39.284612568586731 ], [ -72.220778692121286, -39.284701398827252 ], [ -72.2207430063619, -39.28473665313291 ], [ -72.220730960132073, -39.28476366095974 ], [ -72.220711758867637, -39.28485708229303 ], [ -72.220708755662656, -39.284893496413645 ], [ -72.220658702348047, -39.28505010425971 ], [ -72.220573484122667, -39.285197254649276 ], [ -72.220455837575486, -39.285330221829909 ], [ -72.220430976698253, -39.285353532098569 ], [ -72.220422305691443, -39.285365409727667 ], [ -72.220412145768961, -39.285388960623649 ], [ -72.220405340462065, -39.285435001769059 ], [ -72.220404459250304, -39.285504817840675 ], [ -72.220408368784263, -39.285542748139321 ], [ -72.220405734143299, -39.285708666396857 ], [ -72.220363968227929, -39.285871391892599 ], [ -72.220328319175607, -39.285964518984031 ], [ -72.220320935618133, -39.286044476355741 ], [ -72.22028530003918, -39.286210527181481 ], [ -72.220210514233656, -39.286368521357637 ], [ -72.220155051690426, -39.286458643030045 ], [ -72.220148640645974, -39.286481252126634 ], [ -72.220146297542613, -39.286518721648633 ], [ -72.220152851201732, -39.286661680960655 ], [ -72.220136758433156, -39.286846641058325 ], [ -72.220072266066779, -39.287025120342598 ], [ -72.21996210730822, -39.287189553844442 ], [ -72.219810951054683, -39.287332971888176 ], [ -72.219625204037015, -39.287449295524127 ], [ -72.219412739278923, -39.287533594210743 ], [ -72.219403175738833, -39.28753646774026 ], [ -72.219346133018163, -39.287565473534272 ], [ -72.219268878920943, -39.287613099488375 ], [ -72.219244160632087, -39.287630708931324 ], [ -72.219226608441858, -39.287649097136061 ], [ -72.219210044608801, -39.287676873738846 ], [ -72.219210164115523, -39.287724510791087 ], [ -72.219211364226823, -39.287732883982109 ], [ -72.219222824067074, -39.287775078489545 ], [ -72.219238209454616, -39.287803187068533 ], [ -72.219303021125498, -39.287960142219404 ], [ -72.2193299282645, -39.2881236486554 ], [ -72.219330403640711, -39.288134040779049 ], [ -72.219312034575481, -39.288328849086511 ], [ -72.219240037748648, -39.288515995637191 ], [ -72.219117800708005, -39.288686673887895 ], [ -72.218951075266801, -39.28883285218707 ], [ -72.218945928897767, -39.288836481235634 ], [ -72.218906380661423, -39.28890432897952 ], [ -72.218832738703568, -39.289010958156837 ], [ -72.218805586870104, -39.289044626252966 ], [ -72.218801478987118, -39.289049797229261 ], [ -72.218759678185421, -39.289103219015146 ], [ -72.218735554485747, -39.289132481303504 ], [ -72.21866461228548, -39.289245500036458 ], [ -72.218663543123171, -39.289248054581918 ], [ -72.218596355164934, -39.289374835198068 ], [ -72.218551411172925, -39.289432695678819 ], [ -72.218527145643307, -39.289475576516267 ], [ -72.218391247207563, -39.289655626183887 ], [ -72.218205650714594, -39.289806522841047 ], [ -72.218112325169514, -39.289866601794735 ], [ -72.218050060214409, -39.289913202186717 ], [ -72.217916507515994, -39.290029307872651 ], [ -72.217901915646209, -39.290042497675181 ], [ -72.217692393027306, -39.290239460259599 ], [ -72.217676821803337, -39.290254761358426 ], [ -72.217393323160877, -39.290546098531877 ], [ -72.217360553902566, -39.290578226390856 ], [ -72.217231357849727, -39.290699133867705 ], [ -72.217063381864662, -39.290827254895298 ], [ -72.216865553504007, -39.290926356554117 ], [ -72.216646034976037, -39.290992349965379 ], [ -72.216558352446469, -39.291011016600635 ], [ -72.216462551760699, -39.291049136472544 ], [ -72.21622177820359, -39.291119973683337 ], [ -72.215966818762055, -39.291147751304784 ], [ -72.215958009786334, -39.291147942881217 ], [ -72.215868238347554, -39.291161092013041 ], [ -72.215868084727475, -39.291160458724164 ], [ -72.215757492033319, -39.29117707283509 ], [ -72.215607878916089, -39.291190674815176 ], [ -72.215536256254637, -39.291195441862364 ], [ -72.215494958063744, -39.291197190051037 ], [ -72.215443925522649, -39.291202991474051 ], [ -72.215413247971497, -39.291216283160267 ], [ -72.215275717999504, -39.291264418458653 ], [ -72.215276060895405, -39.291265028973299 ], [ -72.215236746263827, -39.291278362049354 ], [ -72.215107374577343, -39.291334634701485 ], [ -72.215046922738921, -39.291366928586442 ], [ -72.214821042982834, -39.291439289883755 ], [ -72.21458065900984, -39.291473241086038 ], [ -72.214336457335023, -39.291467272871358 ], [ -72.214099294204672, -39.291421650577611 ], [ -72.213879712916707, -39.291338402402886 ], [ -72.213811524321159, -39.291305216800382 ], [ -72.213788294122395, -39.291303220794134 ], [ -72.213667025139515, -39.291282143559236 ], [ -72.213646335509225, -39.291279451384931 ], [ -72.213603900325651, -39.291271172055112 ], [ -72.213540186540115, -39.291260098146019 ], [ -72.213521082230884, -39.291255013755034 ], [ -72.213466521166453, -39.291244368532745 ], [ -72.21329620858792, -39.291187451090387 ], [ -72.213168012693743, -39.29113479675943 ], [ -72.213089724174907, -39.291109299850348 ], [ -72.213090426531721, -39.291107997643664 ], [ -72.212998372325131, -39.291079546284514 ], [ -72.212833729203581, -39.291002002406287 ], [ -72.21276189369506, -39.290961467873345 ], [ -72.212714187635711, -39.290945273677437 ], [ -72.212680361207234, -39.290939353967538 ], [ -72.212633242239747, -39.290937263878789 ], [ -72.212618179944812, -39.290937559175461 ], [ -72.212527345474456, -39.290946222669582 ], [ -72.212428322856141, -39.290952317202795 ], [ -72.212417158803106, -39.290954353362928 ], [ -72.212213040930621, -39.290976940957208 ], [ -72.212104940324849, -39.290973856165223 ], [ -72.212104869000399, -39.290976072378797 ], [ -72.211970102735805, -39.290973453382747 ], [ -72.211915516692144, -39.29097139080713 ], [ -72.211888905624946, -39.290969895807955 ], [ -72.211814568470274, -39.290969438959195 ], [ -72.21174719084911, -39.29097239260949 ], [ -72.211514948585901, -39.290964424580196 ], [ -72.211289426724704, -39.290920594752244 ], [ -72.211283380149638, -39.290918903262124 ], [ -72.211248045900106, -39.290912658070035 ], [ -72.211043928746818, -39.290842477806976 ], [ -72.210998034978957, -39.290822387557789 ], [ -72.21082476171641, -39.290765812670429 ], [ -72.210627871949001, -39.290660086526159 ], [ -72.210528277798119, -39.290578531231162 ], [ -72.210525304153123, -39.290580705880238 ], [ -72.210446953330546, -39.290516012051164 ], [ -72.210353715230283, -39.290464604003702 ], [ -72.210358267401787, -39.290459618597197 ], [ -72.210221523079639, -39.290380556667309 ], [ -72.210183792789834, -39.290352602683825 ], [ -72.210168304109928, -39.290343413749262 ], [ -72.210161725044912, -39.290339720938647 ], [ -72.210110785475123, -39.290316983295881 ], [ -72.210052362236468, -39.290312208823678 ], [ -72.209998400100233, -39.290312182488371 ], [ -72.209857166749799, -39.290305399717667 ], [ -72.209848504330324, -39.290304568791235 ], [ -72.209607276201012, -39.290258987052049 ], [ -72.209530525179659, -39.290251821985734 ], [ -72.209299929730477, -39.290211424218931 ], [ -72.209204781718157, -39.290186600462562 ], [ -72.209179079446528, -39.29018417985354 ], [ -72.209139057636918, -39.290186596470697 ], [ -72.209032704290877, -39.290189210443856 ], [ -72.20885860289556, -39.29018727395929 ], [ -72.208454286389255, -39.290215345890658 ], [ -72.20837740151201, -39.290224767397383 ], [ -72.208109068203953, -39.290272206550576 ], [ -72.207878216538887, -39.290294412299623 ], [ -72.207646308815768, -39.290280341271711 ], [ -72.207422690635013, -39.290230560524847 ], [ -72.206950035624303, -39.290084052538198 ], [ -72.206869139835931, -39.290056149315078 ], [ -72.206258794708802, -39.289823549462724 ], [ -72.206228886143776, -39.289812958363228 ], [ -72.205743628150216, -39.289653879006821 ], [ -72.205697501358458, -39.289640521858146 ], [ -72.20497523492817, -39.289458135348937 ], [ -72.204895151413183, -39.289442718340148 ], [ -72.204326911475079, -39.289366238561982 ], [ -72.20415193449324, -39.289331592221146 ], [ -72.203471311173203, -39.289151909353194 ], [ -72.203184799744605, -39.289039832520032 ], [ -72.202583440851853, -39.288716537383166 ], [ -72.202446875009443, -39.288630516975232 ], [ -72.202328626580524, -39.288529432520662 ], [ -72.202252465272309, -39.288453466049518 ], [ -72.20221289199398, -39.288421253511366 ], [ -72.202165849213273, -39.28839581823275 ], [ -72.202022930533957, -39.288334053916209 ], [ -72.201954699879252, -39.288308945228799 ], [ -72.201795282023667, -39.288259895040035 ], [ -72.201588039825083, -39.28817648502293 ], [ -72.201406511349575, -39.288062493932379 ], [ -72.201258061071869, -39.287922546401944 ], [ -72.20112502230009, -39.287767639957863 ], [ -72.201098382030821, -39.287741171021615 ], [ -72.201066936564118, -39.287718104774221 ], [ -72.200789831322737, -39.287543496029414 ], [ -72.200629843067759, -39.28742088679337 ], [ -72.200543450576362, -39.287340406037082 ], [ -72.200497692469071, -39.287302470124594 ], [ -72.200356793574443, -39.287198421614129 ], [ -72.200321571515445, -39.287176243902472 ], [ -72.20028230032672, -39.287158645724666 ], [ -72.20017718679469, -39.287119777287685 ], [ -72.200127369800626, -39.28710558369584 ], [ -72.200075039400645, -39.287098770877257 ], [ -72.200006686414696, -39.287094871738397 ], [ -72.199906662897021, -39.287085755709697 ], [ -72.199828458195327, -39.287075934508707 ], [ -72.199773631491453, -39.287086321337682 ], [ -72.199574362858684, -39.287140916769481 ], [ -72.199517719911526, -39.287162147971607 ], [ -72.19946844035276, -39.287192508672398 ], [ -72.199369615116396, -39.287268602707798 ], [ -72.199163084654558, -39.287395002683319 ], [ -72.198925204055996, -39.287481970564031 ], [ -72.198690054900297, -39.287543756083565 ], [ -72.198641591011622, -39.287558405265109 ], [ -72.19855011112962, -39.287589800875622 ], [ -72.19850026889425, -39.287611914219575 ], [ -72.198476098749609, -39.287652366885389 ], [ -72.198446268966393, -39.2877196471891 ], [ -72.198350433389095, -39.287881623252133 ], [ -72.198296734694324, -39.28795282449628 ], [ -72.19827091215852, -39.287997946355958 ], [ -72.198246033814598, -39.28809576172754 ], [ -72.198244413579843, -39.288095512874541 ], [ -72.198216855341542, -39.28820957805231 ], [ -72.198127079187358, -39.288379385775677 ], [ -72.197994849772883, -39.288531514881299 ], [ -72.197825663242483, -39.288659641811805 ], [ -72.197818531071235, -39.288664036282867 ], [ -72.197769929841513, -39.288702340498709 ], [ -72.197734683818524, -39.288748637629077 ], [ -72.1975742650272, -39.289033769624993 ], [ -72.197557207677065, -39.289075332289386 ], [ -72.197608482064766, -39.289120245218797 ], [ -72.197631096133208, -39.289135975790877 ], [ -72.197760948123559, -39.28926682750447 ], [ -72.197857843654404, -39.289413914946138 ], [ -72.197918519532109, -39.289572284922251 ], [ -72.197940932220064, -39.289736604261883 ], [ -72.197941444483376, -39.289765630510175 ], [ -72.197915136301816, -39.289969151713926 ], [ -72.197909864220847, -39.28998800803496 ], [ -72.197859136042197, -39.29011989012308 ], [ -72.19783457084462, -39.290169553766177 ], [ -72.197810675385256, -39.290214239222244 ], [ -72.197807045615505, -39.290220543416424 ], [ -72.197718591136876, -39.29034625893226 ], [ -72.197605594961203, -39.29045948022457 ], [ -72.197566648948651, -39.290492672291741 ], [ -72.197556006557789, -39.29050199845851 ], [ -72.197527231726099, -39.290527928900879 ], [ -72.197454681612086, -39.290587579311328 ], [ -72.197374427945775, -39.290647810722476 ], [ -72.197220641957941, -39.290781030533076 ], [ -72.197199741230989, -39.290798658339504 ], [ -72.196980620757259, -39.290978599094061 ], [ -72.196960206652847, -39.290996274552278 ], [ -72.19683690420166, -39.291108874583138 ], [ -72.196702068583946, -39.291213262859515 ], [ -72.196626556195739, -39.291262819522387 ], [ -72.196611016115469, -39.291273392526087 ], [ -72.19636607978299, -39.291446129024315 ], [ -72.196344295272738, -39.291462314847628 ], [ -72.196246099110411, -39.291539172267825 ], [ -72.196105447764722, -39.291632917769839 ], [ -72.195947364189152, -39.291708042990798 ], [ -72.195503959933973, -39.291882559488322 ], [ -72.195461274609812, -39.291903504780961 ], [ -72.19547687360614, -39.291940813623398 ], [ -72.195549131767322, -39.29207051807613 ], [ -72.195549132201691, -39.292070518765534 ], [ -72.195601488809473, -39.292164499212269 ], [ -72.196085365759174, -39.293033053894611 ], [ -72.196085366819091, -39.293033055559981 ], [ -72.196717248229845, -39.294167237034387 ], [ -72.196717248948957, -39.294167238175987 ], [ -72.197212046030785, -39.295055333371735 ], [ -72.197236704091765, -39.295090168455154 ], [ -72.197287766118848, -39.295087641215723 ], [ -72.205376353378114, -39.294086568139271 ], [ -72.205595860948037, -39.294075815777958 ], [ -72.205814029477096, -39.294097483179677 ], [ -72.206023000142252, -39.294150789856573 ], [ -72.206215245402674, -39.294233815613168 ], [ -72.206383840132034, -39.294343569706704 ], [ -72.206522711062007, -39.294476098568332 ], [ -72.206626855554944, -39.294626628206451 ], [ -72.206692521824905, -39.294789736164951 ], [ -72.20671734411404, -39.294959546844098 ], [ -72.206700427950878, -39.295129943149767 ], [ -72.20663781554336, -39.295409954330111 ], [ -72.206633740967987, -39.295450363432131 ], [ -72.206666238159187, -39.295482070175836 ], [ -72.206853152159042, -39.29563293854261 ], [ -72.206899173019266, -39.295672351864802 ], [ -72.207508678655515, -39.296226395013313 ], [ -72.207512471423954, -39.296229807867377 ], [ -72.208373257647693, -39.296996563359585 ], [ -72.208384048437651, -39.297006314951425 ], [ -72.209018750536288, -39.297588241396248 ], [ -72.209025648106206, -39.297594625029916 ], [ -72.209298548661053, -39.297849577531927 ], [ -72.209571202701326, -39.29810429765687 ], [ -72.209588798091943, -39.298119983580598 ], [ -72.210545380769929, -39.298933971557318 ], [ -72.210567110475594, -39.298952994525308 ], [ -72.21117737528013, -39.299502682035879 ], [ -72.211183250207355, -39.299507892157294 ], [ -72.211194694351136, -39.299517885129234 ], [ -72.211194716587329, -39.299517902749677 ], [ -72.211646172957515, -39.299912089584339 ], [ -72.211725046375648, -39.299989039931987 ], [ -72.211927707504145, -39.300210591401274 ], [ -72.211975948029817, -39.300256574353732 ], [ -72.212531150862276, -39.300719720015032 ], [ -72.212554626135571, -39.300739905706749 ], [ -72.213345271642126, -39.301440748316814 ], [ -72.213352420145597, -39.301446967650747 ], [ -72.21341935798938, -39.301504130366531 ], [ -72.213551821394773, -39.301641576824863 ], [ -72.213648296150822, -39.301796060119109 ], [ -72.213705273944981, -39.30196196285555 ], [ -72.213720682622025, -39.302133252358914 ], [ -72.21369396157273, -39.302303700031416 ], [ -72.213626082163145, -39.302467107842723 ], [ -72.213519512454809, -39.302617533714503 ], [ -72.21337812749303, -39.302749507603536 ], [ -72.213207068420232, -39.302858230424029 ], [ -72.213012555534505, -39.302939748573678 ], [ -72.201147712651775, -39.306827479348691 ], [ -72.201103853531222, -39.30684573068222 ], [ -72.20111465139864, -39.306883463278183 ], [ -72.203368960004937, -39.312322997346072 ], [ -72.203390800546302, -39.312361518662051 ], [ -72.203442698831651, -39.312349420072792 ], [ -72.219900763394136, -39.307018571734126 ], [ -72.219924802378003, -39.307010280600331 ], [ -72.220010435860175, -39.306978918928237 ], [ -72.220067105349045, -39.306955085176156 ], [ -72.220341798895788, -39.306823699135613 ], [ -72.220405034679615, -39.30679554394743 ], [ -72.221073987760079, -39.306519028330825 ], [ -72.221080750042645, -39.30651625526751 ], [ -72.221826261222745, -39.306212972292172 ], [ -72.221837316293716, -39.30620853348389 ], [ -72.22261173000895, -39.305901669721933 ], [ -72.222642922167296, -39.305889763972353 ], [ -72.223582276939155, -39.305544699717089 ], [ -72.223609169644263, -39.305535144930062 ], [ -72.224309386540895, -39.305294702939243 ], [ -72.224331371294753, -39.305286722071457 ], [ -72.225079554378439, -39.305000135718096 ], [ -72.225173103189917, -39.304968203464938 ], [ -72.226090756161042, -39.304691778950335 ], [ -72.226120515071614, -39.304682065294124 ], [ -72.226754190770095, -39.304458891883144 ], [ -72.22677984148666, -39.304450146636576 ], [ -72.22757449816315, -39.304188066943368 ], [ -72.227665193571482, -39.304161573385478 ], [ -72.22823229665191, -39.304016624793356 ], [ -72.228260989972, -39.304008635109454 ], [ -72.22865196873019, -39.30389066055934 ], [ -72.228676462203282, -39.303882764029041 ], [ -72.229181293139035, -39.30370938398729 ], [ -72.229281685125272, -39.30367915300743 ], [ -72.229866886873936, -39.303526816021943 ], [ -72.229885552597878, -39.303521679755058 ], [ -72.230667422537422, -39.303294774134912 ], [ -72.230720306073252, -39.303280547216197 ], [ -72.231435372646231, -39.303103075480905 ], [ -72.232180028304981, -39.302913157971581 ], [ -72.2322096747871, -39.302905937317568 ], [ -72.232853769748189, -39.302756396591093 ], [ -72.232865150916453, -39.302753654824301 ], [ -72.233607077024743, -39.302568401671522 ], [ -72.233658965490747, -39.302556476157115 ], [ -72.234020165476849, -39.30248053825936 ], [ -72.234029364056354, -39.302478541001037 ], [ -72.234782195376042, -39.302309869414472 ], [ -72.234797692264721, -39.302306487665675 ], [ -72.235381017519899, -39.302182580950685 ], [ -72.235438673971288, -39.302171558763689 ], [ -72.235777377104242, -39.302113914677314 ], [ -72.2358443640004, -39.30209918491645 ], [ -72.236131879784509, -39.302021177997922 ], [ -72.236256510628152, -39.30199333433572 ], [ -72.236517160970891, -39.301947193075556 ], [ -72.236637102767162, -39.30193105421008 ], [ -72.236850750846926, -39.301911216068717 ], [ -72.236903734469664, -39.301902195364711 ], [ -72.236933413225643, -39.30187862497764 ], [ -72.236954015374963, -39.301854733019859 ], [ -72.236974232518108, -39.301819133836723 ], [ -72.237012103216728, -39.301732716796273 ], [ -72.237031991935311, -39.301675030530596 ], [ -72.237052627233624, -39.301593977356205 ], [ -72.237057897562067, -39.301569846977131 ], [ -72.237071820344553, -39.301493584458569 ], [ -72.237075419130292, -39.301469048695267 ], [ -72.237081998566694, -39.301409779938297 ], [ -72.237121363662396, -39.301260136389978 ], [ -72.23711968827709, -39.301259856720314 ], [ -72.237158122724495, -39.301120869084052 ], [ -72.237167943867931, -39.301049214000308 ], [ -72.237170094156596, -39.301001690775266 ], [ -72.23720045508226, -39.300826203218698 ], [ -72.237218976716818, -39.300765318736417 ], [ -72.237227793718887, -39.300730126979403 ], [ -72.237238572547497, -39.30067560599376 ], [ -72.237239791994739, -39.300669123920549 ], [ -72.237270012150887, -39.300499891300603 ], [ -72.237284550832513, -39.3004356599101 ], [ -72.2373234572717, -39.300294047068206 ], [ -72.237372565984032, -39.300115301477405 ], [ -72.23738139045274, -39.300073748381145 ], [ -72.237457129201402, -39.299572383865957 ], [ -72.237498326358406, -39.299418033088187 ], [ -72.237549206819281, -39.29931898822656 ], [ -72.237569929194876, -39.299248896074573 ], [ -72.237620247422626, -39.298877861275642 ], [ -72.237631208610026, -39.29881702888553 ], [ -72.237971894284385, -39.297304085164349 ], [ -72.238452394947672, -39.295165445657418 ], [ -72.238562966760711, -39.29465298682981 ], [ -72.238564316082332, -39.294646862813963 ], [ -72.238663174527204, -39.294207304411266 ], [ -72.238667993934399, -39.294187221678349 ], [ -72.238761787394466, -39.293819570449045 ], [ -72.238768734550334, -39.293785565987065 ], [ -72.238787528596831, -39.293663607759854 ], [ -72.238811517737673, -39.293559844430554 ], [ -72.23882943927687, -39.293502018256504 ], [ -72.23883948495569, -39.293461538925513 ], [ -72.238908402343711, -39.293093973628366 ], [ -72.238918201072622, -39.293049540027809 ], [ -72.238993031751207, -39.292754743034287 ], [ -72.238994325372516, -39.292749482127526 ], [ -72.239106979012845, -39.292276079583445 ], [ -72.239111931624379, -39.292256484890828 ], [ -72.239154075617918, -39.292098999225438 ], [ -72.239156039260479, -39.292091327630196 ], [ -72.239170674670049, -39.292031435012554 ], [ -72.23917174780135, -39.292026917808485 ], [ -72.239268953455024, -39.291605715462914 ], [ -72.23927245651069, -39.291567337107409 ], [ -72.239305056202511, -39.291409858020657 ], [ -72.239360139105472, -39.29124094391301 ], [ -72.239372028703571, -39.291194221033635 ], [ -72.23949688057526, -39.290516877661332 ], [ -72.239520965974435, -39.290422478795897 ], [ -72.239574719961709, -39.290258336592181 ], [ -72.239587426929731, -39.29020740393883 ], [ -72.239648734179355, -39.289853465569351 ], [ -72.2396914837, -39.289704110001701 ], [ -72.239710469149742, -39.289668114693789 ], [ -72.239740492605677, -39.289577976458574 ], [ -72.2398134600909, -39.289183853776265 ], [ -72.239822410417744, -39.289142399169179 ], [ -72.239874837341262, -39.288930072810849 ], [ -72.239876098436937, -39.288925042804166 ], [ -72.240017501339167, -39.28836946512336 ], [ -72.240018976813403, -39.288363453489175 ], [ -72.240053166633771, -39.288218816150334 ], [ -72.240053166776121, -39.288218815314096 ], [ -72.240145289644303, -39.287829091526682 ], [ -72.240147948552448, -39.287818219411946 ], [ -72.240201140691354, -39.287607777713454 ], [ -72.240226456236286, -39.28752736576476 ], [ -72.240242332834484, -39.287485397029904 ], [ -72.240258209544336, -39.287431289303804 ], [ -72.240367674262629, -39.286912295410318 ], [ -72.24041065513822, -39.286791065020239 ], [ -72.240408358013795, -39.286790573625503 ], [ -72.24044089520514, -39.286698719034753 ], [ -72.240447334983287, -39.286608471058173 ], [ -72.24048313360764, -39.286445580742516 ], [ -72.240481702405205, -39.286445358707709 ], [ -72.24059766014949, -39.285993967166675 ], [ -72.240604609542942, -39.285960327829251 ], [ -72.24062890476489, -39.285805473401332 ], [ -72.240672841003772, -39.285646592479921 ], [ -72.240707921261745, -39.285559095698488 ], [ -72.240784935635148, -39.28519186974895 ], [ -72.24080297355583, -39.285122939337541 ], [ -72.240875689074954, -39.28489171442957 ], [ -72.240886506611389, -39.284848068835593 ], [ -72.240986369562393, -39.284300802996199 ], [ -72.240993691569528, -39.284265682803444 ], [ -72.241103950695631, -39.283795813835027 ], [ -72.24112154559171, -39.283733449133791 ], [ -72.24118106434284, -39.283553277049897 ], [ -72.241188599724538, -39.283527298268275 ], [ -72.241275552544536, -39.283179914582504 ], [ -72.241281599774055, -39.283150641707195 ], [ -72.241330839661615, -39.282849140514948 ], [ -72.241370250572288, -39.282704376949276 ], [ -72.241388568287576, -39.282667999130553 ], [ -72.241420926520917, -39.282581098033035 ], [ -72.241525536723302, -39.282169250870709 ], [ -72.241525537242026, -39.28216925095029 ], [ -72.24152554222276, -39.282169224618244 ], [ -72.241531184367275, -39.282147013783849 ], [ -72.241542563880458, -39.282102294808077 ], [ -72.241545589697495, -39.282089424117743 ], [ -72.241629961737786, -39.281698486982876 ], [ -72.241655794265398, -39.281607769479791 ], [ -72.241714942127288, -39.281441292140443 ], [ -72.241803169630927, -39.280958724245778 ], [ -72.2418082617382, -39.280933454578424 ], [ -72.241960436707274, -39.280242611786221 ], [ -72.241968215510894, -39.280210756736544 ], [ -72.242200377586585, -39.279345371154754 ], [ -72.242204617582587, -39.279327833646065 ], [ -72.242311682038078, -39.278830916672341 ], [ -72.242322443123683, -39.278787533898758 ], [ -72.242429856175107, -39.278405215623891 ], [ -72.242438052658144, -39.278368999288297 ], [ -72.242510733987089, -39.277947582362266 ], [ -72.242535932777997, -39.277846111459297 ], [ -72.242649534644528, -39.277497535570667 ], [ -72.242661621837456, -39.277449683462706 ], [ -72.242698229965242, -39.277247242678271 ], [ -72.242698230504544, -39.277247238114136 ], [ -72.24272841286276, -39.277080326177234 ], [ -72.242741135965247, -39.277023320837365 ], [ -72.242839818542507, -39.276652373767213 ], [ -72.242842758195252, -39.276640524870565 ], [ -72.242956229368474, -39.276147715296965 ], [ -72.242956458779588, -39.276146722156938 ], [ -72.243047153778377, -39.275755354186884 ], [ -72.243058714341601, -39.27571169214896 ], [ -72.243101413245839, -39.275568478514209 ], [ -72.243112412127346, -39.275519341217887 ], [ -72.243122060684698, -39.27545542380269 ], [ -72.243122065042968, -39.275455424200132 ] ] ] ] } },
{ "type": "Feature", "properties": { "id": 2, "capa_kml": "Limite_50m_IPT_09_PRC_Victoria", "nombre_busq": "Limite_50m_IPT_09_PRC_Victoria", "fid_origen": 1, "crs_origen": "EPSG:4326" }, "geometry": { "type": "MultiPolygon", "coordinates": [ [ [ [ -72.354822478897162, -38.238032190097684 ], [ -72.35481462084762, -38.238012670051404 ], [ -72.352783107397428, -38.234328017173745 ], [ -72.352781158378448, -38.234324561613619 ], [ -72.351696466419256, -38.232444067185057 ], [ -72.350126531406588, -38.229722119440552 ], [ -72.350126531326609, -38.229722119318801 ], [ -72.350051111170956, -38.22959135085447 ], [ -72.347792190453305, -38.225674401232688 ], [ -72.347790976067671, -38.225672323453352 ], [ -72.344429851946543, -38.219997077242404 ], [ -72.34441724959396, -38.219980234303677 ], [ -72.344395510534497, -38.219989636573551 ], [ -72.34288181832369, -38.220802520560795 ], [ -72.342881817605132, -38.220802520988777 ], [ -72.339714906357145, -38.222503098390732 ], [ -72.339714905298237, -38.222503099020173 ], [ -72.337166740845944, -38.223871303718809 ], [ -72.337166740280296, -38.223871304056502 ], [ -72.336452074937824, -38.224255015936905 ], [ -72.336353504709663, -38.224297404804283 ], [ -72.336246324313478, -38.224323755918896 ], [ -72.336134679088701, -38.224333050118965 ], [ -72.332787888307394, -38.224350557640413 ], [ -72.332674393727046, -38.224342171271296 ], [ -72.332565274221096, -38.224316163187858 ], [ -72.332464880920426, -38.224273570464703 ], [ -72.332377216980305, -38.224216091485538 ], [ -72.332305777950552, -38.224146018216842 ], [ -72.332253412391211, -38.224066144812177 ], [ -72.332222208291554, -38.223979656192448 ], [ -72.332213409820994, -38.223890001045461 ], [ -72.332246179262185, -38.222753701386267 ], [ -72.332244217933535, -38.222733413237705 ], [ -72.332218583187782, -38.222731167219244 ], [ -72.324034152305416, -38.222655021299431 ], [ -72.324015374835724, -38.222654602093392 ], [ -72.319326121110109, -38.222488867990961 ], [ -72.319302616884485, -38.222489817378843 ], [ -72.31931176998765, -38.222506922071339 ], [ -72.322880822753078, -38.227717098360863 ], [ -72.322908967454339, -38.227764602747129 ], [ -72.323147657997993, -38.228237464595352 ], [ -72.323177279152006, -38.228316562239733 ], [ -72.32318811559594, -38.228398594709724 ], [ -72.323179803769747, -38.228480810317222 ], [ -72.323152622422, -38.228560451221831 ], [ -72.323121465852907, -38.228626811626604 ], [ -72.323121465834305, -38.228626811621183 ], [ -72.323121465682405, -38.228626811989763 ], [ -72.32304322398312, -38.228793458005931 ], [ -72.323027327917259, -38.228823857639156 ], [ -72.322592271086194, -38.229576632180134 ], [ -72.322584099440775, -38.229592310130563 ], [ -72.322101854531482, -38.230626656261329 ], [ -72.322094949078064, -38.230647523388015 ], [ -72.322093277569607, -38.230669049374704 ], [ -72.322113964045599, -38.231123298297703 ], [ -72.322138411376784, -38.231660117273989 ], [ -72.322138740449091, -38.231681541577267 ], [ -72.32213150296451, -38.232170408785933 ], [ -72.322131483679215, -38.232172787647684 ], [ -72.322130597136237, -38.23280167193402 ], [ -72.322132615634573, -38.23282864010897 ], [ -72.322214140508549, -38.23336622826492 ], [ -72.322217813514939, -38.233403545399945 ], [ -72.322229591612682, -38.233662142968399 ], [ -72.322223720327074, -38.233744704286501 ], [ -72.322198808536101, -38.233825026880645 ], [ -72.322155696176935, -38.233900402364263 ], [ -72.32202099174846, -38.234087813248742 ], [ -72.322010420811111, -38.234106294800604 ], [ -72.322008981160508, -38.234126538282432 ], [ -72.322033129637745, -38.234656754611187 ], [ -72.322032642176936, -38.234697564139339 ], [ -72.322010512996812, -38.235016043492841 ], [ -72.322010512996101, -38.235016043569324 ], [ -72.321942881930156, -38.235989356266856 ], [ -72.321942710260473, -38.235992142584813 ], [ -72.321877440657914, -38.237206625952837 ], [ -72.321877250862343, -38.237209879339744 ], [ -72.321825706046994, -38.238028906816737 ], [ -72.321822521928013, -38.238059032949273 ], [ -72.321746923993047, -38.23856745263587 ], [ -72.321719179860366, -38.238662804713805 ], [ -72.321665981328181, -38.238751181014266 ], [ -72.321605077903357, -38.238829160663997 ], [ -72.321529005802873, -38.238906332900044 ], [ -72.321433611565752, -38.238968739995983 ], [ -72.321323390145039, -38.239013441320921 ], [ -72.320465604612437, -38.239272889120279 ], [ -72.320455188738336, -38.239276226490411 ], [ -72.318089543776708, -38.2400773329896 ], [ -72.318069350819087, -38.240084923362858 ], [ -72.316456032874854, -38.240753748817411 ], [ -72.316444186094444, -38.240758521869679 ], [ -72.314904437677967, -38.241361134769768 ], [ -72.31488340730553, -38.241371336751385 ], [ -72.314880668135473, -38.241390689101621 ], [ -72.314783268843172, -38.245164135176353 ], [ -72.314785270083533, -38.245183736987165 ], [ -72.314808923537598, -38.245177511762918 ], [ -72.317927708354375, -38.244070806889006 ], [ -72.318030710902661, -38.244043215457893 ], [ -72.318138479060991, -38.24403152986654 ], [ -72.318247101559564, -38.244036174226991 ], [ -72.318352636122128, -38.244056979982474 ], [ -72.318451252536804, -38.244093192023911 ], [ -72.318539371660947, -38.244143496093848 ], [ -72.318613795316338, -38.244206066482739 ], [ -72.318671822361239, -38.244278632287291 ], [ -72.319966722958014, -38.246302773082583 ], [ -72.319966724313574, -38.246302774973216 ], [ -72.320277370281744, -38.246788341905813 ], [ -72.320290953450012, -38.246805326710891 ], [ -72.320316178804234, -38.246802589187546 ], [ -72.331226540838685, -38.244767821000927 ], [ -72.3313430685985, -38.244755880914582 ], [ -72.331460228103253, -38.24476300461464 ], [ -72.331573057942251, -38.244788890433547 ], [ -72.331676780043892, -38.244832442174044 ], [ -72.332698239948002, -38.245374517234701 ], [ -72.332721375484994, -38.245384278638966 ], [ -72.332737198170335, -38.245367771883643 ], [ -72.333407059604355, -38.244498814025476 ], [ -72.333474966867428, -38.244427670276799 ], [ -72.333559297317819, -38.244368455458222 ], [ -72.333656753498559, -38.244323484943251 ], [ -72.333763524743048, -38.244294517132779 ], [ -72.341119623394277, -38.242921809610564 ], [ -72.343290546847399, -38.242516600605583 ], [ -72.343343551290985, -38.2425022373234 ], [ -72.343726990531877, -38.242363725671275 ], [ -72.343740984480092, -38.24235733411318 ], [ -72.343750258255824, -38.242353068648086 ], [ -72.343764886157985, -38.242342947515446 ], [ -72.344543771635784, -38.241659198377619 ], [ -72.344580923442621, -38.241618052867153 ], [ -72.345713597310976, -38.240005627427976 ], [ -72.346049604115535, -38.239527287468704 ], [ -72.346092831088598, -38.239474738647516 ], [ -72.346856261348961, -38.238674619496166 ], [ -72.346943285210983, -38.238601880696166 ], [ -72.347048517807011, -38.238546084090395 ], [ -72.347445413933755, -38.238382874752851 ], [ -72.347560417790646, -38.238347455809595 ], [ -72.347682386508325, -38.238332362871489 ], [ -72.347899198520821, -38.238324268283485 ], [ -72.347899198522114, -38.238324268304893 ], [ -72.347899198900564, -38.238324268269317 ], [ -72.350247720543649, -38.238236562536187 ], [ -72.350296579581965, -38.238236388059136 ], [ -72.352275625872934, -38.238296138549948 ], [ -72.352323801871094, -38.238294371555185 ], [ -72.353508180858398, -38.238171108045606 ], [ -72.354797219662103, -38.238036938543658 ], [ -72.354822478897162, -38.238032190097684 ] ] ] ] } },
{ "type": "Feature", "properties": { "id": 3, "capa_kml": "Limite_50m_IPT_09_PRC_Traiguen", "nombre_busq": "Limite_50m_IPT_09_PRC_Traiguen", "fid_origen": 1, "crs_origen": "EPSG:4326" }, "geometry": { "type": "MultiPolygon", "coordinates": [ [ [ [ -72.690529824073366, -38.2411742874936 ], [ -72.690516540074427, -38.241157235011976 ], [ -72.690252523422885, -38.240882020570204 ], [ -72.690193649134713, -38.240820648521186 ], [ -72.690193647747691, -38.24082064720497 ], [ -72.689881901301646, -38.240495674961942 ], [ -72.689865317893506, -38.240481301858949 ], [ -72.689840744301591, -38.240482727952774 ], [ -72.689558158029911, -38.240519620160988 ], [ -72.689395821939584, -38.240522359693045 ], [ -72.689093530754633, -38.240493308254791 ], [ -72.689011391428409, -38.240480538479282 ], [ -72.688757845131661, -38.240425627786045 ], [ -72.688632217235508, -38.240385240917519 ], [ -72.688332539034377, -38.240254237852248 ], [ -72.688265372416453, -38.240219809911615 ], [ -72.688089394538693, -38.240115063053679 ], [ -72.688008328922606, -38.24005632697753 ], [ -72.68773083127455, -38.23981237064438 ], [ -72.687694006360715, -38.239776449239471 ], [ -72.687047627356236, -38.239075209166202 ], [ -72.687037473797417, -38.239064841808094 ], [ -72.686732622026909, -38.238771615158022 ], [ -72.686718603644721, -38.238759107460346 ], [ -72.686354213753276, -38.238457314419847 ], [ -72.686303058631296, -38.238423828212966 ], [ -72.685967119657207, -38.238251871758841 ], [ -72.68594394123275, -38.238241194382532 ], [ -72.685549900705425, -38.238078773533466 ], [ -72.685477253607672, -38.238058161054298 ], [ -72.684948507903499, -38.237969674743994 ], [ -72.684895644979576, -38.237964835384716 ], [ -72.684504628179866, -38.237958042733254 ], [ -72.68448298142124, -38.237958974794502 ], [ -72.684461768193046, -38.237962500054763 ], [ -72.684095862543927, -38.238046807816751 ], [ -72.684047064489079, -38.238062021324687 ], [ -72.683551581544961, -38.238259864153953 ], [ -72.683539444573384, -38.238265004145809 ], [ -72.683371805438412, -38.238340163852136 ], [ -72.683315865255011, -38.23837299830371 ], [ -72.6829764222649, -38.238628811758105 ], [ -72.682932274009588, -38.238671415262388 ], [ -72.682587746679928, -38.23910265569063 ], [ -72.682561698281305, -38.239144245649555 ], [ -72.682358167921521, -38.239576786174773 ], [ -72.682349213281384, -38.239599400586208 ], [ -72.682158159962796, -38.240189417216996 ], [ -72.682153493993752, -38.240206597705608 ], [ -72.682113642695327, -38.240387554999039 ], [ -72.682073243053409, -38.240492698601045 ], [ -72.682000951343269, -38.240621577139535 ], [ -72.681920938487536, -38.240724324945866 ], [ -72.681661837965109, -38.240974435938917 ], [ -72.681592094251982, -38.24103086402625 ], [ -72.681207934501799, -38.24129158272715 ], [ -72.681092853134757, -38.241352232708998 ], [ -72.679539098171276, -38.241970992152432 ], [ -72.679536415195017, -38.241972053610461 ], [ -72.677919098595737, -38.242607700697185 ], [ -72.677774442508465, -38.242646538353682 ], [ -72.677318275110181, -38.242717194907343 ], [ -72.677209201400359, -38.242725636921037 ], [ -72.676936610938569, -38.242726006657307 ], [ -72.676825230690582, -38.242717511556506 ], [ -72.676284365829417, -38.242633465314633 ], [ -72.67619547840755, -38.242613647848984 ], [ -72.675531930273081, -38.242418776372411 ], [ -72.675459134509111, -38.242392686470481 ], [ -72.674321235696723, -38.241906366724713 ], [ -72.674314062768175, -38.241903404062498 ], [ -72.673936693142053, -38.241752875025973 ], [ -72.673901991950444, -38.241741236017091 ], [ -72.673605312382278, -38.241659530033679 ], [ -72.67357852380708, -38.241653294249026 ], [ -72.673376970382989, -38.241614723222668 ], [ -72.673276055162802, -38.241587316922285 ], [ -72.673183368533032, -38.241545579681514 ], [ -72.673102147950814, -38.241490969352505 ], [ -72.673035230354841, -38.24142539343044 ], [ -72.672984953073552, -38.241351142423483 ], [ -72.672953072187752, -38.241270809844785 ], [ -72.672940701198442, -38.24118720162145 ], [ -72.672918422403555, -38.240409434322039 ], [ -72.672915319518609, -38.240389306232807 ], [ -72.672889677543424, -38.240387843360807 ], [ -72.670835712768692, -38.240430261447521 ], [ -72.669068925654997, -38.240479936307068 ], [ -72.669058556677072, -38.240480153419178 ], [ -72.667644593058441, -38.240499618466011 ], [ -72.66702813800147, -38.240511739461255 ], [ -72.667028137256693, -38.240511739507099 ], [ -72.666137177884593, -38.240529271426659 ], [ -72.6661294416255, -38.240529382273181 ], [ -72.665116976438711, -38.240538473796171 ], [ -72.665116975701551, -38.240538473832281 ], [ -72.663822213614509, -38.24055008883429 ], [ -72.66371045341748, -38.240542399566436 ], [ -72.663602755748911, -38.240517626839861 ], [ -72.663503276844907, -38.240476726679894 ], [ -72.662664819300943, -38.240044485593344 ], [ -72.662654432899259, -38.240039378342679 ], [ -72.661868549391556, -38.239671146993381 ], [ -72.661842512363577, -38.239661628126591 ], [ -72.661814569982425, -38.239656467490093 ], [ -72.660951047698717, -38.239568802717045 ], [ -72.660936089968018, -38.239567125226834 ], [ -72.659732149221242, -38.239419258371115 ], [ -72.659687242906188, -38.239412278696861 ], [ -72.659122448160375, -38.239305785145667 ], [ -72.659102237752549, -38.239301664973326 ], [ -72.658540186532051, -38.239178395588354 ], [ -72.658475659706923, -38.239170380506344 ], [ -72.658116343839595, -38.23915870136608 ], [ -72.658034817027925, -38.239165387289084 ], [ -72.65762313809941, -38.23924774248902 ], [ -72.657618906477467, -38.239248575452642 ], [ -72.657477857283112, -38.239275888999892 ], [ -72.657373841113511, -38.239288165570265 ], [ -72.657268734464964, -38.23928518886369 ], [ -72.657166102635742, -38.239267059854413 ], [ -72.657069426970878, -38.23923439349393 ], [ -72.656981986766624, -38.239188297849985 ], [ -72.65685749910628, -38.239108669628976 ], [ -72.656849790413247, -38.239103649921866 ], [ -72.656538554353645, -38.238897340265929 ], [ -72.656518606764891, -38.23888644822128 ], [ -72.656503308320836, -38.238901299768628 ], [ -72.655895362804543, -38.239619129095438 ], [ -72.655895362725275, -38.23961912920042 ], [ -72.655569526718793, -38.240003851632672 ], [ -72.65555699326049, -38.2400221926912 ], [ -72.655554836685255, -38.240036791224121 ], [ -72.6556060010344, -38.242452445458291 ], [ -72.655597140568148, -38.242539349712537 ], [ -72.655567215809143, -38.242623279417231 ], [ -72.655517348012879, -38.242701089603692 ], [ -72.655449405745941, -38.242769864601549 ], [ -72.655365934874837, -38.242827027296265 ], [ -72.654822791349332, -38.243131606835824 ], [ -72.654798810280425, -38.243146646469803 ], [ -72.653978832984777, -38.243720176034586 ], [ -72.653948104554757, -38.243745288465412 ], [ -72.65349351512215, -38.244179740313278 ], [ -72.653461199543372, -38.24421802135307 ], [ -72.653293137048422, -38.244469647101944 ], [ -72.653281922466377, -38.244492047310047 ], [ -72.653277102420262, -38.244515828413647 ], [ -72.653254847519804, -38.244868427989402 ], [ -72.653257225604349, -38.244910631599744 ], [ -72.653312421854125, -38.245222791637822 ], [ -72.65332549841709, -38.245265557911118 ], [ -72.653639633803166, -38.245977904689106 ], [ -72.653654258498648, -38.246005146291708 ], [ -72.654131891716943, -38.246753527924739 ], [ -72.65415817949993, -38.246787034753233 ], [ -72.65433353225788, -38.246972059994491 ], [ -72.65437796132052, -38.247009230770068 ], [ -72.654557012336781, -38.247128381199438 ], [ -72.654575417301658, -38.247138763552499 ], [ -72.654595684052765, -38.247146701864374 ], [ -72.654830134738006, -38.247220768458135 ], [ -72.654900579708851, -38.247235116351966 ], [ -72.655856311740436, -38.247329417279317 ], [ -72.655886047098747, -38.247331113402296 ], [ -72.656444452073941, -38.247339896000035 ], [ -72.656472132779015, -38.247338175423685 ], [ -72.656498849609747, -38.247332211502311 ], [ -72.65721199403562, -38.247111197527119 ], [ -72.657224470041129, -38.247107059157386 ], [ -72.657513269531734, -38.247004843052672 ], [ -72.657619037770075, -38.246976828533725 ], [ -72.657729694360768, -38.246965565699384 ], [ -72.657841016072211, -38.246971484400518 ], [ -72.65794875428854, -38.246994358751145 ], [ -72.658048797150201, -38.247033315748624 ], [ -72.65813732647689, -38.247086868589975 ], [ -72.658142272429529, -38.247090518059196 ], [ -72.658203608722999, -38.247143620327392 ], [ -72.658253460246485, -38.247203736975862 ], [ -72.658371792296165, -38.247374829018753 ], [ -72.658402380128805, -38.247426623252672 ], [ -72.658615571066719, -38.247857039810626 ], [ -72.658618724021366, -38.247863140488761 ], [ -72.658920110552259, -38.248422727995802 ], [ -72.658932706294536, -38.248443177226001 ], [ -72.659058221880287, -38.248623202489384 ], [ -72.659077454502949, -38.248647093434791 ], [ -72.659184187428266, -38.248762879875947 ], [ -72.659202099817335, -38.248778840801791 ], [ -72.659223541879442, -38.248791816424443 ], [ -72.659491406169082, -38.248923848051632 ], [ -72.659561670739691, -38.248948771266335 ], [ -72.65995323763984, -38.24903982069246 ], [ -72.660000116890942, -38.249047418208235 ], [ -72.660389531999414, -38.249084024716247 ], [ -72.660416164005142, -38.249087031405871 ], [ -72.660699004990647, -38.24912434370755 ], [ -72.660808243896938, -38.249147722202238 ], [ -72.660909491199504, -38.24918762997109 ], [ -72.660998770268151, -38.249242499589045 ], [ -72.66107257451803, -38.24931017598108 ], [ -72.6611280051346, -38.249388001061803 ], [ -72.661162884932395, -38.249472918132035 ], [ -72.661474698028385, -38.250604367130116 ], [ -72.661480923689666, -38.250620777067041 ], [ -72.661490255956082, -38.250636244148765 ], [ -72.661697522189343, -38.250921177245523 ], [ -72.661704911180635, -38.250931655715021 ], [ -72.661864207910767, -38.251164810017031 ], [ -72.661895779822515, -38.251219461365075 ], [ -72.66194998436923, -38.251332764659345 ], [ -72.661974528768269, -38.251399078504967 ], [ -72.661985924229768, -38.251467572213535 ], [ -72.662010469174632, -38.251827753057455 ], [ -72.661997786091021, -38.251949287506221 ], [ -72.661909503930389, -38.252263696898233 ], [ -72.66190517845088, -38.252277992454609 ], [ -72.661806627488602, -38.252581662167877 ], [ -72.661792054255429, -38.252619548516847 ], [ -72.661718319743727, -38.252784722291736 ], [ -72.661677519484215, -38.252855778069559 ], [ -72.661413017101182, -38.253227025457797 ], [ -72.661405020860443, -38.253237890973971 ], [ -72.661107587553488, -38.253629368728255 ], [ -72.661096405694465, -38.253647747470737 ], [ -72.661094403094651, -38.253668070617444 ], [ -72.661102375624893, -38.254089986217785 ], [ -72.661102375652547, -38.254089986542127 ], [ -72.661114644412834, -38.25473923565999 ], [ -72.661116380493468, -38.254831111126414 ], [ -72.661116380545252, -38.254831111737879 ], [ -72.661121507725682, -38.255102424904472 ], [ -72.661124868311219, -38.255124556844052 ], [ -72.661147915806197, -38.255137463000864 ], [ -72.661542810768822, -38.255312968291591 ], [ -72.661558516874962, -38.255319450473763 ], [ -72.661871975098904, -38.25543919612717 ], [ -72.661940119879816, -38.255469957182385 ], [ -72.662260133612861, -38.25563844386221 ], [ -72.662321427030207, -38.255675683849297 ], [ -72.66256957162787, -38.255848787020817 ], [ -72.662580271569126, -38.255856443565087 ], [ -72.66286255420296, -38.256063629068514 ], [ -72.662923588951259, -38.256116117377609 ], [ -72.663132303145844, -38.256326886316188 ], [ -72.663170434364972, -38.256370446130695 ], [ -72.663362395688537, -38.256619918139236 ], [ -72.663415167355566, -38.256709304795386 ], [ -72.663515010382042, -38.256942177720298 ], [ -72.663536380771774, -38.257008044310005 ], [ -72.663584876561927, -38.257224431099146 ], [ -72.663592210295832, -38.257271501533936 ], [ -72.663618078752705, -38.257564232458193 ], [ -72.66361829037298, -38.257624352280068 ], [ -72.663569872867967, -38.258219899714305 ], [ -72.663564555081862, -38.258258776360314 ], [ -72.663386582342355, -38.259181883110756 ], [ -72.663383365776369, -38.259218470428799 ], [ -72.663392952171961, -38.259825684818679 ], [ -72.663394836079931, -38.259848848290432 ], [ -72.663439356208016, -38.260151067712151 ], [ -72.663460383856318, -38.260213379577849 ], [ -72.663663105871251, -38.260586774166327 ], [ -72.663668270465678, -38.260595739682401 ], [ -72.663872999646188, -38.260931443498038 ], [ -72.663912547803278, -38.260979438833807 ], [ -72.664138124495295, -38.261188846155875 ], [ -72.664156962626322, -38.261204712846123 ], [ -72.664394977636746, -38.261386713601297 ], [ -72.664419112557596, -38.261403205767834 ], [ -72.664800964548576, -38.261635958608458 ], [ -72.664806722362172, -38.261639514852448 ], [ -72.665456646780243, -38.262046249313677 ], [ -72.665458817228199, -38.262047614397723 ], [ -72.666385340484069, -38.262633245339302 ], [ -72.666403272792309, -38.262643699533356 ], [ -72.667095908699935, -38.263015401831119 ], [ -72.667126014578685, -38.263029508316038 ], [ -72.667245526700299, -38.263077944244735 ], [ -72.667268151860682, -38.263086150775344 ], [ -72.667814731540133, -38.263262055068544 ], [ -72.667891087510355, -38.263277332097395 ], [ -72.66823723074566, -38.263307334587189 ], [ -72.668352450852211, -38.263326968442612 ], [ -72.668460106591866, -38.263364830169195 ], [ -72.668555613776391, -38.263419307549825 ], [ -72.668634905499729, -38.263488080838172 ], [ -72.668694605312695, -38.263568221533404 ], [ -72.668732171002574, -38.263656317077043 ], [ -72.668746002854817, -38.263748616163099 ], [ -72.668763508481817, -38.264717334571557 ], [ -72.668766227559743, -38.264736910225849 ], [ -72.668790980792508, -38.264739542750092 ], [ -72.675821126384349, -38.264956996461613 ], [ -72.675846694690634, -38.264955922545745 ], [ -72.675867716432037, -38.264944397621072 ], [ -72.681452684762547, -38.261235180765077 ], [ -72.68151351159031, -38.26119424911353 ], [ -72.682266765101204, -38.260687208395666 ], [ -72.682276639367643, -38.260680242972931 ], [ -72.68260855557115, -38.260434939239495 ], [ -72.682608556360165, -38.260434938597705 ], [ -72.682991256802239, -38.260152098264406 ], [ -72.683025242459976, -38.260122034938711 ], [ -72.683118657397159, -38.260022755424856 ], [ -72.683118659035131, -38.260022753498845 ], [ -72.683180394625481, -38.259957141462763 ], [ -72.683199800599269, -38.259937660264526 ], [ -72.68354148825253, -38.259613414499682 ], [ -72.683562027338056, -38.259591313099513 ], [ -72.683785482497598, -38.259317298191291 ], [ -72.683795935659177, -38.259303408587847 ], [ -72.6841330980631, -38.258816400673609 ], [ -72.684146918809915, -38.25879344222534 ], [ -72.684423792736908, -38.258257269197365 ], [ -72.684439958381361, -38.258213905041281 ], [ -72.684652624676502, -38.257318386527537 ], [ -72.68465554726555, -38.257303251310397 ], [ -72.68475155288823, -38.256659686715359 ], [ -72.684753383576009, -38.256640022405563 ], [ -72.6848261906201, -38.254692045576967 ], [ -72.684826536133571, -38.254684788396446 ], [ -72.684939059968599, -38.252739681011228 ], [ -72.684937550233229, -38.252718793232859 ], [ -72.684911100388717, -38.252717150164941 ], [ -72.682569920401363, -38.252761262258758 ], [ -72.682453876429889, -38.252754092153374 ], [ -72.682342085613797, -38.252728519653225 ], [ -72.682239190796722, -38.252685606827526 ], [ -72.682149465337787, -38.252627135913677 ], [ -72.682076635627595, -38.252555535294533 ], [ -72.682023726325752, -38.252473778639853 ], [ -72.681992934747811, -38.252385261401805 ], [ -72.68198553961777, -38.252293659794475 ], [ -72.682003657358578, -38.251922727935614 ], [ -72.682178933192134, -38.247855830514041 ], [ -72.682179841913197, -38.247841485938217 ], [ -72.682228033556981, -38.247265279105306 ], [ -72.682241061274425, -38.247194882823841 ], [ -72.682339443976872, -38.246854294761938 ], [ -72.682373288495697, -38.24677339821762 ], [ -72.682469462374769, -38.246600502889613 ], [ -72.682499586577322, -38.246553906884742 ], [ -72.682632630301697, -38.246374664246126 ], [ -72.682676487279267, -38.246323875192928 ], [ -72.682844546509088, -38.246155244710842 ], [ -72.682854078868232, -38.246145937078353 ], [ -72.683261887398828, -38.245758385422384 ], [ -72.683326160682327, -38.245706458052005 ], [ -72.68383080400163, -38.245359625927264 ], [ -72.683852114308422, -38.245345681843986 ], [ -72.685607699677135, -38.244252478550962 ], [ -72.690511550579686, -38.241188174413594 ], [ -72.690529824073366, -38.2411742874936 ] ] ] ] } },
{ "type": "Feature", "properties": { "id": 4, "capa_kml": "Limite_50m_IPT_09_PRC_Tolten_Villa_Ohiggins", "nombre_busq": "Limite_50m_IPT_09_PRC_Tolten_Villa_Ohiggins", "fid_origen": 1, "crs_origen": "EPSG:4326" }, "geometry": { "type": "MultiPolygon", "coordinates": [ [ [ [ -73.221514905954336, -39.249596737367462 ], [ -73.221498676081083, -39.249570342915682 ], [ -73.22149506715877, -39.249565841393725 ], [ -73.221457775193315, -39.249494568158497 ], [ -73.221436629722078, -39.249419399668717 ], [ -73.221431181490573, -39.249386950531331 ], [ -73.221426938026269, -39.249349656297305 ], [ -73.221424134843403, -39.249302985620403 ], [ -73.221421066453487, -39.249251899309485 ], [ -73.221413996855233, -39.249211907443815 ], [ -73.221409879472716, -39.249198016990938 ], [ -73.221380525349772, -39.249138893904245 ], [ -73.221378584582652, -39.249136198094781 ], [ -73.221367976340517, -39.249123898953954 ], [ -73.221306449333639, -39.249030687146963 ], [ -73.221288310764692, -39.248992944821211 ], [ -73.221281612885093, -39.248984298614843 ], [ -73.221226901276211, -39.248891084540148 ], [ -73.221210622031592, -39.248852127037161 ], [ -73.221198705587895, -39.248835045835541 ], [ -73.221192264818029, -39.248827519035579 ], [ -73.221187111844955, -39.248821797204378 ], [ -73.221170711325982, -39.248807458691019 ], [ -73.221153236791011, -39.248803395902385 ], [ -73.221042591734658, -39.248767612061108 ], [ -73.220943783563897, -39.248714892514528 ], [ -73.220861040633025, -39.248647493338446 ], [ -73.22079790377316, -39.24856829879927 ], [ -73.220757074769864, -39.248480697920492 ], [ -73.220754519437463, -39.248472719159729 ], [ -73.220752340271972, -39.248466317830662 ], [ -73.220736581789737, -39.248422633861402 ], [ -73.220720508934434, -39.248362643849738 ], [ -73.220714641992018, -39.248329630192337 ], [ -73.22071406308568, -39.248326279978976 ], [ -73.220705708877333, -39.248276518798178 ], [ -73.2207002802555, -39.248257426754762 ], [ -73.22068758357311, -39.248233623415196 ], [ -73.220653446881627, -39.248144639717729 ], [ -73.220646704832077, -39.248081897392737 ], [ -73.220644738191424, -39.24808199417896 ], [ -73.22064018405915, -39.248026048405222 ], [ -73.220621966177646, -39.247929933498995 ], [ -73.220620648009429, -39.24792255672066 ], [ -73.220609578697449, -39.247856615143299 ], [ -73.220609113787745, -39.247853775311718 ], [ -73.220598407964061, -39.247786678786348 ], [ -73.220594879415103, -39.247769824419471 ], [ -73.220578747903275, -39.247707725410841 ], [ -73.220575730950031, -39.247695201168163 ], [ -73.22054747910272, -39.247568001872473 ], [ -73.220544175245877, -39.247551254107378 ], [ -73.220523471707963, -39.247431288602392 ], [ -73.220520083309623, -39.247415784509862 ], [ -73.220494462233731, -39.247319125772471 ], [ -73.220489664012689, -39.247303770918279 ], [ -73.220465945218336, -39.247238018082271 ], [ -73.220463613865277, -39.247231890812138 ], [ -73.220417926931347, -39.247117792091039 ], [ -73.220402008447451, -39.247087250515008 ], [ -73.220362558760215, -39.247023274606256 ], [ -73.220342532601364, -39.246959187689299 ], [ -73.220341034864802, -39.246959449733588 ], [ -73.220315328084268, -39.246870617051243 ], [ -73.220307241319716, -39.246848171199709 ], [ -73.220282018670048, -39.246789955694119 ], [ -73.220268958228914, -39.246764899121537 ], [ -73.22021063270347, -39.246669846292313 ], [ -73.220206257480115, -39.246663016209773 ], [ -73.220163570299547, -39.246599114234733 ], [ -73.220126301245912, -39.246529695109707 ], [ -73.220122399255871, -39.246516634227923 ], [ -73.220111192731395, -39.246492051221594 ], [ -73.220103738632602, -39.24648230794768 ], [ -73.220095672893464, -39.246475255632987 ], [ -73.220076623559066, -39.246463772644553 ], [ -73.219959261408761, -39.246368608983296 ], [ -73.219958328105861, -39.24636758718399 ], [ -73.219934113064014, -39.246356700086622 ], [ -73.21990429259354, -39.246342338882798 ], [ -73.21982121970666, -39.246299572907922 ], [ -73.219813847958775, -39.246296643027975 ], [ -73.219732185965952, -39.246248390445722 ], [ -73.219662748675418, -39.246189695463173 ], [ -73.219644888302795, -39.246167855951626 ], [ -73.219624074342548, -39.246146788064507 ], [ -73.219602752846455, -39.246136367102309 ], [ -73.219597761172565, -39.246134383214461 ], [ -73.219569859046032, -39.246126027015997 ], [ -73.219540330877265, -39.246122371178572 ], [ -73.219509594788931, -39.246121102630369 ], [ -73.21947905722952, -39.246120993291861 ], [ -73.21945820987213, -39.246121749916711 ], [ -73.219433426038165, -39.246124360641147 ], [ -73.219411320000091, -39.246133456325431 ], [ -73.219357526053372, -39.246160546039256 ], [ -73.219330598342935, -39.246175890236579 ], [ -73.219252469386845, -39.246226043797868 ], [ -73.219204567351014, -39.246265242283847 ], [ -73.219180347973847, -39.246290583829442 ], [ -73.219164070153653, -39.24631244563048 ], [ -73.21914999118583, -39.246348314119039 ], [ -73.219118883945612, -39.246410591178694 ], [ -73.219113350464383, -39.246418124686897 ], [ -73.219101907637267, -39.246438758642199 ], [ -73.219047850672979, -39.246514990286613 ], [ -73.2189759438875, -39.246581712571462 ], [ -73.218943163785696, -39.246606753282386 ], [ -73.218926726561691, -39.246626019914295 ], [ -73.218916346728591, -39.246641468147864 ], [ -73.218831180535531, -39.246736195915652 ], [ -73.218805931472986, -39.246757750733899 ], [ -73.218776831706563, -39.246787135483018 ], [ -73.218771802235352, -39.246793188433429 ], [ -73.218733413961729, -39.246834136142915 ], [ -73.218691076714023, -39.246874334517429 ], [ -73.218684517389505, -39.246880718435179 ], [ -73.2186842651966, -39.246880561771071 ], [ -73.218609361547408, -39.246941925545883 ], [ -73.218517543585804, -39.246992557138718 ], [ -73.218414865539913, -39.247028425181327 ], [ -73.218406559511322, -39.247030600786147 ], [ -73.218361591280413, -39.247040824806014 ], [ -73.21834256766941, -39.247044507771676 ], [ -73.218281427164527, -39.247053663191764 ], [ -73.218278986594797, -39.247053923815464 ], [ -73.218259250615773, -39.247066222398892 ], [ -73.218228541149188, -39.247089167293282 ], [ -73.218211003227722, -39.247103474325613 ], [ -73.21807235054554, -39.247227017298158 ], [ -73.218037197620774, -39.247266020513926 ], [ -73.218007578031205, -39.247307679666669 ], [ -73.217987452386907, -39.247342773326451 ], [ -73.217950931006754, -39.247424641186072 ], [ -73.217937662398199, -39.247467697462845 ], [ -73.217917024747805, -39.247584538730372 ], [ -73.217916120648781, -39.247605522439692 ], [ -73.21794276774493, -39.247608915902539 ], [ -73.217970546430763, -39.247610199198384 ], [ -73.218260558520768, -39.247623600199468 ], [ -73.218287492681199, -39.247625335831103 ], [ -73.21831915010435, -39.247627955258913 ], [ -73.218427044487626, -39.2476450664795 ], [ -73.218449504331829, -39.247650399672288 ], [ -73.218514940223869, -39.247669359660989 ], [ -73.218530099353259, -39.247674581241093 ], [ -73.218640270455495, -39.247724459853671 ], [ -73.218733741819591, -39.247791868533234 ], [ -73.218805986264471, -39.247873542456546 ], [ -73.219060766912079, -39.24824297473269 ], [ -73.219063550467681, -39.248246915887052 ], [ -73.219669915388479, -39.249085487108424 ], [ -73.219715115069093, -39.24916517687538 ], [ -73.219739744500629, -39.24925014066649 ], [ -73.219742882711415, -39.249337201680433 ], [ -73.219724412284094, -39.249423104688816 ], [ -73.219685023757563, -39.249504637749816 ], [ -73.219626189818527, -39.249578752305041 ], [ -73.21955011024609, -39.249642677168815 ], [ -73.219459629666503, -39.249694022147636 ], [ -73.216906951, -39.250866608882731 ], [ -73.21690695032369, -39.250866609230364 ], [ -73.216311660572089, -39.251140045764188 ], [ -73.216290442236613, -39.251152154828048 ], [ -73.216302042898775, -39.251170524436034 ], [ -73.2167855363451, -39.25177548070576 ], [ -73.216801226429723, -39.251791423240228 ], [ -73.21682456007288, -39.251782829574772 ], [ -73.217438113820293, -39.251497184022917 ], [ -73.221405568270214, -39.249649972352614 ], [ -73.221493944371588, -39.249608822787188 ], [ -73.221514905954336, -39.249596737367462 ] ] ] ] } },
{ "type": "Feature", "properties": { "id": 5, "capa_kml": "Limite_50m_IPT_09_PRC_Tolten_Queule", "nombre_busq": "Limite_50m_IPT_09_PRC_Tolten_Queule", "fid_origen": 1, "crs_origen": "EPSG:4326" }, "geometry": { "type": "MultiPolygon", "coordinates": [ [ [ [ -73.218015176818298, -39.396427964394306 ], [ -73.217992810919483, -39.39641404910779 ], [ -73.217382390482356, -39.396109222498772 ], [ -73.217382382750429, -39.396109219049826 ], [ -73.217339754383033, -39.396087931763446 ], [ -73.217306610838307, -39.396070087508079 ], [ -73.216812936794256, -39.395784077078083 ], [ -73.216790768566511, -39.395773728334156 ], [ -73.216778837169358, -39.395790024842036 ], [ -73.216771397306076, -39.395806972083982 ], [ -73.216776442542439, -39.395825974699648 ], [ -73.216808277605523, -39.395908226890782 ], [ -73.216811213761815, -39.395915378152246 ], [ -73.21682352889421, -39.395943730094586 ], [ -73.216853295383288, -39.396066522453765 ], [ -73.216854059132984, -39.396079185550853 ], [ -73.216859404163472, -39.39610445358111 ], [ -73.216861420675045, -39.396108211635351 ], [ -73.216895141604823, -39.396194575032737 ], [ -73.216905996986512, -39.396284420632426 ], [ -73.21689355099052, -39.396374141976715 ], [ -73.216858303121484, -39.396460137582054 ], [ -73.216801668181589, -39.396538955506443 ], [ -73.216768099580264, -39.396569301364906 ], [ -73.216750801867704, -39.396588688679131 ], [ -73.21675670429822, -39.396610074260131 ], [ -73.216773732934072, -39.396650895961287 ], [ -73.216794762389171, -39.396718978719811 ], [ -73.216822599897412, -39.396855046198809 ], [ -73.21682975949453, -39.396922062792669 ], [ -73.216823979312807, -39.396989159505381 ], [ -73.216819157941558, -39.397015426905405 ], [ -73.216787612683035, -39.397110861065379 ], [ -73.216730077755571, -39.397198690399343 ], [ -73.216649306023214, -39.397274712415701 ], [ -73.216559660622281, -39.397328939085547 ], [ -73.216534106853842, -39.397347005240519 ], [ -73.216441050574772, -39.397426293697656 ], [ -73.216424255152944, -39.397443778849812 ], [ -73.21642296927584, -39.397445875610593 ], [ -73.216390648219246, -39.397517142935762 ], [ -73.21633851311951, -39.397587873528437 ], [ -73.216270806880303, -39.397650159127053 ], [ -73.216230381555192, -39.39768116067453 ], [ -73.216209853261162, -39.397698651654309 ], [ -73.216101759796516, -39.397801086128645 ], [ -73.216025121701492, -39.397861186474742 ], [ -73.215946448405433, -39.397903194169992 ], [ -73.215946618455988, -39.397903401881159 ], [ -73.215943158470481, -39.397905107047528 ], [ -73.215942288157663, -39.39790541553603 ], [ -73.215935357681488, -39.397909116066067 ], [ -73.215918133522976, -39.397916569577198 ], [ -73.215916648439503, -39.397914503710723 ], [ -73.215811943462668, -39.397951617026543 ], [ -73.215812399552036, -39.397952623105198 ], [ -73.215745790303828, -39.39797080024956 ], [ -73.215652021318235, -39.397989738420527 ], [ -73.215637565450749, -39.397991676475861 ], [ -73.215610236224279, -39.39799754903914 ], [ -73.21560641377549, -39.397999049339838 ], [ -73.21549507618127, -39.39805165961441 ], [ -73.21536322003638, -39.398084216713251 ], [ -73.214830557888618, -39.398163115398866 ], [ -73.214722775578679, -39.398171104575574 ], [ -73.214614955789656, -39.398163425886622 ], [ -73.214525511031965, -39.398143596842964 ], [ -73.214401651165346, -39.398120937232861 ], [ -73.214385097737292, -39.398118301046111 ], [ -73.214306072254416, -39.398107566043031 ], [ -73.21430606992169, -39.398107565812424 ], [ -73.21353842916669, -39.398003287033596 ], [ -73.213496692010111, -39.397996381636275 ], [ -73.212947792661325, -39.397889059037283 ], [ -73.212947792464135, -39.397889059006253 ], [ -73.212545175527566, -39.39781033628158 ], [ -73.212499203204672, -39.397804347285771 ], [ -73.212378148855933, -39.397796265271751 ], [ -73.212350611457481, -39.397796485302081 ], [ -73.212331866914141, -39.397799472350194 ], [ -73.212232071288781, -39.397808488970441 ], [ -73.212131766507611, -39.397804020272737 ], [ -73.212033957060811, -39.397786200112009 ], [ -73.211941572689469, -39.397755562267228 ], [ -73.211612850425695, -39.397619334594978 ], [ -73.211603041205294, -39.397615453210406 ], [ -73.211510509834412, -39.397580539606537 ], [ -73.211445415770299, -39.397563055754858 ], [ -73.211419618107769, -39.39755870784181 ], [ -73.211310678014087, -39.397531383100493 ], [ -73.211210768752139, -39.397488000951562 ], [ -73.211181259794401, -39.397472033354056 ], [ -73.21115091511129, -39.39745953232314 ], [ -73.211117595530823, -39.397453031216671 ], [ -73.210912756254714, -39.39743298123831 ], [ -73.210862969163003, -39.397431458525944 ], [ -73.21083753792567, -39.397432380585549 ], [ -73.210829118781135, -39.397433094593055 ], [ -73.210717862521435, -39.397434207546418 ], [ -73.210627499310135, -39.397421516954161 ], [ -73.210627381342746, -39.397421950004428 ], [ -73.210570567530212, -39.397412633377641 ], [ -73.210375137524693, -39.397391028781833 ], [ -73.21029346109222, -39.397388021449089 ], [ -73.210293469710393, -39.397387880550475 ], [ -73.210249968917736, -39.397387061620954 ], [ -73.210060854130134, -39.397373049254767 ], [ -73.210038967073288, -39.397371101710824 ], [ -73.209825827470013, -39.397348949337307 ], [ -73.209796997846141, -39.397348225824878 ], [ -73.209768565673031, -39.397351997266348 ], [ -73.209667997491223, -39.397373605473774 ], [ -73.209547717849048, -39.39738913908424 ], [ -73.209425909497384, -39.397384836491035 ], [ -73.209274311224107, -39.397366973997016 ], [ -73.209247108143984, -39.397363252958463 ], [ -73.208999257638538, -39.39732461127867 ], [ -73.208967854674796, -39.397321088777417 ], [ -73.2087349837457, -39.397304992281953 ], [ -73.208727264920981, -39.397304418393411 ], [ -73.20853760111784, -39.397289324383934 ], [ -73.208465365065862, -39.397290617651457 ], [ -73.208134749458978, -39.397328954946651 ], [ -73.208011610909693, -39.397332969916675 ], [ -73.207890155164819, -39.397316725072521 ], [ -73.207775856861531, -39.397280952655848 ], [ -73.207522866529246, -39.39717631123014 ], [ -73.207499216699588, -39.397167569133956 ], [ -73.207324520456183, -39.397110350969349 ], [ -73.207246572077509, -39.397079247400981 ], [ -73.207175548100921, -39.397039392649141 ], [ -73.207105128198506, -39.396993211263208 ], [ -73.207072459153849, -39.39697687468442 ], [ -73.207058740647724, -39.396968777553184 ], [ -73.20703367929282, -39.396957167974925 ], [ -73.207027784925302, -39.396954330075722 ], [ -73.20702557734991, -39.396953414778451 ], [ -73.207009554446643, -39.396945992222186 ], [ -73.206935263671056, -39.396918623100518 ], [ -73.206909724683712, -39.396911424113974 ], [ -73.206882894469175, -39.396908089643965 ], [ -73.206831046397113, -39.396905511273722 ], [ -73.206807382808478, -39.396905847759641 ], [ -73.206784110395276, -39.396909189291691 ], [ -73.206721744321115, -39.396922337738744 ], [ -73.206616408018775, -39.396936626663617 ], [ -73.206509480836687, -39.396935682156005 ], [ -73.206404591126571, -39.39691953626739 ], [ -73.206290475418839, -39.396893298950133 ], [ -73.206246624173488, -39.396886024027651 ], [ -73.20622456482117, -39.396883730501344 ], [ -73.206066544995991, -39.396849123396457 ], [ -73.206033432101734, -39.396837742285783 ], [ -73.206017646895731, -39.396832741862177 ], [ -73.205945944765176, -39.396811913061327 ], [ -73.205866038567351, -39.396783165152975 ], [ -73.205834571298681, -39.396766957149396 ], [ -73.205747144560959, -39.396726342460951 ], [ -73.205670754916781, -39.396700087106112 ], [ -73.205654973588736, -39.396695087855733 ], [ -73.205575959635681, -39.396672134270204 ], [ -73.205434851035221, -39.396612753665281 ], [ -73.205334727356473, -39.396555434765105 ], [ -73.205288483612193, -39.396525988834519 ], [ -73.20528220976648, -39.396521555033701 ], [ -73.205261788726744, -39.396509542442978 ], [ -73.205237220571803, -39.396503886906103 ], [ -73.205220006418855, -39.396501202449862 ], [ -73.205127288221533, -39.396480393292435 ], [ -73.205040295547931, -39.396447952082895 ], [ -73.204862250938632, -39.396366776616347 ], [ -73.204845982383517, -39.396359077843307 ], [ -73.204640906241622, -39.396258409423993 ], [ -73.204597367008205, -39.396234805688771 ], [ -73.204490622151567, -39.396171105127074 ], [ -73.20446271243442, -39.396158085943384 ], [ -73.204431725900506, -39.396150313630507 ], [ -73.204387263469215, -39.396143379559618 ], [ -73.204267635350774, -39.396113989926071 ], [ -73.204158942141405, -39.396065340780495 ], [ -73.20412465129688, -39.396045879762028 ], [ -73.204095016000807, -39.39604115817518 ], [ -73.204034540197853, -39.396036673911652 ], [ -73.203899525624294, -39.39601384351873 ], [ -73.203752575017731, -39.395974293763942 ], [ -73.203712388242522, -39.395965930269945 ], [ -73.203399963304463, -39.395919252035746 ], [ -73.203230561813228, -39.395894719001213 ], [ -73.203202326831715, -39.395892843075835 ], [ -73.203174154596283, -39.395895317005248 ], [ -73.20312649660228, -39.395903266507183 ], [ -73.202998701186189, -39.395913304950881 ], [ -73.202871189076419, -39.395901291944156 ], [ -73.202848156565736, -39.395897075674959 ], [ -73.20282511798078, -39.395893614827081 ], [ -73.202657165864252, -39.395873814404972 ], [ -73.202563896612617, -39.395856605636183 ], [ -73.202475549816171, -39.395827720889095 ], [ -73.202407365082792, -39.395800079372684 ], [ -73.202384862194776, -39.395791888986963 ], [ -73.202201270869367, -39.395732371745126 ], [ -73.202146709836569, -39.395719411835927 ], [ -73.202116398012308, -39.395714683927999 ], [ -73.202049644372764, -39.395701023099669 ], [ -73.201873476711157, -39.39565612329276 ], [ -73.201805618944718, -39.395635071397294 ], [ -73.20178797182561, -39.395628569043886 ], [ -73.201693991581379, -39.395585082062233 ], [ -73.201612199114862, -39.395528683631817 ], [ -73.201545500712697, -39.395461377750834 ], [ -73.201496266306094, -39.395385555983637 ], [ -73.201466245264456, -39.395303912479044 ], [ -73.201456504242685, -39.395219348237731 ], [ -73.20146738928932, -39.395134868030887 ], [ -73.201498513560921, -39.395053473633212 ], [ -73.201548771077682, -39.394978057163655 ], [ -73.201616376030046, -39.394911298323997 ], [ -73.201653598104684, -39.394880934670908 ], [ -73.201663418394673, -39.394862575239088 ], [ -73.201686113107371, -39.394806085832599 ], [ -73.201692023564021, -39.394782963061282 ], [ -73.201691507705902, -39.394759393310835 ], [ -73.201681296910394, -39.394695498573299 ], [ -73.201673030662135, -39.394669716464357 ], [ -73.201657075216602, -39.394646209176003 ], [ -73.201634446109807, -39.394620828251192 ], [ -73.201591342093465, -39.394582587229834 ], [ -73.201459065222735, -39.394489097084481 ], [ -73.201395720505616, -39.394436553138831 ], [ -73.201292993761683, -39.39433637384019 ], [ -73.20124565460462, -39.394282658366322 ], [ -73.201182509970252, -39.394198551231035 ], [ -73.201133330240296, -39.394114106552607 ], [ -73.201107464007606, -39.394023639915432 ], [ -73.201106006074113, -39.393930980688573 ], [ -73.201129018056861, -39.393840051036221 ], [ -73.201175525795847, -39.393754699896967 ], [ -73.201243560603814, -39.39367854006494 ], [ -73.201330242609515, -39.393614795268867 ], [ -73.20137841623486, -39.39359175026906 ], [ -73.201402954612249, -39.393577263035006 ], [ -73.201406181647442, -39.393555836942852 ], [ -73.201414010590767, -39.393172171192319 ], [ -73.201412218083192, -39.393152845794184 ], [ -73.201401977726221, -39.39313517459383 ], [ -73.201305536137269, -39.39300146744602 ], [ -73.201287014840602, -39.392981412041244 ], [ -73.201263234722688, -39.392965032522049 ], [ -73.201081782051318, -39.392865693073524 ], [ -73.201071973769132, -39.3928605525495 ], [ -73.200878881615552, -39.392763742274283 ], [ -73.200787401078756, -39.392706955143112 ], [ -73.20069229464265, -39.392634557173452 ], [ -73.200672383246527, -39.392621905729023 ], [ -73.20064988211071, -39.392612213973834 ], [ -73.200626209923414, -39.392604076019829 ], [ -73.200582048274029, -39.392587119462995 ], [ -73.2004055330965, -39.3925119449516 ], [ -73.20037879893971, -39.392501905318277 ], [ -73.200127058771088, -39.392419428055049 ], [ -73.200121512501596, -39.392417663073971 ], [ -73.199384918435143, -39.392190121451371 ], [ -73.199372696409469, -39.392186590631667 ], [ -73.19917257853065, -39.392132719180928 ], [ -73.199143220574982, -39.39212717313103 ], [ -73.199054251021877, -39.392118023377989 ], [ -73.198962023606114, -39.392096028945836 ], [ -73.198418908711531, -39.391927027221193 ], [ -73.198386789739374, -39.391916148170132 ], [ -73.198070838675136, -39.39180019869341 ], [ -73.197990091324357, -39.391764148735 ], [ -73.197693410649833, -39.39160582747936 ], [ -73.197678531103676, -39.391598395249765 ], [ -73.197564255043105, -39.391545067411798 ], [ -73.197544330831022, -39.391537329998137 ], [ -73.19752310706653, -39.391532069587306 ], [ -73.197483351800315, -39.391524789618792 ], [ -73.197431749208036, -39.39151818168142 ], [ -73.197305533016717, -39.391490356259268 ], [ -73.197236770877296, -39.391468418730177 ], [ -73.197182340106082, -39.391448432872444 ], [ -73.197110974705453, -39.391418619966096 ], [ -73.19709107517852, -39.391411757210037 ], [ -73.197070069975965, -39.391407299992608 ], [ -73.196744894626377, -39.391358434440825 ], [ -73.196676453817261, -39.391354583687459 ], [ -73.196658370759081, -39.391355237081036 ], [ -73.196582902859163, -39.391365872110427 ], [ -73.196516909359687, -39.391382432081514 ], [ -73.196474314938357, -39.391391744766572 ], [ -73.196216290161871, -39.391440001892875 ], [ -73.196187406664947, -39.391444803893556 ], [ -73.195643634823867, -39.391524035332793 ], [ -73.195627108460215, -39.391526832534318 ], [ -73.195555798725209, -39.391540603186627 ], [ -73.195465185145181, -39.391552289961155 ], [ -73.195373330175514, -39.391552738760296 ], [ -73.194320099368468, -39.391493042853142 ], [ -73.194028436829171, -39.391477540505655 ], [ -73.194012820455612, -39.391476545967592 ], [ -73.193812558233688, -39.391461677997583 ], [ -73.193746575012312, -39.391462647016645 ], [ -73.193557590610027, -39.391482301689479 ], [ -73.193478471120571, -39.391486290919843 ], [ -73.19331779899295, -39.391485859324725 ], [ -73.193290339400875, -39.391487864110871 ], [ -73.193265912643298, -39.391497802133671 ], [ -73.193071000515815, -39.391596932808653 ], [ -73.193048326011308, -39.391611311224558 ], [ -73.193040915196093, -39.391633293518865 ], [ -73.193029464346267, -39.391691729672893 ], [ -73.193026197755742, -39.39170669776594 ], [ -73.192996173210901, -39.39183146378555 ], [ -73.19299377554286, -39.391851019080448 ], [ -73.193004642020895, -39.391868761053928 ], [ -73.193085630833409, -39.391975185600479 ], [ -73.193126934116179, -39.392017218261465 ], [ -73.19327383060093, -39.392134889110103 ], [ -73.193293410484728, -39.392149184063584 ], [ -73.193463455456083, -39.392262273678476 ], [ -73.193511081743338, -39.392288003516342 ], [ -73.193687392626558, -39.392364133321763 ], [ -73.193771659037154, -39.392408444568048 ], [ -73.193945297115931, -39.392518154944966 ], [ -73.193969702378851, -39.392534469373366 ], [ -73.193994999806137, -39.392552352717175 ], [ -73.19407107888054, -39.392617800614524 ], [ -73.194129274971715, -39.39269349160935 ], [ -73.194167359552466, -39.392776527315569 ], [ -73.19417167003806, -39.392789967092774 ], [ -73.194187110916829, -39.392863891574343 ], [ -73.19418655206708, -39.392938779382696 ], [ -73.194180246385258, -39.392993594918217 ], [ -73.194141110677975, -39.393120665984604 ], [ -73.194091208716316, -39.393217574159031 ], [ -73.194039694921187, -39.393294928914585 ], [ -73.194037275172491, -39.393297834129555 ], [ -73.193963898772338, -39.393368956407727 ], [ -73.193873577726464, -39.393427166605015 ], [ -73.19385504326381, -39.393436833505071 ], [ -73.193844145674689, -39.393444434650164 ], [ -73.193769516617365, -39.393488575210164 ], [ -73.19368669627093, -39.393522808613618 ], [ -73.193652444798886, -39.39353431404767 ], [ -73.193483252760231, -39.393597954418723 ], [ -73.193370213226757, -39.3936297365304 ], [ -73.193151287321498, -39.393672007294377 ], [ -73.193141386627588, -39.393673847549195 ], [ -73.192913219557227, -39.393714618788195 ], [ -73.192881640123105, -39.393719550033204 ], [ -73.192837873177268, -39.393725409042233 ], [ -73.192808092934484, -39.393732038746904 ], [ -73.192780852523555, -39.39374349049455 ], [ -73.192646742450705, -39.39381546080525 ], [ -73.1926143109431, -39.393835682055084 ], [ -73.192529946419384, -39.393896510725661 ], [ -73.192429799501383, -39.393954476467847 ], [ -73.192315985889067, -39.393994471428861 ], [ -73.192284782951717, -39.394002425641467 ], [ -73.192171818231614, -39.394021806386867 ], [ -73.192104226025194, -39.394028012845254 ], [ -73.192071769484514, -39.394034044249068 ], [ -73.192042008310636, -39.394045763431485 ], [ -73.191969427138218, -39.394083218738551 ], [ -73.191949305537477, -39.394093146051837 ], [ -73.191924383964661, -39.394104890844339 ], [ -73.191819040951302, -39.394143883570614 ], [ -73.191705773986442, -39.394165736734834 ], [ -73.191589162292075, -39.394169566845946 ], [ -73.191330906430892, -39.394157851188204 ], [ -73.191302523188781, -39.394158871440411 ], [ -73.191289464165294, -39.39417845140774 ], [ -73.19127306286569, -39.394210986063392 ], [ -73.189798335696082, -39.397136118549248 ], [ -73.189791510663454, -39.397154615800403 ], [ -73.189814850472942, -39.397161116681758 ], [ -73.190861101362103, -39.39736890822941 ], [ -73.190861102127371, -39.397368908348241 ], [ -73.190960567118026, -39.397388662042225 ], [ -73.19096056711615, -39.397388662047902 ], [ -73.190960567406506, -39.397388662099509 ], [ -73.192029775106789, -39.397601000593198 ], [ -73.19205625782709, -39.397604254106341 ], [ -73.192083058397685, -39.397603629396698 ], [ -73.19483004883935, -39.397338878975667 ], [ -73.194874623672206, -39.397335930098748 ], [ -73.195728526945203, -39.397305084913995 ], [ -73.195835298916009, -39.397308870189477 ], [ -73.195939366698411, -39.39732777917753 ], [ -73.196037202458882, -39.397361170877225 ], [ -73.196125489613394, -39.397407913331584 ], [ -73.196201235253568, -39.397466421998182 ], [ -73.196261871603042, -39.397534713461525 ], [ -73.196305343065077, -39.397610472667445 ], [ -73.196330175911029, -39.397691131399952 ], [ -73.196539163128975, -39.398822986820434 ], [ -73.196545621017862, -39.398843133165073 ], [ -73.196572261788063, -39.3988411954263 ], [ -73.199923808756168, -39.398327712433904 ], [ -73.199949653166257, -39.398321557008089 ], [ -73.199945154317135, -39.398300874253884 ], [ -73.199901769068475, -39.398179273982386 ], [ -73.199881358528884, -39.398080083743025 ], [ -73.199879814048742, -39.398054373941868 ], [ -73.199885653407122, -39.397966351949357 ], [ -73.199913475169126, -39.397880897615721 ], [ -73.199962213864623, -39.397801283288288 ], [ -73.199986590954737, -39.39776983286179 ], [ -73.200007762483665, -39.397736582562125 ], [ -73.200088323760696, -39.397578382735617 ], [ -73.200093303492892, -39.397567842313833 ], [ -73.200172902308367, -39.397385406792914 ], [ -73.200186626116945, -39.397340922217509 ], [ -73.20022038117672, -39.397263421756463 ], [ -73.20027164687005, -39.397191936717867 ], [ -73.200338731971669, -39.397128825282678 ], [ -73.200365378632313, -39.397111436792869 ], [ -73.200409700130891, -39.397077490606748 ], [ -73.200539357023843, -39.39695963619819 ], [ -73.200569297478452, -39.396926899632014 ], [ -73.200660618881585, -39.396805337178279 ], [ -73.200670814989834, -39.39678876573447 ], [ -73.200677372145037, -39.396771121682406 ], [ -73.200718308376722, -39.396613137258107 ], [ -73.20071971491133, -39.396607313556125 ], [ -73.200732003628062, -39.396552455504938 ], [ -73.200734043884239, -39.396529826961192 ], [ -73.200728386178127, -39.39649742210635 ], [ -73.200724227683835, -39.396409301176874 ], [ -73.200742277749413, -39.396322240418904 ], [ -73.200781844443284, -39.396239576834844 ], [ -73.200841411124287, -39.396164478874375 ], [ -73.200918694583379, -39.396099824991872 ], [ -73.201010732563716, -39.396048093320616 ], [ -73.201113997303636, -39.39601126669141 ], [ -73.201224530750579, -39.39599075663569 ], [ -73.201338096263626, -39.395987349285441 ], [ -73.201398134611196, -39.395990119365329 ], [ -73.201428860285304, -39.395990271996617 ], [ -73.201684873077113, -39.39598101039973 ], [ -73.201712485607842, -39.395980521805676 ], [ -73.201892855749023, -39.39598066020163 ], [ -73.201984075155565, -39.395986326574082 ], [ -73.202109534494866, -39.396001914985511 ], [ -73.202210427341271, -39.396014451712134 ], [ -73.202219967352136, -39.39601551140008 ], [ -73.20247445616998, -39.396040441265257 ], [ -73.202484888718743, -39.39604153788973 ], [ -73.203214061328069, -39.396123413975793 ], [ -73.203330732408133, -39.39614629282795 ], [ -73.203438816794318, -39.396187344656013 ], [ -73.203533669688483, -39.396244805315575 ], [ -73.203611214870449, -39.396316205509244 ], [ -73.203668119867288, -39.396398476897033 ], [ -73.203701939167416, -39.396488083949826 ], [ -73.203711219324546, -39.396581175881494 ], [ -73.20369892280381, -39.396939150365689 ], [ -73.203692434412574, -39.397128018981903 ], [ -73.203694364412087, -39.397148862149685 ], [ -73.203717799040561, -39.397159161773409 ], [ -73.203762813291192, -39.39717463410328 ], [ -73.203849888089096, -39.397211780595022 ], [ -73.204014819428394, -39.397297166328585 ], [ -73.204049454081826, -39.39731656256636 ], [ -73.205276865688774, -39.398058709220727 ], [ -73.205279689564932, -39.39806042753829 ], [ -73.205877857832647, -39.398426729695309 ], [ -73.205933628829285, -39.398465674931835 ], [ -73.20609404926283, -39.398593190156348 ], [ -73.206104748347016, -39.398601925419264 ], [ -73.206267734283443, -39.398738610897425 ], [ -73.206313057317814, -39.398781672723992 ], [ -73.206431948218182, -39.398910057096145 ], [ -73.206467059990402, -39.398952871840358 ], [ -73.2065757877767, -39.39910357655129 ], [ -73.206668035006317, -39.399231437349968 ], [ -73.206719032901347, -39.399326008922188 ], [ -73.20677457789111, -39.399474642947446 ], [ -73.206787416949624, -39.399516318727237 ], [ -73.206977587614304, -39.400295974943319 ], [ -73.206982333626314, -39.40031214659691 ], [ -73.207038807832618, -39.400476375204477 ], [ -73.207053789439897, -39.400535659659752 ], [ -73.207083167295167, -39.400714891305299 ], [ -73.207088259702104, -39.400737043068219 ], [ -73.207138256935764, -39.400905353700345 ], [ -73.207145318463631, -39.400933071643827 ], [ -73.207169818105299, -39.401048096019409 ], [ -73.207176523500493, -39.401067914087044 ], [ -73.20720792198874, -39.401101431954487 ], [ -73.207204770337015, -39.401103209026274 ], [ -73.207255292098296, -39.401160635555556 ], [ -73.207349953676527, -39.401302943491913 ], [ -73.207362332635583, -39.401318338578875 ], [ -73.207377761909328, -39.401331975016681 ], [ -73.207539144449967, -39.401453146818874 ], [ -73.207567107717949, -39.401471630291383 ], [ -73.207738114139303, -39.401570876410858 ], [ -73.207770845139137, -39.401587330770873 ], [ -73.207989880696914, -39.401681858706233 ], [ -73.20801107381628, -39.401690143293337 ], [ -73.209551116708028, -39.40223206800782 ], [ -73.209574039035815, -39.402238110626634 ], [ -73.209572420261878, -39.402219370535875 ], [ -73.209518314895874, -39.401967560027707 ], [ -73.209506556088044, -39.401912832415469 ], [ -73.20949878791356, -39.401829122092593 ], [ -73.209511172649599, -39.40174574692211 ], [ -73.209543280211804, -39.401665601798619 ], [ -73.209593995723182, -39.401591469455973 ], [ -73.209661558232028, -39.401525923849107 ], [ -73.209743621859985, -39.401471240786059 ], [ -73.209837337256047, -39.401429318912371 ], [ -73.209939450528282, -39.401401613791236 ], [ -73.210558621395435, -39.401282469375573 ], [ -73.21055862772819, -39.401282467899726 ], [ -73.210586738841329, -39.401277058505919 ], [ -73.213880400663626, -39.400643209984452 ], [ -73.213940954630544, -39.400627085906905 ], [ -73.213991650138638, -39.400610380175706 ], [ -73.214109779291746, -39.400592382114432 ], [ -73.214230153223994, -39.400593673462225 ], [ -73.214257108650358, -39.400596146269443 ], [ -73.214293363165311, -39.400593038656169 ], [ -73.214338246875471, -39.400584876987345 ], [ -73.214435623624396, -39.400583733518012 ], [ -73.214490449054438, -39.400581743959712 ], [ -73.214517984598757, -39.400578626235571 ], [ -73.21454509009159, -39.400566088433749 ], [ -73.214588982886582, -39.400541104984576 ], [ -73.214619194015782, -39.400530329503496 ], [ -73.214638761321183, -39.400522008428432 ], [ -73.214672468443624, -39.400511327948884 ], [ -73.214695373149581, -39.400503158445893 ], [ -73.214709854690639, -39.400499311416489 ], [ -73.214709920615789, -39.400499460792872 ], [ -73.214760675048481, -39.400483378635045 ], [ -73.214890673787451, -39.400467059750632 ], [ -73.214900416696111, -39.400466706135219 ], [ -73.214930001073668, -39.400460569509249 ], [ -73.214936887784347, -39.400458506377831 ], [ -73.214966094259864, -39.400446582248833 ], [ -73.214990988323663, -39.400429771059819 ], [ -73.215035905079247, -39.400391502509571 ], [ -73.215052491298664, -39.400374200540071 ], [ -73.21505364167686, -39.400354150476659 ], [ -73.215070120885727, -39.400265812965095 ], [ -73.215108729376098, -39.40018173125609 ], [ -73.215167950841106, -39.400105207404764 ], [ -73.215245459482887, -39.40003924664466 ], [ -73.215338211357675, -39.399986439369982 ], [ -73.21544256391924, -39.399948859410173 ], [ -73.215554419065498, -39.39992798259081 ], [ -73.215667153415083, -39.399924693853045 ], [ -73.21568792030331, -39.399909387561813 ], [ -73.215821803815061, -39.39978813569202 ], [ -73.215839042996691, -39.39976865718063 ], [ -73.215850577313276, -39.399746788947645 ], [ -73.215853900759157, -39.399737881889777 ], [ -73.215899085389125, -39.399616790798603 ], [ -73.215899085698439, -39.399616789803865 ], [ -73.215983000562105, -39.399391902025563 ], [ -73.215998010132125, -39.399357063507779 ], [ -73.216068088386137, -39.399214081737917 ], [ -73.216127766184272, -39.399124230481959 ], [ -73.216164793323784, -39.399081163549781 ], [ -73.216229603037633, -39.399018656272226 ], [ -73.216307677192916, -39.398966060694562 ], [ -73.216396539045419, -39.398925045288472 ], [ -73.216464590604758, -39.398905272928687 ], [ -73.216464296039319, -39.398904646145695 ], [ -73.216586053690676, -39.398870201351698 ], [ -73.216705394821219, -39.398847195522414 ], [ -73.216752291070009, -39.398842163665648 ], [ -73.216785509216763, -39.398837050755773 ], [ -73.216960914223151, -39.398801682801881 ], [ -73.216982924431647, -39.398795731883595 ], [ -73.217003408072046, -39.398787102748628 ], [ -73.217134636083173, -39.398720616913245 ], [ -73.217250697413832, -39.398675289511132 ], [ -73.217341741388708, -39.398657849832631 ], [ -73.217341462124352, -39.39865691818774 ], [ -73.217396575803178, -39.398646973527143 ], [ -73.217419269043134, -39.398634326393726 ], [ -73.217452664928004, -39.398611531733096 ], [ -73.217452887863956, -39.398611728342864 ], [ -73.217550717583606, -39.398557024642415 ], [ -73.217605579525625, -39.398532796143535 ], [ -73.217623507146399, -39.398512706510935 ], [ -73.217637357088435, -39.398492736258106 ], [ -73.217641796320322, -39.398486071594988 ], [ -73.217685288116002, -39.398418020959696 ], [ -73.217697080844545, -39.398396924760881 ], [ -73.217712056526281, -39.398365878342588 ], [ -73.217719412834185, -39.398344151620549 ], [ -73.217720988493284, -39.398321721032865 ], [ -73.21771860024343, -39.398282134775719 ], [ -73.217718226531957, -39.398247565339226 ], [ -73.217721074931205, -39.398173920200982 ], [ -73.217718626196557, -39.398149886432208 ], [ -73.217709542625514, -39.398126830788605 ], [ -73.217694132994652, -39.398098984144141 ], [ -73.217675254235004, -39.398059985106713 ], [ -73.217651162226545, -39.398002232532207 ], [ -73.217637797904629, -39.397964741099678 ], [ -73.217618368283681, -39.397899365906603 ], [ -73.217612003775585, -39.397874864788818 ], [ -73.217589545089581, -39.397774036878999 ], [ -73.217581700435389, -39.397718393802009 ], [ -73.21757911882041, -39.397675600107 ], [ -73.217573306842155, -39.397579258448815 ], [ -73.217573055912098, -39.397541821982401 ], [ -73.217577173413844, -39.397454024516108 ], [ -73.217589778083209, -39.397375658684837 ], [ -73.217619830580489, -39.397300205615835 ], [ -73.217666406933049, -39.397229985000308 ], [ -73.217728075179082, -39.397167155659204 ], [ -73.217816102315993, -39.397092149872755 ], [ -73.217840020645383, -39.397068838739031 ], [ -73.217948699376038, -39.396947178986082 ], [ -73.21796446711474, -39.396924122217769 ], [ -73.217972833230476, -39.396898840858334 ], [ -73.21800038550991, -39.396739150124695 ], [ -73.218002703854168, -39.396718563582525 ], [ -73.218016975543861, -39.396450164068497 ], [ -73.218015176818298, -39.396427964394306 ] ] ] ] } },
{ "type": "Feature", "properties": { "id": 6, "capa_kml": "Limite_50m_IPT_09_PRC_Temuco_Cajon", "nombre_busq": "Limite_50m_IPT_09_PRC_Temuco_Cajon", "fid_origen": 1, "crs_origen": "EPSG:4326" }, "geometry": { "type": "MultiPolygon", "coordinates": [ [ [ [ -72.517776970495362, -38.677994609543269 ], [ -72.517758858494403, -38.677978420716109 ], [ -72.5142341162218, -38.67541974676579 ], [ -72.513670700278084, -38.675010724918081 ], [ -72.513609669828028, -38.674976861445977 ], [ -72.510034294279549, -38.673500284002827 ], [ -72.501576537164013, -38.670006657411456 ], [ -72.493841115828289, -38.666810547579615 ], [ -72.489233354303224, -38.664906329984746 ], [ -72.489210967234271, -38.664899112949698 ], [ -72.489204965484433, -38.664917498122676 ], [ -72.488173295195182, -38.670075266709752 ], [ -72.488173294843747, -38.670075269265482 ], [ -72.488085308242361, -38.670515128106054 ], [ -72.488085308214991, -38.670515128304814 ], [ -72.487604585127187, -38.672918239442367 ], [ -72.487604584803222, -38.672918241804332 ], [ -72.486645487924676, -38.677712325411285 ], [ -72.486644063057469, -38.677735500427701 ], [ -72.486660685182855, -38.677754698209895 ], [ -72.490858411235337, -38.681631818632631 ], [ -72.491455707167546, -38.682180497464877 ], [ -72.493243289208664, -38.683822502460593 ], [ -72.493248995536561, -38.683827826621567 ], [ -72.493739039411338, -38.68429228126378 ], [ -72.493796667778611, -38.684333739605471 ], [ -72.494512519889327, -38.684722028320884 ], [ -72.494582423290694, -38.684749718698932 ], [ -72.496225770079988, -38.685191679831696 ], [ -72.496254028189824, -38.685198032082276 ], [ -72.498739726953161, -38.685650240748636 ], [ -72.498802787255471, -38.68565604878885 ], [ -72.501331183451526, -38.685667695716759 ], [ -72.501380789327129, -38.685664538189513 ], [ -72.501722007369494, -38.685619199080378 ], [ -72.501840709903632, -38.685613214621611 ], [ -72.501958440880813, -38.685626516228353 ], [ -72.502070154424942, -38.685658533805309 ], [ -72.502171062548101, -38.685707895100848 ], [ -72.502256840352587, -38.685772484517436 ], [ -72.502323811390141, -38.685849533780768 ], [ -72.502369105235061, -38.685935740581982 ], [ -72.502541676307104, -38.686394102607217 ], [ -72.502541676554287, -38.686394103162762 ], [ -72.502680732732685, -38.686763441262983 ], [ -72.502689938855895, -38.686781491681757 ], [ -72.502714573494842, -38.686779238097664 ], [ -72.502863108299735, -38.686754481814376 ], [ -72.502887229963676, -38.686748526504758 ], [ -72.502885381980462, -38.686728757644183 ], [ -72.502842218426181, -38.686530201602324 ], [ -72.50283838331984, -38.686509729593176 ], [ -72.502817685322384, -38.686378299926929 ], [ -72.502814518931928, -38.686294517748387 ], [ -72.5028312170041, -38.686211726899558 ], [ -72.502867200994899, -38.686132795534419 ], [ -72.502921224241916, -38.686060458092683 ], [ -72.502991415160011, -38.685997220571828 ], [ -72.503075342083818, -38.685945273713926 ], [ -72.503170097510178, -38.68590641711436 ], [ -72.50327239882148, -38.685881996880966 ], [ -72.503517056453958, -38.685842638635933 ], [ -72.503532829753908, -38.685839735499833 ], [ -72.504107673975852, -38.685720427796028 ], [ -72.504125568367527, -38.685716221143515 ], [ -72.504525414076809, -38.685610998358058 ], [ -72.504556771699484, -38.685603519268703 ], [ -72.505005445492543, -38.685507375222123 ], [ -72.505014236502788, -38.685505372887825 ], [ -72.505319437768321, -38.685431703044273 ], [ -72.505347293986944, -38.685423722584297 ], [ -72.505659308366617, -38.685319718030932 ], [ -72.505677515669134, -38.685313049999451 ], [ -72.506136509982952, -38.685129351496215 ], [ -72.506141656862155, -38.685127239903359 ], [ -72.506640079155531, -38.684917692704133 ], [ -72.506680294409094, -38.684902334232007 ], [ -72.507225390179428, -38.684714370348935 ], [ -72.507249042284684, -38.684705174934777 ], [ -72.50763756449382, -38.684536252741061 ], [ -72.50775954836746, -38.684496799172265 ], [ -72.508215030923964, -38.684395580264045 ], [ -72.508252253858586, -38.684388351024033 ], [ -72.508891520451982, -38.684281806813452 ], [ -72.509011022080898, -38.68427195838936 ], [ -72.509478721041077, -38.684271958287226 ], [ -72.509567067648447, -38.684277313878383 ], [ -72.509653312915248, -38.684293253658744 ], [ -72.510114833200191, -38.684408633096965 ], [ -72.510137201647979, -38.684413454171249 ], [ -72.510537886150203, -38.684486306608818 ], [ -72.510564236051167, -38.684489095283837 ], [ -72.510590787395742, -38.684487986305442 ], [ -72.510661347450267, -38.684479799452788 ], [ -72.510661349081559, -38.684479799196673 ], [ -72.510697285502204, -38.684475629573853 ], [ -72.510805403661408, -38.684471167566642 ], [ -72.510912670186784, -38.684482682801445 ], [ -72.511072015127255, -38.684511988699505 ], [ -72.511105597714575, -38.684514906457764 ], [ -72.511139101953262, -38.684511479731235 ], [ -72.511391301554809, -38.684461040137514 ], [ -72.512537298225595, -38.684228522438957 ], [ -72.512537301090077, -38.684228521742149 ], [ -72.512633591294971, -38.684208983768464 ], [ -72.512726798296086, -38.684196374885147 ], [ -72.512891379043197, -38.684184928193076 ], [ -72.512917503564324, -38.684181156830611 ], [ -72.512942275529753, -38.684173639144582 ], [ -72.513082382024479, -38.684118813909564 ], [ -72.513102081592137, -38.684109475527592 ], [ -72.513119604815557, -38.684097771931505 ], [ -72.513199031456367, -38.684035365646324 ], [ -72.51322955598188, -38.684007054936544 ], [ -72.513284747636547, -38.683946343739805 ], [ -72.513305375152655, -38.68391999127487 ], [ -72.513349983452002, -38.683853079309948 ], [ -72.513358838974227, -38.683836754377374 ], [ -72.513364285338596, -38.683819536418746 ], [ -72.513388911104428, -38.683702563051234 ], [ -72.513394275666286, -38.683651253115755 ], [ -72.513412139739756, -38.683570876700301 ], [ -72.513448212323027, -38.683494345698719 ], [ -72.513501309370739, -38.683424172046294 ], [ -72.513569688067264, -38.683362659008012 ], [ -72.513628568633976, -38.683318498359057 ], [ -72.513639213572432, -38.683310082913955 ], [ -72.513863200619099, -38.683123428232726 ], [ -72.513885778369257, -38.683102125218561 ], [ -72.513973377329293, -38.683008269296145 ], [ -72.513985937830938, -38.682992060359517 ], [ -72.51399081087753, -38.682973484350143 ], [ -72.514008528767889, -38.682855361347251 ], [ -72.514008880399373, -38.682832044951844 ], [ -72.514003010879918, -38.682809185290623 ], [ -72.513989285797322, -38.682774871790549 ], [ -72.513976903528572, -38.682752726238746 ], [ -72.513958692207268, -38.682733210556727 ], [ -72.513942965204251, -38.682719730235462 ], [ -72.513921891078454, -38.682704942472576 ], [ -72.51389749243036, -38.682693726478462 ], [ -72.513737666303172, -38.682636190082789 ], [ -72.513707777899768, -38.682624595598234 ], [ -72.513703885588299, -38.68262297378282 ], [ -72.513607462997811, -38.682572398334834 ], [ -72.513525969812633, -38.682507669826713 ], [ -72.51346272924755, -38.682431427863364 ], [ -72.513420320157749, -38.682346781554074 ], [ -72.513400471881667, -38.682257182721017 ], [ -72.513397911358624, -38.682228874861082 ], [ -72.513373090228939, -38.682092359918322 ], [ -72.51336531430033, -38.682068690115123 ], [ -72.51335111002426, -38.682046931253105 ], [ -72.513260639562532, -38.681939496863379 ], [ -72.513211784701539, -38.681895318879882 ], [ -72.513105281774429, -38.681821229863147 ], [ -72.513016266856226, -38.681742992607475 ], [ -72.512934119242075, -38.681651180665121 ], [ -72.512904526658886, -38.68161445861886 ], [ -72.512814785108773, -38.681490202392347 ], [ -72.512812441417751, -38.681487018223095 ], [ -72.512768152362611, -38.681427965451853 ], [ -72.512723177987382, -38.681352946365791 ], [ -72.512703931265435, -38.681311246029559 ], [ -72.512689939285764, -38.681289056502685 ], [ -72.512670012653672, -38.681269854991953 ], [ -72.512651452263711, -38.681255577648663 ], [ -72.512584075077655, -38.681193394283781 ], [ -72.51253211663871, -38.681122702838906 ], [ -72.512497282215023, -38.681045823463215 ], [ -72.51248071503916, -38.680965279390513 ], [ -72.512482958793242, -38.680883714123716 ], [ -72.512495677669818, -38.680835272251684 ], [ -72.512497694872494, -38.680820237400539 ], [ -72.512495551488442, -38.680800310666328 ], [ -72.512497268141644, -38.680711121363295 ], [ -72.51252137800688, -38.680623946877098 ], [ -72.512566935095677, -38.680542207353568 ], [ -72.512632151989862, -38.680469109696197 ], [ -72.512714469976345, -38.680407521752073 ], [ -72.5128106594385, -38.680359859800909 ], [ -72.512916946564147, -38.680327993760898 ], [ -72.516347535674612, -38.679594942330816 ], [ -72.516372112967034, -38.67958767915399 ], [ -72.516387882935447, -38.679571214215336 ], [ -72.516723159880641, -38.679142189252595 ], [ -72.516746365943035, -38.6791147928814 ], [ -72.517237986976767, -38.678578011850355 ], [ -72.517240427279788, -38.678575367634025 ], [ -72.517763177469618, -38.678013230751226 ], [ -72.517776970495362, -38.677994609543269 ] ] ] ] } },
{ "type": "Feature", "properties": { "id": 7, "capa_kml": "Limite_200m_IPT_09_PRC_Temuco", "nombre_busq": "Limite_200m_IPT_09_PRC_Temuco", "fid_origen": 1, "crs_origen": "EPSG:4326" }, "geometry": { "type": "MultiPolygon", "coordinates": [ [ [ [ -72.824547049472173, -38.777845955319741 ], [ -72.82452723697142, -38.777768036349492 ], [ -72.823733250817213, -38.775751512209794 ], [ -72.823299433649552, -38.774663290191384 ], [ -72.823288758546539, -38.774641325809164 ], [ -72.823031410127285, -38.774030214214434 ], [ -72.823030549661993, -38.774028166777491 ], [ -72.8226945145271, -38.77322696373335 ], [ -72.822317022647923, -38.77234594739496 ], [ -72.822314804438562, -38.772340744061296 ], [ -72.821984475418773, -38.771561924297266 ], [ -72.820625938207542, -38.768363276820772 ], [ -72.820530352295904, -38.768043119092297 ], [ -72.820510681292461, -38.767714693017957 ], [ -72.820567579343319, -38.767388937546265 ], [ -72.82069915034414, -38.767076702530787 ], [ -72.820784362493981, -38.766954995512002 ], [ -72.820827915754933, -38.766874461535444 ], [ -72.820809139870548, -38.766791962557548 ], [ -72.820483865265203, -38.765880566244491 ], [ -72.820147978741559, -38.764939411713378 ], [ -72.820147978477848, -38.764939411086779 ], [ -72.819345353501689, -38.762690360054179 ], [ -72.819167676366646, -38.762192471451407 ], [ -72.819091798023365, -38.761979841304814 ], [ -72.819018074713881, -38.761672196354169 ], [ -72.819013476552485, -38.761359203932386 ], [ -72.819078141448998, -38.761050312613754 ], [ -72.819210116463424, -38.760754847051054 ], [ -72.819275482495414, -38.760641284415577 ], [ -72.819261260734464, -38.760560486394404 ], [ -72.819249310576126, -38.760520587658277 ], [ -72.818728165062254, -38.758780581341803 ], [ -72.817918154690062, -38.756172354746226 ], [ -72.817596265563196, -38.755135923546085 ], [ -72.817335059297307, -38.754294863768891 ], [ -72.81703990447393, -38.753344469474122 ], [ -72.817002886124413, -38.753262812662314 ], [ -72.816894525495641, -38.753245251829043 ], [ -72.816661659435084, -38.753226675443486 ], [ -72.816527857558754, -38.753222142996542 ], [ -72.815341275998449, -38.753236131560413 ], [ -72.813879521241745, -38.753254361288626 ], [ -72.813716794283579, -38.753256389312952 ], [ -72.813689047940926, -38.753256997357006 ], [ -72.810085226876595, -38.753370004567856 ], [ -72.810046172244398, -38.753370968586914 ], [ -72.809849123481271, -38.753374521047185 ], [ -72.807563536831225, -38.753415706353657 ], [ -72.807535578940474, -38.753416076775615 ], [ -72.805642230938375, -38.753432135503473 ], [ -72.805637423259967, -38.753432172307448 ], [ -72.805383746815664, -38.753433906409775 ], [ -72.804829212014283, -38.753437693441207 ], [ -72.80337654953378, -38.753447601296791 ], [ -72.802034776708751, -38.75345673722542 ], [ -72.801834181548756, -38.753459096001556 ], [ -72.801186534550681, -38.753466833280065 ], [ -72.801176526921054, -38.75346693576207 ], [ -72.799841669409346, -38.753478323668119 ], [ -72.799773223688518, -38.753478109876504 ], [ -72.799105652343684, -38.75346824534823 ], [ -72.799084454095933, -38.753468085031962 ], [ -72.798122877168979, -38.753467747298508 ], [ -72.797155965067532, -38.753467400083409 ], [ -72.797141958074164, -38.753467461773148 ], [ -72.795864225061095, -38.753479174124301 ], [ -72.794170721346489, -38.753494676573354 ], [ -72.794143155163553, -38.753494799383859 ], [ -72.792469824665346, -38.753494392049788 ], [ -72.792431927994741, -38.753494871507868 ], [ -72.791858224025006, -38.753509534486092 ], [ -72.791742600619969, -38.75351021291069 ], [ -72.79132325897389, -38.753504419588118 ], [ -72.791109528631225, -38.753514755517159 ], [ -72.790972177935828, -38.753518177758103 ], [ -72.790681693320067, -38.753518618337466 ], [ -72.790666069688683, -38.753518725100207 ], [ -72.790223357236215, -38.753524104100713 ], [ -72.79019347726225, -38.753524771252579 ], [ -72.789162505341224, -38.753558288519137 ], [ -72.789117714863238, -38.753559402422269 ], [ -72.785787989953675, -38.753616749973141 ], [ -72.784153759466989, -38.753652019593972 ], [ -72.783364228332914, -38.753669063102386 ], [ -72.783350682568425, -38.753669418011057 ], [ -72.780747813782099, -38.753749608664819 ], [ -72.780740462646733, -38.75374982584384 ], [ -72.78008883173915, -38.753768258648748 ], [ -72.780054073144996, -38.753769035867528 ], [ -72.778154375864744, -38.75380024975577 ], [ -72.778072144163417, -38.753800449202146 ], [ -72.775123021896889, -38.753766289314555 ], [ -72.775040983086654, -38.753765383201845 ], [ -72.774976640138192, -38.753766030864583 ], [ -72.773989289971937, -38.753797529701409 ], [ -72.773263214559037, -38.753820309800098 ], [ -72.773220486109224, -38.753822274294372 ], [ -72.77300634862911, -38.753835253792886 ], [ -72.772800977109753, -38.753840494877302 ], [ -72.77251217350873, -38.753837759591711 ], [ -72.772313448310769, -38.753856708318828 ], [ -72.772067619762339, -38.753865688638847 ], [ -72.771821643474681, -38.753874620498443 ], [ -72.770982154781336, -38.753906944018887 ], [ -72.770946427549362, -38.753908101665772 ], [ -72.77046430274757, -38.753920784625194 ], [ -72.769821179411068, -38.75393776639401 ], [ -72.769816029624195, -38.753937897840089 ], [ -72.769577612800262, -38.7539437738101 ], [ -72.768574914364436, -38.753968476283369 ], [ -72.768549201046795, -38.753969335202783 ], [ -72.768525421203123, -38.75397033833039 ], [ -72.768388378357528, -38.7539761063681 ], [ -72.768388166826625, -38.753973024783235 ], [ -72.768317131872379, -38.753979888280938 ], [ -72.768106423117459, -38.753983627024255 ], [ -72.768090676212452, -38.75398522377116 ], [ -72.768065550755651, -38.753987334693697 ], [ -72.767711907158386, -38.753995621449292 ], [ -72.767465244107058, -38.753986526432342 ], [ -72.767420057302431, -38.753985556543164 ], [ -72.766696528225339, -38.753981161549795 ], [ -72.765287607152558, -38.75397251807513 ], [ -72.765261248078403, -38.753972237941184 ], [ -72.764758032937848, -38.753964630727751 ], [ -72.763664773236371, -38.753948094676929 ], [ -72.763252986235358, -38.753943842194516 ], [ -72.762936618094159, -38.753940649056268 ], [ -72.762912389255916, -38.753940604303068 ], [ -72.76268003365071, -38.753942091087133 ], [ -72.762232903547059, -38.753910652837639 ], [ -72.761802083833629, -38.753811818561708 ], [ -72.761403979327625, -38.75364935174337 ], [ -72.761053748836105, -38.753429438849551 ], [ -72.760764727869713, -38.753160453711843 ], [ -72.760547920848921, -38.752852638613305 ], [ -72.76041158214251, -38.752517714234017 ], [ -72.760360901884795, -38.752168433317948 ], [ -72.760341378195491, -38.751176717023156 ], [ -72.760226086926778, -38.745320160064132 ], [ -72.760225821158372, -38.745297009110665 ], [ -72.760221963659632, -38.744119035034828 ], [ -72.760220730189602, -38.743755787053516 ], [ -72.760210086111684, -38.743673064915818 ], [ -72.760116548372238, -38.743633742385022 ], [ -72.759846068371672, -38.743545459254392 ], [ -72.759768452946574, -38.743518801219416 ], [ -72.75974436970786, -38.743510111779841 ], [ -72.759526044210759, -38.743451365411666 ], [ -72.758790726782195, -38.743316428087361 ], [ -72.75839565406595, -38.743213624643644 ], [ -72.757414327030915, -38.742878308193774 ], [ -72.757030725453475, -38.742711471034248 ], [ -72.75613715897461, -38.742230170311451 ], [ -72.756105861419712, -38.742213010740237 ], [ -72.755338773105834, -38.74178495484334 ], [ -72.755002742597483, -38.741555964655284 ], [ -72.75489104032367, -38.741443427739583 ], [ -72.754886288325324, -38.741446522588546 ], [ -72.754602082670445, -38.741178858372088 ], [ -72.754487006529885, -38.741098308265613 ], [ -72.754394270943564, -38.741029678903502 ], [ -72.754243502961231, -38.74091173386298 ], [ -72.75421580381547, -38.740890778694784 ], [ -72.753945912533553, -38.740693331142801 ], [ -72.753917939180155, -38.740672519456204 ], [ -72.753818859153469, -38.740597557439663 ], [ -72.753710693235604, -38.740515720758488 ], [ -72.753644099487332, -38.740469114158998 ], [ -72.753557224881007, -38.740412910467477 ], [ -72.753375004599192, -38.740316436605951 ], [ -72.753307558161836, -38.740287685439704 ], [ -72.753241534383051, -38.740261659133772 ], [ -72.753088823073099, -38.740206204612484 ], [ -72.753074663587697, -38.740201153677063 ], [ -72.753006381983809, -38.740177231848818 ], [ -72.75293972359384, -38.740155815395475 ], [ -72.75284895133143, -38.740129221806299 ], [ -72.752706234595749, -38.740095496824388 ], [ -72.752541197483581, -38.740065489063603 ], [ -72.752382265810226, -38.740045655669149 ], [ -72.752320837120337, -38.740041415783189 ], [ -72.752289535332679, -38.740039592053392 ], [ -72.752216580596439, -38.740036124791573 ], [ -72.751985838576374, -38.74004378997288 ], [ -72.751917808235419, -38.740052511089097 ], [ -72.751746465955719, -38.740085473437482 ], [ -72.751647121362382, -38.740115524134914 ], [ -72.751504535426136, -38.740165081828287 ], [ -72.75138957687237, -38.740205006319343 ], [ -72.751328757336694, -38.740227822720151 ], [ -72.750886594478771, -38.740406366416948 ], [ -72.750877739588176, -38.740409922993642 ], [ -72.750534530542751, -38.740547038928661 ], [ -72.750473602821629, -38.740573226738491 ], [ -72.750320431121764, -38.740643861530664 ], [ -72.750261763586394, -38.740672816284722 ], [ -72.750169450892386, -38.740721482364933 ], [ -72.74992612528176, -38.74084997472216 ], [ -72.749882761983102, -38.740873251615994 ], [ -72.749475882274211, -38.741047297945592 ], [ -72.749032702894382, -38.741153908380376 ], [ -72.748571228073146, -38.741188751871618 ], [ -72.748110205441279, -38.741150412928221 ], [ -72.747668364233604, -38.74104044912746 ], [ -72.747615449862138, -38.741022504620375 ], [ -72.747545647790986, -38.741000923108764 ], [ -72.747376439179519, -38.740953544322132 ], [ -72.747322833447171, -38.740939686949886 ], [ -72.747115036571813, -38.740890365450205 ], [ -72.747102156653682, -38.740887372546887 ], [ -72.746777619383963, -38.74081357182277 ], [ -72.746550150002946, -38.740762321865652 ], [ -72.746420889665444, -38.740729935964012 ], [ -72.746398525410115, -38.740723757367263 ], [ -72.746139805571062, -38.740678531177366 ], [ -72.746098958944202, -38.740676080652712 ], [ -72.746082431044229, -38.740675080373151 ], [ -72.745984572770496, -38.740676337917016 ], [ -72.745978960641892, -38.740752863183666 ], [ -72.746036687347498, -38.742001556494095 ], [ -72.746109509320448, -38.743576722202093 ], [ -72.746110978263772, -38.74363164171983 ], [ -72.74612315758263, -38.745305859406493 ], [ -72.746123174097079, -38.745308458913442 ], [ -72.746124088323612, -38.745476776474121 ], [ -72.746128913805705, -38.746379118927194 ], [ -72.746120251803433, -38.746379147333897 ], [ -72.746120409202419, -38.746468056877852 ], [ -72.746128012517602, -38.746468104595593 ], [ -72.746119275306896, -38.74732186810941 ], [ -72.746116797024555, -38.747561924562774 ], [ -72.746116797190467, -38.747561927728121 ], [ -72.74611287969806, -38.747941442993195 ], [ -72.746098695949129, -38.749325516283456 ], [ -72.746098481001297, -38.749339614709108 ], [ -72.746093827693215, -38.749569469349275 ], [ -72.746066160202716, -38.750937467328399 ], [ -72.74604603383041, -38.751929992493949 ], [ -72.746031406660705, -38.752657264662936 ], [ -72.746022020984398, -38.753118371221987 ], [ -72.745976427537158, -38.753447663641346 ], [ -72.745854613067564, -38.753764853876419 ], [ -72.745660694564577, -38.754059219279959 ], [ -72.745401226724638, -38.754320808681939 ], [ -72.745084980452859, -38.75454077882938 ], [ -72.744722646398742, -38.75471169338077 ], [ -72.744326473544049, -38.754827774340669 ], [ -72.743909855063066, -38.754885097427547 ], [ -72.743843334956495, -38.754889371819225 ], [ -72.743747630986789, -38.755026588368196 ], [ -72.743714973827451, -38.75508612851111 ], [ -72.743441265633621, -38.755390914335003 ], [ -72.743093335431766, -38.755645091007381 ], [ -72.742686066770148, -38.755837785051661 ], [ -72.74223688210401, -38.755960753112817 ], [ -72.741764997389168, -38.756008734666693 ], [ -72.741123700991409, -38.75602155769915 ], [ -72.741117189951964, -38.756021680651841 ], [ -72.740821081153214, -38.756026943550971 ], [ -72.740633736423064, -38.756035928786048 ], [ -72.740494351489474, -38.756036074437908 ], [ -72.740430683818843, -38.75603672934708 ], [ -72.740353268084036, -38.756037563725933 ], [ -72.740267132439101, -38.756038431201972 ], [ -72.740185631113349, -38.756039290748362 ], [ -72.740091300424126, -38.756040322013227 ], [ -72.740088437801319, -38.756040351912652 ], [ -72.740013503552134, -38.75604109804646 ], [ -72.739919237321459, -38.756042069438287 ], [ -72.739844056882646, -38.756042865011999 ], [ -72.739757297621068, -38.756043812312313 ], [ -72.739675283447028, -38.756044708777267 ], [ -72.739672609720969, -38.756044736784915 ], [ -72.739607023976731, -38.756045393937399 ], [ -72.73957489344707, -38.756045996070071 ], [ -72.739502810965391, -38.756048035265422 ], [ -72.73942749486487, -38.756050212249257 ], [ -72.739342040314014, -38.75605269712154 ], [ -72.739260074858336, -38.756055060924282 ], [ -72.739174661563396, -38.756057487519357 ], [ -72.739089425800628, -38.75605991572386 ], [ -72.739054226168932, -38.75606095444499 ], [ -72.738601571559059, -38.756039289213405 ], [ -72.738163138887685, -38.755948519694435 ], [ -72.737755963874875, -38.755792172878607 ], [ -72.73739586742299, -38.755576323798493 ], [ -72.737096840803545, -38.755309359427713 ], [ -72.736870502003413, -38.755001652741619 ], [ -72.736725644360263, -38.754665159615271 ], [ -72.736667895018826, -38.754312954232596 ], [ -72.736450645505499, -38.748443254354314 ], [ -72.736402693944427, -38.747251055133255 ], [ -72.736389913545125, -38.747172578052052 ], [ -72.736289483898773, -38.74716397611067 ], [ -72.735218564283542, -38.747152579210898 ], [ -72.735178008292792, -38.747152707440009 ], [ -72.733285534435836, -38.747184811660333 ], [ -72.732097452473681, -38.747205010991642 ], [ -72.732078323451447, -38.747205273799942 ], [ -72.73186487064163, -38.747207510885133 ], [ -72.730280124616556, -38.747224116361963 ], [ -72.729292780670605, -38.747234508028029 ], [ -72.728367256321178, -38.747251267640628 ], [ -72.726670949290764, -38.74728213650075 ], [ -72.724149663984207, -38.747327909472538 ], [ -72.723413392382923, -38.747341291349748 ], [ -72.723397927337771, -38.747341653893635 ], [ -72.722702956821152, -38.747361608367576 ], [ -72.721189052509999, -38.747405055404442 ], [ -72.719706431680947, -38.747447640671204 ], [ -72.719471345162248, -38.74745433715961 ], [ -72.719306506879676, -38.747454404316962 ], [ -72.719212088213808, -38.747451791903934 ], [ -72.718796496464321, -38.747440253989105 ], [ -72.717037629094577, -38.747391395458457 ], [ -72.716093274977879, -38.747365191931237 ], [ -72.715161641721068, -38.747339336498392 ], [ -72.715069592298221, -38.747339668927786 ], [ -72.714838208835147, -38.747347765090005 ], [ -72.714533731180978, -38.747358425621371 ], [ -72.714498874058378, -38.747360061550246 ], [ -72.713424273422632, -38.747423323995065 ], [ -72.713419781879296, -38.747423584931646 ], [ -72.713397066983433, -38.747424887044701 ], [ -72.712689368682945, -38.747468725214304 ], [ -72.712646262259341, -38.747471076482142 ], [ -72.711590576617439, -38.747520857093264 ], [ -72.711485462640212, -38.747534132742274 ], [ -72.711484501980806, -38.747537598992771 ], [ -72.711435433659531, -38.747873299113493 ], [ -72.711294090991757, -38.748214695577261 ], [ -72.71106913212256, -38.74852737547063 ], [ -72.710769484805425, -38.748798928353722 ], [ -72.710407041618382, -38.749018576024547 ], [ -72.70999618798119, -38.749177600377855 ], [ -72.709553231150451, -38.749269689496344 ], [ -72.709095752864556, -38.749291188225982 ], [ -72.70864191135297, -38.749241243280736 ], [ -72.708209720441644, -38.749121837112121 ], [ -72.707816334399809, -38.748937709198643 ], [ -72.707477366943237, -38.748696167883928 ], [ -72.707334577372649, -38.748543754491713 ], [ -72.707329171447398, -38.748546952448685 ], [ -72.707027137254215, -38.748233849270569 ], [ -72.70698994918034, -38.748197309082379 ], [ -72.706486272096285, -38.747727921850959 ], [ -72.706408935765808, -38.747662690384779 ], [ -72.705642303442261, -38.747076990934019 ], [ -72.705578467603402, -38.747031747124105 ], [ -72.704828675677888, -38.746539031076267 ], [ -72.704732638557672, -38.746482351926169 ], [ -72.704303434829129, -38.7462556016796 ], [ -72.704246906254824, -38.746227575749145 ], [ -72.704079898945238, -38.74615001138551 ], [ -72.703868041613319, -38.746073241373423 ], [ -72.703419433666156, -38.745952331860451 ], [ -72.703028200923598, -38.745813688050418 ], [ -72.702676691985658, -38.745620513306747 ], [ -72.702377156821356, -38.745379539935591 ], [ -72.702140033770434, -38.745099165976477 ], [ -72.70197358579108, -38.744789162482142 ], [ -72.701883612571734, -38.744460332957161 ], [ -72.701873248531356, -38.744124136830465 ], [ -72.701942853731367, -38.743792290089132 ], [ -72.702090001481764, -38.743476356993099 ], [ -72.702192462285737, -38.743307331930836 ], [ -72.702203011661311, -38.743289425657416 ], [ -72.703378117508535, -38.7412359607548 ], [ -72.703551992675571, -38.740986818102911 ], [ -72.703746381660295, -38.740789837252137 ], [ -72.703751886125261, -38.740782380972348 ], [ -72.70373855867858, -38.740691013924497 ], [ -72.703737466604792, -38.740687190482639 ], [ -72.703635667741949, -38.74046880425702 ], [ -72.703528707134581, -38.7403078995873 ], [ -72.703474427713743, -38.740220575367061 ], [ -72.703249337120511, -38.739832181115567 ], [ -72.703186425250649, -38.739738679270644 ], [ -72.703125192081202, -38.739667336713431 ], [ -72.702858720284738, -38.739386901147149 ], [ -72.702858719077284, -38.739386899993853 ], [ -72.70264760939898, -38.73916472596138 ], [ -72.702446707787203, -38.738912117753713 ], [ -72.702301649574935, -38.738637051307457 ], [ -72.702216393058322, -38.738347033809269 ], [ -72.702195877733914, -38.738235911736581 ], [ -72.702162923603936, -38.738115917285455 ], [ -72.702133863511293, -38.738036805147352 ], [ -72.702112455394612, -38.737984568647327 ], [ -72.70203678680852, -38.737817593374125 ], [ -72.702026773230244, -38.737796347887482 ], [ -72.701674826615175, -38.737077572553602 ], [ -72.701572895896433, -38.736808222593069 ], [ -72.701557328849447, -38.736751045758069 ], [ -72.70154543691612, -38.736713021995655 ], [ -72.701517656531962, -38.736638324992789 ], [ -72.701426689666235, -38.736428032736647 ], [ -72.70138252547693, -38.736341091875758 ], [ -72.701320133067796, -38.736234724568206 ], [ -72.70127461070085, -38.736165232629006 ], [ -72.701209629226412, -38.736075811984669 ], [ -72.701144638243989, -38.736004467744905 ], [ -72.701033696625771, -38.735992855459557 ], [ -72.699072119486075, -38.735945711027881 ], [ -72.699045528668393, -38.735944951111193 ], [ -72.696950577089623, -38.735875556102449 ], [ -72.696925730196384, -38.735874627375033 ], [ -72.696658007572907, -38.735863483287019 ], [ -72.696232078001628, -38.735814142983301 ], [ -72.695825353583388, -38.735703489404173 ], [ -72.69545208828788, -38.735535400553459 ], [ -72.695125363228186, -38.735315767274237 ], [ -72.694856628177391, -38.735052286757536 ], [ -72.694655300308938, -38.734754192744163 ], [ -72.694528434224679, -38.734431931882824 ], [ -72.694458237181735, -38.734167968931608 ], [ -72.694433054443877, -38.734115711471588 ], [ -72.694318897389522, -38.733903670831474 ], [ -72.694268989761767, -38.733831356769898 ], [ -72.694164674763215, -38.733822325360826 ], [ -72.692241958458283, -38.733801863262201 ], [ -72.692211273777787, -38.733801857144037 ], [ -72.689422369538192, -38.733830414739757 ], [ -72.689422285405058, -38.733830418977178 ], [ -72.685603633925595, -38.733869524264243 ], [ -72.685580082493843, -38.733869954108052 ], [ -72.684102641887023, -38.733908773750073 ], [ -72.68325221850067, -38.733931191440554 ], [ -72.682262934720001, -38.73395715641886 ], [ -72.68045343902071, -38.734004756802754 ], [ -72.680408112367246, -38.734005945928843 ], [ -72.679909369233144, -38.733976407321528 ], [ -72.679430573587069, -38.733863115805136 ], [ -72.678994370421734, -38.733671429669656 ], [ -72.678898789740188, -38.733617956601833 ], [ -72.678795618978171, -38.733612766632326 ], [ -72.67768084612932, -38.733637693402201 ], [ -72.677619333240216, -38.733638423824587 ], [ -72.675929799684326, -38.733640772269162 ], [ -72.675427043851826, -38.733643991517546 ], [ -72.674081524391937, -38.733652760234328 ], [ -72.672347783324227, -38.733673733451774 ], [ -72.672328980930175, -38.733674081993186 ], [ -72.672168061777029, -38.733678098506822 ], [ -72.671899834453157, -38.733684746309947 ], [ -72.671113888188543, -38.733704211938893 ], [ -72.670163176571606, -38.733727683978536 ], [ -72.669778345505591, -38.733737240974726 ], [ -72.669734804473478, -38.733738969891498 ], [ -72.669284591182603, -38.733763555811791 ], [ -72.669240070045177, -38.733766221059909 ], [ -72.669084764383712, -38.733777127000309 ], [ -72.668803585361061, -38.733783344204667 ], [ -72.668354656412831, -38.73377174606177 ], [ -72.66733189571174, -38.733750490538768 ], [ -72.667298733297855, -38.733750177733526 ], [ -72.665831447893382, -38.733752929264689 ], [ -72.665349041499553, -38.733713777464558 ], [ -72.664887843862857, -38.733596260433949 ], [ -72.664468364299168, -38.733405604203135 ], [ -72.664109256532171, -38.733150287238651 ], [ -72.663826489089288, -38.732841663332998 ], [ -72.663632635213574, -38.732493456626905 ], [ -72.662232497356555, -38.729016708147732 ], [ -72.662020504491721, -38.72849033893317 ], [ -72.661819940845604, -38.727992391391865 ], [ -72.661769231304262, -38.727866344836038 ], [ -72.661629615663145, -38.727519715350667 ], [ -72.661435904239596, -38.727038716261269 ], [ -72.661249169646737, -38.726574888465898 ], [ -72.661041275822626, -38.726058028189108 ], [ -72.661037219584358, -38.726047838372253 ], [ -72.660836122753039, -38.725537335590317 ], [ -72.660737539236933, -38.725287115281141 ], [ -72.660647677160668, -38.724942762872502 ], [ -72.660644882962842, -38.724591295777429 ], [ -72.660729261743825, -38.724246093214859 ], [ -72.660897600310236, -38.723920295748272 ], [ -72.661143489665662, -38.723626305098357 ], [ -72.661457569112883, -38.723375312104032 ], [ -72.661827882655501, -38.723176870792351 ], [ -72.662240334121506, -38.723038534760633 ], [ -72.662679223684179, -38.722965569701309 ], [ -72.662778321702874, -38.722956884675803 ], [ -72.663216879889831, -38.722951421238214 ], [ -72.663648785358816, -38.723011286066821 ], [ -72.663744340330098, -38.723032053965895 ], [ -72.66385715842965, -38.723051845369042 ], [ -72.664011663038707, -38.723072618524711 ], [ -72.664078351679223, -38.723080016386938 ], [ -72.664153769737737, -38.72308662357036 ], [ -72.664451731677261, -38.723082110275904 ], [ -72.664453906416071, -38.723081851279453 ], [ -72.66455676953953, -38.723071454236113 ], [ -72.664786877764016, -38.723052317191154 ], [ -72.665167579984242, -38.723045493435748 ], [ -72.665219868770194, -38.723047954688447 ], [ -72.665224032783314, -38.723047798661788 ], [ -72.665334231624414, -38.723039486949844 ], [ -72.665339368324496, -38.723038902736398 ], [ -72.665548949177548, -38.72302269994421 ], [ -72.665821454096545, -38.723011468140321 ], [ -72.665821806993023, -38.723016722313261 ], [ -72.666036910703156, -38.723004825658201 ], [ -72.666040037421993, -38.723004888113984 ], [ -72.66612666997878, -38.722999996260242 ], [ -72.666549994442335, -38.723006707282856 ], [ -72.666964573113731, -38.7230741041665 ], [ -72.667356351825674, -38.723199902203291 ], [ -72.667712049148165, -38.723379836876582 ], [ -72.667893195039724, -38.723491242504039 ], [ -72.667975154075663, -38.723506768344947 ], [ -72.668037298875674, -38.723508665956473 ], [ -72.668243773329721, -38.723485295474056 ], [ -72.668244691573818, -38.723490273899522 ], [ -72.66839427558368, -38.723471721425419 ], [ -72.668407335786029, -38.723470908203204 ], [ -72.668454164816623, -38.723464189260298 ], [ -72.668851425419732, -38.723434762351985 ], [ -72.66924919909934, -38.72345957451973 ], [ -72.669635509679864, -38.723537878745937 ], [ -72.669825923134795, -38.7235906545746 ], [ -72.670062533145, -38.723634796099155 ], [ -72.670223599571059, -38.723650973872338 ], [ -72.670276654912826, -38.723655325308115 ], [ -72.670589701444015, -38.723675260389761 ], [ -72.670803440615103, -38.723688850425106 ], [ -72.670827669056877, -38.723690099078595 ], [ -72.671219979835698, -38.723737205362674 ], [ -72.671596108865245, -38.723836452696105 ], [ -72.671944852758543, -38.723984884944443 ], [ -72.672061910563031, -38.724045502313096 ], [ -72.672083316923562, -38.724056322355182 ], [ -72.672335458217873, -38.724180691522591 ], [ -72.672389044577557, -38.724205561033777 ], [ -72.672423053399612, -38.724220384595888 ], [ -72.672530045158481, -38.724256312535552 ], [ -72.672576203384224, -38.724263619945646 ], [ -72.672695765888193, -38.72426236978589 ], [ -72.673088308974883, -38.724181178116929 ], [ -72.67331022527155, -38.724128147728614 ], [ -72.673752798264687, -38.72409255036743 ], [ -72.673826518769417, -38.724092236482299 ], [ -72.674230833217621, -38.724118549873914 ], [ -72.67462295330418, -38.72420011267306 ], [ -72.674990674990369, -38.724334386422939 ], [ -72.675263512723944, -38.724458044004145 ], [ -72.675345837888585, -38.724486128024076 ], [ -72.675435512320306, -38.724509948489597 ], [ -72.675530198887117, -38.72450933945597 ], [ -72.67566619576165, -38.724499510964229 ], [ -72.675728046972765, -38.724493380839462 ], [ -72.676159797743054, -38.72448262396842 ], [ -72.676586499907117, -38.724535306099348 ], [ -72.676789814879783, -38.724592441944331 ], [ -72.676869850282358, -38.724607632964016 ], [ -72.676850691810657, -38.724533336640192 ], [ -72.6751535544973, -38.720230856796569 ], [ -72.674889367956141, -38.719561060676256 ], [ -72.674705159806791, -38.719101305910527 ], [ -72.674705985657383, -38.719101102827402 ], [ -72.674648877436596, -38.718956005986797 ], [ -72.674647102331505, -38.718956442562984 ], [ -72.674142814997239, -38.717697969554472 ], [ -72.674142814326302, -38.717697968118806 ], [ -72.673640108405934, -38.716443401612551 ], [ -72.673636511820391, -38.716434584522084 ], [ -72.673062492362561, -38.715051882039411 ], [ -72.672962012563218, -38.714680526651037 ], [ -72.672963088233502, -38.714300919727357 ], [ -72.673065670020534, -38.713929917407498 ], [ -72.673265201428563, -38.71358399350148 ], [ -72.673552821396498, -38.713278508034229 ], [ -72.673915757943504, -38.713027025280915 ], [ -72.674001832363544, -38.712979025827288 ], [ -72.674077902317279, -38.712928074205486 ], [ -72.674176328401117, -38.712789703829266 ], [ -72.674181023711995, -38.712791754048176 ], [ -72.674188169275681, -38.712782355734156 ], [ -72.67434077939987, -38.712521468270538 ], [ -72.674391676734956, -38.712397957743612 ], [ -72.674535958313996, -38.712203924074089 ], [ -72.674588726582172, -38.712116486855919 ], [ -72.674590696934828, -38.712092313453155 ], [ -72.674604711953904, -38.712000099230366 ], [ -72.674607393581582, -38.711950076510334 ], [ -72.674601329139648, -38.711909193924392 ], [ -72.6745853945026, -38.711868543496777 ], [ -72.674475217603273, -38.711677313569751 ], [ -72.674380189692613, -38.711405659044075 ], [ -72.674322957824032, -38.711171550881815 ], [ -72.674305664254106, -38.711123981078252 ], [ -72.674299525616419, -38.711107680679177 ], [ -72.674289020020154, -38.711080723947163 ], [ -72.674251654751956, -38.710917748003105 ], [ -72.674245112609356, -38.710918938207485 ], [ -72.67419869906216, -38.710762321910813 ], [ -72.674068192723269, -38.710426073417935 ], [ -72.67405134719624, -38.710358625279518 ], [ -72.674008584113949, -38.710002922489451 ], [ -72.674008678437815, -38.709989257027679 ], [ -72.674020926346714, -38.709813048299857 ], [ -72.674026070561112, -38.709774208980186 ], [ -72.674019053732025, -38.709696760930655 ], [ -72.673991354295978, -38.709560546235551 ], [ -72.673978956802117, -38.709063343891103 ], [ -72.67398598657077, -38.709017250580779 ], [ -72.673981765548646, -38.708944115318133 ], [ -72.673975436809712, -38.708905358140306 ], [ -72.673913210941649, -38.708707138126854 ], [ -72.673883848801296, -38.708645098215769 ], [ -72.673817030288788, -38.708479957400876 ], [ -72.673800117252227, -38.708429921370779 ], [ -72.673735505993193, -38.708152648596695 ], [ -72.67373324887879, -38.708135418435418 ], [ -72.673718751031444, -38.708091387583103 ], [ -72.673558061068107, -38.707845258295549 ], [ -72.673485231135814, -38.707722541318745 ], [ -72.673461886635238, -38.70767899889394 ], [ -72.67333969707208, -38.707380789720382 ], [ -72.67333621355418, -38.707368787773781 ], [ -72.673198689873118, -38.707115325257547 ], [ -72.67315362937002, -38.707016375042187 ], [ -72.673153126814583, -38.707015467204002 ], [ -72.673070707619175, -38.706897887513627 ], [ -72.672872501856915, -38.706518025520232 ], [ -72.672833124068902, -38.706408231057267 ], [ -72.672833890204217, -38.706408062353908 ], [ -72.672798845879399, -38.70630863514041 ], [ -72.672792411315399, -38.706310084078773 ], [ -72.672724458840918, -38.706124805653239 ], [ -72.672666480904667, -38.706040758216524 ], [ -72.672643665079349, -38.706014815446501 ], [ -72.67256348589315, -38.705941435710756 ], [ -72.672249639119116, -38.705712796607514 ], [ -72.671990794956457, -38.705434934800117 ], [ -72.67177872922754, -38.705154495117135 ], [ -72.671585802087378, -38.704958679333046 ], [ -72.671271639558739, -38.704639808602103 ], [ -72.671202213680786, -38.704581493786684 ], [ -72.671101102347251, -38.704590436632287 ], [ -72.671100400997304, -38.704590551284582 ], [ -72.671060119923581, -38.704599710450026 ], [ -72.670637399212666, -38.704662963244509 ], [ -72.670537204228907, -38.704670440393564 ], [ -72.670476946721593, -38.704678640916057 ], [ -72.669984545627358, -38.704703538605749 ], [ -72.669496706049685, -38.704645528279634 ], [ -72.66945087712223, -38.704636047143872 ], [ -72.669018156193601, -38.704508877976508 ], [ -72.668772239432641, -38.70441352663083 ], [ -72.668400279586422, -38.704232890424485 ], [ -72.668078740533772, -38.704000298742216 ], [ -72.667819272215255, -38.703724179223229 ], [ -72.667631275205196, -38.703414536559571 ], [ -72.667565786363923, -38.703216398173069 ], [ -72.667560574146705, -38.703217475258199 ], [ -72.667450078138046, -38.702889147112948 ], [ -72.667433931197237, -38.702845638046995 ], [ -72.666590400018961, -38.700768955363756 ], [ -72.666590399607159, -38.700768954491778 ], [ -72.66630917248176, -38.70007657830562 ], [ -72.666307633392336, -38.700072774486443 ], [ -72.666131641115598, -38.699636133562102 ], [ -72.665628441221756, -38.69838765367961 ], [ -72.665375140682414, -38.697759175946196 ], [ -72.665188670084802, -38.69729650930379 ], [ -72.664824835856606, -38.696393754049701 ], [ -72.664644857627039, -38.695947177831592 ], [ -72.664644857482827, -38.695947177526463 ], [ -72.664534237860664, -38.695672696768796 ], [ -72.6644379140224, -38.695301347240871 ], [ -72.664442845626326, -38.694922422580198 ], [ -72.664476233235234, -38.694805929587417 ], [ -72.664496259062275, -38.694676290358082 ], [ -72.664463175315092, -38.694589788236222 ], [ -72.663771503736527, -38.693286405909319 ], [ -72.663718941332164, -38.693209926797181 ], [ -72.663690867889898, -38.693198554438993 ], [ -72.663400492638885, -38.693112083577141 ], [ -72.663061033652369, -38.692954412609936 ], [ -72.662760987786953, -38.69275356256167 ], [ -72.662509197451215, -38.692515452788591 ], [ -72.66197604978133, -38.691912597808638 ], [ -72.661821735513072, -38.691711219436215 ], [ -72.661359140902931, -38.691007254654828 ], [ -72.661300812768857, -38.690936660805079 ], [ -72.661193504280419, -38.690936209102361 ], [ -72.660991167666694, -38.690951112192039 ], [ -72.6608885774681, -38.690966361903705 ], [ -72.66073327243798, -38.691079720267346 ], [ -72.660728305432059, -38.691075540390663 ], [ -72.660588308388299, -38.691179327438384 ], [ -72.660259363355749, -38.691350330514112 ], [ -72.659897935952586, -38.691474701771988 ], [ -72.65962365397003, -38.691547792369938 ], [ -72.659619690650004, -38.691538656975389 ], [ -72.659215018770922, -38.691637839960194 ], [ -72.659165708836539, -38.691644397283497 ], [ -72.65909596864384, -38.691656447132253 ], [ -72.65887507456064, -38.691721119359563 ], [ -72.658701358903045, -38.691785033068903 ], [ -72.658246944412994, -38.691870399231298 ], [ -72.657779890895966, -38.691881974127199 ], [ -72.657319502451472, -38.691819279391936 ], [ -72.65719681431419, -38.691792267437791 ], [ -72.656958356841201, -38.69172600621819 ], [ -72.656941917095224, -38.691723193815839 ], [ -72.656884920809432, -38.691722200474125 ], [ -72.656850119317454, -38.691726542480616 ], [ -72.656849864945997, -38.691726609742659 ], [ -72.656369397016604, -38.691810080049208 ], [ -72.655877269321181, -38.691811476892639 ], [ -72.655396042742453, -38.691730736288861 ], [ -72.655096188280467, -38.691624259661893 ], [ -72.655092698434785, -38.691630030930448 ], [ -72.654769344442926, -38.691509930525044 ], [ -72.654647338922871, -38.691474499928923 ], [ -72.654485867734138, -38.691398662293537 ], [ -72.654390989593026, -38.691364673846131 ], [ -72.654212234104804, -38.691361675637573 ], [ -72.654154639148345, -38.691365567676364 ], [ -72.653715318867825, -38.691328757045433 ], [ -72.653293102086394, -38.691226748922752 ], [ -72.652903589799834, -38.691063312589421 ], [ -72.652561174299692, -38.690844487085783 ], [ -72.652492163070235, -38.690790946376744 ], [ -72.652416769322699, -38.690768839977949 ], [ -72.652336800529909, -38.690759585683615 ], [ -72.652262413168827, -38.690776141425999 ], [ -72.6521789212633, -38.690811337233029 ], [ -72.651828541962317, -38.691006360871647 ], [ -72.651761451852437, -38.691029958292795 ], [ -72.651585392044908, -38.691111418491602 ], [ -72.651263764420719, -38.691234840234273 ], [ -72.651237975273261, -38.691241078302767 ], [ -72.65103648727596, -38.691319394446388 ], [ -72.650974331157897, -38.691358085217793 ], [ -72.650871539220319, -38.691450506990087 ], [ -72.650558999170372, -38.691683282766732 ], [ -72.65019648855143, -38.691866218384853 ], [ -72.649796762944263, -38.691992876802964 ], [ -72.649373887686579, -38.692058801218941 ], [ -72.648942742861649, -38.692061671922978 ], [ -72.648518499589557, -38.692001387936195 ], [ -72.648116086068654, -38.691880070559684 ], [ -72.647749662176409, -38.691701988709816 ], [ -72.647432121136717, -38.691473408670348 ], [ -72.647174635802642, -38.691202373554248 ], [ -72.647139978210873, -38.691146450448628 ], [ -72.647058654771897, -38.691044269395462 ], [ -72.646969753747356, -38.691090193552547 ], [ -72.646835980425564, -38.6911765651679 ], [ -72.646490877643345, -38.691325310695198 ], [ -72.646352330112933, -38.691399609089018 ], [ -72.646070384322869, -38.691554003483866 ], [ -72.6457153827116, -38.691684654898651 ], [ -72.645426468584446, -38.691746879387338 ], [ -72.645426866402872, -38.691748065515583 ], [ -72.645262363416819, -38.691781954054456 ], [ -72.645176796914384, -38.691810749222022 ], [ -72.644750653443538, -38.691917049664859 ], [ -72.644306310885796, -38.69195666571494 ], [ -72.643860590468975, -38.69192809768888 ], [ -72.643430365573806, -38.69183242710907 ], [ -72.643031922830332, -38.691673275746417 ], [ -72.642987518701503, -38.691651029344385 ], [ -72.642782150458103, -38.691587580927198 ], [ -72.64278391886613, -38.691584065137675 ], [ -72.642532679619805, -38.69151945475906 ], [ -72.642355049442273, -38.69145187917055 ], [ -72.64232193622982, -38.691454253487365 ], [ -72.642160686895039, -38.691489619151817 ], [ -72.641724891560457, -38.691550507531865 ], [ -72.641282285237807, -38.691544794205775 ], [ -72.640849285026377, -38.691472691129732 ], [ -72.640797698854016, -38.691459927290232 ], [ -72.640458713455715, -38.691352126215939 ], [ -72.640093769700229, -38.691208585606304 ], [ -72.639854068124663, -38.691164812529991 ], [ -72.639727234822516, -38.691153304078142 ], [ -72.639645433611904, -38.691148193776947 ], [ -72.639587240669471, -38.691146193812301 ], [ -72.639499115759776, -38.691148512422075 ], [ -72.639412499647463, -38.691161449394151 ], [ -72.639361366083307, -38.691172355011794 ], [ -72.639358647897865, -38.691164526666036 ], [ -72.638981722158348, -38.691234553342959 ], [ -72.638887758436411, -38.691242964167841 ], [ -72.638817262770075, -38.691259235694694 ], [ -72.638736678064902, -38.691289961556038 ], [ -72.638341640065207, -38.691406784238495 ], [ -72.637926000677169, -38.691465002982248 ], [ -72.637568645568024, -38.691488831217796 ], [ -72.637178669186241, -38.691488812239356 ], [ -72.637047220667057, -38.691480034569913 ], [ -72.636953666348703, -38.691506956456301 ], [ -72.636914797792528, -38.69152378290979 ], [ -72.63649418970455, -38.69172507203136 ], [ -72.636186996738914, -38.691848294596106 ], [ -72.635859726523492, -38.691934083943636 ], [ -72.635856738325799, -38.691934676045754 ], [ -72.635747362496289, -38.691977583447049 ], [ -72.635161126017721, -38.692273573205291 ], [ -72.63508329930103, -38.692316544954409 ], [ -72.63497802679278, -38.692379944557736 ], [ -72.634420378753177, -38.692715782326637 ], [ -72.634390596518813, -38.692733418626133 ], [ -72.634089960035865, -38.692908459983293 ], [ -72.633956839051748, -38.692985965300878 ], [ -72.633942000968105, -38.692994532133376 ], [ -72.633790773300319, -38.693081113014145 ], [ -72.63369055107664, -38.693135359926096 ], [ -72.633473697569571, -38.69324620150072 ], [ -72.633391683757637, -38.693297131528006 ], [ -72.633322969084716, -38.693358978671696 ], [ -72.633242083461809, -38.693446978927227 ], [ -72.633160370960113, -38.69354983734037 ], [ -72.633040383230394, -38.693726356715047 ], [ -72.632995805178908, -38.693788906986292 ], [ -72.632980869039955, -38.693808919317192 ], [ -72.632860868276751, -38.69395337001297 ], [ -72.632859163139273, -38.693955222289944 ], [ -72.632776255911011, -38.694079143553154 ], [ -72.63272482021226, -38.694177660963021 ], [ -72.632657011542477, -38.694365946546533 ], [ -72.632633651765758, -38.694491053362249 ], [ -72.632485893914449, -38.694819516446408 ], [ -72.632260244550707, -38.695119557804389 ], [ -72.631965137467319, -38.695379962023772 ], [ -72.631611603111239, -38.695590995211134 ], [ -72.631212856300564, -38.695744768897306 ], [ -72.631122492655649, -38.69577146307671 ], [ -72.631003620324833, -38.695819895617362 ], [ -72.630916798114399, -38.695879254739495 ], [ -72.630858917276839, -38.695917529499617 ], [ -72.630712107241337, -38.696011409348479 ], [ -72.630645078159148, -38.696061950400669 ], [ -72.630589433640395, -38.696120363708324 ], [ -72.630543354761258, -38.696178016165526 ], [ -72.63046834713009, -38.696288189953528 ], [ -72.630447675007403, -38.696324402916439 ], [ -72.630399421857703, -38.696424512916828 ], [ -72.630363627942216, -38.696514659385123 ], [ -72.630323296079311, -38.696654917429804 ], [ -72.63030616309463, -38.696749089439649 ], [ -72.630304180667537, -38.696760508192185 ], [ -72.630288854795737, -38.696853221094379 ], [ -72.630285141387759, -38.696936792852703 ], [ -72.630303793174775, -38.697031435095667 ], [ -72.630329491427943, -38.697365457475549 ], [ -72.630275912254177, -38.697697441697699 ], [ -72.630144903414262, -38.698015932145765 ], [ -72.629992256556505, -38.698295083235678 ], [ -72.629846693540671, -38.698561277476969 ], [ -72.629648672926976, -38.698848355410817 ], [ -72.629387809466508, -38.699102726669743 ], [ -72.629072663656657, -38.699316043240174 ], [ -72.628713577728035, -38.699481304394141 ], [ -72.628322336222311, -38.699593086479958 ], [ -72.627791948600446, -38.699703169202429 ], [ -72.627784864378256, -38.699705238487901 ], [ -72.627328278143978, -38.699798128255559 ], [ -72.626857108793658, -38.699816026280864 ], [ -72.626391198156583, -38.699758178891237 ], [ -72.625950166535006, -38.699627022189269 ], [ -72.625552586287611, -38.699428079434689 ], [ -72.625215199593995, -38.699169728398033 ], [ -72.624952213367948, -38.698862848493711 ], [ -72.624774701026112, -38.698520362566335 ], [ -72.624690136301837, -38.698156692640822 ], [ -72.624677131757181, -38.698025394967509 ], [ -72.624675942864414, -38.698012821386754 ], [ -72.624628478720155, -38.697485824809498 ], [ -72.624585936591956, -38.697013450852296 ], [ -72.624553368476967, -38.69665183524917 ], [ -72.624535902104341, -38.696572436396337 ], [ -72.624435222537869, -38.696588757206165 ], [ -72.623382374209257, -38.696847811225226 ], [ -72.623241669766344, -38.696882431112805 ], [ -72.621481824422958, -38.697315414276758 ], [ -72.621394051592944, -38.697337008809264 ], [ -72.621386524071553, -38.697338849673649 ], [ -72.619930139205394, -38.6976928522433 ], [ -72.619927410965872, -38.697685959050013 ], [ -72.619840717196709, -38.697706505253542 ], [ -72.619843496956804, -38.697713911182603 ], [ -72.618423734218453, -38.698041164809126 ], [ -72.618408613573763, -38.698044605941341 ], [ -72.617985929969848, -38.698139569789895 ], [ -72.617605407709902, -38.698198385503865 ], [ -72.61743750958712, -38.698201782063471 ], [ -72.617233240562399, -38.698223147400199 ], [ -72.617178155691946, -38.698233179891808 ], [ -72.616826409777659, -38.698275090048192 ], [ -72.616470624295175, -38.698273961659602 ], [ -72.616464361285963, -38.698273560696492 ], [ -72.616354612520155, -38.698273737627325 ], [ -72.61626454197058, -38.698299590187219 ], [ -72.616025543106872, -38.698387220726509 ], [ -72.616009816007079, -38.698393101437816 ], [ -72.615535309831301, -38.698574001619988 ], [ -72.615443346012469, -38.698613219296121 ], [ -72.615116389281809, -38.698768182745951 ], [ -72.614686909508222, -38.698926828278083 ], [ -72.614650024248718, -38.698936956353769 ], [ -72.614555138282626, -38.698970959076334 ], [ -72.614392299655023, -38.699060651123993 ], [ -72.614065485965497, -38.699210762767763 ], [ -72.613711649299361, -38.699316774760376 ], [ -72.613478991433198, -38.699369732390672 ], [ -72.613405274335449, -38.6994181535403 ], [ -72.613248443286224, -38.699546525042251 ], [ -72.612886565479755, -38.699746519915585 ], [ -72.61248246626289, -38.699888429686808 ], [ -72.612051141560642, -38.699966988124771 ], [ -72.611558537772737, -38.700018199764813 ], [ -72.611556987942691, -38.70000904497001 ], [ -72.61131946481926, -38.700034412536255 ], [ -72.610991039650301, -38.700015332466961 ], [ -72.610613407470424, -38.700002347072903 ], [ -72.610498407687686, -38.700018285224388 ], [ -72.610322954110899, -38.7000547245296 ], [ -72.610322953975398, -38.700054724128925 ], [ -72.610322943135628, -38.700054726813327 ], [ -72.610255826869903, -38.700068665585611 ], [ -72.610171941471663, -38.70008880849479 ], [ -72.609653081421428, -38.700230689950089 ], [ -72.608811241516037, -38.700460885214873 ], [ -72.608610449530786, -38.700515788753663 ], [ -72.608371327795041, -38.70060292096997 ], [ -72.608114008215225, -38.700682308277337 ], [ -72.607515739658183, -38.700835008082002 ], [ -72.605578159235591, -38.701329523926162 ], [ -72.605476486994192, -38.701364928070937 ], [ -72.605463222729583, -38.701451490716465 ], [ -72.605454115558643, -38.701892209144006 ], [ -72.60547473216495, -38.702050670857162 ], [ -72.60547441193772, -38.702418532759246 ], [ -72.605378733674243, -38.702778673456493 ], [ -72.605191685972628, -38.703116074372787 ], [ -72.604921068007698, -38.7034166650337 ], [ -72.604578164451709, -38.703667909895351 ], [ -72.604177274960605, -38.703859331181881 ], [ -72.603735117835058, -38.703982945913232 ], [ -72.603270132728582, -38.704033598884095 ], [ -72.602801711500234, -38.704009177694935 ], [ -72.602349389317709, -38.703910700859609 ], [ -72.602006546522787, -38.703805482900982 ], [ -72.601965597337895, -38.703792915543076 ], [ -72.601661127626826, -38.703713496292238 ], [ -72.601397366846456, -38.703669307075643 ], [ -72.600573699223517, -38.70353131015009 ], [ -72.600017554355418, -38.703438129595611 ], [ -72.599956098098005, -38.703427035149431 ], [ -72.599839506682443, -38.703414205449675 ], [ -72.59978542257403, -38.70341700117072 ], [ -72.599568200012641, -38.703449999919037 ], [ -72.599202007108914, -38.703459169504136 ], [ -72.598986021108203, -38.703451068401712 ], [ -72.598910074174455, -38.703459419568489 ], [ -72.598904213227257, -38.703461046061818 ], [ -72.598486424647632, -38.70354343024178 ], [ -72.598056355967643, -38.703563285203359 ], [ -72.597740212157518, -38.703554612755433 ], [ -72.597740267116905, -38.703553382638589 ], [ -72.597671457857189, -38.703551104558123 ], [ -72.597671577203286, -38.703555517668853 ], [ -72.597470448705522, -38.703558857291718 ], [ -72.597457752704486, -38.703565002961334 ], [ -72.597272371688504, -38.703708759520879 ], [ -72.597260697075569, -38.703720731301409 ], [ -72.597218103564259, -38.703764409594719 ], [ -72.597158951358622, -38.703822541204467 ], [ -72.596873689968334, -38.704091307720795 ], [ -72.596848434182078, -38.704115102492203 ], [ -72.596824715862823, -38.704138212278174 ], [ -72.596790753383601, -38.704172442413999 ], [ -72.596576342942015, -38.704388542020688 ], [ -72.596252177275744, -38.704654172772749 ], [ -72.595865952948245, -38.704862718622948 ], [ -72.59543374799901, -38.705005497867631 ], [ -72.594973554996884, -38.705076566626481 ], [ -72.594504531885207, -38.705072966330711 ], [ -72.59410902612413, -38.70503811300248 ], [ -72.593983174861023, -38.705024252348458 ], [ -72.593741847737832, -38.704992320407577 ], [ -72.593484416107742, -38.704927409809123 ], [ -72.593481436505144, -38.704936245462505 ], [ -72.593266114342157, -38.704891661703087 ], [ -72.593162728866275, -38.704919657509002 ], [ -72.593143186443641, -38.704926703471543 ], [ -72.593060567252252, -38.704954966922223 ], [ -72.592996998240963, -38.704975560238367 ], [ -72.592919943472509, -38.705005962212581 ], [ -72.592849832896135, -38.705044956496991 ], [ -72.59284021914614, -38.705051207828248 ], [ -72.592713949258268, -38.705152063401165 ], [ -72.592489891560817, -38.70537077555111 ], [ -72.592115796119216, -38.705609785764786 ], [ -72.591686254565218, -38.705782320125081 ], [ -72.591220203641797, -38.705880772217434 ], [ -72.590738189980499, -38.705900801648788 ], [ -72.590393475385483, -38.70588668996001 ], [ -72.589943295303982, -38.705832869623265 ], [ -72.589515487507583, -38.705710572945634 ], [ -72.589126839294494, -38.705524598966377 ], [ -72.588792600998133, -38.705282245407339 ], [ -72.588525887508283, -38.704993022251031 ], [ -72.58833716366162, -38.704668278508088 ], [ -72.588113052412595, -38.704152402580569 ], [ -72.587938964802163, -38.703751792713113 ], [ -72.58728914731374, -38.702256077792647 ], [ -72.586959142720943, -38.701496634504942 ], [ -72.586556706351161, -38.700570252267653 ], [ -72.585780250565065, -38.698782975179647 ], [ -72.585552458162041, -38.698258754039557 ], [ -72.585506978528329, -38.698153997283562 ], [ -72.585373382503818, -38.697846471078918 ], [ -72.584709811399506, -38.696318944842091 ], [ -72.584486616935024, -38.69580513925122 ], [ -72.584234902829138, -38.695225676070592 ], [ -72.58418067640136, -38.695081344088621 ], [ -72.584151374522833, -38.694989330218 ], [ -72.583922358330611, -38.694270184179722 ], [ -72.583853101384179, -38.69405271043793 ], [ -72.583669275755199, -38.693475455438204 ], [ -72.58343874972114, -38.69275153987337 ], [ -72.583403116065114, -38.692639639709796 ], [ -72.583241355234094, -38.692131654530236 ], [ -72.583196543393257, -38.691990929927265 ], [ -72.582966272337117, -38.691267786955947 ], [ -72.582855622130097, -38.690920300043153 ], [ -72.582739423128743, -38.690555379545025 ], [ -72.582604941348251, -38.690133038624481 ], [ -72.582577846073249, -38.690048311356804 ], [ -72.582551433736569, -38.689965725386998 ], [ -72.582388298158406, -38.689455628934297 ], [ -72.582216048249705, -38.688917025229905 ], [ -72.582029588873382, -38.688333983385441 ], [ -72.581961802191827, -38.688122015100852 ], [ -72.58164909013523, -38.687144165184044 ], [ -72.581609045536808, -38.687018944846308 ], [ -72.581485827503371, -38.686633629618143 ], [ -72.581460828269357, -38.68656659529757 ], [ -72.581231872843603, -38.6860307725049 ], [ -72.58123841051183, -38.686029056387646 ], [ -72.581169567760099, -38.685876753786808 ], [ -72.581085722912448, -38.68561575017651 ], [ -72.581043975350894, -38.685512492087923 ], [ -72.581026686596843, -38.685477252259972 ], [ -72.580960164774709, -38.685320572938274 ], [ -72.580737939624882, -38.684704182961731 ], [ -72.580700195962763, -38.684627937575193 ], [ -72.580627156017883, -38.684600784317034 ], [ -72.580514421054303, -38.684575158057406 ], [ -72.580460604582967, -38.68456588532284 ], [ -72.580263805228384, -38.68452473271546 ], [ -72.580079696117039, -38.684479294903781 ], [ -72.580079779700213, -38.684479086842359 ], [ -72.579961052842535, -38.684454998062229 ], [ -72.579616754029033, -38.684335338671218 ], [ -72.579479695116646, -38.684276735683987 ], [ -72.579468647045843, -38.684273080564985 ], [ -72.579169809303721, -38.684153366064599 ], [ -72.579074180842952, -38.684107867259833 ], [ -72.578981478992205, -38.684072415529513 ], [ -72.578878725116425, -38.684065360281842 ], [ -72.578386653361775, -38.684067002547479 ], [ -72.578317796807298, -38.684068851447719 ], [ -72.578140790122092, -38.684077775279945 ], [ -72.57784010771482, -38.684114140071237 ], [ -72.577343880898425, -38.684131580189899 ], [ -72.576854464133831, -38.684065039011287 ], [ -72.576394721305292, -38.683917625172306 ], [ -72.576208724042232, -38.683816840871543 ], [ -72.576206174052516, -38.683819980747103 ], [ -72.575930952593936, -38.683682660469103 ], [ -72.575850462651843, -38.683649261045474 ], [ -72.575764213189345, -38.68362633684616 ], [ -72.575697486129187, -38.683613151883613 ], [ -72.575213873356716, -38.683470647072447 ], [ -72.57478309680728, -38.683247065281513 ], [ -72.57464567659531, -38.683156794429657 ], [ -72.574599869073566, -38.683144185113427 ], [ -72.574154365272918, -38.682977506312326 ], [ -72.573764554164285, -38.682740098301245 ], [ -72.573448421495726, -38.682442915434983 ], [ -72.573378249835443, -38.682360305314937 ], [ -72.573305867061151, -38.682301849903908 ], [ -72.573277162577455, -38.682282558089497 ], [ -72.573195399856417, -38.682236911079414 ], [ -72.573095335272868, -38.682230658623538 ], [ -72.57292134068885, -38.682232069255782 ], [ -72.572801586929032, -38.682243101755965 ], [ -72.572687526952578, -38.682273755423665 ], [ -72.572485208359623, -38.682347825492528 ], [ -72.572092979455618, -38.682458699611459 ], [ -72.572037186189334, -38.682470112470277 ], [ -72.571632708810668, -38.682523207518649 ], [ -72.571610191836967, -38.682524561849519 ], [ -72.571494042785346, -38.682541218301097 ], [ -72.571390435426608, -38.682574571126011 ], [ -72.571186756018292, -38.68266114139557 ], [ -72.570740724641368, -38.6827669021242 ], [ -72.570276643754994, -38.682799963278363 ], [ -72.569813594882461, -38.682758965535264 ], [ -72.569370617080935, -38.68264559463443 ], [ -72.569198166303295, -38.682585690623235 ], [ -72.569141789237975, -38.682565388929625 ], [ -72.568121542231452, -38.68218483013333 ], [ -72.56795765886433, -38.682135365415839 ], [ -72.567451616977465, -38.682016580128412 ], [ -72.567354403448959, -38.682000900592854 ], [ -72.567191474177207, -38.682020097962877 ], [ -72.566784807811089, -38.682039389100986 ], [ -72.566380186088537, -38.682002089801635 ], [ -72.565990325945634, -38.681909372383004 ], [ -72.565956405586462, -38.681898649762886 ], [ -72.565850434819851, -38.68191554927828 ], [ -72.563588890114673, -38.682460100333316 ], [ -72.56131061069388, -38.68300856229952 ], [ -72.560120011488834, -38.683295223827237 ], [ -72.558927481147862, -38.683582285233804 ], [ -72.556836397726499, -38.684085585336035 ], [ -72.556821274095427, -38.684089180704703 ], [ -72.555486842636228, -38.684402485326018 ], [ -72.555072587229262, -38.684467953026022 ], [ -72.554650041455886, -38.684472861144293 ], [ -72.554233493002457, -38.684417043755715 ], [ -72.55383702670521, -38.684302388261933 ], [ -72.55347404819814, -38.684132771554154 ], [ -72.553156830553164, -38.683913928892792 ], [ -72.552945619115548, -38.683738690713298 ], [ -72.552897722718384, -38.683701226244523 ], [ -72.552197526147083, -38.683184878467493 ], [ -72.551433148332052, -38.682623349698211 ], [ -72.54580642657929, -38.678481680197358 ], [ -72.54353347937365, -38.676806710254617 ], [ -72.543330016101251, -38.676635972311487 ], [ -72.542173090978608, -38.675529164232572 ], [ -72.542109755510381, -38.675473451061656 ], [ -72.540988265414896, -38.674565635845987 ], [ -72.540968294485936, -38.674549863739365 ], [ -72.538669281563799, -38.672778400113003 ], [ -72.537379041225705, -38.671784171470691 ], [ -72.534675872203437, -38.669701041389942 ], [ -72.534339421421237, -38.669441751002552 ], [ -72.533814024979435, -38.669036842761379 ], [ -72.533781007640385, -38.669012384363477 ], [ -72.532035205839946, -38.667769396497654 ], [ -72.532014116491681, -38.667754746704659 ], [ -72.529412054757856, -38.665991325807433 ], [ -72.528742933723521, -38.665539580064333 ], [ -72.528675995041255, -38.665497691995064 ], [ -72.528319799263272, -38.665291361870537 ], [ -72.528139577035574, -38.665175437450863 ], [ -72.527907278928012, -38.665009863856255 ], [ -72.527800406385538, -38.664942380512777 ], [ -72.524284591379995, -38.662981881343228 ], [ -72.524172084430774, -38.662926535151449 ], [ -72.522873964920365, -38.662367254321531 ], [ -72.519852550688654, -38.661066559586537 ], [ -72.518962376947016, -38.660689603534848 ], [ -72.518943532735292, -38.660682600673987 ], [ -72.517739159292503, -38.660184456351715 ], [ -72.517641691734298, -38.660138325970877 ], [ -72.517138487680043, -38.659923760860735 ], [ -72.517116933387001, -38.659914801302961 ], [ -72.517079335955671, -38.659899571822926 ], [ -72.51648494004624, -38.659658792429383 ], [ -72.516469836195185, -38.65965261833724 ], [ -72.515750283494569, -38.65935581387221 ], [ -72.515735048267459, -38.659349642901901 ], [ -72.515312311654355, -38.659181536267049 ], [ -72.515267732201636, -38.65916474467096 ], [ -72.514555322374264, -38.658911053984831 ], [ -72.514500090958833, -38.658892291145214 ], [ -72.51450081765573, -38.658890976011335 ], [ -72.514132122350006, -38.658737783905224 ], [ -72.513789740415021, -38.658521084783743 ], [ -72.513506329347635, -38.658257178751235 ], [ -72.51329228515111, -38.657955747017972 ], [ -72.513155458852367, -38.657627847257935 ], [ -72.513100868603601, -38.657285507930261 ], [ -72.513130515747861, -38.656941287008962 ], [ -72.513243311574485, -38.656607811312824 ], [ -72.513435117426909, -38.656297313335436 ], [ -72.513698896666426, -38.656021182563954 ], [ -72.513999647874954, -38.655762285465599 ], [ -72.514072178952318, -38.655684238221987 ], [ -72.514072654770828, -38.655683383547803 ], [ -72.514279608122223, -38.65538974090336 ], [ -72.514552414678633, -38.655131283518514 ], [ -72.514881610877296, -38.654916976611943 ], [ -72.515267960075022, -38.654709877267088 ], [ -72.515348426911544, -38.654657619065048 ], [ -72.515447453375117, -38.654564477216951 ], [ -72.515517312287287, -38.654501774453095 ], [ -72.515665820532149, -38.654374537261432 ], [ -72.515715692289476, -38.654310613788297 ], [ -72.515739488249679, -38.654272652657525 ], [ -72.515774668220402, -38.654201691856777 ], [ -72.515777234416191, -38.654125584212991 ], [ -72.515775363420332, -38.654101018167331 ], [ -72.515761902615864, -38.654027809642834 ], [ -72.515718565480057, -38.653962112673511 ], [ -72.515717556440563, -38.6539608531684 ], [ -72.515679803343716, -38.653922726794512 ], [ -72.51543545489092, -38.653617058441647 ], [ -72.515273683860983, -38.653279339821289 ], [ -72.515231983064979, -38.653075027841133 ], [ -72.515223841573999, -38.653076046653808 ], [ -72.515214450311788, -38.653029900605404 ], [ -72.515209301229888, -38.652963898341561 ], [ -72.515200977590112, -38.652923116647948 ], [ -72.515199053374218, -38.652897308100783 ], [ -72.515204088276519, -38.652897077275099 ], [ -72.515187238993462, -38.65268109798216 ], [ -72.515246424843994, -38.652334738917176 ], [ -72.515389779232947, -38.652003858401883 ], [ -72.515611906093994, -38.651700908736281 ], [ -72.515904445146603, -38.651437290937515 ], [ -72.51604234292995, -38.651335017979399 ], [ -72.516202007619569, -38.651193048878753 ], [ -72.51652319744943, -38.650993704746284 ], [ -72.51688442856495, -38.650842262382035 ], [ -72.517274215483582, -38.650743536900009 ], [ -72.51742687135247, -38.650716372862846 ], [ -72.517484812814118, -38.650647911693007 ], [ -72.517546157855023, -38.650557878702088 ], [ -72.517587812905035, -38.65047931826409 ], [ -72.517589135899016, -38.650338657832087 ], [ -72.517580265821294, -38.650258493102164 ], [ -72.517631346506576, -38.649903193149051 ], [ -72.517770908435381, -38.649562803858736 ], [ -72.517993451999388, -38.649250735802148 ], [ -72.518290208617728, -38.648979283603794 ], [ -72.518649486308817, -38.64875914162112 ], [ -72.518806394216099, -38.648697494459007 ], [ -72.518911448725987, -38.648644661717888 ], [ -72.518866382224616, -38.648568763363215 ], [ -72.518511144126023, -38.648102307334653 ], [ -72.518460230562866, -38.648041221568462 ], [ -72.518155786870196, -38.64770641148241 ], [ -72.518161424200073, -38.647703259050765 ], [ -72.51795614565512, -38.647442143932835 ], [ -72.517795657041077, -38.647093255726844 ], [ -72.517729686365954, -38.646725986625874 ], [ -72.517761028977432, -38.646355906887571 ], [ -72.517791621095114, -38.646215683250972 ], [ -72.517728039083352, -38.646122549529643 ], [ -72.517638590092858, -38.646010047043106 ], [ -72.517634474027048, -38.646004321446341 ], [ -72.517465148073128, -38.645709783103023 ], [ -72.517365638333885, -38.645396260958996 ], [ -72.517316264419406, -38.64514706739002 ], [ -72.517210295738224, -38.64484266871851 ], [ -72.517090190286538, -38.6446207376761 ], [ -72.517050662779397, -38.644568579372809 ], [ -72.516857327841876, -38.644243594423948 ], [ -72.516749913200215, -38.643895014163512 ], [ -72.516747616979501, -38.643847279185003 ], [ -72.516721316391227, -38.643687304792962 ], [ -72.516640368340148, -38.643573458184065 ], [ -72.516574745440423, -38.643498510986724 ], [ -72.516398160767324, -38.643177589144294 ], [ -72.516354174739902, -38.643069978416122 ], [ -72.516176107005265, -38.642745898098148 ], [ -72.516065666341078, -38.642594498829652 ], [ -72.515874203126046, -38.642254994601956 ], [ -72.515775544210527, -38.64189191913264 ], [ -72.515761021144755, -38.641785620579327 ], [ -72.515747878149057, -38.641773922280301 ], [ -72.515484371332278, -38.641486845672532 ], [ -72.515297477822159, -38.641164917779911 ], [ -72.515210848736189, -38.640875495595552 ], [ -72.515200223495086, -38.640851053745699 ], [ -72.515127525183473, -38.64078621358054 ], [ -72.514852976636476, -38.640585076775047 ], [ -72.514769097383947, -38.640534330193518 ], [ -72.514563137248615, -38.640487900468059 ], [ -72.514563267843812, -38.640487544126316 ], [ -72.514528809148175, -38.640482345164514 ], [ -72.514109541667381, -38.640348123203538 ], [ -72.513732004177839, -38.640151990540147 ], [ -72.513410873933992, -38.639901572327453 ], [ -72.513158634850328, -38.639606604096635 ], [ -72.513052894705709, -38.639451880829881 ], [ -72.512881038180396, -38.639263657987108 ], [ -72.511967822607545, -38.638496165240682 ], [ -72.51184079856526, -38.638414619816857 ], [ -72.511578583266285, -38.638217122452247 ], [ -72.511359387941852, -38.637989647307485 ], [ -72.511267318688695, -38.637876478063987 ], [ -72.511174173841752, -38.637826193867127 ], [ -72.510871903192452, -38.637631269478177 ], [ -72.510616213077526, -38.637398926337163 ], [ -72.510420857816825, -38.637144166792183 ], [ -72.510362522853754, -38.637080245137192 ], [ -72.510269774199244, -38.636994535776303 ], [ -72.510151058292863, -38.636874979288038 ], [ -72.509970968228842, -38.636676962444071 ], [ -72.509893900137484, -38.636608725251541 ], [ -72.509819916029883, -38.636596118916032 ], [ -72.509340787970572, -38.636469834100147 ], [ -72.50890848654393, -38.636264401226605 ], [ -72.508654168119179, -38.636111183663743 ], [ -72.508356407071133, -38.635932965469109 ], [ -72.508044108962252, -38.635647961357364 ], [ -72.507814002580758, -38.63531833568323 ], [ -72.507764974097441, -38.635190378827275 ], [ -72.507706771135815, -38.635081709108725 ], [ -72.507678355457315, -38.635060838899115 ], [ -72.507656578984509, -38.635050408526702 ], [ -72.507551116624072, -38.635071128508486 ], [ -72.494422691474298, -38.638766585727815 ], [ -72.494356773371493, -38.638784255631776 ], [ -72.485692759933528, -38.640991808407243 ], [ -72.485686630663139, -38.64099336239051 ], [ -72.470100047624925, -38.644924905969461 ], [ -72.470005087802406, -38.644957511396925 ], [ -72.470051792293532, -38.645030089164656 ], [ -72.473591787721404, -38.649370917479324 ], [ -72.473598402489316, -38.64937893415393 ], [ -72.47624227399379, -38.652546034432532 ], [ -72.478193480845391, -38.654873180515921 ], [ -72.478838712029983, -38.655642687917947 ], [ -72.479438612788769, -38.65635811334711 ], [ -72.480239440152744, -38.657313138174743 ], [ -72.480660449644603, -38.65781519852181 ], [ -72.481327597584993, -38.658610767151188 ], [ -72.482081890062901, -38.659510229344697 ], [ -72.482941908255313, -38.660535732863444 ], [ -72.48294659402319, -38.660541342895797 ], [ -72.48393494958232, -38.661729447329044 ], [ -72.483951462015909, -38.661748747690481 ], [ -72.484442323132541, -38.662306778924425 ], [ -72.484484046824548, -38.662353692148379 ], [ -72.484670452250981, -38.662516549268553 ], [ -72.484868653136829, -38.66265204734691 ], [ -72.484956107997121, -38.66270092286392 ], [ -72.485062076049047, -38.662687227798429 ], [ -72.485183611612996, -38.662661756774085 ], [ -72.485610851699889, -38.662605369582593 ], [ -72.486043996846675, -38.662612871247831 ], [ -72.486467644760396, -38.662683995054856 ], [ -72.486866730770288, -38.662816211927577 ], [ -72.48722706341097, -38.663004820337058 ], [ -72.487535828989749, -38.663243113447841 ], [ -72.487782047209564, -38.663522617565704 ], [ -72.487956961652685, -38.663833393415175 ], [ -72.488032119572495, -38.664010526552111 ], [ -72.488075152232625, -38.664086741625297 ], [ -72.488164049189052, -38.66413245000102 ], [ -72.48905640226458, -38.664501001254486 ], [ -72.489341306929305, -38.664640419563085 ], [ -72.489408128635787, -38.664678709396789 ], [ -72.489560318376064, -38.664752374299091 ], [ -72.49052274014538, -38.665140463843386 ], [ -72.490606543296806, -38.665170978737962 ], [ -72.490994813287088, -38.665297729088572 ], [ -72.491003761373818, -38.665300667556743 ], [ -72.491441665545338, -38.665445322840846 ], [ -72.491466056906162, -38.665453123145546 ], [ -72.491655890072664, -38.665511849888844 ], [ -72.491775077308418, -38.665551803359136 ], [ -72.492011556718651, -38.665637338785537 ], [ -72.49224623240859, -38.665735515763721 ], [ -72.493246302096082, -38.666214160450025 ], [ -72.493322114763302, -38.666247426016263 ], [ -72.49571663132518, -38.667206682708681 ], [ -72.495997089525858, -38.667339608690156 ], [ -72.496281585288202, -38.667497207006107 ], [ -72.496427913007381, -38.667566078659732 ], [ -72.496975689912048, -38.667782185611891 ], [ -72.497035226573928, -38.66780653479001 ], [ -72.497180193907511, -38.6678679522539 ], [ -72.49720596180174, -38.667879036686216 ], [ -72.497731856568436, -38.668108699101701 ], [ -72.497746123120407, -38.668114826013436 ], [ -72.499025734603478, -38.668655158454129 ], [ -72.499094275139868, -38.668685296650914 ], [ -72.499792279714228, -38.669004637804761 ], [ -72.499809803219364, -38.669012493839048 ], [ -72.500511345601709, -38.66932062131869 ], [ -72.500538733643694, -38.669332270666544 ], [ -72.501547315179749, -38.669747478535257 ], [ -72.501564537837496, -38.669754641801042 ], [ -72.501702274430187, -38.669812517599304 ], [ -72.502170069398971, -38.670009076831796 ], [ -72.502184241585098, -38.670014932341871 ], [ -72.5031371490455, -38.670402007277161 ], [ -72.503140631525113, -38.670403424811504 ], [ -72.503559648974942, -38.670574339899588 ], [ -72.503581240150638, -38.67058283721969 ], [ -72.503682036668764, -38.670612106408043 ], [ -72.503720014229387, -38.670616993276745 ], [ -72.503979122961084, -38.670662524062024 ], [ -72.504451919381495, -38.670768429602226 ], [ -72.504900336635529, -38.670868875478405 ], [ -72.504998975442433, -38.67089286272374 ], [ -72.506711720997359, -38.671342676129974 ], [ -72.507129434707039, -38.671490130309621 ], [ -72.507964042297289, -38.671867307523087 ], [ -72.509803910380413, -38.672687286088411 ], [ -72.509816151317736, -38.672692663739284 ], [ -72.512553786667823, -38.673878111660471 ], [ -72.512716308703588, -38.673955531364662 ], [ -72.514321594642794, -38.67479341776869 ], [ -72.514444790567623, -38.674862416510329 ], [ -72.514577443066543, -38.674942013672933 ], [ -72.514940239403671, -38.67513860377538 ], [ -72.515014863569789, -38.675180795845925 ], [ -72.515328104174017, -38.675365483574289 ], [ -72.515541694882458, -38.675508230513415 ], [ -72.515911489244772, -38.675787683924362 ], [ -72.515943185944181, -38.675812104915757 ], [ -72.51625946292134, -38.676060540888237 ], [ -72.516310145128486, -38.676098007377462 ], [ -72.516624981916991, -38.676316994983864 ], [ -72.516703789340397, -38.676367111109784 ], [ -72.517547347462667, -38.676856737694315 ], [ -72.517645098274684, -38.676916746009063 ], [ -72.517817572875344, -38.677028648249554 ], [ -72.517859244207386, -38.677056345576666 ], [ -72.518130503796471, -38.677241030097335 ], [ -72.518442337576886, -38.677499952422032 ], [ -72.518683107196807, -38.677801898851691 ], [ -72.51884340386485, -38.678135071150322 ], [ -72.5189169629042, -38.678486450784028 ], [ -72.518900908705461, -38.678842307578357 ], [ -72.518795867287452, -38.67918873621138 ], [ -72.518605942037297, -38.679512199581858 ], [ -72.518338553546485, -38.679800057818142 ], [ -72.518004149774086, -38.680041062250297 ], [ -72.517615797842836, -38.680225795033195 ], [ -72.517188673410686, -38.680347037230455 ], [ -72.516543180292203, -38.680475389768979 ], [ -72.516533681448564, -38.680478089549872 ], [ -72.516215743783334, -38.680548646236737 ], [ -72.514570750969611, -38.680815303041619 ], [ -72.514491638519999, -38.680826997947086 ], [ -72.512773375314438, -38.681056634300106 ], [ -72.512675239959663, -38.68107323789912 ], [ -72.512576344470531, -38.681093553244686 ], [ -72.512484970192091, -38.681119866644963 ], [ -72.512584370576917, -38.681260735548882 ], [ -72.512769497760615, -38.681601934290889 ], [ -72.512861582486394, -38.68196561495796 ], [ -72.512856721972753, -38.682336369520989 ], [ -72.512755120668828, -38.682698490013777 ], [ -72.512561081840374, -38.683036634048918 ], [ -72.512282825472312, -38.683336474882601 ], [ -72.511932140166223, -38.683585308478861 ], [ -72.51152388375445, -38.683772591840523 ], [ -72.511075353777329, -38.683890389783393 ], [ -72.510856825083138, -38.683928730055896 ], [ -72.510821067628584, -38.684005986907607 ], [ -72.510395250106868, -38.685320310158964 ], [ -72.510380060164024, -38.685389781272711 ], [ -72.510378997472912, -38.685460260277289 ], [ -72.510561202716261, -38.687584148685701 ], [ -72.510581416624461, -38.687702214630285 ], [ -72.510754397491951, -38.6883722571555 ], [ -72.510777683257658, -38.688436966220614 ], [ -72.510813085099031, -38.68849820730459 ], [ -72.512257961513271, -38.690567813690322 ], [ -72.51248095960436, -38.691026591231832 ], [ -72.512523147274621, -38.691169552801306 ], [ -72.512566561780346, -38.691246475048743 ], [ -72.512933668897176, -38.691759568538146 ], [ -72.513062367392408, -38.691970458092733 ], [ -72.514444361272908, -38.694672764280874 ], [ -72.514493324943004, -38.694747294417773 ], [ -72.514559244076835, -38.694813312621086 ], [ -72.515145556882516, -38.695298446490597 ], [ -72.515387557870937, -38.695535975448379 ], [ -72.515575153962175, -38.69580201015782 ], [ -72.516231316286323, -38.696952294153363 ], [ -72.516388794836502, -38.697152686253347 ], [ -72.517069606005577, -38.697807622303515 ], [ -72.517151188256889, -38.69787140965272 ], [ -72.517258528295969, -38.697904279016569 ], [ -72.518131746818767, -38.698093346896748 ], [ -72.518156369787633, -38.698098448674436 ], [ -72.519012760021113, -38.698267952253836 ], [ -72.519517063285576, -38.698419010385521 ], [ -72.52001372925001, -38.698623025872983 ], [ -72.520083351312806, -38.69864932436596 ], [ -72.520703149816384, -38.698863618793979 ], [ -72.520921045931672, -38.698919330826989 ], [ -72.52150325129351, -38.699019081650235 ], [ -72.521875992535414, -38.699109508007687 ], [ -72.52222384796967, -38.699248034512713 ], [ -72.522232148309996, -38.699252068627402 ], [ -72.522615571846188, -38.699485739964608 ], [ -72.522927781677438, -38.699777328890384 ], [ -72.523528329781627, -38.700476772185752 ], [ -72.523567904313595, -38.700520044007895 ], [ -72.524918091722299, -38.701907782582531 ], [ -72.52508663794481, -38.702047156690604 ], [ -72.526279034673067, -38.702842456707423 ], [ -72.526307539992743, -38.702860858099697 ], [ -72.527596541112985, -38.703666056472755 ], [ -72.527877390032643, -38.703795054544834 ], [ -72.528870268505315, -38.704112453703587 ], [ -72.529372705437737, -38.704273071402511 ], [ -72.529826326042553, -38.704467261735516 ], [ -72.530213111709614, -38.704735959262585 ], [ -72.530225136733009, -38.70474642925668 ], [ -72.530374325002526, -38.70485513529362 ], [ -72.531498163180586, -38.705538824613001 ], [ -72.531760445691461, -38.705658460518414 ], [ -72.532826760215187, -38.706005988012251 ], [ -72.533208243522068, -38.706164754787693 ], [ -72.533455457325573, -38.706292312515885 ], [ -72.533490644371255, -38.706309760599581 ], [ -72.534638057487584, -38.706856160441411 ], [ -72.534678617801035, -38.706874597897112 ], [ -72.53587326754932, -38.707392409828351 ], [ -72.536318157103238, -38.707643837644618 ], [ -72.536810394681908, -38.707999158803403 ], [ -72.537074317210326, -38.708225069073556 ], [ -72.537735510104127, -38.708897939253667 ], [ -72.53792261855952, -38.70912070714374 ], [ -72.538065701923813, -38.709362678416362 ], [ -72.538836714081654, -38.710968642360072 ], [ -72.538875491806678, -38.711056180702677 ], [ -72.539397735892877, -38.712340850508042 ], [ -72.53949475375596, -38.712708214308535 ], [ -72.539630634358957, -38.713772290759934 ], [ -72.539684411683027, -38.713968383998491 ], [ -72.539853360564251, -38.71436308407101 ], [ -72.539915134460301, -38.714535350822928 ], [ -72.540152293536039, -38.715350163456591 ], [ -72.540197448103299, -38.71546766007247 ], [ -72.540635472942682, -38.716377419975075 ], [ -72.540730002086704, -38.716528921732412 ], [ -72.541345319427677, -38.717317601976063 ], [ -72.5414528215057, -38.717433505597739 ], [ -72.541886681885416, -38.717830449191055 ], [ -72.541901106213658, -38.717843394044237 ], [ -72.543056797229241, -38.718860772555985 ], [ -72.54318473169144, -38.718983919403094 ], [ -72.544051502634076, -38.719897725665689 ], [ -72.544080875093428, -38.719920777566536 ], [ -72.544152818337579, -38.719989138561516 ], [ -72.544254815428332, -38.720029965524368 ], [ -72.544331279669919, -38.720053208031082 ], [ -72.544648845546163, -38.720172393527392 ], [ -72.544939458866523, -38.720328168101197 ], [ -72.547461310017795, -38.721914966764651 ], [ -72.547918257353828, -38.722301202856315 ], [ -72.548510607205429, -38.722978407873974 ], [ -72.548693362781194, -38.723227994595184 ], [ -72.548823059441148, -38.723497192414115 ], [ -72.549205106169026, -38.724534294988388 ], [ -72.549278188330064, -38.724814642449665 ], [ -72.549293681609896, -38.72510051816716 ], [ -72.549195790830666, -38.727167732128642 ], [ -72.549195033221778, -38.727207896733255 ], [ -72.549218643809482, -38.72966437343711 ], [ -72.549220858299577, -38.729713869792562 ], [ -72.549342250850444, -38.731232436147501 ], [ -72.549364433665744, -38.731330030546374 ], [ -72.549439077114329, -38.731410081500172 ], [ -72.550562231363244, -38.732364925505102 ], [ -72.55081462738589, -38.73252595571897 ], [ -72.551790026482905, -38.732984726343631 ], [ -72.551821914511564, -38.73299918500733 ], [ -72.552909067129022, -38.733474062755448 ], [ -72.553034865268657, -38.733521408429745 ], [ -72.55394959375829, -38.733813529143724 ], [ -72.554004027195447, -38.733829666202986 ], [ -72.555060537859433, -38.734119141270753 ], [ -72.555216225011904, -38.734166838981821 ], [ -72.555652347077142, -38.734314982632988 ], [ -72.555888632422679, -38.73440823784415 ], [ -72.556307825879728, -38.734598110742141 ], [ -72.556496494079894, -38.734666526308203 ], [ -72.55716290890399, -38.734852855084306 ], [ -72.557294700338801, -38.734882884750967 ], [ -72.558716153356102, -38.735135737994291 ], [ -72.559228483498757, -38.73527850374898 ], [ -72.559683699780621, -38.735511491918281 ], [ -72.560751251747547, -38.736211911948381 ], [ -72.560939109856164, -38.7363498958888 ], [ -72.562155264051029, -38.737349117697455 ], [ -72.56240494466148, -38.737503954574471 ], [ -72.562955422815364, -38.737756629433903 ], [ -72.563054895641599, -38.737804993290084 ], [ -72.563448217983122, -38.738007266342542 ], [ -72.563584344834283, -38.738067316166806 ], [ -72.564277772853558, -38.738326243420921 ], [ -72.564960072207811, -38.738581577426842 ], [ -72.565165535550179, -38.738640366385468 ], [ -72.565881829702178, -38.738786480986164 ], [ -72.565977141328233, -38.738807649787624 ], [ -72.567048397682669, -38.739065218133618 ], [ -72.567478571365584, -38.739207478041934 ], [ -72.56785764938148, -38.739370141420913 ], [ -72.56832639414344, -38.739636366746545 ], [ -72.571390270623269, -38.741888048866137 ], [ -72.571602442012221, -38.742066614558425 ], [ -72.574178276521735, -38.744552530019284 ], [ -72.574261392745683, -38.744624445951317 ], [ -72.575348266230236, -38.745468578063715 ], [ -72.575601008039555, -38.745701367260743 ], [ -72.575799874466995, -38.745964260305058 ], [ -72.576337926690755, -38.746836763677663 ], [ -72.576514314246694, -38.747043492126181 ], [ -72.577350979290387, -38.747778284680898 ], [ -72.577432675172616, -38.747837249944382 ], [ -72.577527462927961, -38.747882637013035 ], [ -72.578612709195752, -38.74829406423968 ], [ -72.578711541404658, -38.748323016735952 ], [ -72.578815501883213, -38.748337176226698 ], [ -72.580200164409433, -38.748423357350717 ], [ -72.580255093738927, -38.748425742083683 ], [ -72.581287570877279, -38.748451183092854 ], [ -72.581366448726342, -38.748451006568025 ], [ -72.582657294969465, -38.748413413186341 ], [ -72.583188586759803, -38.748446317143582 ], [ -72.584135047712337, -38.748592719148697 ], [ -72.584529297633068, -38.74868297357439 ], [ -72.584896765977064, -38.748826696470566 ], [ -72.585225736713596, -38.749019305609416 ], [ -72.585374682145243, -38.749123981755197 ], [ -72.585481506409408, -38.749183128297631 ], [ -72.58560283118473, -38.749221463508903 ], [ -72.587188906558382, -38.749561924847477 ], [ -72.588133343961886, -38.749757684861599 ], [ -72.589617259266532, -38.750061626437429 ], [ -72.589951695085773, -38.750152152794143 ], [ -72.590264445507941, -38.750281772932269 ], [ -72.592127787185262, -38.75120423042501 ], [ -72.592137998393682, -38.751209227006633 ], [ -72.592451278967502, -38.751360742047801 ], [ -72.595902723899997, -38.753029898356544 ], [ -72.596047304242489, -38.753105879864762 ], [ -72.596468245236068, -38.753345673835263 ], [ -72.596504072876897, -38.753365279085408 ], [ -72.596791764332991, -38.753516417350617 ], [ -72.597038984407632, -38.753666330475717 ], [ -72.597434698039024, -38.753941932024809 ], [ -72.597577620381188, -38.754026794080396 ], [ -72.597974225824075, -38.754226118655836 ], [ -72.598183165420721, -38.754344582628015 ], [ -72.598474867374719, -38.754530349240746 ], [ -72.598517658996911, -38.754556314434033 ], [ -72.599593509352772, -38.75517793811288 ], [ -72.59968949769592, -38.755227783917732 ], [ -72.600510426241001, -38.755609148811843 ], [ -72.60062248011711, -38.755654879297737 ], [ -72.601417065770391, -38.755936813820597 ], [ -72.601505883731718, -38.755970140020615 ], [ -72.602195891740664, -38.756243412238184 ], [ -72.602450323394166, -38.756360808599112 ], [ -72.603211931585022, -38.75676592216044 ], [ -72.603288834050929, -38.75680865695967 ], [ -72.60414196021074, -38.757303627948644 ], [ -72.604303747974114, -38.757406707767238 ], [ -72.604845248765841, -38.757784915424182 ], [ -72.604926789436547, -38.757832358003199 ], [ -72.605017799502889, -38.757867700047271 ], [ -72.605598258092002, -38.758044546734723 ], [ -72.605849670517301, -38.758096379180436 ], [ -72.607287162098359, -38.758259399164828 ], [ -72.607319580711376, -38.75826270784389 ], [ -72.607985388458076, -38.758323137695143 ], [ -72.60852546297383, -38.758425019837617 ], [ -72.608842662670696, -38.758517781123885 ], [ -72.608939657063772, -38.758538717750817 ], [ -72.609027195769841, -38.758545048781514 ], [ -72.609039037643058, -38.758544163609088 ], [ -72.60948780773839, -38.75854504388969 ], [ -72.609516819665913, -38.758547327419627 ], [ -72.609803331612312, -38.758548146075228 ], [ -72.61016824270628, -38.758572005120122 ], [ -72.611359661928674, -38.758725393372224 ], [ -72.611708335938516, -38.758792513170398 ], [ -72.612039426975016, -38.758901291764452 ], [ -72.612348092716587, -38.759025704274919 ], [ -72.612690756527371, -38.759195266578814 ], [ -72.614714582740504, -38.760404412362902 ], [ -72.616653907752038, -38.761563002865699 ], [ -72.616760318186948, -38.76161949198233 ], [ -72.617013809844906, -38.761738426929206 ], [ -72.618083032324478, -38.762240081812621 ], [ -72.618328136799434, -38.762326330383068 ], [ -72.620205794730637, -38.762788996322108 ], [ -72.620476482288055, -38.762828544432452 ], [ -72.622028624201576, -38.762906509799549 ], [ -72.622194942138592, -38.762914833894683 ], [ -72.622481889712702, -38.762900898484759 ], [ -72.622672670435506, -38.762872522302906 ], [ -72.623343407297355, -38.76277275661468 ], [ -72.623631790837479, -38.762697731510556 ], [ -72.62449836248912, -38.762366745465101 ], [ -72.624764713580845, -38.762265010790742 ], [ -72.624770381258884, -38.762262853489823 ], [ -72.624971971042413, -38.762186388719599 ], [ -72.625330748640337, -38.762078243528826 ], [ -72.625707516200578, -38.762018379965184 ], [ -72.626091755030842, -38.76200846933645 ], [ -72.626291744715701, -38.762016416355117 ], [ -72.626829239638752, -38.762088433567421 ], [ -72.627329993339714, -38.762257463702781 ], [ -72.627409748861112, -38.762293702027016 ], [ -72.627620695168588, -38.762368405346095 ], [ -72.628038222134677, -38.762478085791791 ], [ -72.628136452435797, -38.762496492995318 ], [ -72.628237291071869, -38.762501024497126 ], [ -72.630630039547754, -38.762442045089969 ], [ -72.630687206256866, -38.762439519023978 ], [ -72.631697982928287, -38.762375056468578 ], [ -72.631786581818474, -38.76236386293894 ], [ -72.631871844229323, -38.762341933814234 ], [ -72.633107885739832, -38.761937212009599 ], [ -72.633599713637153, -38.761824593951985 ], [ -72.634111178946682, -38.761799997074348 ], [ -72.634763855028723, -38.761825691311515 ], [ -72.63537758293505, -38.761916299612103 ], [ -72.636533553780822, -38.762218751118816 ], [ -72.636835863643824, -38.762317070010411 ], [ -72.637183378088537, -38.762453537036997 ], [ -72.637619665029376, -38.762676535242868 ], [ -72.637980684697467, -38.762970670501915 ], [ -72.638688935046332, -38.763697023013414 ], [ -72.63887894582065, -38.763850065549228 ], [ -72.639718248631908, -38.764381858723624 ], [ -72.639797307097837, -38.764423884811585 ], [ -72.63988422036914, -38.764454982836853 ], [ -72.641301472682514, -38.764853441447691 ], [ -72.641601613548829, -38.76490361416468 ], [ -72.642771198200975, -38.764973295739871 ], [ -72.643379867162125, -38.765075684915665 ], [ -72.644694993675429, -38.765448422527903 ], [ -72.644890080155037, -38.765488942825399 ], [ -72.646027702673834, -38.765643034415447 ], [ -72.646140831778439, -38.765649360467954 ], [ -72.646253311010994, -38.765637963666578 ], [ -72.646495997910307, -38.765593734650402 ], [ -72.646728012627321, -38.765551449782485 ], [ -72.646773590522926, -38.765542370314236 ], [ -72.647834775819774, -38.765312786956066 ], [ -72.647875410912349, -38.76530336136689 ], [ -72.648033714780794, -38.765264144047997 ], [ -72.648797384108349, -38.765074952532316 ], [ -72.6488514585064, -38.765062125587789 ], [ -72.650160693064109, -38.764765244823636 ], [ -72.650289155606671, -38.764729524563364 ], [ -72.650449040082307, -38.764676512328457 ], [ -72.650606931576036, -38.764624159654289 ], [ -72.650991050301826, -38.764526906859714 ], [ -72.651325883238044, -38.764466926045088 ], [ -72.651745415298564, -38.764353948936765 ], [ -72.651905970870729, -38.764301825326513 ], [ -72.65210605439043, -38.764223486561626 ], [ -72.652195940651666, -38.764179668180176 ], [ -72.65227389948204, -38.764123568372099 ], [ -72.652362825460642, -38.764046444578483 ], [ -72.652664833816672, -38.763827526373923 ], [ -72.652896789004245, -38.76368734872532 ], [ -72.653151962159271, -38.763533175651901 ], [ -72.653172248983438, -38.76352105842664 ], [ -72.653303657128617, -38.763443467491612 ], [ -72.653321258594431, -38.763433177379405 ], [ -72.653913179141355, -38.763090560934536 ], [ -72.654003238654496, -38.763032683468083 ], [ -72.65451557848543, -38.762667875648852 ], [ -72.6545720926283, -38.762628938138633 ], [ -72.654816700026842, -38.762465887092915 ], [ -72.654972865833713, -38.762339119078241 ], [ -72.655322101748638, -38.761993395641547 ], [ -72.655387215296869, -38.761931797109241 ], [ -72.655679848794264, -38.761667143705687 ], [ -72.656054182535229, -38.761328599174085 ], [ -72.656155843376553, -38.761242488239589 ], [ -72.656631186010969, -38.760865258942964 ], [ -72.656721739149091, -38.760797212293802 ], [ -72.656953869735645, -38.76063205980207 ], [ -72.657019144197278, -38.760587348472342 ], [ -72.657810804143239, -38.760065367318276 ], [ -72.658089891939341, -38.759907695465785 ], [ -72.658395894496479, -38.759784381778211 ], [ -72.658564689994023, -38.759728431806202 ], [ -72.659480368283894, -38.759424909342201 ], [ -72.659626774924675, -38.759376378532522 ], [ -72.659712348236965, -38.759349582130724 ], [ -72.6603261387001, -38.759168456282374 ], [ -72.660582936685188, -38.75910583051099 ], [ -72.661961939002381, -38.758837631559935 ], [ -72.662214876818652, -38.75880005731711 ], [ -72.663542348587214, -38.758662556815501 ], [ -72.66391070605323, -38.758647750524688 ], [ -72.664277351989355, -38.758679222695541 ], [ -72.664576567708295, -38.758724142074186 ], [ -72.664967401705582, -38.758811433341826 ], [ -72.66533252209058, -38.758951208157839 ], [ -72.665841034567123, -38.759191600131068 ], [ -72.666123647235096, -38.759349119732519 ], [ -72.666372801172116, -38.75953811776639 ], [ -72.666456892559296, -38.759612318661773 ], [ -72.666503875007862, -38.759649091953023 ], [ -72.666542406077113, -38.759679250819275 ], [ -72.666543619064385, -38.759680114860451 ], [ -72.666878505785263, -38.759942306783238 ], [ -72.666964057987983, -38.760002855205222 ], [ -72.667245150486622, -38.760182555971568 ], [ -72.66758360088825, -38.76044964769801 ], [ -72.668039920665819, -38.760894330582424 ], [ -72.668119112349999, -38.760957450300602 ], [ -72.668119438682893, -38.76095762324848 ], [ -72.668192895818606, -38.760999888088215 ], [ -72.668395984997318, -38.76110339811391 ], [ -72.668874101705811, -38.761428492304603 ], [ -72.669338888294234, -38.761845376295128 ], [ -72.669620449858016, -38.762160280741661 ], [ -72.670160387457344, -38.762927039841443 ], [ -72.670227121143526, -38.763029398708539 ], [ -72.671049448984263, -38.764396725561888 ], [ -72.671088020955992, -38.764464441552114 ], [ -72.67116668878063, -38.764610560340095 ], [ -72.671326294523496, -38.765067128145112 ], [ -72.671343886798226, -38.76516824041272 ], [ -72.671378621005729, -38.765296746139761 ], [ -72.671432084917825, -38.765441414436125 ], [ -72.671554015282084, -38.76577036308899 ], [ -72.671587722745926, -38.765847923415983 ], [ -72.671838234503994, -38.766348407196837 ], [ -72.671876644456503, -38.76641667386275 ], [ -72.672174173148719, -38.766891152813606 ], [ -72.672231086524405, -38.766994489976732 ], [ -72.672242744305294, -38.767010266045155 ], [ -72.672303247923381, -38.767067526585897 ], [ -72.672545775800799, -38.767261601563575 ], [ -72.672657937119936, -38.767340305183993 ], [ -72.672937933370704, -38.76751226101463 ], [ -72.672972175677145, -38.767532494410013 ], [ -72.673171260636835, -38.767645631925845 ], [ -72.673272766974264, -38.76769715915291 ], [ -72.673486391137459, -38.76779349758997 ], [ -72.673537942298452, -38.767815394756198 ], [ -72.673985622812097, -38.767994141807264 ], [ -72.674197434680408, -38.768058913984113 ], [ -72.674581648790209, -38.768143182172672 ], [ -72.675033982782878, -38.768284273391203 ], [ -72.675580198917473, -38.768509700278841 ], [ -72.675672881136251, -38.768543910266921 ], [ -72.675980781436522, -38.768644689756648 ], [ -72.676311401095305, -38.768778440669337 ], [ -72.676517445028523, -38.768879101299454 ], [ -72.676861719638282, -38.769084916323884 ], [ -72.677150625482838, -38.769337596057227 ], [ -72.677373924184039, -38.769628186502963 ], [ -72.67772486283593, -38.77020085024354 ], [ -72.677859978937448, -38.770477687119126 ], [ -72.677972966571062, -38.770782278713831 ], [ -72.678047129031768, -38.771065254795204 ], [ -72.678123617543704, -38.771553230229124 ], [ -72.678154200898263, -38.771652209689329 ], [ -72.678196458062359, -38.771717691202142 ], [ -72.678309315855714, -38.771966161207573 ], [ -72.67831798127412, -38.771963671568656 ], [ -72.678479292520137, -38.772307751882778 ], [ -72.679259470271134, -38.773458252760065 ], [ -72.679481402238096, -38.773783864922862 ], [ -72.6795429025115, -38.773855964537951 ], [ -72.679635080760264, -38.773904033661694 ], [ -72.68013506770194, -38.774112321535434 ], [ -72.680272961698776, -38.774160942511784 ], [ -72.681138820227844, -38.774414029949703 ], [ -72.681208085767167, -38.774432334560544 ], [ -72.681745763788271, -38.77455967557033 ], [ -72.681843378018911, -38.774575537476643 ], [ -72.681937693715582, -38.774550248151598 ], [ -72.682102086059388, -38.774492915771255 ], [ -72.682195048703889, -38.774451726629522 ], [ -72.682244394345474, -38.774377563407512 ], [ -72.682275792828449, -38.774316779309821 ], [ -72.682303637005447, -38.774246851966879 ], [ -72.6823165040026, -38.774174302132273 ], [ -72.682325327364538, -38.774050757086741 ], [ -72.68243170334172, -38.773601101223804 ], [ -72.682494254637348, -38.773448440776171 ], [ -72.682675793623218, -38.773121104396225 ], [ -72.682936193927262, -38.772828203267387 ], [ -72.683061623010573, -38.772713321964851 ], [ -72.683155722280887, -38.77263226063971 ], [ -72.684119078398751, -38.771851439271501 ], [ -72.684278765371914, -38.77168808553251 ], [ -72.684986641320478, -38.770760205497545 ], [ -72.68503484977299, -38.770690155166008 ], [ -72.686052793178476, -38.769040251015916 ], [ -72.686077761900009, -38.768996892386674 ], [ -72.686782735111791, -38.767680984668253 ], [ -72.686974910200192, -38.76739655862233 ], [ -72.687230723607044, -38.767088174628384 ], [ -72.687473786092227, -38.766843996186459 ], [ -72.687766657056827, -38.766636002355241 ], [ -72.688100687866495, -38.766470335054265 ], [ -72.689258826568619, -38.765999828884667 ], [ -72.689654155577387, -38.765874114689382 ], [ -72.69007233505998, -38.76580770813932 ], [ -72.690597434620088, -38.765763439276732 ], [ -72.690997584469173, -38.765757111819845 ], [ -72.691775567254041, -38.765797907731944 ], [ -72.692251705266614, -38.765862695423387 ], [ -72.692700058531642, -38.766003912813545 ], [ -72.693100850042129, -38.766215330870608 ], [ -72.693436400311555, -38.766487623943583 ], [ -72.693538129458119, -38.766589764720891 ], [ -72.693604239017318, -38.766645514841564 ], [ -72.693690492359565, -38.766680542020502 ], [ -72.694284320684389, -38.766873000949268 ], [ -72.694397453732734, -38.766904359222416 ], [ -72.695350889221444, -38.767125523539868 ], [ -72.695360210949758, -38.767127702608342 ], [ -72.696399016531899, -38.767372404378406 ], [ -72.696706903256185, -38.767410255392797 ], [ -72.698062581154275, -38.767430686318271 ], [ -72.698176793267479, -38.767423249288036 ], [ -72.698277813023168, -38.767380874474092 ], [ -72.699067572088794, -38.766963207702439 ], [ -72.699157368544491, -38.766904292641541 ], [ -72.699229799596807, -38.766832197753253 ], [ -72.6994392918741, -38.766572377664659 ], [ -72.699536751276753, -38.766416153982952 ], [ -72.699768444052168, -38.766120753538807 ], [ -72.700068113670412, -38.765865564140519 ], [ -72.700424663944233, -38.765660034439613 ], [ -72.700824892977352, -38.765511774327862 ], [ -72.701253981943111, -38.765426273223277 ], [ -72.701696043675625, -38.765406696858584 ], [ -72.702134710777841, -38.765453770089081 ], [ -72.702437650008321, -38.765509947306022 ], [ -72.702641875838836, -38.765531775924828 ], [ -72.703504925343523, -38.765623857601433 ], [ -72.704072010663737, -38.76574358912049 ], [ -72.704547434209786, -38.765897192252851 ], [ -72.705653174489086, -38.766253968954338 ], [ -72.705756836605929, -38.766289777923632 ], [ -72.70728646892583, -38.766853780148068 ], [ -72.707503636074549, -38.766913849976923 ], [ -72.707569523766892, -38.766926424159202 ], [ -72.707651238497974, -38.766943269010717 ], [ -72.707876777883996, -38.766993246181933 ], [ -72.708179821350512, -38.767027112009998 ], [ -72.708572588846451, -38.767029493428787 ], [ -72.708681418566201, -38.767021934490749 ], [ -72.708786392227594, -38.766998218437607 ], [ -72.709399697723015, -38.766808010218142 ], [ -72.70965652614241, -38.766741737925983 ], [ -72.710577598234607, -38.766550219350876 ], [ -72.711090511543247, -38.766490883549309 ], [ -72.712022540220843, -38.766466205988053 ], [ -72.712246521027907, -38.766442850360548 ], [ -72.712896115947473, -38.766323227824842 ], [ -72.712996474812911, -38.766300940822489 ], [ -72.715199552771907, -38.765725948810932 ], [ -72.715301264133117, -38.765701432463985 ], [ -72.715597371168911, -38.765635887926855 ], [ -72.71601644119805, -38.76557523301642 ], [ -72.716442610766975, -38.765576122502551 ], [ -72.716861261923768, -38.765638525908109 ], [ -72.717258034531852, -38.765760302773366 ], [ -72.717619318735274, -38.765937276055446 ], [ -72.717932721717645, -38.766163375372884 ], [ -72.718187492757579, -38.766430845186491 ], [ -72.71848214608508, -38.766808770212833 ], [ -72.718664466818851, -38.767098046054976 ], [ -72.718777968838666, -38.767408140475382 ], [ -72.719136760167004, -38.768873186671463 ], [ -72.719168170720664, -38.768956456594111 ], [ -72.719219638694227, -38.769033366026825 ], [ -72.721725545347454, -38.772025597272169 ], [ -72.721789684135985, -38.772088643247542 ], [ -72.721930226365259, -38.77212817423657 ], [ -72.72202209210991, -38.772146512766369 ], [ -72.722395011871924, -38.772279706844785 ], [ -72.722731831338379, -38.772462580692896 ], [ -72.723021864247002, -38.772689332472986 ], [ -72.723255908433359, -38.772952768207233 ], [ -72.723943519638553, -38.773896131397002 ], [ -72.724129473475102, -38.774222916803446 ], [ -72.724229273494245, -38.774572023010116 ], [ -72.72433414786569, -38.775248867162837 ], [ -72.724359774528097, -38.775336663704294 ], [ -72.724446071527268, -38.775396222119433 ], [ -72.725011331042225, -38.775711215298912 ], [ -72.72510561597997, -38.775753562711543 ], [ -72.725214085010052, -38.775747990248476 ], [ -72.725745739331799, -38.775679427200465 ], [ -72.726064404145532, -38.775599521814044 ], [ -72.728763295198988, -38.774561372528574 ], [ -72.729096362531919, -38.774457601898433 ], [ -72.729934296603929, -38.774254101519219 ], [ -72.730418798568635, -38.774179837647786 ], [ -72.730912385875314, -38.774188178209528 ], [ -72.734909634308991, -38.774594185654088 ], [ -72.735063850367624, -38.774614035931513 ], [ -72.740581048931276, -38.775475603738059 ], [ -72.740959507068567, -38.775561627713188 ], [ -72.742917797227719, -38.776153225125277 ], [ -72.743082862098078, -38.776194138096315 ], [ -72.743121646373595, -38.77620015811933 ], [ -72.746417434035692, -38.776844947950615 ], [ -72.746543499974536, -38.776858084899672 ], [ -72.746670131444276, -38.776848864590605 ], [ -72.750595296954188, -38.77620898935325 ], [ -72.750655963377937, -38.77619976196118 ], [ -72.753319143942079, -38.775823632900696 ], [ -72.75383780377463, -38.775797062218487 ], [ -72.756942180723826, -38.775913301955875 ], [ -72.757282824919812, -38.775946108378633 ], [ -72.757613448890353, -38.77601820560556 ], [ -72.758962750148442, -38.7763993467413 ], [ -72.759086659333349, -38.776422261880846 ], [ -72.759210763909408, -38.776400004059084 ], [ -72.759964694415743, -38.776191547145345 ], [ -72.760426559446785, -38.77610454546609 ], [ -72.760901403884873, -38.776093626662039 ], [ -72.761368996564485, -38.776159255983465 ], [ -72.761809415196552, -38.776298637271452 ], [ -72.763432966309992, -38.776972574768614 ], [ -72.763810060889824, -38.777168539269759 ], [ -72.764130867040478, -38.777418486301634 ], [ -72.767100865332708, -38.780239526390638 ], [ -72.76717949507244, -38.780300482369206 ], [ -72.767290121259862, -38.780298143349668 ], [ -72.769345301524069, -38.780091157818248 ], [ -72.769509801132173, -38.780064911207177 ], [ -72.771478905324017, -38.779631357045353 ], [ -72.771910145584968, -38.779570327812053 ], [ -72.774541506169044, -38.779397873857029 ], [ -72.774892917757768, -38.779395913034442 ], [ -72.775240614501655, -38.779435852423653 ], [ -72.777033317714213, -38.779752766925114 ], [ -72.77705421645102, -38.779756541426764 ], [ -72.778559704785067, -38.780034224945915 ], [ -72.778676140892841, -38.780045938158004 ], [ -72.778793165115246, -38.780038652786132 ], [ -72.780268843221961, -38.77982491876066 ], [ -72.780383223223893, -38.779810671181096 ], [ -72.781807364356084, -38.779661918743919 ], [ -72.782125093948807, -38.779591082555378 ], [ -72.783554315796806, -38.779088409334115 ], [ -72.784079114135565, -38.77896017546756 ], [ -72.7843756347377, -38.77891725375347 ], [ -72.784788832509136, -38.778887222347898 ], [ -72.785202203332119, -38.778915757883858 ], [ -72.785602309226007, -38.779001932749054 ], [ -72.785976143323339, -38.779142945564978 ], [ -72.78631155262309, -38.779334212232754 ], [ -72.786597633015944, -38.779569514923587 ], [ -72.787319021488287, -38.780281708021803 ], [ -72.787489204666102, -38.780417338157612 ], [ -72.789256937956054, -38.781555540355008 ], [ -72.789349133873927, -38.781603919095126 ], [ -72.789451582663091, -38.781637353006587 ], [ -72.791363802992379, -38.782095811682062 ], [ -72.791489003463653, -38.782114101519767 ], [ -72.791616259318872, -38.782110025366862 ], [ -72.794759529252218, -38.781729060488821 ], [ -72.794867143391315, -38.781707415631708 ], [ -72.794967323023727, -38.781669799540715 ], [ -72.796742150082551, -38.780827249064707 ], [ -72.797075357898805, -38.780696677421062 ], [ -72.797431116705624, -38.780609904422754 ], [ -72.79984910027899, -38.780184584992959 ], [ -72.800192803266924, -38.780145155086672 ], [ -72.800540172688159, -38.780146662877407 ], [ -72.801643808881849, -38.780216854636649 ], [ -72.801787604657349, -38.780229572076415 ], [ -72.803640715367521, -38.780439817264103 ], [ -72.804072449842792, -38.780522751239857 ], [ -72.804475763451293, -38.780669104265591 ], [ -72.805441959209361, -38.781113055819908 ], [ -72.805544514972624, -38.781149785749072 ], [ -72.805655452880117, -38.781133889722419 ], [ -72.806823062087744, -38.780868353514059 ], [ -72.807239884744234, -38.780805465479915 ], [ -72.807664372898657, -38.780803564236649 ], [ -72.807949285924764, -38.780822930929517 ], [ -72.808333098066782, -38.780874915752499 ], [ -72.808700215160485, -38.780976816188591 ], [ -72.809040122945845, -38.781125713849676 ], [ -72.809577640812719, -38.781410434114441 ], [ -72.809659665488212, -38.78144649695529 ], [ -72.809752237880204, -38.781459620812043 ], [ -72.810727779760413, -38.781533168006717 ], [ -72.810999485503487, -38.781528325736843 ], [ -72.811802484641447, -38.781438757691042 ], [ -72.812001312649912, -38.781402222030053 ], [ -72.812972502400285, -38.78115062449335 ], [ -72.813255958985323, -38.781041238305612 ], [ -72.814915880033439, -38.780159061663504 ], [ -72.815015924592473, -38.78009938176853 ], [ -72.81660072753894, -38.779041872710515 ], [ -72.816685189414272, -38.77897947980825 ], [ -72.817858786544974, -38.778020303695058 ], [ -72.818195102813775, -38.777793818475537 ], [ -72.818580683368594, -38.777622051147027 ], [ -72.819001201169158, -38.777511383985519 ], [ -72.819441031288278, -38.77746592899031 ], [ -72.82119752644978, -38.777418136412436 ], [ -72.821690594999225, -38.777446305443632 ], [ -72.824445862713503, -38.777839770770605 ], [ -72.824547049472173, -38.777845955319741 ] ], [ [ -72.593627959372597, -38.726281224948089 ], [ -72.593627960930462, -38.726281226647828 ], [ -72.593817871734529, -38.726562677107538 ], [ -72.593976891473488, -38.726860105739078 ], [ -72.594315905021034, -38.727697787444868 ], [ -72.594370946180945, -38.727808023456618 ], [ -72.594600815798913, -38.72819183849311 ], [ -72.594754818845573, -38.728535806289138 ], [ -72.594817271313914, -38.728897016991851 ], [ -72.594785614707803, -38.729260680900268 ], [ -72.594661143820474, -38.729611907646195 ], [ -72.59444895394428, -38.729936315900716 ], [ -72.594157732434653, -38.730220622270927 ], [ -72.593799403131541, -38.730453185265667 ], [ -72.593388638177217, -38.730624482045386 ], [ -72.592942257212499, -38.730727498421203 ], [ -72.59247853855976, -38.730758016120888 ], [ -72.5924444280366, -38.730757547710695 ], [ -72.59202337363142, -38.730721201654369 ], [ -72.591617973591795, -38.730624979598389 ], [ -72.591241983153452, -38.730472146413035 ], [ -72.590957759233248, -38.730329158982528 ], [ -72.590547167298382, -38.730052643577878 ], [ -72.590541133510342, -38.730057382713241 ], [ -72.59038176105166, -38.729932884359947 ], [ -72.590276342952549, -38.729860647294423 ], [ -72.590062569719819, -38.729715359741483 ], [ -72.590064594163294, -38.729713532097549 ], [ -72.589977976027683, -38.729649944272936 ], [ -72.589812071765294, -38.729534239013013 ], [ -72.589712801453118, -38.729507035974109 ], [ -72.589617015556897, -38.729492439125444 ], [ -72.589556247266103, -38.729485464107398 ], [ -72.589556275898758, -38.729485311048904 ], [ -72.589299698710406, -38.729459421166332 ], [ -72.588911806779592, -38.729363702027278 ], [ -72.588677435448361, -38.729287436611017 ], [ -72.588524092450314, -38.729263170295432 ], [ -72.58800847372197, -38.729130386820735 ], [ -72.587546947895333, -38.728906640785702 ], [ -72.587480228018606, -38.728865023118054 ], [ -72.587425864380634, -38.72883347282383 ], [ -72.587247922096537, -38.728755494848841 ], [ -72.587152966390818, -38.728726675113109 ], [ -72.587145052145232, -38.72872460703222 ], [ -72.587044554991152, -38.728706080747969 ], [ -72.586941438435886, -38.728702084813563 ], [ -72.586622787093901, -38.7287124291975 ], [ -72.586622365476899, -38.728704459857958 ], [ -72.586406201516809, -38.728711693407462 ], [ -72.585975413882849, -38.728661742675492 ], [ -72.585564372678348, -38.728549072815767 ], [ -72.585187818542025, -38.728377724430437 ], [ -72.584859255077504, -38.72815384240792 ], [ -72.584590464544092, -38.727885455511782 ], [ -72.584391085333962, -38.727582188408789 ], [ -72.584268266389216, -38.727254916471793 ], [ -72.583873116277061, -38.725654806790324 ], [ -72.583864828987018, -38.725619348742008 ], [ -72.583812274635264, -38.725381053308219 ], [ -72.583779672558819, -38.7250221845499 ], [ -72.583838759448298, -38.724665398025429 ], [ -72.583987177075102, -38.724324925504007 ], [ -72.585161524928708, -38.722314158020744 ], [ -72.585364037683291, -38.722035858734436 ], [ -72.585369481086659, -38.722029720164876 ], [ -72.585424761026417, -38.721951125759155 ], [ -72.585403322064352, -38.721808923836903 ], [ -72.585394993900707, -38.721451838242217 ], [ -72.585476755031436, -38.721100483575853 ], [ -72.585645390381515, -38.720768670606752 ], [ -72.585894270334762, -38.720469441799132 ], [ -72.586213611473767, -38.720214558701393 ], [ -72.586590861220458, -38.720014039700978 ], [ -72.587011191246134, -38.71987576630341 ], [ -72.587184510007987, -38.719848388194869 ], [ -72.587321412324911, -38.719816187358546 ], [ -72.587425405358999, -38.719773392026596 ], [ -72.587584298601342, -38.719691574617045 ], [ -72.587983887277815, -38.71956177103548 ], [ -72.58840743636587, -38.719492894048827 ], [ -72.588839956723888, -38.719487381202178 ], [ -72.589266141776278, -38.719545427627772 ], [ -72.5896709090825, -38.71966497913585 ], [ -72.590039933985537, -38.719841804890628 ], [ -72.590360156473068, -38.720069647102946 ], [ -72.590620243329298, -38.720340442448062 ], [ -72.590810989230036, -38.720644607379882 ], [ -72.590925642586839, -38.720971377253072 ], [ -72.590960144601112, -38.721309187258292 ], [ -72.590957840357873, -38.721434877088242 ], [ -72.590933122025504, -38.72167368127802 ], [ -72.590443821383516, -38.72425412804126 ], [ -72.590439020005419, -38.724332036200906 ], [ -72.590520563521679, -38.724321263472476 ], [ -72.590998460409509, -38.724297733432806 ], [ -72.591472217582208, -38.724352243504107 ], [ -72.5919212940085, -38.724482430305002 ], [ -72.592326218505889, -38.724682649257907 ], [ -72.592669433833677, -38.724944219269567 ], [ -72.592936057885098, -38.725255799054381 ], [ -72.593627959693805, -38.726281224815089 ], [ -72.593627959372597, -38.726281224948089 ] ] ] ] } },
{ "type": "Feature", "properties": { "id": 8, "capa_kml": "Limite_100m_IPT_09_PRC_Renaico_Tijeral", "nombre_busq": "Limite_100m_IPT_09_PRC_Renaico_Tijeral", "fid_origen": 1, "crs_origen": "EPSG:4326" }, "geometry": { "type": "MultiPolygon", "coordinates": [ [ [ [ -72.626805754887741, -37.73564999570678 ], [ -72.62671632038456, -37.735567627458309 ], [ -72.62671703708348, -37.735567136645066 ], [ -72.626664559536138, -37.735524658046124 ], [ -72.626536777432577, -37.735364616301332 ], [ -72.626453979985399, -37.73518688602752 ], [ -72.62641983089722, -37.734999332330489 ], [ -72.626435840986957, -37.734810254970789 ], [ -72.626446696013886, -37.734760781961988 ], [ -72.626445849199357, -37.734726326270405 ], [ -72.626412804803408, -37.734626283022706 ], [ -72.626404782892862, -37.734614268241572 ], [ -72.626380658589511, -37.734589964540426 ], [ -72.62633947421115, -37.734562485574685 ], [ -72.626301824287452, -37.734555141091349 ], [ -72.626194992723669, -37.734551421574281 ], [ -72.626195287817339, -37.734546075755695 ], [ -72.626024907695864, -37.734535615947266 ], [ -72.625865402542971, -37.734495181228965 ], [ -72.625864276872093, -37.734497960950641 ], [ -72.625743358480207, -37.734467075703769 ], [ -72.625691442404502, -37.734473042231066 ], [ -72.625591943927603, -37.734500421887169 ], [ -72.625352515240849, -37.734543954238042 ], [ -72.625106900283313, -37.734545531673476 ], [ -72.62505930867647, -37.734541724129045 ], [ -72.625055142539139, -37.734542104558301 ], [ -72.625014043294485, -37.734550994874951 ], [ -72.624976961555419, -37.734561466807612 ], [ -72.624875184658876, -37.734601742261034 ], [ -72.624796113804706, -37.734645524136482 ], [ -72.624600254790082, -37.734714893672695 ], [ -72.624451825588366, -37.734742512965745 ], [ -72.624452248781196, -37.734744025881291 ], [ -72.624406514774179, -37.73475209464479 ], [ -72.624356076993053, -37.734765071279504 ], [ -72.624309616710448, -37.734785356372051 ], [ -72.624269448009557, -37.734807057183801 ], [ -72.624153835701279, -37.734861841706632 ], [ -72.624079504971803, -37.734892468492724 ], [ -72.624048333538411, -37.734906318725308 ], [ -72.624018411645352, -37.734920614639776 ], [ -72.623835527659978, -37.734991108499088 ], [ -72.623691075409454, -37.735023155109232 ], [ -72.623691625311096, -37.735024866652502 ], [ -72.62361337349158, -37.735040724056304 ], [ -72.623538695935736, -37.735061340286094 ], [ -72.623351372224448, -37.73509920670562 ], [ -72.62315867277789, -37.735111263447791 ], [ -72.623106110217179, -37.735110984188971 ], [ -72.622881627575836, -37.735091948622689 ], [ -72.622666338144569, -37.735037982998314 ], [ -72.622468770290965, -37.734951225100247 ], [ -72.62235234425107, -37.734887317310289 ], [ -72.622354124889327, -37.734885271269789 ], [ -72.62225261207891, -37.734827857557519 ], [ -72.622115400957171, -37.734717635292355 ], [ -72.621849381005489, -37.734463500019032 ], [ -72.621841219336389, -37.734455612449182 ], [ -72.621757033992239, -37.734373307844535 ], [ -72.621660296596673, -37.734262781773353 ], [ -72.621644541327697, -37.734241555505783 ], [ -72.62162660056363, -37.734218946338501 ], [ -72.621483142969055, -37.734049521646966 ], [ -72.621446167735726, -37.734005853606725 ], [ -72.621425102866397, -37.733980034370624 ], [ -72.621399588627483, -37.733947559485017 ], [ -72.62127180864384, -37.733788046639624 ], [ -72.621252771629671, -37.733765792254736 ], [ -72.621202467588176, -37.733710618098804 ], [ -72.6211718679629, -37.733675317751413 ], [ -72.621105141330261, -37.733594278608749 ], [ -72.621028343349039, -37.733519844816414 ], [ -72.62093670130254, -37.733448277249408 ], [ -72.620907891378351, -37.733424946965641 ], [ -72.620825221661988, -37.733355525805955 ], [ -72.620759355110721, -37.733295050202727 ], [ -72.620490763841104, -37.733025099941209 ], [ -72.620431396057825, -37.732959600563731 ], [ -72.620412528213322, -37.732936684666477 ], [ -72.620321958704707, -37.732795004611518 ], [ -72.620318930289045, -37.732796072632574 ], [ -72.62027930361667, -37.732725197904699 ], [ -72.620248705502235, -37.732677982468644 ], [ -72.620222618171098, -37.732645119762154 ], [ -72.620197051175978, -37.732622742534446 ], [ -72.620091470979332, -37.732553797191621 ], [ -72.620032499677777, -37.732501831056027 ], [ -72.619989963497375, -37.73246814627899 ], [ -72.619791961476764, -37.732257028470897 ], [ -72.619777045143962, -37.732235007880924 ], [ -72.619749070623484, -37.732204323316225 ], [ -72.619741396500984, -37.732196103946897 ], [ -72.619691746068781, -37.732144169377861 ], [ -72.619664785203142, -37.732118061767402 ], [ -72.619594143262503, -37.732054661040593 ], [ -72.619595126378258, -37.732053970086824 ], [ -72.619493762453601, -37.731951056695927 ], [ -72.619448388876975, -37.731896385470051 ], [ -72.619417789912561, -37.731869964551329 ], [ -72.619283204364095, -37.731771041271799 ], [ -72.619249615520005, -37.73174635267727 ], [ -72.619138903789079, -37.731679784041006 ], [ -72.61894572883071, -37.731532051146942 ], [ -72.618801624096974, -37.731352427394654 ], [ -72.618800259681038, -37.731350177237196 ], [ -72.618769476811337, -37.731310627698846 ], [ -72.61873887044986, -37.731285225932872 ], [ -72.618600492417144, -37.731144866450578 ], [ -72.618499624927821, -37.730985613096102 ], [ -72.618478370505585, -37.730941696540164 ], [ -72.618441696256212, -37.730880394805105 ], [ -72.618387722211921, -37.730814749201279 ], [ -72.618379706465987, -37.730809253602715 ], [ -72.618249406073488, -37.730703933418866 ], [ -72.61814251860585, -37.730583122344626 ], [ -72.618127645017196, -37.73056298308132 ], [ -72.618088102697754, -37.730504623302416 ], [ -72.617955844140255, -37.730290942047141 ], [ -72.617943959698692, -37.730272794118925 ], [ -72.617841247734134, -37.730124288410188 ], [ -72.61781040261036, -37.730088477255975 ], [ -72.617771393838964, -37.730058101117891 ], [ -72.617575096070439, -37.729932573114894 ], [ -72.61748246819154, -37.72986635844407 ], [ -72.617234110863237, -37.729668152135865 ], [ -72.617166445661979, -37.729609137438928 ], [ -72.617053638667201, -37.72950153886994 ], [ -72.616983247091909, -37.729448849811241 ], [ -72.61688805135752, -37.729396963451563 ], [ -72.616781079985302, -37.729313671173486 ], [ -72.616657118758653, -37.729223057923186 ], [ -72.616332266079525, -37.729036752660384 ], [ -72.616285531017482, -37.729015297897959 ], [ -72.616237877210139, -37.729035437450669 ], [ -72.616232326646909, -37.729038391164664 ], [ -72.616106072599905, -37.729096595326261 ], [ -72.615994899408008, -37.72914050902947 ], [ -72.61582858714938, -37.72920620213808 ], [ -72.615808093642798, -37.729214715377978 ], [ -72.615760989063475, -37.729235265483801 ], [ -72.615701500277396, -37.729265183207943 ], [ -72.615613776160501, -37.729315627375385 ], [ -72.615474618047429, -37.729384067087494 ], [ -72.615425610757882, -37.72940444088507 ], [ -72.615356315692551, -37.729468552021785 ], [ -72.615356008686447, -37.729468342695668 ], [ -72.615347107556715, -37.729478266994725 ], [ -72.615183288227811, -37.729600322750215 ], [ -72.614992396776486, -37.729694344220128 ], [ -72.614781919927452, -37.729756643870026 ], [ -72.614560112619969, -37.729784778296874 ], [ -72.614441555656313, -37.729781009777241 ], [ -72.614441547642201, -37.729781720942299 ], [ -72.614296193109993, -37.729780687575378 ], [ -72.614184217390829, -37.729786763273111 ], [ -72.613973357476198, -37.729782590774526 ], [ -72.613767116564006, -37.729747480725948 ], [ -72.613572627352639, -37.729682647394291 ], [ -72.613396616070787, -37.729590333001134 ], [ -72.61336900706101, -37.729572718499902 ], [ -72.613245936470108, -37.729497462798363 ], [ -72.613172865689648, -37.729459526025622 ], [ -72.613126704005978, -37.729439410935768 ], [ -72.612984529328756, -37.72936597056907 ], [ -72.612894347204701, -37.729311353422403 ], [ -72.61286102729764, -37.729309775432924 ], [ -72.612827379619659, -37.729313454136125 ], [ -72.612802159475322, -37.72933123074543 ], [ -72.612778488244771, -37.729356365171597 ], [ -72.612754299904665, -37.729397912811152 ], [ -72.612740697481129, -37.729448613936619 ], [ -72.61274249585135, -37.729500953205303 ], [ -72.612770938961958, -37.729654692566804 ], [ -72.612781153871879, -37.729836882535864 ], [ -72.612744959195354, -37.730016973078335 ], [ -72.612663838018221, -37.730187583321417 ], [ -72.612541114763715, -37.730341720888568 ], [ -72.612381818983906, -37.730473068490184 ], [ -72.612192479250055, -37.730576242851122 ], [ -72.611980855585671, -37.73064701536012 ], [ -72.611755621408491, -37.73068248539419 ], [ -72.611526008019638, -37.730681199211602 ], [ -72.611368443629146, -37.730667573955792 ], [ -72.611291239274934, -37.73066687748446 ], [ -72.611244033226711, -37.730669617516384 ], [ -72.611193540476592, -37.730679498285397 ], [ -72.610990938526783, -37.730704000114407 ], [ -72.610786092455655, -37.730699146201999 ], [ -72.610585690053071, -37.73066509502619 ], [ -72.610396274013667, -37.730602958291939 ], [ -72.610224028311407, -37.73051476463165 ], [ -72.610190214913743, -37.730493788504646 ], [ -72.610082329218372, -37.730457089203078 ], [ -72.609982649325104, -37.730444943039664 ], [ -72.609887030011592, -37.730450112840764 ], [ -72.609867317820203, -37.730454452941146 ], [ -72.609840368879148, -37.730487055546824 ], [ -72.60967171988861, -37.730737572427735 ], [ -72.609655190632978, -37.730764201140047 ], [ -72.609644264934147, -37.730783371259214 ], [ -72.609619271075189, -37.730835651687983 ], [ -72.609602594418604, -37.730878362525495 ], [ -72.609552559598143, -37.730983022022336 ], [ -72.609540257974786, -37.731004606367975 ], [ -72.609463723336461, -37.731116936693873 ], [ -72.609459151569467, -37.73112263964142 ], [ -72.609435250336958, -37.731159702335752 ], [ -72.609420452864427, -37.731199650731547 ], [ -72.609405903894242, -37.731258932100936 ], [ -72.609397934791559, -37.731302816525307 ], [ -72.609394846386152, -37.731328842808921 ], [ -72.609398133629483, -37.731396476849412 ], [ -72.609382152553124, -37.731585811866509 ], [ -72.60931658848861, -37.73176828741596 ], [ -72.609304295716257, -37.731786634826463 ], [ -72.609246730908254, -37.731898833142374 ], [ -72.609245446458488, -37.731902917250181 ], [ -72.609241354728923, -37.731918437687575 ], [ -72.609229783081972, -37.732027707610762 ], [ -72.609231264518797, -37.732058188007706 ], [ -72.609228790878703, -37.73205826384369 ], [ -72.609235294109553, -37.732135625373743 ], [ -72.609209239793003, -37.732304193981783 ], [ -72.609143811949622, -37.732465883032162 ], [ -72.609076478152375, -37.732563827376261 ], [ -72.609077223418055, -37.732564143580149 ], [ -72.60902229184731, -37.732645808546764 ], [ -72.609011588947965, -37.732674972783187 ], [ -72.609008589854895, -37.732708581802562 ], [ -72.609014377210727, -37.732739428937975 ], [ -72.609052262470385, -37.732817211354401 ], [ -72.609053609734829, -37.73281926185458 ], [ -72.609142581834121, -37.732999746999745 ], [ -72.609160719172976, -37.733052746516741 ], [ -72.609182003478054, -37.733127313136492 ], [ -72.609185795060839, -37.733143816508367 ], [ -72.609196743700551, -37.73317376872496 ], [ -72.609223487170368, -37.733264058500389 ], [ -72.609232108187854, -37.733301784500917 ], [ -72.609246690652043, -37.73333488148775 ], [ -72.609302515082703, -37.733435470983501 ], [ -72.609453381260678, -37.733707315270138 ], [ -72.610420940228863, -37.735450701302234 ], [ -72.61042457697998, -37.735457325854114 ], [ -72.612646585501324, -37.739549335499412 ], [ -72.612665271187282, -37.73958374510174 ], [ -72.612691689303844, -37.739621553246522 ], [ -72.612740293946004, -37.739641040336544 ], [ -72.61626671650609, -37.740721005884595 ], [ -72.616314826357012, -37.740731744205618 ], [ -72.616347636580358, -37.740701809003042 ], [ -72.618105130822656, -37.738755739852976 ], [ -72.618254130323265, -37.738621296064352 ], [ -72.618433675715423, -37.738512917470693 ], [ -72.618636670281631, -37.738434887789879 ], [ -72.618855090548678, -37.73839029117714 ], [ -72.619080303395407, -37.738380890333318 ], [ -72.619303407245809, -37.738407056839243 ], [ -72.619818289061683, -37.738509807243467 ], [ -72.619837571190857, -37.738513372205695 ], [ -72.620235532929641, -37.7385811557496 ], [ -72.620273977264446, -37.738586611423948 ], [ -72.620882387169374, -37.738655874130792 ], [ -72.620912731156679, -37.73865866839936 ], [ -72.621617288750087, -37.738708315597719 ], [ -72.621731668057961, -37.738707154949452 ], [ -72.622126541846441, -37.738671233747297 ], [ -72.62217250925201, -37.738665526065127 ], [ -72.622668931742581, -37.738587192140869 ], [ -72.622711398193047, -37.738577690575831 ], [ -72.622751472583403, -37.738563034527353 ], [ -72.62358046642926, -37.738194743586497 ], [ -72.623680324321143, -37.738155365571949 ], [ -72.623787455607925, -37.738118213006558 ], [ -72.623989041375097, -37.738048302824943 ], [ -72.624114949142978, -37.737993295455674 ], [ -72.624174234116268, -37.737962309002384 ], [ -72.624391819754891, -37.73789418557147 ], [ -72.624622372703001, -37.737862947701103 ], [ -72.624856092049043, -37.737869923338593 ], [ -72.624916885260504, -37.737881948782714 ], [ -72.624993314091185, -37.737889328472868 ], [ -72.625041064186917, -37.737885316394788 ], [ -72.625088121583829, -37.737872326903044 ], [ -72.625142540929886, -37.737844848262476 ], [ -72.625179879938571, -37.737820758141737 ], [ -72.625271395369893, -37.73774614538921 ], [ -72.625277909635159, -37.737739424010584 ], [ -72.62531029863446, -37.737696855964465 ], [ -72.625327749062691, -37.737654849072086 ], [ -72.625340120408026, -37.737554836967632 ], [ -72.62538007053017, -37.737390642878374 ], [ -72.625457547518778, -37.737235142188013 ], [ -72.625569881212058, -37.737093693620537 ], [ -72.625578635943768, -37.737084654050214 ], [ -72.625703171833862, -37.736945863023166 ], [ -72.625719759204387, -37.736926313754758 ], [ -72.625744886989523, -37.736894958279464 ], [ -72.625843907879428, -37.73672114780679 ], [ -72.625848627714248, -37.736722843696896 ], [ -72.625877302052444, -37.736666953098528 ], [ -72.626009157475877, -37.736512151080909 ], [ -72.626178396232774, -37.736382287680684 ], [ -72.626377734095001, -37.736282952245958 ], [ -72.62645849469564, -37.736259354960112 ], [ -72.626557403843847, -37.736219553357408 ], [ -72.626565901026396, -37.736214380107931 ], [ -72.626595136166131, -37.736190292263451 ], [ -72.626747447350681, -37.736044367579595 ], [ -72.626821678817734, -37.735952419562132 ], [ -72.626836696789297, -37.735927610507019 ], [ -72.626858366884562, -37.735876770434686 ], [ -72.626863966662256, -37.735823281059083 ], [ -72.626863442235035, -37.735812545108573 ], [ -72.626853523618962, -37.735744409488319 ], [ -72.626851004329367, -37.735734085418486 ], [ -72.626833054095854, -37.735688043244757 ], [ -72.626805754887741, -37.73564999570678 ] ] ] ] } },
{ "type": "Feature", "properties": { "id": 9, "capa_kml": "Limite_100m_IPT_09_PRC_Renaico", "nombre_busq": "Limite_100m_IPT_09_PRC_Renaico", "fid_origen": 1, "crs_origen": "EPSG:4326" }, "geometry": { "type": "MultiPolygon", "coordinates": [ [ [ [ -72.594429046843743, -37.671895323919664 ], [ -72.594414051067247, -37.671876696300281 ], [ -72.594332970000124, -37.671756929372911 ], [ -72.594275496886581, -37.671628824900353 ], [ -72.594247244865983, -37.67154672311991 ], [ -72.594203984478924, -37.671526423799435 ], [ -72.5941363375983, -37.671501236426863 ], [ -72.594123914543118, -37.671496755023263 ], [ -72.593810656069124, -37.671387347282376 ], [ -72.593739484548095, -37.671365464555713 ], [ -72.59374067688556, -37.671363014381178 ], [ -72.593594449827336, -37.671311640144729 ], [ -72.593546120044991, -37.671290243192139 ], [ -72.593503635328233, -37.6712713941658 ], [ -72.593502579785806, -37.671270925259321 ], [ -72.593480267617323, -37.671261001040428 ], [ -72.593476385622253, -37.671259695597136 ], [ -72.593458152456279, -37.671251822738235 ], [ -72.593418324656085, -37.671233787048237 ], [ -72.593331332991298, -37.671192519330383 ], [ -72.593272223199833, -37.671162467705642 ], [ -72.59321713786008, -37.671132512589779 ], [ -72.593206519181109, -37.67112644907882 ], [ -72.593178194232493, -37.671112875086145 ], [ -72.592990813604132, -37.671000517871803 ], [ -72.592836569878315, -37.670859888611709 ], [ -72.592722441565058, -37.670697535245566 ], [ -72.592645547964239, -37.670670872458899 ], [ -72.592435681433059, -37.670575773031949 ], [ -72.592420854702084, -37.670567271613997 ], [ -72.592348074358867, -37.670531972005556 ], [ -72.592347884505784, -37.670532212599674 ], [ -72.592300075075229, -37.670508375693359 ], [ -72.592186749049077, -37.670468536525625 ], [ -72.592057779414901, -37.670415085709493 ], [ -72.592018700283546, -37.670396260946006 ], [ -72.591981235653748, -37.670379986444942 ], [ -72.591861332666795, -37.67034689879759 ], [ -72.591803589109716, -37.670338211236974 ], [ -72.591602622246853, -37.670274746777388 ], [ -72.591582248534593, -37.670266444553008 ], [ -72.591565525876121, -37.670259890292449 ], [ -72.591534007726892, -37.670247046583349 ], [ -72.591527576731693, -37.670244324237345 ], [ -72.591486137654883, -37.67023005049834 ], [ -72.591442357244318, -37.670221237442426 ], [ -72.591391562849566, -37.670214406695344 ], [ -72.591362834860647, -37.670211142566913 ], [ -72.591326190606011, -37.670207737672534 ], [ -72.591152832123427, -37.670180606867149 ], [ -72.590993332961091, -37.670134260629311 ], [ -72.590982582498015, -37.670131388910328 ], [ -72.590943895811705, -37.670120430682807 ], [ -72.59089219827716, -37.670104942290692 ], [ -72.590890131494064, -37.670104321259771 ], [ -72.590879520370024, -37.670101123407633 ], [ -72.590770758673415, -37.670063048975479 ], [ -72.590731804247881, -37.670047425049439 ], [ -72.590668342879638, -37.670027776793994 ], [ -72.590667220616368, -37.670029827347996 ], [ -72.590569287537988, -37.669995961420128 ], [ -72.59054524219448, -37.669989039553997 ], [ -72.590477887613204, -37.669972131848198 ], [ -72.590478167404541, -37.6699714275994 ], [ -72.590361996120905, -37.669939677321956 ], [ -72.590197611293362, -37.669884737489696 ], [ -72.590198955541894, -37.669882196143668 ], [ -72.590121523876022, -37.669857699353678 ], [ -72.589954215538256, -37.669775716436988 ], [ -72.589853673286299, -37.669704757444009 ], [ -72.589831969135815, -37.669692515386643 ], [ -72.589809383901468, -37.669684468840799 ], [ -72.589666196102769, -37.669647182191888 ], [ -72.589485321625133, -37.669568907136281 ], [ -72.589429513223777, -37.669539234047697 ], [ -72.589366432720084, -37.66950255926254 ], [ -72.589363673788512, -37.669501380128267 ], [ -72.589315679244379, -37.669489025073993 ], [ -72.589275171373274, -37.669481718929632 ], [ -72.589063771854995, -37.669425734862038 ], [ -72.588870239558332, -37.669337953169261 ], [ -72.588834696524373, -37.669313399099117 ], [ -72.588725325806507, -37.669250462236313 ], [ -72.588653291020833, -37.669217677557945 ], [ -72.588511344767824, -37.669126164753635 ], [ -72.588485915990049, -37.669106869539711 ], [ -72.588427844701343, -37.669069264582127 ], [ -72.588289717114108, -37.668994068279936 ], [ -72.588292946817191, -37.668990319696213 ], [ -72.588206427628933, -37.66894926344299 ], [ -72.588168132631907, -37.668924971251798 ], [ -72.58814563874725, -37.668915311559822 ], [ -72.587998325560761, -37.668839802415107 ], [ -72.587961161725516, -37.668813494760485 ], [ -72.587900708367485, -37.668777899189259 ], [ -72.587875512424077, -37.668768046977853 ], [ -72.58778612771124, -37.66874885520248 ], [ -72.58760112714458, -37.668695034878148 ], [ -72.587430647353514, -37.668616560762665 ], [ -72.587393824080095, -37.668596018819962 ], [ -72.587381447049907, -37.668589975374196 ], [ -72.587349396893345, -37.668569119710853 ], [ -72.587251964302069, -37.668513390269545 ], [ -72.587240260157969, -37.668505158015385 ], [ -72.587244815037991, -37.668501066114587 ], [ -72.58714514143729, -37.668436206224328 ], [ -72.587100295989458, -37.668397914544173 ], [ -72.587068724380188, -37.668379744392517 ], [ -72.586919221766422, -37.668271795516191 ], [ -72.58684528432596, -37.668230806336844 ], [ -72.586813381221646, -37.668216668136161 ], [ -72.586794405729847, -37.668207875513893 ], [ -72.586790214366587, -37.668206101029028 ], [ -72.586668759076204, -37.668168267832975 ], [ -72.58657000383127, -37.668148291290301 ], [ -72.586352505448176, -37.668061717632604 ], [ -72.58622977761857, -37.667998942713453 ], [ -72.586164944251365, -37.667979131842337 ], [ -72.585951670802118, -37.667927639607342 ], [ -72.585862232103807, -37.667895891950124 ], [ -72.585819481062856, -37.667886671798001 ], [ -72.585811348107299, -37.667885323447905 ], [ -72.585811993599791, -37.667882863241978 ], [ -72.585684331954965, -37.667852932792847 ], [ -72.585684235167008, -37.667853224845487 ], [ -72.585584246719137, -37.667832286326913 ], [ -72.585421868632167, -37.667787572272807 ], [ -72.585342081247447, -37.66775412762297 ], [ -72.585268980129925, -37.667731298465597 ], [ -72.585266733544714, -37.667730951793217 ], [ -72.585128074855618, -37.66770221951078 ], [ -72.58508503448337, -37.667690947330009 ], [ -72.584928921648185, -37.667671629625104 ], [ -72.584871865572566, -37.667663375588063 ], [ -72.584856336827357, -37.667660801170953 ], [ -72.58484509589583, -37.667658890262864 ], [ -72.584816876855385, -37.667653974046367 ], [ -72.58451308551335, -37.667563233606984 ], [ -72.584494563828898, -37.667555130694062 ], [ -72.584440336424279, -37.667537025130599 ], [ -72.584395809680942, -37.667530338460622 ], [ -72.58432815136905, -37.667518464524676 ], [ -72.58430227136077, -37.667513258259092 ], [ -72.584019985735324, -37.667422975430505 ], [ -72.583979270637613, -37.667404565353941 ], [ -72.58397903278582, -37.667404480791184 ], [ -72.583879844299702, -37.667376086789091 ], [ -72.583864357577042, -37.667372268630622 ], [ -72.583766373544293, -37.667345525782551 ], [ -72.58372048715411, -37.667339860495936 ], [ -72.583716216072986, -37.667339880319417 ], [ -72.583483075309886, -37.667321715245293 ], [ -72.583378400853789, -37.6673047401815 ], [ -72.583378495579865, -37.667304371085784 ], [ -72.583368585318595, -37.667303190781034 ], [ -72.583352516953838, -37.667302873913954 ], [ -72.583143427491208, -37.667283197719648 ], [ -72.583075128882214, -37.667271576694816 ], [ -72.583075179729477, -37.667271387862641 ], [ -72.583043394027513, -37.667268188467141 ], [ -72.582827461548334, -37.667209866600317 ], [ -72.582743692619275, -37.667179461816751 ], [ -72.582664086621065, -37.667145307756677 ], [ -72.582555066080317, -37.667109170590287 ], [ -72.582555255577617, -37.667108809346622 ], [ -72.582457849681006, -37.667077438800291 ], [ -72.5823570925252, -37.667037952392086 ], [ -72.58228765463474, -37.667023191277934 ], [ -72.582251790390458, -37.667017680551801 ], [ -72.582105767809622, -37.666987097724807 ], [ -72.582055955298699, -37.666973786776104 ], [ -72.582041089313492, -37.666969994661578 ], [ -72.581983900789169, -37.666956094465242 ], [ -72.581933954087134, -37.666945905823496 ], [ -72.581882189125409, -37.666937321921139 ], [ -72.581845641827215, -37.666928839869797 ], [ -72.5818456106214, -37.666928948549938 ], [ -72.581632317711737, -37.666890248639646 ], [ -72.581451304673465, -37.666834463861278 ], [ -72.581450580621151, -37.666836090082626 ], [ -72.58133013357218, -37.666802202980058 ], [ -72.581190427546531, -37.666754283736267 ], [ -72.581131799758964, -37.666730343451185 ], [ -72.581089894139097, -37.666714914168544 ], [ -72.581025465733688, -37.666693683179588 ], [ -72.580981997370245, -37.666682574215443 ], [ -72.580902615904535, -37.666683623142546 ], [ -72.580818384063903, -37.666688720583771 ], [ -72.580747513652483, -37.666704893549451 ], [ -72.580664450435179, -37.666731199189492 ], [ -72.580552923982012, -37.666756223364416 ], [ -72.580536681089797, -37.666759764534 ], [ -72.580481688553235, -37.666771405042084 ], [ -72.58043646864806, -37.666780190403991 ], [ -72.580416862237058, -37.666783661941636 ], [ -72.580391745078543, -37.666791193544263 ], [ -72.580162133266313, -37.666838929759344 ], [ -72.580143817724817, -37.666841143551864 ], [ -72.580106446532199, -37.666848817186128 ], [ -72.580039242594793, -37.666859190357819 ], [ -72.579974956861591, -37.666871457379209 ], [ -72.579883702153381, -37.666883375355759 ], [ -72.579832866793495, -37.666896853660553 ], [ -72.579631688337543, -37.666934404410711 ], [ -72.579591721245208, -37.666938859746971 ], [ -72.579544620368793, -37.666947449623756 ], [ -72.579513467615357, -37.666957858585988 ], [ -72.579390738769334, -37.66700866279453 ], [ -72.579195718534109, -37.667056573995474 ], [ -72.579155888621756, -37.667063307794947 ], [ -72.579091447497575, -37.667084757606837 ], [ -72.578994830718088, -37.667111526260094 ], [ -72.578956399597573, -37.667126980732817 ], [ -72.578714117874881, -37.667198184274554 ], [ -72.578645787227671, -37.667211471088343 ], [ -72.578600310270488, -37.667227487553568 ], [ -72.578429866224496, -37.667275001073136 ], [ -72.578260876938302, -37.667299130297877 ], [ -72.578259050421366, -37.667299574533217 ], [ -72.578173460426683, -37.667356284960462 ], [ -72.578169305426613, -37.667352322430169 ], [ -72.578082626734471, -37.667416717385471 ], [ -72.578045071056621, -37.667437554909426 ], [ -72.577836103815073, -37.667559996366855 ], [ -72.577753047676424, -37.66762209905184 ], [ -72.577536264720621, -37.667745805137983 ], [ -72.577479808835292, -37.667782104258549 ], [ -72.577392167752308, -37.667849927237633 ], [ -72.577206581284159, -37.667945814516557 ], [ -72.577001086534764, -37.66801119617373 ], [ -72.576897447344166, -37.668035145824028 ], [ -72.576883993223831, -37.668040575795786 ], [ -72.576805835861791, -37.668090505142388 ], [ -72.576792645815217, -37.668103019761446 ], [ -72.576619041779523, -37.668235992706556 ], [ -72.576546125752898, -37.668281002960207 ], [ -72.576339486792165, -37.668382376062631 ], [ -72.576170262444279, -37.668446626192647 ], [ -72.576155548146218, -37.668452422458365 ], [ -72.575950810986953, -37.668536031557856 ], [ -72.57576680705678, -37.668595608871279 ], [ -72.575572541323581, -37.668628725937467 ], [ -72.575373985089115, -37.668634364816917 ], [ -72.575294835180244, -37.668631086314306 ], [ -72.575045886197756, -37.668598415778362 ], [ -72.574965525276653, -37.66858038029855 ], [ -72.574839410294018, -37.668545581494577 ], [ -72.574774766548984, -37.668524276146918 ], [ -72.574776274914996, -37.668521384327015 ], [ -72.574615872767296, -37.668461993752956 ], [ -72.574427756081647, -37.668349765346605 ], [ -72.574336193750213, -37.668266619922754 ], [ -72.574333083065355, -37.668268775407782 ], [ -72.574267983384502, -37.66820941177825 ], [ -72.574268834672878, -37.668242226425299 ], [ -72.57430676340546, -37.668487105581271 ], [ -72.574321874729193, -37.668539155236772 ], [ -72.574342763043404, -37.66863397580272 ], [ -72.574493045498343, -37.66962552965034 ], [ -72.574668660925155, -37.670788643498412 ], [ -72.574681322335366, -37.670870385151126 ], [ -72.574689811437906, -37.670977946703985 ], [ -72.574689998444811, -37.671031077094476 ], [ -72.574698939913389, -37.671087211354589 ], [ -72.574702655004927, -37.671113665415639 ], [ -72.574708330353786, -37.671160320036627 ], [ -72.574709865846657, -37.671171487093417 ], [ -72.574831083938264, -37.671961682881509 ], [ -72.574831713944036, -37.671965871318996 ], [ -72.574909081286521, -37.672490646510859 ], [ -72.574937804777733, -37.672596497648208 ], [ -72.574957382840722, -37.672645946698353 ], [ -72.57499291720066, -37.672781259652268 ], [ -72.576295526312705, -37.675985088380614 ], [ -72.576379262822826, -37.676191048172399 ], [ -72.576406980097616, -37.676271896589846 ], [ -72.576412886388297, -37.676292938707483 ], [ -72.576971421251002, -37.677629343332214 ], [ -72.576992451188573, -37.67766650673601 ], [ -72.577037858639116, -37.677647585549479 ], [ -72.578050667335305, -37.677114614228024 ], [ -72.579000590517225, -37.676608797803091 ], [ -72.579024527241501, -37.676596396322857 ], [ -72.579902057515, -37.676154172956871 ], [ -72.579907250156054, -37.676151524527697 ], [ -72.580349539835495, -37.675923228453478 ], [ -72.580359871274013, -37.675917958657188 ], [ -72.580704155747341, -37.675744432270548 ], [ -72.580819046709053, -37.675672504697175 ], [ -72.580872895793732, -37.675631519272706 ], [ -72.581080387724484, -37.675530690431707 ], [ -72.581121482274412, -37.675515263387979 ], [ -72.581178662281303, -37.675490506822157 ], [ -72.582074758577633, -37.675047612930378 ], [ -72.582170239550948, -37.675005352613169 ], [ -72.582454082600648, -37.674893614986125 ], [ -72.582929869603902, -37.674703869370106 ], [ -72.583123913607594, -37.674643516943028 ], [ -72.583328578847187, -37.674612420228101 ], [ -72.583536947524408, -37.674611630319205 ], [ -72.583741976672187, -37.674641173924385 ], [ -72.583936736185422, -37.674700052461922 ], [ -72.585306854537038, -37.675233511972522 ], [ -72.585502962095461, -37.675330721816394 ], [ -72.585670182472185, -37.675457530287566 ], [ -72.585801561947363, -37.675608664295474 ], [ -72.585891637079115, -37.675777839178956 ], [ -72.586011008751129, -37.676086521525548 ], [ -72.586032613704148, -37.676141883375472 ], [ -72.586031282044672, -37.676142211677345 ], [ -72.586055459863616, -37.676204282504386 ], [ -72.586056836853999, -37.676203942968492 ], [ -72.586070641427654, -37.676239310474408 ], [ -72.586280493074426, -37.676776941542023 ], [ -72.586309116333453, -37.67686614875872 ], [ -72.586442842887607, -37.677394321792448 ], [ -72.586458204627917, -37.677435013697973 ], [ -72.586499408621748, -37.677596751798987 ], [ -72.586499939302399, -37.677622564542155 ], [ -72.586515431839629, -37.677731982141736 ], [ -72.586617526798136, -37.678120710676041 ], [ -72.586623878817576, -37.678146816360275 ], [ -72.586727496571953, -37.678609167395997 ], [ -72.586745071667806, -37.678665932628249 ], [ -72.586762320262608, -37.678709282483069 ], [ -72.586814920531381, -37.678806791031391 ], [ -72.58685545405713, -37.678894139003624 ], [ -72.586898579619188, -37.679004300996688 ], [ -72.586895333972791, -37.679005103613328 ], [ -72.586924592836127, -37.679081415134235 ], [ -72.586926041263695, -37.67908108034689 ], [ -72.586988888148653, -37.67925283677075 ], [ -72.587052640917051, -37.679376290506667 ], [ -72.587086972857904, -37.679452307765416 ], [ -72.587090812401613, -37.679462180351244 ], [ -72.587092183173169, -37.679465730928676 ], [ -72.587109212868569, -37.679510167711619 ], [ -72.587128836644325, -37.679609668154036 ], [ -72.587132392906398, -37.679609044962028 ], [ -72.587169218100158, -37.679741788198328 ], [ -72.587411186758573, -37.680326277275825 ], [ -72.587414577385886, -37.680334603475202 ], [ -72.587470508113526, -37.680474261539167 ], [ -72.587516322971311, -37.68064350132277 ], [ -72.587520560611111, -37.680816581132341 ], [ -72.587483064254556, -37.680987109332811 ], [ -72.587405218331085, -37.681148788474879 ], [ -72.587289897391685, -37.681295647859223 ], [ -72.587141359985182, -37.681422264039426 ], [ -72.586965091411997, -37.681523961118671 ], [ -72.586767601159764, -37.681596983441736 ], [ -72.585817303797199, -37.681863477111335 ], [ -72.585771725562481, -37.681880343519921 ], [ -72.585782540083201, -37.681919366028204 ], [ -72.586002836553021, -37.68245969196127 ], [ -72.586011066665009, -37.682479883388801 ], [ -72.586030215116679, -37.68251517092768 ], [ -72.586075823812052, -37.682502406885646 ], [ -72.588252322462665, -37.681703902246397 ], [ -72.58826963860723, -37.681697263666855 ], [ -72.589523214980048, -37.681195655936072 ], [ -72.58955551323595, -37.681183237106026 ], [ -72.590328148145545, -37.680898055715055 ], [ -72.59035625358672, -37.680886919147774 ], [ -72.590590653535003, -37.680787500791411 ], [ -72.590595225277866, -37.680794309321662 ], [ -72.590712193622338, -37.680749392525406 ], [ -72.590709854164899, -37.680745026903395 ], [ -72.590726098355674, -37.680739528330115 ], [ -72.590791353415952, -37.680713364228303 ], [ -72.590876941246378, -37.680673341456405 ], [ -72.591060656242547, -37.680604236554871 ], [ -72.591064288223549, -37.680603175440986 ], [ -72.591180184374011, -37.680556682203104 ], [ -72.591190109063618, -37.680551484770355 ], [ -72.591238462347874, -37.680519387935327 ], [ -72.591258784506323, -37.680498075542133 ], [ -72.591272246235846, -37.680475247074817 ], [ -72.591374489468791, -37.680335896084344 ], [ -72.591506364000836, -37.680213271991398 ], [ -72.591614154380196, -37.680143389852724 ], [ -72.59161326872011, -37.680142522803116 ], [ -72.591759111817083, -37.680048420570103 ], [ -72.591796789464453, -37.680026885802327 ], [ -72.591813124951727, -37.680014282327981 ], [ -72.591848228564956, -37.679946232321882 ], [ -72.591978978346049, -37.679759555559315 ], [ -72.592040065245442, -37.679706986171638 ], [ -72.592102393359866, -37.679642851033449 ], [ -72.592108233283568, -37.679633262334889 ], [ -72.592111458373665, -37.679622934983449 ], [ -72.592096867002866, -37.679556608820981 ], [ -72.59208008510214, -37.679416410080016 ], [ -72.592079438335645, -37.679385453831628 ], [ -72.592102109697279, -37.679190611592851 ], [ -72.592177180758299, -37.679004256546733 ], [ -72.592301109236885, -37.678835181075549 ], [ -72.592468047828461, -37.678691362245161 ], [ -72.592476314257013, -37.678685636498535 ], [ -72.592524724808968, -37.67863642904863 ], [ -72.592534685627257, -37.678621074607818 ], [ -72.592535841305292, -37.678613175621763 ], [ -72.592521069582332, -37.678510138139558 ], [ -72.592503371140921, -37.678455640447801 ], [ -72.592491718196342, -37.678416094622058 ], [ -72.5924813017931, -37.678376772484199 ], [ -72.592457400311659, -37.678215518881103 ], [ -72.592470306872244, -37.678053474517782 ], [ -72.592470977750551, -37.678050027299264 ], [ -72.59247971442899, -37.678010875812618 ], [ -72.592510459062751, -37.677888830053881 ], [ -72.592515638611488, -37.677864947384421 ], [ -72.592545467990291, -37.677701195885916 ], [ -72.592550092379895, -37.677666229325418 ], [ -72.59255052137938, -37.677661045032821 ], [ -72.592543476521513, -37.677555533868514 ], [ -72.592534927881132, -37.677518572832646 ], [ -72.592529603184218, -37.677499744645701 ], [ -72.5925013637397, -37.677442441683972 ], [ -72.592409109747123, -37.677305890757204 ], [ -72.592342589412453, -37.677122054464434 ], [ -72.592326405780213, -37.676931199387269 ], [ -72.592361288187291, -37.676741931206905 ], [ -72.592382087854432, -37.676677676057032 ], [ -72.592390382885469, -37.676622294771036 ], [ -72.592393656031035, -37.676607067067046 ], [ -72.592389234687175, -37.676589046750266 ], [ -72.592339023460298, -37.676499558831402 ], [ -72.592270852865695, -37.676383538955271 ], [ -72.592217447672141, -37.676201156776095 ], [ -72.592212636506389, -37.676013939202555 ], [ -72.59225662689407, -37.675829975816733 ], [ -72.592259768543272, -37.67582166702411 ], [ -72.592291647282281, -37.675748826462396 ], [ -72.592333428801524, -37.675665094514216 ], [ -72.592353098315215, -37.6756183573195 ], [ -72.592388410956119, -37.675516158986483 ], [ -72.592470550740501, -37.675347200114878 ], [ -72.592593555582482, -37.675194717514685 ], [ -72.592752452261252, -37.675064875949026 ], [ -72.592940816575123, -37.674962924794649 ], [ -72.593007937604597, -37.674933978459599 ], [ -72.593009116929991, -37.674933200067009 ], [ -72.59308493300928, -37.674892344480298 ], [ -72.593138055806392, -37.674858278592296 ], [ -72.593149467225544, -37.674842845657238 ], [ -72.59315654442922, -37.674827601066468 ], [ -72.593156746013534, -37.67476871832104 ], [ -72.593149109392797, -37.674678675145856 ], [ -72.593183177365731, -37.674491149448926 ], [ -72.593265838639027, -37.674313435254838 ], [ -72.593393436225185, -37.674153394057385 ], [ -72.593560325403644, -37.674018105511259 ], [ -72.593759123453424, -37.673913554271387 ], [ -72.593774483026777, -37.673907211253251 ], [ -72.59380251360659, -37.673889299161125 ], [ -72.593828193392639, -37.673864548380188 ], [ -72.593843035188485, -37.673841861290441 ], [ -72.593847691474437, -37.673829367162725 ], [ -72.593858885163357, -37.673752373352009 ], [ -72.593864101793159, -37.673752852502759 ], [ -72.593868073374239, -37.673697992816756 ], [ -72.593905242702633, -37.673528776142071 ], [ -72.59390674420068, -37.673528984511108 ], [ -72.593925202938948, -37.673437938085733 ], [ -72.59393052855485, -37.673388508076137 ], [ -72.593943919982379, -37.673307567753646 ], [ -72.593955223649871, -37.673257070733477 ], [ -72.594016572000285, -37.673084691611422 ], [ -72.594066192152937, -37.672984573689909 ], [ -72.594074395382563, -37.67296018358536 ], [ -72.594084480756266, -37.672932037965111 ], [ -72.594092012743744, -37.672912244387973 ], [ -72.594116001773187, -37.672820543734908 ], [ -72.594178363419047, -37.672659535316264 ], [ -72.594277349467532, -37.67251057144238 ], [ -72.59430854722396, -37.67247268705497 ], [ -72.594340089192343, -37.67243635913163 ], [ -72.594348598234205, -37.67242705510801 ], [ -72.594357416912899, -37.672402528063358 ], [ -72.594365002791321, -37.672341941143387 ], [ -72.594365339094239, -37.67225378416228 ], [ -72.594400089496347, -37.672099539208489 ], [ -72.594405057754429, -37.67208494606092 ], [ -72.594422883740521, -37.672003438924925 ], [ -72.594429698470776, -37.671935837981849 ], [ -72.594429046843743, -37.671895323919664 ] ] ] ] } },
{ "type": "Feature", "properties": { "id": 10, "capa_kml": "Limite_100m_IPT_09_PRC_Puerto_Saavedra", "nombre_busq": "Limite_100m_IPT_09_PRC_Puerto_Saavedra", "fid_origen": 1, "crs_origen": "EPSG:4326" }, "geometry": { "type": "MultiPolygon", "coordinates": [ [ [ [ -73.406118921492251, -38.780581418123511 ], [ -73.406142662254467, -38.780550789898847 ], [ -73.406146046204626, -38.780543044184036 ], [ -73.406110075718885, -38.780515321650043 ], [ -73.404701503639203, -38.779616222955092 ], [ -73.404701503711323, -38.779616222885878 ], [ -73.404701501392211, -38.77961622152079 ], [ -73.401376814827387, -38.777493891330515 ], [ -73.401333974709289, -38.777471600379855 ], [ -73.401297340427973, -38.777499868615962 ], [ -73.398300702311644, -38.780312625229165 ], [ -73.398287799912538, -38.780324524180521 ], [ -73.396429351822505, -38.782008593550685 ], [ -73.396422419402782, -38.782014994863324 ], [ -73.396247429460175, -38.782179663272515 ], [ -73.39622530129418, -38.782201862541847 ], [ -73.396097826892316, -38.782338337295286 ], [ -73.396029342261812, -38.782434560202098 ], [ -73.395301781347058, -38.78383892240543 ], [ -73.395291475238011, -38.783858171834517 ], [ -73.394617109891598, -38.785077876368433 ], [ -73.394612241755596, -38.785086951811238 ], [ -73.394536601223379, -38.785232396520961 ], [ -73.394498949923616, -38.785344546821314 ], [ -73.393990730092042, -38.788451110163528 ], [ -73.393540931309644, -38.791214212732044 ], [ -73.393538755351742, -38.791226863512229 ], [ -73.39330999437064, -38.792489130608708 ], [ -73.393257397676791, -38.792658834897523 ], [ -73.393163957068012, -38.792817410726123 ], [ -73.393033182661313, -38.792958900730774 ], [ -73.392869987210432, -38.793077989395762 ], [ -73.392680501560221, -38.793170202760251 ], [ -73.392471844322785, -38.79323207651089 ], [ -73.392251854428707, -38.793261286142275 ], [ -73.392028796603938, -38.793256734293642 ], [ -73.390017004234679, -38.793061863729278 ], [ -73.389966550068678, -38.793060757896527 ], [ -73.389953253353582, -38.793098863737917 ], [ -73.389913442390508, -38.793278827336124 ], [ -73.389913441501406, -38.793278833020224 ], [ -73.38988771599405, -38.793395126207947 ], [ -73.389765447387376, -38.7939478404138 ], [ -73.389761784481053, -38.793989809215319 ], [ -73.389814530843907, -38.793997911088226 ], [ -73.390320850487541, -38.794033899989422 ], [ -73.390542716379741, -38.794067082881092 ], [ -73.390752032707894, -38.794133530013532 ], [ -73.390940741567235, -38.794230683438201 ], [ -73.391101578280868, -38.794354803120122 ], [ -73.391228351052476, -38.794501110901741 ], [ -73.391316179334893, -38.794663974430193 ], [ -73.391361681737905, -38.794837123971043 ], [ -73.391363106238131, -38.795013893763546 ], [ -73.391320397673169, -38.795187478628613 ], [ -73.391235199914405, -38.795351195951014 ], [ -73.391110792627501, -38.795498742950677 ], [ -73.390951965048146, -38.795624439337303 ], [ -73.390764831627152, -38.795723446004438 ], [ -73.390681777826785, -38.795758634679395 ], [ -73.390634778217972, -38.795783736497334 ], [ -73.39061630582917, -38.795822609699812 ], [ -73.390582802296663, -38.795922979596497 ], [ -73.390474790405676, -38.796091428199198 ], [ -73.39032436071291, -38.796238606075235 ], [ -73.390138095808837, -38.796358072706276 ], [ -73.389924146562478, -38.796444600195429 ], [ -73.389691875431623, -38.79649440206061 ], [ -73.389597252490688, -38.796506552424667 ], [ -73.38957458162389, -38.796509282329275 ], [ -73.389047932068038, -38.796568500714287 ], [ -73.388995562502217, -38.796578816021274 ], [ -73.389002562294237, -38.7966207203906 ], [ -73.38921428127918, -38.797316238091078 ], [ -73.389232020988018, -38.797356743942281 ], [ -73.389273562009606, -38.797413151278924 ], [ -73.389373135322145, -38.797589782072798 ], [ -73.38942233631208, -38.797778958674719 ], [ -73.389418905493997, -38.797971994974077 ], [ -73.38936299997755, -38.798160027571278 ], [ -73.389308243433845, -38.798250273870359 ], [ -73.389312493124095, -38.798251806680696 ], [ -73.389202007986327, -38.798439389376163 ], [ -73.38918554842212, -38.798475014237965 ], [ -73.389177024514126, -38.798512304193672 ], [ -73.389155304761204, -38.798696442913609 ], [ -73.389153390647635, -38.79871865848849 ], [ -73.38913210735285, -38.799109361054398 ], [ -73.389132928903578, -38.799159278604115 ], [ -73.389181294186045, -38.799712067240883 ], [ -73.389182395469518, -38.799726307919336 ], [ -73.389226326325016, -38.800380199950084 ], [ -73.389226872814334, -38.800389190523049 ], [ -73.389252397828557, -38.800858498866212 ], [ -73.389282300217189, -38.800983562359534 ], [ -73.389400645951881, -38.801256252836247 ], [ -73.389425368088354, -38.80129825225697 ], [ -73.38946066530734, -38.801335337317099 ], [ -73.389582615413588, -38.801438925544836 ], [ -73.38967578457509, -38.801502659339171 ], [ -73.389797616160863, -38.80156934205614 ], [ -73.389872871598271, -38.801604181404741 ], [ -73.390131980347064, -38.801704157816907 ], [ -73.390257741091247, -38.801739136944953 ], [ -73.390459681710752, -38.801775292946111 ], [ -73.390502424179274, -38.801781625760576 ], [ -73.39074539034705, -38.801810227862674 ], [ -73.39079173861667, -38.801814189317952 ], [ -73.391019074794698, -38.801826353377045 ], [ -73.391105921037209, -38.801825854523521 ], [ -73.391335807408211, -38.801810897868727 ], [ -73.391439636236242, -38.801796544934994 ], [ -73.3916411384767, -38.801753456900151 ], [ -73.391741114531499, -38.801724021837842 ], [ -73.391920231954302, -38.801655800044585 ], [ -73.392030284073755, -38.801600976493958 ], [ -73.392059237929061, -38.801582623507421 ], [ -73.392115605936581, -38.80154171856227 ], [ -73.392251671199034, -38.801428832285019 ], [ -73.392281376833211, -38.801399642309491 ], [ -73.392304454763135, -38.801366988570393 ], [ -73.392368533283644, -38.801255159189665 ], [ -73.392444669321634, -38.801143893983706 ], [ -73.392527961108044, -38.801040328366838 ], [ -73.392650074353313, -38.800914501452681 ], [ -73.392732358644494, -38.800843600184962 ], [ -73.392787420139072, -38.8007879685224 ], [ -73.39289833703593, -38.800655692045389 ], [ -73.39304187429839, -38.800516792040455 ], [ -73.393400551791302, -38.800232666319815 ], [ -73.393422364646753, -38.800215840833239 ], [ -73.393629718940005, -38.800060096850984 ], [ -73.393705153427135, -38.800008190669075 ], [ -73.393911714325014, -38.799878108852702 ], [ -73.394018217099344, -38.799818516108232 ], [ -73.394378296251205, -38.799640338769329 ], [ -73.394488927045273, -38.799592047545829 ], [ -73.394798228032229, -38.799473998210303 ], [ -73.395030125552367, -38.799408474538701 ], [ -73.395274533538355, -38.79938308993529 ], [ -73.395520244225992, -38.799399008465031 ], [ -73.395855177503478, -38.799449381329673 ], [ -73.396016565974662, -38.799483317653745 ], [ -73.396646338898279, -38.799654958750494 ], [ -73.396668806768432, -38.799660680329055 ], [ -73.397270421734206, -38.799803266271745 ], [ -73.397280646662324, -38.799805608988919 ], [ -73.397393912135669, -38.79983067193983 ], [ -73.397393915172515, -38.79983067249168 ], [ -73.397826448224066, -38.799926379744385 ], [ -73.397898687201732, -38.799938504496581 ], [ -73.398139856939252, -38.799966448709348 ], [ -73.398244200233165, -38.799971019086271 ], [ -73.398435702653515, -38.799965746376699 ], [ -73.398532016427268, -38.79995668295777 ], [ -73.398797476170202, -38.799913666975058 ], [ -73.398842213873223, -38.799907136234275 ], [ -73.398842724353941, -38.799907069856268 ], [ -73.399155770174204, -38.79986636572535 ], [ -73.399193744875546, -38.799861935792144 ], [ -73.400113054491399, -38.799766922768193 ], [ -73.400142639102214, -38.799764169267021 ], [ -73.400607817918427, -38.799725642631387 ], [ -73.40071088371532, -38.799717106531489 ], [ -73.400733808896334, -38.799714842848914 ], [ -73.400851738833524, -38.799701311158657 ], [ -73.400851742888548, -38.799701310519616 ], [ -73.401828772177652, -38.799589195216711 ], [ -73.401875761144211, -38.799580188761418 ], [ -73.401846137079943, -38.799520808876068 ], [ -73.401810240220513, -38.799463686037065 ], [ -73.401751287588823, -38.799281719893045 ], [ -73.401741802000274, -38.799094143806897 ], [ -73.401758805315353, -38.799016250562303 ], [ -73.40175671083928, -38.799016041681547 ], [ -73.401788587805115, -38.798820307266645 ], [ -73.401785946589726, -38.798717170048526 ], [ -73.401773921260357, -38.798634248056104 ], [ -73.40175765380971, -38.798573317695691 ], [ -73.401738406647155, -38.798518678144688 ], [ -73.401735319449486, -38.798511670522117 ], [ -73.401681160967755, -38.798328626867679 ], [ -73.401669477661741, -38.798254711762944 ], [ -73.401643247764682, -38.798172826561732 ], [ -73.401629595274528, -38.798011805990285 ], [ -73.401652869148037, -38.797851462436597 ], [ -73.40171232246631, -38.797696940070601 ], [ -73.401734860113308, -38.79765305519129 ], [ -73.401749429006713, -38.797615365617894 ], [ -73.401754824175839, -38.797579434197829 ], [ -73.401798653661402, -38.797417629891939 ], [ -73.401861366704509, -38.797299158105602 ], [ -73.40186091996128, -38.797299009234081 ], [ -73.401934877535709, -38.797163095606606 ], [ -73.40194218974807, -38.797165532307183 ], [ -73.402053390954094, -38.796991859569204 ], [ -73.402053953165392, -38.796991228063249 ], [ -73.402113515840682, -38.796905921178457 ], [ -73.402161651381462, -38.796814707922529 ], [ -73.402182320806602, -38.796777891872381 ], [ -73.402228243869104, -38.796700812708721 ], [ -73.40224996662019, -38.796658997089736 ], [ -73.402285744872103, -38.796578819757542 ], [ -73.402298710753698, -38.796537344106092 ], [ -73.402301320207641, -38.796494694201556 ], [ -73.40229456572159, -38.796385113088817 ], [ -73.402270761471371, -38.796277038518589 ], [ -73.402263890658588, -38.796259227106702 ], [ -73.40223935759407, -38.796210346988438 ], [ -73.402164537539164, -38.796077380355484 ], [ -73.40216169149538, -38.796078285088178 ], [ -73.402099559534591, -38.795958587561927 ], [ -73.402038325288615, -38.795800274476257 ], [ -73.402015106376268, -38.795635868816376 ], [ -73.402024529756943, -38.795536088822018 ], [ -73.402021472066096, -38.795535906224401 ], [ -73.402024605340927, -38.795503773184677 ], [ -73.402024014052358, -38.795465146370638 ], [ -73.402012064941815, -38.79544957527704 ], [ -73.401911925987122, -38.795282300076025 ], [ -73.401904241371085, -38.795265048704209 ], [ -73.401889804637435, -38.795246026057953 ], [ -73.401843410158676, -38.795169423671403 ], [ -73.401840290814704, -38.795170618485109 ], [ -73.401787409557613, -38.795086066342044 ], [ -73.401741767922019, -38.795056461798737 ], [ -73.401664106847718, -38.795016103272125 ], [ -73.401600344658888, -38.794988419900207 ], [ -73.401421681800443, -38.794892618464722 ], [ -73.4012691083758, -38.794772325427417 ], [ -73.401148024044332, -38.794631798144458 ], [ -73.401062713942451, -38.794476010064407 ], [ -73.401016197046062, -38.79431047470073 ], [ -73.401007943524888, -38.794257910304225 ], [ -73.400969687190056, -38.794170297438484 ], [ -73.400974356544481, -38.794169048723589 ], [ -73.400929356541994, -38.794065001041034 ], [ -73.400901649827304, -38.793968009836114 ], [ -73.400885774508197, -38.793929372498361 ], [ -73.40085131865996, -38.793879235743503 ], [ -73.400773377824294, -38.793738139186317 ], [ -73.400729077029268, -38.793634432956885 ], [ -73.400680047545535, -38.793543934554343 ], [ -73.4006529971943, -38.793502208589643 ], [ -73.400594375467662, -38.793350104984476 ], [ -73.400579300534829, -38.793293266341593 ], [ -73.400566945202527, -38.793261233146808 ], [ -73.400539572909508, -38.793175155056851 ], [ -73.400530901914735, -38.79314073603301 ], [ -73.400517710849016, -38.793104670025016 ], [ -73.400496989174144, -38.793070841899763 ], [ -73.400437564707417, -38.792991677080835 ], [ -73.400348652783961, -38.792844043709565 ], [ -73.400295232651686, -38.792686279375836 ], [ -73.400279057127193, -38.792523561336743 ], [ -73.4002803075782, -38.792448626927303 ], [ -73.400261625986502, -38.792372812416957 ], [ -73.40025183794765, -38.792347795213431 ], [ -73.400229825379185, -38.792305833954181 ], [ -73.400157523344248, -38.792189789237383 ], [ -73.400097577968907, -38.792107866958858 ], [ -73.400081823846307, -38.79209036278931 ], [ -73.400009776342401, -38.791999246801481 ], [ -73.399925149748597, -38.791876456450005 ], [ -73.399918645691798, -38.791867276866782 ], [ -73.399840111147128, -38.791759418411672 ], [ -73.399827775133943, -38.791743269893558 ], [ -73.399749717935705, -38.791645771391195 ], [ -73.399752351877012, -38.791644479806394 ], [ -73.399688952182203, -38.791562468035806 ], [ -73.399618375362635, -38.791423221157643 ], [ -73.399605261758992, -38.79138937343636 ], [ -73.399581795939412, -38.791353647671649 ], [ -73.399492911724735, -38.791243925287773 ], [ -73.399435279480429, -38.791184370734811 ], [ -73.399432157257706, -38.791181647722688 ], [ -73.399331474297909, -38.791080112192702 ], [ -73.399330840744426, -38.791079369369726 ], [ -73.399284641037141, -38.791020421111178 ], [ -73.399249389730699, -38.790971307482138 ], [ -73.399199244268686, -38.790892405133661 ], [ -73.399121099697766, -38.790790344563518 ], [ -73.399041578669582, -38.790665467139917 ], [ -73.399033302574395, -38.790649475394922 ], [ -73.399009800265631, -38.790613721003311 ], [ -73.398954124255894, -38.790557080140204 ], [ -73.398927486880808, -38.790534359384573 ], [ -73.398813786678232, -38.79039070250208 ], [ -73.398759461751808, -38.790305031526458 ], [ -73.398693666212822, -38.790207314381469 ], [ -73.398634056377603, -38.790066712798001 ], [ -73.398604691634517, -38.789920366889582 ], [ -73.398594144380354, -38.78980820056794 ], [ -73.398592769893611, -38.789794507145338 ], [ -73.398605141936827, -38.78957468565855 ], [ -73.398607961998962, -38.789561547510147 ], [ -73.398615328617993, -38.789507193038958 ], [ -73.398619569853082, -38.789433337589315 ], [ -73.398629405838335, -38.789349554345812 ], [ -73.398653985459291, -38.789211378733718 ], [ -73.398663940804425, -38.789164502197508 ], [ -73.398692766136932, -38.789047878043021 ], [ -73.398703214059211, -38.78899406013381 ], [ -73.398705602382449, -38.788994344142019 ], [ -73.398728407538869, -38.78889860835244 ], [ -73.398783754801983, -38.788772953201409 ], [ -73.398832485942307, -38.788684184701296 ], [ -73.398823904287383, -38.788654104101511 ], [ -73.398797472423411, -38.788499462899132 ], [ -73.398805524385267, -38.788343571458945 ], [ -73.398847818488562, -38.788191104653748 ], [ -73.3988867757012, -38.78811632966616 ], [ -73.398884430638191, -38.788115610886813 ], [ -73.398899535479302, -38.788085423805413 ], [ -73.398921066539614, -38.788050511232896 ], [ -73.398923086214353, -38.788046634629751 ], [ -73.398929394340243, -38.788037007709754 ], [ -73.398975950414069, -38.787961516958667 ], [ -73.399009641762675, -38.787923183927091 ], [ -73.399031615115675, -38.787891024128221 ], [ -73.399052103532796, -38.787839758119006 ], [ -73.39906699107992, -38.78778449409338 ], [ -73.399148472802494, -38.787630631865582 ], [ -73.399180769965355, -38.787582721691898 ], [ -73.399187022055642, -38.787542955867487 ], [ -73.399189300669647, -38.787486670021678 ], [ -73.399181067455203, -38.787395314693001 ], [ -73.399160058535188, -38.787300947602397 ], [ -73.399143971972748, -38.787108740843742 ], [ -73.399146784596951, -38.787055968855192 ], [ -73.399175237729594, -38.78689101762869 ], [ -73.39919502088587, -38.786844169120059 ], [ -73.399211880266165, -38.786787239734686 ], [ -73.399214171219597, -38.786746344561337 ], [ -73.399212122490653, -38.786713072116342 ], [ -73.399182912886246, -38.786568470838112 ], [ -73.399183562176276, -38.786568390493592 ], [ -73.399154399233737, -38.78642077933209 ], [ -73.399147894359629, -38.786297811622369 ], [ -73.399157303348446, -38.786297506721283 ], [ -73.399146588568044, -38.786203322431383 ], [ -73.39915710582153, -38.786056000449165 ], [ -73.399190023838727, -38.785886683114995 ], [ -73.399263283604611, -38.785725300443929 ], [ -73.399374237590578, -38.78557768406349 ], [ -73.399518876241501, -38.78544916811849 ], [ -73.399529823367928, -38.785441130521562 ], [ -73.399564391932046, -38.785400080069465 ], [ -73.399580620432403, -38.785368264779279 ], [ -73.399582431856217, -38.785330417889838 ], [ -73.399579678552172, -38.785285704221955 ], [ -73.399591612387241, -38.785105932312682 ], [ -73.399648970016145, -38.784931605711471 ], [ -73.399749461332533, -38.784769683758576 ], [ -73.399889074351364, -38.784626630541801 ], [ -73.399917174791369, -38.784603134274583 ], [ -73.399970675642805, -38.784561248086817 ], [ -73.400006106027163, -38.784535275755289 ], [ -73.400068355715177, -38.784492819019675 ], [ -73.400115873661292, -38.784462686935086 ], [ -73.400165007450425, -38.784427661871199 ], [ -73.400297179374263, -38.784321878687244 ], [ -73.400311368909257, -38.784310718889095 ], [ -73.400483468500866, -38.78417771030044 ], [ -73.400530715772575, -38.784143190677227 ], [ -73.400585255577397, -38.784105529251875 ], [ -73.400709493630188, -38.783997489026177 ], [ -73.400885699968725, -38.783872909556031 ], [ -73.401090814850377, -38.783779278920626 ], [ -73.40131611015714, -38.783720581288584 ], [ -73.401551999140295, -38.783699314356369 ], [ -73.401593445868855, -38.783698945960943 ], [ -73.401619576804805, -38.783697503900989 ], [ -73.401667756410561, -38.783691571977911 ], [ -73.401713939501334, -38.783679299843129 ], [ -73.401759999181365, -38.783663505444707 ], [ -73.40187531091722, -38.783615518441998 ], [ -73.401877617061132, -38.783618913416966 ], [ -73.402031875656846, -38.783559619517312 ], [ -73.402272703148896, -38.783513361300407 ], [ -73.402348512663025, -38.783505439132213 ], [ -73.402405638185769, -38.78349453833664 ], [ -73.402434907561826, -38.783466963194499 ], [ -73.402497033952642, -38.783367234599453 ], [ -73.402534621364879, -38.783278607450683 ], [ -73.402551939330579, -38.783228147637651 ], [ -73.40257375687888, -38.783145751224779 ], [ -73.402580146341407, -38.783123093007248 ], [ -73.402608492770142, -38.78302838288684 ], [ -73.402620881526431, -38.78296983013113 ], [ -73.40263161994163, -38.782884447750604 ], [ -73.402661087664967, -38.782752213443182 ], [ -73.40266293732725, -38.782746477773969 ], [ -73.402729852750397, -38.782596323638927 ], [ -73.402829454128366, -38.782457717244995 ], [ -73.402958638221733, -38.782334976851722 ], [ -73.403113380207358, -38.782231926396861 ], [ -73.403153072808578, -38.782209905656757 ], [ -73.403319030512264, -38.782133304517771 ], [ -73.403498986387476, -38.78207944257376 ], [ -73.403625123477454, -38.782050897391834 ], [ -73.403625577626443, -38.782050759539977 ], [ -73.403692564730946, -38.782033473247068 ], [ -73.403704902394921, -38.782028933802273 ], [ -73.403745091359056, -38.782006861421102 ], [ -73.403753527401562, -38.782001321555086 ], [ -73.403771826626581, -38.781988622115101 ], [ -73.403807566285693, -38.781956668604217 ], [ -73.403835537128771, -38.781918527335222 ], [ -73.403923478679872, -38.7817652485408 ], [ -73.404036306417154, -38.781611275134829 ], [ -73.404185510958058, -38.781477604361811 ], [ -73.404365300868733, -38.781369424548735 ], [ -73.404568697666832, -38.781290934592548 ], [ -73.40478780667803, -38.781245180997843 ], [ -73.405014123437581, -38.781233939641041 ], [ -73.405033414363672, -38.781234472782096 ], [ -73.405082317484229, -38.781221287551972 ], [ -73.405100106049574, -38.781215011300247 ], [ -73.405165656865918, -38.781193760772062 ], [ -73.405199620676427, -38.781183698470443 ], [ -73.405283329003211, -38.781152649314578 ], [ -73.405288444789036, -38.781150339403858 ], [ -73.405408970684391, -38.781080094151775 ], [ -73.405423659763983, -38.781069942762684 ], [ -73.405496186772908, -38.781023113342734 ], [ -73.405502207598246, -38.781017687921775 ], [ -73.405685330897782, -38.780884967325001 ], [ -73.405688673320597, -38.780883026180916 ], [ -73.40580292411606, -38.780804480302599 ], [ -73.40581830276939, -38.780793515983852 ], [ -73.405932787618923, -38.780708879575954 ], [ -73.406018368505968, -38.780651545870597 ], [ -73.406064882526863, -38.780623350384758 ], [ -73.406118921492251, -38.780581418123511 ] ] ] ] } },
{ "type": "Feature", "properties": { "id": 11, "capa_kml": "Limite_100m_IPT_09_PRC_Pucon", "nombre_busq": "Limite_100m_IPT_09_PRC_Pucon", "fid_origen": 1, "crs_origen": "EPSG:4326" }, "geometry": { "type": "MultiPolygon", "coordinates": [ [ [ [ -72.00783454860634, -39.266245300690734 ], [ -72.007830322424724, -39.266201119233166 ], [ -72.007813565636297, -39.266127509942727 ], [ -72.007797234624007, -39.266083718384635 ], [ -72.007743982143296, -39.266064606167923 ], [ -72.007266271268975, -39.26593926278283 ], [ -72.007057187662909, -39.265865751526803 ], [ -72.006870852151351, -39.265761639861751 ], [ -72.006714579177029, -39.265631014653195 ], [ -72.006594502991064, -39.265479003527233 ], [ -72.006535880819115, -39.265385015619856 ], [ -72.006491566773562, -39.265327068650087 ], [ -72.006388053823514, -39.265242121628383 ], [ -72.006264284917791, -39.265165048408981 ], [ -72.006227904376885, -39.265145754198791 ], [ -72.006188158960526, -39.265131007070963 ], [ -72.005062272218211, -39.264792901664201 ], [ -72.004907044081875, -39.264764660791727 ], [ -72.004564764674043, -39.264740341961961 ], [ -72.004426739665035, -39.26472396566836 ], [ -72.004181450937011, -39.26468297053254 ], [ -72.004125687431753, -39.264678124613532 ], [ -72.004024883525133, -39.264720057753657 ], [ -72.004022828894676, -39.264717073083069 ], [ -72.003873928603227, -39.264777305861813 ], [ -72.003640862695718, -39.26482469633563 ], [ -72.003641131329786, -39.264825904883921 ], [ -72.003594493900721, -39.264832169171093 ], [ -72.003390502204169, -39.264864040730856 ], [ -72.003095755980183, -39.264880206228277 ], [ -72.002972008481137, -39.264874671670725 ], [ -72.002908655391749, -39.264877414620088 ], [ -72.002853219361285, -39.264901411046047 ], [ -72.002726844047501, -39.264971721609207 ], [ -72.002509230721714, -39.265092792256965 ], [ -72.002387234458041, -39.26517789370498 ], [ -72.002171852224393, -39.265296691343238 ], [ -72.001927449596039, -39.265374473403249 ], [ -72.001666733491419, -39.265407195818142 ], [ -72.001642398792043, -39.265408063183784 ], [ -72.001598052177741, -39.265421897351992 ], [ -72.001340289282837, -39.265522568590505 ], [ -72.001152059050753, -39.265580678286625 ], [ -72.000728581953609, -39.265679088967332 ], [ -72.000675954826519, -39.265695967076425 ], [ -72.000601595570259, -39.26575483473848 ], [ -72.00046605906708, -39.265846653003706 ], [ -72.000313875948649, -39.265921060400913 ], [ -72.000257038243134, -39.265944274145973 ], [ -72.000222703997238, -39.265974722250391 ], [ -72.000192243258098, -39.26600734279814 ], [ -72.000031617824902, -39.266146350749231 ], [ -71.999837539355056, -39.266256592191134 ], [ -71.999795852463194, -39.266275452685129 ], [ -71.999568284093371, -39.266354308679801 ], [ -71.999324285323894, -39.266393507260176 ], [ -71.999075147325598, -39.266391234472515 ], [ -71.9989698558973, -39.266381406709172 ], [ -71.998938626791528, -39.266378156282435 ], [ -71.99867617126425, -39.266348008609363 ], [ -71.998615697885313, -39.266346103631939 ], [ -71.998556067028645, -39.266354151881728 ], [ -71.998174089269455, -39.266438930270091 ], [ -71.9981308685892, -39.266451520932947 ], [ -71.998090800472156, -39.266469330663909 ], [ -71.997863769499787, -39.266590032324117 ], [ -71.99772984746815, -39.266651406313592 ], [ -71.997509587574783, -39.266737419498433 ], [ -71.997297106574223, -39.266800933066676 ], [ -71.996679369745152, -39.266933141501639 ], [ -71.99661731750858, -39.266949409312687 ], [ -71.996352845096084, -39.267031973261659 ], [ -71.996279462031481, -39.267059703056127 ], [ -71.995896270429384, -39.267231467487505 ], [ -71.995833606319323, -39.26726395633861 ], [ -71.995523088215805, -39.267448733880968 ], [ -71.995357760454027, -39.267530847107253 ], [ -71.99455805535645, -39.267857455298021 ], [ -71.994514498515429, -39.267879455036514 ], [ -71.994492379838121, -39.267915988893435 ], [ -71.994477501055911, -39.267947929535097 ], [ -71.994378302124517, -39.268108912202074 ], [ -71.99424019640135, -39.268251519287382 ], [ -71.994068611881787, -39.268370145641263 ], [ -71.993870292545026, -39.268460128643063 ], [ -71.993653033285071, -39.268517931481178 ], [ -71.993551109761796, -39.268536522354744 ], [ -71.993445556737882, -39.268564359230368 ], [ -71.993079931549872, -39.268692538515481 ], [ -71.992879706039972, -39.268746219676395 ], [ -71.992470495596791, -39.26882425387938 ], [ -71.992345113927769, -39.268860576580259 ], [ -71.991915227089251, -39.269031543502813 ], [ -71.991870841841788, -39.269051161652293 ], [ -71.991633540934643, -39.269167100741981 ], [ -71.991419561901068, -39.269249089406351 ], [ -71.990883901169084, -39.269403352081007 ], [ -71.990722690513408, -39.269439696150762 ], [ -71.990003414190042, -39.26955872489107 ], [ -71.989900647014423, -39.269572007627225 ], [ -71.989315232294842, -39.269626777058697 ], [ -71.989252490002087, -39.269638360954424 ], [ -71.989194706612622, -39.269660616359253 ], [ -71.988987084774735, -39.269764848174461 ], [ -71.988910607906661, -39.269800084525322 ], [ -71.988842977925458, -39.269828577170053 ], [ -71.988815264956628, -39.269839878891176 ], [ -71.988423893675801, -39.26999427984137 ], [ -71.98838014829596, -39.270015630761598 ], [ -71.988371933968708, -39.270024099896958 ], [ -71.988208581847118, -39.270160486675891 ], [ -71.988012607941613, -39.270267814167418 ], [ -71.987792406833819, -39.270341484893123 ], [ -71.987557411008481, -39.270378343076501 ], [ -71.987369706861173, -39.27039231039646 ], [ -71.987208665439923, -39.270395546193704 ], [ -71.987192539056238, -39.27039499742412 ], [ -71.986997024523447, -39.270375290047852 ], [ -71.986808641845357, -39.270330095266637 ], [ -71.986632848571759, -39.27026072239385 ], [ -71.986471106117804, -39.270182775801715 ], [ -71.98642097123475, -39.270163837433834 ], [ -71.986374159525653, -39.270187360066359 ], [ -71.986315644447814, -39.27022387908864 ], [ -71.986175163859073, -39.270299037459608 ], [ -71.986022008136317, -39.270357347767479 ], [ -71.985853938423588, -39.270409796304719 ], [ -71.985653408180696, -39.270474152603768 ], [ -71.985563899996819, -39.270510306579567 ], [ -71.984980182334155, -39.270799022504669 ], [ -71.984910245384597, -39.270830995983644 ], [ -71.984539550587442, -39.27098715113565 ], [ -71.984337005234792, -39.271053994424051 ], [ -71.984121851808681, -39.271089858831367 ], [ -71.984051720859512, -39.271096217670831 ], [ -71.983849974761469, -39.271135602507186 ], [ -71.983596223397655, -39.271162451617521 ], [ -71.983341083616608, -39.271145304884456 ], [ -71.983296265055102, -39.271138351200676 ], [ -71.983131313270533, -39.271128370937298 ], [ -71.983088786554859, -39.27112824921479 ], [ -71.983046701673672, -39.271133003326099 ], [ -71.982604902257023, -39.271209190261182 ], [ -71.982598101275769, -39.271210396502887 ], [ -71.982137113649515, -39.271294431005614 ], [ -71.981921290871938, -39.271333772922198 ], [ -71.981768808584675, -39.271380141131473 ], [ -71.981211225724707, -39.271625689638235 ], [ -71.981206008898411, -39.271627973182412 ], [ -71.98061986760294, -39.271882991915064 ], [ -71.980409811193795, -39.27195419081314 ], [ -71.980185832352689, -39.271991853832006 ], [ -71.979956697435185, -39.271994506855762 ], [ -71.979731374631172, -39.271962046033835 ], [ -71.979518682916691, -39.271895741848141 ], [ -71.97932694684809, -39.271798189383645 ], [ -71.9791636707169, -39.271673206749867 ], [ -71.978571701258673, -39.271120191341822 ], [ -71.978528197332508, -39.271076932019724 ], [ -71.977745246394932, -39.270247432621886 ], [ -71.977687395756348, -39.270179970747442 ], [ -71.97664961426949, -39.268842986379489 ], [ -71.976638682985794, -39.268828603159172 ], [ -71.976065908655201, -39.268058723712002 ], [ -71.97541405152181, -39.267182521367012 ], [ -71.975403260638529, -39.267167694517354 ], [ -71.974689208426781, -39.266164531143389 ], [ -71.97463443714939, -39.266076642570205 ], [ -71.973881726621215, -39.264680464341872 ], [ -71.973843711453853, -39.264599208488157 ], [ -71.973387920205937, -39.263456939096386 ], [ -71.973373361623842, -39.263417261708263 ], [ -71.973223192131599, -39.262969324954895 ], [ -71.972951396739944, -39.262158579090119 ], [ -71.972917103366072, -39.261997780934664 ], [ -71.972920663287468, -39.26183481129128 ], [ -71.972961959578399, -39.261675010984689 ], [ -71.972975146287382, -39.261640519567187 ], [ -71.972986628568378, -39.261587622321038 ], [ -71.97298137006112, -39.26153413320727 ], [ -71.972970031548414, -39.261490199217896 ], [ -71.972954465261978, -39.261450854853358 ], [ -71.972901982488594, -39.261456313055263 ], [ -71.971813393381041, -39.261657470207233 ], [ -71.970977801254591, -39.261811868572757 ], [ -71.970977800233058, -39.261811868802532 ], [ -71.969269917380331, -39.262127427246803 ], [ -71.969222066580869, -39.262140083287356 ], [ -71.969226189416347, -39.262179244982683 ], [ -71.969701415489098, -39.264253299177575 ], [ -71.969710655903356, -39.264286370009067 ], [ -71.969759407247679, -39.264433869787304 ], [ -71.969805210025584, -39.264527512068362 ], [ -71.970916444845685, -39.266206363267614 ], [ -71.970981784888792, -39.266325408245393 ], [ -71.971004529213104, -39.266376800793331 ], [ -71.97105416218966, -39.266533302186545 ], [ -71.971067101782467, -39.26669417497375 ], [ -71.971042933035264, -39.266854263277892 ], [ -71.970982430297482, -39.267008436329505 ], [ -71.970448679849255, -39.268030201709493 ], [ -71.970448679537398, -39.268030202410984 ], [ -71.969612500521038, -39.269630853849684 ], [ -71.969093439127633, -39.270624424410165 ], [ -71.969093438863325, -39.270624425001891 ], [ -71.967688408091519, -39.273313751594884 ], [ -71.967579914877064, -39.273473326954544 ], [ -71.967432652977152, -39.273612876897658 ], [ -71.967252539856034, -39.273726793640016 ], [ -71.962020766446983, -39.276406230963907 ], [ -71.961915426094251, -39.276454188856732 ], [ -71.961568947240053, -39.276593415268138 ], [ -71.961329079151895, -39.276664880006777 ], [ -71.961074844275885, -39.276693500309115 ], [ -71.960981530746764, -39.276695875231539 ], [ -71.96083660891135, -39.276714089923161 ], [ -71.960306035541208, -39.276836210061447 ], [ -71.960108449613784, -39.276867462717817 ], [ -71.959586268320521, -39.276913777131284 ], [ -71.959119582850732, -39.276955167375732 ], [ -71.959038580873951, -39.276966942729601 ], [ -71.957082775323371, -39.277365105179555 ], [ -71.957060754926886, -39.277369951169135 ], [ -71.955520709761245, -39.277734547691388 ], [ -71.955465744536838, -39.277749955960388 ], [ -71.954930965761065, -39.277924044854529 ], [ -71.954794973413797, -39.27798655856644 ], [ -71.953818572893312, -39.278589720304616 ], [ -71.953803747043295, -39.27859872695867 ], [ -71.951522470887895, -39.279961494511269 ], [ -71.951440375599162, -39.280021266810905 ], [ -71.951041919862007, -39.280373973622432 ], [ -71.951026697720721, -39.280388015507548 ], [ -71.949925555898076, -39.281446854042969 ], [ -71.949903255225607, -39.281469755331372 ], [ -71.94790676038798, -39.283661942167292 ], [ -71.947793059895332, -39.2837683863386 ], [ -71.94765971846752, -39.283860037433413 ], [ -71.947396163545832, -39.284014856296764 ], [ -71.947177762895251, -39.284115977766071 ], [ -71.936828888791311, -39.287778313480764 ], [ -71.936783459064628, -39.287798838001152 ], [ -71.936801313623306, -39.287837244761846 ], [ -71.938759449671224, -39.291019471414572 ], [ -71.938786330088391, -39.291054010447873 ], [ -71.938835243005897, -39.291040423574145 ], [ -71.947941717615095, -39.287698274001499 ], [ -71.950197520547349, -39.286870219849391 ], [ -71.95039518372262, -39.286814085655358 ], [ -71.950627312061272, -39.286766209521865 ], [ -71.950750813279853, -39.286746258284097 ], [ -71.952997203048199, -39.286481507768208 ], [ -71.953018621625972, -39.286479141997148 ], [ -71.95942903794429, -39.285818290275074 ], [ -71.959473761179169, -39.28581228415019 ], [ -71.960621583716062, -39.285621856986729 ], [ -71.960656968014618, -39.285615075236947 ], [ -71.96141150187897, -39.285450724090296 ], [ -71.961626381745091, -39.285420526537081 ], [ -71.961844736140264, -39.285422198148893 ], [ -71.962058808757604, -39.28545567953612 ], [ -71.96226099537428, -39.285519781373168 ], [ -71.962444113937281, -39.285612226642201 ], [ -71.962601659660464, -39.285729731509555 ], [ -71.962621161650929, -39.285747308389787 ], [ -71.962991196576965, -39.286057939716891 ], [ -71.963022652678617, -39.286080675899669 ], [ -71.963058115523324, -39.286099517574648 ], [ -71.966143424436595, -39.287488041370686 ], [ -71.966215855743584, -39.287515590505059 ], [ -71.966411642070639, -39.287577318333895 ], [ -71.966507256809294, -39.287600205058084 ], [ -71.966635836031287, -39.287621729526485 ], [ -71.966705004127917, -39.28762656316529 ], [ -71.966773615613874, -39.287618215976842 ], [ -71.966883083859372, -39.287593958237395 ], [ -71.967094232301704, -39.287563259901205 ], [ -71.967309044183736, -39.287563379547088 ], [ -71.967520135734304, -39.287594313051727 ], [ -71.967720251052526, -39.28765499712064 ], [ -71.967902511489626, -39.287743345834315 ], [ -71.968060652069738, -39.287856322341845 ], [ -71.968189236826774, -39.287990043238651 ], [ -71.968283845658078, -39.288139912042006 ], [ -71.968311504979596, -39.288217454372599 ], [ -71.968331107882051, -39.288257694648784 ], [ -71.968358507163643, -39.288292719827929 ], [ -71.968598804964415, -39.288544377608844 ], [ -71.968634291530364, -39.288578013409484 ], [ -71.968931933612311, -39.28883383709541 ], [ -71.968968013324471, -39.288859908293063 ], [ -71.969013342774673, -39.288874907923827 ], [ -71.969603102993588, -39.289024718032614 ], [ -71.969691019864172, -39.28905015524554 ], [ -71.970352668744979, -39.289265672490657 ], [ -71.970394977924101, -39.289276543453859 ], [ -71.970438940792306, -39.289282202719711 ], [ -71.971098660884437, -39.289326698709289 ], [ -71.971227266066506, -39.289324196094562 ], [ -71.972608086873095, -39.289176643608975 ], [ -71.972649239822573, -39.289171063977271 ], [ -71.973938604209252, -39.288958743216945 ], [ -71.974056233418622, -39.28892884058299 ], [ -71.97429434554185, -39.288845432549635 ], [ -71.974505619564979, -39.288789734119874 ], [ -71.97472671404752, -39.288766534471307 ], [ -71.974949431643225, -39.28877669374684 ], [ -71.975165514839745, -39.288819835267532 ], [ -71.97536695208106, -39.288894359498563 ], [ -71.975546274775112, -39.288997503349165 ], [ -71.97569683418017, -39.289125442608622 ], [ -71.97581304790836, -39.289273433722357 ], [ -71.975890606908877, -39.28943598965347 ], [ -71.976612373724976, -39.291556020721686 ], [ -71.97663052672813, -39.291593882549044 ], [ -71.976681876889998, -39.291587532445405 ], [ -71.978815277034101, -39.291153922025067 ], [ -71.978815277170554, -39.2911539219917 ], [ -71.978847723972777, -39.291147326886168 ], [ -71.978904732140293, -39.291130509050149 ], [ -71.978955843992381, -39.291104667482642 ], [ -71.98694305865709, -39.286045698649374 ], [ -71.987144163317936, -39.285943315412084 ], [ -71.987368128948276, -39.285875391291022 ], [ -71.987605311753583, -39.28584485101905 ], [ -71.987845498890536, -39.285853009612474 ], [ -71.988078348175151, -39.285899515756476 ], [ -71.988293833355641, -39.285982366933155 ], [ -71.988482675787822, -39.286097995640887 ], [ -71.988636743935075, -39.286241422993882 ], [ -71.988853072409995, -39.286491611208056 ], [ -71.988953520703902, -39.286579975694018 ], [ -71.98932612139069, -39.286831547528166 ], [ -71.989350108630674, -39.286846885541706 ], [ -71.990234350065293, -39.287382036611696 ], [ -71.990337008070696, -39.287431699490405 ], [ -71.992531083692526, -39.288259432294609 ], [ -71.992643588152859, -39.288308051463325 ], [ -71.993294082564162, -39.288627160526815 ], [ -71.993454295754802, -39.288721818265387 ], [ -71.993591012754464, -39.288836592590108 ], [ -71.994130536578297, -39.289376965849904 ], [ -71.99414809987141, -39.289393710939237 ], [ -71.995003448592129, -39.290170371614586 ], [ -71.995034714583795, -39.290194693048186 ], [ -71.995070412229552, -39.29021499911709 ], [ -71.996097040391533, -39.290709480489582 ], [ -71.996230439762556, -39.29075670679812 ], [ -71.997750539789749, -39.291122231385835 ], [ -71.997791957932961, -39.291132858296656 ], [ -71.99885568201627, -39.291423143677541 ], [ -71.998920808606783, -39.291442647348667 ], [ -72.0004176072826, -39.291931610605516 ], [ -72.000469787822624, -39.291949846835863 ], [ -72.003320144902276, -39.293012452107455 ], [ -72.00336982045404, -39.293026293969227 ], [ -72.003383753040751, -39.292986742138112 ], [ -72.003415509693241, -39.292837796338972 ], [ -72.003440460769738, -39.292748898662921 ], [ -72.003467382993335, -39.292671898741638 ], [ -72.003555259962482, -39.292495985718638 ], [ -72.003688392883916, -39.292338169009994 ], [ -72.003860933463329, -39.292205380877611 ], [ -72.004065302513169, -39.292103454136686 ], [ -72.004303613164907, -39.292010404936441 ], [ -72.00431965581727, -39.292003895145761 ], [ -72.00444004982235, -39.291953166117459 ], [ -72.004487970846483, -39.291927704953885 ], [ -72.004518787491193, -39.291889475913358 ], [ -72.004636124549094, -39.291703923712433 ], [ -72.004636124846215, -39.29170392317954 ], [ -72.004683014753411, -39.291629772981324 ], [ -72.00477339914427, -39.291510859303905 ], [ -72.005240169042324, -39.290992199876335 ], [ -72.005257850750951, -39.290971343185731 ], [ -72.005363615543402, -39.290838717531045 ], [ -72.005502433099949, -39.290697836653806 ], [ -72.005552485670634, -39.290656267085851 ], [ -72.005657205997835, -39.290579471007014 ], [ -72.005765542803502, -39.290509381817401 ], [ -72.005992641769936, -39.290394499164712 ], [ -72.006178373759298, -39.290323015789276 ], [ -72.006226788815994, -39.290305450411815 ], [ -72.006389953499024, -39.290249776584758 ], [ -72.006627422787446, -39.290191464036113 ], [ -72.006864903823995, -39.290154363964398 ], [ -72.007330560020861, -39.2900780596133 ], [ -72.007378900388531, -39.290066052814026 ], [ -72.007351716880549, -39.29003269894443 ], [ -72.007239292045853, -39.289921517545793 ], [ -72.007239288654361, -39.289921514534136 ], [ -72.007086359300175, -39.289770277031899 ], [ -72.006969187886426, -39.289683107897545 ], [ -72.006677769218584, -39.28952060172859 ], [ -72.006624598701478, -39.289497206101167 ], [ -72.006566239089054, -39.289483139136607 ], [ -72.006231384473111, -39.28943213638324 ], [ -72.006220392035402, -39.289430547516666 ], [ -72.005646012868795, -39.289351972801036 ], [ -72.005633352406008, -39.289350352942961 ], [ -72.00421299184535, -39.289181146737619 ], [ -72.004106191273067, -39.289176206709733 ], [ -72.003916641691191, -39.289181101518622 ], [ -72.003669772762706, -39.289166915355402 ], [ -72.003171308409904, -39.289096089724701 ], [ -72.003171304137169, -39.289096089278232 ], [ -72.003128488770145, -39.289090005681651 ], [ -72.003035667830389, -39.289082760361715 ], [ -72.002878790224386, -39.289080397859628 ], [ -72.00263662041003, -39.28905676970151 ], [ -72.002406193844237, -39.288994243041266 ], [ -72.002197736332946, -39.288895592664886 ], [ -72.002187369857353, -39.288889436491111 ], [ -72.002151580716188, -39.288871287732036 ], [ -72.002112726374207, -39.288857459704339 ], [ -72.001499819435622, -39.288680831356423 ], [ -72.001439009367274, -39.288666207568177 ], [ -72.001068732792405, -39.288594232623304 ], [ -72.001032435143159, -39.28858885068508 ], [ -72.000791314598473, -39.288531382784072 ], [ -72.000571909608141, -39.288434731056064 ], [ -72.00038461680262, -39.288303475427512 ], [ -72.000226999272812, -39.288166033681328 ], [ -72.000187291608071, -39.288137556863227 ], [ -72.0001332922008, -39.288139037645649 ], [ -71.999931852382375, -39.2881599561427 ], [ -71.999866042858514, -39.288171184664108 ], [ -71.999643596100668, -39.288191904846926 ], [ -71.999420176401941, -39.288178967548106 ], [ -71.999204138114678, -39.288132856520889 ], [ -71.999003559552619, -39.288055295985501 ], [ -71.998825940887698, -39.28794918615008 ], [ -71.998789847295214, -39.287922939000687 ], [ -71.998691031499888, -39.287841558338762 ], [ -71.998394617019201, -39.287564843387024 ], [ -71.998224201468602, -39.287350736669346 ], [ -71.998174805037635, -39.287263294647531 ], [ -71.998109658025129, -39.287113379134368 ], [ -71.998079290208437, -39.286956915859903 ], [ -71.998084639324958, -39.286798737495182 ], [ -71.998125539919229, -39.286643729653342 ], [ -71.998141397735054, -39.286602468505322 ], [ -71.998200586593001, -39.286388585783953 ], [ -71.998206687505999, -39.286349840392752 ], [ -71.998178376197245, -39.286317597070529 ], [ -71.997895489727838, -39.286050610852577 ], [ -71.997888396369589, -39.286044044590717 ], [ -71.99724995345656, -39.28546433706768 ], [ -71.997096808362443, -39.285286026969978 ], [ -71.997002249743105, -39.285084635063768 ], [ -71.996934179802324, -39.284859249418112 ], [ -71.996911353364325, -39.28475797758113 ], [ -71.996883405759789, -39.284572032716021 ], [ -71.996870257774077, -39.284527004396665 ], [ -71.996825063966355, -39.284497030831815 ], [ -71.996448784473088, -39.284297140369588 ], [ -71.996403566360001, -39.284277522518195 ], [ -71.996354544401115, -39.284264547138854 ], [ -71.996039112598766, -39.284205125211294 ], [ -71.995855433595253, -39.284157588243467 ], [ -71.995684505206611, -39.284086945045466 ], [ -71.995556974216427, -39.284023079776567 ], [ -71.99539706671122, -39.283926655374543 ], [ -71.995261193189791, -39.283810074941819 ], [ -71.995153500571675, -39.283676896664858 ], [ -71.995077275600764, -39.283531185299537 ], [ -71.995047199607555, -39.283455268094905 ], [ -71.994993418084903, -39.283452451466403 ], [ -71.994863391115842, -39.283455798896604 ], [ -71.99481108210091, -39.283458994284914 ], [ -71.994549470254569, -39.283484287372367 ], [ -71.994502338912241, -39.283492008649702 ], [ -71.994457532146697, -39.28350574527861 ], [ -71.994456655017075, -39.283506082782736 ], [ -71.994213332993937, -39.283574637783993 ], [ -71.993956498814242, -39.283599501199987 ], [ -71.99369897114704, -39.283579432071384 ], [ -71.993653559849079, -39.283571840644719 ], [ -71.993513100939836, -39.28356205696133 ], [ -71.993328414183722, -39.283566809165599 ], [ -71.993279052982103, -39.283571456595482 ], [ -71.993246499192495, -39.283584321255574 ], [ -71.993031757804687, -39.283649208309889 ], [ -71.99280474028302, -39.28367978717737 ], [ -71.992574425631432, -39.283674848387619 ], [ -71.992349923283669, -39.283634587266889 ], [ -71.992140112765426, -39.283560596213903 ], [ -71.991953292453914, -39.283455801712158 ], [ -71.991796851334357, -39.283324348571419 ], [ -71.991676976741402, -39.283171435978964 ], [ -71.991568804567152, -39.282996326635271 ], [ -71.991564032530803, -39.282988505489186 ], [ -71.991289591499338, -39.282533063560535 ], [ -71.991242386442309, -39.282469016528971 ], [ -71.990754227689251, -39.281917305662581 ], [ -71.989713100214544, -39.280743292288193 ], [ -71.989617832592913, -39.280614185929373 ], [ -71.989384976302162, -39.280227718828201 ], [ -71.989357334566648, -39.280191310362426 ], [ -71.989321332591715, -39.280159621359871 ], [ -71.988794716461129, -39.279776536635609 ], [ -71.988721096855429, -39.279731114321585 ], [ -71.987541874588629, -39.279117962144809 ], [ -71.98753245521776, -39.27911316667528 ], [ -71.986166911713696, -39.278432593692493 ], [ -71.986125762333998, -39.278415576863985 ], [ -71.986081613311171, -39.278403957152982 ], [ -71.984889105739825, -39.278171940887781 ], [ -71.984828309447593, -39.278165399527353 ], [ -71.984767119525912, -39.278169112275457 ], [ -71.984106013943588, -39.278265610457225 ], [ -71.984039736172406, -39.278282017547824 ], [ -71.98398057362391, -39.278310448694306 ], [ -71.983963843626441, -39.278320888208576 ], [ -71.983922479829587, -39.27835275936517 ], [ -71.983913070905928, -39.278397433750698 ], [ -71.983900523517491, -39.278566344633987 ], [ -71.983900604830424, -39.27856771117078 ], [ -71.983889878009293, -39.278738366041622 ], [ -71.983837863834566, -39.278904373190379 ], [ -71.983746435147111, -39.279059754391398 ], [ -71.983618884233081, -39.279198914039476 ], [ -71.983459804293091, -39.27931684066801 ], [ -71.983274924049582, -39.27940928743493 ], [ -71.983082201961764, -39.279469400290537 ], [ -71.983030991813308, -39.279489299317127 ], [ -71.982666294582913, -39.279663906709736 ], [ -71.982641242977806, -39.279675564783837 ], [ -71.982277133240586, -39.279840197784338 ], [ -71.98224874373372, -39.279853901094206 ], [ -71.98222159551969, -39.279867864606928 ], [ -71.982008604212666, -39.279954203221919 ], [ -71.981777279985081, -39.280004545172773 ], [ -71.981537569590103, -39.280016725776406 ], [ -71.981299780428301, -39.279990221259446 ], [ -71.981074137287024, -39.279926171285275 ], [ -71.980870342632585, -39.279827329946272 ], [ -71.980740765097877, -39.2797488830088 ], [ -71.980639088085937, -39.279699574619627 ], [ -71.98031990863457, -39.279578536087215 ], [ -71.980170741935723, -39.279510831704023 ], [ -71.980036187322838, -39.279426641347335 ], [ -71.979949983790576, -39.279363919765075 ], [ -71.97992176011104, -39.279343384211607 ], [ -71.979779710404969, -39.279218984401176 ], [ -71.979669526900366, -39.279076399944671 ], [ -71.979594969518573, -39.278920496670636 ], [ -71.979558582348076, -39.278756594894119 ], [ -71.979541298402935, -39.278585525063868 ], [ -71.979540444299403, -39.278577902152485 ], [ -71.979516034995271, -39.278379565863204 ], [ -71.979514778543546, -39.278219017655509 ], [ -71.979550230774976, -39.278060848530359 ], [ -71.979621264154389, -39.277910087866708 ], [ -71.979725619791068, -39.277771529440813 ], [ -71.979765555003681, -39.277735282589532 ], [ -71.979805068026153, -39.277691612844137 ], [ -71.979808142003975, -39.277651384268054 ], [ -71.979805408908334, -39.277586926166201 ], [ -71.979822152904077, -39.277401928475662 ], [ -71.979887309083281, -39.27722352151882 ], [ -71.979998112718576, -39.277059274533997 ], [ -71.980110367449399, -39.276953404670969 ], [ -71.980108595579125, -39.276952224387522 ], [ -71.980171513574206, -39.276895167236496 ], [ -71.980196271973924, -39.276863128364369 ], [ -71.980829048422777, -39.275862956456301 ], [ -71.980909793579158, -39.2757549622604 ], [ -71.981317564086979, -39.275287540584401 ], [ -71.981348434092808, -39.275253847443864 ], [ -71.981372870404456, -39.275228432741734 ], [ -71.981517902657615, -39.275103792868634 ], [ -71.981690209217589, -39.2750022724274 ], [ -71.981883787181843, -39.274927408167088 ], [ -71.982091892673353, -39.274881808179927 ], [ -71.982307275767553, -39.27486706105141 ], [ -71.982522433038852, -39.27488368052493 ], [ -71.98272986893312, -39.274931087607584 ], [ -71.982784066833929, -39.274947885393175 ], [ -71.982917917597021, -39.274997300812061 ], [ -71.983114109872034, -39.275082085529505 ], [ -71.983114112788186, -39.275082086649391 ], [ -71.983128015951692, -39.275088094896276 ], [ -71.983166535296547, -39.275101955367539 ], [ -71.983207261337029, -39.275111258743699 ], [ -71.983445303685912, -39.275151080192082 ], [ -71.983622521505382, -39.275192476981722 ], [ -71.98412188057371, -39.275343867036845 ], [ -71.984251292326263, -39.275390422793713 ], [ -71.984546686826363, -39.275514386620777 ], [ -71.984580061012977, -39.275527331114503 ], [ -71.985006977584163, -39.275679769985487 ], [ -71.98511962852325, -39.27570951447251 ], [ -71.985417279943334, -39.275762298623796 ], [ -71.985638480589515, -39.275820275910398 ], [ -71.985840234806105, -39.275911545020456 ], [ -71.985902908467125, -39.275946915204187 ], [ -71.98596172485955, -39.275976069731541 ], [ -71.986195037355969, -39.276076886643423 ], [ -71.986296382483019, -39.27611127023939 ], [ -71.986374107075193, -39.276131005411443 ], [ -71.986578472007437, -39.276200453015107 ], [ -71.986761924956454, -39.27629905411159 ], [ -71.986917664962789, -39.276423153406668 ], [ -71.987088173629743, -39.276588204382591 ], [ -71.987169307540398, -39.276652350902111 ], [ -71.98737141269325, -39.276782953303915 ], [ -71.987410396847835, -39.2768041595561 ], [ -71.987453352064605, -39.276820070174672 ], [ -71.987771287589112, -39.276913579565573 ], [ -71.987790928698885, -39.276919044036717 ], [ -71.988017220046316, -39.276978450484357 ], [ -71.98804098783603, -39.276984914535049 ], [ -71.988318992123908, -39.27706316816321 ], [ -71.988359779887119, -39.277075330099052 ], [ -71.988563111451285, -39.277139402382431 ], [ -71.988620399767498, -39.277152236108108 ], [ -71.988679867921903, -39.277155547163794 ], [ -71.988954880231859, -39.277148481995411 ], [ -71.989015843503637, -39.277141749483249 ], [ -71.989073529193433, -39.277125009191003 ], [ -71.989381720390668, -39.277004701770757 ], [ -71.989435963429486, -39.276980593390228 ], [ -71.989705707734672, -39.276845185346296 ], [ -71.989714191113165, -39.27684096728786 ], [ -71.990158433878307, -39.276622191047323 ], [ -71.990270843481511, -39.27654984534994 ], [ -71.990455300680836, -39.276396673606875 ], [ -71.99048403594071, -39.276368593153734 ], [ -71.990529411171053, -39.276305695535342 ], [ -71.990534780729035, -39.276308035557307 ], [ -71.99061483344704, -39.276203766622842 ], [ -71.990784663395786, -39.276062882113798 ], [ -71.990989232150326, -39.275953376428767 ], [ -71.99121913415587, -39.275880284273647 ], [ -71.99126161935726, -39.275870757979774 ], [ -71.991300164744814, -39.275849753878845 ], [ -71.991484355105428, -39.275730605888512 ], [ -71.991526718131851, -39.275696641149068 ], [ -71.991558854006158, -39.275656468159063 ], [ -71.991847626980302, -39.275191165920297 ], [ -71.991850812386957, -39.275192360167885 ], [ -71.991899124479758, -39.275113576363324 ], [ -71.992021653669212, -39.274981755411375 ], [ -71.992172692098222, -39.274869215784101 ], [ -71.992347312250118, -39.274779628902152 ], [ -71.992539817364019, -39.274715917374621 ], [ -71.992579101010477, -39.274709035361525 ], [ -71.992613286593112, -39.274700005262034 ], [ -71.992827137489954, -39.274660630118248 ], [ -71.993046707459186, -39.274653355261776 ], [ -71.993264093675663, -39.2746784425199 ], [ -71.993371065769722, -39.274707610963922 ], [ -71.993423036269462, -39.274717762193553 ], [ -71.993476200098456, -39.27472024478115 ], [ -71.993868180595584, -39.274710158440278 ], [ -71.9939558525477, -39.274702672239158 ], [ -71.994246639987921, -39.274660200887688 ], [ -71.99430437950862, -39.274646590955825 ], [ -71.994339640356969, -39.27460853649594 ], [ -71.994600631285479, -39.274250471188196 ], [ -71.994622291833764, -39.274212993265436 ], [ -71.994623103376824, -39.27420019111846 ], [ -71.994653500197543, -39.274034982571692 ], [ -71.994722604073473, -39.273876972609969 ], [ -71.994828040483867, -39.273731590128307 ], [ -71.994966186657606, -39.273603830133716 ], [ -71.995132296066885, -39.273498082137046 ], [ -71.995146395502928, -39.273490689817251 ], [ -71.99532208941207, -39.273414912155467 ], [ -71.995511987330659, -39.273363872724126 ], [ -71.995710375674861, -39.273339107165427 ], [ -71.995907298613275, -39.273341315890129 ], [ -71.995971353465151, -39.273335316558793 ], [ -71.996442326763798, -39.273249403771025 ], [ -71.996585386230521, -39.273207086147067 ], [ -71.996769599193797, -39.273129464175796 ], [ -71.996812817908832, -39.273106815395828 ], [ -71.996810825511133, -39.273098291393872 ], [ -71.996755060810187, -39.272941609556582 ], [ -71.996739759350916, -39.272757363233978 ], [ -71.996773132493416, -39.27257456476287 ], [ -71.996853776488948, -39.272400901017512 ], [ -71.996978299856437, -39.272243674690671 ], [ -71.997141466048731, -39.272109497219979 ], [ -71.997195828993782, -39.272073115368244 ], [ -71.997399714308031, -39.271963824301061 ], [ -71.997628830139931, -39.271890720874985 ], [ -71.997872702519089, -39.271857146959221 ], [ -71.99812018296943, -39.271864637347072 ], [ -71.998277446692271, -39.271882615492459 ], [ -71.99871237622547, -39.271891274900646 ], [ -71.998746392809579, -39.271891175200878 ], [ -71.998892281601684, -39.271887414835859 ], [ -71.999147067105326, -39.271902770244374 ], [ -71.999391320637528, -39.271961175737417 ], [ -71.999408452686268, -39.27196694729038 ], [ -71.999451252191861, -39.271975617428225 ], [ -71.999621782414238, -39.271999454719762 ], [ -71.999927765959271, -39.272077586528063 ], [ -72.000028535549319, -39.272116088982195 ], [ -72.000083836617094, -39.27211887989565 ], [ -72.000239290678152, -39.272114871177429 ], [ -72.00029941511454, -39.272108158000776 ], [ -72.000341746453827, -39.272074298775657 ], [ -72.000430806344596, -39.271985392980262 ], [ -72.000483751973476, -39.271926285320383 ], [ -72.000487152630967, -39.271928125671678 ], [ -72.000602259202779, -39.271812820205156 ], [ -72.000787953954358, -39.271691055062014 ], [ -72.001002239271358, -39.271602073835204 ], [ -72.001043990374228, -39.271588900980952 ], [ -72.001094489154184, -39.271562020153702 ], [ -72.00114846443239, -39.271526111500656 ], [ -72.00119026405531, -39.271491539952173 ], [ -72.001209482489656, -39.271446510520846 ], [ -72.001298748858659, -39.271123831754288 ], [ -72.001305191951545, -39.271096445121003 ], [ -72.001311612038734, -39.271063412067278 ], [ -72.001371154006037, -39.270884294131264 ], [ -72.001476537895186, -39.270718416728769 ], [ -72.001623314104435, -39.270572783173471 ], [ -72.001805285565482, -39.270453542043285 ], [ -72.002014769404781, -39.270365727607661 ], [ -72.002242921310383, -39.270313047302764 ], [ -72.00368417765354, -39.270102419855931 ], [ -72.003798099326715, -39.270076099965799 ], [ -72.004198791515435, -39.269947354059603 ], [ -72.004253568476059, -39.269927078912318 ], [ -72.004606413255573, -39.269778363705306 ], [ -72.004645836990676, -39.269758304287038 ], [ -72.004674735740267, -39.269729375855455 ], [ -72.004820223056129, -39.269555826375836 ], [ -72.004874457518596, -39.269473771012464 ], [ -72.005098341183398, -39.26902731348342 ], [ -72.005113937796779, -39.268991931366479 ], [ -72.005151759887625, -39.268892881906062 ], [ -72.005256083890799, -39.268702928899351 ], [ -72.005391532334372, -39.268518374246966 ], [ -72.005434151234297, -39.26844291693665 ], [ -72.005468899860176, -39.2683553283495 ], [ -72.005572008924773, -39.268204681053184 ], [ -72.005709831560324, -39.268071861340182 ], [ -72.00587741698746, -39.267961640093567 ], [ -72.006068745435314, -39.267877976435621 ], [ -72.006222555780568, -39.267838008555941 ], [ -72.006222135076001, -39.267836992999001 ], [ -72.00638178763991, -39.267797030439468 ], [ -72.006430979655846, -39.267780543394018 ], [ -72.00646080142522, -39.267745951356027 ], [ -72.006596276437534, -39.267550800910321 ], [ -72.006687604666752, -39.267439597507611 ], [ -72.00684600185869, -39.267274744675753 ], [ -72.006899509506326, -39.267223133572408 ], [ -72.007214906774635, -39.266940847130563 ], [ -72.007249644465006, -39.266902087016859 ], [ -72.007275204506328, -39.266854453010374 ], [ -72.007385523073282, -39.266695786654665 ], [ -72.00753431048625, -39.26655739557787 ], [ -72.007640016924725, -39.266491761175701 ], [ -72.007637200719017, -39.266488987271551 ], [ -72.007722177408581, -39.266436856618711 ], [ -72.007748991041097, -39.266400859946614 ], [ -72.007816108287429, -39.266287221072027 ], [ -72.00783454860634, -39.266245300690734 ] ] ] ] } },
{ "type": "Feature", "properties": { "id": 12, "capa_kml": "Limite_100m_IPT_09_PRC_Pitrufquen", "nombre_busq": "Limite_100m_IPT_09_PRC_Pitrufquen", "fid_origen": 1, "crs_origen": "EPSG:4326" }, "geometry": { "type": "MultiPolygon", "coordinates": [ [ [ [ -72.66202859067343, -38.982030139635761 ], [ -72.662001508813091, -38.981994720419777 ], [ -72.661928979760205, -38.981918474378737 ], [ -72.661886768621514, -38.981883064947517 ], [ -72.661868842945751, -38.981877500482227 ], [ -72.661691978414169, -38.981808357269891 ], [ -72.661532842261266, -38.981716653500854 ], [ -72.661491872524081, -38.981683223272213 ], [ -72.661377472425897, -38.981608016568202 ], [ -72.661239158682051, -38.981500191279764 ], [ -72.661126148622188, -38.981375690521084 ], [ -72.661041685341175, -38.981238087300305 ], [ -72.661039459244805, -38.981233498787141 ], [ -72.661024126888094, -38.981204907904811 ], [ -72.660972230657222, -38.981116781502827 ], [ -72.660952991139439, -38.98108222304522 ], [ -72.660899171017562, -38.980979736475042 ], [ -72.660877614391183, -38.980946818052011 ], [ -72.660843421882191, -38.980921235471826 ], [ -72.660607920401546, -38.980772365095852 ], [ -72.660523914906747, -38.980728207100888 ], [ -72.660279769794641, -38.980622950989023 ], [ -72.660237892804886, -38.980606592091469 ], [ -72.6598440391369, -38.980468043618401 ], [ -72.659779828820334, -38.980443561329466 ], [ -72.659368379407482, -38.980274169192789 ], [ -72.659319312699807, -38.980252760242593 ], [ -72.659156187469321, -38.98017745689662 ], [ -72.65891762143913, -38.980031160399975 ], [ -72.658809293020454, -38.979944486741807 ], [ -72.658728624478343, -38.979872694401713 ], [ -72.658597078727112, -38.979742278127389 ], [ -72.658560493166789, -38.979712240540437 ], [ -72.658517410865016, -38.979688013956881 ], [ -72.658358081031636, -38.979614957492821 ], [ -72.658248334147217, -38.979557808608625 ], [ -72.658031122277649, -38.979430112772121 ], [ -72.657950665558332, -38.979378199343614 ], [ -72.657502048954839, -38.979061007120464 ], [ -72.657464658163562, -38.979038679799167 ], [ -72.657414004620321, -38.97902552933504 ], [ -72.657224785664525, -38.978961223998013 ], [ -72.657053268843157, -38.978871637957553 ], [ -72.656904940504546, -38.978759636869718 ], [ -72.656778782668454, -38.978645632926614 ], [ -72.656756750731631, -38.978626826718354 ], [ -72.656549646098526, -38.978459791846092 ], [ -72.656506679644508, -38.978428499411066 ], [ -72.656329128706702, -38.978311815805533 ], [ -72.656291955487134, -38.978289341895596 ], [ -72.655814408642144, -38.978024214118605 ], [ -72.655588116988795, -38.977900290520815 ], [ -72.655431861798633, -38.977785822296035 ], [ -72.655428869174202, -38.977788308989695 ], [ -72.655251303904521, -38.977658113046054 ], [ -72.655062073371482, -38.977554287394995 ], [ -72.655003827614706, -38.977530819163498 ], [ -72.654798820033847, -38.977425259061405 ], [ -72.654627077024273, -38.977288224201509 ], [ -72.654586804039255, -38.977248364614873 ], [ -72.654544809572286, -38.977228079572178 ], [ -72.654369962143448, -38.977159276819314 ], [ -72.654302910178046, -38.977136922983327 ], [ -72.65418434430768, -38.97710414800126 ], [ -72.65394630765887, -38.977013138492943 ], [ -72.653619574422819, -38.976849459135167 ], [ -72.653558728421842, -38.976816785581448 ], [ -72.653122299105661, -38.976565994747915 ], [ -72.65311084363745, -38.97655932613133 ], [ -72.652793417907603, -38.976372142131183 ], [ -72.652706441746815, -38.976315406078868 ], [ -72.652605814486506, -38.976242923602065 ], [ -72.65243684757769, -38.976090532763749 ], [ -72.652324370933002, -38.975962556711849 ], [ -72.652293242470336, -38.97593295047011 ], [ -72.652250670672174, -38.975904291948275 ], [ -72.652173801384265, -38.975860669554322 ], [ -72.65203204958064, -38.975745283823279 ], [ -72.651609216601685, -38.975333419847182 ], [ -72.65160258315457, -38.975327077457891 ], [ -72.651274329786986, -38.975018985299315 ], [ -72.65124323057465, -38.974992077367041 ], [ -72.650906244564823, -38.974723112862179 ], [ -72.650665228897807, -38.974530910452096 ], [ -72.650608721894685, -38.974491417465579 ], [ -72.65049437814389, -38.974421515749491 ], [ -72.650398626950519, -38.974374061116343 ], [ -72.650032934759636, -38.974230135943209 ], [ -72.650024693000475, -38.974226956258029 ], [ -72.649751391609144, -38.974123622459778 ], [ -72.649520648447009, -38.974008141648447 ], [ -72.64921927681776, -38.973814304087917 ], [ -72.649180228471437, -38.973793206552031 ], [ -72.649134465277058, -38.973783302508117 ], [ -72.648879513537139, -38.97374570644557 ], [ -72.648765934868479, -38.973724256772677 ], [ -72.648422531490738, -38.973644837478069 ], [ -72.64834910874356, -38.973631859893914 ], [ -72.648016256413825, -38.97359064471889 ], [ -72.647927552147465, -38.973576859078129 ], [ -72.647654715232619, -38.973525703438874 ], [ -72.647486585893773, -38.973483320088008 ], [ -72.647328717506028, -38.97342139592881 ], [ -72.647249939901329, -38.973384343448821 ], [ -72.64710542676012, -38.973303934249252 ], [ -72.646978420088743, -38.973207176589582 ], [ -72.646799036783051, -38.973047711086309 ], [ -72.646768132433976, -38.973024100360625 ], [ -72.646733026436792, -38.97300439094154 ], [ -72.646479496169533, -38.972883612706198 ], [ -72.646380393809295, -38.9728460437045 ], [ -72.645590252311322, -38.972616521277004 ], [ -72.645527029245315, -38.972596475016395 ], [ -72.644852406388935, -38.97236419723734 ], [ -72.644737312012893, -38.972335400430154 ], [ -72.643969637397191, -38.972210838439068 ], [ -72.643900432073124, -38.972197858682698 ], [ -72.643010843431185, -38.972008173112179 ], [ -72.642070442183638, -38.971810625375703 ], [ -72.642021553908151, -38.971803901345304 ], [ -72.64197502824203, -38.971817424030782 ], [ -72.641899803159973, -38.971845421693764 ], [ -72.641698809848947, -38.971903045990622 ], [ -72.6414876373493, -38.971930685911929 ], [ -72.641273558631468, -38.971927389521923 ], [ -72.641245243231523, -38.971924889022908 ], [ -72.641203120547885, -38.971923605647341 ], [ -72.64116121260578, -38.971927161351466 ], [ -72.641046160449704, -38.971943680934586 ], [ -72.640938576719407, -38.971967765551838 ], [ -72.640913738091271, -38.971975435286751 ], [ -72.6406860952644, -38.972025385671493 ], [ -72.640450188090881, -38.972038058951206 ], [ -72.640328258848839, -38.972034826887636 ], [ -72.640227411938241, -38.972039071658585 ], [ -72.639579727586209, -38.972111186248483 ], [ -72.63953495749297, -38.972119073501062 ], [ -72.639492378899192, -38.972132447233484 ], [ -72.639264871972472, -38.972221064792009 ], [ -72.639206150959097, -38.972247408782621 ], [ -72.639037030420369, -38.972333978628583 ], [ -72.638987682580748, -38.972362274183524 ], [ -72.638412286396118, -38.972730466492543 ], [ -72.638375276734223, -38.972756306309719 ], [ -72.638248717697735, -38.972852638956141 ], [ -72.637687283602773, -38.973285338381039 ], [ -72.637647111175895, -38.973319678226233 ], [ -72.637216021414403, -38.973728772548512 ], [ -72.637189092622464, -38.973759135474907 ], [ -72.637168944900552, -38.973792548435348 ], [ -72.63711301057171, -38.97390956787963 ], [ -72.637100055253029, -38.973945688781811 ], [ -72.637095032876317, -38.973982993211393 ], [ -72.637090866268125, -38.9741410729861 ], [ -72.637085975340284, -38.974344097297809 ], [ -72.637083680198359, -38.974445448626177 ], [ -72.637056988012787, -38.974622780467811 ], [ -72.636986005941949, -38.974792517524513 ], [ -72.636873523314307, -38.974947989053817 ], [ -72.636723960529409, -38.975083084916193 ], [ -72.63654319536154, -38.975192495721444 ], [ -72.636418722670911, -38.97524075400009 ], [ -72.636419898179099, -38.975242577423572 ], [ -72.636312959296859, -38.975284583558711 ], [ -72.636266623545097, -38.975313548985703 ], [ -72.635881260797674, -38.975610986059614 ], [ -72.635862992239367, -38.975625743966361 ], [ -72.635694187214696, -38.975768479968899 ], [ -72.635454592103784, -38.975971074532481 ], [ -72.635414002650236, -38.976009452696118 ], [ -72.635319987969496, -38.976109093890109 ], [ -72.635319987949586, -38.976109093878662 ], [ -72.635319986832329, -38.976109095196371 ], [ -72.6353013037903, -38.976128896276563 ], [ -72.635210336212978, -38.976213833909085 ], [ -72.634961344460507, -38.97641922387308 ], [ -72.634956481541664, -38.976423285130821 ], [ -72.634764184527086, -38.976585881275874 ], [ -72.63473015297312, -38.97662120149311 ], [ -72.634716566134102, -38.976664104723241 ], [ -72.634714512320727, -38.976675341586002 ], [ -72.634669215534331, -38.976827388673719 ], [ -72.634590964895196, -38.976971046969474 ], [ -72.634482110865633, -38.977102000978377 ], [ -72.634477868334315, -38.977106247461812 ], [ -72.634402031832806, -38.977206864951945 ], [ -72.634396180271608, -38.977217630668363 ], [ -72.634296592120833, -38.977362452797031 ], [ -72.634212222668111, -38.977444666272703 ], [ -72.634213079367797, -38.977445192038665 ], [ -72.634141925415747, -38.977515831451022 ], [ -72.634116290126187, -38.977555675717554 ], [ -72.634054999866379, -38.977680886960613 ], [ -72.634039661219091, -38.977725923555894 ], [ -72.634036702672333, -38.977772467161557 ], [ -72.634051533319891, -38.977980629995351 ], [ -72.634025331708401, -38.978227785833397 ], [ -72.634023079526571, -38.978235622335596 ], [ -72.634016209086639, -38.978285940892548 ], [ -72.634022782076116, -38.978327502055457 ], [ -72.634029276886892, -38.978493414235999 ], [ -72.633996654500521, -38.978657439140761 ], [ -72.633926022671417, -38.97881400567676 ], [ -72.633819780182904, -38.978957796039793 ], [ -72.633681535400896, -38.979083926341659 ], [ -72.63366781078885, -38.979094331347376 ], [ -72.633569212648595, -38.979193632692741 ], [ -72.633562815295747, -38.979202380740418 ], [ -72.633542203328375, -38.979237227080411 ], [ -72.633529549161722, -38.979274315481412 ], [ -72.633510318115029, -38.979359642115689 ], [ -72.633505015769899, -38.979388684456801 ], [ -72.633484280686716, -38.97953662288409 ], [ -72.633451116933117, -38.979673782146918 ], [ -72.633391200428377, -38.979805294802105 ], [ -72.633306457741384, -38.979953718610794 ], [ -72.633273130832734, -38.980040768747685 ], [ -72.633207358783878, -38.980173365396645 ], [ -72.633131283261832, -38.980296789537398 ], [ -72.633122874570219, -38.980310148019178 ], [ -72.632991602671936, -38.980514410712779 ], [ -72.632968374223907, -38.980555565973617 ], [ -72.632861769784242, -38.980773333849186 ], [ -72.632843509729398, -38.980815140274274 ], [ -72.632755393898876, -38.980968356127676 ], [ -72.632632365854491, -38.981106139693232 ], [ -72.632580812062926, -38.981153716074473 ], [ -72.632550637566069, -38.981187444841908 ], [ -72.632528924065184, -38.981224929339 ], [ -72.632480144373446, -38.981335309197739 ], [ -72.632366246201016, -38.981520927301275 ], [ -72.632364313200256, -38.981523327586181 ], [ -72.632253269000074, -38.98163933936469 ], [ -72.632119839102046, -38.981739961276091 ], [ -72.632035931175352, -38.981793763026765 ], [ -72.631954576312793, -38.981857607712833 ], [ -72.63175314841925, -38.982051118195614 ], [ -72.631725842841107, -38.982082505301641 ], [ -72.631713658438272, -38.982119232965061 ], [ -72.631679858994133, -38.982275172329565 ], [ -72.631661875511384, -38.982342430722341 ], [ -72.631586952391544, -38.982577428741493 ], [ -72.631586081122848, -38.982580836132577 ], [ -72.631515283415766, -38.982759008014227 ], [ -72.63139897764998, -38.98292197498408 ], [ -72.631341080552886, -38.982986360072836 ], [ -72.631202853664831, -38.983139758125027 ], [ -72.631092973826242, -38.983244094263007 ], [ -72.630979025998045, -38.98333709834187 ], [ -72.630898119137285, -38.983397044680075 ], [ -72.6307042206885, -38.983527397363162 ], [ -72.630691073664465, -38.983536235484408 ], [ -72.630555319852945, -38.983628158744082 ], [ -72.630511296894781, -38.98366571946223 ], [ -72.630479423563159, -38.983710148280004 ], [ -72.630277581461229, -38.984087808640801 ], [ -72.630272620468531, -38.984096948852027 ], [ -72.630142336666822, -38.984333349241396 ], [ -72.630109751424044, -38.98441148896196 ], [ -72.630092816583442, -38.984469746293335 ], [ -72.630079035217847, -38.984586835500508 ], [ -72.630081527168912, -38.984635565121415 ], [ -72.63006243435612, -38.98483848594217 ], [ -72.63000591255441, -38.984981249270838 ], [ -72.630007702680643, -38.98498169880861 ], [ -72.629953976449499, -38.985112022163221 ], [ -72.629925427123453, -38.985216718207084 ], [ -72.629865777127577, -38.985368360387504 ], [ -72.629772965222827, -38.985509483078786 ], [ -72.629758610189171, -38.985527258304181 ], [ -72.629685148120601, -38.985608011436121 ], [ -72.629586819296833, -38.985704398203545 ], [ -72.629513528308337, -38.985776130261854 ], [ -72.629348757471334, -38.985907340403031 ], [ -72.629153299733872, -38.986009725401409 ], [ -72.628935288068504, -38.986079024983006 ], [ -72.628703794016289, -38.986112355564174 ], [ -72.628468450183206, -38.986108330249699 ], [ -72.628239049379061, -38.986067116546835 ], [ -72.628160128680662, -38.986046127243682 ], [ -72.628101012431131, -38.986050515381926 ], [ -72.628009807438318, -38.98606499176914 ], [ -72.627749014496672, -38.986082737537743 ], [ -72.627210711223483, -38.986071515340953 ], [ -72.627175124162648, -38.986070344195525 ], [ -72.626203216454599, -38.986026619190739 ], [ -72.626147351862798, -38.986023041469224 ], [ -72.625168256209463, -38.985941607315816 ], [ -72.625097168835453, -38.985933943156773 ], [ -72.624651395501758, -38.985874805080343 ], [ -72.624521473230217, -38.985869221034072 ], [ -72.624255141647296, -38.985881362423733 ], [ -72.624096088198911, -38.985880042834147 ], [ -72.623411690432079, -38.985837431177522 ], [ -72.62263014132192, -38.985790875843492 ], [ -72.622611865404252, -38.98578967303937 ], [ -72.621930331092756, -38.985740556802178 ], [ -72.621810780457636, -38.985726984422207 ], [ -72.620817386640638, -38.985572384427208 ], [ -72.620752249143024, -38.985565233237381 ], [ -72.619854486272729, -38.985507170894358 ], [ -72.619724693267926, -38.985510255837191 ], [ -72.619437904364446, -38.985542613534513 ], [ -72.619412245853283, -38.985545971077521 ], [ -72.619335283021059, -38.985557440086474 ], [ -72.619276947749341, -38.985571402878634 ], [ -72.619231610267192, -38.985603274135713 ], [ -72.619082295634939, -38.985733839569804 ], [ -72.619039593292243, -38.985769210659136 ], [ -72.618979479612307, -38.985816386230795 ], [ -72.618848165109824, -38.985904988643213 ], [ -72.618701307991543, -38.985977216351941 ], [ -72.618611941406144, -38.986014152654484 ], [ -72.618496899393051, -38.986076819702483 ], [ -72.618076870793615, -38.986371183575443 ], [ -72.617998859110358, -38.986438099844541 ], [ -72.617770273630384, -38.986679033296227 ], [ -72.617742799082691, -38.986714883313937 ], [ -72.617765803782305, -38.986752601493833 ], [ -72.617913722234206, -38.986944059128795 ], [ -72.617918836614635, -38.986950744057935 ], [ -72.618919165119394, -38.988271163481834 ], [ -72.618957292850411, -38.988325700461836 ], [ -72.619129597757322, -38.988593754812136 ], [ -72.619148479066965, -38.988620781327249 ], [ -72.619887674376045, -38.989597808513963 ], [ -72.619895400829989, -38.989608177848474 ], [ -72.620605182702619, -38.990575496054639 ], [ -72.621376631375028, -38.99162486868898 ], [ -72.621393759751683, -38.991646704606396 ], [ -72.622462446830738, -38.992925919608282 ], [ -72.622462447524228, -38.992925920353208 ], [ -72.622531729097787, -38.993008848201939 ], [ -72.622546939849769, -38.993027553848805 ], [ -72.623041175068877, -38.993652191336146 ], [ -72.623224588988677, -38.993883996049391 ], [ -72.623225509460326, -38.993885161348224 ], [ -72.624373717561753, -38.99534121166554 ], [ -72.624378520747825, -38.99534735736146 ], [ -72.62578029746598, -38.997157113398032 ], [ -72.627100470086518, -38.99883802301656 ], [ -72.627131840297579, -38.998870452654707 ], [ -72.627182462842427, -38.998860923364511 ], [ -72.627394246012912, -38.998803678576984 ], [ -72.627506971208049, -38.998762048036497 ], [ -72.629181836179995, -38.997959612060214 ], [ -72.631869119042591, -38.996667682395568 ], [ -72.631876404917563, -38.996664208456359 ], [ -72.634136479810252, -38.995595493949402 ], [ -72.634141473577486, -38.995593105354331 ], [ -72.635885936450606, -38.994749144844924 ], [ -72.635893699959183, -38.994745321758309 ], [ -72.637247246151617, -38.994066955762023 ], [ -72.637429261615409, -38.993992682451868 ], [ -72.637625265255068, -38.993944762795401 ], [ -72.637829049604747, -38.993924714418441 ], [ -72.638034160807052, -38.993933172261244 ], [ -72.638382082251482, -38.993971956889084 ], [ -72.639964568489304, -38.994142065206759 ], [ -72.639983681749058, -38.994144246975196 ], [ -72.641531058408006, -38.994331202596541 ], [ -72.641551757792868, -38.994333404746449 ], [ -72.643469909197435, -38.994509918700977 ], [ -72.643479150563536, -38.994510798545278 ], [ -72.644947333899026, -38.99465526261249 ], [ -72.644979246762276, -38.994657701676985 ], [ -72.646722489772301, -38.994752846983282 ], [ -72.646756571159401, -38.994755103334448 ], [ -72.64890625211514, -38.994922472223173 ], [ -72.648939307681218, -38.994924299206183 ], [ -72.650473999726131, -38.994974601863326 ], [ -72.650474002267387, -38.99497460184854 ], [ -72.650795186335898, -38.99498512627413 ], [ -72.650854357528615, -38.994982182751151 ], [ -72.650906779207489, -38.99496056442613 ], [ -72.651048058856063, -38.994886461255923 ], [ -72.65104806412549, -38.994886458191729 ], [ -72.651165202662284, -38.994825016676593 ], [ -72.652639537570636, -38.994050934770911 ], [ -72.65266515452879, -38.994037866236205 ], [ -72.654432177940279, -38.993162265328365 ], [ -72.654445740670681, -38.993155333958889 ], [ -72.655699134778473, -38.992494943427502 ], [ -72.655739719713353, -38.992468569828539 ], [ -72.655712991206173, -38.992433022574808 ], [ -72.655462977944509, -38.992166072568217 ], [ -72.655417676394734, -38.992113972314911 ], [ -72.65449494646775, -38.990968517442234 ], [ -72.654484357015633, -38.990955849005388 ], [ -72.652134268992427, -38.98824486244299 ], [ -72.652024217192405, -38.988085404636934 ], [ -72.651957268972851, -38.987911986895796 ], [ -72.651936131244426, -38.98773162184419 ], [ -72.651961658414209, -38.987551602985967 ], [ -72.652032817891381, -38.987379209771738 ], [ -72.65214673189665, -38.987221413243525 ], [ -72.652298793876454, -38.987084594158013 ], [ -72.652482854807118, -38.98697428498496 ], [ -72.652771844861064, -38.986834713568769 ], [ -72.652771846392952, -38.98683471274223 ], [ -72.653062492333206, -38.986694339855866 ], [ -72.65408298218783, -38.986201467188465 ], [ -72.654094509443325, -38.986195751360064 ], [ -72.658392625774098, -38.984008215759822 ], [ -72.658408015170735, -38.98400010429468 ], [ -72.660909384689617, -38.98263536909635 ], [ -72.661148661798961, -38.982504815774455 ], [ -72.661158491644358, -38.982499511363748 ], [ -72.661988183591532, -38.982056722899884 ], [ -72.66202859067343, -38.982030139635761 ] ] ], [ [ [ -72.635694187214696, -38.975768479968899 ], [ -72.635690115646156, -38.975765546049786 ], [ -72.635690115625522, -38.975765546067237 ], [ -72.635694187214696, -38.975768479968899 ] ] ] ] } },
{ "type": "Feature", "properties": { "id": 13, "capa_kml": "Limite_100m_IPT_09_PRC_Padre_Las_Casas", "nombre_busq": "Limite_100m_IPT_09_PRC_Padre_Las_Casas", "fid_origen": 1, "crs_origen": "EPSG:4326" }, "geometry": { "type": "MultiPolygon", "coordinates": [ [ [ [ -72.609218964109303, -38.758728905001661 ], [ -72.609164589215766, -38.758720188151841 ], [ -72.607705470613467, -38.758609085348951 ], [ -72.607627661355565, -38.758601053982886 ], [ -72.606050367506811, -38.758395155691261 ], [ -72.606034486397149, -38.758393260565583 ], [ -72.605245847550734, -38.758307954111338 ], [ -72.605126340988861, -38.758289938050133 ], [ -72.604241459005266, -38.758118079332895 ], [ -72.604223695732699, -38.758114511412266 ], [ -72.603876230961177, -38.758042403101562 ], [ -72.603787853629484, -38.758029754727957 ], [ -72.603764206209348, -38.758027850436655 ], [ -72.603481638296444, -38.757976294538146 ], [ -72.603248049398431, -38.757908412258942 ], [ -72.60288999834448, -38.757804359723352 ], [ -72.602864836516872, -38.757796783616477 ], [ -72.602609125911698, -38.757717084545597 ], [ -72.602588823338678, -38.75771110146465 ], [ -72.602370472501192, -38.757650410033214 ], [ -72.602215263494301, -38.757596880872079 ], [ -72.602095782792091, -38.757547138697277 ], [ -72.601928109465064, -38.757461930965974 ], [ -72.601828518389368, -38.75738933272055 ], [ -72.601827647130648, -38.757390064336199 ], [ -72.601755748728337, -38.757337570666451 ], [ -72.601711010530153, -38.757322528302282 ], [ -72.601511398431853, -38.757270839022141 ], [ -72.601323945333135, -38.757222298582846 ], [ -72.601141526050682, -38.757191712139374 ], [ -72.601141789101348, -38.757190750295749 ], [ -72.601012241136502, -38.757170507714861 ], [ -72.600811215565841, -38.757106562344191 ], [ -72.600629102888504, -38.757014195759737 ], [ -72.600607826217924, -38.757001017306379 ], [ -72.600488222229828, -38.756944015734092 ], [ -72.600421472341864, -38.756920406662957 ], [ -72.600202202618789, -38.756818580110874 ], [ -72.599969206930538, -38.756680934844667 ], [ -72.599949517817592, -38.756669806068274 ], [ -72.599733460304677, -38.756553037083343 ], [ -72.599685834528927, -38.756525861292324 ], [ -72.599520873946275, -38.756426568857719 ], [ -72.599383867515414, -38.756344101542055 ], [ -72.599329491987916, -38.7563184093027 ], [ -72.599269168875082, -38.756302858075387 ], [ -72.599120990298445, -38.756278658479481 ], [ -72.599052447823027, -38.756270804323321 ], [ -72.59903902510564, -38.75626990881851 ], [ -72.598846918442845, -38.756244115178532 ], [ -72.598663131571968, -38.756193294979241 ], [ -72.598653931980394, -38.75619004092411 ], [ -72.598539018558753, -38.756143121226543 ], [ -72.598101438400363, -38.755939119244665 ], [ -72.597865837778457, -38.75579361355905 ], [ -72.597724986803911, -38.755680364084043 ], [ -72.59763987265238, -38.755624069149285 ], [ -72.597596086085304, -38.755600403059638 ], [ -72.59743272994119, -38.755493343123803 ], [ -72.597297387837898, -38.755364532318175 ], [ -72.597194701524359, -38.755218388553196 ], [ -72.597128192666304, -38.755059924188444 ], [ -72.597100142085097, -38.754894574112853 ], [ -72.597097761427491, -38.754847204331291 ], [ -72.597091861163861, -38.75481009111892 ], [ -72.59707057501835, -38.754776610902482 ], [ -72.596947360914541, -38.75461797971569 ], [ -72.596916748481078, -38.754582488932364 ], [ -72.596730358482489, -38.754387124333249 ], [ -72.59662499245961, -38.754253910138218 ], [ -72.596550706111259, -38.754108412695231 ], [ -72.5965345224608, -38.754066442179059 ], [ -72.596492360170018, -38.754030377623224 ], [ -72.595439901411595, -38.753311184698397 ], [ -72.595368492889108, -38.753269558650288 ], [ -72.593363098386334, -38.752279888456201 ], [ -72.593262310756856, -38.752240394059001 ], [ -72.59246004335192, -38.751999898350469 ], [ -72.592439946877164, -38.751993703926502 ], [ -72.591304166401216, -38.751633930184674 ], [ -72.591117579499354, -38.751558647119829 ], [ -72.59095157084009, -38.751458065476669 ], [ -72.590811668822411, -38.751335534878315 ], [ -72.590767065704839, -38.751288443794486 ], [ -72.590728584761905, -38.751260491945246 ], [ -72.590642077690021, -38.751208407077606 ], [ -72.590529267487142, -38.751130803527488 ], [ -72.590236377693699, -38.750901117826437 ], [ -72.590200156391774, -38.750877121127814 ], [ -72.590161541744919, -38.750865516958065 ], [ -72.590110037461741, -38.750858171260397 ], [ -72.590023124469226, -38.750874047345228 ], [ -72.589953635155794, -38.750892476723791 ], [ -72.589708867033991, -38.750914033342561 ], [ -72.589463850188139, -38.75089428543972 ], [ -72.589229821207539, -38.750834138676879 ], [ -72.5875173420865, -38.75022817003655 ], [ -72.587241991027597, -38.750090937413937 ], [ -72.586966939947317, -38.749906120193394 ], [ -72.586924043649702, -38.749882351287518 ], [ -72.586873030496747, -38.749872475312614 ], [ -72.58628611455633, -38.749803479298691 ], [ -72.586280350822761, -38.749802825068834 ], [ -72.584782744714275, -38.749638883532675 ], [ -72.584723139834708, -38.749634820777189 ], [ -72.583161849830589, -38.749592311365966 ], [ -72.583113542072169, -38.74959458496069 ], [ -72.583122943711615, -38.749631760331596 ], [ -72.588366712764753, -38.76337438911456 ], [ -72.588410877230942, -38.763557310559918 ], [ -72.588406067071602, -38.763743433353881 ], [ -72.588352487401494, -38.763924806319132 ], [ -72.588252426811252, -38.76409368113395 ], [ -72.588110159654804, -38.764242843353074 ], [ -72.588077910522884, -38.764265092400379 ], [ -72.587976991615179, -38.764355147469807 ], [ -72.587863384475597, -38.764483977490045 ], [ -72.587818839864056, -38.764531129948935 ], [ -72.587508899400333, -38.764837802372291 ], [ -72.587480828222724, -38.764868083367595 ], [ -72.587142446869336, -38.765266980836849 ], [ -72.587096109033254, -38.765317703133718 ], [ -72.587006883901566, -38.765408550888161 ], [ -72.586980358419481, -38.765441216355981 ], [ -72.586987620371531, -38.765479504475486 ], [ -72.587010893889541, -38.765555064949098 ], [ -72.587042075368316, -38.76580136131841 ], [ -72.586987709643651, -38.766891067497646 ], [ -72.58698740544996, -38.766896710832469 ], [ -72.586906451487422, -38.768294453349256 ], [ -72.58690532483341, -38.768310672170948 ], [ -72.586774784909935, -38.769921756342256 ], [ -72.586773802705778, -38.76993280282916 ], [ -72.586658051956647, -38.771128435374607 ], [ -72.586658922463158, -38.771167261464399 ], [ -72.586707002323593, -38.771176812475368 ], [ -72.607276551655588, -38.773696167451064 ], [ -72.607327662136569, -38.773698496290045 ], [ -72.607341401184783, -38.773659888381083 ], [ -72.608996005878154, -38.766322156296859 ], [ -72.609000398686689, -38.766299243934149 ], [ -72.609248005438118, -38.76473442743054 ], [ -72.609252360861447, -38.764677484713758 ], [ -72.609224982522278, -38.7587721066675 ], [ -72.609218964109303, -38.758728905001661 ] ] ] ] } },
{ "type": "Feature", "properties": { "id": 14, "capa_kml": "Limite_100m_IPT_09_PRC_Nueva_Imperial", "nombre_busq": "Limite_100m_IPT_09_PRC_Nueva_Imperial", "fid_origen": 1, "crs_origen": "EPSG:4326" }, "geometry": { "type": "MultiPolygon", "coordinates": [ [ [ [ -72.966774031871324, -38.738914974838423 ], [ -72.966730343200567, -38.738892405991265 ], [ -72.966716530523868, -38.738886679046253 ], [ -72.966676178181004, -38.738872953144579 ], [ -72.966633611829579, -38.738864247473266 ], [ -72.966583425062169, -38.738857164744338 ], [ -72.966559050309229, -38.738854146196736 ], [ -72.966461058186439, -38.738843693578588 ], [ -72.966445753185155, -38.738841978882078 ], [ -72.966373489707038, -38.73883349425622 ], [ -72.966188515447897, -38.738799341632365 ], [ -72.966013246862801, -38.738741799463561 ], [ -72.965852469075045, -38.738662438760642 ], [ -72.965833432031658, -38.738651219806336 ], [ -72.965670604761002, -38.73853450211778 ], [ -72.965539243572962, -38.738395572907933 ], [ -72.965481152414441, -38.738300224047286 ], [ -72.965435405424458, -38.738243113982449 ], [ -72.965343950102636, -38.738103112478825 ], [ -72.965284975157545, -38.737952787473361 ], [ -72.965274194412785, -38.737884662254416 ], [ -72.965262236094645, -38.737844077965399 ], [ -72.965203573178101, -38.737713618815555 ], [ -72.965189913917456, -38.737673329208235 ], [ -72.965186782495906, -38.737663886868091 ], [ -72.965152118562159, -38.73755698715663 ], [ -72.965148310696151, -38.7375458441891 ], [ -72.965109538942102, -38.737437938200287 ], [ -72.965106699700073, -38.737430295873821 ], [ -72.96507115249031, -38.73733767274237 ], [ -72.965054914543273, -38.73730494513898 ], [ -72.965032331684796, -38.737274613677783 ], [ -72.964990376918252, -38.737227253372197 ], [ -72.964959165976381, -38.737197820899674 ], [ -72.964922568792531, -38.737180963995115 ], [ -72.964880788488529, -38.737168919174664 ], [ -72.964793571617832, -38.737212834954242 ], [ -72.964791174044365, -38.737209914011956 ], [ -72.964670149100229, -38.737269562130862 ], [ -72.964450517748759, -38.737333813439868 ], [ -72.964233624150566, -38.737378161606692 ], [ -72.964098504213453, -38.73739911282118 ], [ -72.963911978846482, -38.737419034340675 ], [ -72.963691161497295, -38.737425836332534 ], [ -72.963429492204227, -38.737414160291905 ], [ -72.963416007947771, -38.737413496336117 ], [ -72.963106958211768, -38.737396850633438 ], [ -72.963060417144561, -38.737395824104389 ], [ -72.962896252610435, -38.737397412592813 ], [ -72.962860000806188, -38.737398660283738 ], [ -72.962497083653773, -38.737420154550072 ], [ -72.962438224780925, -38.737428626967471 ], [ -72.96222612155897, -38.737443459539229 ], [ -72.96201416251661, -38.737427412536853 ], [ -72.961809613639659, -38.737381036061159 ], [ -72.961619813148957, -38.737322609755722 ], [ -72.961570245085326, -38.737312447643674 ], [ -72.961504974882232, -38.737305288355486 ], [ -72.96143936242872, -38.737310164474451 ], [ -72.961373387562674, -38.737321257855214 ], [ -72.961335310134913, -38.737330541563068 ], [ -72.961110608130397, -38.737366566648504 ], [ -72.960881247277499, -38.737366954145813 ], [ -72.960656348966765, -38.737331688653889 ], [ -72.960444857095055, -38.737262172643561 ], [ -72.960414697825854, -38.737249353280838 ], [ -72.960367787199203, -38.737237042942482 ], [ -72.960269712507881, -38.737218543244623 ], [ -72.960165883756915, -38.737206685873581 ], [ -72.960037424551857, -38.73720132397122 ], [ -72.95992534380494, -38.737206424727283 ], [ -72.959705980781919, -38.737199972546577 ], [ -72.959492178477419, -38.737160995599069 ], [ -72.959291725382116, -38.737090913765535 ], [ -72.959111923640563, -38.736992280025028 ], [ -72.958959323026676, -38.73686868744371 ], [ -72.958839482340323, -38.736724638273422 ], [ -72.958793522982532, -38.736655818631803 ], [ -72.95876687703246, -38.73662822548652 ], [ -72.958713663508334, -38.736581523583737 ], [ -72.958649341940998, -38.736519779099737 ], [ -72.958353618958242, -38.736208771397479 ], [ -72.958350642430702, -38.73620562676841 ], [ -72.958192840485893, -38.736038152982424 ], [ -72.958110356772508, -38.735967734814977 ], [ -72.958053353489916, -38.735928430526208 ], [ -72.958016693704167, -38.735906983423241 ], [ -72.957976126774057, -38.735890404078354 ], [ -72.957952021351204, -38.7358824076058 ], [ -72.957764827833984, -38.735844175662223 ], [ -72.957596554959352, -38.735817052670285 ], [ -72.957398058953032, -38.735753179513402 ], [ -72.957218168060066, -38.735661536362485 ], [ -72.957063144979784, -38.735545313719285 ], [ -72.956938386579765, -38.735408557785163 ], [ -72.956848236012704, -38.735256029584654 ], [ -72.95679583153067, -38.735093039204799 ], [ -72.956791369519252, -38.735070416209489 ], [ -72.956784190652286, -38.735015013341773 ], [ -72.956764325954367, -38.734919248963067 ], [ -72.956755219831493, -38.734901102384384 ], [ -72.956725469242642, -38.734896802093964 ], [ -72.956713000626451, -38.734896770163601 ], [ -72.956639869879808, -38.734905568548378 ], [ -72.956432884283487, -38.734915654177023 ], [ -72.956226951336475, -38.734896461321952 ], [ -72.956028767040948, -38.734848614054307 ], [ -72.955844775417972, -38.734773668153622 ], [ -72.955680958958681, -38.734674060514926 ], [ -72.955568190508004, -38.734591708640316 ], [ -72.955533754111642, -38.73456848413705 ], [ -72.95551391223853, -38.734556137742111 ], [ -72.955471143167671, -38.734534163193771 ], [ -72.955421198250008, -38.734525518639273 ], [ -72.955341375471519, -38.73451755367487 ], [ -72.955326372867844, -38.734516321151254 ], [ -72.955258443742508, -38.734515262883491 ], [ -72.955234503804505, -38.734516060720992 ], [ -72.955014642384583, -38.734506865838618 ], [ -72.954801047018108, -38.734465023467358 ], [ -72.954601545911345, -38.734392067128532 ], [ -72.954423450662219, -38.734290670655682 ], [ -72.954273288274706, -38.734164550188858 ], [ -72.954221268036974, -38.734111466835863 ], [ -72.954192506295243, -38.734088721585714 ], [ -72.954154102529088, -38.734063329939175 ], [ -72.95410101187619, -38.734048404804312 ], [ -72.953901371010659, -38.733974653244253 ], [ -72.953723395657931, -38.733872387014429 ], [ -72.953573641584399, -38.733745373184426 ], [ -72.95345762491651, -38.733598290398497 ], [ -72.953379618960355, -38.733436556521831 ], [ -72.953370137629236, -38.73340920146763 ], [ -72.953361718059767, -38.733387153961431 ], [ -72.953340860047305, -38.733337219413009 ], [ -72.953325640002788, -38.733304997606126 ], [ -72.953279622269292, -38.733217935658921 ], [ -72.953183392479801, -38.733082438805724 ], [ -72.953187055694585, -38.733080842695124 ], [ -72.953130022272049, -38.733003178990529 ], [ -72.953057129500039, -38.732831126369412 ], [ -72.953029691870356, -38.732651126244136 ], [ -72.953048820155047, -38.732470467907532 ], [ -72.953113739396528, -38.732296467253455 ], [ -72.953124916602405, -38.73227486895405 ], [ -72.953125909226003, -38.732271867294202 ], [ -72.953134062033001, -38.732232815527667 ], [ -72.953078932049507, -38.732165269489784 ], [ -72.953053667439448, -38.732128659844513 ], [ -72.953033115077702, -38.732104443013661 ], [ -72.952935849031732, -38.731964332182812 ], [ -72.952871652249314, -38.731812981802626 ], [ -72.952858171752709, -38.731768313247116 ], [ -72.952834672712655, -38.731662736063392 ], [ -72.952831822253444, -38.731643076850041 ], [ -72.952811173896066, -38.731578598966301 ], [ -72.952793491169643, -38.731538084087752 ], [ -72.95277229675753, -38.731517124942904 ], [ -72.952768288614109, -38.73151402372924 ], [ -72.952694920239438, -38.731474875761158 ], [ -72.952668301688334, -38.731472100613715 ], [ -72.952654614537437, -38.731472903099757 ], [ -72.952530352045585, -38.731526433820811 ], [ -72.952324743222206, -38.731595550993767 ], [ -72.952105939583547, -38.731632176055946 ], [ -72.951882223034218, -38.731634922724346 ], [ -72.951662061453334, -38.731603687043645 ], [ -72.951453788142118, -38.731539651320105 ], [ -72.951265286369036, -38.731445239364447 ], [ -72.951235186234769, -38.731426700532438 ], [ -72.951155015802328, -38.731385380520692 ], [ -72.951122152652374, -38.731371382668733 ], [ -72.951006142624905, -38.731340686618537 ], [ -72.950832446820513, -38.731299510949896 ], [ -72.950792425127588, -38.731289394270362 ], [ -72.95073444968628, -38.731273816866292 ], [ -72.95073068016724, -38.731272798309696 ], [ -72.95057726962601, -38.731231112080323 ], [ -72.950565064090114, -38.731227914872747 ], [ -72.950504214836087, -38.73121256642473 ], [ -72.950462569384385, -38.731204706600451 ], [ -72.950419891338186, -38.731201816214849 ], [ -72.950401284660018, -38.731201653674709 ], [ -72.950341747026215, -38.731206075082234 ], [ -72.950309432004914, -38.73121406843061 ], [ -72.950287614381878, -38.731223582045281 ], [ -72.950057934675712, -38.731299510823717 ], [ -72.9498127619011, -38.731334886769524 ], [ -72.949737041179958, -38.731339258064139 ], [ -72.949736859996904, -38.731337332458914 ], [ -72.949516763357508, -38.731339721206894 ], [ -72.949357083903976, -38.731313152764393 ], [ -72.949307931974019, -38.731308682399401 ], [ -72.949250023007664, -38.731312762072939 ], [ -72.948989834121988, -38.731352453383728 ], [ -72.948905264912057, -38.731362812134641 ], [ -72.948690551889413, -38.731382732597773 ], [ -72.948576428284852, -38.731400091983311 ], [ -72.948564081247468, -38.731400689826557 ], [ -72.94855565852906, -38.731401298793315 ], [ -72.948304433096013, -38.73139787123381 ], [ -72.948261825316266, -38.731393613990427 ], [ -72.948201675088413, -38.731386332175376 ], [ -72.948174773006571, -38.731382501922766 ], [ -72.948144325598506, -38.73137882401079 ], [ -72.948092630085597, -38.731373685923209 ], [ -72.948046981444961, -38.731371858361214 ], [ -72.947934096962499, -38.73138499788535 ], [ -72.947929333072011, -38.731386091618077 ], [ -72.947929139713168, -38.731385574896478 ], [ -72.947916019316011, -38.731387102075999 ], [ -72.947699028702544, -38.731420074313519 ], [ -72.947484999913428, -38.731416096738521 ], [ -72.947409821265708, -38.731420394574556 ], [ -72.947333840941283, -38.731430915868756 ], [ -72.947272942079252, -38.731445017265578 ], [ -72.947237048794932, -38.731460830087485 ], [ -72.947158232699181, -38.731507540603488 ], [ -72.946974758762067, -38.731580301229869 ], [ -72.946777673865654, -38.731626303064203 ], [ -72.946573280053983, -38.731644075141077 ], [ -72.946539043772631, -38.731644639061763 ], [ -72.946480310955039, -38.73164443145852 ], [ -72.946383497923222, -38.73164215192525 ], [ -72.946142432420672, -38.73164814858842 ], [ -72.946142418909787, -38.73164781534151 ], [ -72.946058519715862, -38.731652389088453 ], [ -72.945869307921157, -38.731638119044256 ], [ -72.945685681723475, -38.731599631192317 ], [ -72.945636647600409, -38.731585863131862 ], [ -72.945620155136069, -38.731581452041858 ], [ -72.945544690281736, -38.731562263297498 ], [ -72.945384520398022, -38.731510805675079 ], [ -72.945236026483002, -38.731441099042328 ], [ -72.94522106732569, -38.731432817817648 ], [ -72.945165165930021, -38.731423599008252 ], [ -72.945053760817018, -38.731414351930972 ], [ -72.945016163911546, -38.731412204743357 ], [ -72.944140302579953, -38.73138475149787 ], [ -72.943588487647361, -38.731368944651486 ], [ -72.94357112758243, -38.731368653080452 ], [ -72.943164784530694, -38.731366636622433 ], [ -72.943100289521453, -38.73136310780702 ], [ -72.943100286898002, -38.731363160197397 ], [ -72.943087644519665, -38.731362771785363 ], [ -72.943079222953415, -38.731361955151471 ], [ -72.943019406710675, -38.731358682289738 ], [ -72.942992693826199, -38.731355879868801 ], [ -72.942993083283611, -38.731353602206994 ], [ -72.942992977764078, -38.731353591974745 ], [ -72.942992711200915, -38.731355527103901 ], [ -72.942936075012511, -38.731350740496467 ], [ -72.942874236817659, -38.731344180398587 ], [ -72.942800419352267, -38.731334745491871 ], [ -72.942764800101415, -38.73133108368102 ], [ -72.942763148576418, -38.73133095486444 ], [ -72.942503102768143, -38.731286422369351 ], [ -72.942414237389016, -38.731262484332966 ], [ -72.942379742831704, -38.731252707768789 ], [ -72.942299113507232, -38.73122870960345 ], [ -72.942220585484321, -38.731202688221309 ], [ -72.942018177837795, -38.731128572782723 ], [ -72.942011512812215, -38.731126102334827 ], [ -72.941869206736072, -38.731089697507471 ], [ -72.941840019500361, -38.731085426766491 ], [ -72.941796699069101, -38.731080417125682 ], [ -72.941741158787011, -38.731075679299103 ], [ -72.941701803743697, -38.731075277355473 ], [ -72.941612462834243, -38.731071639089102 ], [ -72.940531812241886, -38.730994521911484 ], [ -72.940478804987066, -38.730994962476437 ], [ -72.940471429134149, -38.731036081040507 ], [ -72.940461571673112, -38.73123852211102 ], [ -72.940460802396032, -38.731254333594947 ], [ -72.94045709679672, -38.731299991016513 ], [ -72.940456481612415, -38.731305398089418 ], [ -72.940456721528875, -38.731349094557494 ], [ -72.940456378485294, -38.731375307754739 ], [ -72.940419681694777, -38.732534021272734 ], [ -72.940419546471091, -38.73253977148007 ], [ -72.940405712174993, -38.733440215700185 ], [ -72.940405671401308, -38.733444855842365 ], [ -72.940404709688579, -38.733879900021364 ], [ -72.940406658071538, -38.733917725552352 ], [ -72.9404433711222, -38.734266002516264 ], [ -72.940447077858266, -38.734356652095357 ], [ -72.940440679283853, -38.734629810604915 ], [ -72.940440155580447, -38.734645094479269 ], [ -72.940414365708506, -38.735216791336796 ], [ -72.940409705340983, -38.735216662362241 ], [ -72.940409706854823, -38.735216783155423 ], [ -72.940410685045407, -38.735216777783194 ], [ -72.940419285603738, -38.736177503049511 ], [ -72.940419288618713, -38.736189788640516 ], [ -72.940415404314436, -38.736648853819126 ], [ -72.940391408070539, -38.736826030348226 ], [ -72.940323358201638, -38.736996042204815 ], [ -72.940213916532002, -38.737152238501274 ], [ -72.940067364216105, -38.737288508777844 ], [ -72.939889434287267, -38.737399522059256 ], [ -72.939687087390155, -38.737480935420471 ], [ -72.939468239469605, -38.737529563899379 ], [ -72.939241452070149, -38.737543505106714 ], [ -72.937796356700503, -38.737520029929776 ], [ -72.936984298744392, -38.737507421168651 ], [ -72.936890232483435, -38.737513511350535 ], [ -72.936660365717273, -38.737510335596568 ], [ -72.936651235300957, -38.737509489633275 ], [ -72.93602308832061, -38.737497847381377 ], [ -72.936015871516602, -38.737497749091062 ], [ -72.935470583575906, -38.7374930019609 ], [ -72.934192253423163, -38.737481862137713 ], [ -72.933197092108742, -38.737480210781754 ], [ -72.933132505852413, -38.737482958040346 ], [ -72.93299238214982, -38.7374951447512 ], [ -72.932926449034895, -38.737505864345906 ], [ -72.932701973433197, -38.737524637530697 ], [ -72.932649456834071, -38.737524969711615 ], [ -72.932213909484531, -38.737562850217088 ], [ -72.932163970822202, -38.737568944406874 ], [ -72.931901730204558, -38.737610268195176 ], [ -72.931872372982838, -38.737615524300438 ], [ -72.931440727805438, -38.737702180191704 ], [ -72.931168336428755, -38.737730330110303 ], [ -72.930895192877983, -38.737707077185071 ], [ -72.93080943640858, -38.737691492467512 ], [ -72.930758864783868, -38.737686354675525 ], [ -72.930752977459846, -38.737726028023047 ], [ -72.930717678239191, -38.739381190435921 ], [ -72.930724546340358, -38.739450856653498 ], [ -72.930720508386131, -38.739622575610284 ], [ -72.930710377124541, -38.739691945189428 ], [ -72.930695446150764, -38.740303244275388 ], [ -72.930670854545738, -38.742014230882759 ], [ -72.93067584404308, -38.7420562963176 ], [ -72.930729780734197, -38.742057310596699 ], [ -72.931341125920753, -38.742018990536458 ], [ -72.931570819549535, -38.742022618432451 ], [ -72.931795011016803, -38.74206192423501 ], [ -72.932004756619605, -38.742135339923493 ], [ -72.932191688881005, -38.742239936720395 ], [ -72.932348350331893, -38.742371541916874 ], [ -72.932468491007469, -38.742524905320742 ], [ -72.932547317792, -38.742693908689681 ], [ -72.932581685663678, -38.742871809797528 ], [ -72.932604402730831, -38.743226469085172 ], [ -72.932638360417471, -38.743694442276748 ], [ -72.9326384322287, -38.743695441710308 ], [ -72.932675904927663, -38.744222183145197 ], [ -72.932715031634302, -38.74475844585632 ], [ -72.932715176003711, -38.74476046430884 ], [ -72.932751164909348, -38.745273946660802 ], [ -72.932791060534797, -38.745835721095794 ], [ -72.932791608268658, -38.745844144873168 ], [ -72.932808204601486, -38.746125294884493 ], [ -72.932807564990952, -38.746160989714284 ], [ -72.932852128604921, -38.747430815770606 ], [ -72.932862488405945, -38.747674964305951 ], [ -72.93286281058306, -38.747683889384284 ], [ -72.932867418048787, -38.747838682732414 ], [ -72.932867918337791, -38.747844055693221 ], [ -72.932871652610913, -38.747952483282134 ], [ -72.932895896467969, -38.748580539801665 ], [ -72.932896864242579, -38.748596375361686 ], [ -72.932903652452552, -38.748677511957993 ], [ -72.932956513814403, -38.749258513733189 ], [ -72.93294794787127, -38.749449450678426 ], [ -72.93288815280421, -38.749634678530008 ], [ -72.932779817991275, -38.749805865202482 ], [ -72.932627816362512, -38.749955310169781 ], [ -72.93243898524544, -38.750076290876905 ], [ -72.932221818819002, -38.75016336516466 ], [ -72.931274963251241, -38.750448368987534 ], [ -72.931231705743514, -38.750465214572962 ], [ -72.931258668714648, -38.750496605866857 ], [ -72.931311541641421, -38.750547117424993 ], [ -72.93139507730848, -38.750611823956866 ], [ -72.931510218488526, -38.750715798957302 ], [ -72.931552485644346, -38.750760447322477 ], [ -72.931582002122951, -38.750786020695301 ], [ -72.93160577888824, -38.750807282273321 ], [ -72.933054911988663, -38.752144854114235 ], [ -72.933096296167506, -38.752175801218584 ], [ -72.933157261391926, -38.752172139266392 ], [ -72.933223743653215, -38.752161935061515 ], [ -72.933436788907571, -38.752160585148488 ], [ -72.933646498536717, -38.752190021736467 ], [ -72.933845679869066, -38.752249235210456 ], [ -72.93402750129323, -38.752336194656777 ], [ -72.934185726551675, -38.752447917512015 ], [ -72.934314928625199, -38.752580571850089 ], [ -72.934410675874048, -38.752729607800831 ], [ -72.93446968405182, -38.752889913594572 ], [ -72.934673732083198, -38.75373022171398 ], [ -72.934686154229126, -38.753765344618714 ], [ -72.934712405669188, -38.7537954392701 ], [ -72.935013306974668, -38.754085898273736 ], [ -72.935014061098357, -38.754086626998031 ], [ -72.935871127681281, -38.754915696564893 ], [ -72.935873126356, -38.754917635398535 ], [ -72.936407195320953, -38.755437177758985 ], [ -72.936411387497785, -38.755440522453831 ], [ -72.93648650496101, -38.755506662166162 ], [ -72.936697976540216, -38.75571238150274 ], [ -72.936699368437729, -38.755713738215029 ], [ -72.937147157676492, -38.756151069051128 ], [ -72.937386522871606, -38.756381947814099 ], [ -72.937401077926836, -38.756395435232868 ], [ -72.937464488139156, -38.756451906992822 ], [ -72.937487906148434, -38.756473434746354 ], [ -72.937510958435595, -38.756495312844223 ], [ -72.937574532287158, -38.756561647426345 ], [ -72.937603385182868, -38.756594832125067 ], [ -72.937628207511324, -38.756624629402289 ], [ -72.93766502382789, -38.756670791567338 ], [ -72.937694129669467, -38.756701182038803 ], [ -72.9377293967176, -38.756727266837586 ], [ -72.937826944286854, -38.756787991902613 ], [ -72.93791122959351, -38.756845929523031 ], [ -72.937925214362821, -38.756856531226418 ], [ -72.937972945407026, -38.756883061134523 ], [ -72.938023283327368, -38.756907934790405 ], [ -72.938072893137942, -38.756927195250988 ], [ -72.938119626464001, -38.756903938585438 ], [ -72.938231773512783, -38.75683454014257 ], [ -72.938400617318663, -38.756747750635064 ], [ -72.938515001370945, -38.756699630477307 ], [ -72.938637746873539, -38.756636921755984 ], [ -72.938640879745464, -38.756640681443102 ], [ -72.938792437973419, -38.756568198279943 ], [ -72.939042905521461, -38.756503518657752 ], [ -72.939082553729421, -38.756497106111276 ], [ -72.939124749390331, -38.756484595405503 ], [ -72.93918202256036, -38.756463421941987 ], [ -72.93924891564626, -38.756440693059609 ], [ -72.939373284794755, -38.756402054264825 ], [ -72.93942488810076, -38.756380996843959 ], [ -72.939469921743026, -38.756352141031122 ], [ -72.939699237027639, -38.756171460563976 ], [ -72.939862299690617, -38.756064778965431 ], [ -72.940047637641257, -38.755983398796921 ], [ -72.94024892826333, -38.75593009624049 ], [ -72.940459304789897, -38.755906689644121 ], [ -72.940671590531821, -38.755913977496931 ], [ -72.940728767686579, -38.755920117666392 ], [ -72.940820567093795, -38.755924158806863 ], [ -72.941412177465679, -38.755913049353602 ], [ -72.941472278532629, -38.755906843517586 ], [ -72.941529320022184, -38.755890773170542 ], [ -72.94168739360623, -38.755830599084149 ], [ -72.941839918513494, -38.755782752735939 ], [ -72.941972671315852, -38.755749504285966 ], [ -72.941985859789582, -38.755744605646818 ], [ -72.942275215282407, -38.755671911593097 ], [ -72.942290384788876, -38.755669774551251 ], [ -72.942311879022768, -38.755663112224731 ], [ -72.942302623428631, -38.755622518591466 ], [ -72.942269970060522, -38.755530521278502 ], [ -72.942254073038939, -38.755348607379567 ], [ -72.942285285794441, -38.755167913480037 ], [ -72.942362329145269, -38.754995842898055 ], [ -72.94248204621438, -38.754839445591159 ], [ -72.942639531816042, -38.754705129321643 ], [ -72.943292457972646, -38.754250626610769 ], [ -72.94416650774059, -38.753634495283201 ], [ -72.944179171509191, -38.753625699483017 ], [ -72.944959762267231, -38.753091505529483 ], [ -72.945068457578955, -38.752991578898076 ], [ -72.945794466246838, -38.752081717829135 ], [ -72.945811389972633, -38.752059064756608 ], [ -72.945823770316537, -38.752041326599603 ], [ -72.945954259182045, -38.751892190972271 ], [ -72.94612014806728, -38.751766461092565 ], [ -72.946314755812494, -38.751669200604617 ], [ -72.946450241727703, -38.751628411938256 ], [ -72.9464490978025, -38.751626056708297 ], [ -72.946653328937614, -38.751565231770144 ], [ -72.946707730654595, -38.751543518313547 ], [ -72.946754929613917, -38.751513183376431 ], [ -72.946922797337251, -38.751379125986006 ], [ -72.947002609061414, -38.751321150182648 ], [ -72.947366707132488, -38.751080735075625 ], [ -72.947399058827969, -38.751057667808766 ], [ -72.94762679192479, -38.750882424149893 ], [ -72.947745380690918, -38.750802811217774 ], [ -72.947860751268081, -38.750735436971517 ], [ -72.948049833106509, -38.750645763706814 ], [ -72.948257326976886, -38.750586066386816 ], [ -72.948475571234141, -38.750558549314846 ], [ -72.948696507319553, -38.750564228552605 ], [ -72.948911977287011, -38.750602894405475 ], [ -72.949114024997897, -38.750673119163366 ], [ -72.949295189868792, -38.750772309811531 ], [ -72.94939028617533, -38.750835852991067 ], [ -72.949440795310792, -38.750857160304811 ], [ -72.949662657900404, -38.750928488559346 ], [ -72.949774907489953, -38.750957709403245 ], [ -72.949774280454918, -38.750959186424481 ], [ -72.949935283127004, -38.751004950633941 ], [ -72.95012422231963, -38.751093632981707 ], [ -72.95012858348764, -38.751096153788701 ], [ -72.950182227573336, -38.751115210672808 ], [ -72.950230070534701, -38.75112405711868 ], [ -72.950277603359083, -38.751112450803923 ], [ -72.950562538688843, -38.751020398102533 ], [ -72.95057061243071, -38.751017817741349 ], [ -72.950938890964196, -38.750901388594599 ], [ -72.950939250311507, -38.75090208558823 ], [ -72.951068266412022, -38.750860905806249 ], [ -72.951090405039082, -38.750857241967132 ], [ -72.951222282149601, -38.750823188331019 ], [ -72.951349657688851, -38.750778843011197 ], [ -72.951434543768585, -38.750752398857315 ], [ -72.95181377074401, -38.750647715035534 ], [ -72.951910922874873, -38.750624616645709 ], [ -72.952262434891693, -38.750554146367165 ], [ -72.952278315753858, -38.750550772311556 ], [ -72.952500888237765, -38.750500796741015 ], [ -72.952781588662305, -38.750466352285606 ], [ -72.953030722684318, -38.750460179460667 ], [ -72.953237541481556, -38.750469670553649 ], [ -72.953438832592383, -38.750508055971324 ], [ -72.953603410513665, -38.75055206124236 ], [ -72.953804892464248, -38.750623529437135 ], [ -72.953985183414048, -38.750723872271358 ], [ -72.954003578973399, -38.750739018388899 ], [ -72.954071509068854, -38.75078358113813 ], [ -72.954123882436079, -38.750805346333287 ], [ -72.955698465969363, -38.751302384593643 ], [ -72.95585839446332, -38.751332877534907 ], [ -72.95697285014846, -38.751415589394099 ], [ -72.957030114057829, -38.75141512003065 ], [ -72.95706790439462, -38.75138142632084 ], [ -72.957626793490221, -38.750762815406809 ], [ -72.957630250784334, -38.75075894575987 ], [ -72.95782244982216, -38.750541402973326 ], [ -72.958104164997991, -38.750222534531346 ], [ -72.95812815057667, -38.750189645798827 ], [ -72.958128196774496, -38.750150324139334 ], [ -72.958118068086321, -38.750052300963368 ], [ -72.958144942249319, -38.749874800084179 ], [ -72.958216041564597, -38.749704948540113 ], [ -72.958305720925637, -38.749546044014529 ], [ -72.958315052345412, -38.749529938920823 ], [ -72.958441592070329, -38.749317120461598 ], [ -72.958570821797622, -38.749149978412127 ], [ -72.958743033295917, -38.749008588539709 ], [ -72.958950124608364, -38.748899602577389 ], [ -72.959182352987497, -38.748828147784366 ], [ -72.959225885800834, -38.748818869791698 ], [ -72.959517533728686, -38.748787290010995 ], [ -72.959626447009455, -38.74878651559289 ], [ -72.959682030647315, -38.748777259133853 ], [ -72.959960027102682, -38.748707580324762 ], [ -72.960020561172399, -38.748692408056378 ], [ -72.960186076898836, -38.748661278461697 ], [ -72.960202787968726, -38.748659144410624 ], [ -72.960347874563212, -38.748640616326192 ], [ -72.960558655472909, -38.748629095361856 ], [ -72.960565809828282, -38.748629220225929 ], [ -72.960726518002659, -38.748614094052314 ], [ -72.960754987118449, -38.748608127050694 ], [ -72.960935192266916, -38.748582185755673 ], [ -72.960951229333915, -38.748580899375419 ], [ -72.961008212864513, -38.748574052741084 ], [ -72.96101547933155, -38.748572884951642 ], [ -72.961067715278219, -38.748560135204691 ], [ -72.961092534430293, -38.748521950240999 ], [ -72.961255704054693, -38.748193565294201 ], [ -72.961259800940013, -38.74819481366459 ], [ -72.961299305083429, -38.748114740293374 ], [ -72.961411419175732, -38.747972865854159 ], [ -72.961555020300494, -38.747849615709526 ], [ -72.961725182463113, -38.747749217629455 ], [ -72.961916068639567, -38.747675115491148 ], [ -72.962121130993552, -38.747629851156518 ], [ -72.962333335465047, -38.747614977288805 ], [ -72.962545403028798, -38.747631004097997 ], [ -72.962629336932906, -38.747643573197543 ], [ -72.962828719070245, -38.747662281153033 ], [ -72.962844123897298, -38.747663809227475 ], [ -72.962877058095415, -38.747667253133763 ], [ -72.962985753014806, -38.747682811980624 ], [ -72.963040541759355, -38.747692805411155 ], [ -72.963128677173813, -38.747703317174313 ], [ -72.963365592345653, -38.747716967310147 ], [ -72.963385290267922, -38.747717836487837 ], [ -72.963531938543284, -38.747722332872563 ], [ -72.963565159989045, -38.747722599297425 ], [ -72.963578592120385, -38.747722403084673 ], [ -72.963623111309246, -38.747720398286283 ], [ -72.963818225423992, -38.747705648898979 ], [ -72.963877968191909, -38.747702359242012 ], [ -72.96410496376636, -38.74769450317627 ], [ -72.964167626125047, -38.747695172814389 ], [ -72.964380016365354, -38.74769264992306 ], [ -72.964404431646912, -38.747691953437595 ], [ -72.964717144568411, -38.747677818531486 ], [ -72.964736171251516, -38.747677082211929 ], [ -72.964901912984416, -38.74767174492937 ], [ -72.965000658545023, -38.747675492272748 ], [ -72.965228343024407, -38.747675261771199 ], [ -72.965291007049387, -38.747668319859663 ], [ -72.965293190407593, -38.747668158724139 ], [ -72.965313281452154, -38.747664239342619 ], [ -72.965320956234052, -38.747623422517954 ], [ -72.965331584125835, -38.747455123180607 ], [ -72.965332663655076, -38.74743801217506 ], [ -72.965332636325783, -38.747432454943691 ], [ -72.965341111140575, -38.747283158391525 ], [ -72.965353794122734, -38.747056488193152 ], [ -72.965356308111495, -38.747011538794148 ], [ -72.965356515651962, -38.74700798826801 ], [ -72.965384024114982, -38.746556863807854 ], [ -72.965384124662009, -38.746555245425277 ], [ -72.965419328100253, -38.745998920850752 ], [ -72.965662899054479, -38.741918099400046 ], [ -72.96565671323124, -38.741817578977646 ], [ -72.965637401376924, -38.741685876037621 ], [ -72.965637567197547, -38.741671777184429 ], [ -72.965636912536283, -38.741652725570916 ], [ -72.965635616184898, -38.741644449297127 ], [ -72.965630226904338, -38.741601586252365 ], [ -72.965626862685539, -38.741566164344647 ], [ -72.965621469207406, -38.741541940423652 ], [ -72.965571882566366, -38.741384122497628 ], [ -72.965539346125922, -38.741202092783915 ], [ -72.9655546632723, -38.741018680038273 ], [ -72.965617195963716, -38.740841520090719 ], [ -72.965724340529079, -38.740677988401814 ], [ -72.965871636114372, -38.740534893019948 ], [ -72.966052950430409, -38.740418191167713 ], [ -72.966260735063628, -38.74033274125302 ], [ -72.966486339718685, -38.740282100625748 ], [ -72.966581055133588, -38.740268837429255 ], [ -72.966607808732249, -38.740261126765702 ], [ -72.966622965024385, -38.740224006163302 ], [ -72.966630197410552, -38.740198512073505 ], [ -72.966639454490249, -38.740156628201184 ], [ -72.966701246038014, -38.739768887597052 ], [ -72.966704244532679, -38.739744837103956 ], [ -72.966775376760438, -38.738955951126357 ], [ -72.966774031871324, -38.738914974838423 ] ] ], [ [ [ -72.961231958454405, -38.778559518524986 ], [ -72.961219548418541, -38.778521074374133 ], [ -72.960451543734152, -38.776838345470239 ], [ -72.960449099217016, -38.77683309244096 ], [ -72.96017565882795, -38.776256640738758 ], [ -72.960174854581112, -38.776254940012507 ], [ -72.960018483878201, -38.775923238948309 ], [ -72.959962249432508, -38.775807787786597 ], [ -72.959948744305876, -38.775770554819999 ], [ -72.959898956888864, -38.775671478669736 ], [ -72.959887509294248, -38.775655522250688 ], [ -72.959820653898191, -38.775662027106613 ], [ -72.959689752088707, -38.77567806469002 ], [ -72.959675786736227, -38.775679032283904 ], [ -72.95967229502088, -38.775679270013796 ], [ -72.959606380016197, -38.775683678590106 ], [ -72.959597452075215, -38.77568443580536 ], [ -72.959535031157145, -38.775696949171497 ], [ -72.959493714907623, -38.77571423633767 ], [ -72.959450878074108, -38.775741238388051 ], [ -72.959326383318484, -38.775798167129217 ], [ -72.959327016483385, -38.775799098959673 ], [ -72.959284293325396, -38.775816887490677 ], [ -72.959213620521666, -38.77584392943939 ], [ -72.959144868728188, -38.775867993487516 ], [ -72.959131801065411, -38.775872721772075 ], [ -72.959098866773431, -38.775885032154704 ], [ -72.958936522450571, -38.775934288252529 ], [ -72.958786643711989, -38.775960317135649 ], [ -72.958689583613335, -38.775979102839216 ], [ -72.958633258112584, -38.776000721882887 ], [ -72.958518631701452, -38.776058350503398 ], [ -72.958357328610148, -38.776107166761363 ], [ -72.958358240044092, -38.776109163337907 ], [ -72.958276959826307, -38.776131899477363 ], [ -72.958246800861474, -38.776144606666193 ], [ -72.958178325024562, -38.776180361588146 ], [ -72.958008615772329, -38.776253619924915 ], [ -72.957932745880981, -38.776280116982072 ], [ -72.957929939008579, -38.776281426530169 ], [ -72.957881137920296, -38.776305827945095 ], [ -72.957877518932321, -38.776301392952611 ], [ -72.95774068243918, -38.776360434666032 ], [ -72.957742199343002, -38.776362664345498 ], [ -72.957734301843686, -38.776365956614775 ], [ -72.957723830556347, -38.776371134545471 ], [ -72.957541033880446, -38.776444544811078 ], [ -72.957344474300214, -38.77649134077221 ], [ -72.957187595848254, -38.776505709666402 ], [ -72.957132496809635, -38.776514528118277 ], [ -72.957080290794721, -38.776529902300219 ], [ -72.957043767449647, -38.776545883985698 ], [ -72.956972646309779, -38.776589792151341 ], [ -72.956971361576734, -38.776588517022098 ], [ -72.956881925121536, -38.77664359824 ], [ -72.956747541432804, -38.776701911796707 ], [ -72.956648325608597, -38.776756833682349 ], [ -72.956647898377298, -38.776756360765724 ], [ -72.956590519610359, -38.776791249845019 ], [ -72.956593422383847, -38.776794051330484 ], [ -72.956591259645265, -38.776795424466926 ], [ -72.956591501252802, -38.776795671893602 ], [ -72.956567360445504, -38.776810116326097 ], [ -72.956567175339856, -38.776809926762098 ], [ -72.956518350526324, -38.776838145542314 ], [ -72.956518452220337, -38.776838254018074 ], [ -72.956517031346436, -38.776839070229251 ], [ -72.956515497921529, -38.776839794231904 ], [ -72.956496871207122, -38.776850559711853 ], [ -72.956478366338644, -38.776860269494868 ], [ -72.956477216366721, -38.776858926581731 ], [ -72.956348170085178, -38.776934596090321 ], [ -72.956347725765781, -38.776934131784735 ], [ -72.956273409264753, -38.776991963474153 ], [ -72.956222282063734, -38.777026628725253 ], [ -72.956189981772695, -38.777055569986281 ], [ -72.956084813578187, -38.777138308357237 ], [ -72.956013886340898, -38.77718730697346 ], [ -72.955972216017202, -38.777223071848368 ], [ -72.955943895340582, -38.777247530608555 ], [ -72.955752132268287, -38.77738001411003 ], [ -72.955646480383038, -38.77742523689534 ], [ -72.955647659994312, -38.777426783891926 ], [ -72.955556814351894, -38.777469229245362 ], [ -72.955513191477024, -38.777497849928174 ], [ -72.955398398718145, -38.777585830125155 ], [ -72.955364793441291, -38.777607201520588 ], [ -72.95528795277626, -38.777671515797024 ], [ -72.955231865317458, -38.777713659478387 ], [ -72.955232480484483, -38.777714162225834 ], [ -72.955166687720805, -38.777763490328866 ], [ -72.955114638133111, -38.777806864325918 ], [ -72.955109454470161, -38.777811237111152 ], [ -72.954965140281132, -38.777913953338825 ], [ -72.954936976011936, -38.777930819864331 ], [ -72.954894028659453, -38.777955329741104 ], [ -72.954875983445547, -38.777965136634549 ], [ -72.954868087390537, -38.777969505261474 ], [ -72.954854454555303, -38.77797718312371 ], [ -72.954837540109367, -38.77798775112403 ], [ -72.954739648123109, -38.778069498293895 ], [ -72.954736980696367, -38.778067541086301 ], [ -72.954728070401487, -38.778075824276016 ], [ -72.954728724219308, -38.778076231991015 ], [ -72.954643908735832, -38.778159570106084 ], [ -72.954518085335593, -38.778264712606429 ], [ -72.954372457618788, -38.778352809219065 ], [ -72.954300700371917, -38.778389441140341 ], [ -72.954299536644072, -38.778388044375482 ], [ -72.954187510217167, -38.778442652913157 ], [ -72.954144139198959, -38.778466752778016 ], [ -72.953996416482553, -38.778564880842488 ], [ -72.9538162522758, -38.778646144730885 ], [ -72.953782943045738, -38.77865817492696 ], [ -72.953708368290009, -38.77869460212866 ], [ -72.953664536963956, -38.778713540902885 ], [ -72.95362814054053, -38.778734717782392 ], [ -72.953528018704901, -38.778805111989328 ], [ -72.953381259697409, -38.778892723160098 ], [ -72.953340976715793, -38.778912990725502 ], [ -72.953254986528847, -38.778952248574747 ], [ -72.953216277609087, -38.778968206040723 ], [ -72.953177307615093, -38.778985828801282 ], [ -72.953116960609876, -38.779015642297331 ], [ -72.953079671113201, -38.779037596450628 ], [ -72.953052483238068, -38.779059889554176 ], [ -72.952987863489184, -38.779138602664588 ], [ -72.952981487026989, -38.779148626333807 ], [ -72.952955735591615, -38.779195847308301 ], [ -72.952930011175098, -38.779266802654888 ], [ -72.952855049279307, -38.779419292147267 ], [ -72.952848499741862, -38.779429688191279 ], [ -72.952712360512749, -38.779596576515232 ], [ -72.952532928500432, -38.779736151012933 ], [ -72.952346297804311, -38.77982814909933 ], [ -72.952347556236106, -38.77982998979617 ], [ -72.952287484796557, -38.779855152810065 ], [ -72.952121942249093, -38.779931222847303 ], [ -72.9521214547879, -38.779930572891878 ], [ -72.951872065898968, -38.780017561435841 ], [ -72.951755962078849, -38.780033537236534 ], [ -72.951638091821593, -38.780056782366614 ], [ -72.951583622315127, -38.780064457079206 ], [ -72.95155223856429, -38.780072499008078 ], [ -72.951538072744412, -38.780078897156912 ], [ -72.951394371966117, -38.780133764125011 ], [ -72.951285443644622, -38.780168245982388 ], [ -72.951149419583459, -38.780203762369318 ], [ -72.951047164585859, -38.780225022633658 ], [ -72.950844813387832, -38.780252260364264 ], [ -72.950800625726004, -38.780255067274538 ], [ -72.950797340467844, -38.780255782199639 ], [ -72.950584830682246, -38.780284174197675 ], [ -72.950583570848252, -38.780284411939554 ], [ -72.950582403316375, -38.780284604871682 ], [ -72.950577506412898, -38.780285152736525 ], [ -72.950566066476597, -38.780286681136751 ], [ -72.950561883015766, -38.780286900678433 ], [ -72.950431931823118, -38.780301439501841 ], [ -72.950320898050208, -38.780308047159146 ], [ -72.950320877225167, -38.780307832752328 ], [ -72.950208984698477, -38.780320118097023 ], [ -72.950179413250538, -38.780320553167719 ], [ -72.950049620479959, -38.780316724551497 ], [ -72.950026730887856, -38.780315033077699 ], [ -72.950025162531176, -38.780314917180576 ], [ -72.949995867881995, -38.780315994973208 ], [ -72.949963288855187, -38.780315570857411 ], [ -72.94993833778976, -38.780313874338532 ], [ -72.94991755468061, -38.780314254655202 ], [ -72.94988917073745, -38.780314329564362 ], [ -72.949853801722739, -38.780320040060779 ], [ -72.949792098315072, -38.780335838284955 ], [ -72.94968107689273, -38.780357916991377 ], [ -72.949545341430337, -38.78037820992818 ], [ -72.949479389664688, -38.780384888194632 ], [ -72.949455407140036, -38.780390660780931 ], [ -72.949387377034952, -38.780416591203149 ], [ -72.949144433334453, -38.780484056474592 ], [ -72.948998114429912, -38.780510714758897 ], [ -72.948991161281199, -38.780511963799164 ], [ -72.948958808725564, -38.780517692932968 ], [ -72.948931235172225, -38.780523139809809 ], [ -72.948868319327318, -38.780536871321864 ], [ -72.948829887973957, -38.780545521505857 ], [ -72.94875711034112, -38.780559908599443 ], [ -72.94873484640425, -38.780563709894928 ], [ -72.948721127964347, -38.780566190153607 ], [ -72.948686285543815, -38.780572842060337 ], [ -72.94868219744842, -38.780573631412054 ], [ -72.948661187503276, -38.780578624571568 ], [ -72.948629388016002, -38.780590532601579 ], [ -72.94860069506035, -38.780607377608803 ], [ -72.948538685031821, -38.780653785315302 ], [ -72.948506314560944, -38.78067139192774 ], [ -72.948493112370159, -38.78067978087919 ], [ -72.948457920821411, -38.780697713717494 ], [ -72.94839169762308, -38.780733733044897 ], [ -72.948374964285932, -38.780741397374584 ], [ -72.948374200488544, -38.780740375675258 ], [ -72.948291331934499, -38.780782603474691 ], [ -72.948066635136684, -38.780850313187557 ], [ -72.947924333558134, -38.780868047591376 ], [ -72.947839030419274, -38.780884959671731 ], [ -72.947704351669714, -38.780923198337533 ], [ -72.947488560442935, -38.780950078804516 ], [ -72.947270167908698, -38.780944549408289 ], [ -72.947057047143687, -38.780906809492116 ], [ -72.946988116456524, -38.780889075079422 ], [ -72.946980924250795, -38.780888032213561 ], [ -72.946958638762496, -38.780888382930392 ], [ -72.946920695533095, -38.780894881020856 ], [ -72.946727407460727, -38.780914752972684 ], [ -72.946571627641731, -38.780909994963011 ], [ -72.946528155666641, -38.780910966853234 ], [ -72.946498232570505, -38.780911331132252 ], [ -72.946444842445345, -38.780911437648228 ], [ -72.946423509221418, -38.780913306336672 ], [ -72.946396993487639, -38.780913899109386 ], [ -72.946396931491563, -38.78091220002004 ], [ -72.946301732134017, -38.780919070869061 ], [ -72.946063113787716, -38.780891381654023 ], [ -72.94597622277071, -38.780886008259998 ], [ -72.945847121158621, -38.780872233075407 ], [ -72.945816871988313, -38.780867627377098 ], [ -72.945641807759557, -38.780862437321623 ], [ -72.945641941958158, -38.780859664018436 ], [ -72.945619270446358, -38.780858920436671 ], [ -72.945614472308151, -38.780859021618149 ], [ -72.945605749433938, -38.780858476971503 ], [ -72.945511641250434, -38.780855390346922 ], [ -72.945511518606494, -38.780856416646394 ], [ -72.945493215104506, -38.780855076532603 ], [ -72.945493249689818, -38.780854787119068 ], [ -72.945481965371286, -38.780854417001372 ], [ -72.94547127655936, -38.780853143357881 ], [ -72.945397375523299, -38.78085309395675 ], [ -72.945109789615643, -38.780824315813447 ], [ -72.94510560734976, -38.78082346786924 ], [ -72.945056061851247, -38.780812491202816 ], [ -72.945044989882916, -38.780809827436357 ], [ -72.945032043287029, -38.780807529268948 ], [ -72.944888456894475, -38.780790078757803 ], [ -72.944869817964047, -38.780786562228599 ], [ -72.944730353929856, -38.780744957911743 ], [ -72.944729722846148, -38.780746499525414 ], [ -72.944642221569978, -38.780724553143521 ], [ -72.944641821119291, -38.780724512522774 ], [ -72.944612498889498, -38.780719216274569 ], [ -72.94459612565106, -38.780717364699306 ], [ -72.944418152509627, -38.780706064136531 ], [ -72.94441597273368, -38.780705780429443 ], [ -72.944355919442842, -38.780706268685108 ], [ -72.944354946700855, -38.780706306996052 ], [ -72.944321261089769, -38.780707049464496 ], [ -72.944309348422351, -38.780707480625324 ], [ -72.944286821126113, -38.780708122970026 ], [ -72.944254835716478, -38.780708789547276 ], [ -72.944213463764257, -38.780711064987472 ], [ -72.944204938837728, -38.780712084046691 ], [ -72.944137451332537, -38.780717813300562 ], [ -72.944137497458499, -38.780718154369303 ], [ -72.944123925095852, -38.780719278962074 ], [ -72.944104072512758, -38.780721197614334 ], [ -72.944077664275056, -38.780724115464835 ], [ -72.943926820840943, -38.780741461730223 ], [ -72.943801678501913, -38.780745343675463 ], [ -72.94371634853438, -38.780754423341577 ], [ -72.943712565293609, -38.780755056263835 ], [ -72.943691563243576, -38.780759260369891 ], [ -72.943654583566456, -38.780769839675948 ], [ -72.943569305192753, -38.780792864321199 ], [ -72.943560460044779, -38.780795726393173 ], [ -72.943545496464026, -38.780800466922038 ], [ -72.943525321511004, -38.780808564906657 ], [ -72.943456182745678, -38.780829901927959 ], [ -72.943407797134498, -38.780848416293708 ], [ -72.94335927769859, -38.780865901829735 ], [ -72.943357140907494, -38.78086662533287 ], [ -72.943298149497295, -38.780885103499024 ], [ -72.943296164971827, -38.780885675897302 ], [ -72.943266110816197, -38.780895269740959 ], [ -72.943239909363029, -38.780905256891124 ], [ -72.943201440503145, -38.780921121834211 ], [ -72.943182441195688, -38.780929319185077 ], [ -72.943165585749199, -38.780936919317185 ], [ -72.943161634809215, -38.780931550807672 ], [ -72.943100941212009, -38.780957143220903 ], [ -72.943104247477777, -38.780962111515308 ], [ -72.943097809716889, -38.780964736331988 ], [ -72.943025305342402, -38.780989036208133 ], [ -72.943000523527459, -38.780999485811165 ], [ -72.942986770885057, -38.7810036382335 ], [ -72.942986057271568, -38.781002190192005 ], [ -72.942937869033543, -38.781018340446288 ], [ -72.942915565534676, -38.781024298625837 ], [ -72.942787243177591, -38.781052205016564 ], [ -72.942738636799419, -38.781060437733082 ], [ -72.942674084884374, -38.781069870815344 ], [ -72.94260804937143, -38.78107800206736 ], [ -72.942335798254121, -38.78108597337733 ], [ -72.942099399353324, -38.781070904494946 ], [ -72.942029201715187, -38.781069796888509 ], [ -72.941592524686314, -38.781083800088126 ], [ -72.941508458291452, -38.781092342190412 ], [ -72.941422865458406, -38.78111489597957 ], [ -72.941394575954462, -38.781127813302859 ], [ -72.941373229443968, -38.781142463797202 ], [ -72.941355421363625, -38.781160612308184 ], [ -72.94137380559502, -38.781200527589363 ], [ -72.941387416824639, -38.781222804047168 ], [ -72.941402852554077, -38.781249147044875 ], [ -72.941537129605891, -38.781488389787498 ], [ -72.941645709050846, -38.781678049983427 ], [ -72.942012207568922, -38.782319644861005 ], [ -72.942085622722828, -38.782493987551433 ], [ -72.94211236008357, -38.782676359355833 ], [ -72.942091308985937, -38.782859187021103 ], [ -72.942023343256935, -38.783034878307085 ], [ -72.94191128498673, -38.78319613727195 ], [ -72.941759787385138, -38.783336267261767 ], [ -72.940851852825375, -38.784020460515777 ], [ -72.94081884499596, -38.784050630990727 ], [ -72.940861060517506, -38.784070113468978 ], [ -72.942111185929505, -38.784525743715072 ], [ -72.942165751606609, -38.784540505766927 ], [ -72.942282440084327, -38.784533257559858 ], [ -72.942282644383624, -38.784535272446021 ], [ -72.942316039048322, -38.784530804600891 ], [ -72.942414649339597, -38.7845266786981 ], [ -72.942416258047814, -38.784526367433244 ], [ -72.942628714390025, -38.784501425726944 ], [ -72.942843391705978, -38.784507822904139 ], [ -72.943052810183431, -38.78454533608118 ], [ -72.94324967321559, -38.784612658224852 ], [ -72.943427121605765, -38.784707443686507 ], [ -72.943578972539953, -38.784826389920795 ], [ -72.943640819924653, -38.784897440759707 ], [ -72.943666422459103, -38.78492097864698 ], [ -72.943669159893929, -38.784916301802411 ], [ -72.943731400868288, -38.784824386109022 ], [ -72.943747444807656, -38.784803678829867 ], [ -72.943916455222279, -38.784634802365275 ], [ -72.944131688306911, -38.784501991818502 ], [ -72.944150390836796, -38.784493051976369 ], [ -72.94436527031462, -38.784412912678569 ], [ -72.944596615990761, -38.784369083996573 ], [ -72.944834532864135, -38.784363440555865 ], [ -72.945068844899879, -38.784396223744629 ], [ -72.945289530224684, -38.784466031388611 ], [ -72.945395039031141, -38.784521474889864 ], [ -72.945456066068843, -38.784548536332835 ], [ -72.945501146281174, -38.784560768800141 ], [ -72.945552586955074, -38.784568879480418 ], [ -72.945685066917264, -38.784584826879573 ], [ -72.945823110249165, -38.784588270622017 ], [ -72.945837999491914, -38.784587232148759 ], [ -72.945884395342077, -38.784580919569947 ], [ -72.94589962514722, -38.784574328857452 ], [ -72.94591713516003, -38.784563306749739 ], [ -72.94593511080916, -38.784539696760973 ], [ -72.945946803450511, -38.784515595705123 ], [ -72.945950918570659, -38.784499021526457 ], [ -72.945952572821895, -38.784460125035068 ], [ -72.945982568939797, -38.784283642963821 ], [ -72.946056324209152, -38.784115225136233 ], [ -72.946170957391317, -38.783961450105927 ], [ -72.9463219905996, -38.783828324428065 ], [ -72.946421625276173, -38.783756301563614 ], [ -72.946638433632273, -38.783632849549704 ], [ -72.946885851271603, -38.78355201007831 ], [ -72.946905460401041, -38.783547618111513 ], [ -72.947034513898117, -38.783504758167894 ], [ -72.947109559202104, -38.783470824695783 ], [ -72.947154498553729, -38.78344564905079 ], [ -72.947169400298435, -38.783433251124016 ], [ -72.94720790757134, -38.783382706217317 ], [ -72.947220513524471, -38.783350653578132 ], [ -72.947297683459738, -38.783202625819257 ], [ -72.947407070424987, -38.783067607169805 ], [ -72.947545228731229, -38.782949850513369 ], [ -72.94770780649975, -38.782853064989446 ], [ -72.947889682744076, -38.782780299170447 ], [ -72.94816424120198, -38.782693548350501 ], [ -72.948164241824273, -38.782693549557102 ], [ -72.948164293502899, -38.78269353085814 ], [ -72.948182066714551, -38.782687915754821 ], [ -72.949087714041596, -38.782401756582097 ], [ -72.950221867910997, -38.782043382186991 ], [ -72.950221914256417, -38.782043472044286 ], [ -72.950320471164829, -38.782012377593837 ], [ -72.950320403260804, -38.7820122459377 ], [ -72.951792887512198, -38.781546941106797 ], [ -72.952582620536901, -38.781297374896496 ], [ -72.953107616885617, -38.781131465683792 ], [ -72.953718642464381, -38.780938365081298 ], [ -72.954249559237013, -38.780770577579503 ], [ -72.954369686008263, -38.780732612966609 ], [ -72.954460754367219, -38.780703831614915 ], [ -72.954527466219389, -38.780682747930157 ], [ -72.954611745858287, -38.780656112292661 ], [ -72.954647200599311, -38.780644906812036 ], [ -72.954838032083316, -38.780584596621559 ], [ -72.954914022218816, -38.780560580037545 ], [ -72.95504197109905, -38.780520142231808 ], [ -72.955149936152935, -38.780486020689089 ], [ -72.955245373782603, -38.780455858253021 ], [ -72.955355584882909, -38.780421025359338 ], [ -72.955467224650761, -38.780385742116657 ], [ -72.955574207928152, -38.780351929303265 ], [ -72.956214465647605, -38.780149572550293 ], [ -72.956471994926943, -38.780068177909499 ], [ -72.961187013183974, -38.778577809851697 ], [ -72.961231958454405, -38.778559518524986 ] ] ] ] } },
{ "type": "Feature", "properties": { "id": 15, "capa_kml": "Limite_100m_IPT_09_PRC_Lonquimay_Villa_Portales", "nombre_busq": "Limite_100m_IPT_09_PRC_Lonquimay_Villa_Portales", "fid_origen": 1, "crs_origen": "EPSG:4326" }, "geometry": { "type": "MultiPolygon", "coordinates": [ [ [ [ -71.355942683801615, -38.466468894273902 ], [ -71.355908181836625, -38.46643602591336 ], [ -71.355793138502676, -38.466346510753681 ], [ -71.355664738699971, -38.466227600970051 ], [ -71.355564356923779, -38.466093058394669 ], [ -71.355550532684802, -38.466070197902901 ], [ -71.355545282318516, -38.466061744444637 ], [ -71.35517425957083, -38.465479859338814 ], [ -71.35513323866509, -38.465407805313866 ], [ -71.354866472018799, -38.464878113029009 ], [ -71.354776674225221, -38.464699808847413 ], [ -71.354705551133193, -38.464482984212992 ], [ -71.354668294617497, -38.464254994796342 ], [ -71.354660940483072, -38.464193226014935 ], [ -71.354653010557442, -38.464087480294289 ], [ -71.354662413814268, -38.463907768702008 ], [ -71.354717043178894, -38.463733108813386 ], [ -71.354814720117474, -38.463570464773973 ], [ -71.354828907182039, -38.463551904909878 ], [ -71.354841684915129, -38.463535584539954 ], [ -71.355002678572859, -38.463334771793747 ], [ -71.355036790359293, -38.463285706943097 ], [ -71.355182612464745, -38.463040946951267 ], [ -71.355200325275376, -38.463001972080292 ], [ -71.35518852285206, -38.462961637478998 ], [ -71.35513371894946, -38.462832052114202 ], [ -71.35510767758754, -38.462787596518716 ], [ -71.35506986609002, -38.462748715960657 ], [ -71.355029687452372, -38.462715703702202 ], [ -71.354987187148922, -38.462687271811966 ], [ -71.354931748981485, -38.462692277615304 ], [ -71.354682921563111, -38.462735360834706 ], [ -71.354618940077884, -38.462753022497232 ], [ -71.354562197930136, -38.462782215052293 ], [ -71.354351837568956, -38.46292161373831 ], [ -71.354151896803359, -38.463027957044325 ], [ -71.354004541312918, -38.463089636583973 ], [ -71.353814013573327, -38.46315276845904 ], [ -71.353612156333398, -38.46318794712375 ], [ -71.353292441909346, -38.463220240103404 ], [ -71.353252313331936, -38.463225438078162 ], [ -71.352797293577936, -38.463297511197183 ], [ -71.352781946898205, -38.463300114576839 ], [ -71.352283781824354, -38.463390255960796 ], [ -71.352087746495116, -38.463411928080809 ], [ -71.351889892626943, -38.463406742517343 ], [ -71.351696128123464, -38.463374854103904 ], [ -71.351562144363115, -38.463332857685103 ], [ -71.351495146960815, -38.463318287155559 ], [ -71.351316384594824, -38.463258267234771 ], [ -71.351220496972743, -38.463231515665193 ], [ -71.351002407760049, -38.463149379128879 ], [ -71.350811104954076, -38.463033080424324 ], [ -71.350655111910129, -38.462887801229876 ], [ -71.350586835140462, -38.462787074954633 ], [ -71.350559749468445, -38.462755234919278 ], [ -71.350518343072451, -38.462723304399915 ], [ -71.349294728613174, -38.461956519219378 ], [ -71.349252683448441, -38.461934962016379 ], [ -71.349216067784823, -38.46196195719363 ], [ -71.348229300042135, -38.462842143989207 ], [ -71.348200196904074, -38.462874054643237 ], [ -71.348246466613304, -38.462888833890183 ], [ -71.348508029293328, -38.462949195566743 ], [ -71.34855936258495, -38.462959043804972 ], [ -71.348653553019673, -38.462973529656878 ], [ -71.348847144878349, -38.463017500196514 ], [ -71.348936769823467, -38.463044773568043 ], [ -71.349145855246746, -38.46312867463935 ], [ -71.349276197737041, -38.463195019847333 ], [ -71.349286113321298, -38.463199954349044 ], [ -71.349935054774079, -38.463515624031054 ], [ -71.34998408288547, -38.463536938438267 ], [ -71.350752550384442, -38.46383338702713 ], [ -71.350956367342107, -38.46391201171047 ], [ -71.351115500267127, -38.463986509105034 ], [ -71.351151253899985, -38.464006491484035 ], [ -71.351222602710635, -38.464049787416329 ], [ -71.351696917217254, -38.464361767516394 ], [ -71.351720674199001, -38.464376571191224 ], [ -71.352533545688715, -38.464856108137958 ], [ -71.352540628435008, -38.464860219899386 ], [ -71.353836379676608, -38.465600400222783 ], [ -71.353881620005822, -38.465627618981799 ], [ -71.354231600708928, -38.465849243690045 ], [ -71.35430208898191, -38.465897745738033 ], [ -71.354760803746544, -38.466240404008872 ], [ -71.35479603418581, -38.466264645159526 ], [ -71.355585663469427, -38.466764656548463 ], [ -71.355604971301545, -38.466776358808801 ], [ -71.355658301263503, -38.466807281545194 ], [ -71.355704772464534, -38.466828746458376 ], [ -71.355737047064068, -38.466794809043961 ], [ -71.355828236388646, -38.466674588981661 ], [ -71.355860012846662, -38.466626278677872 ], [ -71.355925829919485, -38.466509398018502 ], [ -71.355942683801615, -38.466468894273902 ] ] ], [ [ [ -71.378616955057765, -38.449753800478277 ], [ -71.378574279071515, -38.449728342814417 ], [ -71.378503903321359, -38.449694752164589 ], [ -71.378404641121321, -38.449641581385279 ], [ -71.377473556290155, -38.449084464682628 ], [ -71.377428516916524, -38.449056077755571 ], [ -71.377161709369815, -38.448879052080173 ], [ -71.377074346448083, -38.44881464609032 ], [ -71.376885336655434, -38.448659930235024 ], [ -71.376885335364648, -38.448659929270327 ], [ -71.376471845657093, -38.448321460567001 ], [ -71.374464153988242, -38.446710219562107 ], [ -71.374461542786335, -38.446708117061753 ], [ -71.374014347314997, -38.446346862113643 ], [ -71.374014347071565, -38.446346861934472 ], [ -71.373855292311134, -38.446218372515524 ], [ -71.373123374571904, -38.445635227670302 ], [ -71.37308839022451, -38.445606084784515 ], [ -71.372542933611541, -38.445130955256417 ], [ -71.372505861519841, -38.445104271718378 ], [ -71.372464167893412, -38.445126336828046 ], [ -71.369859979948203, -38.446808261510867 ], [ -71.369859979788401, -38.446808261624547 ], [ -71.369342678579414, -38.44714234682337 ], [ -71.369329111299677, -38.447151389851641 ], [ -71.36872409006682, -38.447567518740925 ], [ -71.368691647014032, -38.447591652383807 ], [ -71.368330145058465, -38.447882395569593 ], [ -71.368264656158928, -38.447945653737889 ], [ -71.368059543496102, -38.448185299791227 ], [ -71.367912182581378, -38.448324779338208 ], [ -71.36773228180266, -38.448438220312802 ], [ -71.367527132647268, -38.448521024789699 ], [ -71.367305050053531, -38.44856983656674 ], [ -71.367075035373816, -38.448582677211149 ], [ -71.366846411501541, -38.448559026258458 ], [ -71.366826290344875, -38.448555294125541 ], [ -71.366696438885526, -38.44854330691502 ], [ -71.366378623254249, -38.448542787034306 ], [ -71.366328002848249, -38.448546391517461 ], [ -71.366307145732833, -38.448564303047064 ], [ -71.366284788800257, -38.448593526626425 ], [ -71.366270846375329, -38.448625882382451 ], [ -71.366264657892273, -38.448676002704133 ], [ -71.366214413030789, -38.44883497312933 ], [ -71.366217106277986, -38.448835455623914 ], [ -71.366196030282609, -38.448908210091425 ], [ -71.366193316331817, -38.448945262968593 ], [ -71.366194950876562, -38.448995289525939 ], [ -71.366195235657244, -38.449029912613227 ], [ -71.366193138524224, -38.449159228265664 ], [ -71.366168251030444, -38.449334835037519 ], [ -71.36610024886933, -38.449503242398706 ], [ -71.365873347217061, -38.449918644076121 ], [ -71.365761676760457, -38.450076978156126 ], [ -71.365727190457534, -38.450116024112972 ], [ -71.365667526768064, -38.450177729152529 ], [ -71.365585189758008, -38.450255679129747 ], [ -71.36541197313997, -38.450388273247121 ], [ -71.3652072279788, -38.450489327996785 ], [ -71.364980073357032, -38.450554342465942 ], [ -71.364740626562792, -38.45058042093661 ], [ -71.364499552435376, -38.450566401873893 ], [ -71.364392953710961, -38.450551188221858 ], [ -71.364305077504966, -38.450544346315191 ], [ -71.364245973952293, -38.450544691952302 ], [ -71.36419229705578, -38.45056414939048 ], [ -71.364101435554161, -38.450606791071486 ], [ -71.364057989756006, -38.45063199382961 ], [ -71.364039470138565, -38.4506718727635 ], [ -71.364029273850022, -38.450702933343607 ], [ -71.364011370736762, -38.450826460632705 ], [ -71.364013321129391, -38.450886205071868 ], [ -71.364013474871697, -38.450927115090678 ], [ -71.364013400115795, -38.450930090371699 ], [ -71.363988188008605, -38.451101064775656 ], [ -71.363922080099769, -38.451265146524996 ], [ -71.363817489988975, -38.451416344324763 ], [ -71.363678236482002, -38.45154913728841 ], [ -71.363509404176426, -38.451658676539097 ], [ -71.3634261273844, -38.45170291773232 ], [ -71.363237464164655, -38.451783997103703 ], [ -71.363212885801289, -38.451792309641149 ], [ -71.363109633774926, -38.451837717074625 ], [ -71.362954365575362, -38.45192371985106 ], [ -71.362884485188133, -38.451971177748383 ], [ -71.362855759419119, -38.452001275644399 ], [ -71.36282968225845, -38.452048198314458 ], [ -71.36273993147087, -38.452279548537632 ], [ -71.36270839066735, -38.452350187836046 ], [ -71.36268261486984, -38.452401047560265 ], [ -71.362625557779111, -38.45249685000924 ], [ -71.362621557395826, -38.452502652979938 ], [ -71.362487293448353, -38.452656767811384 ], [ -71.362315489116028, -38.452785789232124 ], [ -71.362113534210778, -38.452884167505331 ], [ -71.361890115560342, -38.452947670956412 ], [ -71.361654843336296, -38.452973568012851 ], [ -71.361619495267291, -38.452971655520692 ], [ -71.361619499218307, -38.452971827833039 ], [ -71.361511010011867, -38.45297336599787 ], [ -71.361471258651747, -38.452979984016494 ], [ -71.361429772120999, -38.452994043028092 ], [ -71.361390531439952, -38.453027029679411 ], [ -71.36138307477141, -38.453034757356278 ], [ -71.361375607952084, -38.453042673982701 ], [ -71.361249207541434, -38.453179799534119 ], [ -71.361202867124362, -38.453226732501449 ], [ -71.361193474436078, -38.453235623635798 ], [ -71.361088510784469, -38.45332250661636 ], [ -71.360955663612174, -38.453418750771029 ], [ -71.360954578392594, -38.453419535966425 ], [ -71.360338830373436, -38.453864472318472 ], [ -71.360274051017669, -38.45391982844572 ], [ -71.360248048306019, -38.453946168473166 ], [ -71.360167862547399, -38.454056971088264 ], [ -71.3600766609716, -38.454239369035129 ], [ -71.360068933268138, -38.454255750230466 ], [ -71.359741405538188, -38.454993628496396 ], [ -71.359728955498994, -38.455034510513336 ], [ -71.359773183930187, -38.455058125194078 ], [ -71.362919681402488, -38.456395992824966 ], [ -71.363107234540962, -38.456495737740987 ], [ -71.36326617416718, -38.456622541137214 ], [ -71.363390290716978, -38.456771449089636 ], [ -71.363474734994512, -38.456936644070325 ], [ -71.363516207642277, -38.457111672212527 ], [ -71.363513088077866, -38.457289695440508 ], [ -71.363465497854051, -38.457463758616043 ], [ -71.363375295960239, -38.457627061265981 ], [ -71.362959768244892, -38.458212915239265 ], [ -71.362939035638888, -38.458250532778244 ], [ -71.362982578927188, -38.458273084837359 ], [ -71.368904796131218, -38.460712852098283 ], [ -71.368954213325068, -38.46072847391585 ], [ -71.36899049227452, -38.460697812958458 ], [ -71.369042960211587, -38.460643434711898 ], [ -71.369055857959282, -38.46062952289649 ], [ -71.369442229483894, -38.460195581618933 ], [ -71.369452173974594, -38.460184036280204 ], [ -71.369629148731505, -38.45997155954381 ], [ -71.36962915085499, -38.459971560637264 ], [ -71.369629188050155, -38.459971511130682 ], [ -71.369635682479156, -38.459963714810215 ], [ -71.369681336602795, -38.459912836677425 ], [ -71.369870654826968, -38.459716621070662 ], [ -71.369909669624249, -38.459670552337585 ], [ -71.37003916572445, -38.459495135009604 ], [ -71.370124931352379, -38.459395058213936 ], [ -71.370577737328759, -38.458936302101776 ], [ -71.370628081122575, -38.458875819514645 ], [ -71.370716067346109, -38.458748895554329 ], [ -71.370752706538894, -38.458699800076289 ], [ -71.37081274945119, -38.458624873378916 ], [ -71.370951337513873, -38.458484742382154 ], [ -71.370985936637453, -38.458456099063184 ], [ -71.371069202117766, -38.458365644228905 ], [ -71.371081309430409, -38.458343916693742 ], [ -71.371092695323313, -38.458309157776597 ], [ -71.371116728828341, -38.458200148593285 ], [ -71.371143605914796, -38.458107555186722 ], [ -71.371145263381862, -38.458102973642944 ], [ -71.371249951561666, -38.457906032323628 ], [ -71.371293883301945, -38.45784494781774 ], [ -71.371442301686443, -38.457683376594915 ], [ -71.371584089478134, -38.457560388600697 ], [ -71.371622045865209, -38.457523772014447 ], [ -71.371912504719987, -38.457211398652916 ], [ -71.371928162196141, -38.45719368415736 ], [ -71.372256298338357, -38.456802776921144 ], [ -71.372283161601786, -38.456767343224698 ], [ -71.3726975106173, -38.456159043706442 ], [ -71.373100796003044, -38.455559678693355 ], [ -71.373137515921599, -38.455497194999559 ], [ -71.373261302101582, -38.455334234969172 ], [ -71.373425768680107, -38.45519529104449 ], [ -71.373623611897145, -38.455086533367201 ], [ -71.373846045949591, -38.455012791556342 ], [ -71.373931680081313, -38.454992445483398 ], [ -71.373971457518678, -38.454975072902727 ], [ -71.374026942065512, -38.45493738400198 ], [ -71.374047927046107, -38.45491605194195 ], [ -71.374098632731304, -38.454834750127816 ], [ -71.374104704046573, -38.454837091411306 ], [ -71.37416820669921, -38.454737829171485 ], [ -71.374432285650499, -38.454419109504279 ], [ -71.374479657699609, -38.454349128340482 ], [ -71.374505347053145, -38.454301462037662 ], [ -71.374525830966121, -38.454257116646147 ], [ -71.374539476829483, -38.454221926540917 ], [ -71.374636094821767, -38.454044001696424 ], [ -71.374778801838673, -38.453886404758528 ], [ -71.374961014239005, -38.453756405984009 ], [ -71.375174326058428, -38.45366000243235 ], [ -71.375408896796898, -38.453601641333506 ], [ -71.375487319368261, -38.453589215553535 ], [ -71.375529289643993, -38.453569027222805 ], [ -71.375560532860177, -38.453550867745385 ], [ -71.375602935253482, -38.453520462286683 ], [ -71.375626336365045, -38.453479264559064 ], [ -71.375638435017322, -38.453450287365222 ], [ -71.37566661347843, -38.453323833967282 ], [ -71.375669512017026, -38.453247119285649 ], [ -71.375665750524263, -38.453168148947483 ], [ -71.375676579401514, -38.453006397331983 ], [ -71.375724072759155, -38.45284878603379 ], [ -71.375806694590352, -38.452700411662761 ], [ -71.375921772995639, -38.452566072107096 ], [ -71.376044614359103, -38.452447307202569 ], [ -71.376046510068761, -38.452445479291924 ], [ -71.376124211970748, -38.452370756220184 ], [ -71.377918894050907, -38.450644833874193 ], [ -71.377924192947717, -38.450638740288042 ], [ -71.37809712143607, -38.450482169795464 ], [ -71.378118626513569, -38.450466720118797 ], [ -71.378170628056367, -38.450431939693765 ], [ -71.378216709222443, -38.450396354767371 ], [ -71.378249768032617, -38.450356719221318 ], [ -71.378275545070721, -38.450317159618294 ], [ -71.378289953339987, -38.450291380852043 ], [ -71.37831068078431, -38.450218409326766 ], [ -71.378384944785495, -38.450043523835497 ], [ -71.378502936071115, -38.449884193700413 ], [ -71.378590041430684, -38.449790220607738 ], [ -71.378616955057765, -38.449753800478277 ] ] ] ] } },
{ "type": "Feature", "properties": { "id": 16, "capa_kml": "Limite_100m_IPT_09_PRC_Loncoche", "nombre_busq": "Limite_100m_IPT_09_PRC_Loncoche", "fid_origen": 1, "crs_origen": "EPSG:4326" }, "geometry": { "type": "MultiPolygon", "coordinates": [ [ [ [ -72.648763488235019, -39.377833414396335 ], [ -72.648724009859095, -39.377810744573267 ], [ -72.647668978313703, -39.377325482311321 ], [ -72.647546480873146, -39.377283163187101 ], [ -72.647221300541801, -39.377204374552178 ], [ -72.647175299427602, -39.377196391215861 ], [ -72.647128449480078, -39.377200423695228 ], [ -72.646839082645641, -39.377244327943828 ], [ -72.646602079473766, -39.3772609909064 ], [ -72.646365680169708, -39.377239781607663 ], [ -72.646139826621763, -39.37718159202651 ], [ -72.646065264598633, -39.377155524614494 ], [ -72.645879225486695, -39.3770737146735 ], [ -72.645715686037661, -39.376966801660231 ], [ -72.645580198936017, -39.37683841569352 ], [ -72.645477364304853, -39.376692915958898 ], [ -72.645410673526953, -39.376535242687687 ], [ -72.645382390723, -39.376370749409915 ], [ -72.645376818952116, -39.376263761917777 ], [ -72.645370637509004, -39.376226020119567 ], [ -72.645348410984539, -39.376192110109194 ], [ -72.644715247284907, -39.375402389745012 ], [ -72.644659986693952, -39.375325283945877 ], [ -72.644578166270108, -39.375196663902599 ], [ -72.644546803364619, -39.37515807022185 ], [ -72.644498009794873, -39.375132617152985 ], [ -72.644315735713292, -39.375057580026912 ], [ -72.644136401462248, -39.374966347530837 ], [ -72.643981757798514, -39.374851063051686 ], [ -72.643857085098375, -39.374715663135646 ], [ -72.643766640265667, -39.374564771170611 ], [ -72.643713511391525, -39.374403539505273 ], [ -72.64369951233563, -39.374237473509595 ], [ -72.643725120824726, -39.374072243585566 ], [ -72.643789462178134, -39.37391349154813 ], [ -72.64382879262817, -39.37384074168844 ], [ -72.643854621274215, -39.373771387573228 ], [ -72.643854621687794, -39.373771386202556 ], [ -72.643877952599226, -39.373708738566371 ], [ -72.643887181760661, -39.373673571175019 ], [ -72.64388903372587, -39.373637710158754 ], [ -72.643883111647369, -39.373523938088127 ], [ -72.64388308159424, -39.373523360719624 ], [ -72.643869962624933, -39.373444702162772 ], [ -72.643707138538673, -39.372871731153552 ], [ -72.64368665847762, -39.372825267657646 ], [ -72.643642170710308, -39.372790349659347 ], [ -72.643201287516504, -39.372514504389486 ], [ -72.643168328575229, -39.372495340500102 ], [ -72.642035948310564, -39.371884390394889 ], [ -72.641997346489305, -39.371862636369443 ], [ -72.640951917373187, -39.371247611530315 ], [ -72.640926504961811, -39.37123348155216 ], [ -72.640372026009416, -39.370942395361105 ], [ -72.640308924233921, -39.37090681193235 ], [ -72.64009849476524, -39.370779547225858 ], [ -72.639942612390541, -39.370665873834795 ], [ -72.639816260202323, -39.370531923769526 ], [ -72.639811821458679, -39.370526172058284 ], [ -72.639688061660365, -39.370301108817692 ], [ -72.639625963068085, -39.370124984084065 ], [ -72.639617339402321, -39.370102786912803 ], [ -72.639510122114388, -39.369850501710715 ], [ -72.639467418738704, -39.369716020712183 ], [ -72.639445461407433, -39.369613468850346 ], [ -72.639438595185311, -39.369576734041338 ], [ -72.639396501276067, -39.369313447825697 ], [ -72.639395614470487, -39.369307752722698 ], [ -72.639364604204459, -39.369103134534392 ], [ -72.639363359902276, -39.368901264100046 ], [ -72.639503835292501, -39.36789111572147 ], [ -72.639506580097802, -39.367863355544728 ], [ -72.639586155939753, -39.366511825210587 ], [ -72.639586289179803, -39.366473131643751 ], [ -72.6395662713593, -39.366088001969992 ], [ -72.639559488446906, -39.365957501286246 ], [ -72.639570725289232, -39.365791040250954 ], [ -72.639610896643688, -39.365577536776783 ], [ -72.639665207081521, -39.365407189037988 ], [ -72.639791590336259, -39.365130017858675 ], [ -72.639793718991058, -39.365125265231079 ], [ -72.640116780954855, -39.364390754556389 ], [ -72.640126610510592, -39.364366119834266 ], [ -72.640381910285129, -39.363654801628776 ], [ -72.640395428500241, -39.363607363752692 ], [ -72.640460329610676, -39.363302339100997 ], [ -72.640460329889066, -39.363302337375295 ], [ -72.640535120251613, -39.36295082773298 ], [ -72.640540246017494, -39.362920260474937 ], [ -72.640600383065021, -39.362431372765137 ], [ -72.640603004883744, -39.36238710477577 ], [ -72.640600463986758, -39.361791547570235 ], [ -72.640596497568524, -39.361740468705406 ], [ -72.64055440235569, -39.361462693457128 ], [ -72.64055269959978, -39.361452467761154 ], [ -72.640487660877938, -39.361094196112873 ], [ -72.640477526162471, -39.360927292573741 ], [ -72.640507282682066, -39.360761808121346 ], [ -72.640575905950556, -39.360603438688912 ], [ -72.64068103373917, -39.360457635276646 ], [ -72.642829959136577, -39.358035672454747 ], [ -72.642855482941243, -39.358000269714488 ], [ -72.64285302110693, -39.35795974422652 ], [ -72.642824747869071, -39.357804014392961 ], [ -72.642813225542014, -39.357765670412057 ], [ -72.642785183499669, -39.357732862457034 ], [ -72.638520709440513, -39.353596522053962 ], [ -72.638482563135838, -39.353566070586744 ], [ -72.638432454438288, -39.353549013236119 ], [ -72.627030242162078, -39.350647234177686 ], [ -72.626979536662375, -39.350638468789171 ], [ -72.626958281360928, -39.35067526965215 ], [ -72.626544419140814, -39.351632647555583 ], [ -72.626532496058545, -39.35166394752769 ], [ -72.626473138870509, -39.351843460661755 ], [ -72.62645550576741, -39.351935833090408 ], [ -72.626444760344029, -39.352129828825021 ], [ -72.626448128386386, -39.352174671650459 ], [ -72.626463041064397, -39.352218072906808 ], [ -72.62652405515648, -39.352343194047137 ], [ -72.626577488874716, -39.35242586721921 ], [ -72.626754450016278, -39.352641043062121 ], [ -72.626792613623053, -39.352690919930339 ], [ -72.626919516559738, -39.352869641334273 ], [ -72.626989266804486, -39.35295277291516 ], [ -72.626986573935255, -39.352954134778678 ], [ -72.627061027819252, -39.353046290631646 ], [ -72.627138738366938, -39.353197860641771 ], [ -72.627179956063884, -39.353357827570498 ], [ -72.627211872322874, -39.353589080029899 ], [ -72.627207176889442, -39.353810420019443 ], [ -72.627180373175307, -39.353958429731307 ], [ -72.627178650883167, -39.353968814547123 ], [ -72.627114404230923, -39.35439528821766 ], [ -72.627110524726447, -39.354441979515052 ], [ -72.627104295895236, -39.354831723776556 ], [ -72.627112068998215, -39.354910910186199 ], [ -72.627181194844169, -39.355234138254154 ], [ -72.627189650932891, -39.355266349687682 ], [ -72.62736021484443, -39.355813191714326 ], [ -72.627381479899498, -39.355866607225536 ], [ -72.62755100937909, -39.356214225862601 ], [ -72.627608102302602, -39.356374802592399 ], [ -72.627626124750748, -39.356540795562026 ], [ -72.62760445986963, -39.356706525890793 ], [ -72.627543848579421, -39.35686632364407 ], [ -72.627446364262966, -39.357014721814949 ], [ -72.627315341862911, -39.357146643368438 ], [ -72.627155263808973, -39.357257574947354 ], [ -72.626971606674815, -39.357343721296168 ], [ -72.625449347792696, -39.357915865230616 ], [ -72.625392348865844, -39.357940451458674 ], [ -72.623907598246888, -39.35866860928347 ], [ -72.623824458184814, -39.358718086097099 ], [ -72.622713392873763, -39.359513000876355 ], [ -72.622650133520665, -39.359566184371779 ], [ -72.622603683526634, -39.359612170832783 ], [ -72.62260368098417, -39.359612173635938 ], [ -72.622439576239628, -39.359774641143773 ], [ -72.621543699588599, -39.360661561160263 ], [ -72.621474246481412, -39.360724175824934 ], [ -72.620253434059848, -39.361727721307098 ], [ -72.620173026967151, -39.361787752619506 ], [ -72.619040871637139, -39.362555164643972 ], [ -72.618953776514772, -39.362608716739707 ], [ -72.617992550422812, -39.363143653673923 ], [ -72.617717639322606, -39.363256790376681 ], [ -72.61590610970643, -39.363774833175562 ], [ -72.615704323158042, -39.363816969165967 ], [ -72.61447404395858, -39.363983460073236 ], [ -72.614396993404611, -39.363991831222108 ], [ -72.61261454343456, -39.364138364958826 ], [ -72.61252689459053, -39.364142973604181 ], [ -72.61171872586759, -39.364161649120241 ], [ -72.611347988970138, -39.364170214359731 ], [ -72.61134798825411, -39.364170214402336 ], [ -72.606646610932117, -39.364278730941329 ], [ -72.606595983908491, -39.364283678210491 ], [ -72.606590475751389, -39.364323055844409 ], [ -72.606588521364003, -39.364443182860988 ], [ -72.606585621149961, -39.364621433248878 ], [ -72.606585621295338, -39.364621436177607 ], [ -72.606562388462478, -39.366049639065864 ], [ -72.606566569721821, -39.366089279158146 ], [ -72.606614573483228, -39.366103187607472 ], [ -72.608496503546817, -39.366496355864719 ], [ -72.608598056688066, -39.366521507336493 ], [ -72.608879590738113, -39.366602471060865 ], [ -72.608922693960167, -39.366611979558343 ], [ -72.608967176053767, -39.366616180379445 ], [ -72.609157454570806, -39.366622558361399 ], [ -72.609157454558385, -39.366622558584545 ], [ -72.609157464398265, -39.36662255852935 ], [ -72.609177601857979, -39.366623233607356 ], [ -72.609366005744079, -39.366643952162256 ], [ -72.609366471646851, -39.366642121841736 ], [ -72.609397359780203, -39.366647400098259 ], [ -72.609401432945845, -39.366647848014892 ], [ -72.609415463633141, -39.366650493695978 ], [ -72.609415463621673, -39.366650493732621 ], [ -72.609415465816923, -39.366650494107759 ], [ -72.609620331167946, -39.366689124429143 ], [ -72.609823416486918, -39.36674329241653 ], [ -72.61000071849152, -39.366805355731245 ], [ -72.610073588915924, -39.36683328702707 ], [ -72.610555444240973, -39.367034571464274 ], [ -72.610718008637008, -39.367116777722792 ], [ -72.610860652797868, -39.36721886118211 ], [ -72.6110176476449, -39.367351716121419 ], [ -72.611132849300006, -39.367466613580504 ], [ -72.611351105327259, -39.367724949292629 ], [ -72.611397045760143, -39.367784162787636 ], [ -72.611486958584976, -39.367910809241096 ], [ -72.611575393943966, -39.368069913210917 ], [ -72.611878125367284, -39.36880104739997 ], [ -72.611894890834947, -39.368832886745849 ], [ -72.611917752477368, -39.368862352013863 ], [ -72.61242688873628, -39.369416963128025 ], [ -72.612465384837421, -39.369454490964067 ], [ -72.612977074903057, -39.369902098650535 ], [ -72.613081405711597, -39.369973734672541 ], [ -72.613364101965487, -39.370124969311732 ], [ -72.613404158602648, -39.370142896076253 ], [ -72.613447397624839, -39.370155611108849 ], [ -72.61423730680616, -39.370333048664619 ], [ -72.614447575131365, -39.370398122177512 ], [ -72.614637564457851, -39.370493644865746 ], [ -72.614800043894675, -39.370615981244725 ], [ -72.614928829455266, -39.370760475305154 ], [ -72.615019019421069, -39.370921627702451 ], [ -72.615067180920704, -39.371093305045008 ], [ -72.615071480620244, -39.371268973319033 ], [ -72.615031754545882, -39.371441946567202 ], [ -72.61494951437389, -39.371605641357711 ], [ -72.614827889941779, -39.371753827358219 ], [ -72.614809833240656, -39.371771703422013 ], [ -72.614787501073181, -39.371803130022876 ], [ -72.614657762618606, -39.372026460700688 ], [ -72.614613506256504, -39.372094750363559 ], [ -72.614348893392588, -39.372463217367887 ], [ -72.614329366976406, -39.372497635766699 ], [ -72.614375675829592, -39.372508700921273 ], [ -72.614526474941655, -39.372533027855269 ], [ -72.614612912236694, -39.372549681282706 ], [ -72.614720997714372, -39.372573958694943 ], [ -72.614966514732586, -39.372653773516596 ], [ -72.615224284091767, -39.37276610295681 ], [ -72.615294033524137, -39.37279191254968 ], [ -72.615522836710809, -39.37286246413251 ], [ -72.615555244073093, -39.372871601083055 ], [ -72.615725829657194, -39.372915287270843 ], [ -72.615788491400053, -39.372925467908566 ], [ -72.61585250050102, -39.372924555225211 ], [ -72.615983131286185, -39.372911224780822 ], [ -72.616264753418491, -39.372909241096558 ], [ -72.616480747615626, -39.37292819420356 ], [ -72.616602842821621, -39.37293163102207 ], [ -72.616823299614524, -39.372954388949495 ], [ -72.617034113493119, -39.373009372378206 ], [ -72.617227540518812, -39.373094561589483 ], [ -72.617396475362128, -39.373206827292719 ], [ -72.617427820056946, -39.373232081254272 ], [ -72.617465194218354, -39.373257369604787 ], [ -72.617511443994005, -39.373271240191649 ], [ -72.617674130649704, -39.373307776659686 ], [ -72.617813589502504, -39.373325152492512 ], [ -72.618087454039184, -39.373332952851364 ], [ -72.618141453018083, -39.373330530114707 ], [ -72.618193906007562, -39.373320282771701 ], [ -72.618270398398252, -39.373299214304815 ], [ -72.618270402293831, -39.37329921306771 ], [ -72.618975682223322, -39.373104951439728 ], [ -72.619061558146043, -39.373074995555683 ], [ -72.61965152198961, -39.372822609258471 ], [ -72.619708568044928, -39.372794730919892 ], [ -72.620387047641429, -39.37241869286666 ], [ -72.620553930816726, -39.372341689385543 ], [ -72.620735019365313, -39.372287359533345 ], [ -72.620871244861263, -39.372256371278183 ], [ -72.621076389236649, -39.372224943619607 ], [ -72.621285469755122, -39.372222602234523 ], [ -72.621491696953697, -39.372249423162543 ], [ -72.621688374011029, -39.372304535455363 ], [ -72.621869114190346, -39.372386149455032 ], [ -72.622028048218795, -39.372491614902685 ], [ -72.622102761575533, -39.372551035437958 ], [ -72.622157208784373, -39.372551526984616 ], [ -72.623074602053663, -39.37248969630599 ], [ -72.623128420526598, -39.372487045066869 ], [ -72.623880479078849, -39.372463596113363 ], [ -72.623955221449677, -39.372463135380379 ], [ -72.625315907525788, -39.372488764886704 ], [ -72.625419225132589, -39.372494298393626 ], [ -72.626254865054378, -39.372568250561635 ], [ -72.626488189845418, -39.372608111211811 ], [ -72.626706051703906, -39.372684214679118 ], [ -72.626899215292127, -39.37279333490995 ], [ -72.627059492139963, -39.372930846232641 ], [ -72.627180087752308, -39.373090919424584 ], [ -72.627255889649689, -39.373266768799716 ], [ -72.62728368412975, -39.373450939846109 ], [ -72.627262292555059, -39.373635625223834 ], [ -72.627237242162224, -39.373735222918796 ], [ -72.627226000808548, -39.37377509094982 ], [ -72.626913211090837, -39.374775312063676 ], [ -72.626910012410761, -39.374786119317235 ], [ -72.626795600902639, -39.375195724633393 ], [ -72.626733827149678, -39.375349162993672 ], [ -72.626650445896928, -39.37550560846789 ], [ -72.626641647822325, -39.375523144825515 ], [ -72.626535166013653, -39.375749248895914 ], [ -72.626444062603454, -39.375898558919452 ], [ -72.626265979824126, -39.376132237492584 ], [ -72.626250458320612, -39.376153949531293 ], [ -72.626117649693626, -39.376352438530617 ], [ -72.626043364265016, -39.376448370603917 ], [ -72.625912167259756, -39.376596149335612 ], [ -72.625889074489848, -39.376627243237344 ], [ -72.625872697453161, -39.376660806494321 ], [ -72.625864582882969, -39.376682578825601 ], [ -72.625750398317905, -39.376888518721096 ], [ -72.625597138135802, -39.377090987816509 ], [ -72.62543506058914, -39.377305103547982 ], [ -72.625426214402424, -39.377317214816188 ], [ -72.625159175960803, -39.377696358412841 ], [ -72.625030243711819, -39.377842952316293 ], [ -72.624660238742337, -39.378185510635774 ], [ -72.624656099473256, -39.378189386634382 ], [ -72.624561120608192, -39.378279343135176 ], [ -72.624517146621159, -39.378320990997764 ], [ -72.624438427868398, -39.378388307100266 ], [ -72.624380482034482, -39.378433092965501 ], [ -72.624380482030602, -39.378433092962474 ], [ -72.624380481849613, -39.378433093108384 ], [ -72.622858133863488, -39.37960967120496 ], [ -72.622824847227378, -39.379641049682256 ], [ -72.622858312257364, -39.3796723136766 ], [ -72.625000027948005, -39.381312912493897 ], [ -72.62871598120411, -39.384159119947277 ], [ -72.628754547638266, -39.38418362408715 ], [ -72.628795330554979, -39.384161385860402 ], [ -72.633739182251972, -39.380894944246414 ], [ -72.633921474653476, -39.380796195301436 ], [ -72.634124685182044, -39.380726233691547 ], [ -72.634341356912799, -39.380687626690253 ], [ -72.634563539007289, -39.380681791001038 ], [ -72.634783078441131, -39.3807089407753 ], [ -72.638041773147862, -39.381365289319454 ], [ -72.638091685273011, -39.381371521186878 ], [ -72.638111780074894, -39.381335521204925 ], [ -72.638142238840103, -39.381262828328197 ], [ -72.638207703756194, -39.38110658901811 ], [ -72.638207703828584, -39.381106589036385 ], [ -72.638207704213372, -39.381106587926965 ], [ -72.639018978233892, -39.379170335471386 ], [ -72.639107862665696, -39.379011836271118 ], [ -72.639234127429589, -39.378869435145219 ], [ -72.639393120987535, -39.378748377860475 ], [ -72.639578986231172, -39.378653123898602 ], [ -72.63978487624766, -39.378587182191829 ], [ -72.640003206532114, -39.378552981873675 ], [ -72.6402259343579, -39.378551782803989 ], [ -72.640444855018245, -39.37858362916274 ], [ -72.64072255073792, -39.378645928977214 ], [ -72.64077213945211, -39.378653403622408 ], [ -72.640819668476709, -39.378640123915481 ], [ -72.641091569109051, -39.378542031312925 ], [ -72.641132065662831, -39.378524196137477 ], [ -72.641168326528117, -39.378501523949815 ], [ -72.64134572533618, -39.378370882811858 ], [ -72.641392882971573, -39.378331757232658 ], [ -72.641590155011514, -39.378147183678458 ], [ -72.64168455395361, -39.378068862383124 ], [ -72.64174955199752, -39.378020995393861 ], [ -72.642019919377034, -39.377872466527961 ], [ -72.642030622664848, -39.377868218028794 ], [ -72.642246297127315, -39.377802752369703 ], [ -72.642474426406494, -39.377771826581366 ], [ -72.642705925531331, -39.377776672255358 ], [ -72.642931575340768, -39.377817096429254 ], [ -72.643093058423418, -39.377859576318599 ], [ -72.64319558528139, -39.377881230227793 ], [ -72.643195211885072, -39.37788229510101 ], [ -72.643366453045317, -39.377923175388155 ], [ -72.643558696806153, -39.378002001420235 ], [ -72.643561003385727, -39.378003173916078 ], [ -72.643632140693441, -39.378034019688229 ], [ -72.644365335041982, -39.378301304538937 ], [ -72.644390337311066, -39.378309867062477 ], [ -72.644491008304371, -39.378342167295095 ], [ -72.644673512548081, -39.378416055002404 ], [ -72.644836324975842, -39.378513805110245 ], [ -72.644974322912617, -39.378632342104154 ], [ -72.645044277657135, -39.378704363288904 ], [ -72.645114091260098, -39.378764196107454 ], [ -72.645243484806443, -39.378856813076887 ], [ -72.645292952856153, -39.378888477468479 ], [ -72.645552176644046, -39.379036501855495 ], [ -72.645617789290071, -39.37906893802667 ], [ -72.64584516415043, -39.379165342359578 ], [ -72.645898781804618, -39.37918279571138 ], [ -72.645956918935823, -39.379182149967377 ], [ -72.646251651488313, -39.379155223914914 ], [ -72.646336900238381, -39.379142349538199 ], [ -72.646622234122432, -39.379081728598194 ], [ -72.646685607838947, -39.379061645629875 ], [ -72.646740977185289, -39.379030408063883 ], [ -72.647709230256069, -39.378331704101235 ], [ -72.64774064488364, -39.3783072240305 ], [ -72.647838785413782, -39.378224637396684 ], [ -72.648002955398525, -39.378110455324055 ], [ -72.648191985111083, -39.37802242740873 ], [ -72.648368493121609, -39.377957043972557 ], [ -72.648457194052227, -39.377927633891119 ], [ -72.648719575240605, -39.377850478357139 ], [ -72.648763488235019, -39.377833414396335 ] ] ], [ [ [ -72.625000027948005, -39.381312912493897 ], [ -72.624996071160211, -39.381316023491536 ], [ -72.62499607117438, -39.381316023502471 ], [ -72.625000027948005, -39.381312912493897 ] ] ] ] } },
{ "type": "Feature", "properties": { "id": 17, "capa_kml": "Limite_100m_IPT_09_PRC_Lautaro", "nombre_busq": "Limite_100m_IPT_09_PRC_Lautaro", "fid_origen": 1, "crs_origen": "EPSG:4326" }, "geometry": { "type": "MultiPolygon", "coordinates": [ [ [ [ -72.460406542702032, -38.537010858903443 ], [ -72.460354383307646, -38.53701588892126 ], [ -72.449748094686413, -38.538903323109402 ], [ -72.446961248578106, -38.539404183520837 ], [ -72.446948075028729, -38.539406679985255 ], [ -72.44693750407869, -38.539408787379138 ], [ -72.446937472979499, -38.539408794865317 ], [ -72.446626075617047, -38.539470879714891 ], [ -72.446609911224741, -38.539474300610337 ], [ -72.444602068953429, -38.539924001687382 ], [ -72.444383431158172, -38.539955377468303 ], [ -72.444161193589736, -38.539953038635694 ], [ -72.443943704754815, -38.539917073060003 ], [ -72.443739134746153, -38.53984883182089 ], [ -72.443555168297635, -38.539750878446341 ], [ -72.443398716082299, -38.539626892601603 ], [ -72.44327565510261, -38.539481531847997 ], [ -72.443190607927377, -38.539320256667182 ], [ -72.443146769067738, -38.539149125326148 ], [ -72.443145785011311, -38.538974566291103 ], [ -72.443165028501951, -38.538811871144254 ], [ -72.443205574293785, -38.538644096292074 ], [ -72.443285711083121, -38.538485348053982 ], [ -72.443402557696828, -38.538341333453161 ], [ -72.443551913309591, -38.53821722980684 ], [ -72.443728408482059, -38.538117498613246 ], [ -72.443925698196324, -38.538045725173696 ], [ -72.444953433724024, -38.537761250839282 ], [ -72.445001169695871, -38.537743780015418 ], [ -72.445009688587788, -38.537702961128907 ], [ -72.445619169668532, -38.530375563583604 ], [ -72.44561713908476, -38.530330822851404 ], [ -72.445603736688582, -38.530287309108346 ], [ -72.442229658309898, -38.522752109924497 ], [ -72.442224176418691, -38.522739572112052 ], [ -72.441696769389779, -38.521503773075565 ], [ -72.441676814581655, -38.52146804503964 ], [ -72.441631826641085, -38.521451517958837 ], [ -72.440455657350199, -38.521116916842161 ], [ -72.44025310269592, -38.521040932129409 ], [ -72.4400732768692, -38.520935397534295 ], [ -72.439923073297351, -38.52080435868681 ], [ -72.439808249760119, -38.520652838883976 ], [ -72.439733207680959, -38.520486646510982 ], [ -72.439700823429931, -38.520312152369904 ], [ -72.439374304576702, -38.514826508063962 ], [ -72.439366973420746, -38.514786480998112 ], [ -72.439317417078598, -38.514775554397843 ], [ -72.435873177615974, -38.51429032384123 ], [ -72.435631155486689, -38.514234043501752 ], [ -72.43541067659433, -38.514137513731512 ], [ -72.4352224297877, -38.514005414368128 ], [ -72.435075541143433, -38.513844149651547 ], [ -72.433210107148582, -38.511228944254484 ], [ -72.433180117818864, -38.511195294634526 ], [ -72.433132840906737, -38.511212835316115 ], [ -72.431167962385047, -38.512140837176275 ], [ -72.431167959934783, -38.512140838473982 ], [ -72.424787453305512, -38.51515393548604 ], [ -72.424787452075151, -38.515153936133238 ], [ -72.424495474776407, -38.515291803621984 ], [ -72.42449547264529, -38.51529180474332 ], [ -72.421219712808579, -38.51683849186626 ], [ -72.421176265235474, -38.516863913451068 ], [ -72.421168782362031, -38.516906066453956 ], [ -72.421161434703805, -38.517051909225209 ], [ -72.421174383481656, -38.51716623134751 ], [ -72.421212901622283, -38.517303445997776 ], [ -72.421222119089123, -38.517331850623364 ], [ -72.421296750590798, -38.517534086968688 ], [ -72.421304759934486, -38.517554044362669 ], [ -72.421368471401379, -38.51770081460792 ], [ -72.421384999552586, -38.517731288745622 ], [ -72.421407076650752, -38.517759510190885 ], [ -72.421502599691209, -38.517863479776366 ], [ -72.421577234951684, -38.517929809067923 ], [ -72.42170887796216, -38.518025807648378 ], [ -72.421763039538163, -38.51806802549541 ], [ -72.421890298752359, -38.518174052532636 ], [ -72.421939954513348, -38.518210773999925 ], [ -72.422139453037744, -38.518341612792973 ], [ -72.422191166518814, -38.518371818443796 ], [ -72.422307054054983, -38.518431862562849 ], [ -72.422368325326232, -38.518465920933927 ], [ -72.422502238830191, -38.518545651727948 ], [ -72.422700703137608, -38.518696626061747 ], [ -72.422750779315805, -38.518745203380263 ], [ -72.422782262574486, -38.518773273804157 ], [ -72.422941783107873, -38.518904112770485 ], [ -72.422991983577617, -38.518948087444954 ], [ -72.423072607658625, -38.519023551459313 ], [ -72.423200099908968, -38.519170089160788 ], [ -72.423267387333141, -38.519266651392648 ], [ -72.423285144241405, -38.51929038136786 ], [ -72.423547255443452, -38.519617350756896 ], [ -72.423571091490572, -38.519648458118482 ], [ -72.423796380224843, -38.519956350870231 ], [ -72.423847805782728, -38.520015248832344 ], [ -72.423893209926788, -38.520059292173862 ], [ -72.424027595294561, -38.520223170382749 ], [ -72.424102256414173, -38.520340413589295 ], [ -72.424103501714811, -38.5203423750905 ], [ -72.424460619249004, -38.520906592216789 ], [ -72.424481223456226, -38.520936291026018 ], [ -72.424621926390628, -38.521122125174287 ], [ -72.424629146320996, -38.521131797436531 ], [ -72.424825767449747, -38.52139899995084 ], [ -72.42490473232084, -38.521482298596382 ], [ -72.425126197693473, -38.521666791975825 ], [ -72.425277441196556, -38.521824277817238 ], [ -72.425344901007747, -38.521913372557947 ], [ -72.425371025878164, -38.521942353982958 ], [ -72.425402667014225, -38.52196771660936 ], [ -72.425541654140602, -38.522062690040691 ], [ -72.42554165405258, -38.522062690120187 ], [ -72.425541654952312, -38.522062690595355 ], [ -72.42570172783509, -38.522172072164324 ], [ -72.425827431855339, -38.522272575691851 ], [ -72.425932363912452, -38.522370781134782 ], [ -72.425961694167299, -38.522399396623108 ], [ -72.426019945221327, -38.522458663089779 ], [ -72.426118115016692, -38.522576576094679 ], [ -72.426218124179215, -38.522720075882447 ], [ -72.426246470818825, -38.522756528348218 ], [ -72.426275466086707, -38.522790120328288 ], [ -72.426409023873916, -38.522998827459304 ], [ -72.426440934095197, -38.52307065836397 ], [ -72.426516976073358, -38.523185255926059 ], [ -72.426605921098059, -38.523282046245093 ], [ -72.426636787879573, -38.52331737713083 ], [ -72.426695684588381, -38.52338835351366 ], [ -72.426695685627962, -38.523388354648745 ], [ -72.426752316815737, -38.523456600599054 ], [ -72.42679750818283, -38.523515918606101 ], [ -72.426880547518621, -38.523635066686872 ], [ -72.427012057528444, -38.523823759611396 ], [ -72.427069297962802, -38.523890794291134 ], [ -72.427186141679144, -38.524004120283557 ], [ -72.427833575018113, -38.52462025249131 ], [ -72.427869167280321, -38.524651094739902 ], [ -72.428451924624611, -38.52511135302062 ], [ -72.428459557760164, -38.525117269837381 ], [ -72.429030540314685, -38.52555165738967 ], [ -72.429039388645677, -38.525558247092405 ], [ -72.429101900881676, -38.525603820594739 ], [ -72.429255079737089, -38.525740636405189 ], [ -72.429370071629648, -38.525898870652405 ], [ -72.429442170220881, -38.526072047566302 ], [ -72.429468424519882, -38.526253079794323 ], [ -72.429447759702327, -38.526434558446439 ], [ -72.429381021154185, -38.526609056307713 ], [ -72.429270939928784, -38.526769431809562 ], [ -72.424901987384487, -38.531830634689022 ], [ -72.424901984669333, -38.531830638207261 ], [ -72.424629182631421, -38.532146637720565 ], [ -72.424629182089049, -38.532146638410978 ], [ -72.423560561289904, -38.533384441864648 ], [ -72.423560560388452, -38.533384443029604 ], [ -72.422989632909093, -38.534045738763851 ], [ -72.422840885869505, -38.534185268363004 ], [ -72.42265946431597, -38.534298462138793 ], [ -72.422452775576474, -38.534380698390159 ], [ -72.422229258733765, -38.534428619403371 ], [ -72.421998040031909, -38.534440268560147 ], [ -72.421768560212612, -38.53441517023353 ], [ -72.421550189004435, -38.534354349207945 ], [ -72.421351842514113, -38.534260288830737 ], [ -72.420996039034222, -38.534050302428703 ], [ -72.420984693594761, -38.534043776045372 ], [ -72.420129343369922, -38.533564283362018 ], [ -72.420105998882377, -38.533550844220102 ], [ -72.419776600550819, -38.533356145687016 ], [ -72.419650055712722, -38.533299595169012 ], [ -72.419464776905258, -38.533239872237253 ], [ -72.419428322166254, -38.533229241343243 ], [ -72.419307233141865, -38.533197557023854 ], [ -72.419195341027674, -38.53316306289878 ], [ -72.419017830873571, -38.53309971651619 ], [ -72.418884658395527, -38.533066904590576 ], [ -72.418833402417448, -38.533059517237291 ], [ -72.418639002351554, -38.533017334191179 ], [ -72.418472943717475, -38.532968596141927 ], [ -72.418402519954071, -38.532951888562444 ], [ -72.418197276881642, -38.532914301706768 ], [ -72.418140296802562, -38.53290622631021 ], [ -72.417921539801497, -38.53288411826162 ], [ -72.417876450759636, -38.532882398816682 ], [ -72.417831583378089, -38.532886305067599 ], [ -72.417592832787165, -38.532922339934906 ], [ -72.417532894027502, -38.532930099376017 ], [ -72.417376781550487, -38.532946985821923 ], [ -72.417327935954788, -38.532956137355292 ], [ -72.417338903587961, -38.532994628466071 ], [ -72.419195859882876, -38.537433145945762 ], [ -72.419195861020995, -38.537433148280549 ], [ -72.419383759715359, -38.537882232172635 ], [ -72.419406533277211, -38.537922293007277 ], [ -72.419459351560505, -38.537936570503348 ], [ -72.422973822575301, -38.538580036553263 ], [ -72.423137225008389, -38.538620262518215 ], [ -72.423291178905032, -38.538679151252317 ], [ -72.423377517775634, -38.538718695886821 ], [ -72.423526791617803, -38.538778227015051 ], [ -72.42357175882151, -38.538792511971067 ], [ -72.423619164895797, -38.538800579661043 ], [ -72.423809462371807, -38.538819799792506 ], [ -72.423862940985174, -38.538821201941005 ], [ -72.423915802311654, -38.538814685899673 ], [ -72.424613436481039, -38.538674658368933 ], [ -72.424824733417026, -38.538648421881739 ], [ -72.425038558170328, -38.538653465657042 ], [ -72.425247469664967, -38.538689614181536 ], [ -72.425444197782838, -38.538755609498104 ], [ -72.425621896338527, -38.538849154976901 ], [ -72.425774381309481, -38.538966995229067 ], [ -72.425896346034378, -38.539105029384018 ], [ -72.425983545892123, -38.53925845378977 ], [ -72.427802029607051, -38.543476926568694 ], [ -72.427855037907918, -38.543662507765553 ], [ -72.427857242703567, -38.543852693159636 ], [ -72.427808545276065, -38.544039001552576 ], [ -72.427638367952738, -38.544458755604154 ], [ -72.427638367495916, -38.544458756969362 ], [ -72.426515899064498, -38.547227279684741 ], [ -72.426504802675154, -38.547269084933511 ], [ -72.426551353092293, -38.547291157782595 ], [ -72.428291449591995, -38.547935220518994 ], [ -72.428291450273335, -38.547935220740612 ], [ -72.430103237199674, -38.548605778128774 ], [ -72.430103239791023, -38.548605778965999 ], [ -72.437814225131191, -38.551459213973423 ], [ -72.4378142286578, -38.551459215120197 ], [ -72.437962699984794, -38.551514149250067 ], [ -72.438119407979769, -38.551572131137085 ], [ -72.438119415012309, -38.551572133419427 ], [ -72.438288263618887, -38.551634606184336 ], [ -72.438334442821741, -38.551647679534042 ], [ -72.438353918453515, -38.551612294695843 ], [ -72.44027072400111, -38.546971474905128 ], [ -72.440277827748247, -38.546952923951082 ], [ -72.440423526705388, -38.546540466540698 ], [ -72.440425026156092, -38.546536261340748 ], [ -72.440659339263206, -38.545885207650826 ], [ -72.440808390109027, -38.545463288696581 ], [ -72.440882950406845, -38.54524423595543 ], [ -72.440899578760977, -38.545172293483148 ], [ -72.440973317081117, -38.544583737341831 ], [ -72.441020489291873, -38.544402082661655 ], [ -72.441114021375441, -38.544231861717662 ], [ -72.441249949991573, -38.544080286923588 ], [ -72.441422515524749, -38.543953780600688 ], [ -72.441624406146204, -38.543857702877176 ], [ -72.441847067620628, -38.543796124595104 ], [ -72.442448723839291, -38.543682753201388 ], [ -72.445517239361592, -38.543104493400826 ], [ -72.448431379986502, -38.542555243576196 ], [ -72.448482543346202, -38.542541121291812 ], [ -72.44848274649064, -38.542498529958877 ], [ -72.448364018982772, -38.541556639356031 ], [ -72.448364029859533, -38.541379093623966 ], [ -72.44840838687233, -38.541204999246737 ], [ -72.448495366022641, -38.541041121442355 ], [ -72.4486215870987, -38.540893828376213 ], [ -72.448782145063376, -38.540768843710175 ], [ -72.448970800679731, -38.540671024200797 ], [ -72.449180222964046, -38.540604170985773 ], [ -72.449402274045013, -38.540570881889558 ], [ -72.449628325362781, -38.540572450484632 ], [ -72.449849592926228, -38.540608815829025 ], [ -72.450057478607548, -38.540678564832398 ], [ -72.458382404491104, -38.54427085216971 ], [ -72.458427163500815, -38.544286081797473 ], [ -72.458449831322255, -38.544252160501038 ], [ -72.458920586679895, -38.54335216015577 ], [ -72.460360005223833, -38.540600111561744 ], [ -72.460368114527824, -38.540583700998496 ], [ -72.460555803568766, -38.540180694694222 ], [ -72.460567709434386, -38.540152227542677 ], [ -72.460642202540498, -38.539951853592171 ], [ -72.460652903154653, -38.539918339855923 ], [ -72.460708588046472, -38.539710414453374 ], [ -72.460711498222651, -38.539698790934203 ], [ -72.460742797321203, -38.539564470280105 ], [ -72.460751828103341, -38.539498637889366 ], [ -72.460760770650779, -38.539289952467541 ], [ -72.46075929426145, -38.539239169945276 ], [ -72.460669611412456, -38.538352819363467 ], [ -72.46062663270645, -38.537937541416881 ], [ -72.460619004104942, -38.53789234151175 ], [ -72.460421225465979, -38.537050490370106 ], [ -72.460406542702032, -38.537010858903443 ] ] ], [ [ [ -72.464508753439489, -38.639589579793281 ], [ -72.464480876471256, -38.639555413017227 ], [ -72.464259625182876, -38.639336622383148 ], [ -72.464258150308083, -38.639335160801657 ], [ -72.463218768431616, -38.638302935032897 ], [ -72.463175188170794, -38.638268368133041 ], [ -72.46311687419346, -38.638251895262563 ], [ -72.46228542971204, -38.638096189656508 ], [ -72.46213112774565, -38.638084253042578 ], [ -72.462030776286696, -38.63808722625069 ], [ -72.461781117347456, -38.638094622759404 ], [ -72.461657540777935, -38.638108982657727 ], [ -72.461649472370482, -38.638110641861658 ], [ -72.461430175806228, -38.638138320110045 ], [ -72.461208187671204, -38.638132366904372 ], [ -72.460991813810082, -38.63809300499846 ], [ -72.4607891499776, -38.638021707153797 ], [ -72.460607778901249, -38.637921141027952 ], [ -72.460454486549693, -38.637795069351782 ], [ -72.46033500822702, -38.637648209132081 ], [ -72.456515250527033, -38.631765669128079 ], [ -72.456434024375127, -38.631603384447509 ], [ -72.456394181706443, -38.63143186493798 ], [ -72.456397215190592, -38.631257537714852 ], [ -72.456443010851402, -38.631086935056601 ], [ -72.456801709975551, -38.630191540695968 ], [ -72.45681367397296, -38.630143089629051 ], [ -72.456797424822597, -38.630095412396834 ], [ -72.455975663260858, -38.628454748267117 ], [ -72.455953644942511, -38.628420564771538 ], [ -72.455908541019369, -38.628435228875986 ], [ -72.450614008291495, -38.630631151341156 ], [ -72.45061400500542, -38.630631152867728 ], [ -72.450263093318796, -38.630776681979718 ], [ -72.450263093231911, -38.630776682020091 ], [ -72.446212998843052, -38.632456206673439 ], [ -72.446016271982558, -38.63252025298479 ], [ -72.445807848293711, -38.632554695726625 ], [ -72.445594900149075, -38.632558349647255 ], [ -72.445384755631949, -38.63253108901533 ], [ -72.445184646330759, -38.632473851945953 ], [ -72.445116585183811, -38.632442180729797 ], [ -72.445063654528852, -38.632423426304818 ], [ -72.445012143255056, -38.632440124224217 ], [ -72.444302754842511, -38.63273971805922 ], [ -72.444083557561157, -38.632810492736567 ], [ -72.443850503079105, -38.632844454269296 ], [ -72.443613524092299, -38.632840155240935 ], [ -72.443382720569574, -38.632797778887443 ], [ -72.441875303850196, -38.632388351236408 ], [ -72.441824479811444, -38.632378865481535 ], [ -72.441803761563776, -38.632416483739874 ], [ -72.441479011186559, -38.633217125310317 ], [ -72.441467787773362, -38.633259137418683 ], [ -72.441507355945959, -38.63328879000094 ], [ -72.442381483185216, -38.633822153979402 ], [ -72.442381483388999, -38.633822154092044 ], [ -72.442596554442815, -38.633953381233745 ], [ -72.442629037306872, -38.633971809510555 ], [ -72.442764505374257, -38.634043147227509 ], [ -72.442948521280442, -38.634163697331921 ], [ -72.442950432575273, -38.634165242254852 ], [ -72.443062736043004, -38.634271144654029 ], [ -72.443153136632915, -38.634389241198569 ], [ -72.443194625485305, -38.634454239570893 ], [ -72.443313736011916, -38.634640842850949 ], [ -72.443317177457942, -38.634646146506867 ], [ -72.443492559046277, -38.634912066746658 ], [ -72.443527374069944, -38.63495795722833 ], [ -72.443838921728428, -38.635318105042558 ], [ -72.443892364233534, -38.635370887247966 ], [ -72.443966338078738, -38.635433647183298 ], [ -72.44404616779407, -38.635489783012524 ], [ -72.444055473395693, -38.635495185414513 ], [ -72.444190238535825, -38.635553241428781 ], [ -72.444276570853617, -38.635579297922995 ], [ -72.444275562909297, -38.635581352436532 ], [ -72.444415274844133, -38.63562698883046 ], [ -72.444589516012655, -38.635715703016167 ], [ -72.444740528356732, -38.635827587826221 ], [ -72.444866336484395, -38.635939349582706 ], [ -72.444884695687477, -38.635954905070747 ], [ -72.444899604479801, -38.635966955237784 ], [ -72.445058587194339, -38.636128706239646 ], [ -72.445167019075043, -38.636314392993889 ], [ -72.445206084294767, -38.636408147558761 ], [ -72.445250302095928, -38.636554910737111 ], [ -72.445256992778482, -38.636590052712016 ], [ -72.445271729868423, -38.636634678072646 ], [ -72.44530842545025, -38.636670687100633 ], [ -72.445480414813488, -38.636807178710391 ], [ -72.445570107801885, -38.636865192049562 ], [ -72.445875525264796, -38.637024858285777 ], [ -72.446000436072197, -38.637074060427416 ], [ -72.446002402404389, -38.637074611053571 ], [ -72.446090883805553, -38.637102692048735 ], [ -72.446172932658101, -38.637131900054683 ], [ -72.446282568251405, -38.637176657701232 ], [ -72.44638040522679, -38.637222006447352 ], [ -72.446538539319207, -38.637310244067969 ], [ -72.446675470141798, -38.637418107932106 ], [ -72.446679926077181, -38.637422268757902 ], [ -72.446742554777927, -38.637486380104363 ], [ -72.446902036756427, -38.637665759131885 ], [ -72.446946841301013, -38.637720231846821 ], [ -72.447045449846044, -38.637850155950922 ], [ -72.447071629327269, -38.637879130492131 ], [ -72.447103332532564, -38.637904484809418 ], [ -72.447297426818395, -38.638036810308797 ], [ -72.447443494299961, -38.638156602340274 ], [ -72.447559098417216, -38.638295360393663 ], [ -72.447640323414078, -38.638448384670895 ], [ -72.44768441791534, -38.638610492137204 ], [ -72.447690539284679, -38.638650977086627 ], [ -72.447703137440271, -38.638685480240369 ], [ -72.447737968024128, -38.638758200416916 ], [ -72.447767840049323, -38.638803728468076 ], [ -72.447852962507497, -38.638881860307826 ], [ -72.44798404838221, -38.639029956668168 ], [ -72.448074900563057, -38.639195562734464 ], [ -72.448121878403413, -38.639372042840776 ], [ -72.448123099206882, -38.639552325558171 ], [ -72.448105671362157, -38.6396958583464 ], [ -72.448077739793391, -38.639825168186839 ], [ -72.448032910137556, -38.639968412793841 ], [ -72.448025224329868, -38.640008864255925 ], [ -72.448036763782753, -38.640048748440606 ], [ -72.448064776286998, -38.640115966207318 ], [ -72.448076053788853, -38.640144635810515 ], [ -72.448102773724145, -38.6402168092539 ], [ -72.448129330487021, -38.640265663122449 ], [ -72.448169977566934, -38.64030813939258 ], [ -72.448263656188118, -38.640384786367903 ], [ -72.44836191761091, -38.640448988740026 ], [ -72.448444377431173, -38.640491604326023 ], [ -72.448494347711957, -38.6405146771476 ], [ -72.448602524846862, -38.640559012818713 ], [ -72.448655118462426, -38.640577983846022 ], [ -72.448719768761137, -38.640598271582022 ], [ -72.448933203737667, -38.640686677055022 ], [ -72.449045283790895, -38.640745683576313 ], [ -72.449169305609601, -38.64079991382706 ], [ -72.449167823066844, -38.640801999350771 ], [ -72.44928338350249, -38.640853561646793 ], [ -72.449443442402952, -38.640959228686341 ], [ -72.449570056264193, -38.641079870998247 ], [ -72.449570617605104, -38.641080307379596 ], [ -72.449618625959275, -38.641065565917707 ], [ -72.450537076848477, -38.640700246229919 ], [ -72.454313130397551, -38.639198184007803 ], [ -72.45470038880913, -38.63904412810539 ], [ -72.45490821108406, -38.638980510629771 ], [ -72.45512779487477, -38.638949609375928 ], [ -72.455350852931602, -38.638952590589035 ], [ -72.455568966892969, -38.638989341766695 ], [ -72.455773904965326, -38.639058475902694 ], [ -72.455957932566449, -38.639157383826785 ], [ -72.456114104214038, -38.63928233266585 ], [ -72.456195450842984, -38.639379528963957 ], [ -72.456197102628437, -38.639378680671449 ], [ -72.456217452333647, -38.639405817196945 ], [ -72.456236525647739, -38.639428606712904 ], [ -72.456253063887246, -38.639453305486775 ], [ -72.456253064519785, -38.639453306330275 ], [ -72.457513763886297, -38.641336018741605 ], [ -72.457542308773952, -38.641370005807481 ], [ -72.457590186657185, -38.641354310993357 ], [ -72.461270409491817, -38.639796920153934 ], [ -72.461492540651491, -38.639725295618263 ], [ -72.461728808372328, -38.639691473891624 ], [ -72.461968878338226, -38.639696934343412 ], [ -72.462028827567153, -38.639703261018305 ], [ -72.462176697436902, -38.639707787727573 ], [ -72.462352541906739, -38.639723881819592 ], [ -72.4626481972319, -38.639769278147398 ], [ -72.46296580869091, -38.639818043896327 ], [ -72.463097357113114, -38.639826084378065 ], [ -72.46342328496111, -38.639816424375439 ], [ -72.463486465269469, -38.639811797585828 ], [ -72.463810882414194, -38.639773750649304 ], [ -72.463897726074308, -38.63975807323736 ], [ -72.464071982442476, -38.639715191906625 ], [ -72.464124490205037, -38.639703339143928 ], [ -72.464252267073135, -38.639677060325937 ], [ -72.464339713745233, -38.639653002206117 ], [ -72.46446385939862, -38.639609719948481 ], [ -72.464508753439489, -38.639589579793281 ] ] ] ] } },
{ "type": "Feature", "properties": { "id": 18, "capa_kml": "Limite_100m_IPT_09_PRC_Gorbea", "nombre_busq": "Limite_100m_IPT_09_PRC_Gorbea", "fid_origen": 1, "crs_origen": "EPSG:4326" }, "geometry": { "type": "MultiPolygon", "coordinates": [ [ [ [ -72.694713982162284, -39.095054600729988 ], [ -72.694599903829129, -39.095060046898588 ], [ -72.694599646700766, -39.095056776342226 ], [ -72.694454653523181, -39.095063488615402 ], [ -72.694213552342305, -39.095034691851367 ], [ -72.694010127648255, -39.094992894704951 ], [ -72.693953014011143, -39.094983536092116 ], [ -72.693942324100007, -39.094982219879341 ], [ -72.693942315976543, -39.094982219200567 ], [ -72.693847737450682, -39.094970574353177 ], [ -72.693797280197117, -39.09496788840773 ], [ -72.693747002752545, -39.094972167629052 ], [ -72.693718407535471, -39.09497662176328 ], [ -72.693504806875694, -39.094994036925556 ], [ -72.693290759005251, -39.094980356596984 ], [ -72.693083654458988, -39.094936053133239 ], [ -72.692890644005971, -39.094862656226994 ], [ -72.692872136321043, -39.094853872509091 ], [ -72.692823751162976, -39.094846269293484 ], [ -72.692677963862224, -39.09483349524718 ], [ -72.692598698345165, -39.094831292372369 ], [ -72.692402797030482, -39.094812710838568 ], [ -72.692213807990981, -39.094768430096082 ], [ -72.692134479507828, -39.094743914757245 ], [ -72.692057568096047, -39.09472487538401 ], [ -72.691991560789702, -39.094712417110451 ], [ -72.691943024513378, -39.094702381689906 ], [ -72.691934205702964, -39.094700397542539 ], [ -72.691736174083672, -39.09463997250829 ], [ -72.691555702488131, -39.094552295995356 ], [ -72.691533350526143, -39.094539065588584 ], [ -72.691484707458571, -39.094520315812822 ], [ -72.691460349139078, -39.094513079370763 ], [ -72.691404684475643, -39.09450140037832 ], [ -72.691347143179385, -39.094498681524463 ], [ -72.691323878638315, -39.094499419084094 ], [ -72.691278156934587, -39.094503754921142 ], [ -72.691263050888153, -39.094507165034237 ], [ -72.691227073413884, -39.094521497463212 ], [ -72.691164657146331, -39.094561880456659 ], [ -72.691020895557756, -39.094670719995896 ], [ -72.690922968174164, -39.094726202614822 ], [ -72.69087464703378, -39.094760901559305 ], [ -72.690837849118068, -39.094803323541555 ], [ -72.690831045731954, -39.094813544647479 ], [ -72.690807987708496, -39.094860645810179 ], [ -72.690804331081239, -39.094881415518451 ], [ -72.69080406864289, -39.094995683906554 ], [ -72.690763525577978, -39.095160954898233 ], [ -72.690684240635591, -39.095317465355954 ], [ -72.690568980757803, -39.095459752792394 ], [ -72.690421768543445, -39.095582851099657 ], [ -72.690247741869968, -39.095682463886632 ], [ -72.690138678355922, -39.095733407272938 ], [ -72.690084106306045, -39.095764284682026 ], [ -72.689924298852105, -39.095869359279533 ], [ -72.689714621572747, -39.095957438027568 ], [ -72.689486226346034, -39.096010152799522 ], [ -72.689248813830957, -39.096025264639515 ], [ -72.689202481568884, -39.096020729799577 ], [ -72.689202420767629, -39.096021696604794 ], [ -72.689047563833185, -39.096015782963612 ], [ -72.68896810340901, -39.096018300545182 ], [ -72.688865394289252, -39.096028809936747 ], [ -72.688737519205404, -39.096051143681976 ], [ -72.688694537947896, -39.0960579856309 ], [ -72.688524571124944, -39.09608243288254 ], [ -72.68846397397526, -39.096096732580662 ], [ -72.688408937280741, -39.096121123300755 ], [ -72.688349371479831, -39.096154868570608 ], [ -72.688305373320944, -39.096185713892922 ], [ -72.688252608848572, -39.096242087543878 ], [ -72.688094852623479, -39.096378791905302 ], [ -72.687904759624885, -39.096487686579138 ], [ -72.687690250268744, -39.096564234297844 ], [ -72.687460262415229, -39.096605245573272 ], [ -72.687224378928079, -39.096609011604251 ], [ -72.686992428345448, -39.096575375483091 ], [ -72.686774075309586, -39.096505738732141 ], [ -72.686578417830162, -39.096403002898867 ], [ -72.686514270290843, -39.096361309362095 ], [ -72.686431204285157, -39.096315056547859 ], [ -72.686377293539209, -39.096291543712923 ], [ -72.686315662338856, -39.096288197348876 ], [ -72.686194985872831, -39.096292017944215 ], [ -72.686142788547954, -39.096297488966457 ], [ -72.686096723602262, -39.096317384359971 ], [ -72.686071715694979, -39.096330693508428 ], [ -72.685871153953855, -39.096416107301494 ], [ -72.685652944232288, -39.096469097874945 ], [ -72.685425619327134, -39.096487593107625 ], [ -72.685198068507816, -39.096470869775594 ], [ -72.684979189873715, -39.096419581834603 ], [ -72.684777542367002, -39.096335734843478 ], [ -72.684601011055491, -39.096222607529825 ], [ -72.684456498780833, -39.096084623566469 ], [ -72.684081783954753, -39.095644200504026 ], [ -72.68405835503161, -39.095615500607288 ], [ -72.683981343367563, -39.095517108303163 ], [ -72.68387956901968, -39.095350931633831 ], [ -72.683823290167581, -39.095172099138352 ], [ -72.683814858618732, -39.094988085073815 ], [ -72.683854626394691, -39.094806580200895 ], [ -72.683884414991525, -39.094747417136951 ], [ -72.683904591777591, -39.094690505650803 ], [ -72.683908283923813, -39.09464474845155 ], [ -72.683900203129198, -39.094489656320555 ], [ -72.683898014052573, -39.094464729707283 ], [ -72.683870922173597, -39.094245671288498 ], [ -72.683866543176208, -39.094195807895218 ], [ -72.683862383411579, -39.09411596872566 ], [ -72.6838521426711, -39.094065390744525 ], [ -72.683829385157594, -39.094022040190197 ], [ -72.683794455013071, -39.093983923531646 ], [ -72.683745004770046, -39.093950205357118 ], [ -72.683573713887895, -39.093858312387198 ], [ -72.683576238044296, -39.093855455210551 ], [ -72.683480040169499, -39.093803493503898 ], [ -72.683329110990215, -39.093684229459114 ], [ -72.683251444328278, -39.093610193425697 ], [ -72.683154000702828, -39.093532412179641 ], [ -72.683075058097913, -39.093480578887473 ], [ -72.682883878575936, -39.093320287353407 ], [ -72.682831939523808, -39.093264430628352 ], [ -72.682788412484499, -39.093225388458698 ], [ -72.682791795766363, -39.093223097902701 ], [ -72.682696727042526, -39.093136971942378 ], [ -72.682580102446821, -39.092970299963852 ], [ -72.682532999670173, -39.092846411158661 ], [ -72.682528676946305, -39.092847317733074 ], [ -72.682504620663451, -39.092777660605847 ], [ -72.682485681591984, -39.092744943609539 ], [ -72.682451855718867, -39.092697171516839 ], [ -72.682426041972562, -39.092666885178907 ], [ -72.682389074918973, -39.092644703199213 ], [ -72.682346809109333, -39.092623400681482 ], [ -72.682150537099901, -39.092498735270325 ], [ -72.681993812517462, -39.092343754502267 ], [ -72.681943604436327, -39.092262318526025 ], [ -72.681905184369995, -39.092211973240047 ], [ -72.681867386773064, -39.092179381743058 ], [ -72.681723098201559, -39.092024685306612 ], [ -72.681623975136134, -39.091849735823736 ], [ -72.681574486305749, -39.091662421100672 ], [ -72.681576862555858, -39.091471186379614 ], [ -72.68158550698034, -39.091413398798487 ], [ -72.681587043496009, -39.091375918501768 ], [ -72.681580505490274, -39.091338766823604 ], [ -72.681552545234993, -39.091241512534239 ], [ -72.681537406661661, -39.091198823503895 ], [ -72.68151716365378, -39.091151036104954 ], [ -72.681486573917766, -39.091092846075853 ], [ -72.681452641208438, -39.091039307744403 ], [ -72.681419494746848, -39.090998878399404 ], [ -72.681367437960162, -39.090973265291034 ], [ -72.681237242416728, -39.090923828653587 ], [ -72.681121546431442, -39.090891368693178 ], [ -72.680929184724803, -39.090821237945569 ], [ -72.680756537275485, -39.09072486172542 ], [ -72.680609433549151, -39.090605494247562 ], [ -72.680492840437154, -39.090467166022137 ], [ -72.680410694553814, -39.090314547751888 ], [ -72.680384679228098, -39.090250185838777 ], [ -72.680299300400804, -39.09015088732432 ], [ -72.680292800556884, -39.090145286894142 ], [ -72.680153927759804, -39.089997978577003 ], [ -72.680056079582315, -39.089831853248448 ], [ -72.680003285940444, -39.089653753363592 ], [ -72.67999772096293, -39.089471014537281 ], [ -72.68002568043859, -39.08935098029152 ], [ -72.680032224155724, -39.089274658433347 ], [ -72.680031107697118, -39.089253203903908 ], [ -72.680015853901537, -39.089168375623956 ], [ -72.680003553728127, -39.089138993162194 ], [ -72.679983455168482, -39.089108173699721 ], [ -72.679936416025456, -39.089048062963293 ], [ -72.679905057613041, -39.089015267065825 ], [ -72.679860573779465, -39.088993564782044 ], [ -72.679807641488821, -39.088972788515932 ], [ -72.679665643199726, -39.088934201630096 ], [ -72.679610729834877, -39.08892532814545 ], [ -72.679573159355286, -39.088918746498351 ], [ -72.679537592156123, -39.088912028773052 ], [ -72.679389851965595, -39.088875802459754 ], [ -72.679166998541362, -39.088808062940842 ], [ -72.679160747656198, -39.088806146557069 ], [ -72.679052246207519, -39.088772598248639 ], [ -72.678994970225801, -39.088760093367 ], [ -72.678935610993207, -39.088757127002722 ], [ -72.678874709665095, -39.088759051168495 ], [ -72.678691706391774, -39.088780248266211 ], [ -72.678691259962278, -39.088777907427499 ], [ -72.678589185801499, -39.088791050998552 ], [ -72.678379563052985, -39.088788124544813 ], [ -72.67817406809742, -39.088755732597072 ], [ -72.677979463780204, -39.088694941184343 ], [ -72.677850382811357, -39.088643580722909 ], [ -72.677827196655883, -39.088636688713031 ], [ -72.677777677622004, -39.088625860425644 ], [ -72.67767414171351, -39.088633122958456 ], [ -72.677673680077362, -39.088629125900958 ], [ -72.677502416815955, -39.088645880234104 ], [ -72.677465613095166, -39.088645258496626 ], [ -72.677249681155786, -39.08862567310144 ], [ -72.677042275725071, -39.088574920567524 ], [ -72.676850735351138, -39.088494796666978 ], [ -72.676681837171998, -39.088388136402081 ], [ -72.676541557109232, -39.088258713684816 ], [ -72.676440424951551, -39.088145276545411 ], [ -72.676423407028622, -39.088125641748292 ], [ -72.676349952810099, -39.088038440894451 ], [ -72.676309906430788, -39.088000845239051 ], [ -72.676252922697245, -39.08798046671096 ], [ -72.675912626249286, -39.08789308608948 ], [ -72.67582492404874, -39.087867451270895 ], [ -72.675582208403299, -39.087787620479254 ], [ -72.675517976815996, -39.087769895490936 ], [ -72.675289694393214, -39.087718492407184 ], [ -72.675140506771399, -39.087700947093147 ], [ -72.675001759588724, -39.087698970296245 ], [ -72.674808789833335, -39.087683530921225 ], [ -72.674736578609824, -39.087672921790805 ], [ -72.674512418440827, -39.087621238837649 ], [ -72.674306189569236, -39.087535458058554 ], [ -72.674126329764235, -39.087419089181346 ], [ -72.674104728441463, -39.087401955799933 ], [ -72.673955441817014, -39.087301878419211 ], [ -72.673816160643227, -39.087163374717264 ], [ -72.673755893368451, -39.087070690335928 ], [ -72.673703233650073, -39.087002643911454 ], [ -72.67366159351252, -39.086957991270886 ], [ -72.673647350225238, -39.086943354864701 ], [ -72.673606308420787, -39.086902920532246 ], [ -72.67354952152391, -39.086846972860677 ], [ -72.673435208177239, -39.086761697394536 ], [ -72.673282136148373, -39.086675534646929 ], [ -72.67324017867783, -39.086656562485558 ], [ -72.673235289334102, -39.086694174580551 ], [ -72.673234929918806, -39.086930062561784 ], [ -72.673223720434294, -39.087054138397413 ], [ -72.673184098409763, -39.087274218421321 ], [ -72.673168237906921, -39.087342872828515 ], [ -72.673121474321732, -39.087508278313372 ], [ -72.673063436754546, -39.087653712391919 ], [ -72.672861327644654, -39.08804110400969 ], [ -72.672837391565892, -39.088083785205001 ], [ -72.672403169465326, -39.088806522880951 ], [ -72.672345492723039, -39.088890617853544 ], [ -72.671778282804354, -39.08962168511723 ], [ -72.671658491691858, -39.089749265612227 ], [ -72.671511921612804, -39.089858558072692 ], [ -72.671350078641112, -39.089959608320726 ], [ -72.671319656362584, -39.089979994426415 ], [ -72.67067264001976, -39.090444971299711 ], [ -72.670576803160941, -39.0905067491559 ], [ -72.669247220825014, -39.091273778140518 ], [ -72.669227599988645, -39.091285613579544 ], [ -72.667714748871106, -39.092239326318129 ], [ -72.667703751960175, -39.092246435748649 ], [ -72.666654537297035, -39.092941978088547 ], [ -72.66663548517073, -39.092955183419264 ], [ -72.666328510016371, -39.093177596728125 ], [ -72.666233372539253, -39.09326708747512 ], [ -72.665912186054825, -39.093664621671579 ], [ -72.665874337270836, -39.093708549947046 ], [ -72.665569034458741, -39.094041333630969 ], [ -72.665503744969499, -39.094133859310432 ], [ -72.665143626253823, -39.094826718501366 ], [ -72.665119227600897, -39.094884677064648 ], [ -72.665039899041588, -39.095127653414693 ], [ -72.664911493200378, -39.095520942398238 ], [ -72.664903928647448, -39.095547427258424 ], [ -72.664810224379082, -39.095929444630194 ], [ -72.664805199340194, -39.0959664811121 ], [ -72.664808147282244, -39.096003653102791 ], [ -72.664849049245134, -39.096221544018626 ], [ -72.664854019650903, -39.096251527831143 ], [ -72.664872794335082, -39.096381983370911 ], [ -72.664888408803066, -39.096433538643034 ], [ -72.664919312975812, -39.096480719842305 ], [ -72.665184216574687, -39.096787668849288 ], [ -72.665202282461806, -39.096807430541254 ], [ -72.665336112329811, -39.096945776852422 ], [ -72.665405642338186, -39.097005610639428 ], [ -72.665515454400065, -39.097084534294197 ], [ -72.665690934719294, -39.09724397330622 ], [ -72.665728295909744, -39.097287263230548 ], [ -72.665805582644708, -39.097391160538628 ], [ -72.665806905171337, -39.097393247884739 ], [ -72.66587959365576, -39.097538424864013 ], [ -72.665896873917404, -39.097584322542922 ], [ -72.665926377736213, -39.097682887260561 ], [ -72.665982804857805, -39.097934599179993 ], [ -72.666035224682247, -39.098168433617801 ], [ -72.666050435406788, -39.09837677954728 ], [ -72.666039936062319, -39.098514621714145 ], [ -72.666027748675504, -39.098602091598096 ], [ -72.665996928422501, -39.098753788401829 ], [ -72.665935203811912, -39.098934035670382 ], [ -72.665913255065249, -39.098978858427934 ], [ -72.665829108258166, -39.099115099264239 ], [ -72.665661796702338, -39.099336293165521 ], [ -72.66566179251825, -39.099336299393165 ], [ -72.665600885347217, -39.099416821945731 ], [ -72.665570066723987, -39.099457565236598 ], [ -72.665515073810099, -39.099555226974061 ], [ -72.665427641550494, -39.099779946881441 ], [ -72.665403166497725, -39.099896167544969 ], [ -72.665390757931135, -39.100208694335834 ], [ -72.665393240587051, -39.100266530908982 ], [ -72.665400877629978, -39.100327184626117 ], [ -72.665416636862219, -39.100452361983805 ], [ -72.665416637942798, -39.100452367718674 ], [ -72.66554476439002, -39.10147001434779 ], [ -72.665546736415266, -39.101483562617503 ], [ -72.66608379971089, -39.104733003550699 ], [ -72.666083800072599, -39.104733005142037 ], [ -72.666107618920563, -39.104877111073193 ], [ -72.666107619259904, -39.104877112537622 ], [ -72.666342473189786, -39.106297946301495 ], [ -72.666342473571149, -39.106297947952555 ], [ -72.666398084700759, -39.106634375904775 ], [ -72.666403632754168, -39.106675299272119 ], [ -72.666576281440712, -39.108304227761977 ], [ -72.666586476808831, -39.108346455007649 ], [ -72.666700366782237, -39.108359171236607 ], [ -72.666699727838875, -39.108362644848903 ], [ -72.666815042083385, -39.10837499187982 ], [ -72.667028417538077, -39.108432329824964 ], [ -72.667223425948762, -39.108520877483734 ], [ -72.66739263354539, -39.108637259442737 ], [ -72.66752958999038, -39.108777039228428 ], [ -72.667629074267879, -39.108934888411142 ], [ -72.667687293728804, -39.109104789712454 ], [ -72.667702028701839, -39.109280266376025 ], [ -72.667670521504746, -39.110036435051498 ], [ -72.667670521527256, -39.11003643598638 ], [ -72.667659414576661, -39.110303002941876 ], [ -72.667662845057905, -39.110343464332885 ], [ -72.667714473101171, -39.110348605261194 ], [ -72.667757605528678, -39.110349570439084 ], [ -72.667757615522419, -39.110349570260638 ], [ -72.671441117345609, -39.110431912109881 ], [ -72.671673377625225, -39.110455596050244 ], [ -72.671894742678447, -39.11051526854628 ], [ -72.672096124752002, -39.110608479868873 ], [ -72.67226925636885, -39.110731403402475 ], [ -72.67240702971911, -39.110878992724132 ], [ -72.672503788464454, -39.111045188759121 ], [ -72.672555559976303, -39.111223168512211 ], [ -72.672594866918502, -39.111474233165637 ], [ -72.672611251439676, -39.111538940819585 ], [ -72.672997306558017, -39.112633494657224 ], [ -72.673027073994533, -39.112698111832479 ], [ -72.673267660728015, -39.113116712167745 ], [ -72.673294605414227, -39.11315320788399 ], [ -72.673347932673522, -39.11314638018878 ], [ -72.673592075055907, -39.113094994407412 ], [ -72.673592075676737, -39.113094994349524 ], [ -72.673592075653204, -39.113094994281703 ], [ -72.681558449805195, -39.111417952872898 ], [ -72.681558449807085, -39.111417952878334 ], [ -72.681558451354846, -39.111417952546624 ], [ -72.681862609736328, -39.111353910485036 ], [ -72.681862612498804, -39.111353909793941 ], [ -72.682189538469416, -39.111285072315937 ], [ -72.682237348224092, -39.111271125479639 ], [ -72.682241466587456, -39.111231482268614 ], [ -72.68223370972251, -39.11078568267525 ], [ -72.682223027060516, -39.110705472885002 ], [ -72.682149002404302, -39.110410732160517 ], [ -72.68213707596945, -39.11037728577508 ], [ -72.682118644699173, -39.110345681950591 ], [ -72.681980259376516, -39.110150295013625 ], [ -72.681946056298699, -39.110098051137321 ], [ -72.68164427841208, -39.109597464321901 ], [ -72.681636740150296, -39.109585428273775 ], [ -72.681266374954021, -39.109015730082213 ], [ -72.681192549451566, -39.108873117209875 ], [ -72.68112407062435, -39.108699344739293 ], [ -72.681108977272132, -39.108657464528676 ], [ -72.680970265709846, -39.108233487840671 ], [ -72.680957310566555, -39.108189265427839 ], [ -72.680819599713899, -39.107657833739744 ], [ -72.680797094603918, -39.10750200738029 ], [ -72.680809619825737, -39.107345501576035 ], [ -72.680851158076081, -39.107130544122235 ], [ -72.680852000957387, -39.107126026860726 ], [ -72.680911133955718, -39.106797423533834 ], [ -72.680951241817056, -39.106657134936817 ], [ -72.681019480604775, -39.106523603219365 ], [ -72.681270297645924, -39.106127971137823 ], [ -72.68145686814772, -39.105916318705916 ], [ -72.681745655941015, -39.10567227829177 ], [ -72.681750982311286, -39.105667714894821 ], [ -72.68237468885242, -39.105125936644626 ], [ -72.682385978367648, -39.105115831509167 ], [ -72.683334408168207, -39.104240939648065 ], [ -72.683352099737277, -39.104223786175154 ], [ -72.684179627503923, -39.103379987909754 ], [ -72.684212738588002, -39.103342425609746 ], [ -72.684256374291706, -39.103287118318278 ], [ -72.68481019663308, -39.102585158072223 ], [ -72.68488380569012, -39.102491859139775 ], [ -72.684908745972123, -39.102455172148517 ], [ -72.684949047376037, -39.102350852757716 ], [ -72.685051849915439, -39.101859881714113 ], [ -72.68505741752135, -39.101835419354671 ], [ -72.685096849485291, -39.101675062922624 ], [ -72.685164173683219, -39.101499904503143 ], [ -72.685275510503914, -39.101338949680432 ], [ -72.685426271288094, -39.101198831686673 ], [ -72.685610242753526, -39.101085324998941 ], [ -72.685819843068103, -39.10100310738116 ], [ -72.686046434300536, -39.100955567123378 ], [ -72.686280678374274, -39.100944663419064 ], [ -72.686512921860867, -39.100970845631608 ], [ -72.686733593763236, -39.101033034775988 ], [ -72.686933599904492, -39.101128667978152 ], [ -72.687104697677938, -39.101253804081729 ], [ -72.687307247457071, -39.101435440656587 ], [ -72.687414194440422, -39.101547932830854 ], [ -72.687499255057674, -39.101653699961517 ], [ -72.687526035061751, -39.10168182937268 ], [ -72.687558127687154, -39.101706352366698 ], [ -72.687693624433635, -39.101794772045025 ], [ -72.687734213032698, -39.101816870995279 ], [ -72.687782055568888, -39.101826816626001 ], [ -72.688502550300726, -39.101925165571068 ], [ -72.688663326424731, -39.101929314716777 ], [ -72.688805343533389, -39.101917405938266 ], [ -72.688906141367383, -39.101901778286873 ], [ -72.688998122084101, -39.101880732718612 ], [ -72.689141502709234, -39.10183047942359 ], [ -72.68929794183714, -39.10175409414412 ], [ -72.689349655913688, -39.101725653766621 ], [ -72.689456602359584, -39.1016597100854 ], [ -72.689567652576756, -39.101568830217154 ], [ -72.689750403665357, -39.101369536827242 ], [ -72.689777214429512, -39.101341468130315 ], [ -72.689988500867798, -39.101129011548061 ], [ -72.690106302689443, -39.1010275269483 ], [ -72.690112249215389, -39.101023127638221 ], [ -72.690265813227512, -39.100927481780047 ], [ -72.690460969198455, -39.100825842403282 ], [ -72.690501918356816, -39.100799958165616 ], [ -72.690536070106631, -39.100768654342239 ], [ -72.690567857248752, -39.100733381052471 ], [ -72.690753443949419, -39.100572610138293 ], [ -72.690926896833105, -39.100480618917139 ], [ -72.69092435960826, -39.100477415808889 ], [ -72.691035875207021, -39.100423785350934 ], [ -72.691126160652061, -39.100372635923598 ], [ -72.691158652510779, -39.100351184084985 ], [ -72.691165263585745, -39.100345302809735 ], [ -72.691329719427699, -39.100225024977583 ], [ -72.691521020654875, -39.100131921671597 ], [ -72.69158520277, -39.100107107147593 ], [ -72.691658969471717, -39.100041241055237 ], [ -72.691659822347333, -39.100041820986853 ], [ -72.691688714506228, -39.100011134240326 ], [ -72.691755435855043, -39.099954734550423 ], [ -72.691847150619978, -39.099885335487947 ], [ -72.691849993783379, -39.099883410352369 ], [ -72.691884140037857, -39.099855948327495 ], [ -72.6919117662448, -39.099824346152552 ], [ -72.692329619196542, -39.099245214558501 ], [ -72.692436830008049, -39.099121785053036 ], [ -72.6925686950932, -39.099013821833417 ], [ -72.693541540603206, -39.098339096985185 ], [ -72.693560272390528, -39.098325514227668 ], [ -72.694025926838947, -39.097972547870128 ], [ -72.694093059521791, -39.097911659689451 ], [ -72.694275213155166, -39.097712988030956 ], [ -72.694301401957532, -39.097678048257038 ], [ -72.694309761570665, -39.097638113349852 ], [ -72.69431684446171, -39.097559352273556 ], [ -72.694318708645142, -39.097541243649687 ], [ -72.694365541431111, -39.097137445164456 ], [ -72.694444809172467, -39.096881509924792 ], [ -72.69460493169133, -39.096572261672158 ], [ -72.694621570036901, -39.096535648869157 ], [ -72.69481473098385, -39.096044156313006 ], [ -72.694830920672715, -39.095992056755307 ], [ -72.694845641053021, -39.095928284661305 ], [ -72.694850159772145, -39.09588884051653 ], [ -72.694845651207345, -39.095849395666093 ], [ -72.694770443765123, -39.095523202005481 ], [ -72.694755394142504, -39.095430541541319 ], [ -72.69472357515609, -39.095096180109557 ], [ -72.694713982162284, -39.095054600729988 ] ] ] ] } },
{ "type": "Feature", "properties": { "id": 19, "capa_kml": "Limite_100m_IPT_09_PRC_Freire", "nombre_busq": "Limite_100m_IPT_09_PRC_Freire", "fid_origen": 1, "crs_origen": "EPSG:4326" }, "geometry": { "type": "MultiPolygon", "coordinates": [ [ [ [ -72.617736390214503, -38.871735605588889 ], [ -72.617739634887386, -38.871696735437141 ], [ -72.617708155927772, -38.870830208992167 ], [ -72.617525603968673, -38.865804153445296 ], [ -72.617462254701906, -38.864059666685783 ], [ -72.617357726435301, -38.861180806168193 ], [ -72.617357396630752, -38.861168990004579 ], [ -72.617299335546178, -38.858194062119573 ], [ -72.617286785803699, -38.857550988088846 ], [ -72.617289433809916, -38.857474686231555 ], [ -72.617582218736999, -38.854186576470909 ], [ -72.617670328461358, -38.853197034440363 ], [ -72.617668605311962, -38.853155415479421 ], [ -72.617615686912103, -38.853150753541037 ], [ -72.616952619733127, -38.853145402230368 ], [ -72.616871945560405, -38.853149190725752 ], [ -72.615250591765175, -38.853315305808799 ], [ -72.615238214697143, -38.853316520538279 ], [ -72.614317238538703, -38.853402946366337 ], [ -72.614275551768188, -38.853406257931361 ], [ -72.612586578779215, -38.853516187704969 ], [ -72.612513363890969, -38.853524688310685 ], [ -72.611821642932838, -38.853640975782881 ], [ -72.611536700414732, -38.853660473205437 ], [ -72.610743640708506, -38.853637393316248 ], [ -72.610634168305083, -38.853630106985761 ], [ -72.609871519967072, -38.853550547116079 ], [ -72.609745309517322, -38.85353172732691 ], [ -72.609016382499192, -38.853389679245922 ], [ -72.608763436151378, -38.853314796281353 ], [ -72.608108715474444, -38.853048524949841 ], [ -72.608027868790245, -38.853012323919977 ], [ -72.607337450786318, -38.852673464493662 ], [ -72.607312837099386, -38.852661039912384 ], [ -72.606644417123391, -38.85231413325846 ], [ -72.606597938733174, -38.852288699873199 ], [ -72.605845200857814, -38.851854811591032 ], [ -72.605826796010831, -38.85184397888866 ], [ -72.605181495127653, -38.851456199656127 ], [ -72.605067958005577, -38.851403018842674 ], [ -72.604274325762077, -38.851122786076232 ], [ -72.604114364880331, -38.851087030750648 ], [ -72.603361644427608, -38.851008459596507 ], [ -72.603316884110541, -38.851006561172326 ], [ -72.603272294915129, -38.851010160212425 ], [ -72.602565790752521, -38.851111476183043 ], [ -72.602523594056308, -38.851120175387862 ], [ -72.602483582461687, -38.851133795809837 ], [ -72.601640047709878, -38.851483077017988 ], [ -72.60159313692651, -38.851507433434001 ], [ -72.601553282379371, -38.851538539583828 ], [ -72.601035405587879, -38.852032023222748 ], [ -72.600985800725653, -38.852087279561609 ], [ -72.600565813529911, -38.852638993519136 ], [ -72.600546538526189, -38.852669331942849 ], [ -72.600533347424076, -38.852701599442952 ], [ -72.600322343274073, -38.853395144367298 ], [ -72.600310802773407, -38.853445774497501 ], [ -72.600206904238775, -38.854124077070367 ], [ -72.600204638616006, -38.854213144965428 ], [ -72.600269226917533, -38.85484762333229 ], [ -72.600304399151028, -38.854970425573477 ], [ -72.600545297670351, -38.855469030417837 ], [ -72.600621019926791, -38.855577528559529 ], [ -72.601175721326285, -38.856162653998304 ], [ -72.601178597673155, -38.856165701447821 ], [ -72.602170184292831, -38.857220890877677 ], [ -72.602196655463231, -38.857250270323206 ], [ -72.602680665026554, -38.857810881383216 ], [ -72.602735095167191, -38.857880536197449 ], [ -72.603073560292273, -38.858361372264213 ], [ -72.603152304624217, -38.858499601290127 ], [ -72.603350516455549, -38.858944885060993 ], [ -72.60340154986423, -38.859106130747023 ], [ -72.603413843161235, -38.859271961776322 ], [ -72.603388629311837, -38.859844008368199 ], [ -72.603370870528693, -38.859973506424197 ], [ -72.603285909229569, -38.8603402668816 ], [ -72.603202270888389, -38.860550422980701 ], [ -72.602977913063313, -38.860938878512947 ], [ -72.602853749512718, -38.861104252873226 ], [ -72.602687621725693, -38.861245327560653 ], [ -72.602248257639971, -38.861546616329377 ], [ -72.602093254505036, -38.861636143730607 ], [ -72.601921331407013, -38.861704215989803 ], [ -72.601184264497689, -38.861937752603296 ], [ -72.601143929579848, -38.861949849037963 ], [ -72.600484673839262, -38.862136547900363 ], [ -72.600182002607454, -38.862187656061906 ], [ -72.599350987005423, -38.862238369127233 ], [ -72.598432836413778, -38.862295501171502 ], [ -72.598368621008333, -38.862302358936709 ], [ -72.597470083199198, -38.862438983277229 ], [ -72.597422396726103, -38.862449920015528 ], [ -72.597423400833165, -38.862488766111859 ], [ -72.59755088386467, -38.863363387666936 ], [ -72.597550884392007, -38.86336339019492 ], [ -72.597890792441888, -38.865695250157287 ], [ -72.597890793720325, -38.865695256242994 ], [ -72.598984763054517, -38.873198859128813 ], [ -72.598995543311247, -38.873238212528371 ], [ -72.599047026358903, -38.873238024975961 ], [ -72.609190985578195, -38.872424924928858 ], [ -72.60919098658934, -38.872424924898802 ], [ -72.609190986582703, -38.872424924848296 ], [ -72.611524005886366, -38.872237792851095 ], [ -72.611524005944332, -38.872237792844217 ], [ -72.615797974261767, -38.871894852632735 ], [ -72.617687514338314, -38.871743187069299 ], [ -72.617736390214503, -38.871735605588889 ] ] ] ] } },
{ "type": "Feature", "properties": { "id": 20, "capa_kml": "Limite_100m_IPT_09_PRC_Curacautin", "nombre_busq": "Limite_100m_IPT_09_PRC_Curacautin", "fid_origen": 1, "crs_origen": "EPSG:4326" }, "geometry": { "type": "MultiPolygon", "coordinates": [ [ [ [ -71.882202052919538, -38.448498395778593 ], [ -71.882207310288393, -38.448497116494799 ], [ -71.882202052919482, -38.448498395778444 ], [ -71.882202052919538, -38.448498395778593 ] ] ], [ [ [ -71.90559078701969, -38.436271385219577 ], [ -71.905583704804926, -38.436251930617125 ], [ -71.905075393224877, -38.434793870492385 ], [ -71.905071210134764, -38.434782463209274 ], [ -71.904929108285472, -38.43441329939251 ], [ -71.904914468682435, -38.434371696791345 ], [ -71.904828581306091, -38.434102702359425 ], [ -71.904828580444828, -38.434102700112803 ], [ -71.904585703007768, -38.433342016767277 ], [ -71.904580412596545, -38.433326608613662 ], [ -71.903682646171134, -38.430884606296964 ], [ -71.903630831037901, -38.430787864866907 ], [ -71.903591662878043, -38.430733549822939 ], [ -71.903575093865967, -38.430712001025796 ], [ -71.903440367364496, -38.430547364597899 ], [ -71.903441629271867, -38.430546725653052 ], [ -71.903345489671068, -38.430425080020619 ], [ -71.903264081978989, -38.43024763228069 ], [ -71.903231459262187, -38.430060737206794 ], [ -71.903231303910786, -38.430056860552028 ], [ -71.903225212501141, -38.430017689556315 ], [ -71.903194335986399, -38.429986585972166 ], [ -71.903095264275478, -38.42990346320245 ], [ -71.903054438693445, -38.42987526999574 ], [ -71.903003077210215, -38.42986134604196 ], [ -71.902861810942596, -38.429834770779244 ], [ -71.902846092347076, -38.429833112718029 ], [ -71.902759279955632, -38.429821264349272 ], [ -71.902746793751206, -38.429819167941695 ], [ -71.902557124623428, -38.429803053296823 ], [ -71.902300009440282, -38.429757188927404 ], [ -71.901739347676781, -38.429601972129603 ], [ -71.901673586109041, -38.429590498518209 ], [ -71.901606242666745, -38.429591664921027 ], [ -71.901447129085028, -38.429609578166776 ], [ -71.901403910459294, -38.429617187622206 ], [ -71.901362721147777, -38.429629989633462 ], [ -71.901150994300949, -38.429711334486463 ], [ -71.901107972110623, -38.429731842067085 ], [ -71.90108460074336, -38.429766882699504 ], [ -71.901028407403089, -38.429873594155161 ], [ -71.901012016983444, -38.42991681986495 ], [ -71.901017010823978, -38.429948993961816 ], [ -71.901049894128946, -38.430062041147323 ], [ -71.901054677556388, -38.430245805311216 ], [ -71.901011926955903, -38.43042650560237 ], [ -71.900923422999682, -38.430596613920748 ], [ -71.900792852539567, -38.43074904338269 ], [ -71.900524439845697, -38.431002186550472 ], [ -71.900455352498938, -38.431084166136877 ], [ -71.900166272964739, -38.431525653145023 ], [ -71.900109702696966, -38.431636751390286 ], [ -71.900100116237951, -38.431662068755926 ], [ -71.899995819942646, -38.431817689306477 ], [ -71.899855048456203, -38.431954390139595 ], [ -71.89968317409766, -38.432066954091717 ], [ -71.899486756316847, -38.432151085153087 ], [ -71.899265940979674, -38.432224685017445 ], [ -71.899079003809035, -38.432272571445573 ], [ -71.898637051857648, -38.432353549561533 ], [ -71.898452043096896, -38.432375109549177 ], [ -71.898265040244297, -38.432372687258336 ], [ -71.897944835450758, -38.432347863142255 ], [ -71.897894925750904, -38.432347528180891 ], [ -71.897851855300615, -38.432367366532354 ], [ -71.896681394027553, -38.433023871608974 ], [ -71.896502858963558, -38.433105964594056 ], [ -71.896308460738027, -38.433161454638878 ], [ -71.896104542663181, -38.43318853105793 ], [ -71.895897758727642, -38.433186310318547 ], [ -71.895842501934297, -38.433181769549172 ], [ -71.895794164607082, -38.433181081658489 ], [ -71.895748364601019, -38.433193257593231 ], [ -71.895669927197375, -38.433220215070691 ], [ -71.895429354597596, -38.433279097687979 ], [ -71.895178232963374, -38.43329516317452 ], [ -71.894679646467793, -38.433283744626564 ], [ -71.894634423105686, -38.433285550170453 ], [ -71.894590139766009, -38.433292987655413 ], [ -71.894323000265601, -38.433355734704755 ], [ -71.894098188231311, -38.43338974936308 ], [ -71.893869266789679, -38.4333879006006 ], [ -71.893645390016601, -38.433350262332127 ], [ -71.893605322912663, -38.433336531964891 ], [ -71.893519746630417, -38.433315052566314 ], [ -71.89346641706652, -38.433327914252288 ], [ -71.893255671633582, -38.433397721633206 ], [ -71.893211190200233, -38.433416272820793 ], [ -71.893171584534329, -38.433440722865967 ], [ -71.892803527815389, -38.433712801194197 ], [ -71.892640786794288, -38.433812972233042 ], [ -71.892457803261408, -38.433888500464057 ], [ -71.892260538923665, -38.433936925103872 ], [ -71.892055420820611, -38.433956668422063 ], [ -71.891797273104856, -38.433963044572565 ], [ -71.891729857867418, -38.433971227732869 ], [ -71.891666938338929, -38.433991951660268 ], [ -71.891520055699473, -38.434057838586106 ], [ -71.891315547245085, -38.434129731361629 ], [ -71.891097155391023, -38.434168925281796 ], [ -71.890839606352856, -38.434194655360542 ], [ -71.890791733761972, -38.434201071933494 ], [ -71.890615403543563, -38.434230812342633 ], [ -71.890398558450627, -38.43425064264401 ], [ -71.890180870078453, -38.434237737364462 ], [ -71.889970253649082, -38.434192565732751 ], [ -71.88933209025619, -38.434002658708856 ], [ -71.889224394082504, -38.433979773179665 ], [ -71.888237593029245, -38.433849698541039 ], [ -71.888183023564224, -38.433846723587124 ], [ -71.888128746515065, -38.433852066088228 ], [ -71.887556918477401, -38.43395327613441 ], [ -71.887556493671241, -38.433951791197842 ], [ -71.887398743755725, -38.433978657193556 ], [ -71.887169564875578, -38.433980946180014 ], [ -71.886944398938851, -38.433947282334834 ], [ -71.886732270388435, -38.433879014861873 ], [ -71.884067382898451, -38.432764603635164 ], [ -71.884018808959112, -38.432748899607603 ], [ -71.883982006514671, -38.432778368564961 ], [ -71.880998319943956, -38.435693579702644 ], [ -71.880836701926015, -38.435822464688094 ], [ -71.880645575377429, -38.435923320418212 ], [ -71.880432664012133, -38.435992071092073 ], [ -71.880206572005633, -38.436025938328811 ], [ -71.879976436255447, -38.436023553460963 ], [ -71.879751557100946, -38.435985012853415 ], [ -71.879732434672945, -38.435980108133023 ], [ -71.8796832163099, -38.435974666107548 ], [ -71.879485165106118, -38.435966577243107 ], [ -71.87937024908274, -38.43596870813159 ], [ -71.879167528825008, -38.435958286572117 ], [ -71.878970341799857, -38.435919847887796 ], [ -71.87878489661864, -38.435854602348222 ], [ -71.878617032154963, -38.435764604259553 ], [ -71.87847203368797, -38.435652687277162 ], [ -71.878425269002463, -38.43560954462955 ], [ -71.878380110322126, -38.435576237561591 ], [ -71.878321099668625, -38.435561517844228 ], [ -71.878126756949854, -38.435531237208501 ], [ -71.878068229434462, -38.435527147181844 ], [ -71.878018231711764, -38.435551425111839 ], [ -71.877841152499542, -38.435659529233433 ], [ -71.877769369961385, -38.435699961672888 ], [ -71.877594720555962, -38.435790531535012 ], [ -71.877389191897436, -38.435874990370756 ], [ -71.877018127020193, -38.435991563789798 ], [ -71.876901169330566, -38.436038219515289 ], [ -71.876696518592055, -38.436101252449305 ], [ -71.87648032546717, -38.436132366594173 ], [ -71.876260556962649, -38.436130415339363 ], [ -71.875874505107376, -38.436097671401669 ], [ -71.875811052735926, -38.436097944028226 ], [ -71.87574928825974, -38.436109382020909 ], [ -71.875463902976563, -38.43618982580405 ], [ -71.875463902092264, -38.436189826094285 ], [ -71.87424410877189, -38.436533649967956 ], [ -71.874122577692063, -38.436581424084473 ], [ -71.873596763802041, -38.436854070695134 ], [ -71.873530940307319, -38.436893882010821 ], [ -71.872558197581682, -38.437576111321007 ], [ -71.872537552004005, -38.437591327703693 ], [ -71.87168732632378, -38.43824974619892 ], [ -71.871512022505499, -38.43836103651963 ], [ -71.870492862967978, -38.438886830072491 ], [ -71.870449264172905, -38.438914895158767 ], [ -71.870458716193937, -38.438958578665478 ], [ -71.870590502759086, -38.439327473511341 ], [ -71.870590503279217, -38.439327474738533 ], [ -71.871702912470965, -38.442441125471994 ], [ -71.872322541906556, -38.444175347595774 ], [ -71.872376184773842, -38.444325479940339 ], [ -71.872376185355336, -38.444325481301675 ], [ -71.874000312802451, -38.448870624625286 ], [ -71.87401913258519, -38.448908479916795 ], [ -71.8740699448756, -38.448901039858171 ], [ -71.878816552776243, -38.447816184851902 ], [ -71.878816553009955, -38.447816184788309 ], [ -71.880600850214577, -38.447408319171473 ], [ -71.880819059851348, -38.447376066050658 ], [ -71.881041082297784, -38.447377535590029 ], [ -71.881258570661316, -38.44741267253054 ], [ -71.881463348494606, -38.447480155892897 ], [ -71.881647717156056, -38.447577448636011 ], [ -71.881804745215803, -38.447700893028681 ], [ -71.881928529031711, -38.447845848150649 ], [ -71.882014414701501, -38.44800686435574 ], [ -71.882207310288393, -38.448497116494799 ], [ -71.882906154105243, -38.450273193311993 ], [ -71.882922704938323, -38.450304132131805 ], [ -71.882938875745737, -38.450273069285636 ], [ -71.883036670851695, -38.450015776865605 ], [ -71.88311597158156, -38.449861078971267 ], [ -71.883230191473231, -38.449720535503843 ], [ -71.883375411907167, -38.449598967940503 ], [ -71.883546650835456, -38.449500546746719 ], [ -71.883681167514908, -38.449437365559781 ], [ -71.883947639783301, -38.449346003201228 ], [ -71.884547756088651, -38.449208316572808 ], [ -71.88455609572172, -38.449206430093867 ], [ -71.885218716322555, -38.449058674306727 ], [ -71.88542211279416, -38.449028605820658 ], [ -71.885629069456186, -38.449027818014464 ], [ -71.885832826504185, -38.449056336610496 ], [ -71.886026728635343, -38.449113230098703 ], [ -71.886204442407134, -38.449196640160544 ], [ -71.886360163088199, -38.449303842361914 ], [ -71.886561744363675, -38.449470214689576 ], [ -71.886589001160644, -38.449493517503164 ], [ -71.887166675609905, -38.450005153974786 ], [ -71.887207035122572, -38.450034506894987 ], [ -71.887258618788209, -38.450049453780579 ], [ -71.88798343298285, -38.450197848171321 ], [ -71.888034769400832, -38.450204403623303 ], [ -71.888082646492762, -38.450188428112511 ], [ -71.888648219589456, -38.449948330128002 ], [ -71.888750297746583, -38.449892958664179 ], [ -71.889527586978161, -38.449364721314119 ], [ -71.889630243207648, -38.449302573232849 ], [ -71.890630315012643, -38.448765121787773 ], [ -71.890741511847025, -38.448686731420189 ], [ -71.891173008209549, -38.44829081430386 ], [ -71.891193754856289, -38.448270628395036 ], [ -71.89166587045257, -38.447783167523099 ], [ -71.891801447424896, -38.447666147703977 ], [ -71.891960986679678, -38.447569606778536 ], [ -71.89258543784517, -38.447256336039835 ], [ -71.892760234565088, -38.447184488735324 ], [ -71.893557719660194, -38.446922730528101 ], [ -71.893798435865804, -38.446867139538796 ], [ -71.894960562732891, -38.446704730911833 ], [ -71.89503902152758, -38.446689193783307 ], [ -71.896186829024728, -38.446392569285202 ], [ -71.896263904061328, -38.446369786611136 ], [ -71.896500793229919, -38.446291323454496 ], [ -71.896568316221192, -38.446264701786426 ], [ -71.897540404711975, -38.44581595606715 ], [ -71.897580486852092, -38.445793565944967 ], [ -71.897615048813336, -38.445766067571576 ], [ -71.898078346648788, -38.445327102424841 ], [ -71.898113759434224, -38.445284338244115 ], [ -71.898135777919336, -38.445236332542684 ], [ -71.898345957861636, -38.444532444728672 ], [ -71.898352584486574, -38.444499119547835 ], [ -71.898352759394754, -38.444465389613214 ], [ -71.898316834253521, -38.444070611043948 ], [ -71.898295987338699, -38.443978387771594 ], [ -71.897948225793726, -38.443028796459132 ], [ -71.897905906635359, -38.442837935849852 ], [ -71.897916475691062, -38.442644373426553 ], [ -71.897979443329405, -38.442457068700101 ], [ -71.898091894567258, -38.442284691460259 ], [ -71.898248624065133, -38.44213522048554 ], [ -71.898385162183956, -38.442030379805608 ], [ -71.898469560304477, -38.441971668340358 ], [ -71.899570777594093, -38.441278466343213 ], [ -71.899751245144984, -38.44118535530194 ], [ -71.900714081205876, -38.440785127840506 ], [ -71.90074280734882, -38.440772340200525 ], [ -71.901445641283402, -38.440438061534103 ], [ -71.901486601252643, -38.440414347908863 ], [ -71.901514201718456, -38.440380748708243 ], [ -71.901785420610253, -38.439973949067408 ], [ -71.901789377594397, -38.439967903411052 ], [ -71.902052440964596, -38.439558411862706 ], [ -71.902070779250479, -38.439531044118716 ], [ -71.902325730797585, -38.43916590404104 ], [ -71.902351111092202, -38.439115944530691 ], [ -71.902360384245526, -38.439062641322167 ], [ -71.902365983730533, -38.438746126360869 ], [ -71.902360389524105, -38.438698963867928 ], [ -71.902337786066056, -38.43864286606447 ], [ -71.90230479623942, -38.438584272709612 ], [ -71.90225550385081, -38.438401561981635 ], [ -71.902255195239718, -38.43821478349259 ], [ -71.902303883308974, -38.438031972586487 ], [ -71.9023994731171, -38.437860993859367 ], [ -71.902537852063517, -38.437709202827115 ], [ -71.902713066860585, -38.437583129503032 ], [ -71.903509382307476, -38.437119660335149 ], [ -71.903715928240899, -38.437023996057071 ], [ -71.903943271133997, -38.436964252205073 ], [ -71.905678014774125, -38.436662584567443 ], [ -71.905728561953026, -38.436649395837726 ], [ -71.905718640079812, -38.436608241613868 ], [ -71.90559078701969, -38.436271385219577 ] ] ] ] } },
{ "type": "Feature", "properties": { "id": 21, "capa_kml": "Limite_100m_IPT_09_PRC_Collipulli", "nombre_busq": "Limite_100m_IPT_09_PRC_Collipulli", "fid_origen": 1, "crs_origen": "EPSG:4326" }, "geometry": { "type": "MultiPolygon", "coordinates": [ [ [ [ -72.398761859711612, -37.842829370408758 ], [ -72.398722839028963, -37.842804765819068 ], [ -72.397859546396703, -37.842361914914903 ], [ -72.397859546426716, -37.842361914878104 ], [ -72.397859545838273, -37.842361914628427 ], [ -72.397121073107087, -37.841983084166323 ], [ -72.397070912332168, -37.84196275667508 ], [ -72.397014701945579, -37.841959838841461 ], [ -72.396978187273689, -37.841960893336214 ], [ -72.396961615805139, -37.84196127588217 ], [ -72.396468864397704, -37.841969796090098 ], [ -72.396442296709665, -37.841970749426771 ], [ -72.396110187116662, -37.841988854602072 ], [ -72.396103839975652, -37.841989228961701 ], [ -72.39588869417635, -37.842002880008785 ], [ -72.395809189967423, -37.842012459738783 ], [ -72.395703291929777, -37.84203139243818 ], [ -72.395637139678485, -37.842046618283973 ], [ -72.395393463503225, -37.842115673814995 ], [ -72.395191808551004, -37.842156750674071 ], [ -72.394918830256088, -37.842191606749331 ], [ -72.394828827846098, -37.84220918501989 ], [ -72.394733885289057, -37.842234413027818 ], [ -72.394529923479027, -37.842272446214203 ], [ -72.394451994141889, -37.842281065535225 ], [ -72.394378610891252, -37.842293146145131 ], [ -72.394229126969776, -37.84232605470168 ], [ -72.394046705537733, -37.842384977161615 ], [ -72.394044838189757, -37.842381341441268 ], [ -72.393854098062704, -37.842440089099611 ], [ -72.393819309457598, -37.842446785402835 ], [ -72.393776944904232, -37.842457819721595 ], [ -72.393737306450149, -37.842474016685728 ], [ -72.393659615445117, -37.842512216324472 ], [ -72.393440809146639, -37.842595594339514 ], [ -72.393300816320988, -37.842634973771986 ], [ -72.393291615684191, -37.842637632909167 ], [ -72.393136394861983, -37.842683700244315 ], [ -72.39308770597799, -37.842702582081522 ], [ -72.393000683194543, -37.842754855754094 ], [ -72.392998691928568, -37.842752771050911 ], [ -72.392839101060488, -37.842844295758283 ], [ -72.392758873504249, -37.842879653449415 ], [ -72.39275138924242, -37.842883010950828 ], [ -72.392594843374553, -37.842954484506564 ], [ -72.392528447541778, -37.842989969573345 ], [ -72.392423092740287, -37.843055303025736 ], [ -72.392405059146881, -37.843066966136242 ], [ -72.392365600718392, -37.843093571561141 ], [ -72.392307652460531, -37.843136639570019 ], [ -72.392233280262289, -37.843182516140025 ], [ -72.392233456594255, -37.84318268101314 ], [ -72.392059851401882, -37.843299443158223 ], [ -72.39200399040061, -37.843348627409107 ], [ -72.391994120377163, -37.843357551468692 ], [ -72.391890119331933, -37.84345412287886 ], [ -72.391864001092557, -37.843480278798545 ], [ -72.391795489163044, -37.843554373377032 ], [ -72.391751816195807, -37.843616072987004 ], [ -72.391579701392459, -37.843799815061274 ], [ -72.391544627036595, -37.84382871264949 ], [ -72.391510141462433, -37.843857125110006 ], [ -72.391467415587016, -37.843890515285196 ], [ -72.39128220315942, -37.84402780417895 ], [ -72.391254119640053, -37.844050132913019 ], [ -72.391138714845638, -37.844148554362725 ], [ -72.391095952257757, -37.844189657116573 ], [ -72.390855293076541, -37.844451089007912 ], [ -72.390846507515079, -37.844460503708845 ], [ -72.390799675997897, -37.844510012374784 ], [ -72.390731538879749, -37.844575389655652 ], [ -72.3906673361315, -37.844631397907079 ], [ -72.390474936787882, -37.844835004681705 ], [ -72.390000672401627, -37.845340258985125 ], [ -72.389987283177774, -37.84535514499153 ], [ -72.389918921622041, -37.845434509422951 ], [ -72.38976786964875, -37.845576038451973 ], [ -72.38958347349984, -37.845690042588728 ], [ -72.389425201215786, -37.845751600653408 ], [ -72.38942540271384, -37.845751930596983 ], [ -72.389334451795136, -37.845786858007877 ], [ -72.389373478095521, -37.845805088429749 ], [ -72.390179080062651, -37.846101357368099 ], [ -72.39017908054312, -37.846101357521221 ], [ -72.392246999457313, -37.846861820872519 ], [ -72.392270947969095, -37.8468708985719 ], [ -72.393396859853453, -37.847310556539071 ], [ -72.39350534201516, -37.847358944496044 ], [ -72.394082883119424, -37.847650684523501 ], [ -72.39408288488201, -37.847650685319373 ], [ -72.394422824054601, -37.847822399781137 ], [ -72.39446772367279, -37.847840588618084 ], [ -72.394507357461819, -37.847815875476869 ], [ -72.394967694843956, -37.84746806398153 ], [ -72.394985392695204, -37.847454090615301 ], [ -72.395225620499104, -37.847255887057599 ], [ -72.395966308201295, -37.846644760329497 ], [ -72.396746965370994, -37.846000640016506 ], [ -72.396746965380032, -37.846000640023384 ], [ -72.396746965684542, -37.846000639757797 ], [ -72.396946272623509, -37.845836188990802 ], [ -72.398051033766009, -37.8449246179703 ], [ -72.398082894613182, -37.844892468431517 ], [ -72.398048646129453, -37.844861901566318 ], [ -72.397981634392252, -37.844812899975963 ], [ -72.397832248884058, -37.844679662235784 ], [ -72.397718883338541, -37.844525701887839 ], [ -72.397645978981558, -37.844357050836621 ], [ -72.397616391774847, -37.844180316498317 ], [ -72.397631280566273, -37.844002422927417 ], [ -72.397690061736867, -37.843830339545434 ], [ -72.39779043211395, -37.843670808099752 ], [ -72.397928459245151, -37.843530078549136 ], [ -72.398490435316305, -37.843061351733411 ], [ -72.398490436223398, -37.843061350899639 ], [ -72.398731193586102, -37.842860539501515 ], [ -72.398761859711612, -37.842829370408758 ] ] ], [ [ [ -72.455069490673253, -37.955121711215654 ], [ -72.455070028056312, -37.9550787773221 ], [ -72.454899276846248, -37.953581614502191 ], [ -72.454898305313435, -37.953572589518579 ], [ -72.454730894763827, -37.951919221405937 ], [ -72.454566645554522, -37.950435089427991 ], [ -72.454565547516196, -37.95042444187245 ], [ -72.454455158299382, -37.949269615090337 ], [ -72.454433416518285, -37.94904216081688 ], [ -72.454433416255412, -37.949042159182163 ], [ -72.45441641205052, -37.948864270450173 ], [ -72.454413813833682, -37.948843498877231 ], [ -72.454141561109068, -37.947083780004469 ], [ -72.454065648696854, -37.946593098130435 ], [ -72.454054911285425, -37.946554338448344 ], [ -72.454006078692601, -37.94654543676058 ], [ -72.452736016199623, -37.946411683740138 ], [ -72.452727843146931, -37.946410870628085 ], [ -72.451956404024315, -37.946338609825567 ], [ -72.451938336731956, -37.946337148641192 ], [ -72.450819906679897, -37.946260958803897 ], [ -72.450801062908468, -37.946259549865616 ], [ -72.449882551486809, -37.946184758821467 ], [ -72.449866530618777, -37.946183635288179 ], [ -72.449067849166511, -37.946136624827425 ], [ -72.448979297515791, -37.946128639716385 ], [ -72.448602351355717, -37.946082739649555 ], [ -72.448545555885346, -37.946074650833609 ], [ -72.445235431942564, -37.945534191085152 ], [ -72.445192384702011, -37.94552646946709 ], [ -72.443118855099584, -37.94512086051607 ], [ -72.441991247681059, -37.944906070044759 ], [ -72.441962010965298, -37.94490017488576 ], [ -72.440460189991583, -37.944580489697351 ], [ -72.440451250606912, -37.944578648261881 ], [ -72.440099036825444, -37.944508508057403 ], [ -72.439539968579538, -37.944400015238429 ], [ -72.439530564592346, -37.944398257626823 ], [ -72.438852620104711, -37.9442763627451 ], [ -72.438815730588729, -37.944269214988424 ], [ -72.437861064321396, -37.944070799406532 ], [ -72.437846654791727, -37.944067963197213 ], [ -72.43613380028124, -37.94374955297581 ], [ -72.436117200075259, -37.943746362611328 ], [ -72.434984024595536, -37.943521424659259 ], [ -72.4349747148473, -37.943519642451285 ], [ -72.43370051608764, -37.943284685019066 ], [ -72.433680705795339, -37.943280883441503 ], [ -72.432919248467854, -37.943129024252379 ], [ -72.432866393744163, -37.943120571907123 ], [ -72.432843382141272, -37.943117784097012 ], [ -72.431998749812436, -37.943015446299398 ], [ -72.431980237674594, -37.943013449134021 ], [ -72.431264200103271, -37.942945665889056 ], [ -72.43121362138946, -37.942942682447217 ], [ -72.430704449616314, -37.942930694761145 ], [ -72.430688777601418, -37.942930496891059 ], [ -72.429805230707089, -37.942928982245348 ], [ -72.429736818164415, -37.942927233624673 ], [ -72.42924975115784, -37.94290314801178 ], [ -72.429199077446896, -37.942902434901917 ], [ -72.428661544638516, -37.94291385686568 ], [ -72.428585039531299, -37.942919600421902 ], [ -72.427939858652977, -37.943003212772325 ], [ -72.427881890635589, -37.943009517218428 ], [ -72.427462395200962, -37.943046461021247 ], [ -72.427389176647438, -37.943056787976701 ], [ -72.426490690595756, -37.943232234017259 ], [ -72.426365220598299, -37.943256733363256 ], [ -72.426361708007249, -37.943257414542408 ], [ -72.42590098698092, -37.94334614424946 ], [ -72.425774527823449, -37.943364574911044 ], [ -72.425634984682929, -37.943378510648976 ], [ -72.425502040931917, -37.943385557776146 ], [ -72.425375009351271, -37.943386385577256 ], [ -72.42534131164733, -37.943387397111373 ], [ -72.425028653332774, -37.943404146655979 ], [ -72.424909254008739, -37.943420830850677 ], [ -72.424734237947902, -37.94346094987074 ], [ -72.424684294906541, -37.943476631310666 ], [ -72.42463903167554, -37.943499551383674 ], [ -72.424366869867043, -37.943668425950868 ], [ -72.424280390885514, -37.943734985243736 ], [ -72.424155963019032, -37.943853617954204 ], [ -72.424097948004416, -37.943920362197701 ], [ -72.423985230096235, -37.944078974964839 ], [ -72.423915880153586, -37.944164808834508 ], [ -72.423604023462218, -37.944506537241345 ], [ -72.423477183087257, -37.94462309022763 ], [ -72.423378724915551, -37.944699298319719 ], [ -72.423205730843193, -37.944809246465454 ], [ -72.423009078680522, -37.944890513969128 ], [ -72.423000681221737, -37.944893195595704 ], [ -72.422980848319909, -37.944899877758751 ], [ -72.422930292621174, -37.944917814618947 ], [ -72.422743046516388, -37.944969263738102 ], [ -72.422409194618155, -37.945035851603379 ], [ -72.422256283626851, -37.945057683260963 ], [ -72.421884969583317, -37.945090164360572 ], [ -72.421801881616716, -37.945095001470825 ], [ -72.421117529384745, -37.945114925235224 ], [ -72.421099649690078, -37.945115669070823 ], [ -72.420013229528834, -37.945174455392866 ], [ -72.41991732529317, -37.945186229206385 ], [ -72.419655918014755, -37.945236753239747 ], [ -72.419620347191326, -37.945244605721605 ], [ -72.419364131685583, -37.945308336185036 ], [ -72.419358344810121, -37.945309802532087 ], [ -72.418969102947301, -37.945410250748843 ], [ -72.41894159863827, -37.945417972147673 ], [ -72.418636535659971, -37.945510657570225 ], [ -72.418596901874395, -37.945522036510376 ], [ -72.418275996741528, -37.945608874523778 ], [ -72.418218755708097, -37.945627169489867 ], [ -72.41812669699577, -37.945661307011314 ], [ -72.418075250072619, -37.945682997968774 ], [ -72.417766395045348, -37.945829786365628 ], [ -72.417745278443761, -37.945840328351146 ], [ -72.417718092080861, -37.94585457028446 ], [ -72.417566384926104, -37.945921459798221 ], [ -72.417403588302832, -37.945969283466759 ], [ -72.417401977046481, -37.945969648743791 ], [ -72.417359960025792, -37.945985478063228 ], [ -72.417277026581345, -37.946023664340878 ], [ -72.417259131892308, -37.946032256574696 ], [ -72.417046275720992, -37.946138750644785 ], [ -72.417034391499115, -37.94614461567744 ], [ -72.416774116493528, -37.946271309762004 ], [ -72.416695516172226, -37.946306249966923 ], [ -72.416251969573281, -37.946485499839227 ], [ -72.416209912443875, -37.946504321090551 ], [ -72.415791640352879, -37.946710546273323 ], [ -72.415759582082131, -37.946725779036093 ], [ -72.415355618495042, -37.946910643264097 ], [ -72.415232768873125, -37.946959277835781 ], [ -72.414856452522201, -37.947086387291357 ], [ -72.414146511571573, -37.94732553218131 ], [ -72.41412514020567, -37.94733314660057 ], [ -72.413517189669435, -37.947561793525125 ], [ -72.413474915281981, -37.947576864264157 ], [ -72.412607247436839, -37.947869490988793 ], [ -72.41253205150106, -37.947900281093354 ], [ -72.412165612588964, -37.948078913212221 ], [ -72.41198081697371, -37.948151594527779 ], [ -72.41154799376497, -37.948284593841031 ], [ -72.411475152527657, -37.948304753463404 ], [ -72.410384496258018, -37.948574092519799 ], [ -72.410341593335815, -37.948586200579214 ], [ -72.409588166009812, -37.948826176509471 ], [ -72.409539816137112, -37.948846452263616 ], [ -72.409549153983264, -37.948889140571097 ], [ -72.40975826193862, -37.949473500297856 ], [ -72.409761444753855, -37.949482069791912 ], [ -72.409979954738802, -37.95004953543674 ], [ -72.409984325313459, -37.950061165886304 ], [ -72.410262676517632, -37.950820548301252 ], [ -72.410277359135847, -37.950864767268392 ], [ -72.410406346017211, -37.951297619182803 ], [ -72.410437312980079, -37.951371900125899 ], [ -72.410600804653541, -37.95167307475559 ], [ -72.410627396886625, -37.951726731340685 ], [ -72.410767692880199, -37.952038828722415 ], [ -72.410770272118867, -37.952044628974562 ], [ -72.410962906381499, -37.952482593393526 ], [ -72.410980725661162, -37.952518161597702 ], [ -72.411153659173351, -37.952824652456165 ], [ -72.411165828759522, -37.952844856622008 ], [ -72.411441575012844, -37.953274810058176 ], [ -72.411445124308273, -37.953280252223855 ], [ -72.411641630295506, -37.953576594760221 ], [ -72.411700140822603, -37.953647619575669 ], [ -72.411955928483877, -37.953901961307579 ], [ -72.411964235316631, -37.953910321987621 ], [ -72.412061987793066, -37.954009912572012 ], [ -72.412240888669245, -37.954192178792489 ], [ -72.412287290410561, -37.954239452909427 ], [ -72.412316787812316, -37.954267130961135 ], [ -72.41269540441516, -37.95459469765774 ], [ -72.412707151803218, -37.954604558847052 ], [ -72.413072097014791, -37.954901812191153 ], [ -72.413121287094071, -37.954937436574987 ], [ -72.413636434564523, -37.955268744337232 ], [ -72.4136724103099, -37.955290069563524 ], [ -72.413799143190417, -37.955359177277529 ], [ -72.413962539506471, -37.95546746232867 ], [ -72.414097566566397, -37.955597974285709 ], [ -72.414199487005263, -37.95574613435879 ], [ -72.414264724881818, -37.955906744571919 ], [ -72.414290991158978, -37.956074170117667 ], [ -72.414277364043997, -37.956242537041696 ], [ -72.414224321365595, -37.956405938322725 ], [ -72.414133723846732, -37.956558641118171 ], [ -72.413971476219174, -37.956776416305964 ], [ -72.413948046324819, -37.956816817098627 ], [ -72.413958347026536, -37.956860518997424 ], [ -72.414753561635351, -37.95899375980958 ], [ -72.414754554406997, -37.958996438221206 ], [ -72.415026356613424, -37.959733957403721 ], [ -72.41502942404432, -37.959742000805328 ], [ -72.415338864422822, -37.96052687050684 ], [ -72.415341166416766, -37.960532780519607 ], [ -72.415815953003033, -37.961766729289174 ], [ -72.415819134445655, -37.961775144561507 ], [ -72.416177530473206, -37.962740236266711 ], [ -72.416344207754449, -37.963176180074541 ], [ -72.416356103852564, -37.963209604627778 ], [ -72.41648986832665, -37.963615238602671 ], [ -72.416491564785204, -37.963620264074493 ], [ -72.416620518255229, -37.963993607626008 ], [ -72.416621710314345, -37.963997086174849 ], [ -72.416648917112113, -37.964077111525377 ], [ -72.416648917668653, -37.964077112891438 ], [ -72.416868978238313, -37.964724383290196 ], [ -72.416878200832386, -37.964753424915138 ], [ -72.417024393214376, -37.965248434300022 ], [ -72.41702712714752, -37.965257286407493 ], [ -72.417206151395689, -37.965812528058521 ], [ -72.417214047674676, -37.965838635604136 ], [ -72.417417181933104, -37.966557388446589 ], [ -72.417417773380478, -37.966559492971818 ], [ -72.417595428358098, -37.967195219042395 ], [ -72.417595428354488, -37.967195219043028 ], [ -72.417595428372209, -37.967195219092865 ], [ -72.417669535737502, -37.96746040426374 ], [ -72.417670926762995, -37.96746525472723 ], [ -72.417794973708709, -37.967886999763245 ], [ -72.417795703851354, -37.967889498246869 ], [ -72.417955545629937, -37.968440026585775 ], [ -72.417957647222337, -37.96844740668466 ], [ -72.418108862289543, -37.968989012720691 ], [ -72.418111449613633, -37.9689978557887 ], [ -72.418204881920914, -37.969303161444678 ], [ -72.418210288062284, -37.969321678391182 ], [ -72.418267220624841, -37.969526507088972 ], [ -72.418284470865132, -37.969567571311913 ], [ -72.418335088085655, -37.969567420328737 ], [ -72.418376838750376, -37.969562303971074 ], [ -72.418552922070006, -37.969534201914527 ], [ -72.418596802484885, -37.969524215018872 ], [ -72.418638073147548, -37.969508755274717 ], [ -72.418856888141789, -37.969408887759108 ], [ -72.418951480252986, -37.969354743426699 ], [ -72.418968367477532, -37.969342801764952 ], [ -72.419028063813997, -37.969303405506835 ], [ -72.419047257552691, -37.969291594419047 ], [ -72.419152667254011, -37.969206718468662 ], [ -72.419172569142162, -37.969185723706694 ], [ -72.41918014029244, -37.969177346452597 ], [ -72.419333781055741, -37.969039569445997 ], [ -72.419390704117603, -37.968997976865005 ], [ -72.419420995258719, -37.968972044225438 ], [ -72.419445745223385, -37.968942656450352 ], [ -72.419495833888604, -37.968871584613794 ], [ -72.419497262934541, -37.968872215790356 ], [ -72.419618684227899, -37.968724377786756 ], [ -72.419794541789798, -37.968587458528361 ], [ -72.419950068826381, -37.96851028991356 ], [ -72.419949539753446, -37.968509610733072 ], [ -72.420047008214638, -37.968462026540557 ], [ -72.420088371272939, -37.968431196724794 ], [ -72.420168361528894, -37.968358142480987 ], [ -72.420175461152539, -37.968351720188672 ], [ -72.420236874279354, -37.968296694252174 ], [ -72.42040855881298, -37.968171493811546 ], [ -72.420466889098833, -37.968136995579584 ], [ -72.420526397141032, -37.968089360101722 ], [ -72.420529718304508, -37.968091960306388 ], [ -72.420686269361809, -37.967977981489156 ], [ -72.420830588628348, -37.96789614887205 ], [ -72.420989007294708, -37.967778477093127 ], [ -72.421190476820357, -37.967659047896781 ], [ -72.421268634483553, -37.9676226368681 ], [ -72.421333087952846, -37.967587675848819 ], [ -72.421408571104038, -37.96754038059111 ], [ -72.421555517275024, -37.967466220662715 ], [ -72.42155547327522, -37.967466165864785 ], [ -72.421715410585946, -37.967385680397769 ], [ -72.421874577117634, -37.96729352293503 ], [ -72.421915846624003, -37.967275871442808 ], [ -72.422115875434585, -37.967208962750057 ], [ -72.42232831784095, -37.967173357855941 ], [ -72.422545435511068, -37.967170353697199 ], [ -72.422612118558277, -37.967174484890862 ], [ -72.422661356251481, -37.967174089882292 ], [ -72.422707386850547, -37.967160246301304 ], [ -72.422719653336159, -37.967155540004306 ], [ -72.422797442859789, -37.967117304021329 ], [ -72.422970755787489, -37.96704759104297 ], [ -72.4231565295335, -37.967002253078149 ], [ -72.423158858381242, -37.967001853372963 ], [ -72.423297686096149, -37.966962476029089 ], [ -72.423430450259062, -37.96690847951664 ], [ -72.423449099043069, -37.966900544170151 ], [ -72.423467392508186, -37.96689240906074 ], [ -72.423660755255213, -37.966824294080368 ], [ -72.423866707803313, -37.966785709000668 ], [ -72.423888532590539, -37.966783287637078 ], [ -72.423936971322206, -37.9667598288504 ], [ -72.423948317092766, -37.966752979999399 ], [ -72.423982695286966, -37.966733022768217 ], [ -72.424143530202571, -37.966643273603822 ], [ -72.424165212514637, -37.966630554348839 ], [ -72.424201331393377, -37.966608296448491 ], [ -72.424388996339758, -37.966514381226681 ], [ -72.424596126224515, -37.966451106447337 ], [ -72.424633679247592, -37.966442861046481 ], [ -72.42465532340411, -37.966438289875327 ], [ -72.424804392964973, -37.966408048045622 ], [ -72.424893589211877, -37.966383538201207 ], [ -72.425002684790542, -37.966345246834493 ], [ -72.425093193909646, -37.966305287494741 ], [ -72.425308328700311, -37.9661887375105 ], [ -72.425469291199974, -37.966116014969607 ], [ -72.425610965294396, -37.966063615657852 ], [ -72.425620921448527, -37.966059979450343 ], [ -72.425871225070878, -37.965969718132371 ], [ -72.425966452855178, -37.965939405485017 ], [ -72.426252654372121, -37.965859974445003 ], [ -72.426480812834711, -37.965816933447016 ], [ -72.426715271105891, -37.965811844924318 ], [ -72.426946065508673, -37.965844925134753 ], [ -72.427163388044747, -37.965914768292862 ], [ -72.427238567850168, -37.96594642906485 ], [ -72.427259540594591, -37.965951561388117 ], [ -72.427493777647683, -37.966032686217751 ], [ -72.427699219763596, -37.96615317011026 ], [ -72.42786549269853, -37.96630692908186 ], [ -72.427915314980368, -37.966365151474712 ], [ -72.427949450073442, -37.966397720261831 ], [ -72.428000596533678, -37.966410027520446 ], [ -72.428113909960658, -37.966428015134987 ], [ -72.428155798916535, -37.966432118178425 ], [ -72.428197992480662, -37.966431233490376 ], [ -72.428225320083399, -37.966429035077162 ], [ -72.428365283703656, -37.966424636784012 ], [ -72.428429279913175, -37.966425747626673 ], [ -72.428468318263683, -37.966425364075803 ], [ -72.428859215037832, -37.966410888198176 ], [ -72.428948235413102, -37.966401974099995 ], [ -72.42938253611203, -37.966330524468795 ], [ -72.429429955624798, -37.966323549683686 ], [ -72.429670950251037, -37.966292270274764 ], [ -72.429995208785627, -37.966287266193078 ], [ -72.430031863985093, -37.96629086899334 ], [ -72.430249264334819, -37.966329647536639 ], [ -72.430452946704008, -37.966401230900189 ], [ -72.430635097085613, -37.966502872910006 ], [ -72.430726999306543, -37.966579324185467 ], [ -72.430827757099891, -37.966655665152018 ], [ -72.430867333235071, -37.966680537845988 ], [ -72.43090709857907, -37.966678370060066 ], [ -72.431041574588818, -37.966646344152373 ], [ -72.431204366388442, -37.966588294585691 ], [ -72.431267706878941, -37.966567502139029 ], [ -72.431828872733448, -37.966398791488103 ], [ -72.431879525980207, -37.966381287867371 ], [ -72.432249428530341, -37.966236130357842 ], [ -72.432267092489298, -37.966228891331419 ], [ -72.433412165146692, -37.965739326512328 ], [ -72.433420399529439, -37.965735840393663 ], [ -72.433804739509839, -37.965574726923798 ], [ -72.433816219605205, -37.965569779975965 ], [ -72.434319037549528, -37.965347140395224 ], [ -72.434428817412638, -37.965304492302565 ], [ -72.435065372480693, -37.965089982496231 ], [ -72.435120775073031, -37.965072654207042 ], [ -72.435520452318869, -37.964957127620949 ], [ -72.435559133225439, -37.96494325618734 ], [ -72.435594749804778, -37.964924950045393 ], [ -72.435900793136923, -37.964740346560809 ], [ -72.435905798004455, -37.964737292710531 ], [ -72.436247943919881, -37.964526113895218 ], [ -72.436297964907169, -37.964491325014613 ], [ -72.436593680321835, -37.964259998803115 ], [ -72.43670142802705, -37.96418569821693 ], [ -72.43679268637014, -37.964130347560484 ], [ -72.436992304107363, -37.964033321630687 ], [ -72.437202187024283, -37.963953569367291 ], [ -72.437327546215514, -37.963913012273039 ], [ -72.43757896446067, -37.963845190878565 ], [ -72.437618597098023, -37.963831746045791 ], [ -72.437655181784677, -37.963813680301499 ], [ -72.437815299789477, -37.963720452144479 ], [ -72.437862552017691, -37.9636897058163 ], [ -72.438194277373881, -37.963449049644382 ], [ -72.438247131151371, -37.963413002348858 ], [ -72.43850530988135, -37.963247559781585 ], [ -72.438530427027274, -37.963230482962672 ], [ -72.438876426364516, -37.962981026633337 ], [ -72.438893596169763, -37.962968119927694 ], [ -72.43921124882219, -37.962719180298926 ], [ -72.439257387810201, -37.962678325454704 ], [ -72.43943006600017, -37.962505272636875 ], [ -72.439438491212698, -37.962496615189174 ], [ -72.439642092743838, -37.962282065469772 ], [ -72.439752441846906, -37.962182075164726 ], [ -72.440008148111346, -37.961982237873329 ], [ -72.440190249017817, -37.961866571156136 ], [ -72.440398336810716, -37.961782768699884 ], [ -72.44048499065471, -37.961756334276856 ], [ -72.440687397497783, -37.961711083048577 ], [ -72.440896866428091, -37.961696103049313 ], [ -72.441000759948977, -37.961696307192256 ], [ -72.44105324242166, -37.961694488762006 ], [ -72.441494459681991, -37.961662980741309 ], [ -72.441747306424929, -37.961667269588823 ], [ -72.44230628401732, -37.961726387090145 ], [ -72.442365950288917, -37.961730179898574 ], [ -72.442682634720242, -37.961737061713137 ], [ -72.442828237527678, -37.961725248583093 ], [ -72.443067347150702, -37.961680587773195 ], [ -72.443081150369281, -37.961677864903315 ], [ -72.443519700386418, -37.961586728203073 ], [ -72.443549942213238, -37.961579729085472 ], [ -72.444061359412871, -37.96144908792499 ], [ -72.444114279817583, -37.961433226461516 ], [ -72.444465749587025, -37.961311723859339 ], [ -72.444501354059739, -37.961298231857889 ], [ -72.445011814100994, -37.961087254226328 ], [ -72.445055061283213, -37.961070293885207 ], [ -72.445236340349894, -37.96100295362276 ], [ -72.445280757560269, -37.960982292634135 ], [ -72.445312733437973, -37.960950313805171 ], [ -72.445507556210956, -37.960713406562988 ], [ -72.445531117669688, -37.960685880246558 ], [ -72.445767906554451, -37.96041994908574 ], [ -72.44582208818332, -37.960363898402747 ], [ -72.446040055351645, -37.960155837401224 ], [ -72.446057507279434, -37.960139574530764 ], [ -72.446306597962291, -37.959912950420396 ], [ -72.446310516007244, -37.959909404514143 ], [ -72.44642964619274, -37.959802156448319 ], [ -72.446491531062406, -37.959734742765797 ], [ -72.446671443974608, -37.959494739408711 ], [ -72.446818367042724, -37.959296592171867 ], [ -72.446842450695073, -37.959265565860882 ], [ -72.446996041678162, -37.959076380950549 ], [ -72.447212338739348, -37.958809045663394 ], [ -72.447256285319042, -37.958737450474601 ], [ -72.447364982321574, -37.958595398676565 ], [ -72.447504772332366, -37.95847156305615 ], [ -72.447670902449474, -37.958370153944806 ], [ -72.447857724296767, -37.958294619174801 ], [ -72.448058886059385, -37.9582475268652 ], [ -72.44826754842488, -37.958230478115638 ], [ -72.448476617091004, -37.958244052574962 ], [ -72.44867898393899, -37.958287788734729 ], [ -72.448697062167454, -37.958293156812076 ], [ -72.448802929852008, -37.958329543043526 ], [ -72.449230206656097, -37.958497274991785 ], [ -72.449238226778633, -37.958500361579539 ], [ -72.449590617551678, -37.958633286719071 ], [ -72.449637505434893, -37.958646878619099 ], [ -72.449673258072622, -37.95861928133813 ], [ -72.450060467786173, -37.958258577142402 ], [ -72.450065071424945, -37.958254233484652 ], [ -72.451037303108038, -37.957325073489734 ], [ -72.451073185772628, -37.957292410492833 ], [ -72.451223314442444, -37.957162207498222 ], [ -72.451417556055034, -37.957028039733906 ], [ -72.451776068799376, -37.95683224752338 ], [ -72.451814670263872, -37.956812070683355 ], [ -72.452140391211401, -37.956649246296003 ], [ -72.452275463486828, -37.956591427834134 ], [ -72.45275440030268, -37.956418392246697 ], [ -72.452817775487432, -37.956391538464892 ], [ -72.453381536053271, -37.956114986783668 ], [ -72.453401987466705, -37.956104467253731 ], [ -72.45401066735559, -37.955776474392891 ], [ -72.454050965969302, -37.955755731418819 ], [ -72.454475801354391, -37.95554702839835 ], [ -72.454581483997856, -37.955480046354644 ], [ -72.454802396785567, -37.955301830369315 ], [ -72.45491577618526, -37.955221823164337 ], [ -72.455030227263549, -37.955151325358024 ], [ -72.455069490673253, -37.955121711215654 ] ] ], [ [ [ -72.47781497756489, -37.789043419202279 ], [ -72.477768129909776, -37.789025249089946 ], [ -72.477586365495, -37.7889720100465 ], [ -72.47758636551832, -37.78897200999635 ], [ -72.477586361936957, -37.78897200909838 ], [ -72.47756467357479, -37.788965656479604 ], [ -72.477559190393038, -37.788964075825575 ], [ -72.476923720705614, -37.788783814601359 ], [ -72.476446005743469, -37.788649135383039 ], [ -72.476330579827476, -37.788610784493564 ], [ -72.476105024972227, -37.788523953179812 ], [ -72.476093782012825, -37.788519745070992 ], [ -72.47536870958109, -37.788256020418501 ], [ -72.475351067794946, -37.788249888947462 ], [ -72.47492802644895, -37.788109598855819 ], [ -72.47474585282302, -37.78803308941373 ], [ -72.47458411739585, -37.787931696377434 ], [ -72.474567390280086, -37.787919091948687 ], [ -72.474272409359841, -37.787722810945482 ], [ -72.473839593016592, -37.787435593051619 ], [ -72.473823432741128, -37.787425261566341 ], [ -72.473632058958529, -37.787307426930113 ], [ -72.473507560424366, -37.787218333964219 ], [ -72.473074321522205, -37.786858834008193 ], [ -72.473069439865867, -37.786854833020492 ], [ -72.471939205252951, -37.785939868794927 ], [ -72.471931778491268, -37.785933966800016 ], [ -72.470986678106058, -37.785196674037216 ], [ -72.470976615693388, -37.785188725201522 ], [ -72.470115260745828, -37.784499720670162 ], [ -72.470100339520755, -37.784488214655717 ], [ -72.469407741326805, -37.783973384217546 ], [ -72.469401666469523, -37.783968835115822 ], [ -72.468882695361231, -37.78357733044858 ], [ -72.46888062285889, -37.783575763015257 ], [ -72.468457024649211, -37.783254583615687 ], [ -72.468446929969531, -37.78324683422899 ], [ -72.468017492790878, -37.782913059463425 ], [ -72.467974387364805, -37.78288279957814 ], [ -72.467761260340865, -37.782747842236162 ], [ -72.467697159392188, -37.782712689053582 ], [ -72.467357262804228, -37.782552498732912 ], [ -72.46734265493285, -37.782545495697171 ], [ -72.467038321137153, -37.782397106956552 ], [ -72.466957483973502, -37.782364454866197 ], [ -72.466610585102842, -37.782251076931907 ], [ -72.466558017625914, -37.782236251219139 ], [ -72.466135527744626, -37.782135372280962 ], [ -72.466073385565167, -37.782123519585163 ], [ -72.465208819245618, -37.781999034595835 ], [ -72.465186658990334, -37.781996201863336 ], [ -72.464461023700807, -37.781915093752197 ], [ -72.464449303048767, -37.781913734090722 ], [ -72.464218870164018, -37.781886026792691 ], [ -72.464218870183515, -37.781886026690572 ], [ -72.46421886807812, -37.781886026541891 ], [ -72.463404820215644, -37.781788140275097 ], [ -72.462285399202088, -37.781654823880352 ], [ -72.461914704437618, -37.781613278449925 ], [ -72.461836805663694, -37.781608870275214 ], [ -72.461589646634991, -37.781608442765915 ], [ -72.461538073918575, -37.781612468624331 ], [ -72.461534466019032, -37.781653498505385 ], [ -72.461556181611343, -37.782217633163938 ], [ -72.461556585660617, -37.782258521923737 ], [ -72.461550911022272, -37.782561647986853 ], [ -72.461543944770852, -37.782648803990249 ], [ -72.461417699054508, -37.783540894709191 ], [ -72.461414210301342, -37.783584863409963 ], [ -72.461406446013569, -37.78402710782909 ], [ -72.461406390931984, -37.784033392920747 ], [ -72.461406405216778, -37.784541975212129 ], [ -72.461410616632477, -37.785019016408391 ], [ -72.461410706673007, -37.785024462088209 ], [ -72.461416002308752, -37.785243437909948 ], [ -72.461429444234625, -37.785332510838728 ], [ -72.461457593973677, -37.785432788373065 ], [ -72.461473849323312, -37.785504100326982 ], [ -72.461542255640722, -37.785892906644953 ], [ -72.461565258708092, -37.785971403771924 ], [ -72.46160650135451, -37.786070746481258 ], [ -72.461651543549621, -37.786222190237353 ], [ -72.46167680118667, -37.786359159497927 ], [ -72.461678314275716, -37.786366894977981 ], [ -72.461751025973157, -37.78671843997887 ], [ -72.461764614310923, -37.786909087730827 ], [ -72.461731989453696, -37.787429732311118 ], [ -72.461734365236794, -37.787471733624095 ], [ -72.461746647050191, -37.787512631797092 ], [ -72.461816372792526, -37.787674971571548 ], [ -72.461850609492075, -37.787738313301411 ], [ -72.462061915757161, -37.788058920603085 ], [ -72.462185678675596, -37.7881996199296 ], [ -72.462185315655191, -37.788199821043548 ], [ -72.462273371005097, -37.788295497580727 ], [ -72.462352931817733, -37.788437418967249 ], [ -72.462354231509082, -37.788436996 ], [ -72.462387122999971, -37.788500649968668 ], [ -72.462409402758681, -37.788529979200135 ], [ -72.462707450375092, -37.788861861142507 ], [ -72.462719685354287, -37.788875759879772 ], [ -72.463017417089432, -37.789220849089041 ], [ -72.463186756483182, -37.78941569939014 ], [ -72.463206579883931, -37.789437125722891 ], [ -72.463690760894082, -37.789929301664742 ], [ -72.463801362800766, -37.790014582393468 ], [ -72.463868229798976, -37.790053604449646 ], [ -72.464017485547316, -37.79015786237116 ], [ -72.464506125722806, -37.79056477162662 ], [ -72.464542837632777, -37.790592718740854 ], [ -72.464640383710901, -37.790660579404701 ], [ -72.46482768460119, -37.790827839577076 ], [ -72.465002395417443, -37.791029635304227 ], [ -72.465059215938041, -37.791102455062358 ], [ -72.465221759494824, -37.791334761718602 ], [ -72.465244963815678, -37.791367926406863 ], [ -72.465567704046933, -37.79182736621059 ], [ -72.465591475646875, -37.791863064727771 ], [ -72.465723260138191, -37.792072184613566 ], [ -72.465804979996918, -37.792243501809445 ], [ -72.465841335820031, -37.792424396102277 ], [ -72.465830823771043, -37.792607386578673 ], [ -72.465773878240512, -37.792784905582359 ], [ -72.46567285393715, -37.792949611681266 ], [ -72.465531928555947, -37.793094693287017 ], [ -72.465356930040798, -37.793214150369003 ], [ -72.465155095579632, -37.793303042609345 ], [ -72.464960177648877, -37.793351391968478 ], [ -72.464951446031208, -37.793354360404848 ], [ -72.464943456432039, -37.793396949249164 ], [ -72.464935990863793, -37.793525765727445 ], [ -72.464938144494113, -37.793565168178787 ], [ -72.464957524377809, -37.79360148571638 ], [ -72.465035122119517, -37.793716968778014 ], [ -72.465067612367065, -37.793759483775382 ], [ -72.465177878358446, -37.79388727211083 ], [ -72.465231917539455, -37.793940669080442 ], [ -72.46553782838258, -37.794199769264644 ], [ -72.465612918157518, -37.794270288304425 ], [ -72.465780719797266, -37.794445338550098 ], [ -72.465821917947864, -37.794479895229749 ], [ -72.46587145021995, -37.794506690910161 ], [ -72.466451787670806, -37.794752901500011 ], [ -72.466508927446782, -37.794773992485872 ], [ -72.466611752118766, -37.79480656278831 ], [ -72.466795364200209, -37.794880695333077 ], [ -72.466959068226757, -37.794979940786774 ], [ -72.467097472266929, -37.795101030356761 ], [ -72.467186490510827, -37.795194765414337 ], [ -72.467208688592336, -37.795216680995701 ], [ -72.467336208591263, -37.795334825289963 ], [ -72.467369210314558, -37.795360729483868 ], [ -72.467407130284329, -37.795381975316779 ], [ -72.467494422776781, -37.795422765985222 ], [ -72.467547575001888, -37.79544469006094 ], [ -72.467975813563868, -37.795599111912423 ], [ -72.468018730884566, -37.795612939548526 ], [ -72.468607877674401, -37.795780869890521 ], [ -72.468802106731403, -37.795853340385399 ], [ -72.46922375173304, -37.796051273697891 ], [ -72.469394528938082, -37.796149508706925 ], [ -72.469539454881769, -37.796271119398533 ], [ -72.469653525714932, -37.796411907051834 ], [ -72.469732802822477, -37.796567010815139 ], [ -72.469774548827175, -37.796731075523283 ], [ -72.469777322129403, -37.796898436585167 ], [ -72.469741026714374, -37.797063315559484 ], [ -72.469374756871659, -37.798130138769622 ], [ -72.469367287927454, -37.798150907892349 ], [ -72.469072309263382, -37.798935386924377 ], [ -72.469062321462076, -37.79896578046057 ], [ -72.46895548721028, -37.799344537215525 ], [ -72.468909170623476, -37.799467119657102 ], [ -72.468876218958172, -37.79953608606133 ], [ -72.468756643540985, -37.799719550878891 ], [ -72.468587542945826, -37.799876579397782 ], [ -72.468537978635908, -37.799913129537643 ], [ -72.468451372689401, -37.799994165263541 ], [ -72.46826194398723, -37.800221250550891 ], [ -72.46822921809202, -37.800265841885228 ], [ -72.46815688029433, -37.800378847233453 ], [ -72.468116993177205, -37.800459671573954 ], [ -72.468087592041769, -37.800541886059499 ], [ -72.468040559886674, -37.800647771826085 ], [ -72.46800181134185, -37.800720248131668 ], [ -72.467988400931063, -37.800751610241704 ], [ -72.467980974552816, -37.800784199890828 ], [ -72.467976269462355, -37.800819703248401 ], [ -72.467973551627352, -37.80088344105512 ], [ -72.46797659466273, -37.800948445882973 ], [ -72.467981378334102, -37.800992396090706 ], [ -72.46798820679814, -37.801032235088549 ], [ -72.467997387627534, -37.801194589747134 ], [ -72.46796965269273, -37.801355610877117 ], [ -72.467905904590225, -37.801510056903687 ], [ -72.467634827289615, -37.802009255250958 ], [ -72.467619978557451, -37.802046239447769 ], [ -72.467668616118246, -37.802050400254132 ], [ -72.467957781749178, -37.802052457461443 ], [ -72.468002600671468, -37.802051370367934 ], [ -72.468511448003795, -37.802023026731625 ], [ -72.468539583474382, -37.802020899713803 ], [ -72.46979904419797, -37.801900501992364 ], [ -72.469847669937238, -37.801894142772092 ], [ -72.47110383667976, -37.801685027170812 ], [ -72.471118657575872, -37.801682395094012 ], [ -72.472261736351101, -37.801466604987198 ], [ -72.472261736359314, -37.80146660501461 ], [ -72.472261736761212, -37.80146660490977 ], [ -72.472595270413919, -37.801403638264681 ], [ -72.472649699311489, -37.801388304586553 ], [ -72.472670530799064, -37.801345560414063 ], [ -72.472816623528956, -37.800912257734794 ], [ -72.4728296148119, -37.800876673893377 ], [ -72.473293940693324, -37.799696227815751 ], [ -72.473296150437577, -37.799690475158783 ], [ -72.473618759135121, -37.798830055653887 ], [ -72.473692895239736, -37.798681830273715 ], [ -72.473772894265892, -37.79855575454723 ], [ -72.473792809274528, -37.798514510349641 ], [ -72.473790802319371, -37.798470666791914 ], [ -72.473826213553394, -37.798212431954866 ], [ -72.473875379703514, -37.798061580012167 ], [ -72.473923920767248, -37.797945702453958 ], [ -72.474154323149108, -37.797499332674612 ], [ -72.474172378732064, -37.797458978352424 ], [ -72.474466785886946, -37.796686191270489 ], [ -72.474472318038949, -37.796672088287238 ], [ -72.474856355070628, -37.795720618126971 ], [ -72.474857681297422, -37.79571735369683 ], [ -72.475217425703661, -37.794837590782521 ], [ -72.475218813093477, -37.794834220453019 ], [ -72.475554407573199, -37.794024367725953 ], [ -72.475562056826291, -37.794006538720019 ], [ -72.475868751617426, -37.793315448396804 ], [ -72.475877128058286, -37.79329503216465 ], [ -72.476043980334083, -37.792852806393626 ], [ -72.476263948884267, -37.792266512682808 ], [ -72.476273487580002, -37.79224233685629 ], [ -72.476638422920558, -37.791361051546417 ], [ -72.476655080541946, -37.791323625557069 ], [ -72.477048858118906, -37.790497324552746 ], [ -72.477064690474293, -37.790465898991052 ], [ -72.477799662838279, -37.789082974992461 ], [ -72.47781497756489, -37.789043419202279 ] ] ] ] } },
{ "type": "Feature", "properties": { "id": 22, "capa_kml": "Limite_100m_IPT_09_PRC_Carahue", "nombre_busq": "Limite_100m_IPT_09_PRC_Carahue", "fid_origen": 1, "crs_origen": "EPSG:4326" }, "geometry": { "type": "MultiPolygon", "coordinates": [ [ [ [ -73.1746165177059, -38.718591429092726 ], [ -73.174614227677822, -38.718567531600222 ], [ -73.174600513920481, -38.718524797405152 ], [ -73.174561966715117, -38.718433584095138 ], [ -73.174553335994872, -38.718414596320748 ], [ -73.174537566753244, -38.718382215298426 ], [ -73.174510109410491, -38.718334932833969 ], [ -73.174476101080657, -38.718291445918368 ], [ -73.174469041931289, -38.718283367032214 ], [ -73.174296847459402, -38.71808215856241 ], [ -73.174298598069996, -38.718081239032081 ], [ -73.174197701476629, -38.717965216909974 ], [ -73.174169042705159, -38.717905365066727 ], [ -73.174167753473753, -38.717905832517651 ], [ -73.174121161189049, -38.717826961661338 ], [ -73.174088822909781, -38.717792039145166 ], [ -73.174043832537535, -38.71775222989703 ], [ -73.173936817476999, -38.71767249193168 ], [ -73.173939649404687, -38.717670159165465 ], [ -73.173843762719201, -38.717597235537674 ], [ -73.173835666755267, -38.717589769676927 ], [ -73.173735391563966, -38.717482064348367 ], [ -73.173715142901372, -38.71745654229273 ], [ -73.173647067038615, -38.717376931762168 ], [ -73.173564478228997, -38.717299019089609 ], [ -73.173420953005348, -38.717181085981537 ], [ -73.173407535086668, -38.717166501655157 ], [ -73.173334221073944, -38.717101204828388 ], [ -73.173285208927084, -38.717065257841028 ], [ -73.173274022837091, -38.717057267481849 ], [ -73.173183241044583, -38.716994115313618 ], [ -73.173024238344581, -38.716858295897381 ], [ -73.172949484806935, -38.716759992019902 ], [ -73.172890852652245, -38.716694480439173 ], [ -73.172883285349499, -38.71668743973111 ], [ -73.172836062950466, -38.716648482079215 ], [ -73.172739827025836, -38.716578033113571 ], [ -73.172662162831159, -38.716515386107048 ], [ -73.172611343121474, -38.716470203308518 ], [ -73.172559979656057, -38.716429977859477 ], [ -73.172464282032863, -38.716363961591092 ], [ -73.172348752576909, -38.716271944704097 ], [ -73.172144957661359, -38.716084470048585 ], [ -73.172107799317857, -38.716052426594693 ], [ -73.17210869624931, -38.716051788175584 ], [ -73.17198499219279, -38.715930713684855 ], [ -73.171883614100977, -38.71578036048809 ], [ -73.171830615637475, -38.715644675307885 ], [ -73.171800674334605, -38.715590305924572 ], [ -73.17175616888747, -38.715516057977979 ], [ -73.17171063281657, -38.715448878613472 ], [ -73.171619924009036, -38.715272098984506 ], [ -73.171578696389773, -38.715084327175177 ], [ -73.171585587860363, -38.714954400285741 ], [ -73.171584246685498, -38.714954359889084 ], [ -73.171589677462777, -38.714843685727061 ], [ -73.171596331764121, -38.714775546400844 ], [ -73.171596352811804, -38.714775402757788 ], [ -73.17159984394786, -38.714737560997349 ], [ -73.171601623349204, -38.71469111902109 ], [ -73.17160254457211, -38.71469114068686 ], [ -73.171637812997488, -38.714529455796139 ], [ -73.171635695580619, -38.714529240669663 ], [ -73.171647967565079, -38.714455096620149 ], [ -73.171646174125613, -38.714417936782283 ], [ -73.171643016849401, -38.714397622230017 ], [ -73.171608780324149, -38.714312736159002 ], [ -73.171601152826184, -38.714293044479263 ], [ -73.17157317805173, -38.714217738144455 ], [ -73.171564615095278, -38.714198957620972 ], [ -73.171551058496476, -38.714172196901316 ], [ -73.171483888642541, -38.713979673439411 ], [ -73.171472471435735, -38.713780287435156 ], [ -73.171476837797556, -38.713728659365458 ], [ -73.171476974993254, -38.713724189875684 ], [ -73.17148569106611, -38.713665994770835 ], [ -73.171488880636105, -38.713594841563484 ], [ -73.171483961581757, -38.713570364762134 ], [ -73.171457404468882, -38.713515792730377 ], [ -73.171395451633501, -38.713332447609446 ], [ -73.171352600427596, -38.713115228305256 ], [ -73.171358230748766, -38.713114546496541 ], [ -73.171339425142421, -38.713034269184661 ], [ -73.171349933709607, -38.712834258478125 ], [ -73.171363298530039, -38.712766114660553 ], [ -73.171363533498962, -38.712749292380856 ], [ -73.171362769393141, -38.712729919724858 ], [ -73.17136200309173, -38.712718865844401 ], [ -73.171314640005988, -38.712547357095296 ], [ -73.171307963804878, -38.712529037358514 ], [ -73.171292986316004, -38.712473358651451 ], [ -73.171281766992166, -38.712439961255669 ], [ -73.171273156165981, -38.712422548923662 ], [ -73.171188879653258, -38.712317424883778 ], [ -73.171091489114332, -38.712165914290601 ], [ -73.171032076892061, -38.712002785164906 ], [ -73.171012749344996, -38.711833821699166 ], [ -73.17101281416825, -38.711823467811193 ], [ -73.171012836713189, -38.711807533204414 ], [ -73.170994257481595, -38.711667349717075 ], [ -73.170998344681934, -38.711667017180218 ], [ -73.170983298259301, -38.711550309438152 ], [ -73.170984219642691, -38.711442693785401 ], [ -73.170981955169708, -38.711399631093364 ], [ -73.170972693351359, -38.711318368927323 ], [ -73.170920286438474, -38.711139424479917 ], [ -73.170923090732302, -38.711138920303043 ], [ -73.170906196125713, -38.711091127034528 ], [ -73.170887977943721, -38.710926460541373 ], [ -73.170887995529142, -38.71092390559015 ], [ -73.170886777865505, -38.710833907084201 ], [ -73.170891560763991, -38.71083386735787 ], [ -73.170890216064137, -38.710745057358601 ], [ -73.170901918109507, -38.710635926884038 ], [ -73.170901386477269, -38.710601157386414 ], [ -73.170903210959864, -38.710538500630307 ], [ -73.170905005891953, -38.710514112330884 ], [ -73.170936035963308, -38.710351891070907 ], [ -73.170949096090467, -38.71031006331151 ], [ -73.170952048709879, -38.710267413067434 ], [ -73.170948971430533, -38.710251096207607 ], [ -73.170928757550911, -38.710207040251618 ], [ -73.170872828150451, -38.710031356426484 ], [ -73.170862865681116, -38.709850458008752 ], [ -73.17086565765058, -38.709812480542304 ], [ -73.170865646477466, -38.70981220191608 ], [ -73.170880221354651, -38.709638183431494 ], [ -73.17089900795267, -38.709582718452609 ], [ -73.170924152819978, -38.709414215067049 ], [ -73.1709265094768, -38.709414430964266 ], [ -73.170931645467121, -38.709364767248964 ], [ -73.170955233969465, -38.709291047322615 ], [ -73.170953423017906, -38.709290718013797 ], [ -73.170969136226773, -38.709237668501572 ], [ -73.170974048596293, -38.709217313319172 ], [ -73.170980346444466, -38.709126414528107 ], [ -73.170978386633351, -38.709106084277465 ], [ -73.170987760173261, -38.709024346736172 ], [ -73.170986031517344, -38.709024243011235 ], [ -73.170994380638234, -38.708938818476049 ], [ -73.170991247000416, -38.708917550329581 ], [ -73.170990817949516, -38.708916443034411 ], [ -73.170941830930772, -38.708683831742263 ], [ -73.170939406919459, -38.70862507648846 ], [ -73.170917875313279, -38.708539394186651 ], [ -73.170918487973992, -38.708539299665993 ], [ -73.170908818763849, -38.708511157759276 ], [ -73.170891469876779, -38.708351593458573 ], [ -73.170910451340433, -38.708192143301538 ], [ -73.170922225985734, -38.708142012953857 ], [ -73.170925000455469, -38.708142413040001 ], [ -73.170931055527049, -38.708099103791362 ], [ -73.17099005749175, -38.707964988262944 ], [ -73.170987984597701, -38.707964413319999 ], [ -73.171000612876441, -38.707936460499631 ], [ -73.17101365403839, -38.707895729085756 ], [ -73.171015126958366, -38.70787548880039 ], [ -73.171012486582228, -38.70785887671903 ], [ -73.170985150152703, -38.707751342609477 ], [ -73.170983510811709, -38.707751611226499 ], [ -73.170950546963908, -38.7076281001357 ], [ -73.170926260845562, -38.707434581319575 ], [ -73.170927704009259, -38.707322771318431 ], [ -73.170907081833889, -38.707198887449891 ], [ -73.170882882064731, -38.707130243878183 ], [ -73.170861333711912, -38.707087616597128 ], [ -73.170806028288538, -38.707072641495451 ], [ -73.170792231978595, -38.707070166145648 ], [ -73.17077929355959, -38.70706925551044 ], [ -73.170689809464008, -38.707056114494165 ], [ -73.170486351508444, -38.70701072136039 ], [ -73.170296951509314, -38.706936888680829 ], [ -73.170269321900534, -38.706923502559931 ], [ -73.170226319708533, -38.706906426825476 ], [ -73.170218601323867, -38.706904558594999 ], [ -73.170096195667455, -38.706895033868264 ], [ -73.169999325608771, -38.706884217536285 ], [ -73.16996344509576, -38.706878981978051 ], [ -73.169888407545443, -38.706873210378681 ], [ -73.169863644969325, -38.706874449481369 ], [ -73.16980017963094, -38.706897351438144 ], [ -73.169620802196022, -38.706948416677498 ], [ -73.169570092519351, -38.706955741739556 ], [ -73.169526495438163, -38.70696812132006 ], [ -73.169195909200766, -38.707020747803746 ], [ -73.169145917192196, -38.707022833822251 ], [ -73.169087351918833, -38.707035674121727 ], [ -73.169005215862114, -38.707076125791865 ], [ -73.168977197435439, -38.707094498345207 ], [ -73.168858694351954, -38.707150538664578 ], [ -73.168852574279796, -38.707153993304154 ], [ -73.168818357791864, -38.707171323566826 ], [ -73.168642990138878, -38.70727939903206 ], [ -73.168633974218835, -38.707285628794118 ], [ -73.168635303515387, -38.7072867134776 ], [ -73.168481924014998, -38.707402117867304 ], [ -73.168453300762593, -38.707432729893654 ], [ -73.168453000436656, -38.707432557486449 ], [ -73.168434056983955, -38.707452618763391 ], [ -73.168355744009489, -38.707547363738783 ], [ -73.168340274743372, -38.707573632762859 ], [ -73.168339206878571, -38.707573246684056 ], [ -73.168255892706597, -38.707696456612325 ], [ -73.168195124590042, -38.707757834609239 ], [ -73.168197636403107, -38.707759328196786 ], [ -73.168197232149225, -38.70775974558704 ], [ -73.168143418044636, -38.707810059980623 ], [ -73.168134434250618, -38.707819133908096 ], [ -73.168126702426477, -38.707825688506347 ], [ -73.168125846464122, -38.707826488801352 ], [ -73.168125603643304, -38.70782669473401 ], [ -73.168107448241244, -38.707842850087275 ], [ -73.168098775837421, -38.707850949414564 ], [ -73.168094965795746, -38.707854508115389 ], [ -73.168073941609578, -38.707875365694996 ], [ -73.16807019705881, -38.707879314796912 ], [ -73.168066159045765, -38.707883574237208 ], [ -73.168040816426512, -38.707911979856384 ], [ -73.16802614011165, -38.707927686402684 ], [ -73.167982111985637, -38.707978844530423 ], [ -73.167971636097832, -38.707992766841684 ], [ -73.167955380899045, -38.708014373984014 ], [ -73.167940030091344, -38.708034773409146 ], [ -73.167921505734142, -38.708059393706002 ], [ -73.167902913132934, -38.708084105550689 ], [ -73.167896803881035, -38.708092226028725 ], [ -73.167885602709418, -38.708107814318026 ], [ -73.16787292793812, -38.708126302875286 ], [ -73.16786058018846, -38.708144318549458 ], [ -73.167850325404004, -38.708159278851078 ], [ -73.167844118523377, -38.708168334388056 ], [ -73.167682646777095, -38.708347487506309 ], [ -73.167498073563408, -38.708472260598924 ], [ -73.167442691833642, -38.708515891940053 ], [ -73.1673941375673, -38.708562600702692 ], [ -73.167394037580692, -38.708562536892082 ], [ -73.167315139913953, -38.708638799674489 ], [ -73.167187216610486, -38.708730129725929 ], [ -73.167104312020285, -38.708780923076503 ], [ -73.166921840220098, -38.708872418661727 ], [ -73.166720703035807, -38.708935471253774 ], [ -73.166508041134563, -38.70896784238802 ], [ -73.166291404370952, -38.70896838284073 ], [ -73.166078483726253, -38.708937073431926 ], [ -73.165876838235334, -38.708875025705261 ], [ -73.165693626600699, -38.708784442461386 ], [ -73.165535353027096, -38.70866853954616 ], [ -73.1654076363033, -38.708531431672398 ], [ -73.165394329825816, -38.708513885176629 ], [ -73.165374805148645, -38.708493376112848 ], [ -73.165262879621721, -38.708408138944563 ], [ -73.165263943100655, -38.708407281607151 ], [ -73.165147670185618, -38.708328485215972 ], [ -73.165101753031664, -38.708287065916849 ], [ -73.165092074724399, -38.708279578382694 ], [ -73.165093770743766, -38.708278232471429 ], [ -73.164983608357744, -38.708193911949323 ], [ -73.164950749154059, -38.708162764153691 ], [ -73.164932005738009, -38.708146594810046 ], [ -73.16493188249089, -38.708146488479024 ], [ -73.164871721849579, -38.708103200621267 ], [ -73.164806297395558, -38.708070731422787 ], [ -73.16479991023931, -38.708068144941599 ], [ -73.164801915252042, -38.708065105155626 ], [ -73.164713378420387, -38.708030319929868 ], [ -73.164542960065518, -38.707928503205139 ], [ -73.16450857904826, -38.707903668013209 ], [ -73.164486498390488, -38.707892327367254 ], [ -73.164475902333749, -38.707888218168215 ], [ -73.1643009611319, -38.707804387522984 ], [ -73.164189224188078, -38.707739449265176 ], [ -73.164156311656853, -38.707725339411397 ], [ -73.164151611210656, -38.707723553055253 ], [ -73.163961999966062, -38.707632796850177 ], [ -73.16379820835202, -38.707515158593743 ], [ -73.16378811715775, -38.707506360391925 ], [ -73.163699865697851, -38.70741912810297 ], [ -73.1636751821259, -38.707391364437633 ], [ -73.163640424754902, -38.707355509845996 ], [ -73.163644631626397, -38.70735300605805 ], [ -73.163529550131926, -38.707211663697173 ], [ -73.163523425256557, -38.70721423546189 ], [ -73.163456737654784, -38.707116725282212 ], [ -73.163442891763239, -38.707095828463878 ], [ -73.163427049743461, -38.707071135173109 ], [ -73.163425462128188, -38.707068780472952 ], [ -73.163388453404167, -38.707008586094041 ], [ -73.163357120047067, -38.706952382215398 ], [ -73.163353369739298, -38.70694579924681 ], [ -73.163330085350509, -38.70690579103141 ], [ -73.163307513056949, -38.706864283308356 ], [ -73.163273955597106, -38.706798021194778 ], [ -73.163252739286591, -38.706767431483307 ], [ -73.163222669293205, -38.706724600889899 ], [ -73.163195412840437, -38.706682779648439 ], [ -73.163178477451865, -38.70665857289405 ], [ -73.163116902595078, -38.70655563946319 ], [ -73.163078749107981, -38.706479730921195 ], [ -73.16306015437543, -38.706448797000895 ], [ -73.163054047795342, -38.706438469436343 ], [ -73.163042158110983, -38.706418023736482 ], [ -73.163042530389163, -38.706417890818514 ], [ -73.16304034671721, -38.706414917417639 ], [ -73.163004539430176, -38.706352718693353 ], [ -73.162997833689417, -38.706343185386046 ], [ -73.162991049226321, -38.706333807396526 ], [ -73.162986843100327, -38.706328152202047 ], [ -73.162945739439493, -38.706280242181926 ], [ -73.162905130123946, -38.706238906076621 ], [ -73.162895117147656, -38.706228560496676 ], [ -73.162825487396262, -38.706155530589939 ], [ -73.162820290699074, -38.706150164281325 ], [ -73.162776093991255, -38.706105226826232 ], [ -73.162740571193908, -38.706067081187243 ], [ -73.16272246042746, -38.706046522490581 ], [ -73.162679395941922, -38.705993810051226 ], [ -73.162672436548931, -38.705984602007277 ], [ -73.162652459324804, -38.705960020445175 ], [ -73.162593394093207, -38.705892283708977 ], [ -73.162454691282832, -38.705675261026713 ], [ -73.162453421149266, -38.705672347468528 ], [ -73.162402768050839, -38.705505857856991 ], [ -73.162393213272068, -38.705334866444645 ], [ -73.162396001584028, -38.705292378604454 ], [ -73.162402102780717, -38.705188610413785 ], [ -73.162402563664202, -38.705178023976913 ], [ -73.162406458475772, -38.705041076078558 ], [ -73.162407402102374, -38.705019503302644 ], [ -73.16241273437582, -38.704929210808814 ], [ -73.162413232758098, -38.704899349002453 ], [ -73.162411104175419, -38.704816329141856 ], [ -73.162410914671256, -38.704790491039923 ], [ -73.162410920049098, -38.704790000711803 ], [ -73.162405938831554, -38.704727521080009 ], [ -73.162396630438963, -38.704687559595513 ], [ -73.162394842883145, -38.704681514684815 ], [ -73.162385093399124, -38.704645150501513 ], [ -73.1623774203251, -38.704613277526676 ], [ -73.162366398057387, -38.704580976019081 ], [ -73.162349353179707, -38.704550323159602 ], [ -73.162324400690906, -38.70451328701246 ], [ -73.162306244993374, -38.704488304690571 ], [ -73.162272024056733, -38.704444527881186 ], [ -73.162236139653601, -38.70440382740685 ], [ -73.162192719689472, -38.704359947947893 ], [ -73.162161919500278, -38.704331358634562 ], [ -73.162109016138189, -38.704286200940423 ], [ -73.162064906230555, -38.704255704742785 ], [ -73.162028023544963, -38.704246693007853 ], [ -73.161952740456073, -38.704240190278163 ], [ -73.161847921126125, -38.704238342618495 ], [ -73.161837569394834, -38.704238420941984 ], [ -73.161747560329218, -38.704249401336341 ], [ -73.161730839922569, -38.704254358666127 ], [ -73.16171328874654, -38.704262809335937 ], [ -73.161672225663679, -38.704293490341989 ], [ -73.161624596388407, -38.70435375478452 ], [ -73.161598663612764, -38.704412751960227 ], [ -73.161589643563204, -38.704440841639119 ], [ -73.161513286587635, -38.704577606106 ], [ -73.161509003551359, -38.704583818032212 ], [ -73.16148223096485, -38.70462830036174 ], [ -73.161416108471585, -38.704755786761389 ], [ -73.16139962434336, -38.704791909340749 ], [ -73.161394073805198, -38.704805929915786 ], [ -73.161375217679321, -38.704862722127004 ], [ -73.161308803176183, -38.705009375474816 ], [ -73.161306762581148, -38.705012885354087 ], [ -73.161278420133399, -38.705058223014731 ], [ -73.161267022403649, -38.705075231629003 ], [ -73.16120917233782, -38.705152060256587 ], [ -73.161203761830606, -38.7051584949903 ], [ -73.161056996032755, -38.70529961302406 ], [ -73.160877020658518, -38.705414730279159 ], [ -73.160671184516474, -38.705499146173693 ], [ -73.160447892486118, -38.705549413743839 ], [ -73.160216262297311, -38.705563480406916 ], [ -73.160206786535795, -38.705563303211008 ], [ -73.16016914181796, -38.705562764073456 ], [ -73.160125493491847, -38.705562141807839 ], [ -73.160085787566004, -38.705561573215761 ], [ -73.160040145880714, -38.705560920818868 ], [ -73.160035045031663, -38.705560847991549 ], [ -73.159938892722238, -38.705564675125096 ], [ -73.159900787516946, -38.705567287264309 ], [ -73.159888898840791, -38.705567798275716 ], [ -73.159867938594942, -38.705568699249817 ], [ -73.159807822548899, -38.705570048948488 ], [ -73.159801737511614, -38.705570060808441 ], [ -73.159781245852329, -38.705570100526934 ], [ -73.159707960615904, -38.705576865762595 ], [ -73.159490132017666, -38.705580685104728 ], [ -73.159275295470295, -38.705552234935773 ], [ -73.159071166728936, -38.705492537038133 ], [ -73.158885076938532, -38.705403735437862 ], [ -73.15872370931811, -38.705289019394343 ], [ -73.158592859126685, -38.705152508849004 ], [ -73.158497225533779, -38.704999106448611 ], [ -73.158440242869702, -38.704834321460091 ], [ -73.158423957313744, -38.704664071902812 ], [ -73.15842608071776, -38.704581226508196 ], [ -73.158425980438636, -38.704580044554476 ], [ -73.158417768044629, -38.70453970096878 ], [ -73.158400293720945, -38.704501208154184 ], [ -73.158388231031623, -38.704480788558527 ], [ -73.158386686605738, -38.704478174396151 ], [ -73.158369356499151, -38.704447341099907 ], [ -73.15833637774071, -38.704385559237615 ], [ -73.158312913589683, -38.704355875158036 ], [ -73.158269284876695, -38.704314157491119 ], [ -73.158242214150533, -38.704291579861398 ], [ -73.158241315431482, -38.704290830384252 ], [ -73.158198103430237, -38.704258945073683 ], [ -73.158170802232675, -38.704243650512602 ], [ -73.158070010534132, -38.704209353235726 ], [ -73.15794648579076, -38.704187630193459 ], [ -73.15793830495079, -38.704187320458516 ], [ -73.157935893800868, -38.704187300604595 ], [ -73.157902699534432, -38.70418718365152 ], [ -73.157842341891666, -38.704192091225259 ], [ -73.157805768747863, -38.704201532541781 ], [ -73.157686615614864, -38.704245159436361 ], [ -73.157472839146223, -38.70428706802084 ], [ -73.157252785471371, -38.704296246988356 ], [ -73.15705643968144, -38.704274756236906 ], [ -73.157056314840361, -38.704275279814425 ], [ -73.157041774654942, -38.704273151083413 ], [ -73.157034539123586, -38.704272359121084 ], [ -73.157000026726422, -38.704265890884734 ], [ -73.157000502740004, -38.704264331395201 ], [ -73.156827277733058, -38.704225407149764 ], [ -73.156790079293913, -38.704213973039423 ], [ -73.156783553979608, -38.704212097409552 ], [ -73.156689985148375, -38.704192052187004 ], [ -73.156685310603493, -38.704191377448915 ], [ -73.156483667080622, -38.704147074591567 ], [ -73.156473851461911, -38.70414413931303 ], [ -73.156439706075957, -38.704132994853168 ], [ -73.156361194223692, -38.70410846767944 ], [ -73.1561294477047, -38.704010649574016 ], [ -73.156057037254357, -38.703971091737507 ], [ -73.156033534295872, -38.703962691676281 ], [ -73.155943753228584, -38.703945560523039 ], [ -73.155910739967808, -38.703937295695155 ], [ -73.155833885228972, -38.703923480298549 ], [ -73.155583408520883, -38.703853750126534 ], [ -73.155392644572387, -38.703757284607825 ], [ -73.15539135056909, -38.70375868709165 ], [ -73.155278975843885, -38.703695024051697 ], [ -73.155100588534765, -38.703569850266675 ], [ -73.154959161260081, -38.703418435756504 ], [ -73.154860829011213, -38.703247349025247 ], [ -73.154854369007296, -38.703232014001237 ], [ -73.154842360372442, -38.703201726401339 ], [ -73.154832057448701, -38.703174029252494 ], [ -73.154828575304393, -38.703165325524985 ], [ -73.154816272463904, -38.703137742917818 ], [ -73.154811913726675, -38.703128902599254 ], [ -73.15480425818734, -38.703113376729114 ], [ -73.15475558684453, -38.703039012853054 ], [ -73.154743585824107, -38.703025063261137 ], [ -73.154728937016969, -38.703009126334841 ], [ -73.154673408518192, -38.702959774714117 ], [ -73.154645670324285, -38.702934175597541 ], [ -73.154641798387104, -38.702930464207419 ], [ -73.154634295477322, -38.70292327220438 ], [ -73.154601931179599, -38.702895555343915 ], [ -73.154530128259466, -38.702847118310835 ], [ -73.154502841624534, -38.702828111817375 ], [ -73.154502177157113, -38.702827633969413 ], [ -73.154456194273507, -38.702792666499406 ], [ -73.154442014520484, -38.702781265362304 ], [ -73.154417013046185, -38.702766437138763 ], [ -73.154378562963316, -38.702749191997391 ], [ -73.154372284842367, -38.702746711540023 ], [ -73.154345381689126, -38.702736083469631 ], [ -73.154337645936565, -38.702733027118725 ], [ -73.154326250549104, -38.702728833992971 ], [ -73.154279249777119, -38.702716875981274 ], [ -73.15418171084022, -38.702707678380747 ], [ -73.154030736012416, -38.702685338972941 ], [ -73.153979687929748, -38.702674975524161 ], [ -73.153966310760424, -38.702674892022507 ], [ -73.153919263394073, -38.702683168248313 ], [ -73.153666194080571, -38.702705044866008 ], [ -73.153413185913905, -38.702682738351449 ], [ -73.153371804005118, -38.702675384867895 ], [ -73.153260417905955, -38.702674409446622 ], [ -73.153088268093356, -38.702662725742059 ], [ -73.152920297423861, -38.702630956346276 ], [ -73.152802967846497, -38.702601296586884 ], [ -73.152605089780295, -38.702534664268782 ], [ -73.152533978318175, -38.702504246211959 ], [ -73.152509613221255, -38.702498285025136 ], [ -73.15243013053707, -38.702491192542297 ], [ -73.152421379565368, -38.702490894334751 ], [ -73.152379792515916, -38.702488797278477 ], [ -73.152333646978761, -38.702486470294893 ], [ -73.152294645714861, -38.702483980661164 ], [ -73.152218078670714, -38.702478063583129 ], [ -73.15217621278714, -38.7024773187336 ], [ -73.152162067109842, -38.702476998792527 ], [ -73.152143671974017, -38.702476493929552 ], [ -73.152029971917827, -38.70248378647134 ], [ -73.151859056987306, -38.702510181304795 ], [ -73.151665477228349, -38.702514118527624 ], [ -73.151660557545696, -38.702513893257141 ], [ -73.151603976414293, -38.702510201951121 ], [ -73.15153977353026, -38.702504759529134 ], [ -73.151501160277761, -38.702502514384726 ], [ -73.151471038527561, -38.702501560959654 ], [ -73.151456021722126, -38.702501008556446 ], [ -73.151420378688144, -38.702499514324458 ], [ -73.151391535211417, -38.702499266688079 ], [ -73.151309776228075, -38.70250727714982 ], [ -73.151288609319295, -38.702511926973948 ], [ -73.15116978602218, -38.702552595125916 ], [ -73.151169003644654, -38.702551191473233 ], [ -73.151092949153892, -38.702581537042256 ], [ -73.151058790599251, -38.702592121487243 ], [ -73.150970022067469, -38.702628222533242 ], [ -73.150944622752874, -38.702642733882833 ], [ -73.150922131888464, -38.702657013121055 ], [ -73.150898880788844, -38.702672596317356 ], [ -73.150879699039749, -38.702686161311775 ], [ -73.150843251895779, -38.702714204437029 ], [ -73.150663450666769, -38.702827178618477 ], [ -73.150458506215713, -38.702909781406504 ], [ -73.150236654281315, -38.702958693370434 ], [ -73.15000681010595, -38.70297194895975 ], [ -73.149778210136461, -38.702949015498021 ], [ -73.149560040810513, -38.7028908145899 ], [ -73.14936106935474, -38.70279968508045 ], [ -73.149189291438375, -38.702679289056704 ], [ -73.149165506144456, -38.70265890400109 ], [ -73.149059327294566, -38.70255298194779 ], [ -73.148999178751822, -38.702469930507498 ], [ -73.148880415029012, -38.702344404847402 ], [ -73.148778818828632, -38.702248908713067 ], [ -73.148668071335536, -38.702086136684343 ], [ -73.148620844870749, -38.701959683584306 ], [ -73.148619241758681, -38.701960041466833 ], [ -73.148589377735064, -38.70187789768601 ], [ -73.148567215442995, -38.701843565589812 ], [ -73.1485229394535, -38.70179576238106 ], [ -73.14843128482282, -38.701679064241929 ], [ -73.148363276666132, -38.701552823297973 ], [ -73.148359195546774, -38.701543279363847 ], [ -73.148307385417297, -38.701361547414386 ], [ -73.148304361240136, -38.70117535076109 ], [ -73.148350251843553, -38.700992644365442 ], [ -73.148443096279308, -38.700821234015002 ], [ -73.148473261369361, -38.700778467922724 ], [ -73.148478117756255, -38.700745894366776 ], [ -73.148474208446785, -38.700709808012689 ], [ -73.148447532221695, -38.700671545289254 ], [ -73.148401293579781, -38.700625986710399 ], [ -73.148399198074813, -38.700624187989682 ], [ -73.148362648158184, -38.700597848257502 ], [ -73.148324845034992, -38.700578906437833 ], [ -73.148260708016636, -38.700558498676266 ], [ -73.148120209196577, -38.700541043244563 ], [ -73.148110535496443, -38.700540899627164 ], [ -73.148029177633688, -38.700539996964665 ], [ -73.148002116413778, -38.700539446935338 ], [ -73.147958821369826, -38.700538167079479 ], [ -73.147885548608855, -38.700539507636272 ], [ -73.147858213101429, -38.700540954441863 ], [ -73.147798604912182, -38.700543314724762 ], [ -73.147771526640611, -38.700544890179614 ], [ -73.147758955389278, -38.700545856053154 ], [ -73.14765782054576, -38.700562894964854 ], [ -73.147575524776258, -38.700594752311922 ], [ -73.147571966992572, -38.700597050858711 ], [ -73.147546131633149, -38.700634929918245 ], [ -73.14753687952836, -38.700652407524359 ], [ -73.147524276721626, -38.700677631962314 ], [ -73.147523877757649, -38.700677509557686 ], [ -73.147504410210047, -38.700715182386027 ], [ -73.147421704029497, -38.70086172991838 ], [ -73.14736018180389, -38.700990318881203 ], [ -73.147359226852288, -38.70099178019418 ], [ -73.147308243567892, -38.701088754886953 ], [ -73.14720507476919, -38.701241481816723 ], [ -73.147066591243544, -38.701375963131241 ], [ -73.146897888145801, -38.701487250759087 ], [ -73.14670517261095, -38.70157124999352 ], [ -73.146495535366824, -38.70162487016507 ], [ -73.146276689821605, -38.701646138370073 ], [ -73.146056688228839, -38.701634272068624 ], [ -73.145843625379101, -38.701589707879542 ], [ -73.145681728087894, -38.701542404961501 ], [ -73.145670520536598, -38.701539233635899 ], [ -73.145578686826994, -38.701514088064016 ], [ -73.145510484156873, -38.701499041233376 ], [ -73.145398429514984, -38.701480076865835 ], [ -73.145330667601016, -38.701471889576204 ], [ -73.145242029457052, -38.701465393188869 ], [ -73.145211483911254, -38.701463796151025 ], [ -73.145158268598692, -38.701462127801115 ], [ -73.145000550699493, -38.701472476651823 ], [ -73.144795809466913, -38.701471574056008 ], [ -73.144697928359847, -38.701457303111702 ], [ -73.144697649886496, -38.701458672625996 ], [ -73.144627665453484, -38.701449934300022 ], [ -73.144561860667608, -38.701447810007885 ], [ -73.14455203444723, -38.701449310885302 ], [ -73.144426214067963, -38.701460005672658 ], [ -73.144426422562248, -38.701461577403855 ], [ -73.144335352089684, -38.701468995628048 ], [ -73.144266421516576, -38.701483569934844 ], [ -73.144216831909304, -38.70149559925067 ], [ -73.144082911087949, -38.701523166346831 ], [ -73.144038226336463, -38.701537781770924 ], [ -73.143990895463887, -38.701557718722725 ], [ -73.14398316214546, -38.701577657720307 ], [ -73.143898838924684, -38.701737793306123 ], [ -73.143776960828987, -38.701882321139117 ], [ -73.143622034247727, -38.702005897124764 ], [ -73.143439787667404, -38.702103951866292 ], [ -73.143236959857688, -38.702172859637365 ], [ -73.143021050684908, -38.702210072460758 ], [ -73.142800043769782, -38.70221421433267 ], [ -73.142582111248473, -38.702185132107353 ], [ -73.142375311559604, -38.702123901159489 ], [ -73.142187291438418, -38.702032785614961 ], [ -73.142160215472302, -38.70201665121192 ], [ -73.142055894567989, -38.701967991273968 ], [ -73.141979959355211, -38.701946713488063 ], [ -73.141891711232518, -38.701928083980306 ], [ -73.141775372069006, -38.701895539760237 ], [ -73.141675544711745, -38.701870027136096 ], [ -73.14161515286925, -38.701865251933064 ], [ -73.141517107883786, -38.701865773168308 ], [ -73.141429698387952, -38.701871489599178 ], [ -73.141422360871076, -38.701872415990792 ], [ -73.141403507402345, -38.701874796316318 ], [ -73.141391618763791, -38.70187755375413 ], [ -73.141357005138474, -38.701882814791226 ], [ -73.141334965783642, -38.701894122667589 ], [ -73.141142593431653, -38.701973562652469 ], [ -73.140934573178384, -38.702023196847229 ], [ -73.140718347109186, -38.702041249552259 ], [ -73.140501650908419, -38.702027074922775 ], [ -73.140292237078256, -38.701981180076018 ], [ -73.140232582192823, -38.701963187332204 ], [ -73.140138911903279, -38.701931119348821 ], [ -73.139938259369828, -38.70185392801703 ], [ -73.139730252152987, -38.701773908044039 ], [ -73.139423907340898, -38.701656058123 ], [ -73.139249407661381, -38.701588927000792 ], [ -73.139193616782421, -38.701570260128292 ], [ -73.138998842971688, -38.701514422411563 ], [ -73.138926097462161, -38.701497741886882 ], [ -73.138677627629434, -38.701454483586545 ], [ -73.138668654346887, -38.701452980130561 ], [ -73.138442169471105, -38.701416511647885 ], [ -73.138424679144109, -38.701413584053483 ], [ -73.13836092598595, -38.701402505782831 ], [ -73.138208023781999, -38.701367060576018 ], [ -73.138184852784605, -38.701360287654921 ], [ -73.138014672315691, -38.701297687555652 ], [ -73.137847841304421, -38.701222706749604 ], [ -73.137606086319721, -38.701114050672416 ], [ -73.137342419003303, -38.700995544924893 ], [ -73.137243652229543, -38.700951155037544 ], [ -73.13714855899039, -38.700917029742428 ], [ -73.136961617521422, -38.700865514088306 ], [ -73.13692347341032, -38.700856157273989 ], [ -73.136718077998523, -38.700811856628654 ], [ -73.136664205652707, -38.700802393263615 ], [ -73.136377016788401, -38.700763193388163 ], [ -73.136195949760946, -38.700738480187013 ], [ -73.13615742769268, -38.700734269410127 ], [ -73.13603558677994, -38.700724231531744 ], [ -73.135960025463206, -38.700721929711193 ], [ -73.135863358699993, -38.700723978430496 ], [ -73.135795846403198, -38.700728543003095 ], [ -73.135707990180848, -38.700738602903591 ], [ -73.13566664945688, -38.700744554005446 ], [ -73.135631659971722, -38.700750635171197 ], [ -73.135530268166846, -38.700776194511143 ], [ -73.135430625284442, -38.700809595939681 ], [ -73.135381231580382, -38.700828389678954 ], [ -73.135246073074299, -38.7008862265738 ], [ -73.13508062378564, -38.700957024777459 ], [ -73.134938311796844, -38.701017923224498 ], [ -73.1348522374862, -38.70105475553332 ], [ -73.134809898801066, -38.701077206494048 ], [ -73.134818305754663, -38.701116720974873 ], [ -73.134922857519101, -38.701424337497691 ], [ -73.13492457229566, -38.701428516485223 ], [ -73.135423634800617, -38.702896852550694 ], [ -73.135423634799849, -38.70289685255085 ], [ -73.13542363481875, -38.70289685260407 ], [ -73.136370006532005, -38.705681096177791 ], [ -73.137012494682025, -38.707571191435456 ], [ -73.137110220011479, -38.70785867569321 ], [ -73.137227439590248, -38.708203507833055 ], [ -73.137227439745232, -38.708203508209735 ], [ -73.137265204483356, -38.708314602277902 ], [ -73.137265854864168, -38.708316524050609 ], [ -73.137668420784777, -38.709511343519395 ], [ -73.137673360021566, -38.709525113251217 ], [ -73.137688782383137, -38.709565627116454 ], [ -73.137697813979855, -38.709590667483504 ], [ -73.13814318691162, -38.710897272960175 ], [ -73.139014431222463, -38.713459937256147 ], [ -73.139014473540243, -38.713460041062199 ], [ -73.139034243918218, -38.713518183976952 ], [ -73.139069988798084, -38.713684971553228 ], [ -73.13906531676821, -38.713854054388356 ], [ -73.139020392198461, -38.714019473667641 ], [ -73.138936798062787, -38.714175399647957 ], [ -73.138817480187612, -38.714316337116202 ], [ -73.138666643461946, -38.714437319062696 ], [ -73.138660092591834, -38.71444166953205 ], [ -73.138655157253055, -38.714444984869878 ], [ -73.138621333774012, -38.714467967184675 ], [ -73.138592829500723, -38.714487661276401 ], [ -73.138530753180476, -38.71453519076114 ], [ -73.138530743217629, -38.714535182773929 ], [ -73.138517376332047, -38.714545849366218 ], [ -73.138504129155962, -38.714555806848118 ], [ -73.138461617229993, -38.714587760881258 ], [ -73.138458308463441, -38.714590247872216 ], [ -73.138392160849932, -38.714649520843409 ], [ -73.138383134286599, -38.714659204475467 ], [ -73.138347421484056, -38.714697514064383 ], [ -73.138311231062701, -38.714736336428153 ], [ -73.1382921948573, -38.714756757598934 ], [ -73.138264748542696, -38.714792946795562 ], [ -73.138246485013823, -38.714832536120582 ], [ -73.138241281437303, -38.714848359200992 ], [ -73.138222276747683, -38.714906148454247 ], [ -73.138202277608002, -38.714966960401433 ], [ -73.138186694201295, -38.715014344756213 ], [ -73.138182082097345, -38.715029440716918 ], [ -73.138171974677547, -38.715065237245724 ], [ -73.138157347973163, -38.715117031853332 ], [ -73.138145665563897, -38.715158408162708 ], [ -73.138138871921512, -38.715186742181523 ], [ -73.138127468561336, -38.715244421290166 ], [ -73.138112923250134, -38.715317990344872 ], [ -73.138099969276212, -38.715383517153391 ], [ -73.138093073812115, -38.715418411313841 ], [ -73.138086687976553, -38.715470957669282 ], [ -73.138083283542642, -38.715544502231239 ], [ -73.138082907164431, -38.715561793521687 ], [ -73.138083026745207, -38.715605421443442 ], [ -73.13808318715347, -38.715664126655831 ], [ -73.13808332839325, -38.715716024819727 ], [ -73.138083409118238, -38.715745341711809 ], [ -73.138084766749955, -38.71576386414884 ], [ -73.138086257761515, -38.715844478540347 ], [ -73.13808811326119, -38.715901308004661 ], [ -73.138090517597576, -38.71593232305252 ], [ -73.138094711270796, -38.715966672493742 ], [ -73.138104448312973, -38.716005613896478 ], [ -73.138202618028402, -38.715990658535098 ], [ -73.138231378674931, -38.71598547798574 ], [ -73.138231232221386, -38.715984969010911 ], [ -73.13833192516951, -38.715967184803851 ], [ -73.138437775898026, -38.715943191982248 ], [ -73.138478474106634, -38.715934597112359 ], [ -73.13855528858555, -38.715919552502662 ], [ -73.138708113189736, -38.715898085545454 ], [ -73.138794732997667, -38.715890600964578 ], [ -73.138824370823158, -38.715888343927325 ], [ -73.138992359471956, -38.715877268982375 ], [ -73.13907382968199, -38.715874172305568 ], [ -73.139169561278422, -38.715873196919574 ], [ -73.139207882937697, -38.715873306783593 ], [ -73.139308006765205, -38.71587490116675 ], [ -73.139377424375652, -38.71587600608563 ], [ -73.139487190721255, -38.715881877718303 ], [ -73.139578417184936, -38.715890207941904 ], [ -73.139663674363121, -38.715897994390126 ], [ -73.139753319199158, -38.715909005442434 ], [ -73.139816331630925, -38.715918754919507 ], [ -73.139892244627006, -38.715930501615318 ], [ -73.139920766601563, -38.71593433338257 ], [ -73.140026535213579, -38.715946404232895 ], [ -73.140146181157732, -38.715960060412357 ], [ -73.1401633234304, -38.715962120535629 ], [ -73.140262257614253, -38.715974609168924 ], [ -73.140268354391864, -38.715975391943424 ], [ -73.140309025157563, -38.715980701652477 ], [ -73.140406847764339, -38.715996925648355 ], [ -73.140426589951758, -38.716000909728805 ], [ -73.140535531335757, -38.716027474131195 ], [ -73.140555999071935, -38.716033352407337 ], [ -73.140608875945986, -38.716049711133884 ], [ -73.140695599637155, -38.716078502328166 ], [ -73.140701280560862, -38.716080402438543 ], [ -73.140729964218494, -38.716090067756937 ], [ -73.140877419770078, -38.716149986900085 ], [ -73.140911072022604, -38.716166179063165 ], [ -73.140926845280987, -38.716173499782485 ], [ -73.140969297743467, -38.716192493095399 ], [ -73.141060495166045, -38.716237873873574 ], [ -73.141119834264259, -38.716270564396041 ], [ -73.14113073836927, -38.716276425914323 ], [ -73.141195674056803, -38.716310478310696 ], [ -73.141245435745233, -38.716336573420726 ], [ -73.141251271447402, -38.716339593565088 ], [ -73.141323269543477, -38.716376363782189 ], [ -73.141367070513326, -38.716398733833913 ], [ -73.14141676244904, -38.716425594638821 ], [ -73.141479144359408, -38.716461244227517 ], [ -73.141533803328741, -38.716492480689745 ], [ -73.141570143174576, -38.716511630039705 ], [ -73.141646279863281, -38.716548529774734 ], [ -73.14175133224407, -38.716599445231594 ], [ -73.141774762117564, -38.716610209774288 ], [ -73.141861736709927, -38.716648034665141 ], [ -73.141946335396057, -38.716684825048176 ], [ -73.141980218351591, -38.716698430163909 ], [ -73.142143138790274, -38.716758596295961 ], [ -73.142231795138059, -38.716791170764893 ], [ -73.142296062892399, -38.716814783251095 ], [ -73.142304521223636, -38.716817825718522 ], [ -73.142426097981698, -38.716860626828215 ], [ -73.142538373022546, -38.716900152281617 ], [ -73.142552013287457, -38.71690478906487 ], [ -73.142656097128182, -38.716938924495437 ], [ -73.142758376679097, -38.716972466097388 ], [ -73.142791514862921, -38.716982403296129 ], [ -73.142899078128934, -38.717011709814933 ], [ -73.142988451887049, -38.717036060932095 ], [ -73.143036991558446, -38.717047433753429 ], [ -73.143136826990158, -38.717067114238979 ], [ -73.1432331892657, -38.717086108816829 ], [ -73.143279859163442, -38.717093711145885 ], [ -73.143370283229132, -38.71710539944084 ], [ -73.143394498478415, -38.717108116255616 ], [ -73.14346727735618, -38.717115047108592 ], [ -73.143527835582233, -38.717122100427069 ], [ -73.143645733299422, -38.71713835620497 ], [ -73.143771556310298, -38.717155574559889 ], [ -73.14378819110695, -38.717157654542632 ], [ -73.143919397676072, -38.717172519061904 ], [ -73.143950822036061, -38.717176427594133 ], [ -73.144107825004426, -38.717197703983324 ], [ -73.144116476616659, -38.717198903093987 ], [ -73.14423662946983, -38.717215927293118 ], [ -73.144244168390244, -38.717217015805673 ], [ -73.144335641309453, -38.71723047028938 ], [ -73.144362565600701, -38.717234691814092 ], [ -73.144446309431899, -38.717248638870892 ], [ -73.144466207842243, -38.717251666613251 ], [ -73.144578602077942, -38.717267162832755 ], [ -73.144598316959886, -38.717270020025666 ], [ -73.144687925509004, -38.717283640567537 ], [ -73.144725940610414, -38.717289942787822 ], [ -73.144857918638579, -38.717313654259748 ], [ -73.144935273693079, -38.717329791563039 ], [ -73.145018719263476, -38.717349660521208 ], [ -73.145098336184617, -38.717368618671216 ], [ -73.145157203807315, -38.717384007200359 ], [ -73.145217249050262, -38.717401127568017 ], [ -73.145309479662529, -38.717427426254915 ], [ -73.145332927616209, -38.717433667513902 ], [ -73.145417045547219, -38.717454485450325 ], [ -73.145444049334387, -38.717461169015287 ], [ -73.145574457758016, -38.717500417687283 ], [ -73.14560241274944, -38.717510397322528 ], [ -73.145702531563188, -38.717546140501007 ], [ -73.14577949428039, -38.717573610950495 ], [ -73.145850455235347, -38.717601291384703 ], [ -73.145924938848651, -38.717632901182995 ], [ -73.145933681756119, -38.717636535640906 ], [ -73.14603961858613, -38.717679662520844 ], [ -73.146100004581953, -38.717706082019596 ], [ -73.146149887611486, -38.717729475188321 ], [ -73.146209272057632, -38.717757324765508 ], [ -73.146226699129372, -38.717765663094156 ], [ -73.146285474486163, -38.717794349723938 ], [ -73.146398814650539, -38.717857424986924 ], [ -73.146464967107278, -38.717899174220328 ], [ -73.14648886765022, -38.71791346692261 ], [ -73.146585824412, -38.717968364263633 ], [ -73.146591201660357, -38.717971427458572 ], [ -73.146700470911554, -38.71803405261344 ], [ -73.146747083934287, -38.718062230799269 ], [ -73.146823832414185, -38.718111132241788 ], [ -73.14685597321656, -38.718130184249347 ], [ -73.146966733948076, -38.7181911762966 ], [ -73.146976263186048, -38.718196312292427 ], [ -73.147099526717085, -38.718261326465274 ], [ -73.147107588950121, -38.71826550208776 ], [ -73.147242147309939, -38.718333926666624 ], [ -73.147259882277751, -38.71834259027127 ], [ -73.147359989731427, -38.71838953513825 ], [ -73.147391667258063, -38.718403346330675 ], [ -73.147508004207879, -38.718450367297002 ], [ -73.147513157475814, -38.718452463058327 ], [ -73.147663493254726, -38.718513980308245 ], [ -73.147693661239288, -38.718525460234602 ], [ -73.147801915951703, -38.718563638370696 ], [ -73.147919108357002, -38.71860496807723 ], [ -73.147971731581777, -38.718621137753132 ], [ -73.148046464141217, -38.71864083728611 ], [ -73.148118444222902, -38.718655819855641 ], [ -73.148232003097419, -38.718673373681668 ], [ -73.148351509460568, -38.718691854705362 ], [ -73.148423167896667, -38.718699304028561 ], [ -73.1485536165806, -38.718706362391423 ], [ -73.148565946865403, -38.718707081755852 ], [ -73.148703749177741, -38.718715705085934 ], [ -73.148746735169894, -38.718717129434822 ], [ -73.1488402602196, -38.718717483535549 ], [ -73.148907401763893, -38.718714654942893 ], [ -73.149021793544662, -38.718704550229127 ], [ -73.149052940660383, -38.718701120458768 ], [ -73.149178350284203, -38.718684558314358 ], [ -73.149204236889574, -38.718681376783827 ], [ -73.149292123901262, -38.718671377589047 ], [ -73.149330547146889, -38.718665956405921 ], [ -73.149476519677961, -38.718641324142645 ], [ -73.1494851151501, -38.718639900580804 ], [ -73.14964852972696, -38.718613346605402 ], [ -73.149674887579323, -38.718608554082671 ], [ -73.149797601261426, -38.718583843455328 ], [ -73.149841158533675, -38.718573617388003 ], [ -73.149999200703007, -38.718531107201777 ], [ -73.150025386218005, -38.718523501921752 ], [ -73.150197745396483, -38.718469676380707 ], [ -73.15024150816528, -38.718454322733862 ], [ -73.150373881601197, -38.718402583500264 ], [ -73.15044249295542, -38.718370933514578 ], [ -73.150553252792093, -38.718311373597693 ], [ -73.150715807361976, -38.718223961423611 ], [ -73.150873690456478, -38.718139060522979 ], [ -73.151015187332817, -38.718062971459489 ], [ -73.151154059114134, -38.71798829306973 ], [ -73.151305812029094, -38.717906688523733 ], [ -73.151437209070522, -38.717836029268732 ], [ -73.151463874055111, -38.717820789614812 ], [ -73.15156587114005, -38.71775890415303 ], [ -73.151650280953405, -38.717707689545392 ], [ -73.151651591710149, -38.717706895441843 ], [ -73.151754281004003, -38.717644775045166 ], [ -73.151856052501088, -38.717583210512359 ], [ -73.151874847726788, -38.717572079625981 ], [ -73.152084168991635, -38.717450735058918 ], [ -73.152380294082263, -38.717277137774907 ], [ -73.152621188098664, -38.71713383627214 ], [ -73.152646203173575, -38.717118069213925 ], [ -73.152762328030931, -38.717040585332128 ], [ -73.152869257220615, -38.716969237453334 ], [ -73.152912781305005, -38.71694160065374 ], [ -73.152999858221719, -38.716889009704687 ], [ -73.153090844532926, -38.7168340572414 ], [ -73.153154726380521, -38.71679813444689 ], [ -73.153216299093174, -38.716765950710339 ], [ -73.15324452685428, -38.716750212855445 ], [ -73.153330241628709, -38.716699307249101 ], [ -73.15337570865502, -38.71667364681484 ], [ -73.153457922856887, -38.716629590489163 ], [ -73.153486861121664, -38.716613022587474 ], [ -73.153586967659066, -38.716551868578819 ], [ -73.153628970745459, -38.716527393015106 ], [ -73.153718005076513, -38.716477937429161 ], [ -73.153826204724567, -38.716417837771672 ], [ -73.153840769548907, -38.716409475362788 ], [ -73.153931880622522, -38.716355420445069 ], [ -73.153994391009803, -38.716318334076718 ], [ -73.154025100853957, -38.716298775374781 ], [ -73.154082934543894, -38.716259274771332 ], [ -73.154124218283087, -38.716232380620077 ], [ -73.154196199649107, -38.716187673562729 ], [ -73.154228749734727, -38.716168186478484 ], [ -73.154312967628769, -38.716119603706801 ], [ -73.154372994862911, -38.716087222751156 ], [ -73.154416990598477, -38.716065066298718 ], [ -73.154494153444531, -38.716026206562049 ], [ -73.15451947124383, -38.71601381718321 ], [ -73.154640513193527, -38.715956282105829 ], [ -73.154683726759089, -38.715936733444316 ], [ -73.154820789009605, -38.715877798988359 ], [ -73.15484083885498, -38.71586937897122 ], [ -73.154975263599852, -38.715814260651328 ], [ -73.155015040846507, -38.715798710539808 ], [ -73.155130354028572, -38.715755791732889 ], [ -73.15521210016324, -38.715728349303816 ], [ -73.155296132017526, -38.715703105887926 ], [ -73.155407238650298, -38.715669729954826 ], [ -73.155438027406873, -38.715660873607213 ], [ -73.155590983928434, -38.715618805206837 ], [ -73.15573180983445, -38.71558007382847 ], [ -73.155771096502946, -38.715569887067346 ], [ -73.155933705243172, -38.715530252424898 ], [ -73.156156605957165, -38.715475922387327 ], [ -73.156314112197393, -38.715437530967399 ], [ -73.156424341431489, -38.715410663157847 ], [ -73.156516218228219, -38.715391493822317 ], [ -73.156652508973238, -38.715367737814503 ], [ -73.15683325306658, -38.71533623432461 ], [ -73.15683570057972, -38.715335809916752 ], [ -73.15705486020687, -38.715298002873105 ], [ -73.157162502887203, -38.715279433740861 ], [ -73.157270381349122, -38.715260824211214 ], [ -73.157287327451442, -38.715258005609705 ], [ -73.157383874904113, -38.715242541611715 ], [ -73.157487599874074, -38.715225926913725 ], [ -73.157572043952243, -38.715212401300668 ], [ -73.157610738849968, -38.715206742201396 ], [ -73.157744120115851, -38.715189080526279 ], [ -73.15787032541985, -38.715172367886737 ], [ -73.158002931018771, -38.715154808088421 ], [ -73.158018515533058, -38.715152570884406 ], [ -73.158187974397492, -38.715126348595362 ], [ -73.158372179662237, -38.715097845055354 ], [ -73.15837834342183, -38.715096904975347 ], [ -73.158528001669509, -38.715074411507445 ], [ -73.15867780970926, -38.715051895148832 ], [ -73.158797437758452, -38.715033915285396 ], [ -73.158816822438155, -38.715031136504535 ], [ -73.158939125456669, -38.715014451637295 ], [ -73.159070557039811, -38.714996521656722 ], [ -73.15916123988076, -38.714984150203477 ], [ -73.159175569875387, -38.714982268224617 ], [ -73.159249992920323, -38.714972872458716 ], [ -73.159330282570949, -38.714962736934552 ], [ -73.15939929124913, -38.714954025543292 ], [ -73.159462142793672, -38.714946091529292 ], [ -73.159480736168405, -38.714943866480532 ], [ -73.159536437659995, -38.714937565529986 ], [ -73.159561126135088, -38.714934772856715 ], [ -73.159650125209609, -38.714927461925726 ], [ -73.159699161332085, -38.714924940106556 ], [ -73.159765325494277, -38.714921537593121 ], [ -73.159776539134882, -38.714920874572186 ], [ -73.15985710487702, -38.714915489663397 ], [ -73.159911037594995, -38.714911884556933 ], [ -73.159991566011342, -38.714908724428945 ], [ -73.160038379864901, -38.714908174971384 ], [ -73.160072226843937, -38.714907777628184 ], [ -73.160160002006236, -38.71490937358088 ], [ -73.160228096343602, -38.714912652794446 ], [ -73.160301958065418, -38.714916209099449 ], [ -73.16039720791477, -38.714920796403725 ], [ -73.160455563706705, -38.71492360594641 ], [ -73.160514039820896, -38.714927597227927 ], [ -73.16057647483872, -38.714933119879362 ], [ -73.160741313276617, -38.714957343636193 ], [ -73.160755109784034, -38.714960200642672 ], [ -73.16079058749321, -38.714967547947168 ], [ -73.160876257382441, -38.714988118934606 ], [ -73.160935345788587, -38.71500430565608 ], [ -73.160987130745383, -38.715018491561722 ], [ -73.161054841222992, -38.715038940506091 ], [ -73.161125076992221, -38.715062171961307 ], [ -73.161211319521101, -38.715090696616471 ], [ -73.161228523873092, -38.715096132410224 ], [ -73.161338678094253, -38.715129327500755 ], [ -73.161416038629497, -38.715155223279801 ], [ -73.161491498258414, -38.715183082449443 ], [ -73.161492668012187, -38.715183514943909 ], [ -73.161585635055019, -38.715217937809733 ], [ -73.161595713938652, -38.715221716750229 ], [ -73.161643161401983, -38.715239729007671 ], [ -73.161707126848597, -38.715265985943297 ], [ -73.161716040935204, -38.71526992935992 ], [ -73.161756318591785, -38.715287747621524 ], [ -73.16177162975815, -38.71529428316348 ], [ -73.161803320314988, -38.715307325891693 ], [ -73.161807938654363, -38.71530922678965 ], [ -73.161881381474473, -38.715342213503384 ], [ -73.161884598901594, -38.71534378463339 ], [ -73.161963357388757, -38.715385893427673 ], [ -73.161979583715606, -38.715395364677171 ], [ -73.161988932212068, -38.71540087953553 ], [ -73.162045167792826, -38.715434406604828 ], [ -73.162048464249551, -38.715436379282174 ], [ -73.162091132297419, -38.71546200843288 ], [ -73.162117997772, -38.715477202771588 ], [ -73.162140280231696, -38.715489055032343 ], [ -73.16216649226979, -38.715502997908501 ], [ -73.16217748495481, -38.715508918477411 ], [ -73.162190342840944, -38.715515930016835 ], [ -73.162282112420783, -38.71557156109278 ], [ -73.162287200088727, -38.715574980267291 ], [ -73.162303434118016, -38.71558609905135 ], [ -73.162326050869297, -38.715601884929704 ], [ -73.162358569399217, -38.71562458274682 ], [ -73.162365824007551, -38.715629561556483 ], [ -73.162407299932127, -38.715657548118962 ], [ -73.162430042133721, -38.715673308247155 ], [ -73.162467096398757, -38.715699677734641 ], [ -73.162489847176147, -38.715715037839509 ], [ -73.162529222899863, -38.715740248352667 ], [ -73.162557034611439, -38.715756973099097 ], [ -73.162586385950007, -38.715773534229633 ], [ -73.162595126646366, -38.715778465997424 ], [ -73.162668327237512, -38.715823398294027 ], [ -73.162672437634242, -38.715826138554569 ], [ -73.162717309366286, -38.715856053115473 ], [ -73.162728115776972, -38.71586334842123 ], [ -73.162770672606584, -38.715892440412183 ], [ -73.162810696610819, -38.715919801123668 ], [ -73.162821945345371, -38.715927592762561 ], [ -73.162891060041957, -38.7159760997652 ], [ -73.162945817680921, -38.716014566021904 ], [ -73.162958004425818, -38.716023251194819 ], [ -73.162987654889577, -38.716044688391754 ], [ -73.162994710632105, -38.716049789736338 ], [ -73.163055244381141, -38.716096933048391 ], [ -73.163075522695848, -38.716113943683943 ], [ -73.163094737352225, -38.716129309443865 ], [ -73.16310116394844, -38.716134208987384 ], [ -73.163143332737846, -38.716163350267493 ], [ -73.163153807014453, -38.716169903482971 ], [ -73.16317837157419, -38.71618571283723 ], [ -73.16318390497149, -38.71618937556611 ], [ -73.163232164399815, -38.716223189365522 ], [ -73.163242392438519, -38.716230772481978 ], [ -73.163258179005723, -38.716242702350165 ], [ -73.163269601667068, -38.716251500717902 ], [ -73.16328658429417, -38.716264581068764 ], [ -73.163305413467498, -38.716278445624866 ], [ -73.163325325932263, -38.716292461018526 ], [ -73.163360049581655, -38.716316898788897 ], [ -73.163369570382415, -38.716323606519808 ], [ -73.163457501842245, -38.716392660462091 ], [ -73.163463485526833, -38.716397898339878 ], [ -73.163471532034265, -38.716405017175582 ], [ -73.163490521153435, -38.71642199676171 ], [ -73.16354021292095, -38.716471795300791 ], [ -73.163540897796949, -38.716471375631691 ], [ -73.163600564548616, -38.716531142653146 ], [ -73.163601324821229, -38.71653182184761 ], [ -73.163615476571294, -38.716544464823734 ], [ -73.163650340531234, -38.716572985096896 ], [ -73.163672961665014, -38.716589935271578 ], [ -73.163695037071733, -38.716606476346229 ], [ -73.163731762371384, -38.716633992721576 ], [ -73.163737156283176, -38.716638034295563 ], [ -73.1637829672149, -38.716674362447229 ], [ -73.163794531111535, -38.716684068054491 ], [ -73.163826809676607, -38.716711158378565 ], [ -73.163868200267061, -38.716745896903923 ], [ -73.163908768186374, -38.716779945948765 ], [ -73.163958734312644, -38.716821880929864 ], [ -73.163995384920284, -38.716852640292366 ], [ -73.16402472154391, -38.716877262321738 ], [ -73.164060360037297, -38.716907172210099 ], [ -73.164105094872824, -38.716944718629726 ], [ -73.164148389773814, -38.716981054240215 ], [ -73.164206703435894, -38.717029995403166 ], [ -73.164230397099644, -38.717049881189041 ], [ -73.164292446985385, -38.717094819839183 ], [ -73.164295331383087, -38.71709661934144 ], [ -73.164357590843494, -38.71713838707926 ], [ -73.164389502468296, -38.717161389520626 ], [ -73.164410698834587, -38.717175933110248 ], [ -73.164447958206509, -38.717200260230811 ], [ -73.164502193561574, -38.717238004774885 ], [ -73.164527776631147, -38.717256973314669 ], [ -73.16457420990001, -38.717287913257337 ], [ -73.16459291771028, -38.717299095069301 ], [ -73.164647718643721, -38.717328098897987 ], [ -73.16468700230017, -38.717346402717915 ], [ -73.164757935042928, -38.717379450622403 ], [ -73.164792056383376, -38.71739534862968 ], [ -73.1648620763781, -38.717423086955613 ], [ -73.164889619645393, -38.717432204930958 ], [ -73.164905623122664, -38.717437282245122 ], [ -73.164964720621285, -38.717455227252898 ], [ -73.165043346315755, -38.717479101801977 ], [ -73.16510397744554, -38.717497511487586 ], [ -73.165125351868895, -38.717504194982972 ], [ -73.165172948679, -38.717519512189334 ], [ -73.165200031710185, -38.717527608805376 ], [ -73.165259446117346, -38.717544038951054 ], [ -73.165266585772997, -38.717546034068313 ], [ -73.16531525944319, -38.717559777347823 ], [ -73.165354392151826, -38.717569603348622 ], [ -73.165398591865426, -38.717579351233809 ], [ -73.165414670029293, -38.717582701219854 ], [ -73.165468794785937, -38.717593323965609 ], [ -73.165475100380988, -38.717594576385963 ], [ -73.1655413446491, -38.717607890172879 ], [ -73.165557420693645, -38.717610928767868 ], [ -73.165636471965442, -38.717624931134608 ], [ -73.165639921697959, -38.717625546556825 ], [ -73.165693670342449, -38.717635203305612 ], [ -73.165726517532477, -38.717641104426789 ], [ -73.165768854777312, -38.717647411816415 ], [ -73.165815652110211, -38.71765296853836 ], [ -73.165884762813889, -38.717661175413539 ], [ -73.16588863872002, -38.717661640972516 ], [ -73.165951503925555, -38.717669278049385 ], [ -73.165986470217959, -38.717673526130923 ], [ -73.166024334400831, -38.717677123014639 ], [ -73.166090289804046, -38.717681654828205 ], [ -73.166129776208152, -38.717684368420038 ], [ -73.166150107724334, -38.717685765587724 ], [ -73.166198715020812, -38.717687485955899 ], [ -73.166237963772303, -38.717687572082149 ], [ -73.166270077147971, -38.717687642066565 ], [ -73.166290238371587, -38.717687685940909 ], [ -73.166323898281163, -38.717686986572403 ], [ -73.166346231628538, -38.717686009111723 ], [ -73.166393849820381, -38.717683926379316 ], [ -73.166444107910266, -38.717681727930128 ], [ -73.166485887927664, -38.717679899993676 ], [ -73.16649023699793, -38.71767971618663 ], [ -73.166527788172573, -38.717678185004168 ], [ -73.16655347144318, -38.717677137848952 ], [ -73.166594644803013, -38.717674293226736 ], [ -73.16661668220415, -38.717672142681003 ], [ -73.166643316095161, -38.717669543920657 ], [ -73.166671299702514, -38.717667085652693 ], [ -73.166699013553483, -38.717664919907506 ], [ -73.166726330705089, -38.717662786392836 ], [ -73.16676197432885, -38.717659117473673 ], [ -73.166782048637344, -38.717656548561393 ], [ -73.166813557006819, -38.717652516912686 ], [ -73.166836719346847, -38.717649170182355 ], [ -73.166872114370534, -38.717643466240716 ], [ -73.166919731909601, -38.717635791670695 ], [ -73.166952391112133, -38.717630528399418 ], [ -73.167040584741798, -38.717610437357834 ], [ -73.167042682038769, -38.717609813140427 ], [ -73.167079296225737, -38.717598914373994 ], [ -73.167113501391043, -38.71758873417847 ], [ -73.16715397008106, -38.7175766887582 ], [ -73.167184536396903, -38.717567591917266 ], [ -73.16721202470832, -38.717559409818463 ], [ -73.167237049799255, -38.717551961659048 ], [ -73.167267561530025, -38.717542880054843 ], [ -73.167319485808861, -38.717527425713065 ], [ -73.1673421983715, -38.717520665272339 ], [ -73.16739122507704, -38.717503510457497 ], [ -73.167616823984105, -38.717445597871759 ], [ -73.167852794425627, -38.71742521256224 ], [ -73.168089079420227, -38.717443223353122 ], [ -73.168315608577089, -38.717498862639381 ], [ -73.16852272724681, -38.717589759096711 ], [ -73.168701607963712, -38.717712038735137 ], [ -73.168777369010328, -38.717775756857797 ], [ -73.168890810408499, -38.717871168613712 ], [ -73.168947003234948, -38.717918429136695 ], [ -73.169025386869237, -38.71797328753518 ], [ -73.169070403303579, -38.717999403284125 ], [ -73.1691875502122, -38.7180673655769 ], [ -73.169237978126262, -38.718093518393417 ], [ -73.169382709866795, -38.718160274187525 ], [ -73.169420237122267, -38.718176144824696 ], [ -73.169571906706707, -38.718234702510401 ], [ -73.169606993131978, -38.718247122667172 ], [ -73.169724915133415, -38.718285193273886 ], [ -73.169770664502849, -38.71829821655659 ], [ -73.170020216780017, -38.718360016583645 ], [ -73.170080098693077, -38.718372111474956 ], [ -73.170345881205208, -38.718413989784828 ], [ -73.170380019006785, -38.718418535261009 ], [ -73.170506043976076, -38.71843227009326 ], [ -73.170596881800606, -38.718445100059931 ], [ -73.17088372445869, -38.718495000776464 ], [ -73.170906616330996, -38.718498602636956 ], [ -73.171184269938053, -38.718537711349889 ], [ -73.171281468414378, -38.718544793858925 ], [ -73.171429965669503, -38.71854567744294 ], [ -73.171604229305757, -38.718557131651984 ], [ -73.171774261068492, -38.718589154620368 ], [ -73.171832787635495, -38.718603944817865 ], [ -73.171888245844855, -38.718611892799935 ], [ -73.17205892654917, -38.718636351091781 ], [ -73.172120999488172, -38.718642532323365 ], [ -73.172323419188544, -38.718653961662874 ], [ -73.172590110964279, -38.718669018732001 ], [ -73.172633628257614, -38.718670180126011 ], [ -73.172892461323769, -38.718669402161879 ], [ -73.173204561844329, -38.718668465240739 ], [ -73.173256452386084, -38.718666469593686 ], [ -73.173410078834124, -38.71865509005589 ], [ -73.173628225837334, -38.718638931406026 ], [ -73.173812791879442, -38.718625260282352 ], [ -73.174017972396712, -38.718610060956799 ], [ -73.174195691867425, -38.718596897286581 ], [ -73.174416365306882, -38.718597213608398 ], [ -73.174522166916546, -38.718605356499047 ], [ -73.174567484847898, -38.718602242257951 ], [ -73.1746165177059, -38.718591429092726 ] ] ], [ [ [ -73.328776728940824, -38.632652960503776 ], [ -73.328761398950959, -38.632607977473107 ], [ -73.328646851590136, -38.632375621611899 ], [ -73.328643701279901, -38.632369370337905 ], [ -73.328525752801895, -38.632140333579478 ], [ -73.328468730103893, -38.631995601090615 ], [ -73.32844342832378, -38.631845420592846 ], [ -73.328440980458709, -38.631804788273143 ], [ -73.328429871339523, -38.631752907362703 ], [ -73.328403458881752, -38.63170455096774 ], [ -73.324766970378178, -38.6267677841156 ], [ -73.324730621568563, -38.626718434151577 ], [ -73.324702831219383, -38.626687200615244 ], [ -73.324668675136891, -38.626660128874597 ], [ -73.320799497808821, -38.624076786619284 ], [ -73.32075704328706, -38.624053666747351 ], [ -73.320719941383615, -38.624081890601992 ], [ -73.318065119634156, -38.626542212837727 ], [ -73.317852476873384, -38.626695249959191 ], [ -73.317602007517479, -38.62683445581667 ], [ -73.317371586566509, -38.62693361043268 ], [ -73.317118463703608, -38.626989079496987 ], [ -73.31700562651028, -38.627003159227499 ], [ -73.316881923076707, -38.627028702827083 ], [ -73.31666134260152, -38.627056621209839 ], [ -73.316438045239664, -38.627050509243048 ], [ -73.316220481978405, -38.6270105982492 ], [ -73.316016886763279, -38.626938398717684 ], [ -73.31583496484356, -38.626836643131305 ], [ -73.315681601137641, -38.626709182541397 ], [ -73.3155625996596, -38.626560840807393 ], [ -73.315542614441128, -38.626520038169538 ], [ -73.315541248752226, -38.626520529857139 ], [ -73.315483539710456, -38.62642189462202 ], [ -73.315479971624413, -38.626416899118063 ], [ -73.315450683976863, -38.626383780776145 ], [ -73.31540017833629, -38.626391196519045 ], [ -73.314996819236001, -38.626482460536351 ], [ -73.314980139139905, -38.626487481217033 ], [ -73.314782128909684, -38.626531584101258 ], [ -73.314577263087287, -38.62654725262454 ], [ -73.314372122072811, -38.626533983511031 ], [ -73.314239217348046, -38.626506055600004 ], [ -73.314238661600513, -38.626507644732598 ], [ -73.314099820313743, -38.626477765970606 ], [ -73.313778592675064, -38.626430861050856 ], [ -73.313730273480815, -38.626427111566294 ], [ -73.313681845206631, -38.626429861947287 ], [ -73.313349509778291, -38.626471320369347 ], [ -73.31329834956702, -38.626481641390015 ], [ -73.313255596434544, -38.626505980026842 ], [ -73.313246450008776, -38.626512295635322 ], [ -73.313055921170246, -38.626618932616061 ], [ -73.312841789725582, -38.626693055827637 ], [ -73.312612948502959, -38.626731586939805 ], [ -73.312378901288866, -38.626732925759811 ], [ -73.312149368094765, -38.62669701669445 ], [ -73.311933881439657, -38.626625351057669 ], [ -73.31174139042426, -38.626520905128494 ], [ -73.31157988904765, -38.626388016532893 ], [ -73.311456084208487, -38.626232204086506 ], [ -73.311375117181385, -38.626059938583154 ], [ -73.311340350134486, -38.625878374051993 ], [ -73.311332525378134, -38.625747944808822 ], [ -73.311308940141657, -38.625639848931328 ], [ -73.311200694794152, -38.625357365825586 ], [ -73.311181014786754, -38.625319370843144 ], [ -73.311138502159011, -38.625295500921524 ], [ -73.310984860256809, -38.625225322093641 ], [ -73.310780160216453, -38.625106139661632 ], [ -73.310614017071074, -38.624954470953767 ], [ -73.31058125904643, -38.624916801998516 ], [ -73.310548733303904, -38.624885906521179 ], [ -73.310500421720434, -38.624872896919513 ], [ -73.310190238973362, -38.62481359940486 ], [ -73.310134062731095, -38.624807490891392 ], [ -73.310079365846235, -38.624819248860298 ], [ -73.309893412310515, -38.624875620321077 ], [ -73.309804860311843, -38.624909593128358 ], [ -73.309760895280121, -38.624930311391999 ], [ -73.309531048540421, -38.62501313642143 ], [ -73.309283664342246, -38.625054484522849 ], [ -73.309236422015147, -38.625058187337089 ], [ -73.308926049110511, -38.625049408177055 ], [ -73.308881684401754, -38.625043374321265 ], [ -73.308838018055155, -38.62503878148739 ], [ -73.308741284126555, -38.625031558304542 ], [ -73.308690414081909, -38.625031412081583 ], [ -73.30864688080581, -38.625052057737555 ], [ -73.308306344031706, -38.625248883929807 ], [ -73.308269435442895, -38.625274355853925 ], [ -73.308250223700455, -38.625293137001378 ], [ -73.308111987730072, -38.625406459536372 ], [ -73.30795079244605, -38.625499257728599 ], [ -73.307820412283192, -38.625549776085272 ], [ -73.307802744724853, -38.625558606837082 ], [ -73.307801412229239, -38.6256001975499 ], [ -73.308342155800105, -38.631423554066558 ], [ -73.308350561403898, -38.631463360116591 ], [ -73.308376559924611, -38.631498175615583 ], [ -73.308604362940457, -38.631747778966599 ], [ -73.308634691802226, -38.631775780046041 ], [ -73.308674995217487, -38.631794504161135 ], [ -73.311687727740576, -38.632941149114764 ], [ -73.311694912626606, -38.632943835458875 ], [ -73.311997574888196, -38.633054984461239 ], [ -73.312182352126513, -38.633122842158954 ], [ -73.312182357060891, -38.633122843737546 ], [ -73.313958778415824, -38.633775188586327 ], [ -73.314003612447081, -38.633788176764526 ], [ -73.314050585256908, -38.633795097376805 ], [ -73.314646135441279, -38.633842725417445 ], [ -73.314646137190422, -38.633842725487334 ], [ -73.318932647997372, -38.634185434823522 ], [ -73.319154168422585, -38.634220674995227 ], [ -73.319362602210632, -38.634289257419766 ], [ -73.319549878564956, -38.634388526528781 ], [ -73.319708745843698, -38.634514638522141 ], [ -73.319833052342076, -38.634662710190263 ], [ -73.321426258845023, -38.637041097662276 ], [ -73.32142626111829, -38.637041100685479 ], [ -73.323072128885869, -38.639497896555348 ], [ -73.323099824032809, -38.639531089656501 ], [ -73.323147371416937, -38.63951756389838 ], [ -73.326119050687339, -38.638409966077319 ], [ -73.326161796414567, -38.638390282586265 ], [ -73.326199536198544, -38.638365077701046 ], [ -73.326427403736176, -38.638183756824716 ], [ -73.326496226424638, -38.638117395944754 ], [ -73.328063107758837, -38.636272165742 ], [ -73.328063108744672, -38.636272164446709 ], [ -73.328208338391306, -38.636101128935493 ], [ -73.328590834419856, -38.63565066524145 ], [ -73.328616823426998, -38.635612456888047 ], [ -73.328632886467304, -38.635571024225278 ], [ -73.328708574901967, -38.635274743101107 ], [ -73.328713962750442, -38.635230258429694 ], [ -73.328689416567215, -38.63519690491021 ], [ -73.328627695937399, -38.635131241018797 ], [ -73.328534252908653, -38.634978226023271 ], [ -73.328479040894862, -38.634814183523851 ], [ -73.32846401757169, -38.634644930837744 ], [ -73.328489715413667, -38.634476470005787 ], [ -73.328514552779453, -38.634386560674272 ], [ -73.328531515593426, -38.634333108128743 ], [ -73.32863312101648, -38.634050137550403 ], [ -73.328642327470689, -38.634011829913682 ], [ -73.328634090200012, -38.633973386759664 ], [ -73.328528091018626, -38.633654067613612 ], [ -73.328502942811255, -38.633578309770044 ], [ -73.328467103763032, -38.633392852898737 ], [ -73.328480999939913, -38.633205594581447 ], [ -73.328544028629352, -38.63302465157043 ], [ -73.328557211671324, -38.632998070489187 ], [ -73.328615955148592, -38.632898156255806 ], [ -73.328754411516186, -38.63269610707826 ], [ -73.328776728940824, -38.632652960503776 ] ] ] ] } },
{ "type": "Feature", "properties": { "id": 23, "capa_kml": "Limite_100m_IPT_09_PRC_Angol", "nombre_busq": "Limite_100m_IPT_09_PRC_Angol", "fid_origen": 1, "crs_origen": "EPSG:4326" }, "geometry": { "type": "MultiPolygon", "coordinates": [ [ [ [ -72.738105951634424, -37.797883429390097 ], [ -72.738117045784236, -37.797840665211289 ], [ -72.738550216064723, -37.794398773998765 ], [ -72.738550531098014, -37.79435717029083 ], [ -72.738544795978299, -37.794332307181875 ], [ -72.738528412685653, -37.794225780938362 ], [ -72.738526754987518, -37.794204538059319 ], [ -72.738512748908803, -37.794162412657215 ], [ -72.738342995988049, -37.793800168133117 ], [ -72.738292634621061, -37.79365794699747 ], [ -72.738272240899775, -37.793511106670167 ], [ -72.738268676453032, -37.79340896014974 ], [ -72.73822344960216, -37.793145066709364 ], [ -72.738205115842476, -37.793077498498604 ], [ -72.738065332095744, -37.792704406372337 ], [ -72.738046950008012, -37.792662889912428 ], [ -72.737143946810065, -37.790903479216873 ], [ -72.737136691338449, -37.790888984393817 ], [ -72.736321787503371, -37.789218957413695 ], [ -72.736316602116432, -37.789208705612005 ], [ -72.736155103299197, -37.788900402999801 ], [ -72.736132254947393, -37.788853070453108 ], [ -72.735989672994251, -37.788530840100201 ], [ -72.73593779894432, -37.788364312743148 ], [ -72.735871788530915, -37.788010515144038 ], [ -72.735855491282237, -37.787951162470073 ], [ -72.73567986905239, -37.787470298256174 ], [ -72.735655919979806, -37.787417353632144 ], [ -72.735436925877224, -37.787014397096343 ], [ -72.735411344910219, -37.786977417063071 ], [ -72.735377435038259, -37.786944929471588 ], [ -72.734971185971276, -37.786623335838684 ], [ -72.734932891836834, -37.786597982245205 ], [ -72.734889553143574, -37.786578400757271 ], [ -72.734529790078156, -37.786447907373528 ], [ -72.734271397142521, -37.786318263500547 ], [ -72.733624169805978, -37.785886642693512 ], [ -72.733604307497274, -37.785873083430211 ], [ -72.733076291922885, -37.785504124683825 ], [ -72.733039851584365, -37.785480709950505 ], [ -72.731026437903225, -37.78429281631626 ], [ -72.730989952622025, -37.784274555675722 ], [ -72.730950382238944, -37.784260930120674 ], [ -72.730551686491765, -37.784151584280593 ], [ -72.730481092873504, -37.784136192121807 ], [ -72.730169578191678, -37.784085171593766 ], [ -72.730075564253923, -37.784076186433659 ], [ -72.72951585216299, -37.784060107003612 ], [ -72.729472144223891, -37.784062979465084 ], [ -72.72924810261091, -37.78406009064404 ], [ -72.72902914134437, -37.784022328956155 ], [ -72.728823793015636, -37.783951165929501 ], [ -72.728640059681737, -37.783849374686291 ], [ -72.728485101016119, -37.78372092186703 ], [ -72.728439415053515, -37.783674661716482 ], [ -72.728379197472023, -37.783622674243865 ], [ -72.728041381687135, -37.783373487499475 ], [ -72.727935361223587, -37.78331182910788 ], [ -72.727532258783526, -37.783130374902932 ], [ -72.727370860052304, -37.783042302341812 ], [ -72.727230941726788, -37.782933519442331 ], [ -72.726868948722597, -37.782598800388399 ], [ -72.726762338742134, -37.782522449290653 ], [ -72.726270659649046, -37.78225159303701 ], [ -72.726230911255172, -37.782233341972052 ], [ -72.726185864266412, -37.782226265096675 ], [ -72.722429986048283, -37.781887473107624 ], [ -72.715729973329971, -37.781312571706344 ], [ -72.712791000053585, -37.781077228775935 ], [ -72.712597246322261, -37.781048044127864 ], [ -72.71255045503392, -37.781037584395847 ], [ -72.712524724078492, -37.781036113963822 ], [ -72.71230980161863, -37.781038691532068 ], [ -72.71019250398237, -37.780869106611497 ], [ -72.710006966919892, -37.780841729351977 ], [ -72.709967462407647, -37.78083315154133 ], [ -72.709875796086848, -37.780819562326975 ], [ -72.706144992491147, -37.780515625764849 ], [ -72.700643597231675, -37.780088452237969 ], [ -72.700591908354895, -37.780088232597933 ], [ -72.700541043625208, -37.780095538673329 ], [ -72.698946641017926, -37.780447430922372 ], [ -72.698946640512006, -37.780447431055983 ], [ -72.6982551846869, -37.780600031069888 ], [ -72.698152989590639, -37.780631292748069 ], [ -72.698054654051504, -37.780670371062925 ], [ -72.697842774520126, -37.780716948616302 ], [ -72.697748515755777, -37.780722659924145 ], [ -72.697632332580099, -37.780738011483201 ], [ -72.697589909608695, -37.780746891210832 ], [ -72.697582599446065, -37.780748462810401 ], [ -72.697362129386121, -37.780797116619553 ], [ -72.697312904823008, -37.780812455688498 ], [ -72.697325697985406, -37.780853181223236 ], [ -72.697371156837036, -37.780952867026897 ], [ -72.697397990633462, -37.78101974374021 ], [ -72.697399015757938, -37.781022691134645 ], [ -72.69743798262202, -37.781209548180925 ], [ -72.697440066305788, -37.781237683700745 ], [ -72.697439541636072, -37.78135006869244 ], [ -72.697426578527512, -37.7815054407669 ], [ -72.697426027477889, -37.781513011637372 ], [ -72.697418154678829, -37.781639688657229 ], [ -72.697418044615958, -37.781682198108037 ], [ -72.697423633854115, -37.781780325539223 ], [ -72.697420050595639, -37.781903264634423 ], [ -72.697408308006331, -37.782004909582938 ], [ -72.697405262598522, -37.782044493687636 ], [ -72.697372100766913, -37.78221242114396 ], [ -72.697299785142249, -37.78237241546536 ], [ -72.697289294820436, -37.782390150672164 ], [ -72.697197151534127, -37.78251769763289 ], [ -72.697080094730168, -37.78263165029464 ], [ -72.697052378088671, -37.782654532827237 ], [ -72.69679026009922, -37.782815518389661 ], [ -72.696740037627407, -37.782837922419198 ], [ -72.696739545385952, -37.782837227353788 ], [ -72.69644440602579, -37.782929517716404 ], [ -72.696420934756048, -37.782933917096322 ], [ -72.696370890394334, -37.78294524391589 ], [ -72.696196400864409, -37.782991704514288 ], [ -72.696062967717083, -37.783020192343486 ], [ -72.695862176128131, -37.783052807961646 ], [ -72.69581237591143, -37.783063477451442 ], [ -72.695608852520749, -37.783091625981527 ], [ -72.695402271744314, -37.783090030624514 ], [ -72.695199477079029, -37.783058744238531 ], [ -72.695007186580654, -37.782998803268519 ], [ -72.694831770290136, -37.782912193406936 ], [ -72.694679039195137, -37.782801783805859 ], [ -72.694660877356242, -37.782786025696183 ], [ -72.694613718823405, -37.782759180434503 ], [ -72.694581978579706, -37.782744811676913 ], [ -72.694389545974829, -37.782635102656748 ], [ -72.694346960202395, -37.782605008075258 ], [ -72.694278299240665, -37.782563474391296 ], [ -72.694163854197797, -37.782504611070529 ], [ -72.694066476416666, -37.782464571159643 ], [ -72.693808035628606, -37.782382405778058 ], [ -72.693687728534783, -37.782355933023865 ], [ -72.693635053429162, -37.78234919045623 ], [ -72.693488910097116, -37.782345935539915 ], [ -72.693389689268614, -37.782361630020823 ], [ -72.693233808910037, -37.782396173683289 ], [ -72.69298426491352, -37.782406419462639 ], [ -72.69273794333651, -37.78237308052509 ], [ -72.692506782209108, -37.78229777266472 ], [ -72.692501846305206, -37.7822956335527 ], [ -72.692442557930917, -37.7822809837281 ], [ -72.69237512882836, -37.782277839561772 ], [ -72.692268128956314, -37.782283186839315 ], [ -72.692258614035268, -37.782283726093212 ], [ -72.692131494172273, -37.78229178326081 ], [ -72.692094142173275, -37.782295142187373 ], [ -72.692047965824756, -37.7823005296095 ], [ -72.691995886910817, -37.782305632631143 ], [ -72.691992168112236, -37.782305927935823 ], [ -72.691747126884295, -37.782304286957242 ], [ -72.691691975237532, -37.782299160045966 ], [ -72.691636774788577, -37.782300702147701 ], [ -72.691427833778107, -37.782291216567927 ], [ -72.691224638787403, -37.782251446218211 ], [ -72.691065997270442, -37.782207740695036 ], [ -72.69102705948184, -37.782198241960337 ], [ -72.690797234307283, -37.782149269968102 ], [ -72.690776942550244, -37.782145262695451 ], [ -72.69064636357156, -37.782121494211793 ], [ -72.690389349825637, -37.78204793599312 ], [ -72.690364045240287, -37.782037816482543 ], [ -72.690142706012708, -37.781921748352637 ], [ -72.690014816784014, -37.7818360803521 ], [ -72.689972087581111, -37.78181010948002 ], [ -72.68978268761532, -37.781705920863693 ], [ -72.68975824585462, -37.781692092179689 ], [ -72.689595649069361, -37.781597499558828 ], [ -72.68949032923588, -37.781549105720089 ], [ -72.689221448425783, -37.781454557515339 ], [ -72.689144593735918, -37.781432639796826 ], [ -72.689012231044558, -37.781403242987814 ], [ -72.68898324274933, -37.781397453783654 ], [ -72.68885292989772, -37.781374307792454 ], [ -72.68872540579963, -37.781363481334672 ], [ -72.68867795624881, -37.781363746503978 ], [ -72.688542441283815, -37.781358065004092 ], [ -72.688477387052131, -37.781352226997356 ], [ -72.68828518742437, -37.781321451920093 ], [ -72.688232824076209, -37.781309250949334 ], [ -72.688185641799762, -37.781301666374802 ], [ -72.688137520918588, -37.781300581522011 ], [ -72.687879701778328, -37.781312323608439 ], [ -72.687826815468398, -37.781313751552183 ], [ -72.687583504244188, -37.781315816310808 ], [ -72.687412166406844, -37.781306962027614 ], [ -72.687296445049071, -37.781293950611669 ], [ -72.687283567130308, -37.781292621750183 ], [ -72.687119087014338, -37.781277165797512 ], [ -72.686906328970352, -37.781240484106021 ], [ -72.68670630968893, -37.78117223558035 ], [ -72.686644072809301, -37.781145116854958 ], [ -72.686578951867844, -37.781131391425141 ], [ -72.686211477336528, -37.781090792090943 ], [ -72.686168285320292, -37.781087350909218 ], [ -72.686049708677217, -37.781081529246158 ], [ -72.685996338706076, -37.781082950578423 ], [ -72.685944275018684, -37.781092372839332 ], [ -72.68561305171751, -37.781179346973524 ], [ -72.685587785530188, -37.78118572258068 ], [ -72.685439002655983, -37.781221752920167 ], [ -72.685405305573042, -37.781230839404756 ], [ -72.68512095396855, -37.78131549889428 ], [ -72.685047815079955, -37.781342115303467 ], [ -72.684785163347257, -37.78145625538685 ], [ -72.684774575393249, -37.781460974107596 ], [ -72.68460625035803, -37.781537882529747 ], [ -72.684598033815348, -37.781541709927822 ], [ -72.684561862605278, -37.781558884640958 ], [ -72.684411433789151, -37.781618771743076 ], [ -72.684251501407275, -37.78166034687851 ], [ -72.684039069654787, -37.781702020605124 ], [ -72.684007096020721, -37.781709086606483 ], [ -72.683555184153391, -37.781820356826792 ], [ -72.683502909162044, -37.781838016079959 ], [ -72.683456199480645, -37.781863684385478 ], [ -72.683110791059434, -37.782097980621558 ], [ -72.683002467154353, -37.782162977015304 ], [ -72.68293324912193, -37.782199559526049 ], [ -72.682785387381514, -37.782265613072703 ], [ -72.68262677128611, -37.782313434710339 ], [ -72.682589734628138, -37.782322149600986 ], [ -72.682365465624144, -37.782355919509442 ], [ -72.682212082940637, -37.782366508834684 ], [ -72.682166316769155, -37.782372720737982 ], [ -72.682122461139357, -37.782384822210219 ], [ -72.682073303285392, -37.782402115019252 ], [ -72.682019242370515, -37.782427231957868 ], [ -72.681973595482091, -37.782461280788723 ], [ -72.681925764933624, -37.782505985263988 ], [ -72.681895333364466, -37.782540691619261 ], [ -72.68188350739652, -37.782581920053431 ], [ -72.681882268165666, -37.782589573610018 ], [ -72.681880709998467, -37.782632662522587 ], [ -72.681909835753459, -37.782669046947525 ], [ -72.681961413864968, -37.782721239478342 ], [ -72.682000211584281, -37.782762913989217 ], [ -72.68211390211124, -37.782892683343249 ], [ -72.682154313396182, -37.782929319831879 ], [ -72.682210683213015, -37.782948538498879 ], [ -72.682286529555697, -37.78296678055009 ], [ -72.682396187701471, -37.782998117026132 ], [ -72.682489897958732, -37.783029296646916 ], [ -72.68261790338326, -37.78305839747528 ], [ -72.682717806254246, -37.783071272898859 ], [ -72.682738335559932, -37.783073613955509 ], [ -72.682910977505713, -37.783090751736317 ], [ -72.682965879635788, -37.783091898705159 ], [ -72.683020009938616, -37.783084528204668 ], [ -72.683135962093246, -37.783059255035205 ], [ -72.683243742830086, -37.7830294637387 ], [ -72.68324431072493, -37.783030757909721 ], [ -72.683377211947061, -37.782996027193668 ], [ -72.683565888682224, -37.782973428686127 ], [ -72.683756669094564, -37.782976233521318 ], [ -72.683797012061163, -37.782979532609744 ], [ -72.683839728595274, -37.782981737273232 ], [ -72.683942354789778, -37.782983953424043 ], [ -72.684163679102127, -37.7830061375805 ], [ -72.684375262271089, -37.783062248899363 ], [ -72.684568931774919, -37.783150120066182 ], [ -72.684737206944448, -37.783266357016736 ], [ -72.684873587894288, -37.783406470021887 ], [ -72.684972806587524, -37.783565047092495 ], [ -72.685031030336319, -37.783735963009171 ], [ -72.68503798482152, -37.783817976946764 ], [ -72.685041746101703, -37.783817714980614 ], [ -72.685043620699673, -37.783834668585527 ], [ -72.685043114575109, -37.783878471823556 ], [ -72.685046009876203, -37.783912615905479 ], [ -72.685045538267161, -37.783924597327086 ], [ -72.685042582462586, -37.783924524042583 ], [ -72.685041610765097, -37.784008620105944 ], [ -72.684997511998802, -37.784179021803219 ], [ -72.684969874920611, -37.784250111132472 ], [ -72.684972779259894, -37.784296150948215 ], [ -72.684956210012771, -37.784500945285089 ], [ -72.684881671069149, -37.784697449798209 ], [ -72.684855986267351, -37.784744794632928 ], [ -72.68484311326327, -37.784771215776473 ], [ -72.684819519545698, -37.784832171522069 ], [ -72.684803797134336, -37.784886166759492 ], [ -72.684760468011149, -37.785000073186609 ], [ -72.684755318169678, -37.785010955263395 ], [ -72.684722605445486, -37.78507294930187 ], [ -72.684606357538456, -37.785272058232252 ], [ -72.684497461148936, -37.785419870413854 ], [ -72.684365221273936, -37.785565560632499 ], [ -72.684356928288025, -37.785574946673165 ], [ -72.684304954673692, -37.78563539261085 ], [ -72.684176822397177, -37.785759148339217 ], [ -72.684112790270362, -37.785810842274259 ], [ -72.684090695406951, -37.785829731793378 ], [ -72.683887899280691, -37.786013378215628 ], [ -72.683849864502022, -37.786051851835907 ], [ -72.683790712694673, -37.786118888408154 ], [ -72.683637948268043, -37.786258841146655 ], [ -72.683551317723541, -37.786323402771409 ], [ -72.683504656167443, -37.786362610396964 ], [ -72.683457779515905, -37.786407056687921 ], [ -72.683399480221198, -37.78647375191786 ], [ -72.68335007842694, -37.786542853301391 ], [ -72.683331800467784, -37.786573679944439 ], [ -72.683326930511015, -37.786586760807651 ], [ -72.683230506162275, -37.786769137428045 ], [ -72.68308625767871, -37.7869304193446 ], [ -72.682901137809097, -37.787062832497853 ], [ -72.68289463986433, -37.787066541621215 ], [ -72.68284504892577, -37.787102834750137 ], [ -72.68280790684183, -37.787147525227041 ], [ -72.682690624607801, -37.787334598786174 ], [ -72.682670656445424, -37.787376641400115 ], [ -72.68265269937622, -37.787466075120129 ], [ -72.682648799122987, -37.787465581891844 ], [ -72.682636919664446, -37.787530945860517 ], [ -72.682522938941247, -37.787917806464506 ], [ -72.682475721471036, -37.78803889785015 ], [ -72.682387398792372, -37.788219336890869 ], [ -72.682302858031221, -37.788356367383429 ], [ -72.682255872431313, -37.788418560661619 ], [ -72.682156467067841, -37.788530014607282 ], [ -72.682123954887203, -37.788556747746377 ], [ -72.682079843730264, -37.788605780144479 ], [ -72.682066820671537, -37.788630525009793 ], [ -72.682048304175936, -37.788715935953817 ], [ -72.681981165322156, -37.788902454339137 ], [ -72.681976832270024, -37.788910912963765 ], [ -72.681918550827305, -37.789030006241504 ], [ -72.681888945796132, -37.78908501593483 ], [ -72.681826803434049, -37.789190631029541 ], [ -72.681807329445803, -37.789228026022329 ], [ -72.681783097540986, -37.789281211454117 ], [ -72.681756343536875, -37.789363636881134 ], [ -72.68172069344196, -37.789542043835652 ], [ -72.681714644186172, -37.789586488827268 ], [ -72.681709661320397, -37.7896546830424 ], [ -72.681705993122279, -37.789691680217764 ], [ -72.681693382332867, -37.789792315196038 ], [ -72.681688833531197, -37.789823193940876 ], [ -72.681685119216127, -37.789845120227042 ], [ -72.681626658732156, -37.790033471403142 ], [ -72.681518743851427, -37.790207524111999 ], [ -72.681366377960202, -37.790359208029969 ], [ -72.681218519467052, -37.790477611800391 ], [ -72.681034053463563, -37.79059217556901 ], [ -72.681008768169519, -37.790609893465771 ], [ -72.680976846230109, -37.790642380313798 ], [ -72.680926241833731, -37.790705074130649 ], [ -72.680903114539191, -37.790740360215743 ], [ -72.680891061108611, -37.790820166550986 ], [ -72.680890152094079, -37.790820080088992 ], [ -72.680866515496945, -37.790961262749484 ], [ -72.680789229960538, -37.79113583902673 ], [ -72.680668627906869, -37.791294201588535 ], [ -72.680593389203352, -37.791373316780415 ], [ -72.680535022459097, -37.791429776815697 ], [ -72.680376558689915, -37.791570979885222 ], [ -72.680243424045941, -37.791671812020468 ], [ -72.680091507399439, -37.791754247164199 ], [ -72.680014458117157, -37.791789143350691 ], [ -72.679972029652248, -37.791818702085401 ], [ -72.679933384037099, -37.791851661496423 ], [ -72.679888521700875, -37.791887824629448 ], [ -72.679818523373925, -37.791941157894748 ], [ -72.67972459377458, -37.79203154980646 ], [ -72.679690343091906, -37.792069762774048 ], [ -72.679552502828102, -37.792209804907998 ], [ -72.679503125868578, -37.792267366313858 ], [ -72.679445043386508, -37.792325440865852 ], [ -72.679425435514148, -37.792352877458825 ], [ -72.679419114876382, -37.792363512692688 ], [ -72.679400332174353, -37.792405865499575 ], [ -72.679404118439393, -37.792448238720148 ], [ -72.679418778768422, -37.792489460594894 ], [ -72.679445066777987, -37.792529625044864 ], [ -72.679450486601894, -37.792536175028772 ], [ -72.679487746963076, -37.792572189473987 ], [ -72.679540420368767, -37.792592783844789 ], [ -72.679613621288624, -37.79261407954553 ], [ -72.67972371575766, -37.792639577117228 ], [ -72.679723346532683, -37.792640581080384 ], [ -72.679900400562687, -37.792686521005258 ], [ -72.680096647856445, -37.79277465117724 ], [ -72.680267073560429, -37.792891823551685 ], [ -72.680404953485123, -37.79303341516561 ], [ -72.680504847423691, -37.793193839577249 ], [ -72.680558467183687, -37.793307067651995 ], [ -72.680578639302396, -37.793339589740278 ], [ -72.680644396121522, -37.793470597632059 ], [ -72.680683583954448, -37.793608143670042 ], [ -72.680699019211332, -37.793692614021481 ], [ -72.680713070241467, -37.793733384854079 ], [ -72.680734959268094, -37.793777615969894 ], [ -72.680768211067701, -37.793817136106611 ], [ -72.680801117824046, -37.7938483943717 ], [ -72.680867276828948, -37.793901556533044 ], [ -72.680941815028405, -37.793952241427867 ], [ -72.68104173683578, -37.79400663192289 ], [ -72.681164944920724, -37.794059282958784 ], [ -72.68122625722819, -37.79408082504149 ], [ -72.681395574237357, -37.794131230369899 ], [ -72.681530118067172, -37.794196943098605 ], [ -72.681606780945316, -37.794226300769317 ], [ -72.681743709193839, -37.794266007072935 ], [ -72.681989268790616, -37.794365501194868 ], [ -72.682069366372914, -37.794408410851553 ], [ -72.682176435646511, -37.794453359470978 ], [ -72.682376634224013, -37.794516699865802 ], [ -72.682468614642289, -37.794549632525296 ], [ -72.682528629551413, -37.794573722454928 ], [ -72.682634906924577, -37.7946061964983 ], [ -72.682648770004988, -37.794609203418354 ], [ -72.682742734004904, -37.794633112213269 ], [ -72.682805738669231, -37.794651575937991 ], [ -72.682804466722729, -37.794654309052859 ], [ -72.682945930456782, -37.794700599861557 ], [ -72.683123055769713, -37.794792211622493 ], [ -72.68327570235931, -37.794908297585785 ], [ -72.683398575677714, -37.795044831412319 ], [ -72.683487413767168, -37.7951970775201 ], [ -72.683539135099323, -37.795359755324753 ], [ -72.683547636528175, -37.795470892518104 ], [ -72.683550479592711, -37.795470781753139 ], [ -72.683556663467627, -37.795570728799767 ], [ -72.683564010286133, -37.795597454165275 ], [ -72.683588550312024, -37.795629150837172 ], [ -72.683636701245277, -37.795681014768242 ], [ -72.683744374835186, -37.795822573527545 ], [ -72.683817630820954, -37.795977363826665 ], [ -72.683840165953001, -37.796078239603574 ], [ -72.68384056609672, -37.796078177349813 ], [ -72.683854480732975, -37.796134494434213 ], [ -72.683867277126154, -37.796198343316838 ], [ -72.683871486448822, -37.796225625773012 ], [ -72.683878287566586, -37.796383101257412 ], [ -72.683850406646826, -37.796539108245589 ], [ -72.68384405208441, -37.796560796250894 ], [ -72.683829439656151, -37.79665434716248 ], [ -72.683827923531837, -37.796720472539157 ], [ -72.683820187791753, -37.796810333699625 ], [ -72.683816461012015, -37.796835232616083 ], [ -72.683776233252772, -37.796988563376821 ], [ -72.683703146427703, -37.797134048214836 ], [ -72.683599409459305, -37.797267289742486 ], [ -72.683521974998314, -37.797336299010048 ], [ -72.683484949908703, -37.797372742714124 ], [ -72.683426097342561, -37.79744338220577 ], [ -72.683380654818777, -37.797511019753479 ], [ -72.683362617508323, -37.797540389524649 ], [ -72.68330928749856, -37.797607409634658 ], [ -72.683311226020422, -37.797608280586289 ], [ -72.683245151370272, -37.797700880592366 ], [ -72.683214666402108, -37.797752756695857 ], [ -72.683183977732568, -37.79781759962983 ], [ -72.68315668130731, -37.797892312336799 ], [ -72.683147484635313, -37.797928560956457 ], [ -72.683160174201092, -37.79800249058642 ], [ -72.683160091164794, -37.79800249956056 ], [ -72.683176328828367, -37.798090604081807 ], [ -72.683177232616629, -37.798100609978739 ], [ -72.683183280690315, -37.798120911947237 ], [ -72.683213433975055, -37.798348735331885 ], [ -72.683211147158914, -37.798428136764166 ], [ -72.683213526526842, -37.798462677027786 ], [ -72.683222593699242, -37.7984965123606 ], [ -72.683247829085673, -37.798564362605148 ], [ -72.683275857044336, -37.798623872933327 ], [ -72.683315231237756, -37.798692301207083 ], [ -72.683358507126187, -37.798779169923193 ], [ -72.683371968886249, -37.798810915690893 ], [ -72.683390598281548, -37.798845055677475 ], [ -72.68345473128872, -37.798900256666712 ], [ -72.683453825126207, -37.798900919533217 ], [ -72.683574024379055, -37.799008273970763 ], [ -72.683689694326929, -37.799168009397697 ], [ -72.683761994086524, -37.799343075985419 ], [ -72.683787899739627, -37.79952615239047 ], [ -72.683766327550657, -37.799709582240524 ], [ -72.683759165302916, -37.799738283970392 ], [ -72.683712558441883, -37.799975517826176 ], [ -72.683711768149692, -37.799979482426096 ], [ -72.683700904609154, -37.800033204810894 ], [ -72.683690352600593, -37.800078084556972 ], [ -72.68365950111918, -37.80019305982389 ], [ -72.683653510728817, -37.800232693132195 ], [ -72.683665582604178, -37.800271444129983 ], [ -72.683695861834778, -37.800340962765262 ], [ -72.683740871563245, -37.800484926941238 ], [ -72.683742656172896, -37.800488660664627 ], [ -72.683785786878985, -37.800523232452882 ], [ -72.683912771230567, -37.800644659513424 ], [ -72.684011107183565, -37.800781804198039 ], [ -72.684077777842262, -37.800930459216858 ], [ -72.684087051966458, -37.800974242832069 ], [ -72.684103953741257, -37.801021283725859 ], [ -72.684138402742761, -37.801055396677455 ], [ -72.684179915480257, -37.801089029693074 ], [ -72.68419191598835, -37.801098467161886 ], [ -72.684316893780476, -37.801193868883772 ], [ -72.684462510090398, -37.80132946727911 ], [ -72.684571650337745, -37.801485150990985 ], [ -72.68464004625028, -37.801654831870479 ], [ -72.684665022838146, -37.801831874351969 ], [ -72.68466734236263, -37.80197985721334 ], [ -72.684668750190696, -37.802006445830621 ], [ -72.684687846409844, -37.802217884391411 ], [ -72.684690719082397, -37.802288977406199 ], [ -72.684690123142246, -37.802352543070882 ], [ -72.684682571444711, -37.802449786387335 ], [ -72.684671498864034, -37.80252541991473 ], [ -72.684651333119362, -37.802619425692988 ], [ -72.684638281228786, -37.802665403365786 ], [ -72.684567578894857, -37.802834387364783 ], [ -72.684456369445812, -37.802989037124817 ], [ -72.684308997072549, -37.803123311221839 ], [ -72.68430120732944, -37.803129131106431 ], [ -72.684047759579698, -37.803272078986453 ], [ -72.683909793859684, -37.803329151540602 ], [ -72.683856297938902, -37.803355451344352 ], [ -72.683663439377909, -37.80341517556316 ], [ -72.683460118639019, -37.803446120358927 ], [ -72.683292500357553, -37.803447040545244 ], [ -72.683292467755194, -37.803448179896201 ], [ -72.682920027611303, -37.803441469978218 ], [ -72.682883615466068, -37.803440349821145 ], [ -72.682696612979683, -37.803432210434444 ], [ -72.682638937106546, -37.803434430632485 ], [ -72.682592235571391, -37.803444091449926 ], [ -72.682555332109473, -37.803458303322365 ], [ -72.682542694715693, -37.803474382059974 ], [ -72.682423714888671, -37.8035998911093 ], [ -72.682279071053316, -37.803707097709236 ], [ -72.682113159260069, -37.803792743544186 ], [ -72.681931022009053, -37.803854225584551 ], [ -72.681805546548361, -37.803886662045841 ], [ -72.681727763342423, -37.803904363268231 ], [ -72.681664661601474, -37.803916810772535 ], [ -72.681620816446028, -37.803928594951593 ], [ -72.681584198761982, -37.803951066562917 ], [ -72.681543464535437, -37.803980653123979 ], [ -72.681445028132387, -37.804044493596457 ], [ -72.68138029575158, -37.804081881546509 ], [ -72.681324111919636, -37.80412086084737 ], [ -72.681127520363901, -37.804230457584289 ], [ -72.680906263830835, -37.804304776874922 ], [ -72.680670250752215, -37.804340490506164 ], [ -72.680430050461254, -37.804335999131794 ], [ -72.680369552266782, -37.804329744561223 ], [ -72.680160176368773, -37.804291847240556 ], [ -72.680069399390405, -37.804260223909026 ], [ -72.680016852152761, -37.804246732563442 ], [ -72.679962496020806, -37.804241642451807 ], [ -72.679948814927684, -37.804241428123312 ], [ -72.679894656384448, -37.804244753745316 ], [ -72.679846120742397, -37.80425546133133 ], [ -72.679598809861034, -37.804287256977602 ], [ -72.679425788686402, -37.80427894508189 ], [ -72.679425511884432, -37.804281772133805 ], [ -72.679322323475915, -37.804275411646323 ], [ -72.679289355301208, -37.80430563967105 ], [ -72.679269292802203, -37.80432794432199 ], [ -72.679267234132482, -37.804326778594906 ], [ -72.679127103082365, -37.804459069423849 ], [ -72.679080163751522, -37.804513406152381 ], [ -72.679072520972511, -37.804524800845734 ], [ -72.679034439596833, -37.804577248316726 ], [ -72.679022932731428, -37.804591932428444 ], [ -72.678996978553059, -37.804634842921054 ], [ -72.678996249409707, -37.804682435355659 ], [ -72.679002162455433, -37.804730817981365 ], [ -72.679030129691085, -37.804833140841488 ], [ -72.679060419264701, -37.804903202029202 ], [ -72.679066912593214, -37.804917437243695 ], [ -72.679156354760849, -37.805103676938081 ], [ -72.679208277872789, -37.805246021603921 ], [ -72.679229913420542, -37.80533097534579 ], [ -72.679247709136035, -37.80537561818609 ], [ -72.679287242956221, -37.805410381045967 ], [ -72.679453654430574, -37.805528484148553 ], [ -72.679523680551071, -37.805582666780602 ], [ -72.679795099832987, -37.805811585172258 ], [ -72.679801160925166, -37.805816737385484 ], [ -72.679839675111808, -37.805849734052828 ], [ -72.679963818946959, -37.805977313135138 ], [ -72.680057322336879, -37.806120402322342 ], [ -72.68007299635002, -37.806150765364229 ], [ -72.680108365245019, -37.8062075242389 ], [ -72.680180860462016, -37.806305783506673 ], [ -72.680272616254015, -37.806463192877196 ], [ -72.680324655071971, -37.806631635299318 ], [ -72.68033504798052, -37.806804867973383 ], [ -72.680303409505441, -37.806976470519672 ], [ -72.680230911962767, -37.807140082931468 ], [ -72.680120242050535, -37.807289641296904 ], [ -72.679975501306231, -37.807419602552336 ], [ -72.679802054113907, -37.807525149935714 ], [ -72.679718518725934, -37.807566506378429 ], [ -72.679604616272073, -37.80763963409921 ], [ -72.679554347893145, -37.807670108589555 ], [ -72.679368271255854, -37.807776533773314 ], [ -72.67929425642437, -37.807815469193741 ], [ -72.679214333463676, -37.807854030230033 ], [ -72.679193455883251, -37.80786460498296 ], [ -72.679074039613866, -37.807928042005905 ], [ -72.678998649786237, -37.807964798749964 ], [ -72.678928985695009, -37.807995864059016 ], [ -72.678907037141812, -37.808006173099443 ], [ -72.678782501032387, -37.808067705456686 ], [ -72.678583512522863, -37.808145744438782 ], [ -72.678369189342206, -37.808191576086337 ], [ -72.678147722601722, -37.808203448788618 ], [ -72.677927576453712, -37.80818090879751 ], [ -72.677717164569003, -37.80812481756935 ], [ -72.677524528545533, -37.808037318836455 ], [ -72.677357030545025, -37.807921756667476 ], [ -72.677221071909798, -37.807782547649921 ], [ -72.677144563439583, -37.807661076305635 ], [ -72.677131702372705, -37.807644951022588 ], [ -72.677093468739301, -37.807613216420307 ], [ -72.676990762542417, -37.807557662688495 ], [ -72.676887893715289, -37.807514326070958 ], [ -72.676828377287308, -37.807492648771159 ], [ -72.676726314408711, -37.807460997255134 ], [ -72.676664705401777, -37.807445044706263 ], [ -72.676609669044538, -37.807433507840202 ], [ -72.676529818668826, -37.807421547964395 ], [ -72.676407662388712, -37.807410366220992 ], [ -72.676361970833923, -37.807409169344169 ], [ -72.676318221826918, -37.807419695529454 ], [ -72.676298654284395, -37.807425829917648 ], [ -72.67616853390912, -37.807459581931553 ], [ -72.676116214093085, -37.807470431934796 ], [ -72.676070277705961, -37.807479152490473 ], [ -72.675939218463284, -37.807501756876881 ], [ -72.675883721766752, -37.807522764877241 ], [ -72.675864249452658, -37.807532429987589 ], [ -72.675651379406332, -37.807614954810404 ], [ -72.67564178342522, -37.807617733813622 ], [ -72.675527199889515, -37.807645576037508 ], [ -72.675415140197529, -37.807667747733277 ], [ -72.675335610563835, -37.807688539532457 ], [ -72.675296017661523, -37.807701533674951 ], [ -72.675239018322074, -37.807716916569518 ], [ -72.675239340870036, -37.807717610136578 ], [ -72.675144046016214, -37.807745506959471 ], [ -72.675100580084802, -37.807765868870675 ], [ -72.675058958174532, -37.807789609336922 ], [ -72.674882733699775, -37.807872109291779 ], [ -72.674775878043889, -37.807903308483894 ], [ -72.67477667457689, -37.80790496292348 ], [ -72.674668739425343, -37.807937673855243 ], [ -72.67457303975165, -37.807986322853452 ], [ -72.674414741845297, -37.808046579867103 ], [ -72.674417191249049, -37.808050782721907 ], [ -72.674307172610355, -37.808091143335403 ], [ -72.674252556334352, -37.808142101855758 ], [ -72.674227127758613, -37.808169125627209 ], [ -72.67420846913555, -37.808187203488352 ], [ -72.674137299969246, -37.80824991861666 ], [ -72.674126014412124, -37.808258972217232 ], [ -72.674095819708796, -37.808287682369922 ], [ -72.674079329926926, -37.808322711088358 ], [ -72.674075590623204, -37.808333308434818 ], [ -72.674064755526317, -37.80838444152031 ], [ -72.674001923819034, -37.808564318722262 ], [ -72.673893716711703, -37.80873006127112 ], [ -72.673744779539007, -37.808874553410703 ], [ -72.673561506391678, -37.808991591685526 ], [ -72.67335176561609, -37.809076151290576 ], [ -72.673337712604379, -37.809080429163224 ], [ -72.673213735623378, -37.80913301789478 ], [ -72.673112706827823, -37.809189709909091 ], [ -72.672946606349356, -37.809267044559661 ], [ -72.672766421362709, -37.809320995292467 ], [ -72.672682135028523, -37.809339932181324 ], [ -72.672680314000772, -37.809334830340241 ], [ -72.67255469354356, -37.809362381421444 ], [ -72.67230856692278, -37.80937258430869 ], [ -72.67206546362948, -37.809340411350625 ], [ -72.672012548752548, -37.809328610166325 ], [ -72.671874552841146, -37.809312026929284 ], [ -72.67180899111915, -37.809310641979927 ], [ -72.671790844804846, -37.809310488849349 ], [ -72.671588509178704, -37.809311347186302 ], [ -72.6715885011061, -37.809310149128535 ], [ -72.671457243227934, -37.80931002858285 ], [ -72.671387030563181, -37.809300557310422 ], [ -72.671329253988887, -37.809296764665802 ], [ -72.671299630605958, -37.809298813155877 ], [ -72.671251768879713, -37.809309944911149 ], [ -72.671221516277612, -37.809323437335543 ], [ -72.671106272598664, -37.809391432411203 ], [ -72.670901914305759, -37.809467794413123 ], [ -72.67068254680656, -37.809510550016775 ], [ -72.670506182728445, -37.809516377171356 ], [ -72.670506173252321, -37.809518912747599 ], [ -72.670398466151582, -37.809518659327331 ], [ -72.670361946437851, -37.809518107267827 ], [ -72.670330751274605, -37.809517237292638 ], [ -72.670146075751418, -37.809499999481652 ], [ -72.669967422997757, -37.809459078766494 ], [ -72.669799584427409, -37.809395572637243 ], [ -72.669775869569108, -37.809384624704236 ], [ -72.66970247995836, -37.809350880898407 ], [ -72.66961917450449, -37.809319790960679 ], [ -72.669455454036793, -37.809268377307305 ], [ -72.669261869883698, -37.809164773041125 ], [ -72.669206986665387, -37.809142840899632 ], [ -72.669158368224188, -37.809134083172196 ], [ -72.669040229798838, -37.809135863128645 ], [ -72.668961422449499, -37.809144646594177 ], [ -72.668804253649128, -37.809181191361219 ], [ -72.668715760409228, -37.809213442737629 ], [ -72.668663300304004, -37.809238404491673 ], [ -72.66860818770823, -37.809279918595387 ], [ -72.668416094757319, -37.809396445524953 ], [ -72.66819725655526, -37.809478058389161 ], [ -72.667961598209544, -37.809521055735956 ], [ -72.66771980775907, -37.809523487475573 ], [ -72.667482851381237, -37.809485243331736 ], [ -72.667448405616767, -37.809476568251469 ], [ -72.66740828053581, -37.809480846222328 ], [ -72.667378914985761, -37.809489102786308 ], [ -72.66733226057282, -37.809510994480789 ], [ -72.667261404297577, -37.809552055955884 ], [ -72.6672222175104, -37.809580520779015 ], [ -72.667166874953836, -37.809647705125464 ], [ -72.667136630823634, -37.809698837894096 ], [ -72.667074129265032, -37.809786192601571 ], [ -72.666991713688361, -37.809922163024126 ], [ -72.666956996458623, -37.810010375253327 ], [ -72.666950215979369, -37.810029004009834 ], [ -72.666908347243663, -37.81015407519218 ], [ -72.666892312793337, -37.810223626013261 ], [ -72.666874052696073, -37.810364860103967 ], [ -72.666871318441892, -37.810423472317908 ], [ -72.666874643886146, -37.810516905782528 ], [ -72.666884173497309, -37.810587287348412 ], [ -72.666902563727589, -37.810664911257483 ], [ -72.666922099697871, -37.810828538948059 ], [ -72.666922293630705, -37.810878359949754 ], [ -72.666941228768152, -37.810992097818414 ], [ -72.666943198142235, -37.810997981773703 ], [ -72.666977821885084, -37.811159429847564 ], [ -72.666975031954451, -37.811323183110154 ], [ -72.666934920308904, -37.81148382972895 ], [ -72.666858812360829, -37.811636060508413 ], [ -72.666857162403844, -37.81163864623403 ], [ -72.666836946859078, -37.81168020618621 ], [ -72.666827578521776, -37.811724128945762 ], [ -72.666827351330937, -37.811726803342374 ], [ -72.666829449820028, -37.811772704176001 ], [ -72.666851296575459, -37.811842515492707 ], [ -72.666851329654378, -37.811842585411696 ], [ -72.666851358107024, -37.811842712116722 ], [ -72.666857578362709, -37.811862588923624 ], [ -72.666855896017708, -37.811862920289535 ], [ -72.66688767766567, -37.812004449688317 ], [ -72.666886339188537, -37.812168859152123 ], [ -72.666847358558883, -37.812330337421294 ], [ -72.666821174832549, -37.812402413010261 ], [ -72.666808706649206, -37.812444094120778 ], [ -72.666780862198962, -37.812561870448327 ], [ -72.666772336244193, -37.812615624114983 ], [ -72.666761071057195, -37.812753043315659 ], [ -72.666758404075949, -37.812779535849494 ], [ -72.666740987238583, -37.812925398524953 ], [ -72.666741750944254, -37.813016108600166 ], [ -72.666759327365014, -37.813144950859851 ], [ -72.66676497637512, -37.813205170141543 ], [ -72.666773670063264, -37.813374280026146 ], [ -72.666774648256379, -37.813388093388042 ], [ -72.666783744178275, -37.813488873614403 ], [ -72.666782842424695, -37.813626863370878 ], [ -72.666771377078092, -37.813737744144994 ], [ -72.666771668418434, -37.813776550314245 ], [ -72.666788771086487, -37.813812907978892 ], [ -72.666837354047956, -37.813893729542805 ], [ -72.666907022111744, -37.814041860264965 ], [ -72.666942972965415, -37.814197372358798 ], [ -72.666944099011985, -37.81435547563899 ], [ -72.666910365345132, -37.814511300074187 ], [ -72.666901680863717, -37.814537414030781 ], [ -72.666825760358947, -37.814700173976334 ], [ -72.666711907961371, -37.814848364478678 ], [ -72.666689575580307, -37.814871969784079 ], [ -72.666601646033769, -37.814983613899074 ], [ -72.666596644204702, -37.814991286827613 ], [ -72.666467812450492, -37.815146999568363 ], [ -72.666301368566849, -37.815278365395159 ], [ -72.666104427891653, -37.815379768400433 ], [ -72.666085422919181, -37.815387467459338 ], [ -72.666042076321517, -37.815409195828444 ], [ -72.666004430227247, -37.815436812685753 ], [ -72.665908750551338, -37.815521101880201 ], [ -72.665857589452202, -37.815574910869074 ], [ -72.665804214197664, -37.815626904291868 ], [ -72.665681293179318, -37.815737933455331 ], [ -72.665660889822007, -37.815755871859096 ], [ -72.665508525688992, -37.815886269069644 ], [ -72.66547541151337, -37.815920926055661 ], [ -72.665461692484385, -37.815963030171261 ], [ -72.66544840913474, -37.816030897563877 ], [ -72.66544175347758, -37.816093427921331 ], [ -72.665438901049995, -37.816250151271511 ], [ -72.66544327068398, -37.816292627477935 ], [ -72.665457763487638, -37.816333664766773 ], [ -72.665535900166219, -37.816493940855253 ], [ -72.665546801573797, -37.816514740302885 ], [ -72.665636045410594, -37.816673679471712 ], [ -72.665670643664811, -37.816719459849743 ], [ -72.6657180655682, -37.816757327039191 ], [ -72.665841362131914, -37.816834445188356 ], [ -72.665882109330141, -37.816855663970614 ], [ -72.665926863096857, -37.816870982386995 ], [ -72.666075850703621, -37.816910223660585 ], [ -72.666184961141752, -37.81692973088991 ], [ -72.666435078897507, -37.81695421313681 ], [ -72.666434969963674, -37.816954913513214 ], [ -72.666642974310051, -37.816988993896167 ], [ -72.66684852547418, -37.81705804302856 ], [ -72.667033079146179, -37.817157655864655 ], [ -72.667189504338481, -37.817283983515921 ], [ -72.667311756818222, -37.817432144847302 ], [ -72.667395112657019, -37.817596415063996 ], [ -72.667436350782594, -37.817770446899132 ], [ -72.667433877475489, -37.817947515858215 ], [ -72.667387787994585, -37.818120780045945 ], [ -72.667299862943509, -37.818283544536619 ], [ -72.667173499511435, -37.818429520072648 ], [ -72.667106289064321, -37.818492795450069 ], [ -72.667069777384555, -37.818531151929484 ], [ -72.666973261456633, -37.818644676237902 ], [ -72.666917603469997, -37.818704638233967 ], [ -72.666783642299663, -37.818837119867837 ], [ -72.666756535607263, -37.818869290600453 ], [ -72.666736844605211, -37.818904693169635 ], [ -72.666689900892692, -37.81901387839703 ], [ -72.666678572667905, -37.819049676520592 ], [ -72.666674833318595, -37.819086465942895 ], [ -72.666675233121438, -37.819224964821892 ], [ -72.666677969398819, -37.819268099737918 ], [ -72.666700721027539, -37.819451170690392 ], [ -72.6667071256676, -37.819487485782652 ], [ -72.666733296366004, -37.819601745412101 ], [ -72.666732066075355, -37.819601922737121 ], [ -72.666752675220451, -37.819652794373745 ], [ -72.666871464251614, -37.819879533857232 ], [ -72.666895872338628, -37.819930408193017 ], [ -72.666960743923411, -37.820078976027943 ], [ -72.667005332983422, -37.820156441439366 ], [ -72.667125058444782, -37.820321085073232 ], [ -72.667131123558093, -37.82032922695246 ], [ -72.667324601449039, -37.820582835670429 ], [ -72.667446171630232, -37.820740472795322 ], [ -72.667484800459633, -37.820784439401749 ], [ -72.667623167235931, -37.820923471572314 ], [ -72.667797506636774, -37.821095630758983 ], [ -72.667832883175691, -37.82112470050307 ], [ -72.667916357682884, -37.821172096594843 ], [ -72.667913145938115, -37.821175655967664 ], [ -72.668060693505538, -37.821264600230975 ], [ -72.668231356253997, -37.821431329119527 ], [ -72.668237022771578, -37.821438458894882 ], [ -72.66832874551308, -37.821580320814647 ], [ -72.668387505660448, -37.821732787331563 ], [ -72.668403042538515, -37.821791158208981 ], [ -72.668421872319115, -37.821837764638204 ], [ -72.668467847780931, -37.82192127708322 ], [ -72.668516704619435, -37.821990023599383 ], [ -72.668590152607223, -37.822091860733238 ], [ -72.668684608811901, -37.82226112155891 ], [ -72.668733458955828, -37.822442123346747 ], [ -72.668734640235883, -37.822627224164705 ], [ -72.668688102425051, -37.822808608961637 ], [ -72.668595810052039, -37.822978619523902 ], [ -72.668461659511166, -37.823130077819613 ], [ -72.668291314593716, -37.823256589076408 ], [ -72.668237874057596, -37.823288786175503 ], [ -72.668197552970469, -37.823318517610588 ], [ -72.668194783814144, -37.823323377405423 ], [ -72.66813151250858, -37.82340777094268 ], [ -72.668099548224177, -37.823460042107399 ], [ -72.668085655389461, -37.82350236230883 ], [ -72.668071445048867, -37.823573892243203 ], [ -72.668064742316503, -37.823631634466622 ], [ -72.66805988752391, -37.823772460524971 ], [ -72.668059678352037, -37.823786237400071 ], [ -72.668060537526571, -37.823995741791563 ], [ -72.668059905860076, -37.824028856153518 ], [ -72.668048614410523, -37.824296016530376 ], [ -72.668049646821743, -37.824342141151533 ], [ -72.668078215994214, -37.824669959842744 ], [ -72.668086054967688, -37.82470809581347 ], [ -72.668134458841152, -37.824712440352648 ], [ -72.670156032854607, -37.824744608406604 ], [ -72.67364727010343, -37.824800080889567 ], [ -72.67364727144296, -37.824800080861579 ], [ -72.674181449002688, -37.824808558881699 ], [ -72.681052040637539, -37.824917389563943 ], [ -72.681179240917444, -37.824909403739689 ], [ -72.681411654594783, -37.824913744769091 ], [ -72.681521777231509, -37.824924815760617 ], [ -72.683378176302895, -37.824954144563314 ], [ -72.684160983224885, -37.824966503546968 ], [ -72.684202581813835, -37.824963827969803 ], [ -72.684169139105677, -37.82494402305084 ], [ -72.684113152694522, -37.824917372179314 ], [ -72.684066292831801, -37.824899769039668 ], [ -72.68388382281799, -37.824813821269622 ], [ -72.683785028723008, -37.824744673753322 ], [ -72.683783419899612, -37.824746123431972 ], [ -72.683703138039348, -37.824690066052675 ], [ -72.683610981913972, -37.824647006575972 ], [ -72.683611886221655, -37.824645788847512 ], [ -72.683561243177806, -37.824626142996912 ], [ -72.68336364519358, -37.824499685370753 ], [ -72.683299743770647, -37.824448437641955 ], [ -72.683261089506118, -37.824423337085463 ], [ -72.683125680733838, -37.824295633803153 ], [ -72.683022288514593, -37.824150311273563 ], [ -72.682954460185783, -37.823992355726922 ], [ -72.682948873574929, -37.823973891459232 ], [ -72.682906067132507, -37.823904422061332 ], [ -72.682894271407548, -37.823889865962236 ], [ -72.682811063521925, -37.823717894442773 ], [ -72.682773693453512, -37.82353609286951 ], [ -72.682783723310877, -37.823352062399742 ], [ -72.682802431184527, -37.823250878089254 ], [ -72.682806824665633, -37.823169876403519 ], [ -72.682807244303035, -37.82314185640233 ], [ -72.68280588042272, -37.823085631408226 ], [ -72.682798680489185, -37.823039930942123 ], [ -72.682759243081648, -37.822988291610123 ], [ -72.682667974900056, -37.822839433937972 ], [ -72.68261258373623, -37.822679842756713 ], [ -72.682594939529608, -37.82251490635953 ], [ -72.682615637747119, -37.822350193474087 ], [ -72.682673979312312, -37.822191265245372 ], [ -72.682767994240947, -37.822043487479448 ], [ -72.682797776660053, -37.822012498872795 ], [ -72.682841345394081, -37.821957976366392 ], [ -72.682848337205883, -37.821931714371054 ], [ -72.682850402577245, -37.82183029684699 ], [ -72.682843733443448, -37.821766433251689 ], [ -72.682875299711512, -37.821576128963244 ], [ -72.682956974763414, -37.821395449223175 ], [ -72.683085050384364, -37.821232596506412 ], [ -72.68325371197983, -37.821094963932239 ], [ -72.683369034723682, -37.821019028204972 ], [ -72.68338255742438, -37.821007593203362 ], [ -72.683546223996629, -37.820911388152453 ], [ -72.683728923753989, -37.820839924404268 ], [ -72.683924778568894, -37.820795501202696 ], [ -72.68392994822608, -37.820794718074005 ], [ -72.683995702974499, -37.820781481523277 ], [ -72.684133799856937, -37.820746590447428 ], [ -72.684342866055999, -37.820710545940543 ], [ -72.684556744396943, -37.820706245328211 ], [ -72.684767844234528, -37.820733841250203 ], [ -72.684968673519222, -37.820792354321469 ], [ -72.685152104667353, -37.820879707886348 ], [ -72.685195939589732, -37.820905328201377 ], [ -72.685292778632217, -37.820968770958842 ], [ -72.685353099468159, -37.821012960387407 ], [ -72.68543223711103, -37.821061413749035 ], [ -72.685489640730026, -37.821090537656282 ], [ -72.685544606651334, -37.8211151208045 ], [ -72.685607468925696, -37.821139686988644 ], [ -72.685697828795938, -37.821167659539441 ], [ -72.68573723811204, -37.821176865997245 ], [ -72.686022619360131, -37.821279250357769 ], [ -72.686166507409581, -37.82135130016362 ], [ -72.68628931848653, -37.821383797688867 ], [ -72.686423857621278, -37.821427162811013 ], [ -72.686508499065695, -37.821459590481886 ], [ -72.686557956683416, -37.821456047971886 ], [ -72.686629000823558, -37.821445790050049 ], [ -72.686760716751692, -37.821433022349495 ], [ -72.686869573795065, -37.821427562814719 ], [ -72.687183719364967, -37.821446542173746 ], [ -72.687267743388247, -37.821461109365927 ], [ -72.687315442537169, -37.821462822865712 ], [ -72.68737033749197, -37.821461093036866 ], [ -72.687419878926988, -37.821455977252789 ], [ -72.687474884314128, -37.821432791971418 ], [ -72.687633579889066, -37.821377763479987 ], [ -72.687800978560816, -37.82134251709023 ], [ -72.687871444990733, -37.821332165001103 ], [ -72.688023790461628, -37.821303744596293 ], [ -72.688100334827652, -37.82128484784333 ], [ -72.68823654085962, -37.821242635630199 ], [ -72.688283981492248, -37.821223603779892 ], [ -72.688319016138422, -37.821191885544557 ], [ -72.688339038007157, -37.82116981339157 ], [ -72.688362271458018, -37.821139341471678 ], [ -72.688379106220708, -37.821106328345103 ], [ -72.688402466516152, -37.821047387222734 ], [ -72.688475643483685, -37.820905987596809 ], [ -72.688509899157879, -37.820853081693983 ], [ -72.688545263303823, -37.820790769759583 ], [ -72.688652349211168, -37.820641830648448 ], [ -72.688793068644969, -37.820511683595072 ], [ -72.68896232392008, -37.820405043151595 ], [ -72.689153983728033, -37.820325772332716 ], [ -72.689361105236983, -37.820276742690794 ], [ -72.689576185575845, -37.820259730304045 ], [ -72.698360395784093, -37.8202310030589 ], [ -72.698453986500269, -37.820224341905735 ], [ -72.698661307332017, -37.820224657988902 ], [ -72.698730275201768, -37.820229778727018 ], [ -72.710993421141595, -37.820188535820854 ], [ -72.711038556135108, -37.820184804812058 ], [ -72.71101809415272, -37.820166395623808 ], [ -72.7108959547528, -37.820033898176462 ], [ -72.710806150180105, -37.819886019809402 ], [ -72.710751661687894, -37.8197276699958 ], [ -72.710719368960284, -37.819582990831421 ], [ -72.710681316411581, -37.819421512984889 ], [ -72.710659945739948, -37.81935748112857 ], [ -72.710598122069641, -37.819215513461792 ], [ -72.710564640595081, -37.819122826633837 ], [ -72.710496693397189, -37.818887904866031 ], [ -72.71047543838155, -37.818831589043015 ], [ -72.710390031985781, -37.818649541439257 ], [ -72.710356479715756, -37.818565713588647 ], [ -72.710302836760761, -37.818404849157545 ], [ -72.710270355397938, -37.818261249503706 ], [ -72.710260249547531, -37.818178417561775 ], [ -72.710256066103128, -37.818052024467455 ], [ -72.710264343683434, -37.8179028214876 ], [ -72.710274969179196, -37.817711135617905 ], [ -72.710275049815465, -37.817673090169258 ], [ -72.710272812382613, -37.817629377530046 ], [ -72.710264070321145, -37.817582866753895 ], [ -72.710231696321983, -37.817543474070682 ], [ -72.710228421067967, -37.817540294866141 ], [ -72.710103764879094, -37.817391227595763 ], [ -72.71008285913183, -37.817359854296683 ], [ -72.710061459572657, -37.817326039677305 ], [ -72.710034360147105, -37.817280877211346 ], [ -72.709960927056017, -37.817121182546586 ], [ -72.709926617179761, -37.816953387727118 ], [ -72.709932651869394, -37.816783467168342 ], [ -72.709978815984968, -37.816617470932847 ], [ -72.71006346559416, -37.816461309318044 ], [ -72.710183586539472, -37.816320542425672 ], [ -72.710256717738403, -37.816250188651253 ], [ -72.710289350230326, -37.81621098296749 ], [ -72.710310854031874, -37.81616720813394 ], [ -72.710350469300579, -37.816051680356566 ], [ -72.71036865378214, -37.815968306381194 ], [ -72.71038325544427, -37.815818278233095 ], [ -72.710383983838639, -37.815809737471128 ], [ -72.71040362013818, -37.81554169497349 ], [ -72.710404558253671, -37.815519168464334 ], [ -72.710406823435889, -37.815294542893497 ], [ -72.710406065034107, -37.815267392940193 ], [ -72.710400578234314, -37.815184262864058 ], [ -72.710410305747516, -37.815010490824847 ], [ -72.710442167273314, -37.814832507708736 ], [ -72.710448913122761, -37.81479929234434 ], [ -72.710463097603906, -37.814736893553579 ], [ -72.710529369151757, -37.814556157751355 ], [ -72.710641534260333, -37.814390291773584 ], [ -72.710794696064326, -37.814246536527506 ], [ -72.710982168094702, -37.814131167638052 ], [ -72.711195766190855, -37.814049221504618 ], [ -72.711426165769339, -37.81400427545617 ], [ -72.711785898021304, -37.813965088872493 ], [ -72.711786148356694, -37.813966535191078 ], [ -72.711860291967312, -37.813958359268028 ], [ -72.711860058495304, -37.813957010385884 ], [ -72.714962852397875, -37.813618965171017 ], [ -72.715010646590443, -37.813610087564847 ], [ -72.715012209084122, -37.813571165209169 ], [ -72.714372144770493, -37.805345899988964 ], [ -72.7143623762842, -37.805297192159806 ], [ -72.714349191824383, -37.805119312905262 ], [ -72.714351296090641, -37.805077924848497 ], [ -72.714320372136783, -37.804680455666194 ], [ -72.714330140326993, -37.80449472574432 ], [ -72.714387745137316, -37.804314540611678 ], [ -72.714490733510772, -37.804147572278573 ], [ -72.714634720106929, -37.804000929957645 ], [ -72.714813574059832, -37.803880857381017 ], [ -72.714841126702922, -37.803865937105442 ], [ -72.714872697134652, -37.80384248242293 ], [ -72.714910666100693, -37.803809583683687 ], [ -72.714956644387058, -37.803761543572982 ], [ -72.715040334556008, -37.80365491754069 ], [ -72.715180082771511, -37.803533437326827 ], [ -72.715345337796563, -37.803434141190202 ], [ -72.715530591214758, -37.803360338906067 ], [ -72.715703740417112, -37.803320461770831 ], [ -72.715703394299197, -37.803319300673103 ], [ -72.715809033862342, -37.803299475570242 ], [ -72.715830428092431, -37.803295110098666 ], [ -72.715837419845272, -37.803293567753272 ], [ -72.715888855109966, -37.80327764325677 ], [ -72.715915502849271, -37.803246311194798 ], [ -72.715933125418175, -37.803212886109606 ], [ -72.715933623152353, -37.803173149177788 ], [ -72.715924517931114, -37.803134128349519 ], [ -72.715915127980153, -37.803122475086631 ], [ -72.715867550599398, -37.803057628696685 ], [ -72.715832852876588, -37.803005453518352 ], [ -72.715802058370784, -37.802989838892067 ], [ -72.715624673511257, -37.80292170052828 ], [ -72.71546033888464, -37.802826576480307 ], [ -72.715320034921774, -37.802709711809612 ], [ -72.715249982784485, -37.802625191587317 ], [ -72.715249267090627, -37.802625575412598 ], [ -72.715205414082135, -37.802574095939804 ], [ -72.715103316539427, -37.802426000256979 ], [ -72.715037831574435, -37.802265391698057 ], [ -72.715032812655949, -37.802247504529589 ], [ -72.715022002198211, -37.802222337081183 ], [ -72.715002393713249, -37.80218702935597 ], [ -72.71495646582872, -37.802132391516807 ], [ -72.714893289795867, -37.802067205515534 ], [ -72.714854375657481, -37.802016812608969 ], [ -72.714753032560253, -37.801963394421016 ], [ -72.714754734167087, -37.801961362007511 ], [ -72.714665771173443, -37.801916051326756 ], [ -72.71451248343476, -37.801801236457685 ], [ -72.714388588048223, -37.801665915974532 ], [ -72.714298355744617, -37.801514754630162 ], [ -72.714244896765365, -37.801352963209908 ], [ -72.714231642815321, -37.801289191639377 ], [ -72.714216047368126, -37.801244235886294 ], [ -72.714188966235199, -37.801202854562554 ], [ -72.714143512916124, -37.801148297061197 ], [ -72.714041590278583, -37.800996046759032 ], [ -72.71397808500214, -37.800831178963911 ], [ -72.713955322474035, -37.800659731363645 ], [ -72.713974136000559, -37.800487982564817 ], [ -72.714033836331481, -37.800322222161569 ], [ -72.714132236941467, -37.800168520408072 ], [ -72.714184621310309, -37.80010307513831 ], [ -72.714242233198874, -37.800011191016182 ], [ -72.714354726261334, -37.799867449664923 ], [ -72.714499108419162, -37.799742934363259 ], [ -72.714670286399183, -37.79964203743841 ], [ -72.714710853443663, -37.79962252928329 ], [ -72.714822982152114, -37.799575199222438 ], [ -72.715001054217709, -37.799509895627544 ], [ -72.715038056390568, -37.799494999999105 ], [ -72.715227139328704, -37.799411850458199 ], [ -72.715471327669903, -37.799332305642842 ], [ -72.715732065223449, -37.799299653992563 ], [ -72.71578339300585, -37.799298023307855 ], [ -72.715838545001475, -37.79929733515938 ], [ -72.715964019341143, -37.799298188429006 ], [ -72.716011959689453, -37.799295226679362 ], [ -72.716030704396516, -37.799288534727836 ], [ -72.716227880816277, -37.799234797001411 ], [ -72.716434116258071, -37.799210574029566 ], [ -72.716642456603338, -37.799216682602257 ], [ -72.716845876761511, -37.799252916750788 ], [ -72.717037517526009, -37.799318054691049 ], [ -72.717210916840301, -37.799409900016123 ], [ -72.717274754423286, -37.799450907664095 ], [ -72.717316083783729, -37.799472952100714 ], [ -72.717361667861041, -37.79948886214882 ], [ -72.717412820664762, -37.799502569128109 ], [ -72.717478990877098, -37.799513436086471 ], [ -72.717546511864668, -37.799511340733787 ], [ -72.717702045677825, -37.799491338308641 ], [ -72.71772149724697, -37.799488085834639 ], [ -72.717955661412617, -37.79946872598245 ], [ -72.71818982316988, -37.799488104350822 ], [ -72.718413913612608, -37.799545387685683 ], [ -72.718618296848334, -37.799638112822151 ], [ -72.718794184305466, -37.799762292588163 ], [ -72.718934012624203, -37.799912587236072 ], [ -72.719031768885969, -37.800082534034601 ], [ -72.719083249197269, -37.800264825151991 ], [ -72.719095254441001, -37.80034617131205 ], [ -72.719115681564787, -37.800392336264139 ], [ -72.719201934666827, -37.800534673043906 ], [ -72.71927522611773, -37.800715090833279 ], [ -72.719278764552143, -37.800714293072936 ], [ -72.719325841487034, -37.800845757843334 ], [ -72.719344786720654, -37.800883587354662 ], [ -72.719370012647971, -37.800922367852586 ], [ -72.719401489207087, -37.800953703179715 ], [ -72.719438191995124, -37.800978457072837 ], [ -72.719486087011219, -37.800991217138851 ], [ -72.719534117276183, -37.800996513195194 ], [ -72.719584965548037, -37.80099476308331 ], [ -72.719622125794942, -37.800990786234891 ], [ -72.719684351088603, -37.800985507788411 ], [ -72.719763854627388, -37.800980517534981 ], [ -72.720004579603696, -37.800985735111567 ], [ -72.720238503074029, -37.801031119971078 ], [ -72.720368428674362, -37.801068291871616 ], [ -72.720367330055652, -37.801070709486211 ], [ -72.72056200210875, -37.801131951573915 ], [ -72.720566976941853, -37.801134099582789 ], [ -72.720612526426166, -37.801151722450221 ], [ -72.720638451526924, -37.801160638857667 ], [ -72.720701917160156, -37.801175663126017 ], [ -72.720768058340497, -37.801178384714142 ], [ -72.720970304563494, -37.801167575816791 ], [ -72.720970319226851, -37.801167748552999 ], [ -72.72115298337161, -37.801158054453424 ], [ -72.721396491267711, -37.801187368867929 ], [ -72.72162630284879, -37.80125766005726 ], [ -72.721831603784096, -37.801365620330692 ], [ -72.721857315638744, -37.801382594612384 ], [ -72.721880088125872, -37.801391867822069 ], [ -72.722147414391515, -37.801543052407652 ], [ -72.722156013613613, -37.801549593702639 ], [ -72.722222488801634, -37.801604628099909 ], [ -72.722247666926691, -37.801627321558882 ], [ -72.722292278073795, -37.801659685852563 ], [ -72.722344611715869, -37.801683688119716 ], [ -72.722360326581196, -37.801689194105691 ], [ -72.722411590199528, -37.801702648121157 ], [ -72.722465152710399, -37.801708060339699 ], [ -72.722494000429677, -37.801708753645151 ], [ -72.722607751695165, -37.801716040316023 ], [ -72.722631222991566, -37.801718490933432 ], [ -72.722696305392034, -37.801721880881793 ], [ -72.722840967726597, -37.801705847943516 ], [ -72.722930434631053, -37.801678222535799 ], [ -72.723001922662803, -37.801649806828337 ], [ -72.723051382983556, -37.801624678897426 ], [ -72.723105687205972, -37.801582076860399 ], [ -72.723127061787523, -37.801560817399931 ], [ -72.723285805329354, -37.801452024562657 ], [ -72.723423623055893, -37.801388334090433 ], [ -72.723422859375901, -37.801387247125014 ], [ -72.723530590963378, -37.801339593627766 ], [ -72.723571766541411, -37.801317333950344 ], [ -72.723600498964771, -37.801285036026307 ], [ -72.723660537231638, -37.801202816909665 ], [ -72.723666701522845, -37.801194478693795 ], [ -72.723735508197663, -37.801102540071021 ], [ -72.723745578883921, -37.801088517367965 ], [ -72.723814252318235, -37.800988781555418 ], [ -72.723945423499643, -37.800837360137933 ], [ -72.724112585393186, -37.800710205546793 ], [ -72.724308784167846, -37.800612607221197 ], [ -72.724525858205681, -37.800548625090755 ], [ -72.724754777594626, -37.80052092070347 ], [ -72.724872999955139, -37.800516301679515 ], [ -72.725043468497844, -37.800495760830302 ], [ -72.725043572683944, -37.800496305206018 ], [ -72.725227314700902, -37.800475212549678 ], [ -72.725242806840683, -37.800474780419542 ], [ -72.725335294196483, -37.800466125251496 ], [ -72.72540569846754, -37.800454821064683 ], [ -72.725456123473904, -37.800442722803894 ], [ -72.725502811508491, -37.800423361615415 ], [ -72.725661770537116, -37.80034152258407 ], [ -72.725906867439832, -37.800246351289822 ], [ -72.725946158048558, -37.800235510612836 ], [ -72.72600206294139, -37.800217385308272 ], [ -72.726217804519578, -37.800136552170621 ], [ -72.72635653967329, -37.800097795752684 ], [ -72.726355624600615, -37.800095736576097 ], [ -72.726400845172464, -37.800083084289362 ], [ -72.726425962337871, -37.800078402076977 ], [ -72.726437269561544, -37.800075243325132 ], [ -72.726467862689645, -37.800069409019429 ], [ -72.726468201634873, -37.800070528031625 ], [ -72.726639669831187, -37.800038563585659 ], [ -72.726884971899423, -37.80003578984396 ], [ -72.727125298423104, -37.80007489258125 ], [ -72.727165733832379, -37.800085187913467 ], [ -72.727220031143688, -37.800090177001195 ], [ -72.727452404180895, -37.80009343675362 ], [ -72.727503614444018, -37.800090429638963 ], [ -72.727553278739535, -37.800080074483397 ], [ -72.727739861119247, -37.800026282392224 ], [ -72.727786950884052, -37.800008628219864 ], [ -72.727829121125041, -37.799984376591624 ], [ -72.728093456862055, -37.799800400950659 ], [ -72.728255196755953, -37.799706499843708 ], [ -72.728435224317678, -37.799636627068061 ], [ -72.728627930209129, -37.799592959726155 ], [ -72.728827310098339, -37.799576858409331 ], [ -72.729027151724324, -37.799588824808275 ], [ -72.729093300015222, -37.799597494306781 ], [ -72.729119167998476, -37.799599199787146 ], [ -72.729184014174336, -37.799597467912008 ], [ -72.729246602589612, -37.799583897708068 ], [ -72.729599222295292, -37.799471076621856 ], [ -72.729642578391292, -37.799453607311719 ], [ -72.729718670742642, -37.79940836898048 ], [ -72.729883661306175, -37.799330488452206 ], [ -72.729903797877299, -37.799318804707504 ], [ -72.729910130054591, -37.799313283186414 ], [ -72.730086037258488, -37.799188750643765 ], [ -72.73029056353802, -37.799095728257512 ], [ -72.730514891009733, -37.799038226538613 ], [ -72.730853797122037, -37.798981343064312 ], [ -72.730884124910972, -37.798975557495758 ], [ -72.731019058104096, -37.798946682395567 ], [ -72.731215931105453, -37.798919020351448 ], [ -72.731415866661536, -37.798919190324646 ], [ -72.731612664545253, -37.798947187051262 ], [ -72.731701335888857, -37.798973168272035 ], [ -72.731748388158366, -37.79898291127067 ], [ -72.731799874767944, -37.798978068133685 ], [ -72.734960309018732, -37.798440067961657 ], [ -72.734970582426968, -37.798438358349841 ], [ -72.736319655450458, -37.798219010153012 ], [ -72.736334829738809, -37.798216370663972 ], [ -72.738053950961728, -37.7978977004759 ], [ -72.738105951634424, -37.797883429390097 ] ] ] ] } }
]
}
